MATURITY,OFFERING_AMT,OFFERING_DATE,COMPLETE_CUSIP,AMOUNT_OUTSTANDING,COUPON
2031-07-16,1800000,1999-07-09,345370CA6,1069689,7.45
2033-07-15,1000000,1993-11-24,88731EAJ9,1000000,8.375
2030-06-15,3500000,2000-06-28,25156PAC7,3500000,8.75
2030-09-15,1250000,2000-09-14,879385AD4,1250000,8.25
2030-12-15,2800000,2000-12-05,111021AE1,2670000,9.625
2031-01-18,1500000,2001-01-11,233835AQ0,1500000,8.5
2032-01-15,1100000,2002-01-08,28368EAE6,1005204,7.75
2032-03-15,5000000,2002-03-13,36962GXZ2,1323866,6.75
2032-04-01,1000000,2002-03-27,617446HD4,984550,7.25
2032-06-15,1000000,2002-05-30,172967BL4,1000000,6.625
2032-03-15,1998000,2002-05-06,852060AT9,1998000,8.75
2032-11-15,1000000,2002-11-04,904764AH0,1000000,5.9
2033-02-15,2000000,2003-02-06,38141GCU6,1037316,6.125
2033-03-15,750000,2003-03-12,20030NAC5,750000,7.05
2033-12-15,750000,2003-12-03,013716AU9,750000,6.125
2034-02-01,750000,2003-12-11,983024AG5,750000,6.5
2034-02-15,2750000,2004-02-06,38143VAA7,1130000,6.345
2034-06-15,400000,2004-05-26,59156RAJ7,750000,6.375
2035-06-15,750000,2005-06-06,20030NAF8,750000,5.65
2035-06-15,1000000,2005-06-20,59156RAM0,1000000,5.7
2035-08-01,800000,2005-07-27,929903AM4,800000,5.5
2035-09-01,2500000,2005-08-24,931142CB7,1332756,5.25
2036-03-15,850000,2006-02-27,91324PAR3,850000,5.8
2036-05-02,900000,2006-04-26,404280AG4,1221457,6.5
2036-06-15,800000,2006-06-06,00817YAF5,770902,6.625
2036-06-20,2000000,2006-06-09,87938WAC7,2000000,7.045
2036-04-01,1696990,2006-09-11,59562VAM9,1666939,6.125
2036-10-15,1250000,2006-10-26,06050TJZ6,1250000,6
2036-12-14,750000,2006-12-11,74432QAQ8,750000,5.7
2036-12-16,3000000,2006-12-14,437076AS1,3000000,5.875
2037-01-29,2000000,2007-01-22,59022CAJ2,2000000,6.11
2037-02-01,1500000,2007-01-24,92976GAG6,982598,5.85
2037-02-27,1200000,2007-02-20,92857WAQ3,1260000,6.15
2038-03-15,1100000,2007-03-12,136385AL5,1100000,6.25
2037-04-01,2000000,2007-03-22,983024AN0,2000000,5.95
2037-05-11,800000,2007-05-08,171232AQ4,800000,6
2037-06-15,800000,2007-05-23,89417EAD1,800000,6.25
2037-06-15,1500000,2007-06-05,91913YAL4,1500000,6.625
2038-01-15,550000,2007-06-18,494550AW6,1175000,6.95
2037-08-15,1000000,2007-08-13,478160AN4,1000000,5.95
2037-08-15,2250000,2007-08-17,931142CK7,1037829,6.5
2037-09-15,750000,2007-09-05,404280AH2,1514640,6.5
2037-09-15,2750000,2007-09-05,046353AD0,2750000,6.45
2037-10-01,2500000,2007-09-26,38141GFD1,5545000,6.75
2037-10-15,1000000,2007-10-02,89352HAD1,1000000,6.2
2037-10-15,850000,2007-10-15,58013MEC4,850000,6.3
2037-05-01,1500000,2007-09-25,88732JAJ7,1500000,6.55
2038-01-15,2500000,2007-11-30,92976GAJ0,1413633,6.6
2038-01-14,4000000,2008-01-08,36962G3P7,853448,5.875
2038-01-15,1500000,2008-01-10,911312AJ5,1500000,6.2
2038-02-15,1100000,2008-02-04,91324PBK7,1100000,6.875
2038-03-01,1000000,2008-02-26,316773CH1,1000000,8.25
2038-03-01,750000,2008-02-26,58013MEF7,750000,6.3
2038-04-15,1250000,2008-04-02,68389XAE5,1250000,6.5
2038-04-15,1500000,2008-04-08,931142CM3,803185,6.2
2038-05-15,2750000,2008-05-06,377372AE7,2750000,6.375
2038-05-14,1750000,2008-05-07,59023VAA8,1750000,7.75
2038-05-16,1500000,2008-05-13,718172AC3,1500000,6.375
2038-05-15,2500000,2008-05-16,46625HHF0,2500000,6.4
2038-06-01,1500000,2008-05-19,404280AJ8,818461,6.8
2039-06-01,750000,2008-06-03,86722TAB8,750000,6.85
2038-06-15,1000000,2008-06-11,341099CL1,1000000,6.4
2038-07-01,1500000,2008-06-16,88732JAN8,1500000,7.3
2037-10-15,750000,2008-05-12,03040WAD7,750000,6.593
2038-09-15,800000,2008-09-09,406216AW1,800000,6.7
2039-01-15,1250000,2009-01-06,8935268Z9,1250000,7.625
2039-02-01,2250000,2009-01-29,20825CAQ7,1587744,6.5
2039-02-15,2000000,2009-02-09,17275RAD4,2000000,5.9
2039-09-15,1000000,2009-03-10,406216AY7,1000000,7.45
2039-03-15,2500000,2009-03-17,717081CY7,2500000,7.2
2039-06-15,1500000,2009-06-24,88732JAU2,1500000,6.75
2039-07-08,1250000,2009-06-30,68389XAH8,1250000,6.125
2039-07-15,2500000,2009-07-20,172967EW7,1936000,8.125
2039-10-01,900000,2009-09-16,30161MAG8,900000,6.25
2039-10-15,750000,2009-10-05,816851AP4,750000,6
2040-01-15,2000000,2009-11-09,17275RAF9,2000000,5.5
2040-02-15,750000,2009-11-16,26442CAH7,750000,5.3
2040-01-15,750000,2009-12-09,42809HAC1,750000,6
2039-10-15,834000,2009-11-23,06849UAD7,834000,5.95
2040-01-15,750000,2010-01-06,084664BL4,750000,5.75
2031-11-01,1995021,2010-01-04,36186CBY8,1995021,8
2040-05-01,750000,2010-05-12,12189LAA9,750000,5.75
2040-06-01,750000,2010-05-26,893526DJ9,750000,6.1
2040-04-15,1250000,2010-06-01,96950FAF1,1250000,6.3
2041-02-06,750000,2010-08-03,59156RAY4,750000,5.875
2041-02-15,1250000,2010-08-05,42809HAD9,1250000,5.6
2040-08-17,750000,2010-08-10,85771PAC6,750000,5.1
2040-09-15,1500000,2010-08-19,057224AZ0,1145657,5.125
2040-10-15,1250000,2010-10-14,46625HHV5,1250000,5.5
2040-11-01,750000,2010-10-27,89417EAH2,750000,5.35
2040-11-02,500000,2010-10-28,767201AL0,1150000,5.2
2040-11-15,1200000,2010-11-09,88732JAY4,1200000,5.875
2041-02-01,750000,2011-01-04,29379VAT0,750000,5.95
2039-01-15,1249274,2011-02-09,03523TBF4,1249274,8.2
2041-02-01,2500000,2011-01-21,38141GGM0,2500000,6.25
2041-04-01,1000000,2011-03-28,437076AV4,1000000,5.95
2041-05-24,1500000,2011-05-17,21685WCJ4,1500000,5.25
2041-05-27,1250000,2011-05-24,149123BS9,758680,5.2
2111-07-01,750000,2011-05-01,575718AA9,750000,5.6
2041-07-15,1250000,2011-07-05,25179MAL7,1250000,5.6
2041-07-15,1750000,2011-07-14,46625HJB7,1750000,5.6
2041-09-01,1250000,2011-09-07,88732JBB3,1250000,5.5
2041-09-15,1200000,2011-09-13,428236BR3,1200000,6
2041-10-01,1500000,2011-09-14,458140AK6,801995,4.8
2041-05-30,850000,2011-08-03,06849RAG7,850000,5.7
2041-11-15,750000,2011-11-08,718172AM1,750000,4.375
2041-03-01,1249545,2011-10-07,56585AAF9,1249545,6.5
2042-01-14,750000,2011-11-14,404280AM1,750000,6.1
2041-12-01,1000000,2011-12-06,375558AS2,1000000,5.65
2040-07-15,2240435,2011-10-27,68389XAM7,2240435,5.375
2042-01-06,1250000,2011-12-15,48126BAA1,1250000,5.4
2042-02-01,1000000,2012-01-09,29273RAR0,1000000,6.5
2042-01-13,900000,2012-01-09,35177PAX5,900000,5.375
2042-01-30,1000000,2012-01-19,172967FX4,960000,5.875
2042-02-07,1500000,2012-02-02,06051GEN5,1500000,5.875
2042-08-15,750000,2012-02-08,29379VAW3,750000,4.85
2042-02-24,1000000,2012-02-21,055451AR9,1000000,4.125
2042-03-15,750000,2012-02-29,373334JW2,1100000,4.3
2042-05-01,1100000,2012-04-26,60871RAD2,1100000,5
2042-05-15,900000,2012-05-02,94973VAY3,900000,4.625
2042-05-15,750000,2012-05-07,25179MAN3,750000,4.75
2042-06-01,3500000,2012-05-24,913017BT5,3500000,4.5
2042-06-09,1250000,2012-06-05,244199BF1,1250000,3.9
2042-07-01,1500000,2012-06-21,87612EBA3,1108330,4
2042-06-20,1107313,2012-06-20,459200HF1,1107313,4
2042-07-15,750000,2012-07-19,278642AF0,750000,4
2042-08-09,900000,2012-08-06,02209SAM5,900000,4.25
2043-02-15,1100000,2012-08-06,29379VAY9,1100000,4.45
2042-08-21,750000,2012-08-14,718172AU3,750000,3.875
2042-08-21,750000,2012-08-16,76720AAG1,750000,4.125
2043-01-15,1000000,2012-09-05,94973VBB2,1000000,4.65
2042-09-18,1000000,2012-09-11,046353AG3,1000000,4
2042-11-15,1250000,2012-11-06,260543CG6,1250000,4.375
2042-08-15,1717431,2012-11-06,149123CB5,1717431,3.803
2032-12-15,750000,2012-12-04,458140AN0,750000,4
2042-05-01,1498000,2012-11-15,718546AH7,1498000,5.875
2033-01-15,1700000,2013-01-08,20030NBH3,1700000,4.25
2039-01-26,877860,2012-12-07,50076QAR7,810759,6.875
2042-06-04,1973700,2012-12-07,50076QAE6,1530618,5
2043-02-11,1000000,2013-01-29,084670BK3,1000000,4.5
2042-06-15,788203,2013-01-08,30161MAN3,788203,5.6
2043-03-15,750000,2013-02-25,91324PCD2,750000,4.25
2043-03-04,850000,2013-02-26,718172AW9,850000,4.125
2043-03-15,800000,2013-03-05,12189LAN1,800000,4.45
2044-02-15,750000,2013-04-09,65473QBC6,750000,4.8
2043-05-04,3000000,2013-04-30,037833AL4,3000000,3.85
2043-05-15,850000,2013-05-08,85771PAL6,850000,3.95
2043-05-18,1250000,2013-05-15,58933YAJ4,1250000,4.15
2043-06-15,750000,2013-05-28,717081DE0,750000,4.3
2042-12-15,1327196,2013-04-29,539830BB4,1327196,4.07
2045-06-15,3043810,2013-05-14,00206RBK7,1115280,4.35
2042-12-15,1955149,2013-05-14,00206RBH4,1296794,4.3
2043-07-15,750000,2013-07-11,50247VAB5,750000,5.25
2043-08-01,900000,2013-07-29,406216BE0,900000,4.75
2042-11-06,2598900,2013-07-08,00287YAM1,2598900,4.4
2043-08-16,750000,2013-08-14,46625HJM3,1250000,5.625
2044-02-15,1000000,2013-09-03,437076BD3,1000000,4.875
2043-09-15,750000,2013-09-04,12572QAF2,750000,5.3
2043-09-13,1000000,2013-09-10,172967HA2,1000000,6.675
2043-09-15,15000000,2013-09-11,92343VBT0,803356,6.55
2043-09-30,2500000,2013-09-25,055451AV0,2500000,5
2043-10-01,800000,2013-09-25,842400FZ1,800000,4.65
2043-05-01,849327,2013-08-06,06849RAK8,849327,5.75
2044-01-31,1800000,2013-10-28,02209SAR4,1800000,5.375
2043-02-01,1150000,2013-09-25,98978VAH6,1150000,4.7
2042-07-24,2000000,2012-07-19,617482V92,2000000,6.375
2043-11-15,750000,2013-11-04,718172BD0,750000,4.875
2043-11-08,750000,2013-11-05,85771PAQ5,750000,4.8
2043-11-13,1000000,2013-11-07,59156RBG2,1000000,4.875
2042-11-02,999800,2013-10-10,278062AE4,999800,4.15
2043-12-05,750000,2013-12-02,126650CD0,750000,5.3
2033-12-05,650000,2013-12-02,478160BJ2,850000,4.375
2043-12-01,1250000,2013-11-25,21684AAB2,1250000,5.75
2042-09-15,1250000,2012-08-07,88732JBD9,1250000,4.5
2042-08-13,750000,2012-08-08,59156RBD9,750000,4.125
2042-12-03,1049800,2013-01-28,025816BF5,1049800,4.05
2043-03-15,1999800,2013-09-09,35671DBC8,1866300,5.45
2044-02-06,850000,2014-01-30,685218AB5,850000,5.5
2045-02-15,1150000,2014-02-05,29379VBC6,1150000,5.1
2044-01-15,2399634,2014-01-06,949746RF0,2399634,5.606
2044-05-06,1850000,2014-02-18,66989HAH1,1850000,4.4
2044-03-01,750000,2014-02-19,494550BU9,750000,5.5
2044-03-15,1000000,2014-02-25,50247VAC3,1000000,4.875
2034-03-01,1250000,2014-02-25,89352HAM1,1250000,4.625
2044-03-15,750000,2014-03-03,775109BB6,751675,5
2044-03-15,850000,2014-03-03,209111FD0,850000,4.45
2044-04-01,1000000,2014-03-04,12189LAS0,1000000,4.9
2044-04-01,1750000,2014-03-04,375558AX1,1750000,4.8
2044-03-14,1500000,2014-03-05,404280AQ2,1500000,5.25
2034-03-15,750000,2014-03-06,12527GAF0,750000,5.15
2044-03-15,750000,2014-03-06,12527GAE3,750000,5.375
2044-05-06,1000000,2014-04-29,172967HS3,880000,5.3
2044-05-06,1000000,2014-04-29,037833AT7,1000000,4.45
2044-03-15,800000,2012-10-17,126408GY3,800000,4.1
2044-05-15,500000,2014-05-12,717081DK6,1000000,4.4
2045-03-15,1000000,2014-06-09,437076BF8,1000000,4.4
2044-07-01,750000,2014-06-16,26884ABB8,750000,4.5
2034-07-08,1750000,2014-06-30,68389XAV7,1750000,4.3
2044-07-08,1000000,2014-06-30,68389XAW5,1000000,4.5
2043-10-02,1499952,2014-06-19,37045VAF7,1499952,6.25
2043-11-15,750000,2014-03-27,59562VBD8,750000,5.15
2034-08-15,1000000,2014-08-05,20030NBM2,1000000,4.2
2044-08-15,800000,2014-08-07,94973VBK2,800000,4.65
2044-09-01,800000,2014-08-11,12189LAU5,800000,4.55
2044-09-15,800000,2014-09-02,56585AAH5,800000,4.75
2044-10-01,750000,2014-09-16,444859BE1,750000,4.95
2043-01-15,2000000,2013-01-03,345370CQ1,2000000,4.75
2044-10-15,500000,2014-10-06,049560AM7,750000,4.125
2044-11-10,750000,2014-11-03,718172BL2,1250000,4.25
2035-04-01,750000,2014-11-04,37045VAH3,750000,5
2045-04-01,1250000,2014-11-04,37045VAJ9,1250000,5.2
2044-11-15,750000,2014-11-06,20826FAC0,750000,4.3
2034-11-15,1000000,2014-11-12,718546AK0,1000000,4.65
2044-11-15,1500000,2014-11-12,718546AL8,1700000,4.875
2045-05-15,800000,2014-11-12,86765BAQ2,800000,5.35
2045-02-01,1750000,2014-11-12,375558BA0,1750000,4.5
2054-12-01,750000,2014-11-19,209111FF5,750000,4.625
2034-12-01,750000,2014-11-24,49456BAG6,750000,5.3
2045-06-01,1750000,2014-11-24,49456BAH4,1750000,5.55
2034-12-05,1250000,2014-12-02,023135AP1,1250000,4.8
2044-12-05,1500000,2014-12-02,023135AQ9,1500000,4.95
2034-11-01,2500000,2014-10-22,92343VCQ5,1888445,4.4
2045-02-01,900000,2015-01-21,50540RAS1,900000,4.7
2044-03-15,1000000,2013-03-11,29379VBA0,1400000,4.85
2045-02-09,2000000,2015-02-02,037833BA7,2000000,3.45
2045-02-01,750000,2014-12-23,084659AF8,750000,4.5
2045-02-10,2000000,2015-02-05,58933YAT2,2000000,3.7
2035-02-12,1500000,2015-02-09,594918BC7,1500000,3.5
2045-03-01,1000000,2015-02-12,539830BD0,1000000,3.8
2046-02-15,800000,2015-02-23,49456BAJ0,800000,5.05
2055-02-26,1000000,2015-02-26,552081AM3,1000000,4.625
2045-03-01,1000000,2015-03-02,59156RBN7,1000000,4.05
2045-09-15,1000000,2015-02-26,96949LAC9,1000000,5.1
2045-03-06,1000000,2015-03-03,30231GAN2,1000000,3.567
2045-04-01,1000000,2015-03-04,12189LAW1,1000000,4.15
2043-04-01,1000000,2013-04-02,437076BA9,1000000,4.2
2045-03-15,1000000,2015-03-05,29273RBF5,1000000,5.15
2046-08-21,4500038,2015-02-11,92343VCK8,2359957,4.862
2054-08-21,5500001,2015-02-11,92343VCM4,793981,5.012
2035-05-15,2500000,2015-04-23,00206RCP5,2500000,4.5
2046-05-15,3500000,2015-04-23,00206RCQ3,1871798,4.75
2045-05-01,1250000,2015-04-28,031162BZ2,2250000,4.4
2045-05-15,2000000,2015-04-28,68389XBF1,2000000,4.125
2055-05-15,1250000,2015-04-28,68389XBG9,1250000,4.375
2035-05-15,1250000,2015-04-28,68389XBE4,1250000,3.9
2045-05-15,850000,2015-04-29,913017CA5,850000,4.15
2046-05-15,875000,2015-05-04,29379VBJ1,975000,4.9
2035-05-14,2500000,2015-05-05,00287YAR0,2500000,4.5
2045-05-14,2700000,2015-05-05,00287YAS8,2700000,4.7
2045-05-13,2000000,2015-05-06,037833BH2,2000000,4.375
2035-05-20,1000000,2015-05-13,747525AJ2,1000000,4.65
2045-05-20,1500000,2015-05-13,747525AK9,1500000,4.8
2035-08-15,800000,2015-05-19,20030NBP5,800000,4.4
2045-08-15,1700000,2015-05-19,20030NBQ3,762234,4.6
2046-04-01,1250000,2015-05-28,437076BH4,1600000,4.25
2043-06-01,750000,2013-05-20,12527GAD5,750000,4.95
2035-08-15,750000,2015-06-09,761713BA3,750000,5.7
2045-08-15,2250000,2015-06-09,761713BB1,2250000,5.85
2045-06-15,750000,2015-06-11,25179MAU7,750000,5
2045-12-15,1000000,2015-06-18,29273RBJ7,1000000,6.125
2043-06-01,950000,2013-05-28,666807BH4,950000,4.75
2045-07-20,3500000,2015-07-13,126650CN8,3500000,5.125
2035-07-15,1000000,2015-07-20,91324PCQ3,1000000,4.625
2045-07-15,2000000,2015-07-20,91324PCR1,2000000,4.75
2045-07-29,2000000,2015-07-22,458140AT7,773242,4.9
2045-07-30,1250000,2015-07-23,172967JU6,1000000,4.65
2036-01-15,2867154,2015-07-24,92343VCV4,1289884,4.272
2048-09-15,5000000,2015-07-24,92343VCX0,1246661,4.522
2045-08-04,1250000,2015-07-28,21684AAD8,1250000,5.25
2035-03-15,2500000,2015-08-04,585055BT2,1931616,4.375
2045-03-15,4000000,2015-08-04,585055BU9,1813341,4.625
2045-08-17,1500000,2015-08-10,06738EAJ4,1500000,5.25
2115-09-15,900000,2015-09-08,13645RAX2,900000,6.125
2035-09-01,1000000,2015-09-09,375558BG7,1000000,4.6
2046-03-01,2250000,2015-09-09,375558BD4,2250000,4.75
2045-09-15,1750000,2015-09-10,09062XAD5,1116523,5.2
2046-04-14,750000,2015-10-08,713448DD7,967687,4.45
2045-10-21,1750000,2015-10-16,38141GVS0,1750000,4.75
2045-11-01,1000000,2015-10-26,654106AE3,1000000,3.875
2045-11-03,1500000,2015-10-27,00440EAW7,1500000,4.35
2045-11-03,3000000,2015-10-29,594918BL7,996437,4.45
2035-11-15,1000000,2015-11-05,406216BJ9,1000000,4.85
2045-11-15,2000000,2015-11-05,406216BK6,2000000,5
2046-05-13,750000,2015-11-09,59156RBR8,750000,4.6
2045-11-16,1000000,2015-11-10,046353AM0,1000000,4.375
2045-11-20,1250000,2015-11-17,66989HAK4,1250000,4
2046-05-15,2000000,2015-11-16,539830BL2,1326432,4.7
2035-12-14,1500000,2015-12-09,92826CAE2,1500000,4.15
2045-12-14,3500000,2015-12-09,92826CAF9,3500000,4.3
2043-11-02,2000000,2013-10-21,94974BFP0,1868800,5.375
2046-02-01,11000000,2016-01-13,035242AN6,1457486,4.9
2047-02-15,1500000,2016-01-29,00206RCU4,806157,5.65
2036-02-23,1250000,2016-02-16,037833BW9,1250000,4.5
2046-02-23,2500000,2016-02-16,037833BX7,4000000,4.65
2036-04-01,1250000,2016-02-18,37045VAK6,1250000,6.6
2046-04-01,750000,2016-02-18,37045VAL4,750000,6.75
2046-03-01,2000000,2016-02-26,478160BV5,2000000,3.7
2036-03-01,1000000,2016-02-26,478160BU7,1000000,3.55
2046-03-01,2500000,2016-02-29,30231GAW2,2500000,4.114
2046-03-04,750000,2016-03-01,56501RAD8,750000,5.375
2046-03-15,1000000,2016-03-03,863667AJ0,1000000,4.625
2046-04-15,1350000,2016-04-11,548661DN4,1350000,3.7
2044-01-21,2000000,2014-01-15,06051GFC8,2000000,5
2046-08-01,750000,2016-05-09,12189LAZ4,750000,3.9
2036-05-14,1000000,2016-05-09,00287YAV1,1000000,4.3
2046-05-14,2000000,2016-05-09,00287YAW9,2000000,4.45
2046-05-18,1000000,2016-05-11,172967KR1,2000000,4.75
2046-05-19,1250000,2016-05-12,458140AV2,1250000,4.1
2044-02-01,1000000,2014-01-21,46625HJU5,1000000,4.85
2046-07-01,2000000,2016-05-19,842587CX3,2000000,4.4
2046-07-15,1800000,2016-06-28,60871RAH3,1800000,4.2
2036-07-15,1250000,2016-06-29,68389XBH7,1250000,3.85
2046-07-15,3000000,2016-06-29,68389XBJ3,3000000,4
2046-07-15,300000,2016-07-07,754730AF6,800000,4.95
2036-07-15,1000000,2016-07-12,20030NBT7,1000000,3.2
2046-07-15,1400000,2016-07-12,20030NBU4,1400000,3.4
2035-11-15,11406510,2016-06-20,36164QNA2,6905219,4.418
2046-06-01,2984976,2016-07-19,50077LAB2,1406740,4.375
2046-08-15,1500000,2016-07-27,92343VDC5,926858,4.125
2046-08-04,2000000,2016-07-28,037833CD0,2000000,3.85
2036-08-08,2250000,2016-08-01,594918BS2,1749327,3.45
2046-08-08,4500000,2016-08-01,594918BT0,1747280,3.7
2046-09-01,1500000,2016-08-09,26441CAT2,1500000,3.75
2045-07-15,1999670,2016-07-19,50077LAM8,1810366,5.2
2056-09-15,1000000,2016-09-06,437076BP6,1000000,3.5
2046-09-16,1500000,2016-09-13,02209SAV5,1500000,3.875
2036-09-01,750000,2016-09-15,375558BJ1,750000,4
2047-03-01,1750000,2016-09-15,375558BK8,1750000,4.15
2046-10-06,1500000,2016-10-03,713448DP0,878317,3.45
2046-11-01,800000,2016-10-13,126408HF3,800000,3.8
2046-11-01,1100000,2016-10-27,913017CJ6,1100000,3.75
2044-10-15,500000,2014-05-06,277432AP5,900000,4.65
2045-12-01,824033,2016-11-04,539439AN9,824033,5.3
2036-12-15,1000000,2016-11-14,717081EC3,1000000,4
2046-12-15,1250000,2016-11-14,717081ED1,1250000,4.125
2048-03-09,4497895,2016-11-16,00206RDJ8,1732691,4.5
2049-03-09,2494478,2016-11-16,00206RDK5,930104,4.55
2036-11-30,1650000,2016-11-17,002824BG4,1650000,4.75
2046-11-30,3250000,2016-11-17,002824BH2,3250000,4.9
2051-10-01,1044261,2016-11-21,907818EM6,1044261,3.799
2046-12-01,750000,2016-11-21,29250NAM7,750000,5.5
2035-10-15,748085,2016-11-23,42824CAX7,748085,6.2
2045-10-15,1492420,2016-11-23,42824CAY5,1492420,6.35
2044-05-15,500000,2014-05-12,74432QCA1,750000,4.6
2046-12-08,1300000,2016-12-05,345370CS7,1300000,5.291
2042-01-15,1490330,2016-12-08,035240AG5,1490330,4.95
2048-06-15,1415205,2016-12-09,031162CD0,1415205,4.563
2051-06-15,3541381,2016-12-09,031162CF5,3541381,4.663
2035-10-23,2000000,2016-11-02,161175AZ7,2000000,6.384
2045-10-23,3499875,2016-11-02,161175BA1,3499875,6.484
2047-01-15,750000,2016-12-15,91324PCX8,750000,4.2
2044-06-01,500000,2014-05-28,25468PDB9,1000000,4.125
2047-01-10,1500000,2017-01-03,06738EAV7,1500000,4.95
2046-06-15,999998,2017-01-03,62854AAP9,999998,5.25
2047-04-15,900000,2017-01-11,29273RBL2,900000,5.3
2047-02-01,1000000,2017-01-17,501044DG3,1000000,4.45
2037-02-06,2500000,2017-01-30,594918BZ6,851400,4.1
2047-02-06,3000000,2017-01-30,594918CA0,1088485,4.25
2057-02-06,2000000,2017-01-30,594918CB8,755053,4.5
2037-03-01,3000000,2017-01-31,00206RDR0,1055020,5.25
2047-02-09,1000000,2017-02-02,037833CH1,1000000,4.25
2047-03-01,1000000,2017-02-07,55336VAL4,1000000,5.2
2044-07-08,1750000,2014-06-30,38141EC31,1750000,4.8
2048-02-22,2000000,2017-02-14,46647PAA4,2000000,4.26
2037-03-03,1500000,2017-02-28,478160CF9,1500000,3.625
2047-03-03,1000000,2017-02-28,478160CG7,1000000,3.75
2047-03-08,2000000,2017-03-01,87938WAU7,2500000,5.213
2047-06-15,750000,2017-03-06,12189LBB6,750000,4.125
2047-03-01,550000,2017-03-06,58013MFC3,1050000,4.45
2037-03-16,3000000,2017-03-13,92343VDU5,1095060,5.25
2047-04-01,700000,2017-03-21,842400GG2,1800000,4
2047-04-01,1000000,2017-03-28,038222AM7,1000000,4.35
2047-04-15,850000,2017-04-03,743315AS2,850000,4.125
2044-11-04,2000000,2014-10-28,94974BGE4,1807487,4.65
2047-05-03,1500000,2017-04-19,548661DQ7,1500000,4.05
2038-04-24,2000000,2017-04-19,06051GGM5,2000000,4.244
2047-06-01,1250000,2017-05-02,824348AX4,1250000,4.5
2047-05-11,1000000,2017-05-08,458140AY6,1000000,4.1
2047-05-15,1000000,2017-05-11,65473QBF9,1000000,4.375
2047-05-20,1500000,2017-05-19,747525AV5,1500000,4.3
2047-06-06,1500000,2017-05-22,075887BX6,843953,4.669
2047-06-15,750000,2017-05-24,437076BS0,1150000,3.9
2045-01-27,2500000,2015-01-22,61747YDY8,2500000,4.3
2047-06-01,750000,2017-05-23,136385AY7,750000,4.95
2047-06-15,1500000,2017-06-08,404119BV0,1500000,5.5
2039-03-15,1706297,2017-06-07,92343VDR2,1136127,4.812
2038-07-24,2500000,2017-07-17,46647PAJ5,2500000,3.882
2048-07-24,1500000,2017-07-17,46647PAK2,1500000,4.032
2038-07-22,2000000,2017-07-19,61744YAL2,2000000,3.971
2045-05-01,2000000,2015-04-23,94974BGK0,2000000,3.9
2047-08-15,850000,2017-08-01,20030NBZ3,850000,4
2045-05-22,2000000,2015-05-19,38148LAF3,2000000,5.15
2045-06-01,1750000,2015-05-21,46625HLL2,1750000,4.95
2033-08-10,3000000,2017-08-01,92343VEA8,2136945,4.5
2038-04-01,1000000,2017-08-02,37045VAP5,1000000,5.15
2048-04-01,750000,2017-08-02,37045VAQ3,750000,5.4
2047-09-01,750000,2017-08-07,03040WAR6,750000,3.75
2047-08-15,750000,2017-08-10,883556BY7,750000,4.1
2048-10-06,1735169,2017-07-19,03523TBT4,1735169,4.439
2048-03-30,750000,2017-09-05,65473QBG7,750000,3.95
2047-09-12,1000000,2017-09-05,037833DD9,1000000,3.75
2047-09-15,750000,2017-09-06,92826CAJ1,750000,3.65
2047-09-20,550000,2017-09-11,11271LAB8,900000,4.7
2047-10-01,1500000,2017-09-19,86765BAV1,1500000,5.4
2052-09-15,1577497,2017-09-27,539830BN8,1577497,4.09
2047-10-15,2250000,2017-10-10,666807BP6,2250000,4.03
2047-10-15,950000,2017-10-18,91324PDF6,950000,3.75
2038-10-31,2500000,2017-10-24,38148YAA6,2500000,4.017
2045-11-17,2000000,2015-11-09,94974BGQ7,2000000,4.9
2045-12-09,1750000,2015-12-02,58013MFA7,1750000,4.875
2035-12-09,750000,2015-12-02,58013MEZ3,750000,4.7
2048-11-15,1750000,2017-11-03,46647PAL0,3500000,3.964
2057-11-15,750000,2017-11-06,219350BF1,750000,4.375
2047-11-13,1250000,2017-11-06,037833DG2,1250000,3.75
2037-11-15,1750000,2017-11-07,68389XBP9,1750000,3.8
2047-11-15,2250000,2017-11-07,68389XBQ7,2250000,4
2047-11-15,750000,2017-11-08,867224AB3,750000,4
2038-01-15,1000000,2017-11-08,478160CL6,1000000,3.4
2048-01-15,750000,2017-11-08,478160CM4,750000,3.5
2047-11-15,1150000,2017-11-09,911312BN5,1150000,3.75
2047-12-01,1400000,2017-11-14,036752AD5,1400000,4.375
2047-05-01,2499930,2017-10-25,161175BL7,2499930,5.375
2047-11-01,1985328,2017-11-16,20030NCC3,1985328,3.969
2049-11-01,1999999,2017-11-16,20030NCE9,1999999,3.999
2052-11-01,1499879,2017-11-16,20030NCG4,1005705,4.049
2048-01-09,1500000,2018-01-04,53944YAE3,1500000,4.344
2047-12-15,1349750,2018-01-02,05723KAF7,1349750,4.08
2038-02-01,1000000,2018-01-09,816851BH1,1000000,3.8
2048-02-01,800000,2018-01-09,816851BJ7,800000,4
2049-01-23,1750000,2018-01-16,46647PAN6,1750000,3.897
2039-01-24,1000000,2018-01-17,172967LU3,1000000,3.878
2030-01-23,1000000,2018-01-18,47233JBH0,1000000,4.15
2049-01-23,1250000,2018-01-18,06051GHA0,1250000,3.946
2038-03-01,1200000,2018-02-01,20030NCJ8,1200000,3.9
2048-03-01,1000000,2018-02-01,20030NCK5,1000000,4
2048-02-15,1250000,2018-02-01,29379VBQ5,1250000,4.25
2046-06-14,2000000,2016-06-07,94974BGT1,2000000,4.4
2038-04-15,1750000,2018-02-05,55336VAM2,1750000,4.5
2048-04-15,1500000,2018-02-05,55336VAN0,1500000,4.7
2048-03-01,800000,2018-02-12,202795JM3,800000,4
2048-03-01,850000,2018-02-15,126408HK2,850000,4.3
2048-03-01,750000,2018-02-22,49456BAQ4,750000,5.2
2048-06-15,750000,2018-02-26,12189LBC4,750000,4.05
2048-03-01,1000000,2018-02-26,341081FQ5,1000000,3.95
2048-03-01,800000,2018-02-26,96949LAE5,800000,4.85
2048-03-06,1250000,2018-02-27,87938WAW3,1250000,4.895
2048-03-01,850000,2018-02-27,036752AH6,850000,4.55
2048-03-01,400000,2018-02-28,842400GK3,1300000,4.125
2038-03-25,5000000,2018-03-06,126650CY4,5000000,4.78
2048-03-25,8000000,2018-03-06,126650CZ1,8000000,5.05
2048-04-01,500000,2018-03-19,207597EL5,800000,4
2048-04-01,1000000,2018-03-19,026874DL8,1000000,4.75
2048-04-01,750000,2018-03-26,0778FPAA7,797289,4.464
2038-04-01,800000,2018-04-03,161175BM5,800000,5.375
2048-04-01,1700000,2018-04-03,161175BN3,2450000,5.75
2048-07-15,750000,2018-04-04,084659AP6,750000,3.8
2039-04-22,1000000,2018-04-19,61744YAR9,1000000,4.457
2039-04-23,1500000,2018-04-18,38141GXA7,1500000,4.411
2048-05-15,1300000,2018-04-30,882508BD5,1500000,4.15
2047-12-07,895778,2018-04-05,744320AY8,895778,3.905
2049-12-07,1039497,2018-04-05,744320BA9,1039497,3.935
2047-12-01,849800,2018-04-13,694308HY6,849800,3.95
2046-12-07,2000000,2016-12-01,94974BGU8,2000000,4.75
2048-05-30,3000000,2018-05-23,92857WBM1,1443947,5.25
2037-08-22,2712771,2018-05-07,023135BF2,2750000,3.875
2048-06-15,1000000,2018-06-05,29278NAE3,1000000,6
2047-08-22,3487493,2018-05-07,023135BJ4,3487493,4.05
2057-08-22,2247465,2018-05-07,023135BM7,2247465,4.25
2047-12-08,1944308.535,2018-05-10,458140BG4,1944308.535,3.734
2047-01-22,2250000,2017-01-17,61746BEG7,2250000,4.375
2048-01-20,2000000,2017-01-17,06051GGG8,2000000,4.443
2048-06-15,1350000,2018-06-14,91324PDL3,1350000,4.25
2048-07-15,450000,2018-06-19,682680AV5,1000000,5.2
2048-06-29,3000000,2018-06-20,931142EC3,1682681,4.05
2048-07-23,2500000,2018-07-16,172967MD0,1515851,4.65
2048-12-15,750000,2018-07-25,12189LBD2,750000,4.15
2048-09-21,1250000,2018-08-06,45866FAH7,1250000,4.25
2048-08-15,2350000,2018-08-07,084664CQ2,2350000,4.2
2048-11-15,1000000,2018-08-08,855244AS8,800000,4.5
2048-09-01,600000,2018-08-08,29364WBB3,900000,4.2
2048-09-01,750000,2018-08-13,58013MFH2,750000,4.45
2038-11-16,750000,2018-08-13,913017CW7,750000,4.45
2048-11-16,1750000,2018-08-13,913017CX5,1750000,4.625
2048-08-17,750000,2018-08-14,046353AU2,750000,4.375
2048-09-15,1000000,2018-09-04,717081EK5,1000000,4.2
2049-04-01,900000,2018-09-05,37045VAT7,900000,5.95
2048-09-14,650000,2018-09-11,88579YBD2,1150000,4
2048-11-14,1750000,2018-09-13,00287YBD0,1750000,4.875
2048-09-28,500000,2018-09-25,902494BH5,1500000,5.1
2049-02-01,1250000,2018-10-03,29379VBU6,1250000,4.8
2030-10-15,1500000,2018-10-02,20030NCU3,1500000,4.25
2038-10-15,3000000,2018-10-02,20030NCL3,968885,4.6
2048-10-15,4000000,2018-10-02,20030NCM1,1967962,4.7
2058-10-15,2500000,2018-10-02,20030NCN9,1035210,4.95
2049-03-15,1000000,2018-10-10,89352HAZ2,820076,5.1
2038-11-01,1000000,2018-10-15,205887CD2,1000000,5.3
2048-11-01,1000000,2018-10-15,205887CE0,1000000,5.4
2037-08-15,2499700,2018-10-22,05526DBD6,2500000,4.39
2047-08-15,2498262,2018-10-22,05526DBF1,2498262,4.54
2049-02-15,1500000,2018-11-07,55336VAT7,1500000,5.5
2030-02-15,3144026,2018-10-25,00206RGQ9,3144026,4.3
2038-11-15,1650000,2018-11-14,26078JAE0,774037,5.319
2048-11-15,2150000,2018-11-14,26078JAF7,1115963,5.419
2048-12-06,1500000,2018-11-27,437076BX9,1500000,4.5
2048-12-15,1100000,2018-12-13,91324PDQ2,1100000,4.45
2049-01-15,1250000,2019-01-03,084664CR0,2000000,4.25
2048-04-15,750000,2018-12-11,628530BJ5,750000,5.2
2049-07-15,900000,2019-01-07,595620AU9,900000,4.25
2049-01-15,999898,2018-12-13,084659AR2,999898,4.45
2049-04-15,1750000,2019-01-08,29279FAA7,1750000,6.25
2049-03-15,1250000,2019-01-08,571748BJ0,1250000,4.9
2031-01-23,750000,2019-01-10,035240AR1,750000,4.9
2039-01-23,2000000,2019-01-10,03523TBU1,2000000,5.45
2049-01-23,4000000,2019-01-10,03523TBV9,4000000,5.55
2059-01-23,2000000,2019-01-10,03523TBW7,2000000,5.8
2048-04-20,1499376,2018-12-17,054561AM7,1304536,5
2039-02-14,2000000,2019-02-12,02209SBE2,2000000,5.8
2049-02-14,2500000,2019-02-12,02209SBF9,2500000,5.95
2039-03-01,2000000,2019-02-13,00206RHK1,956236,4.85
2049-03-15,1500000,2019-02-20,532457BT4,958153,3.95
2029-11-15,750000,2019-02-21,962166BX1,750000,4
2050-02-25,1000000,2019-02-20,74432QCE3,1000000,4.35
2049-03-15,750000,2019-02-25,512807AT5,750000,4.875
2049-03-01,1250000,2019-02-26,87938WAX1,1250000,5.52
2039-03-15,750000,2019-03-01,882508BF0,750000,3.875
2039-03-15,750000,2019-03-04,717081EU3,750000,3.9
2049-03-15,1250000,2019-03-04,717081EV1,1250000,4
2039-03-07,1000000,2019-03-05,58933YAV7,1000000,3.9
2049-03-07,1500000,2019-03-05,58933YAW5,1500000,4
2049-03-15,750000,2019-03-13,911312BQ8,750000,4.25
2050-03-15,2750000,2019-03-12,06051GHS1,2750000,4.33
2049-04-01,750000,2019-03-19,67077MAU2,750000,5
2040-04-23,1500000,2019-04-17,06051GHU6,1500000,4.078
2029-08-15,750000,2019-04-29,718172CJ6,750000,3.375
2049-05-01,800000,2019-04-30,097023CK9,800000,3.9
2034-05-01,850000,2019-04-30,097023CJ2,850000,3.6
2029-08-15,1000000,2019-05-02,855244AT6,1000000,3.55
2049-08-15,1000000,2019-05-02,855244AU3,1000000,4.45
2039-05-15,2000000,2019-05-08,459200KB6,2000000,4.15
2049-05-15,3000000,2019-05-08,459200KC4,3000000,4.25
2046-02-01,9518964,2019-04-15,03522AAJ9,9518964,4.9
2036-02-01,5341555,2019-04-15,03522AAH3,5341555,4.7
2049-06-01,1000000,2019-05-28,57636QAL8,1000000,3.65
2049-06-14,800000,2019-06-05,701094AP9,800000,4
2049-06-15,2000000,2019-06-05,404119BZ1,2000000,5.25
2039-06-15,1000000,2019-06-05,404119BY4,1000000,5.125
2029-07-01,900000,2019-06-10,25389JAU0,900000,3.6
2029-08-15,1650000,2019-06-10,03027XAW0,1650000,3.8
2029-07-01,3000000,2019-06-10,337738AU2,3000000,3.5
2049-07-01,2000000,2019-06-10,337738AV0,1183999,4.4
2049-06-19,1750000,2019-06-12,92857WBS8,1750000,4.875
2050-01-31,1250000,2019-06-24,29379VBW2,1250000,4.2
2049-07-01,1250000,2019-06-25,161175BS2,1250000,5.125
2031-08-15,750000,2018-07-08,015271AR0,750000,3.375
2030-01-10,1250000,2019-07-08,89153VAT6,1250000,2.829
2049-07-12,1000000,2019-07-08,89153VAU3,1000000,3.461
2030-07-16,750000,2019-07-09,60687YAX7,750000,3.153
2029-07-18,1750000,2019-07-11,606822BM5,1750000,3.195
2039-07-18,1500000,2019-07-11,606822BK9,1500000,3.751
2050-02-15,825000,2019-07-15,12189LBE0,825000,3.55
2039-07-24,1000000,2019-07-16,961214EG4,1000000,4.421
2030-07-23,2500000,2019-07-18,06051GHV4,2500000,3.194
2029-08-15,1000000,2019-07-23,91324PDS8,1000000,2.875
2039-08-15,1250000,2019-07-23,91324PDT6,1250000,3.5
2049-08-15,1250000,2019-07-23,91324PDU3,1250000,3.7
2059-08-15,1250000,2019-07-23,91324PDV1,1250000,3.875
2029-08-01,800000,2019-07-24,21036PBE7,800000,3.15
2029-07-29,1000000,2019-07-25,713448EL8,1000000,2.625
2030-02-01,750000,2019-07-29,097023CN3,750000,2.95
2035-02-01,750000,2019-07-29,097023CP8,750000,3.25
2050-02-01,1250000,2019-07-29,097023CQ6,1250000,3.75
2059-08-01,1000000,2019-07-29,097023CR4,1000000,3.95
2029-08-15,750000,2019-07-30,438516BU9,750000,2.7
2029-09-01,750000,2019-08-07,65473PAH8,750000,2.95
2029-08-15,1250000,2019-08-07,37940XAB8,1250000,3.2
2049-08-15,750000,2019-08-07,37940XAC6,750000,4.15
2029-09-01,1000000,2019-08-07,58013MFJ8,1000000,2.625
2049-09-01,1000000,2019-08-07,58013MFK5,1750000,3.625
2029-08-15,1750000,2019-08-08,126650DG2,1750000,3.25
2030-01-15,750000,2019-08-08,95040QAJ3,750000,3.1
2049-08-19,800000,2019-08-08,416515BF0,800000,3.6
2029-08-15,800000,2019-08-12,824348BJ4,800000,2.95
2038-08-15,2194799,2019-07-26,125523AJ9,2194799,4.8
2048-12-15,2999550,2019-07-26,125523AK6,2999550,4.9
2049-08-15,350000,2019-08-12,26442CAZ7,750000,3.2
2029-08-16,1250000,2019-08-13,30231GBE1,1250000,2.44
2039-08-16,750000,2019-08-13,30231GAY8,750000,2.995
2049-08-16,1500000,2019-08-13,30231GAZ5,1500000,3.095
2029-08-26,1000000,2019-08-19,88579YBJ9,1000000,2.375
2049-08-26,1000000,2019-08-19,88579YBK6,1000000,3.25
2029-09-04,750000,2019-08-26,882508BG8,750000,2.25
2029-09-06,850000,2019-09-03,904764BH9,850000,2.125
2049-09-06,1000000,2019-09-03,05526DBK0,1000000,4.758
2029-09-01,2000000,2019-09-03,254687FL5,2000000,2
2049-09-01,2000000,2019-09-03,254687FM3,2000000,2.75
2030-02-15,900000,2019-09-04,032095AJ0,900000,2.8
2029-09-13,1250000,2019-09-04,828807DF1,1250000,2.45
2049-09-13,1250000,2019-09-04,828807DH7,1250000,3.25
2029-09-06,1000000,2019-09-04,191216CM0,1000000,2.125
2029-09-11,1750000,2019-09-04,037833DP2,1750000,2.2
2049-09-11,1500000,2019-09-04,037833DQ0,1500000,2.95
2029-09-15,825000,2019-09-04,036752AL7,825000,2.875
2049-09-15,825000,2019-09-04,036752AK9,825000,3.7
2030-10-15,3000000,2019-09-05,46647PBE5,3750000,2.739
2029-12-15,1000000,2019-09-09,72650RBM3,1000000,3.55
2049-10-01,800000,2019-09-10,341081FX0,800000,3.15
2050-09-17,1500000,2019-09-10,92857WBU3,1500000,4.25
2051-03-13,1500000,2019-09-10,74432QCF0,1500000,3.7
2029-12-03,3960082,2019-08-12,92343VEU4,3960082,4.016
2029-10-01,750000,2019-09-04,49326EEJ8,750000,2.55
2049-09-19,1000000,2019-09-16,149123CF6,1000000,3.25
2031-05-01,869550,2019-08-15,674599DD4,869550,7.5
2036-09-15,1734194,2019-08-15,674599DF9,1734194,6.45
2029-10-01,1500000,2019-09-19,70450YAE3,1500000,2.85
2046-03-15,1099221,2019-08-15,674599DL6,1099221,6.6
2029-10-01,900000,2019-09-24,883556BZ4,900000,2.6
2049-10-15,1000000,2019-09-26,50249AAA1,1000000,4.2
2029-10-24,1000000,2019-09-30,25243YBB4,1000000,2.375
2029-11-01,1000000,2019-10-01,65339KBM1,1000000,2.75
2049-10-15,1000000,2019-10-07,713448EP9,1000000,2.875
2050-03-01,1500000,2019-10-15,161175BT0,2800000,4.8
2029-10-22,750000,2019-10-17,69349LAS7,750000,2.7
2030-10-22,2000000,2019-10-17,06051GHX0,2000000,2.884
2030-10-30,3500000,2019-10-24,95000U2G7,3500000,2.879
2030-11-05,2250000,2019-10-28,17308CC53,2250000,2.976
2039-11-15,900000,2019-10-29,23291KAJ4,900000,3.25
2029-11-15,800000,2019-10-29,23291KAH8,800000,2.6
2039-11-01,1350000,2019-10-29,20030NCY5,1350000,3.25
2030-02-01,1600000,2019-10-29,20030NDA6,1600000,2.65
2050-02-01,1800000,2019-10-29,20030NCZ2,1800000,3.45
2049-11-15,900000,2019-10-29,23291KAK1,900000,3.4
2030-01-15,750000,2019-11-06,42250PAA1,750000,3
2029-11-18,1200000,2019-11-06,29444UBE5,1200000,3.2
2049-11-18,1000000,2019-11-13,29446MAC6,1000000,3.25
2029-11-19,900000,2019-11-13,418056AZ0,900000,3.9
2029-11-15,1000000,2019-11-13,29250NAZ8,1000000,3.125
2079-11-15,1100000,2019-11-14,219350BQ7,1100000,5.45
2029-11-15,1250000,2019-11-18,458140BH2,2000000,2.45
2049-11-15,1500000,2019-11-18,458140BJ8,2000000,3.25
2029-12-01,1200000,2019-11-20,25278XAN9,1200000,3.5
2034-12-15,982472,2019-10-22,254687DZ6,982472,6.2
2035-12-15,971816,2019-10-22,254687EB8,971816,6.4
2037-11-15,1223938,2019-10-22,254687EH5,1223938,6.65
2048-11-30,896300,2019-10-18,260543CR2,896300,5.55
2029-12-01,750000,2019-12-04,11133TAD5,750000,2.9
2030-06-30,800000,2019-12-09,74834LBB5,800000,2.95
2050-01-15,750000,2020-01-06,501044DN8,750000,3.95
2030-01-15,1250000,2020-01-06,86562MBW9,1250000,2.75
2050-02-01,500000,2020-01-06,842400GT4,1200000,3.65
2049-12-15,1250000,2020-01-06,437076BZ4,1250000,3.125
2030-01-31,1000000,2020-01-06,29379VBX0,1250000,2.8
2051-01-31,1000000,2020-01-06,29379VBY8,1000000,3.7
2060-01-31,1000000,2020-01-06,29379VBZ5,1000000,3.95
2030-01-15,750000,2020-01-07,03027XBA7,750000,2.9
2030-05-15,1500000,2020-01-07,29278NAQ6,1500000,3.75
2050-05-15,2000000,2020-01-07,29278NAR4,2000000,5
2030-01-16,1500000,2020-01-09,65535HAQ2,1500000,3.103
2030-01-16,750000,2020-01-09,961214EL3,750000,2.65
2050-02-01,1000000,2020-01-09,958667AA5,1000000,5.75
2030-02-01,1200000,2020-01-09,958667AC1,1200000,4.05
2030-01-22,2000000,2020-01-16,693475AZ8,2000000,2.55
2030-02-15,750000,2020-01-21,87612EBJ4,750000,2.35
2030-01-24,750000,2020-01-21,857477BG7,750000,2.4
2030-02-01,1300000,2020-01-22,00724PAD1,1300000,2.3
2031-01-29,2250000,2020-01-22,172967ML2,2250000,2.666
2030-02-04,750000,2020-01-28,446150AS3,750000,2.55
2030-02-05,750000,2020-01-28,907818FH6,750000,2.4
2050-02-05,1000000,2020-01-28,907818FK9,1750000,3.25
2070-02-05,750000,2020-01-28,907818FL7,750000,3.75
2030-03-15,750000,2020-02-03,854502AL5,750000,2.3
2030-04-15,1000000,2020-02-03,74340XBM2,1000000,2.25
2030-02-07,2000000,2020-02-05,38141GXG4,2000000,2.6
2031-01-22,3500000,2020-01-16,6174468L6,3500000,2.699
2060-02-15,1000000,2020-02-10,458140BK5,1000000,3.1
2031-02-13,3500000,2020-02-10,06051GHZ5,3500000,2.496
2030-09-01,2700000,2020-02-11,404119CA5,2700000,3.5
2030-08-14,1500000,2020-02-11,66989HAR9,1500000,2.2
2050-08-14,1250000,2020-02-11,66989HAS7,1250000,2.75
2030-03-01,750000,2020-02-13,142339AJ9,750000,2.75
2050-03-01,850000,2020-02-18,337932AM9,850000,3.4
2030-02-21,1250000,2020-02-18,031162CU2,1250000,2.45
2040-02-21,1250000,2020-02-18,031162CR9,2000000,3.15
2050-02-21,1250000,2020-02-18,031162CS7,2250000,3.375
2030-02-25,1150000,2020-02-18,606822BR4,1150000,2.559
2030-03-01,1000000,2020-02-19,406216BL4,1000000,2.92
2050-03-01,750000,2020-02-19,482480AJ9,750000,3.3
2050-02-24,1250000,2020-02-19,10373QBG4,2000000,3
2031-02-11,3000000,2020-02-04,95000U2J1,3000000,2.572
2030-02-15,1249580,2020-02-24,30212PAR6,1249580,3.25
2030-03-11,500000,2020-03-04,278642AW3,950000,2.7
2030-03-01,750000,2020-03-03,58013MFM1,750000,2.125
2030-03-15,1500000,2020-03-04,125523CL2,1400000,2.4
2040-03-15,750000,2020-03-04,125523CJ7,750000,3.2
2050-03-15,1250000,2020-03-04,125523CK4,1250000,3.4
2030-03-15,850000,2020-03-05,682680BB8,780093,3.1
2030-03-11,1250000,2020-03-04,89788KAA4,1250000,2.25
2030-03-12,750000,2020-03-10,855244AW9,750000,2.25
2039-01-25,1249772.5,2020-03-02,35137LAJ4,1249772.5,5.476
2049-01-25,1549796.95,2020-03-02,35137LAK1,1549796.95,5.576
2030-03-22,1500000,2020-03-17,92343VFE9,1154676,3.15
2050-03-22,1250000,2020-03-17,92343VFD1,1178000,4
2051-03-20,3000000,2020-03-17,06051GJA8,5500000,4.083
2030-03-19,1500000,2020-03-17,713448ES3,1500000,2.75
2050-03-19,1500000,2020-03-17,713448EU8,889234,3.625
2030-03-19,2000000,2020-03-17,30231GBK7,2000000,3.482
2040-03-19,1250000,2020-03-17,30231GBF8,2000000,4.227
2050-03-19,2750000,2020-03-17,30231GBG6,2750000,4.327
2030-04-01,750000,2020-03-19,911312BY1,750000,4.45
2050-04-01,1250000,2020-03-19,911312BW5,1250000,5.3
2030-03-22,1250000,2020-03-19,254687FQ4,1250000,3.8
2040-03-23,750000,2020-03-19,254687FR2,750000,4.625
2050-03-23,1750000,2020-03-19,254687FS0,1750000,4.7
2030-03-23,1000000,2020-03-19,59156RBZ0,1000000,4.55
2030-05-01,750000,2020-03-19,666807BS0,750000,4.4
2050-05-01,1000000,2020-03-19,666807BU5,1000000,5.25
2031-03-24,2500000,2020-03-19,46647PBJ4,3000000,4.493
2041-03-26,1300000,2020-03-19,172967MM0,1300000,5.316
2030-03-25,1250000,2020-03-20,191216CT5,1250000,3.45
2051-03-24,2000000,2020-03-19,6174468N2,2000000,5.597
2030-03-25,1500000,2020-03-20,458140BR0,1500000,3.9
2040-03-25,750000,2020-03-20,458140BL3,750000,4.6
2050-03-25,2250000,2020-03-20,458140BM1,2250000,4.75
2060-03-25,1000000,2020-03-20,458140BN9,1000000,4.95
2030-04-01,1000000,2020-03-23,369550BM9,1000000,3.625
2030-03-25,1500000,2020-03-23,742718FH7,1500000,3
2040-04-01,750000,2020-03-23,369550BH0,750000,4.25
2050-04-01,750000,2020-03-23,369550BJ6,750000,4.25
2031-03-31,4000000,2020-03-24,172967MP3,4000000,4.412
2030-04-01,1600000,2020-03-24,20030NDG3,1600000,3.4
2040-04-01,800000,2020-03-24,20030NDH1,1600000,3.75
2030-03-26,750000,2020-03-24,494368CB7,750000,3.1
2030-03-26,1500000,2020-03-24,57636QAP9,1500000,3.35
2050-03-26,1500000,2020-03-24,57636QAQ7,1500000,3.85
2030-04-15,1250000,2020-03-24,548661DU8,1250000,4.5
2030-03-31,2500000,2020-03-25,404280CF4,2500000,4.95
2030-03-27,1500000,2020-03-25,654106AK9,1500000,2.85
2040-03-27,1000000,2020-03-25,654106AL7,1000000,3.25
2050-03-27,1500000,2020-03-25,654106AM5,1500000,3.375
2031-04-04,2500000,2020-03-23,95000U2L6,2500000,4.478
2051-04-04,3500000,2020-03-23,95000U2M4,5500000,5.013
2050-04-15,850000,2020-03-25,244199BK0,850000,3.75
2030-04-01,1250000,2020-03-25,717081EW9,1250000,2.625
2030-03-27,1000000,2020-03-25,039482AB0,1000000,3.25
2030-04-15,750000,2020-03-26,962166BY9,750000,4
2030-07-01,1000000,2020-03-25,58013MFQ2,1000000,3.6
2050-04-01,750000,2020-03-25,58013MFR0,750000,4.2
2030-04-01,1500000,2020-03-26,67066GAF1,1500000,2.85
2040-04-01,1000000,2020-03-26,67066GAG9,1000000,3.5
2050-04-01,2000000,2020-03-26,67066GAH7,2000000,3.5
2030-04-01,1500000,2020-03-26,126650DJ6,1500000,3.75
2030-04-15,1500000,2020-03-26,437076CB6,1500000,2.7
2030-04-15,750000,2020-03-26,053332AZ5,750000,4
2040-04-15,1250000,2020-03-26,437076CC4,1250000,3.3
2050-04-15,1500000,2020-03-26,437076CD2,1500000,3.35
2050-04-01,1000000,2020-03-26,209111FY4,1000000,3.95
2031-04-01,3000000,2020-03-26,6174468P7,3000000,3.622
2030-04-01,1000000,2020-03-30,001055BJ0,1000000,3.6
2030-04-15,1250000,2020-03-30,30161NAX9,1250000,4.05
2030-04-01,3250000,2020-03-30,68389XBV6,3250000,2.95
2040-04-01,3000000,2020-03-30,68389XBW4,3000000,3.6
2050-04-01,4500000,2020-03-30,68389XBX2,4500000,3.6
2060-04-01,3500000,2020-03-30,68389XBY0,3500000,3.85
2030-04-01,1250000,2020-03-30,871829BL0,1000013,5.95
2050-04-01,1250000,2020-03-30,871829BN6,1191877,6.6
2030-04-15,750000,2020-03-31,370334CL6,750000,2.875
2031-01-15,800000,2020-03-31,023608AJ1,800000,3.5
2030-04-02,1000000,2020-03-30,05526DBN4,1000000,4.906
2030-04-01,1500000,2020-03-31,25746UDG1,1500000,3.375
2030-04-15,1500000,2020-03-31,92826CAM4,1500000,2.05
2040-04-15,1000000,2020-03-31,92826CAK8,1000000,2.7
2030-07-01,750000,2020-03-31,22822VAR2,750000,3.3
2030-03-15,2500000,2020-03-17,38141GXH2,2500000,3.8
2030-04-30,1000000,2020-04-01,842587DE4,1000000,3.7
2030-04-03,1000000,2020-04-01,256677AG0,1000000,3.5
2030-04-06,1500000,2020-04-01,29446MAF9,1500000,3.125
2050-04-06,1250000,2020-04-01,29446MAH5,1250000,3.7
2030-06-01,1750000,2020-04-01,035240AV2,1750000,3.5
2050-06-01,2250000,2020-04-01,035240AT7,2250000,4.5
2030-04-15,1250000,2020-04-02,89352HBA6,1250000,4.1
2030-04-06,1250000,2020-04-02,10373QBL3,1250000,3.633
2030-05-15,750000,2020-04-02,928563AF2,750000,4.7
2030-04-09,800000,2020-04-06,149123CH2,800000,2.6
2050-04-09,1200000,2020-04-06,149123CJ8,1200000,3.25
2030-05-01,1000000,2020-04-07,65473PAJ4,1000000,3.6
2030-04-13,500000,2020-04-07,609207AT2,750000,2.75
2030-05-01,750000,2020-04-07,49271VAJ9,750000,3.2
2050-05-01,750000,2020-04-07,49271VAK6,750000,3.8
2030-04-15,600000,2020-04-07,11271LAE2,750000,4.35
2030-04-15,750000,2020-04-08,26875PAU5,750000,4.375
2050-04-15,750000,2020-04-08,26875PAT8,750000,4.95
2030-10-15,2000000,2020-04-13,30231GBN1,2000000,2.61
2051-04-15,2750000,2020-04-13,30231GBM3,2750000,3.452
2031-04-01,1600000,2020-04-14,161175BU7,1600000,2.8
2051-04-01,1400000,2020-04-14,161175BV5,2050000,3.7
2050-05-01,1000000,2020-04-15,50249AAD5,1000000,4.2
2031-04-22,2750000,2020-04-15,46647PBL9,2750000,2.522
2041-04-22,1500000,2020-04-15,46647PBM7,1500000,3.109
2051-04-22,2250000,2020-04-15,46647PBN5,2250000,3.109
2030-04-20,1750000,2020-04-16,22160KAP0,1750000,1.6
2032-04-20,1000000,2020-04-16,22160KAQ8,1000000,1.75
2031-04-29,3000000,2020-04-22,06051GJB6,3000000,2.592
2050-05-15,1000000,2020-04-24,532457BY3,1250000,2.25
2030-05-04,750000,2020-04-24,882508BJ2,750000,1.75
2041-04-30,3500000,2020-04-23,95000U2Q5,3500000,3.068
2030-05-01,1500000,2020-04-27,09062XAH6,1500000,2.25
2050-05-01,1500000,2020-04-27,09062XAG8,1500000,3.15
2030-04-29,1000000,2020-04-27,25243YBD0,1000000,2
2032-04-29,750000,2020-04-27,25243YBE8,750000,2.125
2030-05-15,900000,2020-04-27,009158BC9,900000,2.05
2040-05-15,750000,2020-04-27,009158AZ9,750000,2.7
2050-05-15,950000,2020-04-27,009158BA3,950000,2.8
2030-05-01,1000000,2020-04-28,665859AV6,1000000,1.95
2030-04-30,750000,2020-04-27,174610AT2,750000,3.25
2030-05-01,750000,2020-04-29,718172CP2,750000,2.1
2030-05-01,1000000,2020-04-29,713448EZ7,1000000,1.625
2030-06-01,1500000,2020-04-29,191216CV0,1500000,1.65
2040-06-01,1000000,2020-04-29,191216CW8,1000000,2.5
2050-06-01,1500000,2020-04-29,191216CX6,1500000,2.6
2060-06-01,1000000,2020-04-29,191216CY4,1000000,2.75
2030-05-15,1100000,2020-04-30,036752AN3,1100000,2.25
2050-05-15,1000000,2020-04-30,036752AM5,1000000,3.125
2050-05-15,800000,2020-04-30,655844CF3,800000,3.05
2030-06-15,750000,2020-04-30,512807AV0,750000,1.9
2050-06-15,750000,2020-04-30,512807AW8,750000,2.875
2030-05-15,1350000,2020-04-30,459200KJ9,1350000,1.95
2050-05-15,750000,2020-04-30,459200KL4,750000,2.95
2030-05-01,4500000,2020-04-30,097023CY9,4500000,5.15
2040-05-01,3000000,2020-04-30,097023CV5,3000000,5.705
2050-05-01,5500000,2020-04-30,097023CW3,5500000,5.805
2060-05-01,3500000,2020-04-30,097023CX1,3500000,5.93
2031-01-30,1250000,2020-05-01,10112RBD5,1250000,3.25
2030-11-15,750000,2020-05-04,571748BN1,750000,2.25
2030-11-15,1250000,2020-05-04,855244AZ2,1250000,2.55
2050-11-15,1250000,2020-05-04,855244BA6,1250000,3.5
2030-05-06,750000,2020-05-04,02209SBJ1,750000,3.4
2031-02-25,1250000,2020-05-04,031162CW8,1250000,2.3
2030-05-11,1750000,2020-05-04,037833DU1,1750000,1.65
2050-05-11,2500000,2020-05-04,037833DW7,2500000,2.65
2030-06-01,2000000,2020-05-05,65339KBR0,2000000,2.25
2031-01-15,600000,2020-05-06,756109AX2,950000,3.25
2030-05-20,1200000,2020-05-06,747525BK8,1200000,2.15
2050-05-20,800000,2020-05-06,747525BJ1,800000,3.25
2050-06-30,1000000,2020-05-06,026874DP9,1000000,4.375
2030-06-01,750000,2020-05-07,929160AZ2,750000,3.5
2030-05-15,1000000,2020-05-07,37940XAD4,1000000,2.9
2030-05-11,1500000,2020-05-07,166764BY5,1500000,2.236
2050-05-11,1000000,2020-05-07,166764CA6,1000000,3.078
2030-05-15,750000,2020-05-07,98978VAS2,750000,2
2030-02-13,750000,2020-02-10,89236TGU3,750000,2.15
2030-05-20,750000,2020-05-11,075887CJ6,750000,2.823
2030-06-01,1000000,2020-05-11,337738BC1,1000000,2.65
2030-06-01,1000000,2020-05-11,70450YAH6,1000000,2.3
2050-06-01,1000000,2020-05-11,70450YAJ2,1000000,3.25
2031-01-13,2500000,2020-05-11,254687FX9,2500000,2.65
2040-05-13,1750000,2020-05-11,254687FY7,1750000,3.5
2051-01-13,2750000,2020-05-11,254687FZ4,2750000,3.6
2060-05-13,1500000,2020-05-11,254687GA8,1500000,3.8
2030-06-01,750000,2020-05-12,983919AK7,750000,2.375
2030-11-15,1000000,2020-05-12,969457BX7,1000000,3.5
2030-05-15,1000000,2020-05-12,037389BE2,1000000,2.8
2030-06-01,500000,2020-05-13,26441CBH7,850000,2.45
2030-05-15,1250000,2020-05-13,91324PDX7,1250000,2
2040-05-15,1000000,2020-05-13,91324PDY5,1000000,2.75
2050-05-15,1250000,2020-05-13,91324PDZ2,1250000,2.9
2060-05-15,1000000,2020-05-13,91324PEA6,1000000,3.125
2030-06-01,1000000,2020-05-14,438516BZ8,948845,1.95
2030-07-01,1000000,2020-05-14,75513EAD3,1000000,2.25
2050-07-01,1000000,2020-05-14,75513EAC5,1000000,3.125
2050-06-15,750000,2020-05-15,539830BQ1,750000,2.8
2030-05-22,750000,2020-05-18,74949LAD4,750000,3
2030-05-22,750000,2020-05-18,29446MAK8,750000,2.375
2030-06-15,1250000,2020-05-18,45866FAK0,1250000,2.1
2050-06-15,1250000,2020-05-18,45866FAL8,1250000,3
2030-05-28,1000000,2020-05-18,717081EY5,1000000,1.7
2040-05-28,1000000,2020-05-18,717081EZ2,1000000,2.55
2050-05-28,1250000,2020-05-18,717081FA6,1250000,2.7
2031-01-15,1500000,2020-05-20,20030NDM0,1500000,1.95
2051-01-15,1700000,2020-05-20,20030NDL2,1700000,2.8
2030-05-28,1000000,2020-05-20,05971KAF6,1000000,3.49
2031-06-01,3000000,2020-05-21,00206RJY9,3000000,2.75
2041-06-01,2500000,2020-05-21,00206RJZ6,2500000,3.5
2051-06-01,3000000,2020-05-21,00206RKA9,3000000,3.65
2060-06-01,1500000,2020-05-21,00206RKB7,1500000,3.85
2030-06-01,750000,2020-05-26,038222AN5,750000,1.75
2050-06-01,750000,2020-05-26,038222AP0,750000,2.75
2050-05-29,2500000,2020-05-26,89153VAV1,2500000,3.127
2030-06-15,1000000,2020-05-26,863667AY7,1000000,1.95
2031-06-03,3500000,2020-05-26,172967MS7,3500000,2.572
2030-06-15,1000000,2020-05-28,571903BE2,1000000,4.625
2031-06-04,1500000,2020-05-28,404280CH0,1500000,2.848
2050-06-01,6249997,2020-05-19,594918CC6,6249997,2.525
2060-06-01,3750000,2020-05-19,594918CD4,3750000,2.675
2030-06-15,750000,2020-06-01,03027XBC3,750000,2.1
2050-06-15,750000,2020-06-01,03027XBD1,1050000,3.1
2030-06-03,2000000,2020-06-01,023135BS4,2000000,1.5
2050-06-03,2500000,2020-06-01,023135BT2,2500000,2.5
2060-06-03,2000000,2020-06-01,023135BU9,2000000,2.7
2030-06-11,1000000,2020-06-04,440452AF7,1000000,1.8
2031-01-15,1100000,2020-06-04,22822VAT8,1100000,2.25
2051-01-15,900000,2020-06-04,22822VAU5,900000,3.25
2030-12-15,850000,2020-06-08,718546AW4,850000,2.15
2030-06-05,750000,2020-06-02,89788MAB8,750000,1.95
2030-07-01,500000,2020-06-08,11120VAJ2,800000,4.05
2030-09-15,750000,2020-06-08,72650RBN1,750000,3.8
2030-07-15,1100000,2020-06-08,29444UBH8,1100000,2.15
2030-06-24,1250000,2020-06-16,58933YAZ8,1250000,1.45
2040-06-24,1000000,2020-06-16,58933YBA2,1000000,2.35
2050-06-24,1250000,2020-06-16,58933YBB0,1250000,2.45
2031-02-01,2000000,2020-06-16,694308JG3,0,2.5
2040-08-01,1000000,2020-06-16,694308JH1,0,3.3
2050-08-01,1925000,2020-06-16,694308JJ7,0,3.5
2030-04-01,1000000,2020-03-27,89236TGY5,1000000,3.375
2030-06-21,750000,2020-06-17,37045XCY0,1100000,3.6
2041-06-19,3000000,2020-06-16,06051GJE0,5000000,2.676
2060-03-20,1841766,2020-04-27,907818FG8,1841766,3.839
2041-06-29,800000,2020-06-24,89153VAX7,800000,2.986
2060-06-29,800000,2020-06-24,89153VAW9,800000,3.386
2030-07-15,1000000,2020-06-26,674599EA9,1000000,8.875
2030-03-31,2500000,2020-06-29,874060AX4,2500000,2.05
2040-07-09,1500000,2020-06-29,874060AY2,1500000,3.025
2050-07-09,2000000,2020-06-29,874060AZ9,2000000,3.175
2060-07-09,1000000,2020-06-29,874060BD7,1000000,3.375
2030-07-08,1500000,2020-06-29,86562MCB4,1500000,2.13
2030-07-15,750000,2020-07-06,828807DK0,750000,2.65
2050-07-15,750000,2020-07-06,828807DJ3,750000,3.8
2030-07-16,1000000,2020-07-06,65535HAS8,1000000,2.679
2031-07-10,1000000,2020-07-06,60687YBH1,1000000,2.201
2030-07-17,1250000,2020-07-13,606822BU7,1250000,2.048
2050-07-01,3100000,2020-07-01,694308JN8,3100000,4.95
2030-07-01,3100000,2020-07-01,694308JM0,3100000,4.55
2030-11-15,2743900,2020-07-06,11135FAQ4,1854642,4.15
2032-11-15,1999560,2020-07-06,11135FAS0,1999560,4.3
2029-10-01,1499900,2020-05-29,16411QAG6,1499900,4.5
2030-07-22,1250000,2020-07-16,91159HJA9,1250000,1.375
2031-07-23,2750000,2020-07-20,06051GJF7,2750000,1.898
2031-02-15,750000,2020-07-27,49456BAR2,750000,2
2032-02-01,2500000,2020-07-27,00206RKH4,2500000,2.25
2052-02-01,2250000,2020-07-27,00206RKE1,968594,3.3
2047-10-15,968380,2020-06-12,125523BK5,968380,3.875
2046-07-15,1407225,2020-06-12,125523CF5,1407225,4.8
2049-10-26,3749500,2020-06-16,110122CR7,3749500,4.25
2048-02-20,1447340,2020-06-16,110122DL9,1235008,4.55
2047-11-15,1236433,2020-06-16,110122DK1,1236433,4.35
2039-06-15,1995600,2020-06-16,110122CQ9,1995600,4.125
2029-07-26,3968935,2020-06-16,110122CP1,1405549,3.4
2033-02-01,1000000,2020-07-29,015271AV1,1000000,1.875
2052-02-15,1000000,2020-07-30,29379VCA9,1000000,3.2
2030-08-15,2250000,2020-08-03,02079KAD9,2250000,1.1
2040-08-15,1250000,2020-08-03,02079KAE7,1250000,1.9
2050-08-15,2500000,2020-08-03,02079KAF4,2500000,2.05
2060-08-15,2000000,2020-08-03,02079KAG2,2000000,2.25
2030-08-06,1300000,2020-08-03,046353AW8,1300000,1.375
2030-09-01,1500000,2020-08-06,81762PAE2,1500000,1.4
2030-08-15,1100000,2020-08-06,723787AQ0,1100000,1.9
2030-08-10,1000000,2020-08-05,10373QBM1,1000000,1.749
2050-11-10,1500000,2020-08-05,10373QBN9,1500000,2.772
2030-10-15,750000,2020-08-06,74340XBR1,750000,1.25
2030-09-15,1250000,2020-08-07,75886FAE7,1250000,1.75
2050-09-15,750000,2020-08-07,75886FAF4,750000,2.8
2030-11-15,900000,2020-08-10,620076BT5,900000,2.3
2031-02-15,1000000,2020-08-10,92826CAN2,1000000,1.1
2050-08-15,1750000,2020-08-10,92826CAQ5,1750000,2
2050-08-12,750000,2020-08-10,166756AH9,750000,2.343
2030-09-15,600000,2020-08-11,44107TAZ9,750000,3.5
2030-09-01,1000000,2020-08-11,053015AF0,1000000,1.25
2031-02-15,1750000,2020-08-11,20030NDN8,1750000,1.5
2052-08-15,1500000,2020-08-11,20030NDP3,1500000,2.45
2062-08-15,1250000,2020-08-11,20030NDQ1,1250000,2.65
2030-08-15,1500000,2020-08-11,55336VBQ2,1500000,2.65
2031-08-18,1500000,2020-08-11,404280CK3,1500000,2.357
2032-10-15,1000000,2020-08-12,571903BF9,1000000,3.5
2030-08-21,1250000,2020-08-12,126650DN7,1250000,1.75
2031-02-15,750000,2020-08-12,65473PAL9,750000,1.7
2030-09-01,1500000,2020-08-12,674599ED3,1114251,6.625
2030-08-20,1250000,2020-08-13,037833DY3,1250000,1.25
2050-08-20,1250000,2020-08-13,037833DZ0,1250000,2.4
2060-08-20,1750000,2020-08-13,037833EA4,1750000,2.55
2030-11-15,850000,2020-08-17,260543DC4,850000,2.1
2050-11-15,1150000,2020-08-17,260543DD2,1150000,3.6
2032-09-15,1500000,2020-08-17,45866FAN4,1500000,1.85
2040-09-15,1250000,2020-08-17,45866FAP9,1250000,2.65
2060-09-15,1500000,2020-08-17,45866FAQ7,1500000,3
2030-09-01,850000,2020-08-17,231021AT3,850000,1.5
2031-02-15,1000000,2020-08-18,776743AL0,1000000,1.75
2060-09-15,850000,2020-08-20,532457BZ0,850000,2.5
2030-09-01,1750000,2020-08-20,478160CQ5,1750000,1.3
2040-09-01,1000000,2020-08-20,478160CR3,1000000,2.1
2050-09-01,1000000,2020-08-20,478160CS1,1000000,2.25
2060-09-01,1250000,2020-08-20,478160CT9,1250000,2.45
2031-09-08,800000,2020-09-01,60687YBL2,800000,1.979
2050-09-04,500000,2020-09-02,609207AW5,1125000,2.625
2031-09-18,1500000,2020-09-10,251526CD9,1500000,3.547
2030-09-15,1000000,2020-09-14,171239AG1,1000000,1.375
2031-03-15,1300000,2020-09-14,191216DE7,1300000,1.375
2051-03-15,1500000,2020-09-14,191216DC1,1500000,2.5
2055-05-15,799996,2020-08-18,655844CH9,799996,3.155
2030-09-18,1000000,2020-09-16,92343VFL3,1000000,1.5
2030-10-01,1000000,2020-09-14,74762EAF9,1000000,2.9
2030-10-01,800000,2020-09-22,797440BZ6,800000,1.7
2031-03-25,1250000,2020-09-22,05526DBS3,1250000,2.726
2030-10-15,800000,2020-09-23,03027XBG4,800000,1.875
2040-10-01,1000000,2020-09-23,375558BS1,1000000,2.6
2050-10-01,1500000,2020-09-23,375558BT9,1500000,2.8
2030-10-01,1000000,2020-09-23,375558BY8,1000000,1.65
2050-10-01,1000000,2020-09-29,235851AV4,1000000,2.6
2031-02-25,750000,2020-10-05,713448FA1,750000,1.4
2050-10-15,1000000,2020-10-05,299808AH8,1000000,3.5
2030-10-15,750000,2020-10-05,084664CW9,750000,1.45
2050-10-15,1750000,2020-10-05,084664CV1,1750000,2.85
2030-10-15,1250000,2020-10-07,548661DY0,1250000,1.7
2050-10-15,1750000,2020-10-07,548661DZ7,1750000,3
2040-10-01,750000,2020-10-06,50249AAH6,750000,3.375
2051-04-01,1000000,2020-10-06,50249AAJ2,1000000,3.625
2031-10-24,2500000,2020-10-16,06051GJL4,2500000,1.922
2051-10-24,1000000,2020-10-16,06051GJM2,1000000,2.831
2029-11-15,1498912,2020-09-25,16412XAJ4,1498912,3.7
2030-10-29,1250000,2020-10-27,742718FM6,1250000,1.2
2030-11-01,750000,2020-10-29,718172CS6,750000,1.75
2050-11-15,750000,2020-10-29,854502AN1,750000,2.75
2031-02-01,1400000,2020-10-29,097023DC6,1400000,3.625
2031-03-15,1000000,2020-11-05,94106LBP3,1000000,1.5
2032-02-13,2750000,2020-11-09,6174468U6,2750000,1.794
2030-11-13,1000000,2020-11-08,345397B36,1650000,4
2032-02-15,750000,2020-11-09,760759AZ3,750000,1.75
2030-11-13,1250000,2020-11-09,110122DQ8,1250000,1.45
2040-11-13,750000,2020-11-09,110122DR6,750000,2.35
2050-11-13,1500000,2020-11-09,110122DS4,1500000,2.55
2031-01-20,2250000,2020-11-10,92343VFR0,2250000,1.75
2040-11-20,3000000,2020-11-10,92343VFT6,3000000,2.65
2050-11-20,2750000,2020-11-10,92343VFU3,2750000,2.875
2060-11-20,2000000,2020-11-10,92343VFV1,2000000,3
2030-02-15,1487700,2020-08-10,68902VAK3,1487700,2.565
2040-02-15,637180,2020-08-10,68902VAL1,637180,3.112
2050-02-15,743000,2020-08-10,68902VAM9,743000,3.362
2040-11-16,1000000,2020-11-09,961214EQ2,1000000,2.963
2031-11-19,1400000,2020-11-12,46647PBU9,1400000,1.764
2041-11-19,1600000,2020-11-12,46647PBV7,1600000,2.525
2030-12-01,750000,2020-11-17,00914AAK8,750000,3.125
2051-01-15,550000,2020-11-17,03027XBK5,1050000,2.95
2061-04-01,1350000,2020-11-19,161175BY9,1850000,3.85
2030-12-03,1500000,2020-11-30,05971KAG4,1500000,2.749
2051-06-04,1500000,2020-12-01,10373QBP4,2250000,2.939
2050-12-15,900000,2020-12-01,927804GD0,900000,2.45
2031-03-11,750000,2020-12-08,808513BG9,750000,1.65
2031-02-28,1250000,2020-12-07,126650DQ0,1250000,1.875
2029-11-21,5437485,2020-10-19,00287YBX6,5437485,3.2
2035-03-15,1681353,2020-10-19,00287YCY3,1681353,4.55
2039-11-21,4000000,2020-10-19,00287YCA5,4000000,4.05
2044-06-15,1008483,2020-10-19,00287YDA4,1008483,4.85
2045-03-15,827091,2020-10-19,00287YDB2,827091,4.75
2049-11-21,5745050,2020-10-19,00287YCB3,5745050,4.25
2047-04-15,955115,2020-11-09,75513ECK5,955115,4.35
2030-02-15,1997975,2020-11-06,14448CAQ7,1997975,2.722
2031-02-15,750000,2020-11-06,14448CAL8,750000,2.7
2040-04-05,1499960,2020-11-06,14448CAR5,1499960,3.377
2050-04-05,1999995,2020-11-06,14448CAS3,1400418,3.577
2032-05-20,1234132,2020-11-20,747525BP7,1234132,1.65
2031-01-08,1000000,2021-01-05,37045XDE3,1000000,2.35
2051-02-01,750000,2021-01-05,842400GY3,750000,2.95
2031-03-15,1250000,2021-01-04,437076CF7,1250000,0.875
2051-03-15,1250000,2021-01-04,437076CG5,1250000,2.375
2051-01-15,750000,2021-01-05,084664CX7,750000,2.5
2031-02-15,1000000,2021-01-11,87264ABT1,1000000,2.875
2049-10-01,1499500,2020-12-18,50077LAZ9,1499500,4.875
2050-06-01,796197,2020-12-18,50077LBJ4,796197,5.5
2031-01-15,1000000,2021-01-14,723787AR8,1000000,2.15
2052-01-25,2000000,2021-01-20,6174468Y8,2000000,2.802
2032-04-28,2500000,2021-01-20,6174468X0,2500000,1.928
2032-01-27,2500000,2021-01-20,38141GXR0,2500000,1.992
2032-02-04,1750000,2021-02-01,02209SBL6,1750000,2.45
2041-02-04,1500000,2021-02-01,02209SBM4,1500000,3.4
2051-02-04,1250000,2021-02-01,02209SBN2,1250000,3.7
2061-02-04,1000000,2021-02-01,02209SBP7,1000000,4
2032-05-18,900000,2021-02-03,015271AW9,900000,2
2030-11-15,2000000,2021-01-26,785592AX4,2000000,4.5
2030-07-15,1098735,2021-02-03,084659AV3,1098735,3.7
2050-10-15,879965,2021-02-03,084659AX9,879965,4.25
2051-05-15,1500000,2021-02-03,084659BC4,1500000,2.85
2031-04-01,1000000,2021-02-08,22822VAW1,1000000,2.1
2041-04-01,1250000,2021-02-08,22822VAX9,1250000,2.9
2031-02-08,2750000,2021-02-01,037833ED8,2750000,1.65
2041-02-08,1500000,2021-02-01,037833EE6,1500000,2.375
2051-02-08,3000000,2021-02-01,037833EF3,3000000,2.65
2061-02-08,1750000,2021-02-01,037833EG1,1750000,2.8
2061-02-08,1250000,2021-02-03,10373QBQ2,2050000,3.379
2032-02-04,3000000,2021-01-28,46647PBX3,3000000,1.953
2031-02-11,1000000,2021-02-08,075887CL1,1000000,1.957
2052-06-01,1000000,2021-02-18,161175CA0,2400000,3.9
2031-03-01,1250000,2021-02-23,31620MBT2,827335,2.25
2051-02-15,750000,2021-02-08,49456BAT8,1050000,3.6
2031-03-15,900000,2021-02-25,969457BY5,1500000,3
2031-06-15,750000,2021-02-22,744448CV1,750000,1.875
2051-03-15,750000,2021-02-22,373334KP5,750000,3.25
2041-03-01,750000,2021-02-23,31620MBU9,750000,3.1
2031-03-05,750000,2021-03-01,191216DK3,750000,2
2051-03-05,1000000,2021-03-01,191216DL1,1700000,3
2031-03-15,1500000,2021-03-01,125523CM0,1500000,2.375
2051-03-15,1500000,2021-03-01,125523CQ1,1500000,3.4
2031-03-03,850000,2021-02-26,857477BP7,850000,2.2
2052-03-13,1000000,2021-03-08,06051GJN0,1000000,3.483
2032-03-11,2000000,2021-03-08,06051GJP5,2000000,2.651
2032-04-01,850000,2021-03-02,10112RBE3,850000,2.55
2031-03-12,850000,2021-03-03,00846UAN1,850000,2.3
2031-04-15,1100000,2021-03-03,571903BG7,1100000,2.85
2031-03-15,1000000,2021-03-08,036752AP8,1000000,2.55
2051-03-15,1250000,2021-03-08,036752AS2,1250000,3.6
2031-06-01,450000,2021-03-08,694308JT5,1000000,3.25
2031-04-01,1100000,2021-03-08,879360AE5,1100000,2.75
2032-03-10,1000000,2021-03-03,06738EBR5,1000000,2.667
2031-03-21,4250000,2021-03-11,92343VGJ7,3706598,2.55
2041-03-22,3750000,2021-03-11,92343VGK4,3750000,3.4
2051-03-22,4500000,2021-03-11,92343VGB4,4500000,3.55
2061-03-22,3500000,2021-03-11,92343VGC2,3500000,3.7
2031-06-01,750000,2021-03-16,95040QAM6,750000,2.8
2031-04-15,1350000,2021-03-16,87264ABW4,3549844,3.5
2052-03-17,6250000,2021-03-04,594918CE2,6250000,2.921
2062-03-17,1934476,2021-03-04,594918CF9,1934476,3.041
2031-03-25,3250000,2021-03-22,68389XCE3,3250000,2.875
2041-03-25,2250000,2021-03-22,68389XBZ7,2250000,3.65
2051-03-25,3250000,2021-03-22,68389XCA1,3250000,3.95
2061-03-25,1500000,2021-03-22,68389XCB9,1500000,4.1
2051-04-01,750000,2021-03-18,754730AH2,750000,3.75
2031-03-25,750000,2021-03-23,05964HAM7,750000,2.958
2031-03-15,1000000,2021-03-25,03073EAT2,1000000,2.7
2032-04-01,750000,2021-03-24,456837AW3,750000,2.727
2051-09-15,925000,2021-03-29,12189LBG5,925000,3.3
2031-04-01,1500000,2021-03-29,548661EA1,1500000,2.625
2030-10-30,1144945,2021-04-05,92343VFX7,1095701,1.68
2056-10-30,4498814,2021-04-05,92343VFW9,3651154,2.987
2032-04-22,3500000,2021-04-15,46647PCC8,3500000,2.58
2042-04-22,2000000,2021-04-15,46647PCD6,2000000,3.157
2052-04-22,3500000,2021-04-15,46647PCE4,3500000,3.328
2032-04-22,3750000,2021-04-15,38141GYB4,3750000,2.615
2042-04-22,2250000,2021-04-15,38141GYC2,2250000,3.21
2042-04-22,3500000,2021-04-16,06051GJW0,3500000,3.311
2032-04-22,4500000,2021-04-16,06051GJT7,4500000,2.687
2032-04-23,1000000,2021-04-20,693475BA2,1000000,2.307
2031-04-23,1000000,2021-04-21,742718FQ7,1000000,1.95
2042-04-22,2000000,2021-04-21,61772BAC7,2000000,3.217
2032-05-01,3000000,2021-04-27,172967MY4,3000000,2.561
2031-08-01,800000,2021-04-28,681919BD7,800000,2.6
2032-01-05,2000000,2021-04-28,191216DP2,2000000,2.25
2041-05-05,750000,2021-04-28,191216DQ0,750000,2.875
2053-09-01,939919,2021-04-15,031162CY4,939919,2.77
2031-05-15,1000000,2021-05-03,29444UBS4,1000000,2.5
2031-05-01,1000000,2021-05-06,11133TAE3,1000000,2.6
2031-05-24,850000,2021-05-10,620076BU2,850000,2.75
2031-05-14,1000000,2021-05-07,120568BC3,1000000,2.75
2031-05-12,3000000,2021-05-10,023135BZ8,3000000,2.1
2041-05-12,2000000,2021-05-10,023135CA2,2000000,2.875
2051-05-12,3250000,2021-05-10,023135CB0,3250000,3.1
2061-05-12,1750000,2021-05-10,023135CC8,1750000,3.25
2031-05-13,750000,2021-05-11,808513BS3,750000,2.3
2051-05-20,850000,2021-05-13,363576AB5,850000,3.5
2031-05-20,850000,2021-05-17,907818FU7,1000000,2.375
2041-05-20,1000000,2021-05-17,907818FT0,1000000,3.2
2031-05-15,1500000,2021-05-17,91324PED0,1500000,2.3
2041-05-15,1500000,2021-05-17,91324PEE8,1500000,3.05
2051-05-15,2000000,2021-05-17,91324PEF5,2000000,3.25
2030-04-15,6999175,2021-04-24,87264ABF1,6999175,3.875
2031-11-15,992400,2021-04-24,87264ABX2,992400,2.25
2031-02-15,2499724,2021-04-24,87264ACB9,2499724,2.55
2040-04-15,1873720,2021-04-24,87264AAX3,1873720,4.375
2041-02-15,2499987,2021-04-24,87264ABL8,2499987,3
2050-04-15,2997300,2021-04-24,87264AAZ8,2997300,4.5
2051-02-15,3000000,2021-04-24,87264ABN4,3000000,3.3
2060-11-15,997630,2021-04-24,87264ABY0,1698018,3.6
2032-05-24,3000000,2021-05-17,404280CT4,3000000,2.804
2031-05-25,800000,2021-05-18,02344AAA6,800000,2.69
2061-12-01,1400000,2021-05-18,161175CC6,1400000,4.4
2051-05-28,750000,2021-05-25,046353AZ1,750000,3
2032-05-28,1500000,2021-05-25,251526CK3,925941,3.035
2031-05-28,750000,2021-05-25,04636NAB9,750000,2.25
2031-06-03,1000000,2021-05-25,961214ET6,1000000,2.15
2031-05-10,750000,2021-05-03,278642AY9,750000,2.6
2051-05-10,1000000,2021-05-03,278642AZ6,1000000,3.65
2062-09-16,1044449,2021-05-05,907818FN3,1044449,2.973
2031-06-15,750000,2021-06-03,209111GA5,900000,2.4
2061-06-15,750000,2021-06-03,209111GB3,750000,3.6
2051-06-08,750000,2021-06-03,89417EAR0,750000,3.05
2029-10-01,1744490,2021-05-17,24703TAG1,1744490,5.3
2030-07-15,749385,2021-05-17,24703TAH9,749385,6.2
2036-07-15,1487696,2021-05-17,24703TAJ5,990812,8.1
2031-06-10,1000000,2021-06-07,37045XDL7,1000000,2.7
2031-06-15,1000000,2021-06-07,26441CBL8,1000000,2.55
2041-06-15,750000,2021-06-07,26441CBM6,750000,3.3
2051-06-15,750000,2021-06-07,26441CBN4,750000,3.5
2030-05-15,750000,2021-05-20,52532XAF2,750000,4.375
2031-02-15,999850,2021-05-20,52532XAH8,999850,2.3
2031-06-15,1250000,2021-06-14,67066GAN4,1250000,2
2041-06-17,1450000,2021-06-14,10373QBR0,1450000,3.06
2031-07-15,750000,2021-06-15,22822VAY7,750000,2.5
2031-07-15,900000,2021-06-21,573284AW6,900000,2.4
2051-07-15,900000,2021-06-21,573284AX4,900000,3.2
2031-06-17,1000000,2021-06-22,345397B69,1000000,3.625
2031-07-15,850000,2021-06-21,404119CC1,850000,2.375
2051-07-15,1500000,2021-06-21,404119CB3,1500000,3.5
2033-08-01,1000000,2021-06-24,29250NBF1,1000000,2.5
2051-08-01,500000,2021-06-24,29250NBE4,1000000,3.4
2031-07-15,1500000,2021-06-29,79466LAJ3,1500000,1.95
2041-07-15,1250000,2021-06-29,79466LAK0,1250000,2.7
2051-07-15,2000000,2021-06-29,79466LAL8,2000000,2.9
2061-07-15,1250000,2021-06-29,79466LAM6,1250000,3.05
2031-07-14,1000000,2021-07-06,65535HAX7,1000000,2.608
2052-06-15,1000000,2021-07-07,695114CY2,1000000,2.9
2032-07-20,1800000,2021-07-12,606822BX1,1800000,2.309
2032-07-21,3500000,2021-07-15,61747YED3,3500000,2.239
2032-07-21,4000000,2021-07-14,38141GYJ7,4000000,2.383
2042-07-21,1500000,2021-07-14,38141GYK4,1500000,2.908
2030-09-02,997012,2021-07-07,78081BAK9,997012,2.2
2040-09-02,1000000,2021-07-07,78081BAL7,1000000,3.3
2050-09-02,1000000,2021-07-07,78081BAM5,1000000,3.55
2031-01-15,996890,2021-07-19,00130HCG8,996890,2.45
2052-07-21,2000000,2021-07-15,06051GKB4,2000000,2.972
2032-07-21,3750000,2021-07-15,06051GKA6,3750000,2.299
2031-08-15,1500000,2021-07-20,928563AL9,1500000,2.2
2031-08-01,1000000,2021-07-21,21036PBH0,1000000,2.25
2031-08-05,1000000,2021-07-29,037833EJ5,1000000,1.7
2051-08-05,1800000,2021-07-29,037833EK2,1800000,2.7
2061-08-05,1400000,2021-07-29,037833EL0,1400000,2.85
2032-02-03,750000,2021-07-29,444859BR2,750000,2.15
2031-09-01,1500000,2021-08-02,438516CF1,1496188,1.75
2031-09-01,1000000,2021-08-04,75513ECM1,1000000,1.9
2051-09-01,1000000,2021-08-04,75513ECL3,1000000,2.82
2032-01-15,1250000,2021-08-05,031162CZ1,1250000,2
2033-12-01,3744161,2021-08-04,00206RMM1,3744161,2.55
2053-09-15,7496266,2021-08-04,00206RKJ0,7496266,3.5
2055-09-15,7495129,2021-08-04,00206RLJ9,7495129,3.55
2057-12-01,5923231,2021-08-04,00206RMN9,5923231,3.8
2059-09-15,6495911,2021-08-04,00206RLV2,6495911,3.65
2051-08-15,750000,2021-08-09,797440CA0,750000,2.95
2031-10-15,1200000,2021-08-09,883556CL4,1200000,2
2041-10-15,1200000,2021-08-09,883556CM2,1200000,2.8
2031-08-12,850000,2021-08-09,904764BQ9,850000,1.75
2031-08-15,1000000,2021-08-10,25746UDL0,1000000,2.25
2031-09-15,1000000,2021-08-09,126650DR8,1000000,2.125
2031-08-12,1250000,2021-08-10,458140BU3,1250000,2
2051-08-12,1250000,2021-08-10,458140BW9,1250000,3.05
2041-08-12,750000,2021-08-10,458140BV1,750000,2.8
2061-08-12,750000,2021-08-10,458140BX7,750000,3.2
2031-09-15,1000000,2021-08-11,294429AT2,1000000,2.35
2031-08-18,1000000,2021-08-16,717081FB4,1000000,1.75
2030-03-15,1200000,2021-08-16,845467AS8,1200000,5.375
2031-02-01,1000000,2021-02-20,87612BBS0,1000000,4.875
2031-12-01,850000,2021-08-24,808513BT1,850000,1.95
2041-09-03,1000000,2021-09-01,92343VGL2,1000000,2.85
2051-09-15,750000,2021-09-07,039482AC8,750000,2.7
2053-02-15,1000000,2021-09-07,29379VCB7,1000000,3.3
2052-03-10,850000,2021-09-07,907818FW3,850000,2.95
2052-01-15,850000,2021-09-07,94106BAD3,850000,2.95
2031-09-10,900000,2021-09-07,89114TZJ4,900000,2
2031-09-15,750000,2021-09-07,032095AL5,750000,2.2
2031-09-13,1000000,2021-09-08,60687YBU2,1000000,2.564
2031-09-15,1000000,2021-09-07,437076CJ9,1000000,1.875
2051-09-15,1000000,2021-09-07,437076CK6,1000000,2.75
2041-09-22,1000000,2021-09-08,931142EU3,1000000,2.5
2051-09-22,1500000,2021-09-08,931142EV1,1500000,2.65
2031-09-22,2000000,2021-09-08,931142ET6,2000000,1.8
2041-09-15,1000000,2021-09-13,548661EE3,1000000,2.8
2031-09-17,1000000,2021-09-13,86562MCJ7,1000000,2.222
2041-09-17,850000,2021-09-13,86562MCK4,850000,2.93
2052-03-17,1250000,2021-09-14,10373QBS8,1250000,3.001
2033-10-01,850000,2021-09-15,10112RBF0,850000,2.45
2042-03-01,1350000,2021-09-27,161175CE2,1350000,3.5
2062-06-30,1400000,2021-09-27,161175CG7,1400000,3.95
2031-10-01,1000000,2021-09-28,032654AV7,1000000,2.1
2041-10-01,750000,2021-09-28,032654AW5,750000,2.8
2051-10-01,1000000,2021-09-28,032654AX3,1000000,2.95
2052-10-15,1000000,2021-09-29,299808AJ4,1000000,3.125
2052-02-15,750000,2021-09-09,15135UAX7,750000,3.75
2071-04-06,1005137,2021-09-03,907818FS2,1005137,3.799
2031-04-15,750000,2021-09-09,573874AJ3,750000,2.95
2031-12-15,1000000,2021-10-05,052769AH9,1000000,2.4
2032-10-13,750000,2021-10-05,606822CB8,750000,2.494
2031-10-15,1000000,2021-10-05,47233JGT9,1000000,2.625
2031-10-21,1250000,2021-10-06,713448FE3,1250000,1.95
2041-10-21,750000,2021-10-06,713448FF0,750000,2.625
2051-10-21,1000000,2021-10-06,713448FG8,1000000,2.75
2030-06-22,1449500,2021-09-28,92556VAD8,1449500,2.7
2040-06-22,1499860,2021-09-28,92556VAE6,1499860,3.85
2050-06-22,2000000,2021-09-28,92556VAF3,2000000,4
2032-10-20,2500000,2021-10-14,61747YEH4,2500000,2.511
2032-10-20,3250000,2021-10-15,06051GKD0,3250000,2.572
2032-04-15,1000000,2021-10-18,595112BS1,1000000,2.703
2035-11-05,3249984,2021-09-27,11135FBP5,3249984,3.137
2032-10-21,3000000,2021-10-18,38141GYN8,3000000,2.65
2036-11-15,2750000,2021-09-27,11135FBQ3,2750000,3.187
2032-01-30,4000000,2021-10-21,00774MAX3,4000000,3.3
2033-10-29,1500000,2021-10-21,00774MAY1,1500000,3.4
2041-10-29,1500000,2021-10-21,00774MAZ8,1500000,3.85
2031-10-28,750000,2021-10-25,87165BAR4,750000,2.875
2032-11-03,1750000,2021-10-27,172967NE7,1750000,2.52
2042-11-03,1250000,2021-10-27,172967NF4,1103148,2.904
2051-11-02,1250000,2021-10-28,767201AT3,1250000,2.75
2031-03-01,1498763,2021-10-27,16411QAK7,1498763,4
2032-11-08,3000000,2021-11-01,46647PCR5,3000000,2.545
2032-03-15,1000000,2021-11-01,75513ECN9,1000000,2.375
2052-03-15,1100000,2021-11-01,75513ECP4,1100000,3.03
2031-11-03,1500000,2021-10-26,78016EYH4,1500000,2.3
2031-11-15,750000,2021-11-04,744573AU0,750000,2.45
2032-02-12,2500000,2021-11-08,345370DA5,2500000,3.25
2051-12-01,1500000,2021-11-09,03835VAJ5,1500000,3.1
2041-11-18,1000000,2021-11-08,961214EY5,1000000,3.133
2052-03-15,1000000,2021-11-10,718546BA1,1000000,3.3
2051-11-15,500000,2021-11-15,927804GF5,900000,2.95
2061-12-15,1000000,2021-11-15,171239AJ5,1000000,3.05
2051-12-04,1200000,2021-11-16,341081GE1,1200000,2.875
2032-11-22,1750000,2021-11-15,404280CY3,1750000,2.871
2031-11-18,750000,2021-11-15,57636QAU8,750000,2
2031-11-24,750000,2021-11-15,98956PAV4,750000,2.6
2031-11-15,750000,2021-11-16,37940XAH5,750000,2.9
2032-11-24,1250000,2021-11-17,06738EBV6,1250000,2.894
2042-11-24,1000000,2021-11-17,06738EBW4,1000000,3.33
2051-12-01,950000,2021-11-18,91913YBD1,950000,3.65
2031-12-01,1000000,2021-11-23,12513GBJ7,1000000,3.569
2031-12-01,800000,2021-11-29,256746AJ7,800000,2.65
2051-12-10,1000000,2021-12-01,235851AW2,1000000,2.8
2051-12-14,800000,2021-12-01,871829BR7,800000,3.15
2051-12-15,850000,2021-12-06,278865BN9,850000,2.7
2032-07-15,1000000,2021-12-06,651639AZ9,795370,2.6
2031-12-21,1000000,2021-12-07,291011BR4,1000000,2.2
2051-12-21,1000000,2021-12-07,291011BS2,1000000,2.8
2032-01-15,800000,2021-12-07,361841AR0,800000,3.25
2031-12-10,2000000,2021-12-07,58933YBE4,2000000,2.15
2051-12-10,2000000,2021-12-07,58933YBF1,2000000,2.75
2061-12-10,1500000,2021-12-07,58933YBG9,1500000,2.9
2032-01-15,1000000,2021-12-08,65339KBZ2,1000000,2.44
2032-02-01,1150000,2021-12-08,845467AT6,1150000,4.75
2032-02-02,850000,2022-01-03,06417XAE1,850000,2.45
2032-01-22,750000,2022-01-04,65535HBA6,750000,2.999
2032-01-15,750000,2022-01-05,00914AAS1,750000,2.875
2032-01-12,1250000,2022-01-06,37045XDS2,1250000,3.1
2032-01-12,2000000,2022-01-10,10373QBT6,2000000,2.721
2033-01-19,1000000,2022-01-11,606822CD4,1000000,2.852
2032-02-03,1500000,2022-01-12,341081GG6,1500000,2.45
2033-01-25,3000000,2022-01-18,17327CAQ6,3000000,3.057
2052-01-15,1000000,2022-01-19,87612EBN5,1000000,2.95
2033-01-25,3500000,2022-01-18,46647PCU8,3500000,2.963
2033-01-21,2500000,2022-01-19,61747YEL5,2500000,2.943
2033-01-27,850000,2022-01-20,91159HJD3,850000,2.677
2033-02-24,4000000,2022-01-22,38141GZM9,4000000,3.102
2043-02-24,2000000,2022-01-22,38141GZN7,2000000,3.436
2032-02-01,850000,2022-01-27,742718FW4,850000,2.3
2032-01-15,1000000,2022-02-04,87612BBU5,1000000,4
2033-02-04,3750000,2022-02-01,06051GKK4,3750000,2.972
2032-02-14,1250000,2022-02-09,907818FX1,1250000,2.8
2053-02-14,1250000,2022-02-09,907818FZ6,1250000,3.5
2034-03-15,800000,2022-02-02,015271AY5,800000,2.95
2032-02-14,1000000,2022-02-09,855244BC2,1000000,3
2031-06-17,996993,2022-01-24,40434LAJ4,996993,2.65
2052-05-01,1000000,2022-02-09,00217GAC7,920381,4.15
2032-03-15,1750000,2022-02-15,110122DU9,1750000,2.95
2042-03-15,1250000,2022-02-15,110122DV7,1250000,3.55
2052-03-15,2000000,2022-02-15,110122DW5,2000000,3.7
2062-03-15,1000000,2022-02-15,110122DX3,1000000,3.9
2032-02-22,1000000,2022-02-17,031162DE7,1000000,3.35
2052-02-22,1000000,2022-02-17,031162DF4,1000000,4.2
2062-02-22,1250000,2022-02-17,031162DG2,1250000,4.4
2052-03-01,1000000,2022-02-16,92343VGP3,1000000,3.875
2032-03-01,750000,2022-02-23,039482AD6,750000,2.9
2052-03-15,1100000,2022-02-22,20826FAV8,1100000,3.8
2052-02-28,900000,2022-02-23,03740LAE2,900000,3.9
2033-03-02,3500000,2022-02-23,95000U2U6,4000000,3.35
2032-03-15,750000,2022-03-01,12572QAK1,750000,2.65
2032-03-03,1000000,2022-03-01,808513CA1,1000000,2.9
2032-03-10,750000,2022-03-03,438127AC6,750000,2.967
2032-03-17,750000,2022-03-03,609207BB0,750000,3
2032-03-15,1000000,2022-03-07,084664DA6,1000000,2.875
2052-03-15,2750000,2022-03-07,084664DB4,2750000,3.85
2032-03-10,1500000,2022-03-07,89114TZV7,1500000,3.2
2033-04-01,1000000,2022-03-10,161175CJ1,1000000,4.4
2063-04-01,1000000,2022-03-10,161175CL6,1000000,5.5
2052-03-14,1500000,2022-03-10,55336VBT6,1500000,4.95
2033-03-17,3000000,2022-03-10,172967NN7,3000000,3.785
2032-03-16,700000,2022-03-14,05526DBW4,900000,4.742
2032-03-16,750000,2022-03-14,56501RAN6,750000,3.703
2033-03-28,1000000,2022-03-21,456837BC6,1000000,4.252
2032-04-01,1500000,2022-03-22,548661EH6,1500000,3.75
2052-04-01,1500000,2022-03-22,548661EJ2,1500000,4.25
2062-04-01,1250000,2022-03-22,548661EF0,1250000,4.45
2033-02-01,750000,2022-03-23,87612GAA9,750000,4.2
2052-04-15,750000,2022-03-23,87612GAB7,750000,4.95
2032-04-15,1250000,2022-03-24,437076CP5,1250000,3.25
2052-04-15,1500000,2022-03-24,437076CQ3,1500000,3.625
2032-04-01,1250000,2022-03-30,98138HAJ0,1250000,3.8
2032-04-15,1200000,2022-03-31,29444UBU9,1200000,3.9
2032-04-07,1000000,2022-03-30,13607HR53,1000000,3.6
2032-05-04,1000000,2022-04-07,78016FZQ0,1000000,3.5875
2032-04-15,850000,2022-04-07,49271VAQ3,850000,4.05
2052-04-15,1150000,2022-04-07,49271VAR1,1150000,4.5
2032-04-13,2500000,2022-04-11,023135CH7,2500000,3.6
2052-04-13,2500000,2022-04-11,023135CJ3,2500000,3.95
2062-04-13,1250000,2022-04-11,023135CK0,1250000,4.1
2032-04-15,1200000,2022-03-31,11135FBT7,1200000,4.15
2053-04-25,3250000,2022-04-18,95000U2Z5,3250000,4.611
2033-04-26,2000000,2022-04-19,46647PDC7,2500000,4.586
2032-06-15,800000,2022-04-21,539830BR9,800000,3.9
2053-06-15,850000,2022-04-21,539830BS7,850000,4.15
2030-02-15,1000000,2022-04-20,925650AC7,1000000,4.95
2032-05-15,1500000,2022-04-20,925650AD5,1500000,5.125
2052-05-15,750000,2022-04-20,925650AE3,750000,5.625
2033-04-27,4000000,2022-04-21,06051GKQ1,4000000,4.571
2032-04-15,1000000,2022-04-28,94106LBS7,1000000,4.15
2032-03-15,4626005,2022-05-02,92343VGN8,4626005,2.355
2032-06-01,800000,2022-05-02,03040WBA2,800000,4.45
2052-05-15,800000,2022-05-02,373334KR1,800000,5.125
2052-05-20,1000000,2022-05-05,747525BR3,1000000,4.5
2033-01-15,1000000,2022-05-11,62954HBB3,1000000,5
2033-03-15,1500000,2022-05-12,45866FAW4,1500000,4.6
2052-06-15,1500000,2022-05-12,45866FAX2,1500000,4.95
2062-06-15,1000000,2022-05-12,45866FAY0,1000000,5.2
2032-06-01,1000000,2022-05-16,70450YAL7,1000000,4.4
2052-06-01,1000000,2022-05-16,70450YAM5,1000000,5.05
2033-06-01,750000,2022-05-16,49326EEN9,750000,4.789
2032-05-15,1500000,2022-05-17,91324PEJ7,1500000,4.2
2052-05-15,2000000,2022-05-17,91324PEK4,2000000,4.75
2062-05-15,1000000,2022-05-17,91324PEL2,1000000,4.95
2033-05-24,2500000,2022-05-17,172967NU1,2500000,4.91
2030-05-01,1000000,2022-04-14,62954HAY4,1000000,3.4
2031-05-11,1000000,2022-04-14,62954HBA5,1000000,2.5
2032-02-15,999891,2022-04-14,62954HAJ7,999891,2.65
2041-05-11,1000000,2022-04-14,62954HAU2,1000000,3.25
2053-01-15,1000000,2022-05-31,12189LBJ9,1000000,4.45
2032-06-08,2000000,2022-06-01,89115A2E1,2000000,4.456
2053-06-01,750000,2022-06-02,655844CP1,750000,4.55
2051-11-01,4959172,2022-04-25,20030NDS7,4959172,2.887
2056-11-01,5963382,2022-04-25,20030NDU2,5963382,2.937
2063-11-01,3983204,2022-04-25,20030NDW8,3983204,2.987
2033-01-15,1100000,2022-06-06,40434LAN5,1100000,5.5
2032-06-15,850000,2022-06-06,67103HAL1,850000,4.7
2029-09-15,1000000,2022-06-06,701094AS3,1000000,4.5
2032-02-01,1540000,2022-06-14,071813CS6,1540000,2.539
2051-12-01,750000,2022-06-14,071813CV9,750000,3.132
2032-07-15,1000000,2022-06-21,65339KCJ7,1000000,5
2032-07-15,1000000,2022-06-21,482480AL4,1000000,4.65
2052-07-15,1200000,2022-06-21,482480AM2,1450000,4.95
2062-07-15,800000,2022-06-21,482480AN0,800000,5.25
2041-06-01,1250000,2021-06-08,48305QAF0,1250000,2.81
2051-06-01,1400000,2021-06-08,48305QAG8,1400000,3.002
2029-11-15,355300,2019-10-16,04352EAA3,873800,2.532
2040-07-01,1951470,2020-06-19,694308JQ1,1951470,4.5
2032-03-15,985000,2022-06-22,87264ACQ6,985000,2.7
2052-10-15,2793148,2022-06-22,87264ACT0,2793148,3.4
2030-03-01,949560,2020-12-01,87612BBQ4,949560,5.5
2032-07-15,750000,2022-07-06,31620MBY1,750000,5.1
2052-07-15,1000000,2022-07-07,59156RCC0,1000000,5
2032-01-31,1195109,2022-07-07,16411QAN1,1195109,3.25
2047-05-01,1500000,2017-04-25,48305QAD5,1500000,4.15
2049-11-01,1000000,2019-10-24,48305QAE3,1000000,3.266
2033-07-20,1500000,2022-07-11,606822CK8,1500000,5.133
2032-07-18,1250000,2022-07-14,713448FM5,1250000,3.9
2033-07-25,3500000,2022-07-18,95000U3B7,4250000,3.62
2033-07-20,2000000,2022-07-18,61747YEU5,2000000,3.616
2051-10-01,775000,2021-09-14,743820AB8,775000,2.7
2032-08-01,750000,2022-07-19,053332BB7,750000,4.75
2033-07-25,3500000,2022-07-18,46647PDH6,4500000,3.6
2033-07-22,5000000,2022-07-19,06051GKY4,5000000,3.69
2032-11-15,950000,2022-07-21,126408HU0,950000,4.1
2052-11-15,900000,2022-07-21,126408HV8,900000,4.5
2032-07-27,750000,2022-07-20,459200KU4,750000,4.4
2052-07-27,750000,2022-07-20,459200KV2,750000,4.9
2030-07-28,1000000,2022-07-25,316773DG2,1000000,3.657
2033-02-01,750000,2022-07-25,49456BAV3,750000,4.8
2052-08-01,750000,2022-07-25,49456BAW1,750000,5.45
2029-10-15,1000000,2022-07-28,37045VAY6,1000000,5.4
2032-10-15,1250000,2022-07-28,37045VAZ3,1250000,5.6
2029-08-05,850000,2022-08-02,458140BZ2,850000,4
2032-08-05,1250000,2022-08-02,458140CA6,1250000,4.15
2052-08-05,1750000,2022-08-02,458140CB4,1750000,4.9
2062-08-05,900000,2022-08-02,458140CC2,900000,5.05
2029-08-08,1000000,2022-08-01,037833EN6,1000000,3.25
2032-08-08,1500000,2022-08-01,037833EP1,1500000,3.35
2052-08-08,1750000,2022-08-01,037833EQ9,1750000,3.95
2062-08-08,1250000,2022-08-01,037833ER7,1250000,4.1
2033-08-09,1000000,2022-08-02,06738ECA1,1000000,5.746
2032-08-15,1000000,2022-08-03,969457BZ2,1000000,4.65
2052-08-15,750000,2022-08-03,969457CA6,750000,5.3
2033-01-15,750000,2022-08-04,94106BAF8,750000,4.2
2033-08-11,1250000,2022-08-04,53944YAU7,1250000,4.976
2033-08-11,2500000,2022-08-04,404280DH9,2500000,5.16
2032-08-15,1150000,2022-08-08,26441CBT1,1150000,4.5
2052-08-15,1150000,2022-08-08,26441CBU8,1150000,5
2032-08-15,750000,2022-08-08,37940XAQ5,750000,5.4
2052-08-15,750000,2022-08-08,37940XAR3,750000,5.95
2032-09-01,1000000,2022-08-08,55336VBU3,1000000,4.95
2029-08-18,1250000,2022-08-15,031162DH0,1250000,4.05
2033-03-01,750000,2022-08-15,031162DJ6,750000,4.2
2053-03-01,1000000,2022-08-15,031162DK3,1000000,4.875
2033-03-15,1300000,2022-08-16,278062AH7,1300000,4.15
2032-08-19,1750000,2022-08-16,345370DB3,1750000,6.1
2052-09-09,750000,2022-09-06,58013MFT6,750000,5.15
2032-09-09,750000,2022-09-06,58013MFS8,750000,4.6
2033-04-15,1250000,2022-09-06,548661EL7,1250000,5
2053-04-15,1500000,2022-09-06,548661EM5,1500000,5.625
2062-09-15,1000000,2022-09-06,548661EN3,1000000,5.8
2033-09-13,750000,2022-09-06,606822CR3,750000,5.472
2032-09-15,1000000,2022-09-06,87612EBP0,1000000,4.5
2033-01-20,900000,2022-09-06,907818GB8,900000,4.5
2032-09-09,1250000,2022-09-06,931142EY5,1250000,4.15
2052-09-09,1000000,2022-09-06,931142EZ2,1000000,4.5
2033-09-13,750000,2022-09-07,60687YCM9,750000,5.669
2033-01-15,1250000,2022-09-12,87264ACV5,1250000,5.2
2053-01-15,1000000,2022-09-12,87264ACW3,1750000,5.65
2062-09-15,750000,2022-09-12,87264ACX1,750000,5.8
2032-09-15,1250000,2022-09-12,437076CS9,1250000,4.5
2052-09-15,1000000,2022-09-12,437076CT7,1000000,4.95
2037-09-15,985360,2022-09-16,404280DM8,985360,6.5
2032-10-13,750000,2022-10-03,756109BP8,750000,5.625
2033-10-18,3000000,2022-10-14,61747YEY7,3000000,6.342
2033-10-21,1500000,2022-10-18,91159HJJ0,1500000,5.85
2033-03-15,1100000,2022-10-17,25278XAV1,1100000,6.25
2062-03-15,1770231,2022-09-01,20826FBD7,1770231,4.025
2042-03-15,783136,2022-09-01,20826FBC9,783136,3.758
2033-01-24,750000,2022-10-19,25243YBH1,750000,5.5
2033-01-15,1000000,2022-10-19,539830BW8,1000000,5.25
2054-11-15,1000000,2022-10-19,539830BX6,1000000,5.7
2063-11-15,750000,2022-10-19,539830BY4,750000,5.9
2053-05-15,900000,2022-10-24,260543DH3,900000,6.9
2030-02-15,1250000,2022-10-25,91324PEQ1,1250000,5.3
2033-02-15,2000000,2022-10-25,91324PER9,2000000,5.35
2053-02-15,2000000,2022-10-25,91324PES7,2000000,5.875
2063-02-15,1500000,2022-10-25,91324PET5,1500000,6.05
2033-10-28,1500000,2022-10-25,693475BJ3,1500000,6.037
2052-10-15,750000,2022-10-26,036752AX1,750000,6.1
2033-10-28,750000,2022-10-26,89788MAK8,750000,6.123
2032-11-02,1000000,2022-10-26,665859AX2,1000000,6.125
2033-11-02,2000000,2022-10-27,06738ECE3,2000000,7.437
2032-11-15,1000000,2022-10-31,20030NEB3,1000000,5.5
2032-03-24,1998049,2022-11-02,36264FAM3,1998049,3.625
2052-03-24,999943,2022-11-02,36264FAN1,999943,4
2032-11-01,750000,2022-11-03,842400HT3,750000,5.95
2033-03-01,750000,2022-11-07,444859BV3,750000,5.875
2029-11-09,1250000,2022-11-07,68389XCH6,1250000,6.15
2032-11-09,2250000,2022-11-07,68389XCJ2,2250000,6.25
2052-11-09,2500000,2022-11-07,68389XCK9,2500000,6.9
2053-05-20,1200000,2022-11-07,747525BT9,1200000,6
2032-11-16,750000,2022-11-08,98978VAV5,750000,5.6
2033-11-17,2750000,2022-11-09,172967PA3,2750000,6.27
2032-11-15,750000,2022-11-15,682680BG7,750000,6.1
2029-11-17,1250000,2022-11-15,718172CW7,1250000,5.625
2032-11-17,1500000,2022-11-15,718172CX5,1500000,5.75
2032-11-15,850000,2022-11-16,25746UDR7,850000,5.375
2030-01-10,900000,2022-11-14,44644MAJ0,900000,5.65
2032-11-29,750000,2022-11-21,254709AS7,750000,6.7
2032-11-29,1000000,2022-11-21,03938LBF0,1000000,6.8
2053-12-01,1100000,2022-11-29,695114CZ9,1100000,5.35
2029-12-01,1500000,2022-11-29,023135CQ7,1500000,4.65
2032-12-01,2250000,2022-11-29,023135CR5,2250000,4.7
2033-02-15,1500000,2022-12-05,29273VAQ3,1500000,5.75
2032-08-15,2978841,2022-12-29,30303M8H8,2978841,3.85
2052-08-15,2748838,2022-12-29,30303M8J4,2748838,4.45
2062-08-15,1493962,2022-12-29,30303M8K1,1493962,4.65
2030-10-15,796320,2022-12-29,913903AW0,796320,2.65
2033-01-15,900000,2023-01-03,26442CBJ2,1250000,4.95
2053-01-15,900000,2023-01-03,26442CBK9,900000,3
2033-01-31,1000000,2023-01-03,29379VCD3,1000000,5.35
2030-03-06,1150000,2023-01-03,345397C68,1150000,7.35
2033-01-09,500000,2023-01-04,37045XED4,1000000,6.4
2054-01-15,1000000,2023-01-03,59156RCD8,1000000,5.25
2033-01-15,750000,2023-01-04,694308KJ5,750000,6.15
2053-01-15,750000,2023-01-04,694308KH9,1550000,6.75
2033-03-15,900000,2023-01-03,87612GAC5,900000,6.125
2053-02-15,850000,2023-01-03,87612GAD3,850000,6.5
2033-01-18,750000,2023-01-04,65535HBK4,750000,6.181
2030-01-13,1000000,2023-01-03,86562MCW8,1350000,5.71
2033-01-13,1500000,2023-01-03,86562MCS7,1750000,5.766
2032-12-15,400000,2023-01-09,42250PAE3,750000,5.25
2033-02-01,1700000,2023-01-09,78016FZX5,1700000,5
2033-02-01,1000000,2023-01-09,24703DBL4,1000000,5.75
2053-01-15,1150000,2023-01-17,87612EBR6,1150000,4.8
2034-01-24,1500000,2023-01-19,693475BM6,1500000,5.068
2033-01-26,850000,2023-01-23,742718GA1,850000,4.05
2034-01-27,1000000,2023-01-24,55261FAR5,1000000,5.053
2034-02-01,2000000,2023-01-26,91159HJL5,2000000,4.839
2033-06-01,1500000,2023-01-26,49456BAX9,1500000,5.2
2034-01-26,1500000,2023-01-23,89788MAM4,1500000,5.122
2030-02-01,1250000,2023-01-24,06417XAP6,1250000,4.85
2033-02-15,1000000,2023-01-30,28622HAB7,1000000,4.75
2053-02-15,1100000,2023-01-30,28622HAC5,1100000,5.125
2033-02-06,750000,2023-01-30,459200KY6,750000,4.75
2052-09-15,488000,2022-12-14,68233JCM4,888000,4.95
2030-05-06,750000,2023-02-02,68389XCN3,750000,4.65
2033-02-06,1500000,2023-02-02,68389XCP8,1500000,4.9
2053-02-06,2250000,2023-02-02,68389XCQ6,2250000,5.55
2033-03-01,1100000,2023-02-02,55336VBV1,1100000,5
2033-02-28,1000000,2023-02-06,65339KCP3,1000000,5.05
2053-02-28,1150000,2023-02-06,65339KCQ1,1150000,5.25
2033-03-15,1000000,2023-02-06,666807CH3,1000000,4.7
2053-03-15,1000000,2023-02-06,666807CJ9,1000000,4.95
2033-02-15,1000000,2023-02-07,20030NEC1,1000000,4.65
2030-02-10,1250000,2023-02-07,458140CF5,1250000,5.125
2033-02-10,2250000,2023-02-07,458140CG3,2250000,5.2
2043-02-10,1000000,2023-02-07,458140CH1,1000000,5.625
2053-02-10,2000000,2023-02-07,458140CJ7,2000000,5.7
2063-02-10,1250000,2023-02-07,458140CK4,1250000,5.9
2033-07-15,1250000,2023-02-06,87264ACY9,2600000,5.05
2030-02-15,750000,2023-02-08,94106LBT5,750000,4.625
2033-02-13,2250000,2023-02-09,10373QBU3,2250000,4.812
2053-05-01,980000,2023-01-10,084659BF7,980000,4.6
2033-02-15,1000000,2023-02-13,713448FS2,1000000,4.45
2030-02-15,1500000,2023-02-13,718172DA4,2200000,5.125
2033-02-15,1500000,2023-02-13,718172DB2,2250000,5.375
2030-02-21,1500000,2023-02-13,126650DT4,1500000,5.125
2033-02-21,1750000,2023-02-13,126650DU1,1750000,5.25
2053-02-21,1250000,2023-02-13,126650DV9,1250000,5.625
2034-02-22,1250000,2023-02-15,606822CX0,1250000,5.441
2033-03-15,850000,2023-02-16,30161NBK6,850000,5.3
2053-03-15,650000,2023-02-16,30161NBL4,1050000,5.6
2033-03-15,750000,2023-02-16,52532XAJ4,750000,5.75
2030-03-02,2750000,2023-02-15,031162DQ0,2750000,5.25
2033-03-02,4250000,2023-02-15,031162DR8,4250000,5.25
2043-03-02,2750000,2023-02-15,031162DS6,2750000,5.6
2053-03-02,4250000,2023-02-15,031162DT4,4250000,5.65
2063-03-02,2750000,2023-02-15,031162DU1,2750000,5.75
2034-05-27,900000,2023-02-21,60687YCT4,900000,5.754
2033-02-28,750000,2023-02-23,03740LAG7,750000,5.35
2033-03-03,900000,2023-02-23,911312BZ8,900000,4.875
2053-03-03,1100000,2023-02-23,911312CA2,1100000,5.05
2033-02-27,1000000,2023-02-23,532457CF3,1000000,4.7
2053-02-27,1250000,2023-02-23,532457CG1,1250000,4.875
2063-02-27,1000000,2023-02-23,532457CH9,1000000,4.95
2033-02-28,750000,2023-02-23,055451BA5,750000,4.9
2033-02-27,1250000,2023-02-23,75513ECR0,1250000,5.15
2053-02-27,1250000,2023-02-23,75513ECS8,1250000,5.375
2033-03-01,850000,2023-02-27,025537AX9,850000,5.625
2053-05-15,750000,2023-02-27,69351UBB8,750000,5.25
2033-03-15,800000,2023-02-28,03027XBZ2,800000,5.65
2033-03-02,900000,2023-02-27,337738BE7,900000,5.6
2033-04-01,750000,2023-02-28,341081GL5,750000,5.1
2053-04-01,750000,2023-02-28,341081GM3,750000,5.3
2053-03-15,750000,2023-02-27,444859BX9,750000,5.5
2033-03-15,750000,2023-02-27,969457CJ7,1250000,5.65
2034-03-02,1000000,2023-02-27,639057AH1,1000000,6.016
2033-03-15,800000,2023-02-28,125523CS7,800000,5.4
2032-03-01,1491750,2023-01-31,78409VBK9,1491750,2.9
2034-03-09,2250000,2023-03-02,404280DV8,2250000,6.254
2044-03-09,2750000,2023-03-02,404280DW6,2750000,6.332
2052-03-01,973625,2023-01-31,78409VBL7,973625,3.7
2033-05-15,750000,2023-03-06,03076CAM8,750000,5.15
2053-04-01,800000,2023-03-06,797440CD4,800000,5.35
2033-03-08,2300000,2023-03-06,29250NBR5,2300000,5.7
2033-03-09,750000,2023-03-06,57636QAX2,750000,4.85
2053-03-09,1100000,2023-03-06,76720AAP1,1100000,5.125
2033-03-14,750000,2023-03-07,882508CB8,950000,4.9
2034-04-01,800000,2023-03-21,760759BC3,800000,5
2033-03-27,750000,2023-03-23,026874DS3,750000,5.125
2033-03-30,1000000,2023-03-23,58507LBC2,1000000,4.5
2033-04-15,1500000,2023-03-23,91324PEV0,1500000,4.5
2053-04-15,2000000,2023-03-23,91324PEW8,2000000,5.05
2063-04-15,1750000,2023-03-23,91324PEX6,1750000,5.2
2033-06-15,750000,2023-03-23,74340XCE9,750000,4.75
2053-06-15,450000,2023-03-23,74340XCF6,950000,5.25
2033-03-29,1000000,2023-03-27,370334CT9,1000000,4.95
2033-06-30,500000,2023-03-27,718547AR3,900000,5.3
2053-04-01,850000,2023-03-27,744448CY5,850000,5.25
2033-07-01,1000000,2023-03-28,548661EQ6,1000000,5.15
2053-04-01,750000,2023-03-28,694308KK2,750000,6.7
2033-04-01,750000,2023-03-28,927804GK4,750000,5
2053-04-01,750000,2023-03-28,927804GL2,750000,5.45
2033-03-30,750000,2023-03-29,020002BK6,750000,5.25
2033-04-01,750000,2023-03-30,958667AE7,750000,6.15
2030-04-06,1000000,2023-04-03,37045XEG7,1000000,5.85
2034-04-19,1000000,2023-04-11,606822DC5,1000000,1
2034-04-24,3750000,2023-04-17,95000U3D3,3750000,5.389
2033-04-15,1500000,2023-04-12,931142FD0,1500000,4.1
2053-04-15,1500000,2023-04-12,931142FE8,1500000,4.5
2034-04-21,3250000,2023-04-19,61747YFE0,3250000,5.25
2034-04-25,5000000,2023-04-19,06051GLH0,5000000,5.288
2033-05-01,750000,2023-04-24,22822VBC4,750000,5.1
2033-05-02,900000,2023-04-24,78016HZQ6,900000,5
2033-05-01,750000,2023-04-27,21036PBP2,750000,4.9
2033-05-15,1000000,2023-05-01,20030NEE7,1000000,4.8
2053-05-15,1600000,2023-05-01,20030NEF4,1600000,5.35
2064-05-15,1400000,2023-05-01,20030NEG2,1400000,5.5
2030-05-15,1000000,2023-05-01,30303M8M7,1000000,4.8
2033-05-15,1750000,2023-05-01,30303M8N5,1750000,4.95
2053-05-15,2500000,2023-05-01,30303M8Q8,2500000,5.6
2063-05-15,1750000,2023-05-01,30303M8R6,1750000,5.75
2053-05-15,800000,2023-05-01,665772CX5,800000,5.1
2033-05-17,1000000,2023-05-01,373334KT7,1000000,4.95
2033-06-01,1250000,2023-05-01,404119CQ0,1250000,5.5
2053-06-01,1000000,2023-05-01,404119CR8,1000000,5.9
2034-05-09,2000000,2023-05-02,06738ECG8,2000000,6.224
2034-01-15,750000,2023-05-04,10112RBH6,750000,6.5
2033-05-09,1000000,2023-05-05,92343VGT5,1000000,5.05
2033-05-10,1000000,2023-05-08,037833EV8,1000000,4.3
2053-05-10,1250000,2023-05-08,037833EW6,1250000,4.85
2033-05-15,800000,2023-05-08,30040WAU2,800000,5.125
2033-05-11,850000,2023-05-08,0778FPAL3,850000,5.1
2033-09-11,1500000,2023-05-09,10373QBV1,1500000,4.893
2053-05-15,1100000,2023-05-09,20826FBE5,1100000,5.3
2030-05-17,750000,2023-05-08,58933YBJ3,750000,4.3
2033-05-17,1500000,2023-05-08,58933YBK0,1500000,4.5
2044-05-17,750000,2023-05-08,58933YBL8,750000,4.9
2053-05-17,1500000,2023-05-08,58933YBM6,1500000,5
2063-05-17,1000000,2023-05-08,58933YBN4,1000000,5.15
2054-01-15,1250000,2023-05-08,87264ADB8,1250000,5.75
2033-05-15,750000,2023-05-10,970648AM3,750000,5.35
2063-05-18,1200000,2023-05-11,882926AA6,1550000,5.05
2034-01-15,1000000,2023-05-12,438516CM6,1000000,4.5
2033-05-15,750000,2023-05-15,341081GQ4,750000,3.375
2054-05-15,1200000,2023-05-15,695114DA3,1200000,5.5
2033-06-15,750000,2023-05-15,842587DR5,750000,5.2
2030-05-19,3000000,2023-05-16,716973AD4,3000000,4.65
2033-05-19,5000000,2023-05-16,716973AE2,5000000,4.75
2043-05-19,3000000,2023-05-16,716973AF9,3000000,5.11
2053-05-19,6000000,2023-05-16,716973AG7,6000000,5.3
2063-05-19,4000000,2023-05-16,716973AH5,4000000,5.34
2033-07-15,850000,2023-05-22,03027XCD0,850000,5.55
2034-02-15,850000,2023-05-23,539830CA5,850000,4.75
2055-02-15,650000,2023-05-23,539830CB3,1050000,5.2
2053-05-25,750000,2023-05-22,89417EAS8,750000,5.45
2034-06-01,2500000,2023-05-24,46647PDR4,4500000,5.35
2032-04-05,1499916,2023-04-26,21871XAH2,1499916,3.9
2034-02-15,2750000,2023-05-30,00206RMT6,2750000,5.4
2052-04-05,1249900,2023-04-26,21871XAM1,1249900,4.4
2031-01-30,750000,2023-05-30,126650DX5,750000,5.25
2033-06-01,1250000,2023-05-30,126650DY3,1250000,5.3
2053-06-01,1250000,2023-05-30,126650DZ0,1250000,5.875
2063-06-01,750000,2023-05-30,126650EA4,750000,6
2033-06-15,1150000,2023-06-01,694308KM8,1150000,6.4
2054-04-15,1600000,2023-06-05,12189LBK6,1600000,5.2
2030-06-10,1000000,2023-06-05,24422EWZ8,1000000,4.7
2034-06-08,1750000,2023-06-05,89788MAP7,1750000,5.867
2033-07-05,1000000,2023-06-05,256677AP0,1000000,5.45
2030-06-10,850000,2023-06-05,345397D42,850000,7.2
2033-06-12,800000,2023-06-07,636274AE2,800000,5.809
2034-06-12,1750000,2023-06-07,91159HJN1,1750000,5.836
2030-03-15,1244881,2023-05-09,36267VAH6,1244881,5.857
2032-11-22,1744749,2023-05-09,36267VAK9,1744749,5.905
2052-11-22,999720,2023-05-09,36267VAM5,999720,6.377
2030-07-01,450000,2023-06-12,30225VAK3,800000,5.5
2054-01-15,500000,2023-06-13,26442CBL7,925000,5.4
2034-08-15,1000000,2023-06-20,12505BAG5,1000000,5.95
2034-02-15,1250000,2023-06-22,63111XAJ0,1130000,5.55
2053-08-15,750000,2023-06-22,63111XAK7,750000,5.95
2063-06-28,750000,2023-06-22,63111XAL5,750000,6.1
2034-01-15,750000,2023-06-26,74340XCH2,750000,5.125
2034-07-06,1100000,2023-06-29,60687YDB2,1100000,5.748
2043-07-13,1000000,2023-07-06,86562MCY4,1000000,6.184
2033-07-15,1000000,2023-07-10,59156RCE6,1000000,5.375
2034-07-25,4250000,2023-07-18,95000U3F8,4250000,5.557
2034-07-21,2500000,2023-07-19,61747YFG5,2500000,5.424
2053-08-01,600000,2023-07-24,74460WAH0,900000,5.35
2034-02-15,1250000,2023-07-27,94106LBW8,1250000,4.875
2033-07-31,1500000,2023-07-27,502431AQ2,1500000,5.4
2033-08-08,2000000,2023-07-31,05964HAV7,2000000,6.921
2054-08-01,1000000,2023-07-31,655844CS5,1000000,3.625
2033-08-15,800000,2023-07-31,98389BBA7,800000,5.45
2030-08-02,1000000,2023-07-31,054989AA6,1000000,6.343
2033-08-02,1250000,2023-07-31,054989AB4,1250000,6.421
2043-08-02,750000,2023-07-31,054989AC2,750000,7.079
2053-08-02,1000000,2023-07-31,054989AD0,1000000,7.081
2032-03-15,1948968,2023-07-27,775109CH2,1948968,3.8
2042-03-15,749970,2023-07-27,775109CJ8,749970,4.5
2052-03-15,1996800,2023-07-27,775109CK5,1996800,4.55
2033-08-10,1000000,2023-08-07,883556CX8,1000000,5.086
2030-08-10,750000,2023-08-07,883556CW0,750000,4.977
2033-09-15,1000000,2023-08-08,20826FBF2,1000000,5.05
2054-03-15,1000000,2023-08-08,20826FBG0,1000000,5.55
2033-08-14,1000000,2023-08-08,45687VAB2,1000000,5.7
2032-03-15,1995500,2023-06-13,404119CK3,1995500,3.625
2053-08-14,800000,2023-08-09,58013MFW9,800000,5.45
2052-03-15,1995870,2023-06-13,404119CL1,1995870,4.625
2033-09-01,1500000,2023-08-10,682680BL6,1500000,6.05
2053-09-01,1750000,2023-08-10,682680BN2,1750000,6.625
2033-08-21,1300000,2023-08-14,337738BH0,1300000,5.625
2034-08-18,750000,2023-08-15,693475BS3,750000,5.939
2032-05-15,983026,2023-08-22,46590XAP1,999999,3
2032-01-15,933050,2023-08-22,46590XAU0,936050,3.625
2033-04-01,2049172,2023-08-22,46590XAY2,1661534,5.75
2052-02-02,899885,2023-08-22,46590XAQ9,899950,4.375
2052-12-01,1547655,2023-08-22,46590XAX4,1548000,6.5
2053-09-15,750000,2023-09-05,26441CCA1,750000,6.1
2054-09-15,1000000,2023-09-05,595620AY1,1000000,5.85
2033-09-07,1000000,2023-09-05,718172DE6,1000000,5.625
2033-09-14,900000,2023-09-05,86562MDJ6,900000,5.808
2034-03-15,700000,2023-09-05,842587DT1,1100000,5.7
2033-12-08,800000,2023-09-05,904764BT3,800000,5
2030-09-08,900000,2023-09-05,055451BD9,900000,5.25
2033-09-08,1500000,2023-09-05,055451BE7,1500000,5.25
2053-09-08,800000,2023-09-05,055451BF4,800000,5.5
2053-09-15,1000000,2023-09-06,571748BV3,1000000,5.7
2034-09-11,1250000,2023-09-05,456837BH5,1250000,6.114
2033-09-08,1000000,2023-09-05,24422EXE4,1000000,5.15
2034-09-13,1500000,2023-09-06,06738ECL7,1500000,6.692
2033-10-15,1000000,2023-09-07,375558BZ5,1000000,5.25
2053-10-15,1000000,2023-09-07,375558CA9,1000000,5.55
2033-11-15,750000,2023-09-12,03027XCF5,750000,5.9
2034-01-15,1000000,2023-09-11,87264ADC6,1000000,5.75
2054-06-15,1000000,2023-09-11,87264ADD4,1000000,6
2034-09-15,3750000,2023-09-12,06051GLU1,3750000,5.872
2033-09-15,1250000,2023-09-12,46124HAG1,1250000,3.875
2053-09-15,1250000,2023-09-12,46124HAH9,1250000,5.5
2030-09-30,850000,2023-09-18,00774MBE4,850000,6.15
2053-10-01,900000,2023-09-26,210385AE0,900000,6.5
2033-10-03,1100000,2023-09-26,13607LWW9,1100000,6.092
2041-12-15,961879,2023-10-02,24703DBF7,961879,3.375
2033-10-05,900000,2023-10-02,25243YBN8,900000,5.625
2033-10-13,1250000,2023-10-05,35137LAN5,1250000,6.5
2030-12-01,1000000,2023-10-10,29273VAT7,1000000,6.4
2033-12-01,1500000,2023-10-10,29273VAU4,1500000,6.55
2033-11-15,1000000,2023-10-11,832696AX6,1000000,6.2
2043-11-15,750000,2023-10-11,832696AY4,750000,6.5
2053-11-15,1000000,2023-10-11,832696AZ1,1000000,6.5
2034-10-23,3250000,2023-10-16,95000U3H4,3250000,6.491
2034-10-23,3000000,2023-10-16,46647PDY9,3000000,6.254
2034-10-20,2250000,2023-10-17,693475BU8,2250000,6.875
2048-06-26,999328,2023-10-16,902674A26,999328,4.5
2034-10-24,1250000,2023-10-18,38141GA53,1250000,6.561
2030-03-22,973003,2023-10-19,49177JAH5,973003,5
2033-03-22,1223594,2023-10-19,49177JAK8,1223594,4.9
2043-03-22,750000,2023-10-19,49177JAM4,750000,5.1
2053-03-22,1500000,2023-10-19,49177JAP7,1500000,5.05
2063-03-22,750000,2023-10-19,49177JAR3,750000,5.2
2033-11-07,1500000,2023-10-30,05964HAZ8,1500000,6.938
2033-11-30,750000,2023-10-30,74834LBD1,750000,6.4
2031-02-01,1000000,2023-10-30,110122DY1,1000000,5.75
2033-11-15,1000000,2023-10-30,110122DZ8,750000,5.9
2034-11-01,2000000,2023-10-30,61747YFJ9,2000000,6.627
2033-11-07,1250000,2023-11-02,345397D67,1250000,7.122
2034-03-15,850000,2023-11-02,444859BY7,850000,5.95
2034-03-15,800000,2023-11-06,694308KP1,800000,6.95
2030-11-15,750000,2023-11-06,29250NBY0,750000,6.2
2053-11-15,1250000,2023-11-06,29250NBZ7,1250000,6.7
2031-03-15,1000000,2023-11-06,75513ECV1,1000000,6
2034-03-15,1500000,2023-11-06,75513ECW9,1500000,6.1
2054-03-15,1750000,2023-11-06,75513ECX7,1750000,6.4
2034-03-30,1000000,2023-11-06,87612GAF8,1000000,6.5
2034-02-01,900000,2023-11-07,161175CP7,900000,6.65
2033-11-17,750000,2023-11-08,961214FP3,750000,6.82
2030-11-20,1100000,2023-11-15,89236TLE3,1100000,5.55
2053-11-15,900000,2023-11-20,209111GG2,900000,5.9
2034-03-01,750000,2023-12-04,22822VBE0,750000,5.8
2034-01-07,1500000,2023-12-04,37045XEP7,1500000,6.1
2034-02-01,850000,2023-11-29,06418JAC5,850000,5.65
2034-01-15,750000,2023-12-05,21871XAS8,750000,5.75
2034-01-31,1000000,2024-01-02,29379VCF8,1000000,4.85
2031-03-05,1000000,2024-01-02,345397E25,1000000,6.05
2035-01-05,2000000,2024-01-02,53944YAX1,2000000,5.679
2034-03-15,1000000,2024-01-02,88339WAC0,1300000,5.15
2034-04-10,1000000,2024-01-04,10373QBW9,1000000,4.989
2034-02-15,1100000,2024-01-03,695114DD7,1100000,5.45
2055-01-15,1500000,2024-01-03,695114DE5,1500000,5.8
2034-01-11,750000,2024-01-08,636274AF9,750000,5.418
2034-01-10,750000,2024-01-08,02665WEZ0,750000,4.9
2034-02-15,800000,2024-01-08,756109CG7,800000,5.125
2034-06-01,900000,2024-01-08,842400HZ9,900000,5.2
2034-04-15,1250000,2024-01-09,87264ADF9,1250000,5.15
2055-01-15,750000,2024-01-09,87264ADG7,750000,5.5
2034-05-15,1250000,2024-01-10,29273VAY6,1250000,5.55
2054-05-15,1750000,2024-01-10,29273VAW0,1750000,5.95
2034-02-01,1250000,2024-01-10,78016HZW3,1250000,5.15
2034-01-05,800000,2024-01-02,89236TLM5,800000,4.8
2035-01-23,3000000,2024-01-16,95000U3K7,3000000,5.499
2035-01-18,2500000,2024-01-16,61747YFL4,2500000,5.466
2035-01-23,3000000,2024-01-16,46647PEC6,3000000,5.366
2035-01-22,1500000,2024-01-17,693475BW4,1500000,5.676
2034-02-01,750000,2024-01-17,26884LAR0,750000,5.75
2035-01-23,2000000,2024-01-18,91159HJR2,2000000,5.678
2035-01-23,5000000,2024-01-18,06051GMA4,5000000,5.468
2034-03-15,800000,2024-01-18,74340XCJ8,800000,5
2054-03-15,450000,2024-01-18,74340XCK5,850000,5.25
2032-01-29,1000000,2024-01-22,316773DL1,1000000,5.631
2035-01-24,2000000,2024-01-22,89788MAS1,2000000,5.711
2034-01-29,750000,2024-01-24,742718GG8,750000,4.55
2033-11-15,800000,2024-01-25,68233JCS1,800000,5.65
2064-02-15,750000,2024-01-25,539830CE7,750000,5.2
2035-02-02,1250000,2024-01-26,446150BD5,1250000,5.709
2034-03-15,1100000,2024-01-29,65339KCU2,1100000,5.25
2054-03-15,800000,2024-01-29,65339KCV0,800000,5.55
2034-02-01,1000000,2024-01-29,494553AE0,1000000,5.4
2034-02-05,1000000,2024-01-29,449276AE4,1000000,4.9
2044-02-05,1000000,2024-01-29,449276AF1,1000000,5.25
2054-02-05,1400000,2024-01-29,449276AG9,1400000,5.3
2034-06-01,850000,2024-01-29,666807CL4,850000,4.9
2054-06-01,1150000,2024-01-29,666807CM2,1150000,5.2
2031-02-08,1000000,2024-02-05,37045XER3,1000000,5.75
2034-02-08,1150000,2024-02-06,009158BK1,1150000,4.85
2054-02-08,750000,2024-02-05,882508CJ1,750000,5.15
2031-05-15,750000,2024-02-05,125523CU2,750000,5.125
2034-02-15,1250000,2024-02-05,125523CV0,1250000,5.25
2054-02-15,1500000,2024-02-05,125523CW8,1500000,5.6
2034-02-09,1500000,2024-02-07,532457CL0,1500000,4.7
2054-02-09,1500000,2024-02-07,532457CM8,1500000,5
2064-02-09,1500000,2024-02-07,532457CN6,1500000,5.1
2031-02-13,1250000,2024-02-09,718172DH9,1250000,5.125
2034-02-13,1750000,2024-02-09,718172DJ5,1750000,5.25
2031-02-20,850000,2024-02-15,05526DBY0,850000,5.834
2034-02-20,850000,2024-02-15,05526DBZ7,850000,6
2031-02-22,1250000,2024-02-14,110122EG9,1250000,5.1
2034-02-22,2500000,2024-02-14,110122EH7,2500000,5.2
2054-02-22,2750000,2024-02-14,110122EK0,2750000,5.55
2034-02-20,750000,2024-02-14,231021AW6,750000,5.15
2054-02-20,1000000,2024-02-14,231021AX4,1000000,5.45
2034-02-20,750000,2024-02-15,277432AY6,750000,5.625
2034-02-21,900000,2024-02-15,458140CL2,900000,5.15
2054-02-21,1150000,2024-02-15,458140CM0,1150000,5.6
2034-03-01,750000,2024-02-15,94106BAG6,750000,5
2034-03-15,900000,2024-02-20,373334KW0,900000,5.25
2034-05-15,1000000,2024-02-20,571903BQ5,1000000,5.3
2035-05-26,750000,2024-02-20,60687YDE6,750000,5.579
2054-02-23,1000000,2024-02-20,92343VGW8,1000000,5.5
2031-02-26,2500000,2024-02-21,17275RBS0,2500000,4.95
2034-02-26,2500000,2024-02-21,17275RBT8,2500000,5.05
2054-02-26,2000000,2024-02-21,17275RBU5,2000000,5.3
2064-02-26,1000000,2024-02-21,17275RBV3,1000000,5.35
2031-04-01,1000000,2024-02-20,404119CT4,1750000,5.45
2034-04-01,1300000,2024-02-20,404119CU1,1300000,5.6
2054-04-01,1500000,2024-02-20,404119CV9,1500000,6
2031-02-26,1000000,2024-02-21,04636NAM5,1000000,4.9
2034-02-26,1500000,2024-02-21,04636NAN3,1500000,5
2034-03-15,997392,2024-01-23,14448CBC7,872466,5.9
2031-03-15,2000000,2024-02-22,00287YDT3,2000000,4.95
2034-03-15,3000000,2024-02-22,00287YDU0,3000000,5.05
2044-03-15,750000,2024-02-22,00287YDV8,750000,5.35
2054-03-15,3000000,2024-02-22,00287YDW6,3000000,5.4
2064-03-15,1500000,2024-02-22,00287YDX4,1500000,5.5
2034-03-15,750000,2024-02-26,337738BL1,750000,5.45
2034-03-01,750000,2024-02-26,50249AAM5,750000,5.5
2034-05-15,1100000,2024-02-26,694308KR7,1100000,5.8
2034-03-15,800000,2024-02-26,98389BBB5,800000,5.5
2035-03-01,1500000,2024-02-26,639057AN8,1500000,5.778
2031-06-15,600000,2024-02-26,718547AU6,1200000,5.25
2054-03-05,750000,2024-02-27,970648AN1,750000,5.9
2035-03-04,1250000,2024-02-26,404280EE5,1250000,5.719
2035-03-06,1000000,2024-02-26,49326EEP4,1000000,6.401
2034-03-01,1750000,2024-02-28,03740MAD2,1750000,5.45
2054-03-01,2000000,2024-02-28,03740MAF7,2000000,5.75
2034-03-15,900000,2024-02-28,902494BM4,900000,5.7
2033-06-30,1400000,2024-01-29,16411QAQ4,1400000,5.95
2031-03-07,850000,2024-03-04,24422EXN4,850000,4.9
2034-03-15,1000000,2024-03-04,171239AK2,1600000,5
2035-03-13,1000000,2024-03-05,05946KAR2,1000000,6.033
2034-04-15,1000000,2024-03-04,24703DBN0,1000000,5.4
2034-03-08,900000,2024-03-05,345397E66,1650000,6.125
2055-03-12,750000,2024-03-05,06738ECS2,750000,6.036
2031-04-15,1250000,2024-03-11,444859CA8,1500000,5.375
2054-04-15,1000000,2024-03-11,444859CB6,1000000,5.75
2034-04-15,900000,2024-03-11,620076BZ1,900000,5.4
2034-03-14,1250000,2024-03-11,05964HBD6,1250000,6.35
2054-03-15,900000,2024-03-12,210385AF7,900000,5.75
2031-06-01,750000,2024-03-11,502431AT6,750000,5.25
2034-06-01,750000,2024-03-11,502431AU3,750000,5.35
2035-03-19,1500000,2024-03-11,456837BM4,1500000,5.55
2032-03-13,850000,2024-03-11,55261FAT1,850000,6.082
2031-03-21,900000,2024-03-18,89236TLZ6,900000,5.1
2034-06-15,1000000,2024-03-19,03523TBY3,1000000,5
2034-03-21,1000000,2024-03-19,134429BP3,1000000,5.4
2031-04-15,1000000,2024-03-19,91324PFA5,1000000,4.9
2034-04-15,1250000,2024-03-19,91324PFB3,1250000,5
2054-04-15,1750000,2024-03-19,91324PFC1,1750000,5.375
2064-04-15,1100000,2024-03-19,91324PFD9,1100000,5.5
2054-04-01,1000000,2024-03-19,04686JAH4,1000000,6.25
2035-02-15,750000,2024-03-05,740816AR4,750000,4.609
2034-04-04,750000,2024-04-01,00724PAG4,750000,4.95
2029-07-15,1250000,2024-04-01,37045XEU6,1250000,5.55
2034-04-04,1250000,2024-04-01,37045XEV4,1250000,5.95
2034-05-15,450000,2024-04-01,744448CZ2,850000,5.35
2054-05-15,750000,2024-04-01,744448DA6,750000,5.75
2034-04-05,1200000,2024-04-02,29250NCC7,1200000,5.625
2054-04-05,800000,2024-04-02,29250NCD5,1150000,5.95
2034-04-05,1250000,2024-04-02,89157XAA9,1250000,5.15
2054-04-05,1750000,2024-04-02,89157XAB7,1750000,5.488
2064-04-05,1250000,2024-04-02,89157XAC5,1250000,5.638
2035-04-17,1600000,2024-04-08,606822DF8,1600000,5.426
2034-04-11,1000000,2024-04-08,24422EXP9,1000000,5.1
2030-01-30,850000,2024-04-09,25278XAY5,850000,5.15
2034-04-18,1300000,2024-04-09,25278XAZ2,1300000,5.4
2054-04-18,1500000,2024-04-09,25278XBA6,1500000,5.75
2064-04-18,1000000,2024-04-09,25278XBB4,1000000,5.9
2034-04-14,1500000,2024-04-11,47233WEJ4,1500000,6.2
2035-04-22,3000000,2024-04-15,46647PEH5,3000000,5.766
2035-04-25,750000,2024-04-18,174610BG9,750000,6.645
2035-04-25,2500000,2024-04-18,38141GA95,2500000,5.851
2035-04-19,3000000,2024-04-12,61747YFR1,3000000,5.831
2034-06-01,850000,2024-04-29,233331BL0,850000,5.85
2054-05-15,1000000,2024-05-06,209111GK3,1000000,5.7
2031-06-15,750000,2024-05-06,45866FBA1,750000,5.25
2034-05-09,1000000,2024-05-07,57636QAZ7,1000000,4.875
2031-06-01,750000,2024-05-06,842400JE4,750000,5.45
2034-05-13,1000000,2024-05-06,191216DR8,1000000,5
2054-05-13,1100000,2024-05-06,191216DS6,1100000,5.3
2064-05-13,900000,2024-05-06,191216DT4,1650000,5.4
2031-06-01,1000000,2024-05-07,126650EC0,1000000,5.55
2034-06-01,1250000,2024-05-07,126650ED8,1250000,5.7
2044-06-01,750000,2024-05-07,126650EE6,750000,6
2054-06-01,1000000,2024-05-07,126650EF3,1000000,6.05
2034-06-15,750000,2024-05-07,45687VAF3,750000,5.45
2030-02-15,998292,2024-04-03,758750AN3,998292,6.3
2033-04-15,1229045,2024-04-03,758750AP8,1229045,6.4
2032-05-17,1400000,2024-05-08,404280EG0,1400000,5.733
2034-06-01,1500000,2024-05-09,161175CR3,1500000,6.55
2034-05-21,750000,2024-05-14,12636YAE2,750000,5.4
2031-06-01,1150000,2024-05-13,478160CV4,1150000,4.9
2034-06-01,850000,2024-05-13,478160CW2,850000,4.95
2054-06-01,850000,2024-05-13,478160CX0,850000,5.25
2029-10-17,750000,2024-05-15,10373QBZ2,750000,4.97
2034-11-17,1000000,2024-05-15,10373QCA6,1950000,5.227
2054-05-21,750000,2024-05-16,03769MAC0,750000,5.8
2034-06-01,1650000,2024-05-15,55336VBX7,1650000,5.5
2034-06-01,1300000,2024-05-20,20030NEJ6,1300000,5.3
2054-06-01,1200000,2024-05-20,20030NEK3,1200000,5.65
2034-06-15,1000000,2024-05-20,036752AZ6,1000000,5.375
2054-06-15,1000000,2024-05-20,036752BA0,1000000,5.65
2034-06-01,850000,2024-05-20,70450YAP8,850000,5.15
2034-05-22,900000,2024-05-20,911312CD6,900000,5.15
2054-05-22,1100000,2024-05-20,911312CE4,1100000,5.5
2034-06-15,750000,2024-05-22,29390XAA2,750000,5.5
2034-06-15,750000,2024-05-28,341081GU5,1100000,5.3
2054-06-15,850000,2024-05-28,341081GV3,850000,5.6
2035-05-31,750000,2024-05-28,80282KBL9,750000,6.342
2031-06-04,800000,2024-05-30,06368L3L8,800000,5.511
2034-06-15,800000,2024-05-29,690742AP6,800000,5.7
2034-12-15,500000,2024-06-03,59156RCN6,750000,5.3
2054-06-05,400000,2024-06-03,361448BR3,900000,6.05
2055-03-15,1300000,2024-06-03,12189LBL4,1300000,5.5
2035-06-11,2500000,2024-06-04,172967PL9,2500000,5.449
2034-06-15,750000,2024-06-05,26441CCE3,750000,5.45
2054-06-15,750000,2024-06-05,26441CCF0,750000,5.8
2034-06-12,800000,2024-06-06,24422EXU8,800000,5.05
2034-09-01,1250000,2024-06-06,29273VBA7,1250000,5.6
2054-09-01,1250000,2024-06-06,29273VBB5,1250000,6.05
2050-09-15,1431876,2024-05-06,594918CW2,1431876,2.5
2031-03-15,747000,2024-04-16,69120VAZ4,750000,6.65
2031-06-18,1000000,2024-06-13,37045XEY8,1000000,5.6
2031-06-25,1000000,2024-06-17,437076DD1,1000000,4.85
2034-06-25,1750000,2024-06-17,437076DE9,1750000,4.95
2054-06-25,1500000,2024-06-17,437076DF6,1500000,5.3
2031-07-03,750000,2024-06-24,94106LBY4,750000,4.95
2054-06-28,2000000,2024-06-25,92857WCA6,2000000,5.75
2064-06-28,1000000,2024-06-25,92857WCB4,1000000,5.875
2030-07-10,800000,2024-06-27,60687YDF3,800000,5.382
2034-07-03,1000000,2024-06-27,65535HBV0,1000000,5.783
2029-07-09,750000,2024-07-02,86562MDM9,750000,5.316
2031-07-09,900000,2024-07-02,86562MDN7,900000,5.424
2034-07-09,1350000,2024-07-02,86562MDP2,1350000,5.558
2044-07-09,1000000,2024-07-02,86562MDQ0,1000000,5.836
2031-07-10,750000,2024-07-08,02665WFL0,750000,5.05
2031-07-15,1500000,2024-07-08,05964HBG9,1500000,5.439
2031-11-15,1500000,2024-07-08,11135FBY6,1500000,5.15
2029-07-17,850000,2024-07-15,713448FX1,850000,4.5
2054-07-17,750000,2024-07-15,713448FZ6,750000,5.25
2030-07-22,2750000,2024-07-15,46647PEJ1,2750000,4.995
2035-07-22,3500000,2024-07-15,46647PEK8,3500000,5.294
2030-07-23,2500000,2024-07-16,38141GB29,2500000,5.049
2035-07-23,3000000,2024-07-16,38141GB37,3000000,5.33
2030-08-02,1300000,2024-07-15,78016HZZ6,1300000,4.969
2030-07-23,1250000,2024-07-18,91159HJS0,1250000,5.1
2030-07-19,2250000,2024-07-17,61747YFS9,2250000,5.042
2035-07-19,3250000,2024-07-17,61747YFT7,3250000,5.32
2035-07-23,1500000,2024-07-18,693475BZ7,1500000,5.401
2032-07-23,1250000,2024-07-18,174610BH7,1250000,5.718
2054-08-01,750000,2024-07-22,49456BBA8,750000,5.95
2030-01-15,1250000,2024-07-23,91324PFG2,1250000,4.8
2032-01-15,1500000,2024-07-23,91324PFH0,1500000,4.95
2034-07-15,2000000,2024-07-23,91324PFJ6,2000000,5.15
2044-07-15,1500000,2024-07-23,91324PFK3,1500000,5.5
2054-07-15,2750000,2024-07-23,91324PFL1,2750000,5.625
2064-07-15,1850000,2024-07-23,91324PFM9,1850000,5.75
2032-01-01,1000000,2024-07-23,674599EK7,1000000,5.375
2034-10-01,1200000,2024-07-23,674599EL5,1200000,5.55
2054-10-01,1000000,2024-07-23,674599EM3,1000000,6.05
2029-08-01,500000,2024-07-29,277432AZ3,750000,5
2034-08-15,1000000,2024-07-30,64110LAZ9,1000000,4.9
2054-08-15,800000,2024-07-30,64110LBA3,800000,5.4
2034-09-15,800000,2024-07-30,361841AT6,800000,5.625
2030-03-15,850000,2024-08-01,337738BM9,850000,4.75
2034-08-12,900000,2024-08-01,337738BN7,900000,5.15
2032-08-05,1000000,2024-08-01,89788MAT9,1000000,5.153
2035-02-15,1100000,2024-08-01,29379VCG6,1100000,4.95
2055-02-16,1400000,2024-08-01,29379VCH4,1400000,5.55
2035-02-15,1000000,2024-08-06,87612GAK7,1000000,5.5
2029-08-15,1000000,2024-08-07,30303M8S4,1000000,4.3
2031-08-15,1000000,2024-08-07,30303M8T2,1000000,4.55
2034-08-15,2500000,2024-08-07,30303M8U9,2500000,4.75
2054-08-15,3250000,2024-08-07,30303M8V7,3250000,5.4
2064-08-15,2750000,2024-08-07,30303M8W5,2750000,5.55
2034-09-01,750000,2024-08-06,69352PAT0,750000,5.25
2034-08-12,1000000,2024-08-07,904764BV8,1000000,4.625
2029-08-14,1000000,2024-08-07,36266GAA5,1000000,4.8
2034-09-15,1250000,2024-08-07,404121AK1,1250000,5.45
2054-09-15,1000000,2024-08-07,404121AL9,1000000,5.95
2035-03-15,1000000,2024-08-08,571903BS1,1000000,5.35
2034-08-14,750000,2024-08-07,191216DY3,750000,4.65
2055-01-14,1500000,2024-08-07,191216DZ0,1500000,5.2
2054-11-15,750000,2024-08-08,969457CN8,750000,5.8
2029-08-14,1000000,2024-08-12,532457CQ9,1000000,4.2
2034-08-14,1250000,2024-08-12,532457CR7,1250000,4.6
2054-08-14,1250000,2024-08-12,532457CS5,1250000,5.05
2064-08-14,750000,2024-08-12,532457CT3,750000,5.2
2030-08-15,1250000,2024-08-12,639057AS7,1250000,4.964
2029-08-09,1000000,2024-08-06,89236TMK8,1000000,4.55
2035-01-15,850000,2024-08-15,10112RBJ2,850000,5.75
2034-12-15,850000,2024-08-15,74834LBG4,850000,5
2034-11-15,800000,2024-08-15,958667AG2,800000,5.45
2034-10-15,1000000,2024-08-19,776696AJ5,1000000,4.9
2034-09-15,1250000,2024-08-19,25179MBG7,1250000,5.2
2054-09-15,1000000,2024-08-19,25179MBH5,1000000,5.75
2034-09-15,2200000,2024-08-20,501044DV0,2200000,5
2054-09-15,2100000,2024-08-20,501044DW8,2100000,5.5
2064-09-15,1500000,2024-08-20,501044DX6,1500000,5.65
2033-09-15,745668,2024-07-24,78409VBQ6,745668,5.25
2029-09-10,1300000,2024-09-03,00774MBL8,1300000,4.625
2034-09-10,1100000,2024-09-03,00774MBM6,1100000,4.95
2029-09-06,900000,2024-09-03,345397G23,900000,5.303
2029-10-06,1000000,2024-09-03,37045XEZ5,1000000,4.9
2034-09-06,750000,2024-09-03,37045XFA9,750000,5.45
2029-09-05,750000,2024-09-03,02665WFQ9,750000,4.4
2032-01-15,1150000,2024-09-03,57636QBB9,1150000,4.35
2030-09-10,800000,2024-09-03,06368L8L3,800000,4.64
2035-01-15,1100000,2024-09-03,57636QBC7,1100000,4.55
2034-09-10,750000,2024-09-03,89157XAD3,750000,4.724
2031-09-08,1200000,2024-09-03,24422EXX2,1200000,4.4
2054-09-10,1000000,2024-09-03,89157XAE1,1000000,5.275
2064-09-10,1250000,2024-09-03,89157XAF8,1250000,5.425
2034-09-15,750000,2024-09-03,87612EBS4,750000,4.5
2035-03-15,750000,2024-09-04,842587EA1,750000,4.85
2030-01-15,1250000,2024-09-04,90353TAN0,1250000,4.3
2034-09-15,1500000,2024-09-04,90353TAP5,1500000,4.8
2054-09-15,1250000,2024-09-04,90353TAQ3,1250000,5.35
2054-10-01,750000,2024-09-03,694308KT3,750000,5.9
2030-09-10,1500000,2024-09-03,06738ECU7,1500000,4.942
2035-09-10,2000000,2024-09-03,06738ECV5,2000000,5.335
2030-09-06,750000,2024-09-03,316773DM9,750000,4.895
2035-09-06,1000000,2024-09-03,7591EPAV2,1000000,5.502
2030-09-06,1000000,2024-09-03,80282KBM7,1000000,5.353
2034-09-09,1000000,2024-09-04,053015AH6,1000000,4.45
2029-09-10,1000000,2024-09-04,127387AN8,1000000,4.3
2034-09-10,1000000,2024-09-04,127387AP3,1000000,4.7
2030-09-11,750000,2024-09-04,13607PHS6,750000,4.631
2030-09-11,1250000,2024-09-04,251526CX5,1250000,4.999
2035-09-11,1250000,2024-09-04,251526CY3,1250000,5.403
2030-09-11,1000000,2024-09-04,80281LAU9,1000000,4.858
2029-09-11,750000,2024-09-04,863667BE0,750000,4.25
2034-09-11,750000,2024-09-04,863667BF7,750000,4.625
2034-09-12,1250000,2024-09-05,980236AR4,1250000,5.1
2054-09-12,750000,2024-09-05,980236AS2,750000,5.7
2029-09-17,800000,2024-09-10,120568BE9,800000,4.2
2034-09-17,800000,2024-09-10,120568BF6,800000,4.65
2030-09-19,3000000,2024-09-12,17327CAT0,3000000,4.542
2031-10-15,1250000,2024-09-10,682680CD3,1250000,4.75
2034-11-01,1600000,2024-09-10,682680CE1,1600000,5.05
2054-11-01,1500000,2024-09-10,682680CF8,1500000,5.7
2029-10-15,1750000,2024-09-12,42824CBT5,1750000,4.55
2031-10-15,1250000,2024-09-12,42824CBU2,1250000,4.85
2034-10-15,2000000,2024-09-12,42824CBV0,2000000,5
2054-10-15,1500000,2024-09-12,42824CBW8,1500000,5.6
2029-09-18,1000000,2024-09-16,66989HAT5,1000000,3.8
2031-09-18,850000,2024-09-16,66989HAU2,850000,4
2034-09-18,1100000,2024-09-16,66989HAV0,1100000,4.2
2054-09-18,750000,2024-09-16,66989HAW8,750000,4.7
2034-10-01,850000,2024-09-16,50540RBB7,850000,4.8
2034-03-15,998525,2024-08-08,65163LAR0,998525,5.35
2034-09-26,1000000,2024-09-23,828807DY0,1000000,4.75
2035-01-15,900000,2024-09-23,87264ADM4,900000,4.7
2055-06-15,900000,2024-09-23,87264ADN2,900000,5.25
2029-09-27,1500000,2024-09-25,68389XCS2,1500000,4.2
2034-09-27,1750000,2024-09-25,68389XCT0,1750000,4.7
2054-09-27,1750000,2024-09-25,68389XCU7,1750000,5.375
2064-09-27,1250000,2024-09-25,68389XCV5,1250000,5.5
2030-02-15,1500000,2024-09-26,11135FCB5,1500000,4.35
2032-02-15,875000,2024-09-26,11135FCC3,875000,4.55
2034-10-15,1750000,2024-09-26,11135FCD1,1750000,4.8
2035-03-23,800000,2024-09-30,134429BQ1,800000,4.75
2035-02-01,800000,2024-10-01,24703DBQ3,800000,4.85
2031-10-04,1200000,2024-10-01,00440KAC7,1200000,4.25
2029-10-04,1200000,2024-10-01,00440KAB9,1200000,4.05
2034-10-04,1500000,2024-10-01,00440KAD5,1500000,4.5
2054-10-15,900000,2024-10-07,27636AAA0,900000,5.65
2031-10-10,750000,2024-10-07,89236TMT9,750000,4.6
2030-10-18,2000000,2024-10-08,78017FZT3,2000000,4.65
2045-05-11,2446755,2024-09-05,822905AA3,2446755,4.375
2030-04-06,1355391,2024-09-05,822905AB1,1355391,2.75
2035-05-11,1192346,2024-09-05,822905AC9,1192346,4.125
2043-08-12,960281,2024-09-05,822905AD7,960281,4.55
2046-05-10,1764084,2024-09-05,822905AE5,1764084,4
2029-11-07,1075279,2024-09-05,822905AF2,1075279,2.375
2050-04-06,1664464,2024-09-05,822905AG0,1664464,3.25
2046-09-12,1004380,2024-09-05,822905AH8,1004380,3.75
2034-04-15,1440508,2024-09-05,16411RAN9,1440508,5.65
2030-10-23,2000000,2024-10-16,38141GB60,2000000,4.692
2035-10-23,3500000,2024-10-16,38141GB78,3500000,5.016
2030-10-22,2500000,2024-10-15,46647PEQ5,2500000,4.603
2035-10-22,3000000,2024-10-15,46647PER3,3000000,4.946
2032-10-21,1500000,2024-10-16,693475CA1,1500000,4.812
2030-10-18,3000000,2024-10-16,61747YFU4,3000000,4.654
2030-02-15,750000,2024-10-22,036752BB8,750000,4.75
2031-11-01,750000,2024-10-22,036752BC6,750000,4.95
2035-02-15,1200000,2024-10-22,036752BD4,1200000,5.2
2055-02-15,1350000,2024-10-22,036752BE2,1350000,5.7
2064-11-01,800000,2024-10-22,036752BF9,800000,5.85
2035-01-15,750000,2024-10-28,032095AR2,750000,5
2032-03-15,750000,2024-10-30,94106LCD9,750000,4.8
2035-03-15,1500000,2024-10-30,94106LCE7,1500000,4.95
2054-10-15,1250000,2024-10-30,94106LCF4,1250000,5.35
2029-11-01,750000,2024-10-30,718172DN6,750000,4.625
2031-11-01,750000,2024-10-30,718172DP1,750000,4.75
2034-11-01,750000,2024-10-30,718172DQ9,750000,4.9
2031-11-05,1000000,2024-10-31,345397G31,1250000,6.054
2034-12-01,750000,2024-10-31,573284BA3,750000,5.15
2054-12-01,750000,2024-10-31,573284BB1,750000,5.5
2030-03-15,1000000,2024-10-30,571748CA8,1000000,4.65
2031-11-15,1000000,2024-10-30,571748CB6,1000000,4.85
2035-03-15,2000000,2024-10-30,571748CC4,2000000,5
2055-03-15,1500000,2024-10-30,571748CD2,1500000,5.4
2029-11-15,900000,2024-11-12,14913UAU4,900000,4.7
2045-11-19,3000000,2024-11-12,38141GB86,3000000,5.561
2030-11-19,2250000,2024-11-12,404280EN5,2250000,5.286
2031-01-15,1150000,2024-11-12,446150BE3,1150000,5.272
2029-11-15,750000,2024-11-13,14149YBR8,750000,5
2034-11-15,1000000,2024-11-13,14149YBS6,1000000,5.35
2029-11-15,750000,2024-11-13,375558CB7,750000,4.8
2035-06-15,1000000,2024-11-13,375558CC5,1000000,5.1
2054-11-15,1000000,2024-11-13,375558CD3,1000000,5.5
2064-11-15,750000,2024-11-13,375558CE1,750000,5.6
2034-12-01,750000,2024-11-18,929160BC2,750000,5.35
2054-12-01,750000,2024-11-18,929160BD0,750000,5.7
2055-11-19,3000000,2024-11-18,61747YFV2,3000000,5.516
2035-11-26,1000000,2024-11-19,539439BA6,1000000,5.59
2030-01-30,750000,2024-11-18,370334DA9,750000,4.875
2035-01-30,750000,2024-11-18,370334DB7,750000,5.25
2054-12-01,1000000,2024-11-18,26875PAW1,1000000,5.65
2029-12-01,1000000,2024-11-20,03831WAB4,1000000,5.125
2031-12-01,1000000,2024-11-20,03831WAC2,1000000,5.375
2034-12-01,1000000,2024-11-20,03831WAD0,1000000,5.5
2035-01-15,750000,2024-11-21,165167DH7,750000,5.7
2045-11-29,2500000,2024-11-21,46647PES1,2500000,5.534
2035-12-03,2500000,2024-11-25,95000U3N1,2500000,5.211
2030-01-15,1350000,2024-11-25,20826FBJ4,1350000,4.7
2035-01-15,1250000,2024-11-25,20826FBL9,1250000,5
2055-01-15,1300000,2024-11-25,20826FBM7,1300000,5.5
2053-11-15,899386,2024-10-25,47214BAD0,899386,7.25
2034-12-06,750000,2024-12-02,092914AA8,750000,5
2055-02-15,750000,2024-12-03,127097AN3,15820,5.9
2030-03-11,750000,2024-12-04,876030AK3,750000,5.1
2035-03-11,750000,2024-12-04,876030AL1,750000,5.5
2031-11-15,750000,2024-12-09,925650AH6,750000,5.125
2029-12-15,750000,2024-12-10,04316JAL3,750000,4.85
2029-12-17,1000000,2024-12-09,89115A3C4,1000000,4.783
2035-02-15,1500000,2024-12-10,04316JAN9,1500000,5.15
2055-02-15,1500000,2024-12-10,04316JAP4,1500000,5.55
2030-02-15,1000000,2024-12-11,595017BL7,1000000,5.05
2036-01-16,1000000,2024-12-10,55261FAV6,1000000,5.385
2031-05-01,999056,2024-11-18,097023DR3,999056,6.388
2034-05-01,2491872,2024-11-18,097023DS1,2491872,6.528
2054-05-01,2486531,2024-11-18,097023DT9,2486531,6.858
2064-05-01,1479504,2024-11-18,097023DU6,1479504,7.008
2032-03-08,1000000,2025-01-02,04010LBH5,1000000,5.8
2031-03-13,998795,2024-12-02,83444MAQ4,998795,5.45
2034-03-23,1647430,2024-12-02,83444MAR2,1647430,5.6
2054-04-30,1247858,2024-12-02,83444MAS0,1226007,5.9
2055-03-15,750000,2025-01-02,29364WBQ0,750000,5.8
2029-11-07,1250000,2025-01-02,345397G49,1250000,5.875
2035-02-07,1250000,2025-01-02,345397G56,1250000,6.5
2030-01-07,1200000,2025-01-02,37045XFB7,1200000,5.35
2035-01-07,1000000,2025-01-02,37045XFC5,1000000,5.9
2031-01-13,900000,2025-01-06,13607PVQ4,900000,5.245
2030-01-09,1250000,2025-01-06,12704PAB4,1250000,5.125
2035-01-09,1250000,2025-01-06,12636YAF9,1250000,5.5
2031-01-16,1100000,2025-01-06,606822DG6,1100000,5.197
2036-01-16,1150000,2025-01-06,606822DH4,1150000,5.574
2035-03-01,850000,2025-01-06,842400JG9,850000,5.45
2031-12-15,750000,2025-01-06,00774MBP9,750000,5.375
2030-01-17,1000000,2025-01-07,05964HBJ3,1000000,5.565
2035-01-17,1000000,2025-01-07,05964HBK0,1000000,6.033
2030-04-15,800000,2025-01-06,11135FCF6,800000,5.05
2032-04-15,1100000,2025-01-06,11135FCG4,1100000,5.2
2030-04-15,800000,2025-01-07,86562MDS6,800000,5.24
2035-01-15,1000000,2025-01-07,86562MDU1,1000000,5.632
2035-01-09,850000,2025-01-06,89236TNB7,850000,5.35
2035-03-15,1000000,2025-01-06,969457CP3,1000000,5.6
2031-04-15,1250000,2025-01-08,80281LAV7,1250000,5.694
2035-06-15,1000000,2025-01-13,72650RBQ4,1000000,5.95
2035-01-16,1250000,2025-01-13,244199BL8,1250000,5.45
2055-01-19,750000,2025-01-13,244199BM6,750000,5.7
2031-01-24,3000000,2025-01-16,95000U3P6,3000000,5.244
2031-01-15,2500000,2025-01-16,61748UAE2,2500000,5.23
2036-01-18,3000000,2025-01-16,61748UAF9,3000000,5.587
2034-08-15,1197999,2024-12-11,16411QAS0,1197999,5.75
2031-01-24,2500000,2025-01-16,46647PEV4,2500000,5.14
2036-01-24,2750000,2025-01-16,46647PEW2,2750000,5.502
2031-01-24,2750000,2025-01-17,06051GML0,2750000,5.162
2036-01-24,3500000,2025-01-17,06051GMM8,3500000,5.511
2031-01-28,2100000,2025-01-21,38141GC36,2100000,5.207
2036-01-28,3000000,2025-01-21,38141GC44,3000000,5.536
2056-01-28,3000000,2025-01-21,38141GC51,3000000,5.734
2031-01-29,1000000,2025-01-22,693475CB9,1000000,5.222
2036-01-29,1750000,2025-01-22,693475CC7,1750000,5.575
2031-02-04,1800000,2025-01-21,78017DAC2,1800000,5.153
2032-01-29,1000000,2025-01-22,09261HBX4,1000000,6
2054-06-15,750000,2024-12-17,68233JCU6,750000,5.55
2030-03-15,1000000,2025-01-30,65339KDJ6,1000000,5.05
2032-03-15,750000,2025-01-30,65339KDK3,750000,5.3
2035-03-15,1000000,2025-01-30,65339KDL1,1000000,5.45
2055-03-15,750000,2025-01-30,65339KDM9,750000,5.9
2032-02-03,1250000,2025-01-30,68389XCZ6,1250000,5.25
2035-08-03,1750000,2025-01-30,68389XDA0,1750000,5.5
2055-08-03,1750000,2025-01-30,68389XDB8,1750000,6
2065-08-03,1000000,2025-01-30,68389XDC6,1000000,6.125
2031-02-14,1000000,2025-01-30,06418GAQ0,1000000,5.13
2030-02-10,800000,2025-01-30,863667BL4,800000,4.85
2035-02-10,1000000,2025-01-30,863667BM2,1000000,5.2
2030-02-07,1000000,2025-02-05,713448GB8,1000000,4.6
2035-02-07,1250000,2025-02-05,713448GC6,1250000,5
2030-02-10,1000000,2025-02-05,459200LG4,1000000,4.8
2032-02-10,850000,2025-02-05,459200LH2,850000,5
2055-02-10,1000000,2025-02-05,459200LK5,1000000,5.7
2030-03-01,1100000,2025-02-06,56585ABK7,1100000,5.15
2035-03-01,900000,2025-02-06,56585ABL5,900000,5.7
2036-05-13,900000,2025-02-06,60687YDJ5,900000,5.422
2031-02-12,1300000,2025-02-05,91159HJT8,1300000,5.046
2036-02-12,1200000,2025-02-05,91159HJU5,1200000,5.424
2030-02-12,1250000,2025-02-10,532457CV8,1250000,4.75
2032-02-12,1000000,2025-02-10,532457CW6,1000000,4.9
2035-02-12,1250000,2025-02-10,532457CX4,1250000,5.1
2055-02-12,1250000,2025-02-10,532457CY2,1250000,5.5
2065-02-12,750000,2025-02-10,532457CZ9,750000,5.6
2035-02-20,1000000,2025-02-10,907818GG7,1000000,5.1
2054-12-01,1000000,2025-02-10,907818GH5,1000000,5.6
2034-01-15,796073,2025-01-14,08576PAQ4,796073,5.65
2031-06-15,799275,2025-01-14,08576BAB8,799275,5.8
2032-01-30,750000,2025-01-28,89115A3G5,750000,5.298
2030-04-01,1100000,2025-02-18,233331BN6,1100000,5.2
2055-03-15,950000,2025-02-18,341081GY7,950000,5.7
2030-03-01,1000000,2025-02-18,478160DJ0,1000000,4.7
2032-03-01,1250000,2025-02-18,478160DK7,1250000,4.85
2035-03-01,1250000,2025-02-18,478160DL5,1250000,5
2030-03-15,1000000,2025-02-18,00287YDZ9,1000000,4.875
2035-03-15,1000000,2025-02-18,00287YEA3,1000000,5.2
2055-03-15,750000,2025-02-18,00287YEB1,750000,5.6
2030-02-21,1000000,2025-02-18,055451BJ6,1000000,5
2032-02-21,750000,2025-02-18,055451BK3,750000,5.125
2035-02-21,1250000,2025-02-18,055451BL1,1250000,5.3
2035-04-01,1250000,2025-02-18,29273VBE9,1250000,5.7
2055-04-01,1100000,2025-02-18,29273VBF6,1100000,6.2
2031-02-25,1750000,2025-02-19,06738ECY9,1750000,5.367
2036-02-25,2000000,2025-02-19,06738ECZ6,2000000,5.785
2030-02-24,1000000,2025-02-19,17275RBX9,1000000,4.75
2030-03-01,750000,2025-02-18,404119CZ0,750000,5.25
2032-03-01,750000,2025-02-18,404119DA4,750000,5.5
2035-03-01,1500000,2025-02-18,404119DB2,1500000,5.75
2055-03-01,1250000,2025-02-18,404119DC0,1250000,6.2
2032-02-24,1000000,2025-02-19,17275RBY7,1000000,4.95
2035-02-24,1250000,2025-02-19,17275RBZ4,1250000,5.1
2055-02-24,750000,2025-02-19,17275RCA8,750000,5.5
2035-02-15,1000000,2025-02-19,30212PBL8,1000000,5.4
2035-03-01,800000,2025-02-24,03040WBF1,800000,5.25
2030-04-15,1100000,2025-02-24,166756BD7,1100000,4.687
2035-04-15,750000,2025-02-24,166756BF2,750000,4.98
2031-03-15,500000,2025-02-24,373334LA7,900000,4.85
2030-03-15,750000,2025-02-24,50212YAL8,750000,5.2
2037-04-15,1500000,2025-02-24,571903BU6,1500000,5.5
2035-04-15,750000,2025-02-25,03076CAP1,750000,5.2
2056-03-04,2000000,2025-02-25,17327CAY9,2000000,5.612
2035-08-15,1000000,2025-02-24,87612GAM3,1000000,5.55
2055-05-15,1000000,2025-02-24,87612GAN1,1000000,6.125
2031-03-05,750000,2025-02-24,174610BJ3,750000,5.253
2035-03-01,1000000,2025-02-24,694308KU0,1000000,5.7
2055-03-01,750000,2025-02-24,694308KV8,750000,6.15
2035-03-15,750000,2025-02-27,023608AR3,750000,5.375
2032-04-04,750000,2025-02-27,37045XFG6,750000,5.625
2031-03-03,1750000,2025-02-26,404280ER6,1750000,5.13
2036-03-03,2250000,2025-02-26,404280ES4,2250000,5.45
2030-03-15,750000,2025-03-03,12572QAL9,750000,4.4
2035-03-15,850000,2025-03-03,26442UAU8,850000,5.05
2055-03-15,750000,2025-03-03,26442UAV6,750000,5.55
2035-05-01,750000,2025-03-03,444859CD2,750000,5.55
2035-04-01,1000000,2025-03-03,55336VBY5,1000000,5.4
2055-04-01,1000000,2025-03-03,55336VBZ2,1000000,5.95
2031-07-29,994506,2025-02-03,03770DAD5,994506,6.7
2030-04-01,2000000,2025-03-03,871607AC1,2000000,4.85
2032-04-01,1500000,2025-03-03,871607AD9,1500000,5
2035-04-01,2400000,2025-03-03,871607AE7,2400000,5.15
2055-04-01,2100000,2025-03-03,871607AG2,2100000,5.7
2035-06-15,600000,2025-03-06,126408HZ9,900000,5.05
2030-06-15,800000,2025-03-06,25746UDW6,800000,5
2035-04-01,1200000,2025-03-06,25278XBC2,1200000,5.55
2030-04-15,850000,2025-03-06,377372AP2,850000,4.5
2035-04-15,750000,2025-03-06,377372AQ0,750000,4.875
2035-05-15,600000,2025-03-10,858119BS8,750000,5.25
2030-03-15,650000,2025-03-11,03027XCN8,850000,4.9
2035-03-14,750000,2025-03-11,74432QCK9,750000,5.2
2032-08-15,1000000,2025-03-11,05526DCB9,1000000,5.35
2035-08-15,1000000,2025-03-11,05526DCC7,1000000,5.625
2030-03-14,1750000,2025-03-11,76720AAS5,1750000,4.875
2032-03-14,1250000,2025-03-11,76720AAT3,1250000,5
2035-03-14,1750000,2025-03-11,76720AAU0,1750000,5.25
2055-03-14,1750000,2025-03-11,76720AAV8,1750000,5.75
2065-03-14,750000,2025-03-11,76720AAW6,750000,5.875
2030-03-15,850000,2025-03-12,842400JJ3,850000,5.25
2032-03-15,800000,2025-03-12,00130HCM5,800000,5.8
2055-05-15,600000,2025-03-17,744448DB4,800000,5.85
2032-03-19,750000,2025-03-18,345397G98,750000,6.532
2031-03-20,750000,2025-03-17,80282KBQ8,750000,5.741
2035-04-15,750000,2025-03-18,98389BBE9,750000,5.6
2031-03-25,1000000,2025-03-18,456837BR3,1000000,5.066
2036-03-25,1000000,2025-03-18,456837BS1,1000000,5.525
2036-03-27,2250000,2025-03-20,17327CBA0,2250000,5.333
2055-04-01,750000,2025-03-20,65473PAU9,1500000,5.85
2035-04-15,1000000,2025-03-20,87612EBT2,1000000,5
2035-03-03,900000,2025-02-26,58013MGA6,900000,4.95
2035-04-15,850000,2025-03-24,797440CG7,850000,5.4
2030-03-27,750000,2025-03-24,74949LAF9,750000,4.75
2035-03-27,750000,2025-03-24,74949LAG7,750000,5.25
2032-05-15,1250000,2025-03-24,87264ADS1,1250000,5.125
2035-05-15,1000000,2025-03-24,87264ADT9,1000000,5.3
2055-11-15,1250000,2025-03-24,87264ADU6,1250000,5.875
2035-04-02,2250000,2025-03-24,92343VGZ1,2250000,5.25
2031-05-02,1000000,2025-03-24,78017DAH1,1000000,4.97
2035-04-01,99.681,2025-03-26,24703TAP1,99.681,5.5
2030-04-01,1000000,2025-03-26,24703TAM8,1000000,5
2032-04-01,1000000,2025-03-26,24703TAN6,1000000,5.3
2035-04-01,900000,2025-03-26,925650AK9,900000,5.625
2030-04-15,1500000,2025-04-08,704326AA5,1500000,5.1
2032-04-15,1500000,2025-04-08,704326AB3,1500000,5.35
2035-04-15,1200000,2025-04-08,704326AC1,1200000,5.6
2030-08-15,750000,2025-04-10,25245BAC1,750000,5.125
2035-04-15,750000,2025-04-10,25245BAE7,750000,5.625
2031-04-17,2500000,2025-04-14,61747YFZ3,2500000,5.192
2036-04-17,3000000,2025-04-14,61747YGA7,3000000,5.664
2031-04-22,2500000,2025-04-14,46647PEY8,2500000,5.103
2036-04-22,3500000,2025-04-14,46647PEX0,3500000,5.572
2031-04-24,1000000,2025-04-15,606822DK7,1000000,5.159
2036-04-24,1500000,2025-04-15,606822DL5,1500000,5.615
2031-04-23,3000000,2025-04-15,38141GC93,3000000,5.218
2036-04-23,3000000,2025-04-15,95000U3V3,3000000,5.605
2031-04-23,2250000,2025-04-15,95000U3W1,3750000,5.15
2035-02-15,2177695,2025-04-08,92343VGY4,2177695,4.78
2030-06-01,1100000,2025-04-22,49456BBB6,1100000,5.15
2035-06-01,750000,2025-04-22,49456BBC4,750000,5.85
2030-04-24,1000000,2025-04-22,857477DB6,1000000,4.834
2030-04-28,1000000,2025-04-23,931142FN8,1000000,4.35
2035-04-28,1500000,2025-04-23,931142FP3,1500000,4.9
2030-04-30,750000,2025-04-28,718172DT3,750000,4.375
2030-05-15,750000,2025-04-28,02079KAK3,750000,4
2035-05-15,1250000,2025-04-28,02079KAL1,1250000,4.5
2055-05-15,1500000,2025-04-28,02079KAM9,1500000,5.25
2065-05-15,1500000,2025-04-28,02079KAN7,1500000,5.3
2035-08-15,750000,2025-04-28,369550BR8,750000,4.95
2031-05-07,2000000,2025-05-01,172967QA2,2000000,4.952
2030-03-15,998836,2025-04-01,09581CAD3,998836,5.8
2029-09-15,899418,2025-04-01,09581CAB7,899418,6.6
2035-05-15,850000,2025-05-05,20030NEP2,850000,5.3
2055-05-15,1000000,2025-05-05,20030NEQ0,1000000,6.05
2030-04-15,750000,2025-05-05,37045VBA7,750000,5.625
2030-05-12,1000000,2025-05-05,037833EZ9,1000000,4.2
2032-05-12,1000000,2025-05-05,037833FA3,1000000,4.5
2035-05-12,1000000,2025-05-05,037833FB1,1000000,4.75
2032-05-08,1000000,2025-05-05,053015AJ2,1000000,4.75
2035-05-15,750000,2025-05-05,74340XCR0,750000,5.25
2031-05-13,1250000,2025-05-06,693475CD5,1250000,4.899
2035-05-09,1000000,2025-05-06,231021BA3,1000000,5.3
2031-05-09,1500000,2025-05-06,251526DA4,1500000,5.297
2036-05-09,2000000,2025-05-06,06051GMW6,2000000,5.464
2031-05-13,2250000,2025-05-08,404280EW5,2250000,5.24
2036-05-13,2000000,2025-05-08,404280EX3,2000000,5.79
2030-05-15,750000,2025-05-12,89236TNJ0,750000,4.8
2031-05-15,1250000,2025-05-12,91159HJV3,1250000,5.083
2035-05-15,1700000,2025-05-12,149123CL3,1700000,5.2
2035-05-14,1250000,2025-05-12,911312CJ3,1250000,5.25
2055-05-14,1250000,2025-05-12,911312CK0,1250000,5.95
2065-05-14,1000000,2025-05-12,911312CL8,1000000,6.05
2055-05-19,1000000,2025-05-14,04686JAL5,1000000,6.625
2030-05-19,1250000,2025-05-14,980236AT0,1250000,5.4
2035-05-19,1250000,2025-05-14,980236AV5,1250000,6
2031-05-20,1250000,2025-05-15,89788MAU6,1250000,5.071
2034-11-22,795949,2025-04-21,09261HBW6,795949,6
2032-05-22,750000,2025-05-20,49177JAS1,750000,4.85
2031-05-23,1250000,2025-05-20,639057AV0,1250000,5.115
2035-05-29,750000,2025-05-19,960386AT7,750000,5.5
2030-01-15,745486,2025-04-23,83272GAD3,745486,5.2
2034-04-03,996905,2025-04-23,83272GAE1,996905,5.438
2054-04-03,996770,2025-04-23,83272GAF8,996770,5.777
2035-01-15,848660,2025-04-23,83272YAB8,848660,5.418
2035-06-03,800000,2025-05-27,29446MAN2,800000,5.125
2030-07-15,1000000,2025-05-27,37045XFJ0,1000000,5.45
2035-07-15,750000,2025-05-27,37045XFK7,750000,6.15
2030-02-15,748947,2025-04-24,04020EAD9,748947,5.6
2032-03-21,750000,2025-04-24,04020EAJ6,750000,6.2
2030-09-01,750000,2025-05-27,04010LBK8,750000,5.5
2030-06-03,700000,2025-05-27,89115KAB6,1150000,4.808
2030-08-15,1000000,2025-05-28,00206RMX7,1000000,4.7
2035-08-15,1250000,2025-05-28,00206RMY5,1250000,5.375
2056-08-15,1250000,2025-05-28,00206RMZ2,1250000,6.05
2035-08-15,850000,2025-06-02,694308KX4,850000,6
2030-06-05,800000,2025-06-02,24422EYE3,800000,4.55
2056-03-15,900000,2025-06-02,12189LBM2,900000,5.8
2035-08-15,900000,2025-06-02,620076CC1,900000,5.55
2035-06-15,850000,2025-06-03,36266GAC1,850000,5.5
2030-09-15,750000,2025-06-04,87612GAP6,750000,4.9
2036-02-15,750000,2025-06-04,87612GAQ4,750000,5.65
2030-07-10,1000000,2025-06-05,247361A32,1000000,5.25
2031-07-08,750000,2025-06-10,55261FAY0,750000,5.179
2030-06-23,800000,2025-06-11,115236AK7,800000,4.9
2035-06-23,1000000,2025-06-11,115236AM3,1000000,5.55
2055-06-23,1000000,2025-06-11,115236AN1,1000000,6.25
2031-01-15,750000,2025-06-17,29379VCK7,1350000,4.6
2036-01-15,750000,2025-06-17,29379VCL5,1500000,5.2
2032-07-15,1250000,2025-06-16,26875PAY7,1250000,5
2036-01-15,1250000,2025-06-16,26875PAZ4,1250000,5.35
2055-07-15,500000,2025-06-16,26875PBA8,750000,5.95
2031-01-15,750000,2025-06-17,91324PFP2,750000,4.65
2035-06-15,1000000,2025-06-17,91324PFQ0,1000000,5.3
2055-06-15,750000,2025-06-17,91324PFR8,750000,5.95
2035-06-20,900000,2025-06-16,29250NCK9,900000,5.55
2035-07-15,900000,2025-06-23,65473PAX3,900000,5.35
2036-01-15,800000,2025-06-23,744533BS8,800000,5.45
2030-07-01,750000,2025-06-24,65535HBZ1,750000,4.904
2030-07-08,1300000,2025-06-25,438127AE2,1300000,4.688
2035-07-08,1000000,2025-06-25,438127AF9,1000000,5.337
2030-07-01,600000,2025-06-25,95041AAF5,1000000,4.5
2035-07-01,650000,2025-06-25,95041AAG3,1250000,5.125
2030-07-01,750000,2025-06-24,961214GC1,750000,4.354
2031-07-08,1250000,2025-06-26,60687YDL0,1250000,4.711
2036-07-08,1000000,2025-06-26,60687YDM8,1000000,5.323
2035-07-07,1650000,2025-06-26,87406BAA0,1650000,5.2
2055-07-07,750000,2025-06-26,87406BAB8,750000,5.9
2030-06-30,750000,2025-06-26,969457CR9,750000,4.625
2035-09-30,750000,2025-06-26,969457CS7,750000,5.3
2030-07-15,1750000,2025-07-07,11135FCK5,1750000,4.6
2032-07-15,1750000,2025-07-07,11135FCL3,1750000,4.9
2035-07-15,2500000,2025-07-07,11135FCM1,2500000,5.2
2032-07-09,750000,2025-07-08,02665WGF2,750000,5.15
2036-07-21,1500000,2025-07-17,693475CE3,1500000,5.373
2032-07-23,850000,2025-07-21,713448GJ1,850000,4.65
2035-07-23,1250000,2025-07-21,713448GK8,1250000,5
2055-07-24,750000,2025-07-21,89417EAU3,750000,5.7
2030-07-29,1000000,2025-07-22,369604BZ5,1000000,4.3
2036-01-29,1000000,2025-07-22,369604CA9,1000000,4.9
2030-08-15,750000,2025-07-23,539830CL1,750000,4.4
2035-08-15,750000,2025-07-23,539830CM9,750000,5
2031-08-06,1000000,2025-07-28,78017DAM0,1000000,4.696
2035-08-15,1250000,2025-08-04,171239AM8,1250000,4.9
2031-02-15,1000000,2025-08-04,337738BP2,1000000,4.55
2035-08-11,1000000,2025-08-04,337738BQ0,1000000,5.25
2035-09-15,800000,2025-08-04,744448DC2,800000,5.15
2035-08-12,500000,2025-08-07,03769MAE6,850000,5.15
2031-02-15,1250000,2025-08-07,55336VCA6,1250000,4.8
2033-01-15,750000,2025-08-07,55336VCB4,750000,5
2035-09-15,1500000,2025-08-07,55336VCC2,1500000,5.4
2055-09-15,1000000,2025-08-07,55336VCD0,1000000,6.2
2032-10-15,750000,2025-08-06,682680DB6,750000,4.95
2035-10-15,1000000,2025-08-06,682680DC4,1000000,5.4
2055-10-15,1250000,2025-08-06,682680DD2,1250000,6.25
2035-09-15,1000000,2025-08-07,776696AM8,1000000,5.1
2055-09-01,900000,2025-08-06,03040WBG9,900000,5.7
2033-01-15,800000,2025-08-06,30225VAV9,800000,4.95
2046-08-11,1250000,2025-08-04,06738EDE2,1250000,5.86
2035-08-07,900000,2025-08-04,48251WAB0,900000,5.1
2035-09-01,1250000,2025-08-05,55354GAR1,1250000,5.25
2030-10-15,1200000,2025-08-11,166756BJ4,1200000,4.3
2032-10-15,1250000,2025-08-11,166756BK1,1250000,4.5
2035-10-15,900000,2025-08-11,166756BL9,900000,4.85
2032-09-15,750000,2025-08-11,126650EJ5,750000,5
2035-09-15,1500000,2025-08-11,126650EK2,1500000,5.45
2055-09-15,1250000,2025-08-11,126650EL0,1250000,6.2
2035-08-17,1000000,2025-08-11,98978VAX1,1000000,5
2035-10-01,800000,2025-08-12,828807EA1,800000,5.125
2031-03-15,750000,2025-08-18,532457DC9,750000,4.25
2032-10-15,1000000,2025-08-18,532457DD7,1000000,4.55
2035-10-15,1250000,2025-08-18,532457DE5,1250000,4.9
2055-10-15,1000000,2025-08-18,532457DF2,1000000,5.55
2065-10-15,1000000,2025-08-18,532457DG0,1000000,5.65
2035-12-01,1250000,2025-08-18,161175CS1,1250000,5.85
2055-12-01,750000,2025-08-18,161175CT9,750000,6.7
2036-02-13,750000,2025-08-18,58013MGC2,750000,5
2035-03-17,750000,2025-07-24,02344AAH1,750000,5.5
2031-09-08,1000000,2025-09-02,13607QFE7,1000000,4.58
2030-09-05,1250000,2025-09-02,345397H48,1250000,5.73
2031-09-12,1000000,2025-09-02,606822DN1,1000000,4.527
2036-09-12,1000000,2025-09-02,606822DQ4,1000000,5.188
2035-09-25,900000,2025-09-02,78081BAU7,900000,5.2
2055-09-05,1000000,2025-09-02,055451BM9,1000000,5.75
2030-09-15,750000,2025-09-02,58933YBQ7,750000,4.15
2032-09-15,1000000,2025-09-02,58933YBR5,1000000,4.55
2035-09-15,1750000,2025-09-02,58933YBS3,1750000,4.95
2055-09-15,1250000,2025-09-02,58933YBT1,1250000,5.7
2031-01-15,700000,2025-09-03,72650RBR2,1000000,4.7
2036-01-15,550000,2025-09-03,72650RBS0,1000000,5.6
2031-09-11,3000000,2025-09-04,172967QF1,3000000,4.503
2036-09-11,3000000,2025-09-04,172967QH7,3000000,5.174
2036-09-15,1750000,2025-09-08,95000U4B6,1750000,4.892
2035-09-15,1000000,2025-09-08,26441CCJ2,1000000,4.95
2055-09-15,750000,2025-09-08,26441CCK9,750000,5.7
2032-09-15,750000,2025-09-08,036752BJ1,750000,4.6
2036-01-15,1000000,2025-09-08,036752BK8,1000000,5
2035-09-15,825000,2025-09-08,927804GV0,825000,4.9
2055-09-15,875000,2025-09-08,927804GW8,875000,5.6
2031-09-15,850000,2025-09-08,06418GAW7,850000,4.338
2030-10-15,850000,2025-09-08,42824CCA5,850000,4.4
2055-09-11,850000,2025-09-09,754730AK5,850000,5.65
2035-09-15,1000000,2025-09-08,437076DK5,1000000,4.65
2031-01-15,1000000,2025-09-08,90353TAT7,1000000,4.15
2035-09-15,1250000,2025-09-08,90353TAU4,1250000,4.8
2030-09-15,1000000,2025-09-02,125523CX6,1000000,4.5
2032-09-15,1250000,2025-09-02,125523CY4,1250000,4.875
2036-01-15,1500000,2025-09-02,125523CZ1,1500000,5.25
2056-01-15,750000,2025-09-03,125523DA5,750000,6
2031-01-15,750000,2025-09-03,260543DN0,750000,4.8
2031-01-15,1089722,2025-08-08,26884LBD0,1089722,4.75
2031-09-22,1000000,2025-09-15,06368MXV1,1000000,4.35
2036-09-22,1000000,2025-09-15,80281LAY1,1000000,5.136
2032-11-01,1150000,2025-09-18,00206RNB4,1150000,4.55
2035-11-01,1250000,2025-09-18,00206RNC2,1250000,4.9
2045-11-01,1100000,2025-09-18,00206RND0,1100000,5.55
2054-11-01,1500000,2025-09-18,00206RNE8,1500000,5.7
2033-03-22,750000,2025-09-18,054989AF5,750000,4.625
2055-10-15,750000,2025-09-22,00108WAU4,750000,5.85
2030-10-15,1000000,2025-09-22,11135FCW9,1000000,4.2
2036-02-15,2250000,2025-09-22,11135FCY5,2250000,4.8
2031-02-15,1250000,2025-09-22,24703DBS9,1250000,4.5
2032-10-06,1250000,2025-09-22,24703DBT7,1250000,4.75
2036-02-15,1250000,2025-09-22,24703DBU4,1250000,5.1
2031-03-15,1100000,2025-09-23,548661EV5,1100000,4.25
2032-10-15,1300000,2025-09-23,548661EW3,1300000,4.5
2035-10-15,1200000,2025-09-23,548661EX1,1200000,4.85
2030-09-26,3000000,2025-09-24,68389XDH5,3000000,4.45
2032-09-26,3000000,2025-09-24,68389XDK8,3000000,4.8
2035-09-26,4000000,2025-09-24,68389XDM4,4000000,5.2
2045-09-26,2500000,2025-09-24,68389XDP7,2500000,5.875
2055-09-26,3500000,2025-09-24,68389XDR3,3500000,5.95
2065-09-26,2000000,2025-09-24,68389XDT9,2000000,6.1
2032-10-15,850000,2025-09-30,694308KY2,850000,5.05
2055-10-15,750000,2025-09-30,694308KZ9,750000,6.1
2032-10-07,750000,2025-09-30,883556DD1,750000,4.473
2035-10-07,750000,2025-09-30,883556DE9,750000,4.794
2037-01-15,691967,2025-09-22,20030NES6,1172013,5.168
2031-02-09,1000000,2025-10-06,12636YAH5,1000000,4.4
2036-02-09,1000000,2025-10-06,12636YAJ1,1000000,5
2033-01-15,800000,2025-10-06,87264ADW2,800000,4.625
2035-11-15,1000000,2025-10-06,87264ADX0,1000000,4.95
2056-01-15,1000000,2025-10-06,87264ADY8,1000000,5.7
2046-04-01,1006969,2025-08-29,31428XDS2,1006969,4.55
2050-05-15,1046687,2025-08-29,31428XDW3,1046687,5.25
2031-10-21,3000000,2025-10-14,38141GD35,3000000,4.369
2036-10-21,3500000,2025-10-14,38141GD43,3500000,4.939
2031-10-22,2000000,2025-10-15,46647PFD3,2000000,4.255
2036-10-22,3000000,2025-10-15,46647PFE1,3000000,4.81
2031-10-22,2500000,2025-10-17,61748UAM4,2500000,4.356
2036-10-22,3000000,2025-10-17,61748UAN2,3000000,4.892
2035-10-15,1250000,2025-10-06,89115KAJ9,1250000,4.928
2031-02-15,2745719,2025-09-18,11135FCQ2,2745719,2.45
2033-02-15,1745822,2025-09-18,11135FCR0,1745822,2.6
2041-02-15,2985324,2025-09-18,11135FCV1,2985324,3.5
2051-02-15,1748078,2025-09-18,11135FCS8,1748078,3.75
2033-04-15,2247572,2025-09-18,11135FCU3,2247572,3.419
2034-04-15,3240678,2025-09-18,11135FCT6,3240678,3.469
2036-10-23,1250000,2025-10-20,89788MAV4,1250000,4.964
2030-11-15,1000000,2025-10-27,032095AY7,1000000,4.125
2033-02-15,1250000,2025-10-27,032095AZ4,1250000,4.4
2036-02-15,1600000,2025-10-27,032095BA8,1600000,4.625
2055-11-15,1650000,2025-10-27,032095BB6,1650000,5.3
2030-10-29,750000,2025-10-27,718172DY2,750000,4
2032-10-29,850000,2025-10-27,718172DZ9,850000,4.25
2035-10-29,850000,2025-10-27,718172EA3,850000,4.625
2035-11-15,750000,2025-10-27,844741BM9,750000,5.25
2035-10-31,1000000,2025-10-28,345397H89,1000000,5.869
2032-11-15,1000000,2025-10-27,404119DE6,1000000,4.6
2035-11-15,1000000,2025-10-27,404119DF3,1000000,4.9
2055-11-15,750000,2025-10-27,404119DH9,750000,5.7
2031-11-04,1500000,2025-10-28,53944YBD4,1500000,4.425
2036-11-04,1250000,2025-10-28,53944YBE2,1250000,4.943
2031-11-03,1000000,2025-10-28,78017DAQ1,1000000,4.305
2030-11-06,1250000,2025-10-30,05971KAR0,1250000,4.551
2035-11-06,1250000,2025-10-30,05971KAS8,1250000,5.127
2032-11-03,1200000,2025-10-27,801060AJ3,1200000,4.2
2032-11-03,750000,2025-10-27,742718GP8,750000,4.1
2030-11-05,1750000,2025-11-03,66989HAY4,1750000,4.1
2032-11-05,925000,2025-11-03,66989HAZ1,925000,4.3
2035-11-05,925000,2025-11-03,66989HBA5,925000,4.6
2030-11-06,1000000,2025-11-03,822905AN5,1000000,4.125
2036-01-06,1000000,2025-11-03,822905AQ8,1000000,4.75
2030-11-15,1250000,2025-11-05,29390XAG9,1250000,4.6
2033-01-15,750000,2025-11-05,12505BAL4,750000,4.9
2035-11-14,1000000,2025-11-06,29446MAP7,1000000,4.75
2030-11-15,1700000,2025-11-06,37940XAW2,1700000,4.875
2032-11-15,1000000,2025-11-06,37940XAX0,1000000,5.2
2035-11-15,1750000,2025-11-06,37940XAY8,1750000,5.55
2036-07-30,1000000,2025-11-06,87612GAS0,1000000,5.4
2031-11-06,2250000,2025-10-30,404280FE4,2250000,4.619
2036-11-06,2250000,2025-10-30,404280FG9,2250000,5.133
2030-11-15,4000000,2025-10-30,30303MAB8,4000000,4.2
2032-11-15,4000000,2025-10-30,30303MAC6,4000000,4.6
2035-11-15,6500000,2025-10-30,30303MAD4,6500000,4.875
2045-11-15,4500000,2025-10-30,30303M8X3,4500000,5.5
2055-11-15,6500000,2025-10-30,30303MAE2,6500000,5.625
2065-11-15,4500000,2025-10-30,30303M8Y1,4500000,5.75
2036-01-15,400000,2025-11-13,113004AC9,850000,5.298
2055-11-15,900000,2025-11-17,209111GP2,900000,5.75
2036-01-15,800000,2025-11-17,83272YAC6,800000,5.185
2030-11-15,2500000,2025-11-03,02079KAW7,2500000,4.1
2032-11-15,1250000,2025-11-03,02079KAX5,1250000,4.375
2035-11-15,3500000,2025-11-03,02079KAY3,3500000,4.7
2045-11-15,2000000,2025-11-03,02079KAZ0,2000000,5.35
2055-11-15,4000000,2025-11-03,02079KBA4,4000000,5.45
2075-11-15,2750000,2025-11-03,02079KBB2,2750000,5.75
2035-11-26,1000000,2025-11-20,12527GAL7,1000000,5.3
2031-01-15,750000,2025-11-19,26875PBB6,750000,4.4
2036-01-15,1000000,2025-11-10,50249AAR4,1000000,5.875
2033-01-15,2000000,2025-11-10,92343VHF4,2000000,4.75
2036-01-15,2250000,2025-11-10,92343VHG2,2250000,5
2045-11-30,1500000,2025-11-10,92343VHH0,1500000,5.75
2055-11-30,3250000,2025-11-10,92343VHJ6,3250000,5.875
2065-11-30,2000000,2025-11-10,92343VHK3,2000000,6
2030-11-15,750000,2025-11-07,049463AG7,750000,4.95
2056-03-15,950000,2025-12-01,12189LBN0,950000,5.55
2032-12-15,850000,2025-12-02,03027XCR9,850000,4.7
2066-02-15,1150000,2025-12-02,341081HB6,1150000,5.6
2031-03-15,1000000,2025-12-01,58933YBX2,1000000,4.15
2032-12-04,1000000,2025-12-01,58933YBY0,1000000,4.45
2035-12-04,1500000,2025-12-01,58933YBZ7,1500000,4.75
2046-03-15,750000,2025-12-01,58933YCA1,750000,5.5
2055-12-04,1500000,2025-12-01,58933YCB9,1500000,5.55
2065-12-04,1000000,2025-12-01,58933YCC7,1000000,5.7
2031-12-10,1000000,2025-12-03,251526DD8,1000000,4.469
2030-11-20,2500000,2025-11-17,023135CT1,2500000,4.1
2033-03-20,1500000,2025-11-17,023135CU8,1500000,4.35
2035-11-20,3500000,2025-11-17,023135CV6,3500000,4.65
2055-11-20,3000000,2025-11-17,023135CW4,3000000,5.45
2065-11-20,2000000,2025-11-17,023135CY0,2000000,5.55
2030-07-15,750000,2025-11-25,829932AF9,750000,6.125
2032-03-15,499468,2025-11-24,03770DAF0,499468,6.55
2030-04-07,999060,2025-11-19,43475RAR7,999060,4.95
2035-04-07,981155,2025-11-19,43475RAT3,981155,5.4
2035-12-15,1000000,2025-11-19,071813DE6,1000000,5.65
2031-01-15,750000,2026-01-05,210385AQ3,750000,4.4
2066-01-15,800000,2026-01-05,210385AR1,800000,5.875
2033-04-06,1000000,2026-01-05,345397J38,1000000,5.753
2031-01-08,900000,2026-01-05,37045XFM3,900000,4.6
2032-01-14,1150000,2026-01-05,606822DS0,1150000,4.505
2037-01-14,1500000,2026-01-05,606822DT8,1500000,5.057
2032-01-15,1100000,2026-01-05,86562MED8,1100000,4.494
2037-01-15,1200000,2026-01-05,86562MEF3,1200000,5.046
2047-01-15,1000000,2026-01-05,86562MEG1,1000000,5.57
2036-03-15,1250000,2026-01-05,969457CV0,1250000,5.15
2030-11-15,1000000,2025-11-18,717081FD0,1000000,4.2
2032-11-15,1250000,2025-11-18,717081FE8,1250000,4.5
2035-11-15,1250000,2025-11-18,717081FF5,1250000,4.875
2056-03-15,1000000,2026-01-05,969457CW8,1000000,5.95
2031-04-12,750000,2026-01-05,04010LBM4,750000,5.25
2031-01-15,800000,2026-01-06,828807EB9,800000,4.3
2037-07-02,2159113,2025-11-24,92343VHC1,2159113,5.401
2033-01-15,850000,2026-01-06,00774MBU8,850000,4.75
2031-01-15,750000,2026-01-06,11135FCZ2,750000,4.3
2033-01-15,1250000,2026-01-06,11135FDA6,1250000,4.6
2036-01-15,1250000,2026-01-06,11135FDB4,1250000,4.95
2056-01-15,1250000,2026-01-06,11135FDD0,1250000,5.7
2031-01-13,1500000,2026-01-06,89158TAA7,1500000,4.248
2033-01-13,1250000,2026-01-06,89158TAB5,1250000,4.569
2036-01-13,750000,2026-01-06,89158TAC3,750000,4.857
2032-01-14,1100000,2026-01-07,06368ME67,1100000,4.439
2031-01-13,900000,2026-01-06,89115KAM2,900000,4.411
2036-02-15,1150000,2026-01-07,87264ADZ5,1150000,5
2056-02-15,850000,2026-01-07,87264AEA9,850000,5.85
2031-01-10,750000,2026-01-07,89236TPH2,750000,4.2
2031-01-15,1000000,2026-01-12,29273VBJ8,1000000,4.55
2036-01-15,1000000,2026-01-12,29273VBK5,1000000,5.35
2056-01-15,1000000,2026-01-12,29273VBL3,1000000,6.3
2036-02-15,1500000,2026-01-13,47233WLL1,1500000,5.5
2035-04-20,992404,2025-12-11,472140AB8,992404,5.95
2055-02-25,749800,2025-12-11,472140AD4,749800,6.375
2036-01-15,1245607,2025-12-11,472140AF9,1245607,5.5
2056-03-01,1247627,2025-12-11,472140AH5,1247627,6.25
2066-04-15,994858,2025-12-11,472140AK8,994858,6.375
2032-01-22,2600000,2026-01-14,46647PFG6,2600000,4.347
2037-01-22,3000000,2026-01-14,46647PFJ0,3000000,4.898
2032-01-21,3750000,2026-01-15,38145GAR1,3750000,4.516
2037-01-21,4500000,2026-01-15,38145GAS9,4500000,5.065
2047-01-21,2750000,2026-01-15,38145GAT7,2750000,5.541
2032-01-16,3250000,2026-01-15,61748UAS1,3250000,4.493
2037-01-23,3500000,2026-01-15,95000U4E0,3500000,4.96
2047-01-23,2000000,2026-01-15,95000U4F7,2000000,5.433
2037-01-28,750000,2026-01-21,49326EER0,750000,5.305
2032-01-26,1250000,2026-01-21,91159HJW1,1250000,4.481
2037-01-26,1000000,2026-01-21,91159HJY7,1000000,5.033
2034-02-02,1100000,2026-01-22,06418GAZ0,1100000,4.813
2031-01-23,750000,2026-01-23,03770DAL7,750000,5.7
2032-01-27,1250000,2026-01-22,89788MAW2,1250000,4.597
2032-01-28,1000000,2026-01-23,446150BK9,1000000,4.623
2032-04-29,1000000,2026-01-26,316773DN7,1000000,4.566
2037-01-29,1000000,2026-01-26,316773DP2,1000000,5.141
2036-02-03,1000000,2026-01-29,459200LT6,1000000,4.95
2056-02-03,750000,2026-01-29,459200LV1,750000,5.8
2037-01-30,4000000,2026-01-29,61748UAT9,4000000,5.073
2031-04-30,1500000,2026-01-29,00206RNF5,1500000,4.4
2036-04-30,1250000,2026-01-29,00206RNH1,1250000,5.125
2046-04-30,850000,2026-01-29,00206RNJ7,850000,5.85
2056-04-30,1650000,2026-01-29,00206RNK4,1650000,6
2036-02-04,1000000,2026-02-02,36828AAB7,1000000,4.875
2056-02-04,1000000,2026-02-02,36828AAC5,1000000,5.5
2031-02-04,3500000,2026-02-02,68389XDX0,3500000,4.95
2033-05-04,3000000,2026-02-02,68389XDY8,3000000,5.35
2036-02-04,5000000,2026-02-02,68389XDZ5,5000000,5.7
2046-02-04,2250000,2026-02-02,68389XEA9,2250000,6.55
2056-02-04,5000000,2026-02-02,68389XEB7,5000000,6.7
2066-02-04,2750000,2026-02-02,68389XEC5,2750000,6.85
2031-12-02,1400000,2021-11-17,13645RBF0,1400000,2.45
2038-12-15,2063148,2025-12-04,822905AT2,2063148,6.375
2047-02-10,1000000,2026-02-03,53944YBJ1,1000000,5.668
2036-04-01,1000000,2026-02-05,55336VCE8,1000000,5.3
2031-02-12,1000000,2026-02-09,883556DG4,1000000,4.215
2033-06-15,750000,2026-02-09,883556DH2,750000,4.55
2036-02-12,1300000,2026-02-09,883556DJ8,1300000,4.902
2046-02-12,750000,2026-02-09,883556DK5,750000,5.546
2031-02-15,3000000,2026-02-09,02079KBK2,3000000,4.1
2033-02-15,3000000,2026-02-09,02079KBL0,3000000,4.4
2036-02-15,4250000,2026-02-09,02079KBM8,4250000,4.8
2046-02-15,1500000,2026-02-09,02079KBN6,1500000,5.5
2056-02-15,4000000,2026-02-09,02079KBP1,4000000,5.65
2066-02-15,1750000,2026-02-09,02079KBQ9,1750000,5.75
2036-02-13,1000000,2026-02-10,03073EBE4,1000000,4.9
2036-03-15,750000,2026-02-10,015271BF5,750000,5.25
2031-03-14,1500000,2026-02-10,254687GD2,1500000,4
2036-03-14,1000000,2026-02-10,254687GE0,1000000,4.625
2031-02-19,1000000,2026-02-17,031162DV9,1000000,4.2
2036-02-19,1750000,2026-02-17,031162DW7,1750000,4.85
2056-02-19,750000,2026-02-17,031162DY3,750000,5.65
2036-03-01,800000,2026-02-18,23338VBB1,800000,4.85
2056-03-01,800000,2026-02-18,23338VBA3,800000,5.55
2036-03-15,775000,2026-02-18,30161NBV2,775000,4.95
2038-05-01,850000,2026-02-18,571903BZ5,850000,5.1
2036-05-01,1000000,2026-02-18,694308LA3,1000000,5.2
2056-05-01,800000,2026-02-18,694308LB1,800000,6
2033-03-15,800000,2026-02-19,29390XAH7,800000,4.7
2036-03-15,800000,2026-02-19,52532XAN5,800000,5
2036-04-15,750000,2026-02-23,29364WBR8,750000,4.9
2056-04-15,750000,2026-02-23,29364WBS6,750000,5.65
2031-03-15,2500000,2026-02-23,002824BS8,2500000,4
2033-03-15,2750000,2026-02-23,002824BT6,2750000,4.3
2036-03-15,3750000,2026-02-23,002824BU3,3750000,4.65
2038-03-15,2000000,2026-02-23,002824BV1,2000000,4.75
2056-03-15,3750000,2026-02-23,002824BW9,3750000,5.5
2066-03-15,2000000,2026-02-23,002824BX7,2000000,5.6
2036-03-03,1000000,2026-02-23,05946KAU5,1000000,5.127
2032-02-24,1200000,2026-02-17,06738EDJ1,1200000,4.521
2037-02-24,1500000,2026-02-17,06738EDK8,1500000,5.207
2031-03-15,1250000,2026-02-24,00287YEE5,1250000,4.125
2033-03-15,1250000,2026-02-24,00287YEF2,1250000,4.4
2036-03-15,1500000,2026-02-24,00287YEG0,1500000,4.75
2056-03-15,1250000,2026-02-24,00287YEH8,1250000,5.55
2031-03-03,800000,2026-02-24,46982LAA6,800000,4.75
2031-04-15,750000,2026-02-25,87612GAT8,750000,4.35
2056-05-15,750000,2026-02-25,87612GAU5,750000,6.05
2036-03-15,1300000,2026-02-24,927804GX6,1300000,4.95
2056-03-15,850000,2026-02-24,927804GY4,850000,5.7
2036-03-02,750000,2026-02-25,04636NAS2,750000,4.6
2036-03-01,800000,2026-02-25,361841AX7,800000,5.625
2031-03-10,2000000,2026-03-04,31620MCE4,2000000,4.8
2031-06-15,1250000,2026-03-05,05724BAM1,1250000,4.35
2033-06-15,750000,2026-03-05,05724BAN9,750000,4.65
2036-06-15,2000000,2026-03-05,05724BAP4,2000000,5
2056-06-15,2000000,2026-03-05,05724BAQ2,2000000,5.85
2031-03-06,1500000,2026-03-04,278058DX7,1500000,4.2
2033-03-06,1000000,2026-03-04,278058DY5,1000000,4.5
2036-03-06,2000000,2026-03-04,278058DZ2,2000000,4.8
2056-03-06,1000000,2026-03-04,278058EA6,1000000,5.45
2036-03-12,850000,2026-03-05,67103HAP2,850000,5.1
2035-10-30,999250,2026-01-26,16411QAW1,999250,5.55
2036-03-12,750000,2026-03-05,02344AAK4,750000,5.125
2032-03-10,2000000,2026-03-05,404280FL8,2000000,4.675
2037-03-10,2750000,2026-03-05,404280FM6,2750000,5.279
2036-03-10,850000,2026-03-05,91913YBG4,850000,5.15
2031-02-12,750000,2026-02-03,92826CAZ5,750000,4.1
2031-03-16,850000,2026-03-12,009066AD3,850000,4.65
2036-03-16,800000,2026-03-12,009066AE1,800000,5.25
2031-09-15,3750000,2026-03-11,79466LAS3,3750000,4.9
2033-03-15,2750000,2026-03-11,79466LAT1,2750000,5.2
2036-03-15,4500000,2026-03-11,79466LAU8,4500000,5.55
2046-03-15,1500000,2026-03-11,79466LAV6,1500000,6.4
2056-03-15,3750000,2026-03-11,79466LAW4,3750000,6.55
2066-03-15,1000000,2026-03-11,79466LAX2,1000000,6.7
2031-03-13,5000000,2026-03-10,023135DD5,5000000,4.25
2033-03-13,4000000,2026-03-10,023135DE3,4000000,4.55
2036-03-13,6000000,2026-03-10,023135DF0,6000000,4.875
2046-03-13,2500000,2026-03-10,023135DG8,2500000,5.65
2056-03-13,5500000,2026-03-10,023135DH6,5500000,5.8
2066-03-13,3000000,2026-03-10,023135DJ2,3000000,5.95
2076-03-13,3000000,2026-03-10,023135DK9,3000000,6.05
2031-03-18,1750000,2026-03-16,66989HBG2,1750000,4.4
2033-03-18,2000000,2026-03-16,66989HBH0,2000000,4.6
2036-03-18,2250000,2026-03-16,66989HBJ6,2250000,4.9
2046-03-18,1000000,2026-03-16,66989HBK3,1000000,5.6
2056-03-18,2250000,2026-03-16,66989HBL1,2250000,5.7
2032-03-23,1500000,2026-03-16,456837BU6,1500000,4.803
2037-03-23,1500000,2026-03-16,456837BV4,1500000,5.42
2031-03-23,750000,2026-03-17,051473AD8,750000,4.656
2033-03-23,750000,2026-03-17,051473AE6,750000,4.945
2036-03-23,750000,2026-03-17,051473AF3,750000,5.245
2031-03-15,750000,2026-03-17,68233JDL5,750000,4.5
2056-03-15,850000,2026-03-17,68233JDJ0,850000,5.9
2033-04-15,800000,2026-03-23,695114DP0,800000,5.45
2036-04-15,850000,2026-03-23,695114DQ8,850000,5.8
2036-03-26,1000000,2026-03-23,743315BD4,1000000,5.15
2036-07-30,1000000,2026-03-19,16411RAP4,1000000,5.2
2056-07-30,750000,2026-03-19,16411RAQ2,750000,6
2036-03-30,750000,2026-03-25,03769MAG1,750000,5.7
2031-03-27,1000000,2026-03-24,29250NCQ6,1000000,4.85
2036-03-27,1000000,2026-03-24,29250NCR4,1000000,5.45
2033-03-16,1750000,2026-03-10,43849RAF2,1750000,4.6
2031-03-16,2000000,2026-03-10,43849RAE5,2000000,4.3
2046-03-16,1000000,2026-03-10,43849RAH8,1000000,5.622
2036-03-16,3250000,2026-03-10,43849RAG0,3250000,4.95
2056-03-16,3500000,2026-03-10,43849RAJ4,3500000,5.732
2066-03-16,1500000,2026-03-10,43849RAK1,1500000,5.852
2033-04-15,800000,2026-03-30,756109DB7,800000,4.75
2031-03-24,1500000,2026-03-10,873923AE6,1500000,4.85
2036-04-15,1000000,2026-04-06,573874AT1,1000000,5.3
2031-04-15,1250000,2026-04-08,05971KAV1,1250000,4.867
2036-04-15,1000000,2026-04-08,05971KAW9,1000000,5.437
2036-04-15,1000000,2026-04-08,30212PBM6,1000000,5.5
2037-04-21,1500000,2026-04-08,606822DV3,1500000,5.325
2047-04-21,1250000,2026-04-08,606822DY7,1250000,5.868
2032-04-14,1000000,2026-04-09,25160PAS6,1000000,5.06
2037-03-10,1500000,2026-03-30,46590XBA3,1500000,5.625
2057-05-10,1000000,2026-03-30,46590XBC9,1000000,6.4
2036-03-15,1000000,2026-03-09,893574AU7,1000000,5.1
2034-04-20,3000000,2026-04-13,38141GF25,3000000,5.094
2032-05-03,1500000,2026-04-14,78017DAV0,1500000,4.612
2031-03-15,1000000,2026-02-05,314352AC9,1000000,4.65
2032-04-16,3250000,2026-04-15,61748UAW2,3250000,4.809
2037-04-10,3750000,2026-04-15,61748UAX0,3750000,5.296
2032-04-23,3000000,2026-04-15,46647PFM3,3000000,4.622
2037-04-23,3750000,2026-04-15,46647PFP6,3750000,5.148
2032-04-23,3250000,2026-04-16,06051GNA3,3250000,4.695
2033-04-22,1250000,2026-04-16,89115KAR1,1250000,4.866
2031-06-16,750000,2026-04-21,38152BAQ4,750000,6.15
2032-04-23,1000000,2026-04-20,89788MAX0,1000000,4.68
2037-04-23,1000000,2026-04-20,89788MAY8,1000000,5.281
2036-06-15,750000,2026-04-20,74340XCV1,750000,4.9
2036-04-30,1500000,2026-04-08,92840VBC5,1500000,5.55
2033-04-30,1000000,2026-04-08,92840VBB7,1000000,5.25
2031-04-30,1000000,2026-04-08,92840VBA9,1000000,5
2031-05-15,850000,2026-04-22,09261HCC9,850000,5.95
2031-04-28,1100000,2026-04-23,47233WMK2,1100000,5.125
2036-06-01,750000,2026-04-27,12505BAM2,750000,5.25
2036-04-29,750000,2026-04-27,718172EG0,750000,4.875
2031-04-30,1000000,2026-04-27,931142FT5,1000000,4.15
2033-04-30,1250000,2026-04-27,931142FU2,1250000,4.45
2036-04-30,1000000,2026-04-27,931142FV0,1000000,4.75
2031-05-15,1000000,2026-04-27,404119DJ5,1000000,4.7
2033-05-15,750000,2026-04-27,404119DK2,750000,5
2036-05-15,1250000,2026-04-27,404119DL0,1250000,5.3
2031-06-01,1000000,2026-04-27,458140CQ1,1000000,4.65
2033-08-15,1000000,2026-04-27,458140CR9,1000000,5
2036-05-15,2250000,2026-04-27,458140CS7,2250000,5.3
2056-05-15,1750000,2026-04-27,458140CU2,1750000,6.125
2032-03-12,3500000,2026-03-11,61747YGB5,3500000,4.708
2047-03-13,2500000,2026-03-11,61747YGC3,2500000,5.9
2036-05-01,850000,2026-04-30,210518EA0,850000,5.125
2031-05-15,3000000,2026-04-30,30303MAF9,3000000,4.55
2033-05-15,2000000,2026-04-30,30303MAG7,2000000,4.875
2036-05-15,6000000,2026-04-30,30303MAH5,6000000,5.25
2046-05-15,4000000,2026-04-30,30303MAJ1,4000000,6.2
2056-05-15,6000000,2026-04-30,30303MAK8,6000000,6.3
2066-05-15,4000000,2026-04-30,30303MAL6,4000000,6.45
2036-05-07,1000000,2026-04-30,806854AQ8,1000000,5.15
2031-05-08,1250000,2026-04-30,05946KAX9,1250000,4.968
2036-05-07,1000000,2026-05-04,053015AK9,1000000,5
2030-01-15,800000,2026-05-04,04010LBN2,800000,5.55
2031-01-31,898279,2026-04-02,38152BAH4,898279,5.875
2056-06-01,825000,2026-05-07,202795KD1,825000,5.85
2031-05-20,1500000,2026-05-06,532457DL9,1500000,4.375
2033-05-20,1250000,2026-05-06,532457DM7,1250000,4.65
2036-05-20,1500000,2026-05-06,532457DR6,1500000,4.85
2056-05-20,1750000,2026-05-06,532457DP0,1750000,5.6
2066-05-20,1000000,2026-05-06,532457DQ8,1000000,5.7
2034-05-12,2250000,2026-05-07,404280FQ7,2250000,5.208
2036-05-18,750000,2026-05-11,65473PBB0,750000,5.3
2031-05-15,1000000,2026-05-11,14913V2D9,1000000,4.5
2031-05-14,800000,2026-05-11,89236TQB4,800000,4.55
2036-05-19,1000000,2026-05-12,03938LBM5,1000000,5.375
2036-06-01,850000,2026-05-12,210385AU4,850000,5.3
2031-06-01,850000,2026-05-12,70450YAV5,850000,4.95
2036-05-15,1250000,2026-05-12,81762PAJ1,1250000,5.4
2056-05-15,750000,2026-05-12,81762PAK8,750000,6.3
2032-05-20,3250000,2026-05-13,95000U4J9,3250000,4.844
2031-05-20,1000000,2026-05-14,375558CL5,1000000,4.6
2036-05-20,1000000,2026-05-18,171239AN6,1000000,5.3
2031-06-15,900000,2026-05-19,278865BV1,900000,4.8
2033-06-15,1500000,2026-05-19,278865BW9,1500000,5.15
2036-06-15,1400000,2026-05-19,278865BX7,1400000,5.35
2033-05-22,1000000,2026-05-18,58933YCF0,1000000,4.95
2036-05-22,1500000,2026-05-18,58933YCG8,1500000,5.2
2056-05-22,1000000,2026-05-18,58933YCJ2,1000000,5.85
2037-05-21,1250000,2026-05-18,808513CR4,1250000,5.493
2032-02-06,1000000,2026-02-03,25160PAR8,1000000,4.725
2036-07-08,1000000,2026-05-20,60871RAT7,1000000,5.5
2066-06-01,1050000,2026-05-26,341081HE0,1050000,5.9
2032-06-03,2500000,2026-05-27,38141GF33,2500000,4.972
2037-06-03,2500000,2026-05-27,38141GF41,2500000,5.425
2032-02-06,2750000,2026-02-03,060505GQ1,2750000,4.456
2032-06-05,1000000,2026-05-27,06418GBF3,1000000,4.904
2037-02-06,3750000,2026-02-03,060505GR9,3750000,5.045
2036-04-01,800000,2026-02-24,15189XBL1,800000,4.85
2036-04-15,750000,2026-03-10,00108WAV2,750000,5.2
2031-04-09,1500000,2026-03-10,345397J61,1500000,5.42
2037-06-02,1250000,2026-05-28,06368MS70,1250000,5.298
2032-06-02,750000,2026-05-28,06368MS62,750000,4.879
2036-05-22,1000000,2026-05-19,345397J95,1000000,6.467
2030-11-15,800000,2025-11-18,04351LAD2,800000,4.294
2035-11-15,800000,2025-11-18,04351LAE0,800000,4.923
2029-10-01,915110,2019-08-07,20268JAB9,915110,3.347
2031-12-01,775000,2024-03-13,20268JAR4,775000,5.205
