bond_id,cusip,offering_amt,amount_outstanding,offering_date
0,03522AAJ9,9518964000.0,9518964000.0,2019-04-15
1,126650CZ1,8000000000.0,8000000000.0,2018-03-06
2,87264ABF1,6999175000.0,6999175000.0,2021-04-24
3,38141GFD1,2500000000.0,5545000000.0,2007-09-26
4,30303MAD4,6500000000.0,6500000000.0,2025-10-30
5,023135DF0,6000000000.0,6000000000.0,2026-03-10
6,30303MAK8,6000000000.0,6000000000.0,2026-04-30
7,30303MAE2,6500000000.0,6500000000.0,2025-10-30
8,716973AG7,6000000000.0,6000000000.0,2023-05-16
10,716973AE2,5000000000.0,5000000000.0,2023-05-16
11,097023CW3,5500000000.0,5500000000.0,2020-04-30
13,30303MAH5,6000000000.0,6000000000.0,2026-04-30
14,03522AAH3,5341555000.0,5341555000.0,2019-04-15
16,06051GMA4,5000000000.0,5000000000.0,2024-01-18
17,00206RLJ9,7495129000.0,7495129000.0,2021-08-04
18,95000U2M4,3500000000.0,5500000000.0,2020-03-23
19,95000U3B7,3500000000.0,4250000000.0,2022-07-18
20,023135DH6,5500000000.0,5500000000.0,2026-03-10
21,06051GLH0,5000000000.0,5000000000.0,2023-04-19
23,68389XDZ5,5000000000.0,5000000000.0,2026-02-02
24,06051GJA8,3000000000.0,5500000000.0,2020-03-17
25,00287YBX6,5437485000.0,5437485000.0,2020-10-19
26,03523TBV9,4000000000.0,4000000000.0,2019-01-10
27,00206RKJ0,7496266000.0,7496266000.0,2021-08-04
28,023135DD5,5000000000.0,5000000000.0,2026-03-10
29,68389XEB7,5000000000.0,5000000000.0,2026-02-02
30,06051GKY4,5000000000.0,5000000000.0,2022-07-19
32,79466LAU8,4500000000.0,4500000000.0,2026-03-11
33,126650CY4,5000000000.0,5000000000.0,2018-03-06
34,06051GKA6,3750000000.0,3750000000.0,2021-07-15
35,61748UAX0,3750000000.0,3750000000.0,2026-04-15
36,00287YCB3,5745050000.0,5745050000.0,2020-10-19
37,031162DR8,4250000000.0,4250000000.0,2023-02-15
38,06051GJT7,4500000000.0,4500000000.0,2021-04-16
39,46647PCU8,3500000000.0,3500000000.0,2022-01-18
40,46647PDR4,2500000000.0,4500000000.0,2023-05-24
41,95000U3F8,4250000000.0,4250000000.0,2023-07-18
43,30303MAJ1,4000000000.0,4000000000.0,2026-04-30
45,38145GAS9,4500000000.0,4500000000.0,2026-01-15
46,30303M8Y1,4500000000.0,4500000000.0,2025-10-30
47,02079KBM8,4250000000.0,4250000000.0,2026-02-09
48,92343VGN8,4626005000.0,4626005000.0,2022-05-02
49,172967MP3,4000000000.0,4000000000.0,2020-03-24
50,61748UAT9,4000000000.0,4000000000.0,2026-01-29
51,30303M8X3,4500000000.0,4500000000.0,2025-10-30
52,060505GR9,3750000000.0,3750000000.0,2026-02-03
53,002824BW9,3750000000.0,3750000000.0,2026-02-23
54,00206RLV2,6495911000.0,6495911000.0,2021-08-04
55,46647PFM3,3000000000.0,3000000000.0,2026-04-15
56,716973AH5,4000000000.0,4000000000.0,2023-05-16
57,031162DT4,4250000000.0,4250000000.0,2023-02-15
58,95000U2U6,3500000000.0,4000000000.0,2022-02-23
59,79466LAS3,3750000000.0,3750000000.0,2026-03-11
60,02079KBP1,4000000000.0,4000000000.0,2026-02-09
61,68389XDM4,4000000000.0,4000000000.0,2025-09-24
63,002824BU3,3750000000.0,3750000000.0,2026-02-23
64,023135DE3,4000000000.0,4000000000.0,2026-03-10
65,61747YGB5,3500000000.0,3500000000.0,2026-03-11
66,95000U4E0,3500000000.0,3500000000.0,2026-01-15
67,38141GZM9,4000000000.0,4000000000.0,2022-01-22
68,02079KBA4,4000000000.0,4000000000.0,2025-11-03
69,46647PFP6,3750000000.0,3750000000.0,2026-04-15
70,95000U3H4,3250000000.0,3250000000.0,2023-10-16
71,79466LAW4,3750000000.0,3750000000.0,2026-03-11
72,097023CY9,4500000000.0,4500000000.0,2020-04-30
73,46647PDH6,3500000000.0,4500000000.0,2022-07-18
75,594918CE2,6250000000.0,6250000000.0,2021-03-04
76,00206RMN9,5923231000.0,5923231000.0,2021-08-04
77,68389XDX0,3500000000.0,3500000000.0,2026-02-02
78,46625HHF0,2500000000.0,2500000000.0,2008-05-16
79,25156PAC7,3500000000.0,3500000000.0,2000-06-28
82,30303MAC6,4000000000.0,4000000000.0,2025-10-30
83,06051GLU1,3750000000.0,3750000000.0,2023-09-12
84,95000U3W1,2250000000.0,3750000000.0,2025-04-15
85,30303MAL6,4000000000.0,4000000000.0,2026-04-30
86,46647PEX0,3500000000.0,3500000000.0,2025-04-14
87,594918CC6,6249997000.0,6249997000.0,2020-05-19
88,43849RAJ4,3500000000.0,3500000000.0,2026-03-10
89,43849RAG0,3250000000.0,3250000000.0,2026-03-10
90,06051GJE0,3000000000.0,5000000000.0,2020-06-16
91,06051GMM8,3500000000.0,3500000000.0,2025-01-17
92,38145GAR1,3750000000.0,3750000000.0,2026-01-15
93,38141GF33,2500000000.0,2500000000.0,2026-05-27
95,097023CX1,3500000000.0,3500000000.0,2020-04-30
96,046353AD0,2750000000.0,2750000000.0,2007-09-05
97,30303MAB8,4000000000.0,4000000000.0,2025-10-30
98,46647PEH5,3000000000.0,3000000000.0,2024-04-15
99,61747YFT7,3250000000.0,3250000000.0,2024-07-17
101,00287YCA5,4000000000.0,4000000000.0,2020-10-19
102,02079KAY3,3500000000.0,3500000000.0,2025-11-03
103,023135CV6,3500000000.0,3500000000.0,2025-11-17
104,95000U3D3,3750000000.0,3750000000.0,2023-04-17
105,06051GKQ1,4000000000.0,4000000000.0,2022-04-21
106,00206RMM1,3744161000.0,3744161000.0,2021-08-04
108,06051GNA3,3250000000.0,3250000000.0,2026-04-16
109,38141GB78,3500000000.0,3500000000.0,2024-10-16
110,717081CY7,2500000000.0,2500000000.0,2009-03-17
111,61747YFE0,3250000000.0,3250000000.0,2023-04-19
112,95000U2Q5,3500000000.0,3500000000.0,2020-04-23
113,30303MAF9,3000000000.0,3000000000.0,2026-04-30
114,00774MAX3,4000000000.0,4000000000.0,2021-10-21
115,06051GHZ5,3500000000.0,3500000000.0,2020-02-10
116,46647PEK8,3500000000.0,3500000000.0,2024-07-15
117,38141GYJ7,4000000000.0,4000000000.0,2021-07-14
118,46647PCR5,3000000000.0,3000000000.0,2021-11-01
119,61747YFJ9,2000000000.0,2000000000.0,2023-10-30
121,404280DW6,2750000000.0,2750000000.0,2023-03-02
122,92343VHJ6,3250000000.0,3250000000.0,2025-11-10
123,61748UAN2,3000000000.0,3000000000.0,2025-10-17
125,61747YED3,3500000000.0,3500000000.0,2021-07-15
126,46647PCC8,3500000000.0,3500000000.0,2021-04-15
127,61748UAS1,3250000000.0,3250000000.0,2026-01-15
128,06051GKK4,3750000000.0,3750000000.0,2022-02-01
130,92343VGJ7,4250000000.0,3706598000.0,2021-03-11
131,68389XDY8,3000000000.0,3000000000.0,2026-02-02
132,68389XBV6,3250000000.0,3250000000.0,2020-03-30
134,161175BA1,3499875000.0,3499875000.0,2016-11-02
135,38141GD43,3500000000.0,3500000000.0,2025-10-14
136,46647PEC6,3000000000.0,3000000000.0,2024-01-16
137,61747YFR1,3000000000.0,3000000000.0,2024-04-12
138,172967QF1,3000000000.0,3000000000.0,2025-09-04
139,6174468L6,3500000000.0,3500000000.0,2020-01-16
140,61748UAW2,3250000000.0,3250000000.0,2026-04-15
141,38141GC44,3000000000.0,3000000000.0,2025-01-21
142,38141GGM0,2500000000.0,2500000000.0,2011-01-21
143,95000U3P6,3000000000.0,3000000000.0,2025-01-16
144,46647PEW2,2750000000.0,2750000000.0,2025-01-16
145,92343VGB4,4500000000.0,4500000000.0,2021-03-11
146,79466LAT1,2750000000.0,2750000000.0,2026-03-11
147,68389XDK8,3000000000.0,3000000000.0,2025-09-24
148,060505GQ1,2750000000.0,2750000000.0,2026-02-03
149,20030NDU2,5963382000.0,5963382000.0,2022-04-25
150,46647PDY9,3000000000.0,3000000000.0,2023-10-16
151,38141GF25,3000000000.0,3000000000.0,2026-04-13
152,172967PA3,2750000000.0,2750000000.0,2022-11-09
153,61747YEY7,3000000000.0,3000000000.0,2022-10-14
154,95000U3K7,3000000000.0,3000000000.0,2024-01-16
155,61748UAF9,3000000000.0,3000000000.0,2025-01-16
157,46647PFJ0,3000000000.0,3000000000.0,2026-01-14
158,172967NN7,3000000000.0,3000000000.0,2022-03-10
159,037833BX7,2500000000.0,4000000000.0,2016-02-16
160,46647PAL0,1750000000.0,3500000000.0,2017-11-03
161,61747YFU4,3000000000.0,3000000000.0,2024-10-16
162,172967MS7,3500000000.0,3500000000.0,2020-05-26
163,110122CR7,3749500000.0,3749500000.0,2020-06-16
164,68389XCE3,3250000000.0,3250000000.0,2021-03-22
165,126650CN8,3500000000.0,3500000000.0,2015-07-13
166,38141GYB4,3750000000.0,3750000000.0,2021-04-15
167,61747YGA7,3000000000.0,3000000000.0,2025-04-14
168,00206RMT6,2750000000.0,2750000000.0,2023-05-30
170,38141GB86,3000000000.0,3000000000.0,2024-11-12
171,437076AS1,3000000000.0,3000000000.0,2006-12-14
172,404280FM6,2750000000.0,2750000000.0,2026-03-05
173,00287YDW6,3000000000.0,3000000000.0,2024-02-22
174,06051GKD0,3250000000.0,3250000000.0,2021-10-15
175,913017BT5,3500000000.0,3500000000.0,2012-05-24
176,30303MAG7,2000000000.0,2000000000.0,2026-04-30
177,111021AE1,2800000000.0,2670000000.0,2000-12-05
178,023135DJ2,3000000000.0,3000000000.0,2026-03-10
179,377372AE7,2750000000.0,2750000000.0,2008-05-06
180,46647PBJ4,2500000000.0,3000000000.0,2020-03-19
181,031162CF5,3541381000.0,3541381000.0,2016-12-09
182,38141GD35,3000000000.0,3000000000.0,2025-10-14
183,097023CV5,3000000000.0,3000000000.0,2020-04-30
184,02079KBK2,3000000000.0,3000000000.0,2026-02-09
185,38141GC93,3000000000.0,3000000000.0,2025-04-15
186,30303M8V7,3250000000.0,3250000000.0,2024-08-07
187,46647PER3,3000000000.0,3000000000.0,2024-10-15
188,46647PFE1,3000000000.0,3000000000.0,2025-10-15
189,92343VGK4,3750000000.0,3750000000.0,2021-03-11
190,10373QBU3,2250000000.0,2250000000.0,2023-02-09
191,95000U3V3,3000000000.0,3000000000.0,2025-04-15
192,61748UAM4,2500000000.0,2500000000.0,2025-10-17
193,38141GC51,3000000000.0,3000000000.0,2025-01-21
194,92343VEU4,3960082000.0,3960082000.0,2019-08-12
195,172967QH7,3000000000.0,3000000000.0,2025-09-04
196,68389XDR3,3500000000.0,3500000000.0,2025-09-24
197,00287YDU0,3000000000.0,3000000000.0,2024-02-22
198,68389XDH5,3000000000.0,3000000000.0,2025-09-24
199,95000U2G7,3500000000.0,3500000000.0,2019-10-24
200,693475BU8,2250000000.0,2250000000.0,2023-10-17
201,95000U2Z5,3250000000.0,3250000000.0,2022-04-18
202,023135DK9,3000000000.0,3000000000.0,2026-03-10
203,172967MY4,3000000000.0,3000000000.0,2021-04-27
204,38141GF41,2500000000.0,2500000000.0,2026-05-27
205,06051GJW0,3500000000.0,3500000000.0,2021-04-16
206,46647PBE5,3000000000.0,3750000000.0,2019-09-05
207,30303M8U9,2500000000.0,2500000000.0,2024-08-07
208,91324PFL1,2750000000.0,2750000000.0,2024-07-23
209,6174468P7,3000000000.0,3000000000.0,2020-03-26
210,05724BAP4,2000000000.0,2000000000.0,2026-03-05
211,716973AF9,3000000000.0,3000000000.0,2023-05-16
212,61747YFV2,3000000000.0,3000000000.0,2024-11-18
213,92826CAF9,3500000000.0,3500000000.0,2015-12-09
214,38141GYN8,3000000000.0,3000000000.0,2021-10-18
215,38141GB37,3000000000.0,3000000000.0,2024-07-16
216,61747YGC3,2500000000.0,2500000000.0,2026-03-11
217,17327CAT0,3000000000.0,3000000000.0,2024-09-12
218,002824BT6,2750000000.0,2750000000.0,2026-02-23
219,66989HBJ6,2250000000.0,2250000000.0,2026-03-16
220,031162DU1,2750000000.0,2750000000.0,2023-02-15
221,11135FCT6,3240678000.0,3240678000.0,2025-09-18
222,38141GA95,2500000000.0,2500000000.0,2024-04-18
223,02079KBL0,3000000000.0,3000000000.0,2026-02-09
224,172967EW7,2500000000.0,1936000000.0,2009-07-20
225,023135BJ4,3487493000.0,3487493000.0,2018-05-07
226,95000U2J1,3000000000.0,3000000000.0,2020-02-04
227,20030NDS7,4959172000.0,4959172000.0,2022-04-25
228,46647PFG6,2600000000.0,2600000000.0,2026-01-14
229,06051GJB6,3000000000.0,3000000000.0,2020-04-22
230,17327CAQ6,3000000000.0,3000000000.0,2022-01-18
231,458140CG3,2250000000.0,2250000000.0,2023-02-07
232,92343VGZ1,2250000000.0,2250000000.0,2025-03-24
233,023135CW4,3000000000.0,3000000000.0,2025-11-17
234,404280DH9,2500000000.0,2500000000.0,2022-08-04
235,00206RGQ9,3144026000.0,3144026000.0,2018-10-25
236,02079KBB2,2750000000.0,2750000000.0,2025-11-03
237,031162DS6,2750000000.0,2750000000.0,2023-02-15
238,46647PBL9,2750000000.0,2750000000.0,2020-04-15
239,38141GXG4,2000000000.0,2000000000.0,2020-02-05
240,716973AD4,3000000000.0,3000000000.0,2023-05-16
241,097023DT9,2486531000.0,2486531000.0,2024-11-18
242,87264ACY9,1250000000.0,2600000000.0,2023-02-06
244,11135FBP5,3249984000.0,3249984000.0,2021-09-27
245,87938WAC7,2000000000.0,2000000000.0,2006-06-09
246,30303M8H8,2978841000.0,2978841000.0,2022-12-29
247,38145GAT7,2750000000.0,2750000000.0,2026-01-15
248,718172DB2,1500000000.0,2250000000.0,2023-02-13
249,694308JM0,3100000000.0,3100000000.0,2020-07-01
250,17275RBS0,2500000000.0,2500000000.0,2024-02-21
251,594918CD4,3750000000.0,3750000000.0,2020-05-19
252,00206RJY9,3000000000.0,3000000000.0,2020-05-21
253,097023DS1,2491872000.0,2491872000.0,2024-11-18
254,110122EK0,2750000000.0,2750000000.0,2024-02-14
255,61747YFL4,2500000000.0,2500000000.0,2024-01-16
256,05964HAV7,2000000000.0,2000000000.0,2023-07-31
257,68389XEC5,2750000000.0,2750000000.0,2026-02-02
258,404280CT4,3000000000.0,3000000000.0,2021-05-17
259,110122EH7,2500000000.0,2500000000.0,2024-02-14
260,95000U3N1,2500000000.0,2500000000.0,2024-11-25
261,125523AK6,2999550000.0,2999550000.0,2019-07-26
262,61747YFG5,2500000000.0,2500000000.0,2023-07-19
263,38141GXH2,2500000000.0,2500000000.0,2020-03-17
264,694308JN8,3100000000.0,3100000000.0,2020-07-01
265,404280ES4,2250000000.0,2250000000.0,2025-02-26
266,46647PBX3,3000000000.0,3000000000.0,2021-01-28
267,871607AE7,2400000000.0,2400000000.0,2025-03-03
268,87264AAZ8,2997300000.0,2997300000.0,2021-04-24
269,06051GML0,2750000000.0,2750000000.0,2025-01-17
270,037833CD0,2000000000.0,2000000000.0,2016-07-28
271,023135BF2,2712771000.0,2750000000.0,2018-05-07
272,6174468U6,2750000000.0,2750000000.0,2020-11-09
273,17275RBT8,2500000000.0,2500000000.0,2024-02-21
274,172967NU1,2500000000.0,2500000000.0,2022-05-17
275,59023VAA8,1750000000.0,1750000000.0,2008-05-07
276,36267VAK9,1744749000.0,1744749000.0,2023-05-09
277,30231GAW2,2500000000.0,2500000000.0,2016-02-29
278,002824BH2,3250000000.0,3250000000.0,2016-11-17
279,61747YEH4,2500000000.0,2500000000.0,2021-10-14
280,11135FCM1,2500000000.0,2500000000.0,2025-07-07
282,17275RAD4,2000000000.0,2000000000.0,2009-02-09
283,00206RCP5,2500000000.0,2500000000.0,2015-04-23
284,11135FCQ2,2745719000.0,2745719000.0,2025-09-18
285,6174468X0,2500000000.0,2500000000.0,2021-01-20
286,46647PEY8,2500000000.0,2500000000.0,2025-04-14
287,46647PES1,2500000000.0,2500000000.0,2024-11-21
288,17327CBA0,2250000000.0,2250000000.0,2025-03-20
289,66989HBH0,2000000000.0,2000000000.0,2026-03-16
290,30303M8W5,2750000000.0,2750000000.0,2024-08-07
291,59022CAJ2,2000000000.0,2000000000.0,2007-01-22
292,92343VHG2,2250000000.0,2250000000.0,2025-11-10
293,404280DV8,2250000000.0,2250000000.0,2023-03-02
294,023135BZ8,3000000000.0,3000000000.0,2021-05-10
295,30303M8Q8,2500000000.0,2500000000.0,2023-05-01
296,02079KAW7,2500000000.0,2500000000.0,2025-11-03
297,66989HBL1,2250000000.0,2250000000.0,2026-03-16
298,11135FCV1,2985324000.0,2985324000.0,2025-09-18
299,68389XCK9,2500000000.0,2500000000.0,2022-11-07
300,172967QA2,2000000000.0,2000000000.0,2025-05-01
301,68389XBX2,4500000000.0,4500000000.0,2020-03-30
302,89788MAS1,2000000000.0,2000000000.0,2024-01-22
303,92343VEA8,3000000000.0,2136945000.0,2017-08-01
304,532457DR6,1500000000.0,1500000000.0,2026-05-06
305,91324PES7,2000000000.0,2000000000.0,2022-10-25
306,00287YAS8,2700000000.0,2700000000.0,2015-05-05
307,459200KC4,3000000000.0,3000000000.0,2019-05-08
308,404280ER6,1750000000.0,1750000000.0,2025-02-26
309,46647PEQ5,2500000000.0,2500000000.0,2024-10-15
310,404280FQ7,2250000000.0,2250000000.0,2026-05-07
311,404280FG9,2250000000.0,2250000000.0,2025-10-30
312,06051GJF7,2750000000.0,2750000000.0,2020-07-20
313,172967PL9,2500000000.0,2500000000.0,2024-06-04
314,002824BV1,2000000000.0,2000000000.0,2026-02-23
315,02209SBF9,2500000000.0,2500000000.0,2019-02-12
316,404119CA5,2700000000.0,2700000000.0,2020-02-11
317,46647PEV4,2500000000.0,2500000000.0,2025-01-16
318,61747YFZ3,2500000000.0,2500000000.0,2025-04-14
319,023135DG8,2500000000.0,2500000000.0,2026-03-10
320,92343VGC2,3500000000.0,3500000000.0,2021-03-11
321,87938WAU7,2000000000.0,2500000000.0,2017-03-01
322,718172DA4,1500000000.0,2200000000.0,2023-02-13
323,46647PCE4,3500000000.0,3500000000.0,2021-04-15
324,53944YAX1,2000000000.0,2000000000.0,2024-01-02
325,61748UAE2,2500000000.0,2500000000.0,2025-01-16
326,345370DA5,2500000000.0,2500000000.0,2021-11-08
327,38141GXR0,2500000000.0,2500000000.0,2021-01-20
328,874060AX4,2500000000.0,2500000000.0,2020-06-29
329,458140CS7,2250000000.0,2250000000.0,2026-04-27
330,404280EN5,2250000000.0,2250000000.0,2024-11-12
331,92343VFW9,4498814000.0,3651154000.0,2021-04-05
333,92343VFT6,3000000000.0,3000000000.0,2020-11-10
334,254687FX9,2500000000.0,2500000000.0,2020-05-11
335,00287YAR0,2500000000.0,2500000000.0,2015-05-05
336,30231GBN1,2000000000.0,2000000000.0,2020-04-13
337,11135FCU3,2247572000.0,2247572000.0,2025-09-18
338,055451AV0,2500000000.0,2500000000.0,2013-09-25
339,36186CBY8,1995021000.0,1995021000.0,2010-01-04
340,05526DBD6,2499700000.0,2500000000.0,2018-10-22
341,91324PFJ6,2000000000.0,2000000000.0,2024-07-23
343,17308CC53,2250000000.0,2250000000.0,2019-10-28
344,126650DU1,1750000000.0,1750000000.0,2023-02-13
345,29250NBR5,2300000000.0,2300000000.0,2023-03-06
346,68389XBW4,3000000000.0,3000000000.0,2020-03-30
347,49456BAH4,1750000000.0,1750000000.0,2014-11-24
348,00206RKH4,2500000000.0,2500000000.0,2020-07-27
349,61747YEL5,2500000000.0,2500000000.0,2022-01-19
350,172967ML2,2250000000.0,2250000000.0,2020-01-22
351,002824BX7,2000000000.0,2000000000.0,2026-02-23
352,084664DB4,2750000000.0,2750000000.0,2022-03-07
353,46647PDC7,2000000000.0,2500000000.0,2022-04-19
354,023135CB0,3250000000.0,3250000000.0,2021-05-10
355,61747YDY8,2500000000.0,2500000000.0,2015-01-22
356,92343VCK8,4500038000.0,2359957000.0,2015-02-11
357,06051GGM5,2000000000.0,2000000000.0,2017-04-19
358,30231GBG6,2750000000.0,2750000000.0,2020-03-17
359,20030NDW8,3983204000.0,3983204000.0,2022-04-25
360,91159HJR2,2000000000.0,2000000000.0,2024-01-18
361,00287YAM1,2598900000.0,2598900000.0,2013-07-08
362,42824CBV0,2000000000.0,2000000000.0,2024-09-12
363,11135FAS0,1999560000.0,1999560000.0,2020-07-06
364,68389XDP7,2500000000.0,2500000000.0,2025-09-24
365,6174468N2,2000000000.0,2000000000.0,2020-03-19
366,278058DZ2,2000000000.0,2000000000.0,2026-03-04
367,06051GHS1,2750000000.0,2750000000.0,2019-03-12
368,11135FCR0,1745822000.0,1745822000.0,2025-09-18
369,06738ECG8,2000000000.0,2000000000.0,2023-05-02
370,404280CF4,2500000000.0,2500000000.0,2020-03-25
372,92343VHF4,2000000000.0,2000000000.0,2025-11-10
373,871607AD9,1500000000.0,1500000000.0,2025-03-03
374,76720AAU0,1750000000.0,1750000000.0,2025-03-11
375,161175AZ7,2000000000.0,2000000000.0,2016-11-02
376,30303M8J4,2748838000.0,2748838000.0,2022-12-29
377,949746RF0,2399634000.0,2399634000.0,2014-01-06
378,17275RAF9,2000000000.0,2000000000.0,2009-11-09
379,91159HJL5,2000000000.0,2000000000.0,2023-01-26
380,437076DE9,1750000000.0,1750000000.0,2024-06-17
381,68389XCA1,3250000000.0,3250000000.0,2021-03-22
383,95000U2L6,2500000000.0,2500000000.0,2020-03-23
384,11135FCY5,2250000000.0,2250000000.0,2025-09-22
385,161175BT0,1500000000.0,2800000000.0,2019-10-15
386,68389XCJ2,2250000000.0,2250000000.0,2022-11-07
387,125523AJ9,2194799000.0,2194799000.0,2019-07-26
388,92343VGY4,2177695000.0,2177695000.0,2025-04-08
389,06051GJP5,2000000000.0,2000000000.0,2021-03-08
390,023135CH7,2500000000.0,2500000000.0,2022-04-11
391,78017FZT3,2000000000.0,2000000000.0,2024-10-08
392,68389XEA9,2250000000.0,2250000000.0,2026-02-02
393,501044DV0,2200000000.0,2200000000.0,2024-08-20
394,761713BB1,2250000000.0,2250000000.0,2015-06-09
395,037833AL4,3000000000.0,3000000000.0,2013-04-30
396,11135FCD1,1750000000.0,1750000000.0,2024-09-26
397,055451BL1,1250000000.0,1250000000.0,2025-02-18
398,03523TBU1,2000000000.0,2000000000.0,2019-01-10
399,693475CC7,1750000000.0,1750000000.0,2025-01-22
400,458140CU2,1750000000.0,1750000000.0,2026-04-27
401,06738ECE3,2000000000.0,2000000000.0,2022-10-27
402,06738ECV5,2000000000.0,2000000000.0,2024-09-03
403,02209SBE2,2000000000.0,2000000000.0,2019-02-12
404,161175BN3,1700000000.0,2450000000.0,2018-04-03
405,38148YAA6,2500000000.0,2500000000.0,2017-10-24
406,46647PAJ5,2500000000.0,2500000000.0,2017-07-17
407,17327CAY9,2000000000.0,2000000000.0,2025-02-25
408,031162DQ0,2750000000.0,2750000000.0,2023-02-15
409,501044DW8,2100000000.0,2100000000.0,2024-08-20
410,023135CT1,2500000000.0,2500000000.0,2025-11-17
411,46590XAY2,2049172000.0,1661534000.0,2023-08-22
412,03740MAF7,2000000000.0,2000000000.0,2024-02-28
413,06738ECY9,1750000000.0,1750000000.0,2025-02-19
414,92343VHK3,2000000000.0,2000000000.0,2025-11-10
415,03523TBW7,2000000000.0,2000000000.0,2019-01-10
416,375558BD4,2250000000.0,2250000000.0,2015-09-09
417,852060AT9,1998000000.0,1998000000.0,2002-05-06
418,87264ABN4,3000000000.0,3000000000.0,2021-04-24
419,30231GBF8,1250000000.0,2000000000.0,2020-03-17
420,931142FP3,1500000000.0,1500000000.0,2025-04-23
421,871607AG2,2100000000.0,2100000000.0,2025-03-03
422,404280EW5,2250000000.0,2250000000.0,2025-05-08
423,161175BL7,2499930000.0,2499930000.0,2017-10-25
424,87264ABL8,2499987000.0,2499987000.0,2021-04-24
425,61747YEU5,2000000000.0,2000000000.0,2022-07-18
426,404280EX3,2000000000.0,2000000000.0,2025-05-08
427,345370DB3,1750000000.0,1750000000.0,2022-08-16
428,91324PEW8,2000000000.0,2000000000.0,2023-03-23
429,76720AAV8,1750000000.0,1750000000.0,2025-03-11
430,00287YAW9,2000000000.0,2000000000.0,2016-05-09
431,00206RKA9,3000000000.0,3000000000.0,2020-05-21
432,38148LAF3,2000000000.0,2000000000.0,2015-05-19
433,95000U4F7,2000000000.0,2000000000.0,2026-01-15
434,68389XBY0,3500000000.0,3500000000.0,2020-03-30
435,91324PER9,2000000000.0,2000000000.0,2022-10-25
436,969457BY5,900000000.0,1500000000.0,2021-02-25
437,983024AN0,2000000000.0,2000000000.0,2007-03-22
438,532457DP0,1750000000.0,1750000000.0,2026-05-06
439,30231GBM3,2750000000.0,2750000000.0,2020-04-13
440,16411QAS0,1197999000.0,1197999000.0,2024-12-11
441,822905AA3,2446755000.0,2446755000.0,2024-09-05
442,05724BAQ2,2000000000.0,2000000000.0,2026-03-05
443,254687GD2,1500000000.0,1500000000.0,2026-02-10
444,458140CJ7,2000000000.0,2000000000.0,2023-02-07
445,404280FE4,2250000000.0,2250000000.0,2025-10-30
446,87264ABW4,1350000000.0,3549844000.0,2021-03-16
447,75513ECX7,1750000000.0,1750000000.0,2023-11-06
448,38141GC36,2100000000.0,2100000000.0,2025-01-21
449,36264FAM3,1998049000.0,1998049000.0,2022-11-02
450,06738ECZ6,2000000000.0,2000000000.0,2025-02-19
451,10373QCA6,1000000000.0,1950000000.0,2024-05-15
452,46647PBN5,2250000000.0,2250000000.0,2020-04-15
453,30303M8N5,1750000000.0,1750000000.0,2023-05-01
454,94974BGK0,2000000000.0,2000000000.0,2015-04-23
455,06051GJL4,2500000000.0,2500000000.0,2020-10-16
456,50077LAM8,1999670000.0,1810366000.0,2016-07-19
457,172967KR1,1000000000.0,2000000000.0,2016-05-11
458,02079KAD9,2250000000.0,2250000000.0,2020-08-03
459,38141GYC2,2250000000.0,2250000000.0,2021-04-15
460,617482V92,2000000000.0,2000000000.0,2012-07-19
461,037833EF3,3000000000.0,3000000000.0,2021-02-01
462,718172DJ5,1750000000.0,1750000000.0,2024-02-09
463,031162BZ2,1250000000.0,2250000000.0,2015-04-28
464,345370CQ1,2000000000.0,2000000000.0,2013-01-03
465,682680BN2,1750000000.0,1750000000.0,2023-08-10
466,92343VHC1,2159113000.0,2159113000.0,2025-11-24
467,59562VAM9,1696990000.0,1666939000.0,2006-09-11
468,46647PFD3,2000000000.0,2000000000.0,2025-10-15
469,822905AT2,2063148000.0,2063148000.0,2025-12-04
470,571748CC4,2000000000.0,2000000000.0,2024-10-30
472,693475BJ3,1500000000.0,1500000000.0,2022-10-25
473,38141GB29,2500000000.0,2500000000.0,2024-07-16
474,458140BM1,2250000000.0,2250000000.0,2020-03-20
475,86562MCS7,1500000000.0,1750000000.0,2023-01-03
476,084664CQ2,2350000000.0,2350000000.0,2018-08-07
477,16411QAQ4,1400000000.0,1400000000.0,2024-01-29
478,31620MCE4,2000000000.0,2000000000.0,2026-03-04
479,87264ACT0,2793148000.0,2793148000.0,2022-06-22
480,06051GMW6,2000000000.0,2000000000.0,2025-05-06
481,775109CK5,1996800000.0,1996800000.0,2023-07-27
482,20030NDG3,1600000000.0,1600000000.0,2020-03-24
483,254687EH5,1223938000.0,1223938000.0,2019-10-22
484,06051GFC8,2000000000.0,2000000000.0,2014-01-15
485,17275RBU5,2000000000.0,2000000000.0,2024-02-21
486,30303M8T2,1000000000.0,1000000000.0,2024-08-07
487,43849RAF2,1750000000.0,1750000000.0,2026-03-10
488,68389XBJ3,3000000000.0,3000000000.0,2016-06-29
489,404119CL1,1995870000.0,1995870000.0,2023-06-13
490,38141GB60,2000000000.0,2000000000.0,2024-10-16
491,00206RJZ6,2500000000.0,2500000000.0,2020-05-21
492,89115A2E1,2000000000.0,2000000000.0,2022-06-01
494,02079KAZ0,2000000000.0,2000000000.0,2025-11-03
495,92343VFE9,1500000000.0,1154676000.0,2020-03-17
496,37940XAW2,1700000000.0,1700000000.0,2025-11-06
497,38141GVS0,1750000000.0,1750000000.0,2015-10-16
498,404280FL8,2000000000.0,2000000000.0,2026-03-05
499,46625HJB7,1750000000.0,1750000000.0,2011-07-14
501,66989HAH1,1850000000.0,1850000000.0,2014-02-18
502,87264ACB9,2499724000.0,2499724000.0,2021-04-24
503,713448GK8,1250000000.0,1250000000.0,2025-07-21
504,037833DU1,1750000000.0,1750000000.0,2020-05-04
505,06051GGG8,2000000000.0,2000000000.0,2017-01-17
506,032095BA8,1600000000.0,1600000000.0,2025-10-27
507,375558AX1,1750000000.0,1750000000.0,2014-03-04
508,92857WCA6,2000000000.0,2000000000.0,2024-06-25
509,29278NAR4,2000000000.0,2000000000.0,2020-01-07
510,532457DL9,1500000000.0,1500000000.0,2026-05-06
511,24703DBS9,1250000000.0,1250000000.0,2025-09-22
512,925650AD5,1500000000.0,1500000000.0,2022-04-20
513,023135CJ3,2500000000.0,2500000000.0,2022-04-11
514,785592AX4,2000000000.0,2000000000.0,2021-01-26
515,11135FAQ4,2743900000.0,1854642000.0,2020-07-06
516,24422EXX2,1200000000.0,1200000000.0,2024-09-03
517,29273VAW0,1750000000.0,1750000000.0,2024-01-10
518,172967LU3,1000000000.0,1000000000.0,2018-01-17
519,404280DM8,985360000.0,985360000.0,2022-09-16
520,110122CQ9,1995600000.0,1995600000.0,2020-06-16
521,606822BX1,1800000000.0,1800000000.0,2021-07-12
522,68389XAM7,2240435000.0,2240435000.0,2011-10-27
523,037833BH2,2000000000.0,2000000000.0,2015-05-06
524,05526DBF1,2498262000.0,2498262000.0,2018-10-22
525,404119BZ1,2000000000.0,2000000000.0,2019-06-05
526,02209SAR4,1800000000.0,1800000000.0,2013-10-28
527,83444MAR2,1647430000.0,1647430000.0,2024-12-02
528,031162DW7,1750000000.0,1750000000.0,2026-02-17
529,172967NE7,1750000000.0,1750000000.0,2021-10-27
530,68389XCT0,1750000000.0,1750000000.0,2024-09-25
531,94974BFP0,2000000000.0,1868800000.0,2013-10-21
532,02079KBQ9,1750000000.0,1750000000.0,2026-02-09
533,37940XAY8,1750000000.0,1750000000.0,2025-11-06
534,68389XCQ6,2250000000.0,2250000000.0,2023-02-02
535,91159HJW1,1250000000.0,1250000000.0,2026-01-21
536,00774MAY1,1500000000.0,1500000000.0,2021-10-21
537,05964HAZ8,1500000000.0,1500000000.0,2023-10-30
538,75513ECW9,1500000000.0,1500000000.0,2023-11-06
539,26442CBJ2,900000000.0,1250000000.0,2023-01-03
540,718172CX5,1500000000.0,1500000000.0,2022-11-15
541,46625HHV5,1250000000.0,1250000000.0,2010-10-14
542,17275RBZ4,1250000000.0,1250000000.0,2025-02-19
543,22160KAP0,1750000000.0,1750000000.0,2020-04-16
544,35671DBC8,1999800000.0,1866300000.0,2013-09-09
545,233835AQ0,1500000000.0,1500000000.0,2001-01-11
546,11135FCK5,1750000000.0,1750000000.0,2025-07-07
547,775109CH2,1948968000.0,1948968000.0,2023-07-27
548,931142EY5,1250000000.0,1250000000.0,2022-09-06
549,89788MAU6,1250000000.0,1250000000.0,2025-05-15
550,91324PED0,1500000000.0,1500000000.0,2021-05-17
551,125523CZ1,1500000000.0,1500000000.0,2025-09-02
552,438516CF1,1500000000.0,1496188000.0,2021-08-02
553,023135CR5,2250000000.0,2250000000.0,2022-11-29
554,913017CX5,1750000000.0,1750000000.0,2018-08-13
555,03740MAD2,1750000000.0,1750000000.0,2024-02-28
556,606822DV3,1500000000.0,1500000000.0,2026-04-08
557,874060AY2,1500000000.0,1500000000.0,2020-06-29
559,00206RNK4,1650000000.0,1650000000.0,2026-01-29
560,931142FD0,1500000000.0,1500000000.0,2023-04-12
561,666807BP6,2250000000.0,2250000000.0,2017-10-10
562,125523CW8,1500000000.0,1500000000.0,2024-02-05
563,023135BM7,2247465000.0,2247465000.0,2018-05-07
564,43849RAE5,2000000000.0,2000000000.0,2026-03-10
565,80281LAV7,1250000000.0,1250000000.0,2025-01-08
566,89157XAB7,1750000000.0,1750000000.0,2024-04-02
567,91159HJT8,1300000000.0,1300000000.0,2025-02-05
568,92343VFU3,2750000000.0,2750000000.0,2020-11-10
569,191216DT4,900000000.0,1650000000.0,2024-05-06
570,78017DAV0,1500000000.0,1500000000.0,2026-04-14
571,78016FZX5,1700000000.0,1700000000.0,2023-01-09
572,337738BH0,1300000000.0,1300000000.0,2023-08-14
573,704326AB3,1500000000.0,1500000000.0,2025-04-08
574,097023DU6,1479504000.0,1479504000.0,2024-11-18
575,110122DU9,1750000000.0,1750000000.0,2022-02-15
576,571903BU6,1500000000.0,1500000000.0,2025-02-24
577,06418GBF3,1000000000.0,1000000000.0,2026-05-27
578,95000U4B6,1750000000.0,1750000000.0,2025-09-08
579,161175BU7,1600000000.0,1600000000.0,2020-04-14
580,855244AZ2,1250000000.0,1250000000.0,2020-05-04
581,89788MAP7,1750000000.0,1750000000.0,2023-06-05
582,94974BGE4,2000000000.0,1807487000.0,2014-10-28
583,278058DX7,1500000000.0,1500000000.0,2026-03-04
584,68389XCZ6,1250000000.0,1250000000.0,2025-01-30
585,61772BAC7,2000000000.0,2000000000.0,2021-04-21
586,404280CH0,1500000000.0,1500000000.0,2020-05-28
587,87264AAX3,1873720000.0,1873720000.0,2021-04-24
588,478160BV5,2000000000.0,2000000000.0,2016-02-26
589,674599DF9,1734194000.0,1734194000.0,2019-08-15
590,459200KB6,2000000000.0,2000000000.0,2019-05-08
591,87264ABT1,1000000000.0,1000000000.0,2021-01-11
592,58933YAT2,2000000000.0,2000000000.0,2015-02-05
593,68389XDA0,1750000000.0,1750000000.0,2025-01-30
594,254687FZ4,2750000000.0,2750000000.0,2020-05-11
595,46590XAX4,1547655000.0,1548000000.0,2023-08-22
596,023135BS4,2000000000.0,2000000000.0,2020-06-01
597,46647PEJ1,2750000000.0,2750000000.0,2024-07-15
598,126650EL0,1250000000.0,1250000000.0,2025-08-11
599,79466LAV6,1500000000.0,1500000000.0,2026-03-11
600,00724PAD1,1300000000.0,1300000000.0,2020-01-22
601,254687FS0,1750000000.0,1750000000.0,2020-03-19
602,717081FF5,1250000000.0,1250000000.0,2025-11-18
603,42824CBW8,1500000000.0,1500000000.0,2024-09-12
604,37045XEY8,1000000000.0,1000000000.0,2024-06-13
605,11135FBY6,1500000000.0,1500000000.0,2024-07-08
606,91324PFC1,1750000000.0,1750000000.0,2024-03-19
607,00440KAD5,1500000000.0,1500000000.0,2024-10-01
608,68389XDT9,2000000000.0,2000000000.0,2025-09-24
609,66989HAR9,1500000000.0,1500000000.0,2020-02-11
610,002824BG4,1650000000.0,1650000000.0,2016-11-17
611,594918BZ6,2500000000.0,851400000.0,2017-01-30
612,316773DL1,1000000000.0,1000000000.0,2024-01-22
613,92343VCQ5,2500000000.0,1888445000.0,2014-10-22
614,78017DAC2,1800000000.0,1800000000.0,2025-01-21
615,10373QBG4,1250000000.0,2000000000.0,2020-02-19
616,00206RNJ7,850000000.0,850000000.0,2026-01-29
617,482480AL4,1000000000.0,1000000000.0,2022-06-21
618,693475AZ8,2000000000.0,2000000000.0,2020-01-16
619,023135CA2,2000000000.0,2000000000.0,2021-05-10
620,20825CAQ7,2250000000.0,1587744000.0,2009-01-29
621,61746BEG7,2250000000.0,2250000000.0,2017-01-17
622,345397E66,900000000.0,1650000000.0,2024-03-05
623,718172DH9,1250000000.0,1250000000.0,2024-02-09
624,404280EE5,1250000000.0,1250000000.0,2024-02-26
625,35137LAN5,1250000000.0,1250000000.0,2023-10-05
626,606822DF8,1600000000.0,1600000000.0,2024-04-08
627,91324PFM9,1850000000.0,1850000000.0,2024-07-23
628,20030NBH3,1700000000.0,1700000000.0,2013-01-08
629,822905AE5,1764084000.0,1764084000.0,2024-09-05
630,68389XBZ7,2250000000.0,2250000000.0,2021-03-22
631,68389XBP9,1750000000.0,1750000000.0,2017-11-07
632,66989HBG2,1750000000.0,1750000000.0,2026-03-16
633,94974BGT1,2000000000.0,2000000000.0,2016-06-07
634,65473PAU9,750000000.0,1500000000.0,2025-03-20
635,38141EC31,1750000000.0,1750000000.0,2014-06-30
636,548661DQ7,1500000000.0,1500000000.0,2017-04-19
637,693475BZ7,1500000000.0,1500000000.0,2024-07-18
638,20030NDA6,1600000000.0,1600000000.0,2019-10-29
639,594918BT0,4500000000.0,1747280000.0,2016-08-01
640,94974BGU8,2000000000.0,2000000000.0,2016-12-01
641,46590XBA3,1500000000.0,1500000000.0,2026-03-30
642,20030NCU3,1500000000.0,1500000000.0,2018-10-02
643,81762PAE2,1500000000.0,1500000000.0,2020-08-06
644,911312AJ5,1500000000.0,1500000000.0,2008-01-10
645,87264ACW3,1000000000.0,1750000000.0,2022-09-12
646,002824BS8,2500000000.0,2500000000.0,2026-02-23
647,682680CD3,1250000000.0,1250000000.0,2024-09-10
648,29279FAA7,1750000000.0,1750000000.0,2019-01-08
649,404119CK3,1995500000.0,1995500000.0,2023-06-13
650,404119CT4,1000000000.0,1750000000.0,2024-02-20
651,126650EK2,1500000000.0,1500000000.0,2025-08-11
652,05971KAV1,1250000000.0,1250000000.0,2026-04-08
653,11135FCB5,1500000000.0,1500000000.0,2024-09-26
654,91159HJJ0,1500000000.0,1500000000.0,2022-10-18
655,30225VAK3,450000000.0,800000000.0,2023-06-12
656,89158TAB5,1250000000.0,1250000000.0,2026-01-06
657,94974BGQ7,2000000000.0,2000000000.0,2015-11-09
658,907818FK9,1000000000.0,1750000000.0,2020-01-28
659,88732JAJ7,1500000000.0,1500000000.0,2007-09-25
660,126650DY3,1250000000.0,1250000000.0,2023-05-30
661,16411RAN9,1440508000.0,1440508000.0,2024-09-05
662,04316JAN9,1500000000.0,1500000000.0,2024-12-10
663,47233WEJ4,1500000000.0,1500000000.0,2024-04-11
664,682680BL6,1500000000.0,1500000000.0,2023-08-10
665,742718FH7,1500000000.0,1500000000.0,2020-03-23
666,882508BD5,1300000000.0,1500000000.0,2018-04-30
667,532457DM7,1250000000.0,1250000000.0,2026-05-06
669,00287YBD0,1750000000.0,1750000000.0,2018-09-13
670,29273VAY6,1250000000.0,1250000000.0,2024-01-10
671,55336VBX7,1650000000.0,1650000000.0,2024-05-15
672,023135CY0,2000000000.0,2000000000.0,2025-11-17
673,10373QBT6,2000000000.0,2000000000.0,2022-01-10
674,20030NDM0,1500000000.0,1500000000.0,2020-05-20
675,404119DB2,1500000000.0,1500000000.0,2025-02-18
677,91159HJN1,1750000000.0,1750000000.0,2023-06-07
678,91324PFK3,1500000000.0,1500000000.0,2024-07-23
679,314352AC9,1000000000.0,1000000000.0,2026-02-05
680,084664CR0,1250000000.0,2000000000.0,2019-01-03
681,87406BAA0,1650000000.0,1650000000.0,2025-06-26
682,46647PAA4,2000000000.0,2000000000.0,2017-02-14
683,42824CAY5,1492420000.0,1492420000.0,2016-11-23
684,13607LWW9,1100000000.0,1100000000.0,2023-09-26
685,58933YBZ7,1500000000.0,1500000000.0,2025-12-01
686,03523TBT4,1735169000.0,1735169000.0,2017-07-19
687,95000U4J9,3250000000.0,3250000000.0,2026-05-13
688,254687DZ6,982472000.0,982472000.0,2019-10-22
689,458140CB4,1750000000.0,1750000000.0,2022-08-02
690,00206RCQ3,3500000000.0,1871798000.0,2015-04-23
691,20030NCM1,4000000000.0,1967962000.0,2018-10-02
692,191216DP2,2000000000.0,2000000000.0,2021-04-28
693,46625HLL2,1750000000.0,1750000000.0,2015-05-21
694,126650DQ0,1250000000.0,1250000000.0,2020-12-07
695,25278XAZ2,1300000000.0,1300000000.0,2024-04-09
696,89153VAV1,2500000000.0,2500000000.0,2020-05-26
697,037833FA3,1000000000.0,1000000000.0,2025-05-05
698,456837BM4,1500000000.0,1500000000.0,2024-03-11
699,639057AH1,1000000000.0,1000000000.0,2023-02-27
701,14913V2D9,1000000000.0,1000000000.0,2026-05-11
702,718547AU6,600000000.0,1200000000.0,2024-02-26
703,58013MFA7,1750000000.0,1750000000.0,2015-12-02
704,11135FCS8,1748078000.0,1748078000.0,2025-09-18
705,961214ET6,1000000000.0,1000000000.0,2021-05-25
706,02079KAK3,750000000.0,750000000.0,2025-04-28
707,29250NBZ7,1250000000.0,1250000000.0,2023-11-06
708,92343VCV4,2867154000.0,1289884000.0,2015-07-24
709,68389XAV7,1750000000.0,1750000000.0,2014-06-30
710,548661DY0,1250000000.0,1250000000.0,2020-10-07
711,11135FCL3,1750000000.0,1750000000.0,2025-07-07
713,747525AV5,1500000000.0,1500000000.0,2017-05-19
714,606822DG6,1100000000.0,1100000000.0,2025-01-06
715,406216BK6,2000000000.0,2000000000.0,2015-11-05
716,68389XCP8,1500000000.0,1500000000.0,2023-02-02
717,43849RAK1,1500000000.0,1500000000.0,2026-03-10
718,91324PEK4,2000000000.0,2000000000.0,2022-05-17
720,718172AC3,1500000000.0,1500000000.0,2008-05-13
721,278865BW9,1500000000.0,1500000000.0,2026-05-19
722,37045VAF7,1499952000.0,1499952000.0,2014-06-19
723,444859CA8,1250000000.0,1500000000.0,2024-03-11
724,57636QAP9,1500000000.0,1500000000.0,2020-03-24
725,404280CY3,1750000000.0,1750000000.0,2021-11-15
726,05964HBD6,1250000000.0,1250000000.0,2024-03-11
727,66989HAY4,1750000000.0,1750000000.0,2025-11-03
728,06738ECU7,1500000000.0,1500000000.0,2024-09-03
729,55336VCC2,1500000000.0,1500000000.0,2025-08-07
730,67066GAH7,2000000000.0,2000000000.0,2020-03-26
731,871607AC1,2000000000.0,2000000000.0,2025-03-03
732,693475CA1,1500000000.0,1500000000.0,2024-10-16
733,345397H48,1250000000.0,1250000000.0,2025-09-02
734,548661EL7,1250000000.0,1250000000.0,2022-09-06
735,11135FBQ3,2750000000.0,2750000000.0,2021-09-27
736,404119CV9,1500000000.0,1500000000.0,2024-02-20
737,38141GZN7,2000000000.0,2000000000.0,2022-01-22
738,585055BU9,4000000000.0,1813341000.0,2015-08-04
739,90353TAN0,1250000000.0,1250000000.0,2024-09-04
740,29379VCL5,750000000.0,1500000000.0,2025-06-17
741,02079KAN7,1500000000.0,1500000000.0,2025-04-28
742,12636YAF9,1250000000.0,1250000000.0,2025-01-06
743,718546AL8,1500000000.0,1700000000.0,2014-11-12
744,161175CR3,1500000000.0,1500000000.0,2024-05-09
745,05946KAX9,1250000000.0,1250000000.0,2026-04-30
746,446150BD5,1250000000.0,1250000000.0,2024-01-26
747,437076DF6,1500000000.0,1500000000.0,2024-06-17
748,037833DW7,2500000000.0,2500000000.0,2020-05-04
749,37045XEP7,1500000000.0,1500000000.0,2023-12-04
750,06738ECL7,1500000000.0,1500000000.0,2023-09-06
751,023135AQ9,1500000000.0,1500000000.0,2014-12-02
752,00774MAZ8,1500000000.0,1500000000.0,2021-10-21
754,694308JG3,2000000000.0,,2020-06-16
755,91324PET5,1500000000.0,1500000000.0,2022-10-25
756,585055BT2,2500000000.0,1931616000.0,2015-08-04
757,00206RNF5,1500000000.0,1500000000.0,2026-01-29
758,758750AP8,1229045000.0,1229045000.0,2024-04-03
759,548661EW3,1300000000.0,1300000000.0,2025-09-23
760,12189LBK6,1600000000.0,1600000000.0,2023-06-05
761,695114DE5,1500000000.0,1500000000.0,2024-01-03
762,89114TZV7,1500000000.0,1500000000.0,2022-03-07
763,501044DX6,1500000000.0,1500000000.0,2024-08-20
764,06738EDK8,1500000000.0,1500000000.0,2026-02-17
765,35137LAK1,1549796950.0,1549796950.0,2020-03-02
766,316773DN7,1000000000.0,1000000000.0,2026-01-26
767,88732JAU2,1500000000.0,1500000000.0,2009-06-24
768,929160AZ2,750000000.0,750000000.0,2020-05-07
769,478160CQ5,1750000000.0,1750000000.0,2020-08-20
770,92343VGW8,1000000000.0,1000000000.0,2024-02-20
771,65339KCP3,1000000000.0,1000000000.0,2023-02-06
772,548661EH6,1500000000.0,1500000000.0,2022-03-22
773,845467AT6,1150000000.0,1150000000.0,2021-12-08
774,161175CA0,1000000000.0,2400000000.0,2021-02-18
775,166756BK1,1250000000.0,1250000000.0,2025-08-11
776,29273VAU4,1500000000.0,1500000000.0,2023-10-10
777,46124HAG1,1250000000.0,1250000000.0,2023-09-12
778,606822CX0,1250000000.0,1250000000.0,2023-02-15
779,532457CN6,1500000000.0,1500000000.0,2024-02-07
780,11135FCG4,1100000000.0,1100000000.0,2025-01-06
781,00206RDJ8,4497895000.0,1732691000.0,2016-11-16
782,606822DY7,1250000000.0,1250000000.0,2026-04-08
783,89788MAM4,1500000000.0,1500000000.0,2023-01-23
784,06050TJZ6,1250000000.0,1250000000.0,2006-10-26
785,87264ADS1,1250000000.0,1250000000.0,2025-03-24
786,58933YCG8,1500000000.0,1500000000.0,2026-05-18
787,06051GHV4,2500000000.0,2500000000.0,2019-07-18
788,81762PAJ1,1250000000.0,1250000000.0,2026-05-12
789,458140CQ1,1000000000.0,1000000000.0,2026-04-27
790,927804GX6,1300000000.0,1300000000.0,2026-02-24
791,58933YBM6,1500000000.0,1500000000.0,2023-05-08
792,92343VFR0,2250000000.0,2250000000.0,2020-11-10
793,548661EM5,1500000000.0,1500000000.0,2022-09-06
794,86562MDP2,1350000000.0,1350000000.0,2024-07-02
795,718546AH7,1498000000.0,1498000000.0,2012-11-15
796,91324PCR1,2000000000.0,2000000000.0,2015-07-20
797,032095BB6,1650000000.0,1650000000.0,2025-10-27
798,55261FAR5,1000000000.0,1000000000.0,2023-01-24
799,49177JAP7,1500000000.0,1500000000.0,2023-10-19
800,91324PEX6,1750000000.0,1750000000.0,2023-03-23
801,88339WAC0,1000000000.0,1300000000.0,2024-01-02
802,406216AY7,1000000000.0,1000000000.0,2009-03-10
803,76720AAS5,1750000000.0,1750000000.0,2025-03-11
804,38141GCU6,2000000000.0,1037316000.0,2003-02-06
805,49456BAX9,1500000000.0,1500000000.0,2023-01-26
806,980236AT0,1250000000.0,1250000000.0,2025-05-14
807,00287YCY3,1681353000.0,1681353000.0,2020-10-19
808,606822CK8,1500000000.0,1500000000.0,2022-07-11
809,68389XDB8,1750000000.0,1750000000.0,2025-01-30
810,25278XBA6,1500000000.0,1500000000.0,2024-04-09
811,00440EAW7,1500000000.0,1500000000.0,2015-10-27
812,38141GA53,1250000000.0,1250000000.0,2023-10-18
813,980236AV5,1250000000.0,1250000000.0,2025-05-14
814,404280EG0,1400000000.0,1400000000.0,2024-05-08
815,345397J61,1500000000.0,1500000000.0,2026-03-10
816,89115KAR1,1250000000.0,1250000000.0,2026-04-16
817,06368MS62,750000000.0,750000000.0,2026-05-28
818,02079KBN6,1500000000.0,1500000000.0,2026-02-09
819,694308JQ1,1951470000.0,1951470000.0,2020-06-19
820,682680CE1,1600000000.0,1600000000.0,2024-09-10
822,032095AZ4,1250000000.0,1250000000.0,2025-10-27
823,88732JAN8,1500000000.0,1500000000.0,2008-06-16
824,606822DS0,1150000000.0,1150000000.0,2026-01-05
825,928563AF2,750000000.0,750000000.0,2020-04-02
826,125523CV0,1250000000.0,1250000000.0,2024-02-05
827,13645RBF0,1400000000.0,1400000000.0,2021-11-17
828,89115KAJ9,1250000000.0,1250000000.0,2025-10-06
829,26875PAZ4,1250000000.0,1250000000.0,2025-06-16
830,60871RAH3,1800000000.0,1800000000.0,2016-06-28
831,20030NCC3,1985328000.0,1985328000.0,2017-11-16
832,639057AN8,1500000000.0,1500000000.0,2024-02-26
833,682680CF8,1500000000.0,1500000000.0,2024-09-10
834,14448CAR5,1499960000.0,1499960000.0,2020-11-06
835,10373QBW9,1000000000.0,1000000000.0,2024-01-04
836,58933YBE4,2000000000.0,2000000000.0,2021-12-07
837,92976GAJ0,2500000000.0,1413633000.0,2007-11-30
838,37045VAK6,1250000000.0,1250000000.0,2016-02-18
839,458140CA6,1250000000.0,1250000000.0,2022-08-02
840,375558BA0,1750000000.0,1750000000.0,2014-11-12
841,458140BH2,1250000000.0,2000000000.0,2019-11-18
842,58933YBK0,1500000000.0,1500000000.0,2023-05-08
843,244199BL8,1250000000.0,1250000000.0,2025-01-13
844,502431AT6,750000000.0,750000000.0,2024-03-11
845,478160CV4,1150000000.0,1150000000.0,2024-05-13
847,694308KH9,750000000.0,1550000000.0,2023-01-04
848,456837BU6,1500000000.0,1500000000.0,2026-03-16
849,55336VAT7,1500000000.0,1500000000.0,2018-11-07
850,055451BM9,1000000000.0,1000000000.0,2025-09-02
851,42809HAD9,1250000000.0,1250000000.0,2010-08-05
852,30212PAR6,1249580000.0,1249580000.0,2020-02-24
853,10373QBV1,1500000000.0,1500000000.0,2023-05-09
854,458140BJ8,1500000000.0,2000000000.0,2019-11-18
855,06738EAV7,1500000000.0,1500000000.0,2017-01-03
856,00287YEF2,1250000000.0,1250000000.0,2026-02-24
857,58933YBS3,1750000000.0,1750000000.0,2025-09-02
858,47233WLL1,1500000000.0,1500000000.0,2026-01-13
859,126650DT4,1500000000.0,1500000000.0,2023-02-13
860,126650DZ0,1250000000.0,1250000000.0,2023-05-30
861,02079KAM9,1500000000.0,1500000000.0,2025-04-28
862,539830BN8,1577497000.0,1577497000.0,2017-09-27
863,110122DV7,1250000000.0,1250000000.0,2022-02-15
864,925650AC7,1000000000.0,1000000000.0,2022-04-20
865,29379VCK7,750000000.0,1350000000.0,2025-06-17
866,63111XAJ0,1250000000.0,1130000000.0,2023-06-22
867,606822DT8,1500000000.0,1500000000.0,2026-01-05
868,03523TBF4,1249274000.0,1249274000.0,2011-02-09
869,75513ECS8,1250000000.0,1250000000.0,2023-02-23
870,980236AR4,1250000000.0,1250000000.0,2024-09-05
871,037833BA7,2000000000.0,2000000000.0,2015-02-02
872,91324PFH0,1500000000.0,1500000000.0,2024-07-23
873,06051GEN5,1500000000.0,1500000000.0,2012-02-02
874,61747YFS9,2250000000.0,2250000000.0,2024-07-17
875,231021BA3,1000000000.0,1000000000.0,2025-05-06
876,071813CS6,1540000000.0,1540000000.0,2022-06-14
877,502431AQ2,1500000000.0,1500000000.0,2023-07-27
878,606822DL5,1500000000.0,1500000000.0,2025-04-15
879,38141GYK4,1500000000.0,1500000000.0,2021-07-14
880,345397D67,1250000000.0,1250000000.0,2023-11-02
881,341081GG6,1500000000.0,1500000000.0,2022-01-12
883,83444MAQ4,998795000.0,998795000.0,2024-12-02
884,126650ED8,1250000000.0,1250000000.0,2024-05-07
885,191216DZ0,1500000000.0,1500000000.0,2024-08-07
886,55336VAM2,1750000000.0,1750000000.0,2018-02-05
887,58013MFK5,1000000000.0,1750000000.0,2019-08-07
888,171239AM8,1250000000.0,1250000000.0,2025-08-04
889,53944YBD4,1500000000.0,1500000000.0,2025-10-28
890,251526DA4,1500000000.0,1500000000.0,2025-05-06
892,03027XCN8,650000000.0,850000000.0,2025-03-11
893,20030NDN8,1750000000.0,1750000000.0,2020-08-11
894,55336VBQ2,1500000000.0,1500000000.0,2020-08-11
895,110122DW5,2000000000.0,2000000000.0,2022-02-15
896,79466LAJ3,1500000000.0,1500000000.0,2021-06-29
897,00206RMZ2,1250000000.0,1250000000.0,2025-05-28
898,26441CBL8,1000000000.0,1000000000.0,2021-06-07
899,023135CU8,1500000000.0,1500000000.0,2025-11-17
900,37045XFB7,1200000000.0,1200000000.0,2025-01-02
901,61744YAL2,2000000000.0,2000000000.0,2017-07-19
902,24422EXE4,1000000000.0,1000000000.0,2023-09-05
903,666807CH3,1000000000.0,1000000000.0,2023-02-06
904,035240AG5,1490330000.0,1490330000.0,2016-12-08
905,494550AW6,550000000.0,1175000000.0,2007-06-18
906,06051GHX0,2000000000.0,2000000000.0,2019-10-17
907,713448GC6,1250000000.0,1250000000.0,2025-02-05
908,882926AA6,1200000000.0,1550000000.0,2023-05-11
909,78016HZZ6,1300000000.0,1300000000.0,2024-07-15
910,58933YBX2,1000000000.0,1000000000.0,2025-12-01
911,907818FU7,850000000.0,1000000000.0,2021-05-17
912,03073EAT2,1000000000.0,1000000000.0,2021-03-25
913,10112RBD5,1250000000.0,1250000000.0,2020-05-01
914,125523CY4,1250000000.0,1250000000.0,2025-09-02
915,37045VAZ3,1250000000.0,1250000000.0,2022-07-28
916,532457CM8,1500000000.0,1500000000.0,2024-02-07
917,91324PEV0,1500000000.0,1500000000.0,2023-03-23
918,704326AA5,1500000000.0,1500000000.0,2025-04-08
919,370334CT9,1000000000.0,1000000000.0,2023-03-27
920,94106LCE7,1500000000.0,1500000000.0,2024-10-30
921,68389XBF1,2000000000.0,2000000000.0,2015-04-28
922,53944YBE2,1250000000.0,1250000000.0,2025-10-28
923,17275RBY7,1000000000.0,1000000000.0,2025-02-19
924,05964HBJ3,1000000000.0,1000000000.0,2025-01-07
925,21685WCJ4,1500000000.0,1500000000.0,2011-05-17
926,25179MBG7,1250000000.0,1250000000.0,2024-08-19
927,06417XAP6,1250000000.0,1250000000.0,2023-01-24
928,58933YBT1,1250000000.0,1250000000.0,2025-09-02
929,459200KJ9,1350000000.0,1350000000.0,2020-04-30
930,14448CAQ7,1997975000.0,1997975000.0,2020-11-06
931,96950FAF1,1250000000.0,1250000000.0,2010-06-01
932,35137LAJ4,1249772500.0,1249772500.0,2020-03-02
933,482480AM2,1200000000.0,1450000000.0,2022-06-21
934,03831WAC2,1000000000.0,1000000000.0,2024-11-20
935,68389XBH7,1250000000.0,1250000000.0,2016-06-29
936,969457CJ7,750000000.0,1250000000.0,2023-02-27
937,693475CE3,1500000000.0,1500000000.0,2025-07-17
938,86562MCB4,1500000000.0,1500000000.0,2020-06-29
939,65535HAQ2,1500000000.0,1500000000.0,2020-01-09
940,00287YDX4,1500000000.0,1500000000.0,2024-02-22
941,75513ECR0,1250000000.0,1250000000.0,2023-02-23
942,06368L3L8,800000000.0,800000000.0,2024-05-30
943,682680DD2,1250000000.0,1250000000.0,2025-08-06
944,68389XCU7,1750000000.0,1750000000.0,2024-09-25
945,125523CK4,1250000000.0,1250000000.0,2020-03-04
946,46647PAN6,1750000000.0,1750000000.0,2018-01-16
947,20826FBD7,1770231000.0,1770231000.0,2022-09-01
948,251526CY3,1250000000.0,1250000000.0,2024-09-04
949,278865BV1,900000000.0,900000000.0,2026-05-19
950,24703DBU4,1250000000.0,1250000000.0,2025-09-22
951,24703DBL4,1000000000.0,1000000000.0,2023-01-09
952,594918BS2,2250000000.0,1749327000.0,2016-08-01
953,12704PAB4,1250000000.0,1250000000.0,2025-01-06
954,89157XAC5,1250000000.0,1250000000.0,2024-04-02
956,171239AK2,1000000000.0,1600000000.0,2024-03-04
957,571748CD2,1500000000.0,1500000000.0,2024-10-30
958,10373QBP4,1500000000.0,2250000000.0,2020-12-01
959,036752BE2,1350000000.0,1350000000.0,2024-10-22
960,90353TAU4,1250000000.0,1250000000.0,2025-09-08
961,64110LAZ9,1000000000.0,1000000000.0,2024-07-30
962,04316JAP4,1500000000.0,1500000000.0,2024-12-10
963,842400GG2,700000000.0,1800000000.0,2017-03-21
964,95041AAF5,600000000.0,1000000000.0,2025-06-25
965,902494BH5,500000000.0,1500000000.0,2018-09-25
966,054989AD0,1000000000.0,1000000000.0,2023-07-31
967,78016HZW3,1250000000.0,1250000000.0,2024-01-10
969,29379VCF8,1000000000.0,1000000000.0,2024-01-02
970,02079KAX5,1250000000.0,1250000000.0,2025-11-03
971,251526CD9,1500000000.0,1500000000.0,2020-09-10
972,86562MEG1,1000000000.0,1000000000.0,2026-01-05
973,06738EDE2,1250000000.0,1250000000.0,2025-08-04
974,14448CBC7,997392000.0,872466000.0,2024-01-23
975,65339KBR0,2000000000.0,2000000000.0,2020-05-05
976,87264ADU6,1250000000.0,1250000000.0,2025-03-24
977,822905AC9,1192346000.0,1192346000.0,2024-09-05
978,02209SBM4,1500000000.0,1500000000.0,2021-02-01
979,126650DV9,1250000000.0,1250000000.0,2023-02-13
980,37045XER3,1000000000.0,1000000000.0,2024-02-05
981,693475BW4,1500000000.0,1500000000.0,2024-01-17
982,49326EEP4,1000000000.0,1000000000.0,2024-02-26
983,06738EAJ4,1500000000.0,1500000000.0,2015-08-10
984,345397B36,1000000000.0,1650000000.0,2020-11-08
985,879385AD4,1250000000.0,1250000000.0,2000-09-14
986,36962GXZ2,5000000000.0,1323866000.0,2002-03-13
987,29273VBE9,1250000000.0,1250000000.0,2025-02-18
988,149123CL3,1700000000.0,1700000000.0,2025-05-12
989,30303M8R6,1750000000.0,1750000000.0,2023-05-01
990,20030NCE9,1999999000.0,1999999000.0,2017-11-16
991,46647PBU9,1400000000.0,1400000000.0,2020-11-12
992,53944YAU7,1250000000.0,1250000000.0,2022-08-04
993,548661EV5,1100000000.0,1100000000.0,2025-09-23
994,11135FDA6,1250000000.0,1250000000.0,2026-01-06
995,404280AQ2,1500000000.0,1500000000.0,2014-03-05
996,478160DK7,1250000000.0,1250000000.0,2025-02-18
997,50076QAE6,1973700000.0,1530618000.0,2012-12-07
998,437076DD1,1000000000.0,1000000000.0,2024-06-17
999,375558BK8,1750000000.0,1750000000.0,2016-09-15
1000,46647PBV7,1600000000.0,1600000000.0,2020-11-12
1001,05526DCB9,1000000000.0,1000000000.0,2025-03-11
1002,91324PDX7,1250000000.0,1250000000.0,2020-05-13
1003,00206RNB4,1150000000.0,1150000000.0,2025-09-18
1004,29273VAQ3,1500000000.0,1500000000.0,2022-12-05
1005,037833DY3,1250000000.0,1250000000.0,2020-08-13
1006,94106LBY4,750000000.0,750000000.0,2024-06-24
1007,404119DC0,1250000000.0,1250000000.0,2025-02-18
1008,031162CU2,1250000000.0,1250000000.0,2020-02-18
1009,29379VCH4,1400000000.0,1400000000.0,2024-08-01
1010,037833FB1,1000000000.0,1000000000.0,2025-05-05
1011,166756BJ4,1200000000.0,1200000000.0,2025-08-11
1012,969457CV0,1250000000.0,1250000000.0,2026-01-05
1013,89157XAA9,1250000000.0,1250000000.0,2024-04-02
1014,10373QBQ2,1250000000.0,2050000000.0,2021-02-03
1015,842587CX3,2000000000.0,2000000000.0,2016-05-19
1016,05724BAM1,1250000000.0,1250000000.0,2026-03-05
1017,92826CAM4,1500000000.0,1500000000.0,2020-03-31
1018,911312CE4,1100000000.0,1100000000.0,2024-05-20
1019,449276AG9,1400000000.0,1400000000.0,2024-01-29
1020,05971KAS8,1250000000.0,1250000000.0,2025-10-30
1021,91324PEF5,2000000000.0,2000000000.0,2021-05-17
1022,92857WAQ3,1200000000.0,1260000000.0,2007-02-20
1023,456837BV4,1500000000.0,1500000000.0,2026-03-16
1024,46124HAH9,1250000000.0,1250000000.0,2023-09-12
1025,48126BAA1,1250000000.0,1250000000.0,2011-12-15
1026,92826CAE2,1500000000.0,1500000000.0,2015-12-09
1027,65473PAX3,900000000.0,900000000.0,2025-06-23
1028,031162DV9,1000000000.0,1000000000.0,2026-02-17
1029,571903BS1,1000000000.0,1000000000.0,2024-08-08
1030,172967MM0,1300000000.0,1300000000.0,2020-03-19
1031,45866FAW4,1500000000.0,1500000000.0,2022-05-12
1032,406216BJ9,1000000000.0,1000000000.0,2015-11-05
1033,20030NEF4,1600000000.0,1600000000.0,2023-05-01
1034,747525AK9,1500000000.0,1500000000.0,2015-05-13
1035,472140AB8,992404000.0,992404000.0,2025-12-11
1036,037833EQ9,1750000000.0,1750000000.0,2022-08-01
1037,89788MAW2,1250000000.0,1250000000.0,2026-01-22
1038,035240AV2,1750000000.0,1750000000.0,2020-04-01
1039,446150BK9,1000000000.0,1000000000.0,2026-01-23
1040,45866FAN4,1500000000.0,1500000000.0,2020-08-17
1041,89236TLE3,1100000000.0,1100000000.0,2023-11-15
1042,8935268Z9,1250000000.0,1250000000.0,2009-01-06
1043,46647PCD6,2000000000.0,2000000000.0,2021-04-15
1044,00206RNE8,1500000000.0,1500000000.0,2025-09-18
1045,278062AH7,1300000000.0,1300000000.0,2022-08-16
1046,09062XAH6,1500000000.0,1500000000.0,2020-04-27
1047,29250NCD5,800000000.0,1150000000.0,2024-04-02
1048,928563AL9,1500000000.0,1500000000.0,2021-07-20
1049,86765BAV1,1500000000.0,1500000000.0,2017-09-19
1050,149123CB5,1717431000.0,1717431000.0,2012-11-06
1051,747525BP7,1234132000.0,1234132000.0,2020-11-20
1052,822905AB1,1355391000.0,1355391000.0,2024-09-05
1053,58933YAW5,1500000000.0,1500000000.0,2019-03-05
1054,571903BE2,1000000000.0,1000000000.0,2020-05-28
1055,345397G56,1250000000.0,1250000000.0,2025-01-02
1056,404119BV0,1500000000.0,1500000000.0,2017-06-08
1057,91159HJA9,1250000000.0,1250000000.0,2020-07-16
1059,30303M8M7,1000000000.0,1000000000.0,2023-05-01
1060,00287YEG0,1500000000.0,1500000000.0,2026-02-24
1061,437076CQ3,1500000000.0,1500000000.0,2022-03-24
1062,45687VAB2,1000000000.0,1000000000.0,2023-08-08
1063,548661EJ2,1500000000.0,1500000000.0,2022-03-22
1064,87264ABY0,997630000.0,1698018000.0,2021-04-24
1065,456837BR3,1000000000.0,1000000000.0,2025-03-18
1066,458140CF5,1250000000.0,1250000000.0,2023-02-07
1067,126650EC0,1000000000.0,1000000000.0,2024-05-07
1068,38141GXA7,1500000000.0,1500000000.0,2018-04-18
1069,16411QAN1,1195109000.0,1195109000.0,2022-07-07
1070,58933YCJ2,1000000000.0,1000000000.0,2026-05-18
1071,254687FQ4,1250000000.0,1250000000.0,2020-03-19
1072,539830BB4,1327196000.0,1327196000.0,2013-04-29
1073,369604BZ5,1000000000.0,1000000000.0,2025-07-22
1074,00287YDT3,2000000000.0,2000000000.0,2024-02-22
1075,87612GAM3,1000000000.0,1000000000.0,2025-02-24
1076,29278NAQ6,1500000000.0,1500000000.0,2020-01-07
1077,478160AN4,1000000000.0,1000000000.0,2007-08-13
1078,47233WMK2,1100000000.0,1100000000.0,2026-04-23
1079,92840VBB7,1000000000.0,1000000000.0,2026-04-08
1080,61744YAR9,1000000000.0,1000000000.0,2018-04-19
1081,674599EL5,1200000000.0,1200000000.0,2024-07-23
1082,02079KAF4,2500000000.0,2500000000.0,2020-08-03
1084,606822DK7,1000000000.0,1000000000.0,2025-04-15
1085,573284AW6,900000000.0,900000000.0,2021-06-21
1086,532457CL0,1500000000.0,1500000000.0,2024-02-07
1087,594918BC7,1500000000.0,1500000000.0,2015-02-09
1088,29273VBK5,1000000000.0,1000000000.0,2026-01-12
1089,055451BA5,750000000.0,750000000.0,2023-02-23
1090,24703TAJ5,1487696000.0,990812000.0,2021-05-17
1091,548661EX1,1200000000.0,1200000000.0,2025-09-23
1092,50077LAZ9,1499500000.0,1499500000.0,2020-12-18
1093,55336VBT6,1500000000.0,1500000000.0,2022-03-10
1094,037833EJ5,1000000000.0,1000000000.0,2021-07-29
1095,26884LBD0,1089722000.0,1089722000.0,2025-08-08
1096,907818FG8,1841766000.0,1841766000.0,2020-04-27
1097,606822BK9,1500000000.0,1500000000.0,2019-07-11
1098,871829BN6,1250000000.0,1191877000.0,2020-03-30
1099,25278XAV1,1100000000.0,1100000000.0,2022-10-17
1100,617446HD4,1000000000.0,984550000.0,2002-03-27
1101,606822DN1,1000000000.0,1000000000.0,2025-09-02
1102,191216CV0,1500000000.0,1500000000.0,2020-04-29
1103,911312CK0,1250000000.0,1250000000.0,2025-05-12
1104,25179MAL7,1250000000.0,1250000000.0,2011-07-05
1105,05964HBG9,1500000000.0,1500000000.0,2024-07-08
1106,606822DH4,1150000000.0,1150000000.0,2025-01-06
1107,94106LBW8,1250000000.0,1250000000.0,2023-07-27
1108,337738BP2,1000000000.0,1000000000.0,2025-08-04
1109,606822BR4,1150000000.0,1150000000.0,2020-02-18
1110,46625HJM3,750000000.0,1250000000.0,2013-08-14
1111,65339KBZ2,1000000000.0,1000000000.0,2021-12-08
1112,446150AS3,750000000.0,750000000.0,2020-01-28
1113,161175CS1,1250000000.0,1250000000.0,2025-08-18
1114,00206RNH1,1250000000.0,1250000000.0,2026-01-29
1115,70450YAV5,850000000.0,850000000.0,2026-05-12
1116,907818FX1,1250000000.0,1250000000.0,2022-02-09
1117,126650DR8,1000000000.0,1000000000.0,2021-08-09
1118,03831WAB4,1000000000.0,1000000000.0,2024-11-20
1119,437076CB6,1500000000.0,1500000000.0,2020-03-26
1120,46647PAK2,1500000000.0,1500000000.0,2017-07-17
1121,035242AN6,11000000000.0,1457486000.0,2016-01-13
1123,25278XBC2,1200000000.0,1200000000.0,2025-03-06
1125,22822VAT8,1100000000.0,1100000000.0,2020-06-04
1126,02209SBL6,1750000000.0,1750000000.0,2021-02-01
1127,29444UBU9,1200000000.0,1200000000.0,2022-03-31
1128,91324PDT6,1250000000.0,1250000000.0,2019-07-23
1129,92840VBA9,1000000000.0,1000000000.0,2026-04-08
1130,68902VAK3,1487700000.0,1487700000.0,2020-08-10
1131,428236BR3,1200000000.0,1200000000.0,2011-09-13
1132,125523CF5,1407225000.0,1407225000.0,2020-06-12
1133,054989AB4,1250000000.0,1250000000.0,2023-07-31
1134,126650DN7,1250000000.0,1250000000.0,2020-08-12
1135,90353TAP5,1500000000.0,1500000000.0,2024-09-04
1136,606822BU7,1250000000.0,1250000000.0,2020-07-13
1137,345397E25,1000000000.0,1000000000.0,2024-01-02
1138,472140AF9,1245607000.0,1245607000.0,2025-12-11
1139,91913YAL4,1500000000.0,1500000000.0,2007-06-05
1140,694308JJ7,1925000000.0,,2020-06-16
1141,89788MAT9,1000000000.0,1000000000.0,2024-08-01
1142,166764BY5,1500000000.0,1500000000.0,2020-05-07
1143,931142FU2,1250000000.0,1250000000.0,2026-04-27
1144,87612GAS0,1000000000.0,1000000000.0,2025-11-06
1145,345397G31,1000000000.0,1250000000.0,2024-10-31
1146,45866FAX2,1500000000.0,1500000000.0,2022-05-12
1147,36164QNA2,11406510000.0,6905219000.0,2016-06-20
1148,747525AJ2,1000000000.0,1000000000.0,2015-05-13
1149,458140CK4,1250000000.0,1250000000.0,2023-02-07
1150,404280AH2,750000000.0,1514640000.0,2007-09-05
1151,49177JAH5,973003000.0,973003000.0,2023-10-19
1152,29273VBB5,1250000000.0,1250000000.0,2024-06-06
1153,92343VCX0,5000000000.0,1246661000.0,2015-07-24
1154,097023DR3,999056000.0,999056000.0,2024-11-18
1155,931142FV0,1000000000.0,1000000000.0,2026-04-27
1156,458140BG4,1944308535.0,1944308535.0,2018-05-10
1157,21684AAD8,1250000000.0,1250000000.0,2015-07-28
1158,532457DG0,1000000000.0,1000000000.0,2025-08-18
1159,26441CBT1,1150000000.0,1150000000.0,2022-08-08
1160,337738BE7,900000000.0,900000000.0,2023-02-27
1161,654106AK9,1500000000.0,1500000000.0,2020-03-25
1162,00287YEH8,1250000000.0,1250000000.0,2026-02-24
1163,743315BD4,1000000000.0,1000000000.0,2026-03-23
1164,11135FBT7,1200000000.0,1200000000.0,2022-03-31
1165,95041AAG3,650000000.0,1250000000.0,2025-06-25
1166,20030NEJ6,1300000000.0,1300000000.0,2024-05-20
1167,55336VCA6,1250000000.0,1250000000.0,2025-08-07
1168,37045VAJ9,1250000000.0,1250000000.0,2014-11-04
1169,10373QBR0,1450000000.0,1450000000.0,2021-06-14
1170,233331BN6,1100000000.0,1100000000.0,2025-02-18
1171,713448FM5,1250000000.0,1250000000.0,2022-07-14
1172,29379VBA0,1000000000.0,1400000000.0,2013-03-11
1173,12189LBL4,1300000000.0,1300000000.0,2024-06-03
1174,842587DT1,700000000.0,1100000000.0,2023-09-05
1175,911312BW5,1250000000.0,1250000000.0,2020-03-19
1176,037389BE2,1000000000.0,1000000000.0,2020-05-12
1177,166756BD7,1100000000.0,1100000000.0,2025-02-24
1178,65535HBZ1,750000000.0,750000000.0,2025-06-24
1179,254687FY7,1750000000.0,1750000000.0,2020-05-11
1180,883556DH2,750000000.0,750000000.0,2026-02-09
1181,110122DQ8,1250000000.0,1250000000.0,2020-11-09
1182,89157XAF8,1250000000.0,1250000000.0,2024-09-03
1183,345397J95,1000000000.0,1000000000.0,2026-05-19
1184,742718FW4,850000000.0,850000000.0,2022-01-27
1185,456837BH5,1250000000.0,1250000000.0,2023-09-05
1186,29273VBA7,1250000000.0,1250000000.0,2024-06-06
1187,458140BR0,1500000000.0,1500000000.0,2020-03-20
1188,55336VAN0,1500000000.0,1500000000.0,2018-02-05
1189,30161NAX9,1250000000.0,1250000000.0,2020-03-30
1190,456837BS1,1000000000.0,1000000000.0,2025-03-18
1191,713448EZ7,1000000000.0,1000000000.0,2020-04-29
1192,767201AL0,500000000.0,1150000000.0,2010-10-28
1193,30231GBK7,2000000000.0,2000000000.0,2020-03-17
1194,11135FCC3,875000000.0,875000000.0,2024-09-26
1195,68389XBQ7,2250000000.0,2250000000.0,2017-11-07
1196,674599DL6,1099221000.0,1099221000.0,2019-08-15
1197,571748BJ0,1250000000.0,1250000000.0,2019-01-08
1198,88731EAJ9,1000000000.0,1000000000.0,1993-11-24
1199,89788MAX0,1000000000.0,1000000000.0,2026-04-20
1200,00287YEE5,1250000000.0,1250000000.0,2026-02-24
1201,695114DD7,1100000000.0,1100000000.0,2024-01-03
1202,404119DJ5,1000000000.0,1000000000.0,2026-04-27
1203,75886FAE7,1250000000.0,1250000000.0,2020-08-07
1204,404119CQ0,1250000000.0,1250000000.0,2023-05-01
1205,45866FAH7,1250000000.0,1250000000.0,2018-08-06
1206,758750AN3,998292000.0,998292000.0,2024-04-03
1207,911312BZ8,900000000.0,900000000.0,2023-02-23
1208,74432QCK9,750000000.0,750000000.0,2025-03-11
1209,031162CZ1,1250000000.0,1250000000.0,2021-08-05
1210,115236AM3,1000000000.0,1000000000.0,2025-06-11
1211,532457CG1,1250000000.0,1250000000.0,2023-02-23
1212,58933YCB9,1500000000.0,1500000000.0,2025-12-01
1213,958667AE7,750000000.0,750000000.0,2023-03-30
1214,11135FCW9,1000000000.0,1000000000.0,2025-09-22
1215,76720AAT3,1250000000.0,1250000000.0,2025-03-11
1216,05971KAR0,1250000000.0,1250000000.0,2025-10-30
1217,42824CBT5,1750000000.0,1750000000.0,2024-09-12
1218,694308KM8,1150000000.0,1150000000.0,2023-06-01
1219,87264ADB8,1250000000.0,1250000000.0,2023-05-08
1220,171232AQ4,800000000.0,800000000.0,2007-05-08
1221,58933YCF0,1000000000.0,1000000000.0,2026-05-18
1222,02079KAL1,1250000000.0,1250000000.0,2025-04-28
1223,20030NAC5,750000000.0,750000000.0,2003-03-12
1224,55336VBY5,1000000000.0,1000000000.0,2025-03-03
1226,37045XDE3,1000000000.0,1000000000.0,2021-01-05
1227,90353TAT7,1000000000.0,1000000000.0,2025-09-08
1228,009158BC9,900000000.0,900000000.0,2020-04-27
1229,023135BT2,2500000000.0,2500000000.0,2020-06-01
1230,00206RMY5,1250000000.0,1250000000.0,2025-05-28
1231,532457CS5,1250000000.0,1250000000.0,2024-08-12
1232,134429BP3,1000000000.0,1000000000.0,2024-03-19
1233,458140BU3,1250000000.0,1250000000.0,2021-08-10
1234,472140AH5,1247627000.0,1247627000.0,2025-12-11
1235,00206RDR0,3000000000.0,1055020000.0,2017-01-31
1236,458140CM0,1150000000.0,1150000000.0,2024-02-15
1237,68389XAE5,1250000000.0,1250000000.0,2008-04-02
1238,11135FDB4,1250000000.0,1250000000.0,2026-01-06
1239,969457BZ2,1000000000.0,1000000000.0,2022-08-03
1240,91159HJU5,1200000000.0,1200000000.0,2025-02-05
1241,02209SAV5,1500000000.0,1500000000.0,2016-09-13
1242,91159HJV3,1250000000.0,1250000000.0,2025-05-12
1243,404119DL0,1250000000.0,1250000000.0,2026-04-27
1244,25160PAS6,1000000000.0,1000000000.0,2026-04-09
1245,29379VBX0,1000000000.0,1250000000.0,2020-01-06
1246,37045XDL7,1000000000.0,1000000000.0,2021-06-07
1247,04636NAN3,1500000000.0,1500000000.0,2024-02-21
1248,548661EA1,1500000000.0,1500000000.0,2021-03-29
1249,46647PBM7,1500000000.0,1500000000.0,2020-04-15
1250,883556DJ8,1300000000.0,1300000000.0,2026-02-09
1251,72650RBS0,550000000.0,1000000000.0,2025-09-03
1252,883556CL4,1200000000.0,1200000000.0,2021-08-09
1253,023135CC8,1750000000.0,1750000000.0,2021-05-10
1254,278865BX7,1400000000.0,1400000000.0,2026-05-19
1255,161175BV5,1400000000.0,2050000000.0,2020-04-14
1256,874060AZ9,2000000000.0,2000000000.0,2020-06-29
1257,86562MCW8,1000000000.0,1350000000.0,2023-01-03
1258,693475CB9,1000000000.0,1000000000.0,2025-01-22
1259,30212PBM6,1000000000.0,1000000000.0,2026-04-08
1260,28368EAE6,1100000000.0,1005204000.0,2002-01-08
1261,931142EC3,3000000000.0,1682681000.0,2018-06-20
1262,55336VCD0,1000000000.0,1000000000.0,2025-08-07
1263,437076CC4,1250000000.0,1250000000.0,2020-03-26
1264,29273RAR0,1000000000.0,1000000000.0,2012-01-09
1265,87264AEA9,850000000.0,850000000.0,2026-01-07
1266,404280CK3,1500000000.0,1500000000.0,2020-08-11
1267,16411QAK7,1498763000.0,1498763000.0,2021-10-27
1268,345397G49,1250000000.0,1250000000.0,2025-01-02
1269,91324PFA5,1000000000.0,1000000000.0,2024-03-19
1271,06738ECA1,1000000000.0,1000000000.0,2022-08-02
1272,66989HAV0,1100000000.0,1100000000.0,2024-09-16
1273,92343VHH0,1500000000.0,1500000000.0,2025-11-10
1274,291011BR4,1000000000.0,1000000000.0,2021-12-07
1275,717081FE8,1250000000.0,1250000000.0,2025-11-18
1276,713448ES3,1500000000.0,1500000000.0,2020-03-17
1277,277432AY6,750000000.0,750000000.0,2024-02-15
1278,369550BM9,1000000000.0,1000000000.0,2020-03-23
1279,532457CX4,1250000000.0,1250000000.0,2025-02-10
1280,89158TAA7,1500000000.0,1500000000.0,2026-01-06
1281,03938LBM5,1000000000.0,1000000000.0,2026-05-12
1282,53944YBJ1,1000000000.0,1000000000.0,2026-02-03
1283,713448FE3,1250000000.0,1250000000.0,2021-10-06
1284,13607PVQ4,900000000.0,900000000.0,2025-01-06
1285,747525BK8,1200000000.0,1200000000.0,2020-05-06
1286,055451BE7,1500000000.0,1500000000.0,2023-09-05
1287,438516BZ8,1000000000.0,948845000.0,2020-05-14
1288,260543CG6,1250000000.0,1250000000.0,2012-11-06
1289,98389BBA7,800000000.0,800000000.0,2023-07-31
1290,92343VFV1,2000000000.0,2000000000.0,2020-11-10
1291,341081HB6,1150000000.0,1150000000.0,2025-12-02
1292,20826FBF2,1000000000.0,1000000000.0,2023-08-08
1293,883556DG4,1000000000.0,1000000000.0,2026-02-09
1294,037833EV8,1000000000.0,1000000000.0,2023-05-08
1295,87264ADM4,900000000.0,900000000.0,2024-09-23
1296,532457CY2,1250000000.0,1250000000.0,2025-02-10
1297,893574AU7,1000000000.0,1000000000.0,2026-03-09
1298,83444MAS0,1247858000.0,1226007000.0,2024-12-02
1299,10373QBM1,1000000000.0,1000000000.0,2020-08-05
1300,594918CF9,1934476000.0,1934476000.0,2021-03-04
1301,29250NCQ6,1000000000.0,1000000000.0,2026-03-24
1302,171239AN6,1000000000.0,1000000000.0,2026-05-18
1303,532457CH9,1000000000.0,1000000000.0,2023-02-23
1305,37940XAD4,1000000000.0,1000000000.0,2020-05-07
1306,873923AE6,1500000000.0,1500000000.0,2026-03-10
1307,29379VBC6,1150000000.0,1150000000.0,2014-02-05
1310,478160DL5,1250000000.0,1250000000.0,2025-02-18
1311,11135FDD0,1250000000.0,1250000000.0,2026-01-06
1312,375558AS2,1000000000.0,1000000000.0,2011-12-06
1313,036752AD5,1400000000.0,1400000000.0,2017-11-14
1314,20030NEG2,1400000000.0,1400000000.0,2023-05-01
1315,254687GE0,1000000000.0,1000000000.0,2026-02-10
1316,539439BA6,1000000000.0,1000000000.0,2024-11-19
1317,341081GL5,750000000.0,750000000.0,2023-02-28
1319,25278XAN9,1200000000.0,1200000000.0,2019-11-20
1320,66989HBK3,1000000000.0,1000000000.0,2026-03-16
1321,56585AAF9,1249545000.0,1249545000.0,2011-10-07
1323,126408HU0,950000000.0,950000000.0,2022-07-21
1324,539830BL2,2000000000.0,1326432000.0,2015-11-16
1325,742718GA1,850000000.0,850000000.0,2023-01-23
1326,87264ABX2,992400000.0,992400000.0,2021-04-24
1327,29278NAE3,1000000000.0,1000000000.0,2018-06-05
1328,532457CR7,1250000000.0,1250000000.0,2024-08-12
1329,78409VBQ6,745668000.0,745668000.0,2024-07-24
1330,693475BM6,1500000000.0,1500000000.0,2023-01-19
1331,98389BBB5,800000000.0,800000000.0,2024-02-26
1332,37045XDS2,1250000000.0,1250000000.0,2022-01-06
1333,704326AC1,1200000000.0,1200000000.0,2025-04-08
1334,62954HAJ7,999891000.0,999891000.0,2022-04-14
1335,24703DBT7,1250000000.0,1250000000.0,2025-09-22
1336,03770DAD5,994506000.0,994506000.0,2025-02-03
1337,40434LAJ4,996993000.0,996993000.0,2022-01-24
1338,345370CA6,1800000000.0,1069689000.0,1999-07-09
1339,254687FM3,2000000000.0,2000000000.0,2019-09-03
1340,12189LAA9,750000000.0,750000000.0,2010-05-12
1341,86562MDU1,1000000000.0,1000000000.0,2025-01-07
1342,88732JBB3,1250000000.0,1250000000.0,2011-09-07
1343,231021AX4,1000000000.0,1000000000.0,2024-02-14
1344,110122EG9,1250000000.0,1250000000.0,2024-02-14
1345,25746UDG1,1500000000.0,1500000000.0,2020-03-31
1346,191216DS6,1100000000.0,1100000000.0,2024-05-06
1347,375558BG7,1000000000.0,1000000000.0,2015-09-09
1348,036752BK8,1000000000.0,1000000000.0,2025-09-08
1349,026874DS3,750000000.0,750000000.0,2023-03-23
1350,036752AN3,1100000000.0,1100000000.0,2020-04-30
1351,20826FBM7,1300000000.0,1300000000.0,2024-11-25
1352,26875PAY7,1250000000.0,1250000000.0,2025-06-16
1353,037833ED8,2750000000.0,2750000000.0,2021-02-01
1354,20030NCZ2,1800000000.0,1800000000.0,2019-10-29
1355,89115KAB6,700000000.0,1150000000.0,2025-05-27
1356,91324PFG2,1250000000.0,1250000000.0,2024-07-23
1357,05526DBY0,850000000.0,850000000.0,2024-02-15
1358,78017DAH1,1000000000.0,1000000000.0,2025-03-24
1359,822905AG0,1664464000.0,1664464000.0,2024-09-05
1360,98978VAH6,1150000000.0,1150000000.0,2013-09-25
1361,031162CR9,1250000000.0,2000000000.0,2020-02-18
1362,036752BD4,1200000000.0,1200000000.0,2024-10-22
1364,031162CD0,1415205000.0,1415205000.0,2016-12-09
1365,191216DE7,1300000000.0,1300000000.0,2020-09-14
1366,45866FAP9,1250000000.0,1250000000.0,2020-08-17
1367,437076CD2,1500000000.0,1500000000.0,2020-03-26
1368,60687YDM8,1000000000.0,1000000000.0,2025-06-26
1369,20826FBG0,1000000000.0,1000000000.0,2023-08-08
1371,57636QAZ7,1000000000.0,1000000000.0,2024-05-07
1372,071813DE6,1000000000.0,1000000000.0,2025-11-19
1373,74762EAF9,1000000000.0,1000000000.0,2020-09-14
1375,00206RKB7,1500000000.0,1500000000.0,2020-05-21
1376,02665WGF2,750000000.0,750000000.0,2025-07-08
1377,097023CJ2,850000000.0,850000000.0,2019-04-30
1378,62954HBB3,1000000000.0,1000000000.0,2022-05-11
1379,369604CA9,1000000000.0,1000000000.0,2025-07-22
1380,65339KCJ7,1000000000.0,1000000000.0,2022-06-21
1381,89153VAT6,1250000000.0,1250000000.0,2019-07-08
1382,532457DE5,1250000000.0,1250000000.0,2025-08-18
1383,009158BK1,1150000000.0,1150000000.0,2024-02-06
1384,931142FT5,1000000000.0,1000000000.0,2026-04-27
1385,620076BZ1,900000000.0,900000000.0,2024-03-11
1386,92857WBM1,3000000000.0,1443947000.0,2018-05-23
1387,458140CH1,1000000000.0,1000000000.0,2023-02-07
1389,49177JAK8,1223594000.0,1223594000.0,2023-10-19
1390,031162CW8,1250000000.0,1250000000.0,2020-05-04
1391,21684AAB2,1250000000.0,1250000000.0,2013-11-25
1392,42824CBU2,1250000000.0,1250000000.0,2024-09-12
1393,92343VDR2,1706297000.0,1136127000.0,2017-06-07
1394,404119CU1,1300000000.0,1300000000.0,2024-02-20
1395,42824CCA5,850000000.0,850000000.0,2025-09-08
1396,039482AB0,1000000000.0,1000000000.0,2020-03-25
1397,67066GAF1,1500000000.0,1500000000.0,2020-03-26
1398,60687YDB2,1100000000.0,1100000000.0,2023-06-29
1399,404280AG4,900000000.0,1221457000.0,2006-04-26
1400,59156RAJ7,400000000.0,750000000.0,2004-05-26
1401,43849RAH8,1000000000.0,1000000000.0,2026-03-10
1402,125523CM0,1500000000.0,1500000000.0,2021-03-01
1403,571748CB6,1000000000.0,1000000000.0,2024-10-30
1404,26441CCJ2,1000000000.0,1000000000.0,2025-09-08
1405,883556DD1,750000000.0,750000000.0,2025-09-30
1406,55354GAR1,1250000000.0,1250000000.0,2025-08-05
1408,00774MBM6,1100000000.0,1100000000.0,2024-09-03
1409,057224AZ0,1500000000.0,1145657000.0,2010-08-19
1410,87938WAX1,1250000000.0,1250000000.0,2019-02-26
1411,87938WAW3,1250000000.0,1250000000.0,2018-02-27
1412,02079KAG2,2000000000.0,2000000000.0,2020-08-03
1413,62954HAY4,1000000000.0,1000000000.0,2022-04-14
1414,548661EQ6,1000000000.0,1000000000.0,2023-03-28
1415,828807DY0,1000000000.0,1000000000.0,2024-09-23
1416,79466LAL8,2000000000.0,2000000000.0,2021-06-29
1417,747525BT9,1200000000.0,1200000000.0,2022-11-07
1418,478160CF9,1500000000.0,1500000000.0,2017-02-28
1419,30161NBL4,650000000.0,1050000000.0,2023-02-16
1420,961214FP3,750000000.0,750000000.0,2023-11-08
1421,12505BAG5,1000000000.0,1000000000.0,2023-06-20
1422,278062AE4,999800000.0,999800000.0,2013-10-10
1423,37045XCY0,750000000.0,1100000000.0,2020-06-17
1424,126650EF3,1000000000.0,1000000000.0,2024-05-07
1425,04010LBK8,750000000.0,750000000.0,2025-05-27
1426,96949LAC9,1000000000.0,1000000000.0,2015-02-26
1427,91324PEE8,1500000000.0,1500000000.0,2021-05-17
1429,532457DF2,1000000000.0,1000000000.0,2025-08-18
1430,437076CS9,1250000000.0,1250000000.0,2022-09-12
1431,842400HT3,750000000.0,750000000.0,2022-11-03
1432,341081HE0,1050000000.0,1050000000.0,2026-05-26
1433,04636NAM5,1000000000.0,1000000000.0,2024-02-21
1434,110122DY1,1000000000.0,1000000000.0,2023-10-30
1435,00287YDZ9,1000000000.0,1000000000.0,2025-02-18
1436,60871RAT7,1000000000.0,1000000000.0,2026-05-20
1437,58933YAZ8,1250000000.0,1250000000.0,2020-06-16
1438,88732JAY4,1200000000.0,1200000000.0,2010-11-09
1439,06051GKB4,2000000000.0,2000000000.0,2021-07-15
1440,459200LG4,1000000000.0,1000000000.0,2025-02-05
1441,16411RAP4,1000000000.0,1000000000.0,2026-03-19
1442,55336VBZ2,1000000000.0,1000000000.0,2025-03-03
1443,49271VAJ9,750000000.0,750000000.0,2020-04-07
1444,404119DK2,750000000.0,750000000.0,2026-04-27
1445,90353TAQ3,1250000000.0,1250000000.0,2024-09-04
1446,125523CQ1,1500000000.0,1500000000.0,2021-03-01
1447,6174468Y8,2000000000.0,2000000000.0,2021-01-20
1448,92343VFL3,1000000000.0,1000000000.0,2020-09-16
1449,46590XBC9,1000000000.0,1000000000.0,2026-03-30
1450,694308KR7,1100000000.0,1100000000.0,2024-02-26
1451,03938LBF0,1000000000.0,1000000000.0,2022-11-21
1452,084664BL4,750000000.0,750000000.0,2010-01-06
1453,931142FE8,1500000000.0,1500000000.0,2023-04-12
1454,172967HA2,1000000000.0,1000000000.0,2013-09-10
1455,969457CW8,1000000000.0,1000000000.0,2026-01-05
1456,00206RBH4,1955149000.0,1296794000.0,2013-05-14
1457,717081ED1,1250000000.0,1250000000.0,2016-11-14
1458,345397C68,1150000000.0,1150000000.0,2023-01-03
1459,60871RAD2,1100000000.0,1100000000.0,2012-04-26
1460,06051GHU6,1500000000.0,1500000000.0,2019-04-17
1461,639057AV0,1250000000.0,1250000000.0,2025-05-20
1462,29273VBF6,1100000000.0,1100000000.0,2025-02-18
1463,57636QBC7,1100000000.0,1100000000.0,2024-09-03
1464,91324PFD9,1100000000.0,1100000000.0,2024-03-19
1465,776696AM8,1000000000.0,1000000000.0,2025-08-07
1466,674599EA9,1000000000.0,1000000000.0,2020-06-26
1467,89157XAE1,1000000000.0,1000000000.0,2024-09-03
1468,06738EDJ1,1200000000.0,1200000000.0,2026-02-17
1469,161175BS2,1250000000.0,1250000000.0,2019-06-25
1470,74340XBM2,1000000000.0,1000000000.0,2020-02-03
1471,05526DBS3,1250000000.0,1250000000.0,2020-09-22
1472,20030NBP5,800000000.0,800000000.0,2015-05-19
1473,70450YAL7,1000000000.0,1000000000.0,2022-05-16
1474,25278XBB4,1000000000.0,1000000000.0,2024-04-09
1475,21871XAH2,1499916000.0,1499916000.0,2023-04-26
1476,438127AF9,1000000000.0,1000000000.0,2025-06-25
1477,437076AV4,1000000000.0,1000000000.0,2011-03-28
1478,032095AJ0,900000000.0,900000000.0,2019-09-04
1479,437076CT7,1000000000.0,1000000000.0,2022-09-12
1481,37045XFC5,1000000000.0,1000000000.0,2025-01-02
1483,20030NBM2,1000000000.0,1000000000.0,2014-08-05
1484,084659AP6,750000000.0,750000000.0,2018-04-04
1485,22822VAX9,1250000000.0,1250000000.0,2021-02-08
1486,89352HAM1,1250000000.0,1250000000.0,2014-02-25
1487,09062XAG8,1500000000.0,1500000000.0,2020-04-27
1488,37045VAP5,1000000000.0,1000000000.0,2017-08-02
1489,58933YAJ4,1250000000.0,1250000000.0,2013-05-15
1490,72650RBR2,700000000.0,1000000000.0,2025-09-03
1491,03769MAE6,500000000.0,850000000.0,2025-08-07
1492,161175CJ1,1000000000.0,1000000000.0,2022-03-10
1493,904764BQ9,850000000.0,850000000.0,2021-08-09
1494,713448GB8,1000000000.0,1000000000.0,2025-02-05
1495,59156RCC0,1000000000.0,1000000000.0,2022-07-07
1496,438516CM6,1000000000.0,1000000000.0,2023-05-12
1497,87612EBA3,1500000000.0,1108330000.0,2012-06-21
1498,35177PAX5,900000000.0,900000000.0,2012-01-09
1499,20030NEC1,1000000000.0,1000000000.0,2023-02-07
1500,345397J38,1000000000.0,1000000000.0,2026-01-05
1501,713448FS2,1000000000.0,1000000000.0,2023-02-13
1502,437076BH4,1250000000.0,1600000000.0,2015-05-28
1503,674599ED3,1500000000.0,1114251000.0,2020-08-12
1504,58933YBF1,2000000000.0,2000000000.0,2021-12-07
1505,136385AL5,1100000000.0,1100000000.0,2007-03-12
1506,04351LAD2,800000000.0,800000000.0,2025-11-18
1507,75513ECN9,1000000000.0,1000000000.0,2021-11-01
1508,29379VBU6,1250000000.0,1250000000.0,2018-10-03
1509,29379VBJ1,875000000.0,975000000.0,2015-05-04
1510,37045XED4,500000000.0,1000000000.0,2023-01-04
1511,91913YBG4,850000000.0,850000000.0,2026-03-05
1512,911312CD6,900000000.0,900000000.0,2024-05-20
1514,718546AK0,1000000000.0,1000000000.0,2014-11-12
1515,36267VAH6,1244881000.0,1244881000.0,2023-05-09
1516,404119CR8,1000000000.0,1000000000.0,2023-05-01
1517,37045XEV4,1250000000.0,1250000000.0,2024-04-01
1518,78016HZQ6,900000000.0,900000000.0,2023-04-24
1519,539830CA5,850000000.0,850000000.0,2023-05-23
1520,00206RNC2,1250000000.0,1250000000.0,2025-09-18
1521,125523CX6,1000000000.0,1000000000.0,2025-09-02
1522,65339KCU2,1100000000.0,1100000000.0,2024-01-29
1523,30303M8K1,1493962000.0,1493962000.0,2022-12-29
1524,36828AAB7,1000000000.0,1000000000.0,2026-02-02
1525,375558BJ1,750000000.0,750000000.0,2016-09-15
1526,89236TGY5,1000000000.0,1000000000.0,2020-03-27
1527,03040WAD7,750000000.0,750000000.0,2008-05-12
1528,87612EBS4,750000000.0,750000000.0,2024-09-03
1529,931142FN8,1000000000.0,1000000000.0,2025-04-23
1530,45866FAK0,1250000000.0,1250000000.0,2020-05-18
1532,20030NEB3,1000000000.0,1000000000.0,2022-10-31
1533,548661EN3,1000000000.0,1000000000.0,2022-09-06
1534,674599EM3,1000000000.0,1000000000.0,2024-07-23
1535,65339KCQ1,1150000000.0,1150000000.0,2023-02-06
1536,20030NDH1,800000000.0,1600000000.0,2020-03-24
1537,548661DN4,1350000000.0,1350000000.0,2016-04-11
1538,89352HAD1,1000000000.0,1000000000.0,2007-10-02
1539,94106LCF4,1250000000.0,1250000000.0,2024-10-30
1540,78017DAM0,1000000000.0,1000000000.0,2025-07-28
1541,91324PEQ1,1250000000.0,1250000000.0,2022-10-25
1542,459200LT6,1000000000.0,1000000000.0,2026-01-29
1543,29444UBE5,1200000000.0,1200000000.0,2019-11-06
1544,50249AAR4,1000000000.0,1000000000.0,2025-11-10
1545,47233JBH0,1000000000.0,1000000000.0,2018-01-18
1546,0778FPAL3,850000000.0,850000000.0,2023-05-08
1547,345397B69,1000000000.0,1000000000.0,2021-06-22
1549,22822VBE0,750000000.0,750000000.0,2023-12-04
1550,404121AK1,1250000000.0,1250000000.0,2024-08-07
1551,36266GAC1,850000000.0,850000000.0,2025-06-03
1552,651639AZ9,1000000000.0,795370000.0,2021-12-06
1553,097023DC6,1400000000.0,1400000000.0,2020-10-29
1554,842400JE4,750000000.0,750000000.0,2024-05-06
1555,65473QBF9,1000000000.0,1000000000.0,2017-05-11
1556,023135AP1,1250000000.0,1250000000.0,2014-12-02
1558,68389XAH8,1250000000.0,1250000000.0,2009-06-30
1559,404119BY4,1000000000.0,1000000000.0,2019-06-05
1560,05526DBZ7,850000000.0,850000000.0,2024-02-15
1561,87264ADY8,1000000000.0,1000000000.0,2025-10-06
1562,097023CR4,1000000000.0,1000000000.0,2019-07-29
1563,20826FBJ4,1350000000.0,1350000000.0,2024-11-25
1564,65535HAX7,1000000000.0,1000000000.0,2021-07-06
1565,08576PAQ4,796073000.0,796073000.0,2025-01-14
1567,55336VBV1,1100000000.0,1100000000.0,2023-02-02
1568,46625HJU5,1000000000.0,1000000000.0,2014-01-21
1569,370334DA9,750000000.0,750000000.0,2024-11-18
1570,91324PAR3,850000000.0,850000000.0,2006-02-27
1571,742718FQ7,1000000000.0,1000000000.0,2021-04-21
1572,907818GB8,900000000.0,900000000.0,2022-09-06
1573,125523CL2,1500000000.0,1400000000.0,2020-03-04
1574,857477DB6,1000000000.0,1000000000.0,2025-04-22
1575,68389XBE4,1250000000.0,1250000000.0,2015-04-28
1576,404119CB3,1500000000.0,1500000000.0,2021-06-21
1577,345397D42,850000000.0,850000000.0,2023-06-05
1578,86562MED8,1100000000.0,1100000000.0,2026-01-05
1579,444859BY7,850000000.0,850000000.0,2023-11-02
1580,86562MEF3,1200000000.0,1200000000.0,2026-01-05
1581,256677AG0,1000000000.0,1000000000.0,2020-04-01
1582,74432QCF0,1500000000.0,1500000000.0,2019-09-10
1583,717081FD0,1000000000.0,1000000000.0,2025-11-18
1584,695114DA3,1200000000.0,1200000000.0,2023-05-15
1585,58933YCC7,1000000000.0,1000000000.0,2025-12-01
1586,037833EK2,1800000000.0,1800000000.0,2021-07-29
1587,56585ABK7,1100000000.0,1100000000.0,2025-02-06
1588,20030NCL3,3000000000.0,968885000.0,2018-10-02
1589,92840VBC5,1500000000.0,1500000000.0,2026-04-08
1590,91324PEJ7,1500000000.0,1500000000.0,2022-05-17
1591,29250NCC7,1200000000.0,1200000000.0,2024-04-02
1592,254687GA8,1500000000.0,1500000000.0,2020-05-11
1593,20826FBE5,1100000000.0,1100000000.0,2023-05-09
1594,26875PBB6,750000000.0,750000000.0,2025-11-19
1595,67066GAN4,1250000000.0,1250000000.0,2021-06-14
1596,10373QBL3,1250000000.0,1250000000.0,2020-04-02
1597,04686JAL5,1000000000.0,1000000000.0,2025-05-14
1598,45866FBA1,750000000.0,750000000.0,2024-05-06
1599,87264ADF9,1250000000.0,1250000000.0,2024-01-09
1600,00774MBE4,850000000.0,850000000.0,2023-09-18
1601,03040WBG9,900000000.0,900000000.0,2025-08-06
1602,375558CL5,1000000000.0,1000000000.0,2026-05-14
1603,21036PBH0,1000000000.0,1000000000.0,2021-07-21
1604,49326EEN9,750000000.0,750000000.0,2022-05-16
1605,191216CT5,1250000000.0,1250000000.0,2020-03-20
1606,25160PAR8,1000000000.0,1000000000.0,2026-02-03
1607,24422EXN4,850000000.0,850000000.0,2024-03-04
1608,57636QBB9,1150000000.0,1150000000.0,2024-09-03
1609,78081BAU7,900000000.0,900000000.0,2025-09-02
1610,970648AM3,750000000.0,750000000.0,2023-05-10
1611,594918CA0,3000000000.0,1088485000.0,2017-01-30
1612,05946KAR2,1000000000.0,1000000000.0,2024-03-05
1613,87612GAF8,1000000000.0,1000000000.0,2023-11-06
1614,58013MEF7,750000000.0,750000000.0,2008-02-26
1616,00206RND0,1100000000.0,1100000000.0,2025-09-18
1617,58933YBY0,1000000000.0,1000000000.0,2025-12-01
1618,24703DBN0,1000000000.0,1000000000.0,2024-03-04
1619,832696AY4,750000000.0,750000000.0,2023-10-11
1620,674599DD4,869550000.0,869550000.0,2019-08-15
1621,66989HAK4,1250000000.0,1250000000.0,2015-11-17
1622,55336VCB4,750000000.0,750000000.0,2025-08-07
1623,742718FM6,1250000000.0,1250000000.0,2020-10-27
1624,87612GAD3,850000000.0,850000000.0,2023-01-03
1625,16411QAW1,999250000.0,999250000.0,2026-01-26
1627,075887CL1,1000000000.0,1000000000.0,2021-02-08
1629,94106LCD9,750000000.0,750000000.0,2024-10-30
1630,126650EE6,750000000.0,750000000.0,2024-05-07
1631,855244AW9,750000000.0,750000000.0,2020-03-10
1632,172967NF4,1250000000.0,1103148000.0,2021-10-27
1633,92343VFX7,1144945000.0,1095701000.0,2021-04-05
1634,92556VAD8,1449500000.0,1449500000.0,2021-09-28
1635,904764AH0,1000000000.0,1000000000.0,2002-11-04
1636,654106AM5,1500000000.0,1500000000.0,2020-03-25
1637,446150BE3,1150000000.0,1150000000.0,2024-11-12
1638,054989AA6,1000000000.0,1000000000.0,2023-07-31
1639,278058EA6,1000000000.0,1000000000.0,2026-03-04
1640,12189LBM2,900000000.0,900000000.0,2025-06-02
1641,472140AK8,994858000.0,994858000.0,2025-12-11
1642,036752AZ6,1000000000.0,1000000000.0,2024-05-20
1643,29444UBH8,1100000000.0,1100000000.0,2020-06-08
1644,79466LAX2,1000000000.0,1000000000.0,2026-03-11
1646,89352HBA6,1250000000.0,1250000000.0,2020-04-02
1647,56501RAN6,750000000.0,750000000.0,2022-03-14
1648,87612EBT2,1000000000.0,1000000000.0,2025-03-20
1649,911312CJ3,1250000000.0,1250000000.0,2025-05-12
1650,05946KAU5,1000000000.0,1000000000.0,2026-02-23
1651,655844CS5,1000000000.0,1000000000.0,2023-07-31
1652,23338VBB1,800000000.0,800000000.0,2026-02-18
1653,084664DA6,1000000000.0,1000000000.0,2022-03-07
1654,86562MDN7,900000000.0,900000000.0,2024-07-02
1655,718172DQ9,750000000.0,750000000.0,2024-10-30
1656,210385AF7,900000000.0,900000000.0,2024-03-12
1657,437076BX9,1500000000.0,1500000000.0,2018-11-27
1658,00206RMX7,1000000000.0,1000000000.0,2025-05-28
1659,55261FAT1,850000000.0,850000000.0,2024-03-11
1660,12636YAJ1,1000000000.0,1000000000.0,2025-10-06
1661,29250NBY0,750000000.0,750000000.0,2023-11-06
1662,842400JJ3,850000000.0,850000000.0,2025-03-12
1663,91324PBK7,1100000000.0,1100000000.0,2008-02-04
1664,24422EWZ8,1000000000.0,1000000000.0,2023-06-05
1665,174610BJ3,750000000.0,750000000.0,2025-02-24
1666,55336VAL4,1000000000.0,1000000000.0,2017-02-07
1667,29379VAT0,750000000.0,750000000.0,2011-01-04
1668,05971KAG4,1500000000.0,1500000000.0,2020-11-30
1669,406216BL4,1000000000.0,1000000000.0,2020-02-19
1670,037833BW9,1250000000.0,1250000000.0,2016-02-16
1671,49456BBC4,750000000.0,750000000.0,2025-04-22
1672,92826CAN2,1000000000.0,1000000000.0,2020-08-10
1673,78016EYH4,1500000000.0,1500000000.0,2021-10-26
1674,43475RAR7,999060000.0,999060000.0,2025-11-19
1675,30161NBK6,850000000.0,850000000.0,2023-02-16
1676,36267VAM5,999720000.0,999720000.0,2023-05-09
1677,68389XCV5,1250000000.0,1250000000.0,2024-09-25
1678,907818GG7,1000000000.0,1000000000.0,2025-02-10
1679,05526DBN4,1000000000.0,1000000000.0,2020-03-30
1680,87612EBP0,1000000000.0,1000000000.0,2022-09-06
1681,87264ADT9,1000000000.0,1000000000.0,2025-03-24
1682,06849RAK8,849327000.0,849327000.0,2013-08-06
1684,161175BY9,1350000000.0,1850000000.0,2020-11-19
1685,55261FAV6,1000000000.0,1000000000.0,2024-12-10
1686,74340XCF6,450000000.0,950000000.0,2023-03-23
1687,718172EA3,850000000.0,850000000.0,2025-10-27
1688,98978VAV5,750000000.0,750000000.0,2022-11-08
1689,191216CW8,1000000000.0,1000000000.0,2020-04-29
1690,539830BX6,1000000000.0,1000000000.0,2022-10-19
1691,05526DCC7,1000000000.0,1000000000.0,2025-03-11
1694,02665WFL0,750000000.0,750000000.0,2024-07-08
1695,341081GU5,750000000.0,1100000000.0,2024-05-28
1696,89788KAA4,1250000000.0,1250000000.0,2020-03-04
1697,054561AM7,1499376000.0,1304536000.0,2018-12-17
1698,931142ET6,2000000000.0,2000000000.0,2021-09-08
1699,606822BM5,1750000000.0,1750000000.0,2019-07-11
1700,437076BD3,1000000000.0,1000000000.0,2013-09-03
1701,05964HBK0,1000000000.0,1000000000.0,2025-01-07
1702,341099CL1,1000000000.0,1000000000.0,2008-06-11
1703,037833EW6,1250000000.0,1250000000.0,2023-05-08
1704,65535HBV0,1000000000.0,1000000000.0,2024-06-27
1705,70450YAM5,1000000000.0,1000000000.0,2022-05-16
1706,037833DQ0,1500000000.0,1500000000.0,2019-09-04
1707,020002BK6,750000000.0,750000000.0,2023-03-29
1708,26441CBU8,1150000000.0,1150000000.0,2022-08-08
1709,91324PFQ0,1000000000.0,1000000000.0,2025-06-17
1710,911312CA2,1100000000.0,1100000000.0,2023-02-23
1711,620076CC1,900000000.0,900000000.0,2025-06-02
1712,98138HAJ0,1250000000.0,1250000000.0,2022-03-30
1713,76720AAP1,1100000000.0,1100000000.0,2023-03-06
1714,548661DZ7,1750000000.0,1750000000.0,2020-10-07
1715,58013MGC2,750000000.0,750000000.0,2025-08-18
1716,68233JCS1,800000000.0,800000000.0,2024-01-25
1717,57636QAQ7,1500000000.0,1500000000.0,2020-03-24
1718,95040QAM6,750000000.0,750000000.0,2021-03-16
1719,209111GK3,1000000000.0,1000000000.0,2024-05-06
1720,21871XAM1,1249900000.0,1249900000.0,2023-04-26
1721,20030NEK3,1200000000.0,1200000000.0,2024-05-20
1722,38143VAA7,2750000000.0,1130000000.0,2004-02-06
1723,054989AC2,750000000.0,750000000.0,2023-07-31
1724,49271VAQ3,850000000.0,850000000.0,2022-04-07
1725,191216DK3,750000000.0,750000000.0,2021-03-01
1726,055451BD9,900000000.0,900000000.0,2023-09-05
1727,718172BL2,750000000.0,1250000000.0,2014-11-03
1728,58013MFC3,550000000.0,1050000000.0,2017-03-06
1729,91324PDU3,1250000000.0,1250000000.0,2019-07-23
1730,09261HBX4,1000000000.0,1000000000.0,2025-01-22
1731,438127AE2,1300000000.0,1300000000.0,2025-06-25
1732,695114DQ8,850000000.0,850000000.0,2026-03-23
1733,595620AY1,1000000000.0,1000000000.0,2023-09-05
1734,373334KT7,1000000000.0,1000000000.0,2023-05-01
1735,832696AX6,1000000000.0,1000000000.0,2023-10-11
1736,05526DBW4,700000000.0,900000000.0,2022-03-14
1737,20826FBL9,1250000000.0,1250000000.0,2024-11-25
1738,91159HJS0,1250000000.0,1250000000.0,2024-07-18
1739,06849RAG7,850000000.0,850000000.0,2011-08-03
1740,478160CX0,850000000.0,850000000.0,2024-05-13
1741,06418GAQ0,1000000000.0,1000000000.0,2025-01-30
1742,548661EF0,1250000000.0,1250000000.0,2022-03-22
1743,718172DE6,1000000000.0,1000000000.0,2023-09-05
1744,28622HAB7,1000000000.0,1000000000.0,2023-01-30
1746,172967BL4,1000000000.0,1000000000.0,2002-05-30
1747,89115A3C4,1000000000.0,1000000000.0,2024-12-09
1748,478160BU7,1000000000.0,1000000000.0,2016-02-26
1749,65535HAS8,1000000000.0,1000000000.0,2020-07-06
1750,449276AE4,1000000000.0,1000000000.0,2024-01-29
1751,06738EBV6,1250000000.0,1250000000.0,2021-11-17
1752,89788MAY8,1000000000.0,1000000000.0,2026-04-20
1753,12189LAW1,1000000000.0,1000000000.0,2015-03-04
1754,26078JAF7,2150000000.0,1115963000.0,2018-11-14
1755,25278XAY5,850000000.0,850000000.0,2024-04-09
1756,25746UDW6,800000000.0,800000000.0,2025-03-06
1757,760759AZ3,750000000.0,750000000.0,2020-11-09
1758,20030NCY5,1350000000.0,1350000000.0,2019-10-29
1760,22160KAQ8,1000000000.0,1000000000.0,2020-04-16
1761,03740LAG7,750000000.0,750000000.0,2023-02-23
1762,110122DS4,1500000000.0,1500000000.0,2020-11-09
1763,822905AF2,1075279000.0,1075279000.0,2024-09-05
1764,883556CW0,750000000.0,750000000.0,2023-08-07
1765,458140CR9,1000000000.0,1000000000.0,2026-04-27
1766,110122DK1,1236433000.0,1236433000.0,2020-06-16
1768,89236TLM5,800000000.0,800000000.0,2024-01-02
1769,60687YCT4,900000000.0,900000000.0,2023-02-21
1770,031162DJ6,750000000.0,750000000.0,2022-08-15
1771,054989AF5,750000000.0,750000000.0,2025-09-18
1772,89236TNB7,850000000.0,850000000.0,2025-01-06
1773,822905AH8,1004380000.0,1004380000.0,2024-09-05
1774,373334KR1,800000000.0,800000000.0,2022-05-02
1775,532457CW6,1000000000.0,1000000000.0,2025-02-10
1776,26441CAT2,1500000000.0,1500000000.0,2016-08-09
1777,87612GAP6,750000000.0,750000000.0,2025-06-04
1778,88732JBD9,1250000000.0,1250000000.0,2012-08-07
1779,693475CD5,1250000000.0,1250000000.0,2025-05-06
1780,12572QAL9,750000000.0,750000000.0,2025-03-03
1781,694308JH1,1000000000.0,,2020-06-16
1782,58507LBC2,1000000000.0,1000000000.0,2023-03-23
1783,456837AW3,750000000.0,750000000.0,2021-03-24
1784,55336VCE8,1000000000.0,1000000000.0,2026-02-05
1785,925650AK9,900000000.0,900000000.0,2025-03-26
1786,907818FZ6,1250000000.0,1250000000.0,2022-02-09
1787,693475BA2,1000000000.0,1000000000.0,2021-04-20
1788,911312CL8,1000000000.0,1000000000.0,2025-05-12
1789,539830CB3,650000000.0,1050000000.0,2023-05-23
1790,718547AR3,500000000.0,900000000.0,2023-03-27
1791,256677AP0,1000000000.0,1000000000.0,2023-06-05
1792,50076QAR7,877860000.0,810759000.0,2012-12-07
1793,89788MAK8,750000000.0,750000000.0,2022-10-26
1794,28622HAC5,1100000000.0,1100000000.0,2023-01-30
1795,055451AR9,1000000000.0,1000000000.0,2012-02-21
1796,828807EA1,800000000.0,800000000.0,2025-08-12
1797,097023CP8,750000000.0,750000000.0,2019-07-29
1798,666807CM2,1150000000.0,1150000000.0,2024-01-29
1800,046353AM0,1000000000.0,1000000000.0,2015-11-10
1801,00774MBU8,850000000.0,850000000.0,2026-01-06
1802,337738BL1,750000000.0,750000000.0,2024-02-26
1803,674599EK7,1000000000.0,1000000000.0,2024-07-23
1804,91324PDF6,950000000.0,950000000.0,2017-10-18
1805,404119DF3,1000000000.0,1000000000.0,2025-10-27
1806,444859CB6,1000000000.0,1000000000.0,2024-03-11
1808,89115A3G5,750000000.0,750000000.0,2025-01-28
1809,87264ADC6,1000000000.0,1000000000.0,2023-09-11
1810,47214BAD0,899386000.0,899386000.0,2024-10-25
1811,25746UDR7,850000000.0,850000000.0,2022-11-16
1812,571903BQ5,1000000000.0,1000000000.0,2024-02-20
1813,10112RBF0,850000000.0,850000000.0,2021-09-15
1814,11133TAE3,1000000000.0,1000000000.0,2021-05-06
1815,03076CAM8,750000000.0,750000000.0,2023-03-06
1816,89417EAD1,800000000.0,800000000.0,2007-05-23
1817,68389XCS2,1500000000.0,1500000000.0,2024-09-25
1818,94106BAF8,750000000.0,750000000.0,2022-08-04
1819,62954HBA5,1000000000.0,1000000000.0,2022-04-14
1820,03523TBY3,1000000000.0,1000000000.0,2024-03-19
1821,756109AX2,600000000.0,950000000.0,2020-05-06
1822,437076BF8,1000000000.0,1000000000.0,2014-06-09
1823,494553AE0,1000000000.0,1000000000.0,2024-01-29
1824,70450YAP8,850000000.0,850000000.0,2024-05-20
1825,70450YAH6,1000000000.0,1000000000.0,2020-05-11
1826,02209SBJ1,750000000.0,750000000.0,2020-05-04
1827,205887CD2,1000000000.0,1000000000.0,2018-10-15
1828,437076BS0,750000000.0,1150000000.0,2017-05-24
1829,57636QAX2,750000000.0,750000000.0,2023-03-06
1830,713448DD7,750000000.0,967687000.0,2015-10-08
1831,404121AL9,1000000000.0,1000000000.0,2024-08-07
1832,89236TNJ0,750000000.0,750000000.0,2025-05-12
1833,161175CP7,900000000.0,900000000.0,2023-11-07
1834,86562MDJ6,900000000.0,900000000.0,2023-09-05
1835,571903BG7,1100000000.0,1100000000.0,2021-03-03
1836,24422EXP9,1000000000.0,1000000000.0,2024-04-08
1837,12505BAL4,750000000.0,750000000.0,2025-11-05
1838,66989HAU2,850000000.0,850000000.0,2024-09-16
1839,983024AG5,750000000.0,750000000.0,2003-12-11
1840,031162DG2,1250000000.0,1250000000.0,2022-02-17
1841,03835VAJ5,1500000000.0,1500000000.0,2021-11-09
1842,92976GAG6,1500000000.0,982598000.0,2007-01-24
1843,404280AJ8,1500000000.0,818461000.0,2008-05-19
1844,260543DH3,900000000.0,900000000.0,2022-10-24
1845,29390XAA2,750000000.0,750000000.0,2024-05-22
1846,94106LBT5,750000000.0,750000000.0,2023-02-08
1847,58933YAV7,1000000000.0,1000000000.0,2019-03-05
1848,620076BT5,900000000.0,900000000.0,2020-08-10
1849,023135BU9,2000000000.0,2000000000.0,2020-06-01
1850,48305QAD5,1500000000.0,1500000000.0,2017-04-25
1851,31620MBT2,1250000000.0,827335000.0,2021-02-23
1852,931142CK7,2250000000.0,1037829000.0,2007-08-17
1853,375558BY8,1000000000.0,1000000000.0,2020-09-23
1854,172967FX4,1000000000.0,960000000.0,2012-01-19
1855,172967JU6,1250000000.0,1000000000.0,2015-07-23
1856,02344AAA6,800000000.0,800000000.0,2021-05-18
1857,68389XCB9,1500000000.0,1500000000.0,2021-03-22
1858,03027XCD0,850000000.0,850000000.0,2023-05-22
1859,337738BQ0,1000000000.0,1000000000.0,2025-08-04
1860,126408HZ9,600000000.0,900000000.0,2025-03-06
1861,254687EB8,971816000.0,971816000.0,2019-10-22
1862,92343VGT5,1000000000.0,1000000000.0,2023-05-05
1863,89417EAH2,750000000.0,750000000.0,2010-10-27
1864,694308KU0,1000000000.0,1000000000.0,2025-02-24
1865,744448DB4,600000000.0,800000000.0,2025-03-17
1866,958667AC1,1200000000.0,1200000000.0,2020-01-09
1867,65473PAJ4,1000000000.0,1000000000.0,2020-04-07
1868,92343VDU5,3000000000.0,1095060000.0,2017-03-13
1869,00206RBK7,3043810000.0,1115280000.0,2013-05-14
1870,92857WBS8,1750000000.0,1750000000.0,2019-06-12
1871,60687YDJ5,900000000.0,900000000.0,2025-02-06
1872,682680BG7,750000000.0,750000000.0,2022-11-15
1873,548661DU8,1250000000.0,1250000000.0,2020-03-24
1874,278058DY5,1000000000.0,1000000000.0,2026-03-04
1875,24703DBF7,961879000.0,961879000.0,2023-10-02
1876,26442CBL7,500000000.0,925000000.0,2023-06-13
1877,373334LA7,500000000.0,900000000.0,2025-02-24
1878,20030NDL2,1700000000.0,1700000000.0,2020-05-20
1879,09581CAD3,998836000.0,998836000.0,2025-04-01
1880,86562MBW9,1250000000.0,1250000000.0,2020-01-06
1881,12527GAF0,750000000.0,750000000.0,2014-03-06
1882,86562MDQ0,1000000000.0,1000000000.0,2024-07-02
1883,53944YAE3,1500000000.0,1500000000.0,2018-01-04
1884,761713BA3,750000000.0,750000000.0,2015-06-09
1885,00287YAV1,1000000000.0,1000000000.0,2016-05-09
1886,202795KD1,825000000.0,825000000.0,2026-05-07
1887,816851BH1,1000000000.0,1000000000.0,2018-01-09
1888,606822DQ4,1000000000.0,1000000000.0,2025-09-02
1889,115236AN1,1000000000.0,1000000000.0,2025-06-11
1890,036752BA0,1000000000.0,1000000000.0,2024-05-20
1891,084664CW9,750000000.0,750000000.0,2020-10-05
1892,345397H89,1000000000.0,1000000000.0,2025-10-28
1893,532457CZ9,750000000.0,750000000.0,2025-02-10
1894,863667BL4,800000000.0,800000000.0,2025-01-30
1895,161175CE2,1350000000.0,1350000000.0,2021-09-27
1896,89236TLZ6,900000000.0,900000000.0,2024-03-18
1897,06418JAC5,850000000.0,850000000.0,2023-11-29
1898,717081EV1,1250000000.0,1250000000.0,2019-03-04
1899,03740LAE2,900000000.0,900000000.0,2022-02-23
1900,29250NCK9,900000000.0,900000000.0,2025-06-16
1901,458140AV2,1250000000.0,1250000000.0,2016-05-12
1902,166756BL9,900000000.0,900000000.0,2025-08-11
1903,26442CBK9,900000000.0,900000000.0,2023-01-03
1904,03027XCR9,850000000.0,850000000.0,2025-12-02
1905,718546AW4,850000000.0,850000000.0,2020-06-08
1906,26875PAW1,1000000000.0,1000000000.0,2024-11-18
1907,87612GAA9,750000000.0,750000000.0,2022-03-23
1908,532457CV8,1250000000.0,1250000000.0,2025-02-10
1909,29390XAG9,1250000000.0,1250000000.0,2025-11-05
1910,75513EAD3,1000000000.0,1000000000.0,2020-05-14
1911,78016FZQ0,1000000000.0,1000000000.0,2022-04-07
1912,86562MCJ7,1000000000.0,1000000000.0,2021-09-13
1913,87264ADZ5,1150000000.0,1150000000.0,2026-01-07
1914,29273VBL3,1000000000.0,1000000000.0,2026-01-12
1915,49456BAV3,750000000.0,750000000.0,2022-07-25
1916,05723KAF7,1349750000.0,1349750000.0,2018-01-02
1917,437076CF7,1250000000.0,1250000000.0,2021-01-04
1918,83272GAE1,996905000.0,996905000.0,2025-04-23
1919,174610BH7,1250000000.0,1250000000.0,2024-07-18
1920,89788MAV4,1250000000.0,1250000000.0,2025-10-20
1921,539830CL1,750000000.0,750000000.0,2025-07-23
1922,209111FY4,1000000000.0,1000000000.0,2020-03-26
1923,191216DL1,1000000000.0,1700000000.0,2021-03-01
1924,75513ECV1,1000000000.0,1000000000.0,2023-11-06
1925,126650DJ6,1500000000.0,1500000000.0,2020-03-26
1926,055451BF4,800000000.0,800000000.0,2023-09-05
1927,29250NCR4,1000000000.0,1000000000.0,2026-03-24
1928,74340XCK5,450000000.0,850000000.0,2024-01-18
1929,22822VAR2,750000000.0,750000000.0,2020-03-31
1930,718172DZ9,850000000.0,850000000.0,2025-10-27
1931,29379VCG6,1100000000.0,1100000000.0,2024-08-01
1932,015271BF5,750000000.0,750000000.0,2026-02-10
1933,437076CK6,1000000000.0,1000000000.0,2021-09-07
1934,02209SBN2,1250000000.0,1250000000.0,2021-02-01
1935,04686JAH4,1000000000.0,1000000000.0,2024-03-19
1936,06738ECS2,750000000.0,750000000.0,2024-03-05
1937,161175CC6,1400000000.0,1400000000.0,2021-05-18
1938,68233JDL5,750000000.0,750000000.0,2026-03-17
1939,87264ACV5,1250000000.0,1250000000.0,2022-09-12
1940,20030NBU4,1400000000.0,1400000000.0,2016-07-12
1941,055451BJ6,1000000000.0,1000000000.0,2025-02-18
1942,842400GK3,400000000.0,1300000000.0,2018-02-28
1943,969457BX7,1000000000.0,1000000000.0,2020-05-12
1944,134429BQ1,800000000.0,800000000.0,2024-09-30
1945,58013MFM1,750000000.0,750000000.0,2020-03-03
1946,931142CB7,2500000000.0,1332756000.0,2005-08-24
1947,58013MGA6,900000000.0,900000000.0,2025-02-26
1948,110122DL9,1447340000.0,1235008000.0,2020-06-16
1949,084670BK3,1000000000.0,1000000000.0,2013-01-29
1950,459200KU4,750000000.0,750000000.0,2022-07-20
1951,59156RCE6,1000000000.0,1000000000.0,2023-07-10
1952,58933YBN4,1000000000.0,1000000000.0,2023-05-08
1953,458140CL2,900000000.0,900000000.0,2024-02-15
1954,606822CB8,750000000.0,750000000.0,2021-10-05
1955,023135CQ7,1500000000.0,1500000000.0,2022-11-29
1956,78409VBK9,1491750000.0,1491750000.0,2023-01-31
1957,25179MBH5,1000000000.0,1000000000.0,2024-08-19
1958,91324PFB3,1250000000.0,1250000000.0,2024-03-19
1959,06418GAW7,850000000.0,850000000.0,2025-09-08
1960,718172DP1,750000000.0,750000000.0,2024-10-30
1961,00287YDA4,1008483000.0,1008483000.0,2020-10-19
1962,58013MFW9,800000000.0,800000000.0,2023-08-09
1963,24703DBQ3,800000000.0,800000000.0,2024-10-01
1964,639057AS7,1250000000.0,1250000000.0,2024-08-12
1965,375558CC5,1000000000.0,1000000000.0,2024-11-13
1966,24703TAM8,1000000000.0,1000000000.0,2025-03-26
1967,404119CZ0,750000000.0,750000000.0,2025-02-18
1968,87612GAK7,1000000000.0,1000000000.0,2024-08-06
1969,532457DQ8,1000000000.0,1000000000.0,2026-05-06
1970,91324PFP2,750000000.0,750000000.0,2025-06-17
1971,666807BS0,750000000.0,750000000.0,2020-03-19
1972,210385AQ3,750000000.0,750000000.0,2026-01-05
1973,91159HJD3,850000000.0,850000000.0,2022-01-20
1974,03770DAL7,750000000.0,750000000.0,2026-01-23
1975,902494BM4,900000000.0,900000000.0,2024-02-28
1976,14448CAS3,1999995000.0,1400418000.0,2020-11-06
1977,341081GQ4,750000000.0,750000000.0,2023-05-15
1978,969457CP3,1000000000.0,1000000000.0,2025-01-06
1979,855244BC2,1000000000.0,1000000000.0,2022-02-09
1980,36828AAC5,1000000000.0,1000000000.0,2026-02-02
1981,478160DJ0,1000000000.0,1000000000.0,2025-02-18
1982,59156RBZ0,1000000000.0,1000000000.0,2020-03-19
1983,16411QAG6,1499900000.0,1499900000.0,2020-05-29
1984,459200LK5,1000000000.0,1000000000.0,2025-02-05
1985,06051GHA0,1250000000.0,1250000000.0,2018-01-18
1986,45866FAQ7,1500000000.0,1500000000.0,2020-08-17
1987,665859AV6,1000000000.0,1000000000.0,2020-04-28
1988,87612GAC5,900000000.0,900000000.0,2023-01-03
1989,695114CZ9,1100000000.0,1100000000.0,2022-11-29
1990,37045XFJ0,1000000000.0,1000000000.0,2025-05-27
1992,89158TAC3,750000000.0,750000000.0,2026-01-06
1993,037833EG1,1750000000.0,1750000000.0,2021-02-01
1994,03040WBF1,800000000.0,800000000.0,2025-02-24
1995,09062XAD5,1750000000.0,1116523000.0,2015-09-10
1996,12189LAS0,1000000000.0,1000000000.0,2014-03-04
1997,824348AX4,1250000000.0,1250000000.0,2017-05-02
1998,459200KY6,750000000.0,750000000.0,2023-01-30
1999,20030NEQ0,1000000000.0,1000000000.0,2025-05-05
2000,084659AR2,999898000.0,999898000.0,2018-12-13
2001,756109BP8,750000000.0,750000000.0,2022-10-03
2002,59156RAY4,750000000.0,750000000.0,2010-08-03
2003,37045XEG7,1000000000.0,1000000000.0,2023-04-03
2004,25243YBD0,1000000000.0,1000000000.0,2020-04-27
2005,26875PAU5,750000000.0,750000000.0,2020-04-08
2006,744448DC2,800000000.0,800000000.0,2025-08-04
2007,74834LBG4,850000000.0,850000000.0,2024-08-15
2008,902674A26,999328000.0,999328000.0,2023-10-16
2009,244199BM6,750000000.0,750000000.0,2025-01-13
2010,210385AU4,850000000.0,850000000.0,2026-05-12
2011,958667AG2,800000000.0,800000000.0,2024-08-15
2012,91324PFR8,750000000.0,750000000.0,2025-06-17
2013,80282KBQ8,750000000.0,750000000.0,2025-03-17
2014,907818GH5,1000000000.0,1000000000.0,2025-02-10
2015,29273RBJ7,1000000000.0,1000000000.0,2015-06-18
2016,67066GAG9,1000000000.0,1000000000.0,2020-03-26
2017,83272GAF8,996770000.0,996770000.0,2025-04-23
2018,337738BM9,850000000.0,850000000.0,2024-08-01
2019,83272YAB8,848660000.0,848660000.0,2025-04-23
2020,30040WAU2,800000000.0,800000000.0,2023-05-08
2021,02079KAE7,1250000000.0,1250000000.0,2020-08-03
2022,00206RDK5,2494478000.0,930104000.0,2016-11-16
2023,05971KAW9,1000000000.0,1000000000.0,2026-04-08
2024,126650EJ5,750000000.0,750000000.0,2025-08-11
2025,337738BC1,1000000000.0,1000000000.0,2020-05-11
2026,58933YBL8,750000000.0,750000000.0,2023-05-08
2027,032095AY7,1000000000.0,1000000000.0,2025-10-27
2028,532457DC9,750000000.0,750000000.0,2025-08-18
2029,494550BU9,750000000.0,750000000.0,2014-02-19
2030,828807DH7,1250000000.0,1250000000.0,2019-09-04
2031,92857WCB4,1000000000.0,1000000000.0,2024-06-25
2032,29379VCD3,1000000000.0,1000000000.0,2023-01-03
2033,251526DD8,1000000000.0,1000000000.0,2025-12-03
2034,75513ECM1,1000000000.0,1000000000.0,2021-08-04
2035,92556VAF3,2000000000.0,2000000000.0,2021-09-28
2036,86562MDS6,800000000.0,800000000.0,2025-01-07
2037,45866FAY0,1000000000.0,1000000000.0,2022-05-12
2038,209111GG2,900000000.0,900000000.0,2023-11-20
2039,606822CD4,1000000000.0,1000000000.0,2022-01-11
2040,59156RAM0,1000000000.0,1000000000.0,2005-06-20
2041,00287YEA3,1000000000.0,1000000000.0,2025-02-18
2042,210385AE0,900000000.0,900000000.0,2023-09-26
2043,126650DG2,1750000000.0,1750000000.0,2019-08-08
2044,015271AR0,750000000.0,750000000.0,2018-07-08
2045,882508CJ1,750000000.0,750000000.0,2024-02-05
2046,37045VAT7,900000000.0,900000000.0,2018-09-05
2047,10112RBH6,750000000.0,750000000.0,2023-05-04
2048,20030NEP2,850000000.0,850000000.0,2025-05-05
2049,458140AK6,1500000000.0,801995000.0,2011-09-14
2051,37940XAX0,1000000000.0,1000000000.0,2025-11-06
2052,06418GAZ0,1100000000.0,1100000000.0,2026-01-22
2053,037833EP1,1500000000.0,1500000000.0,2022-08-01
2054,191216CX6,1500000000.0,1500000000.0,2020-04-29
2055,00287YDV8,750000000.0,750000000.0,2024-02-22
2056,925650AH6,750000000.0,750000000.0,2024-12-09
2057,191216DC1,1500000000.0,1500000000.0,2020-09-14
2058,458140AN0,750000000.0,750000000.0,2012-12-04
2059,501044DG3,1000000000.0,1000000000.0,2017-01-17
2060,032654AV7,1000000000.0,1000000000.0,2021-09-28
2062,219350BQ7,1100000000.0,1100000000.0,2019-11-14
2063,053015AJ2,1000000000.0,1000000000.0,2025-05-05
2064,404119DA4,750000000.0,750000000.0,2025-02-18
2065,58013MFT6,750000000.0,750000000.0,2022-09-06
2066,04316JAL3,750000000.0,750000000.0,2024-12-10
2067,13607HR53,1000000000.0,1000000000.0,2022-03-30
2068,084664CV1,1750000000.0,1750000000.0,2020-10-05
2069,11271LAB8,550000000.0,900000000.0,2017-09-11
2070,12189LBG5,925000000.0,925000000.0,2021-03-29
2071,89417EAS8,750000000.0,750000000.0,2023-05-22
2072,30231GAZ5,1500000000.0,1500000000.0,2019-08-13
2073,65535HBA6,750000000.0,750000000.0,2022-01-04
2074,22822VBC4,750000000.0,750000000.0,2023-04-24
2075,92826CAK8,1000000000.0,1000000000.0,2020-03-31
2076,50540RBB7,850000000.0,850000000.0,2024-09-16
2077,40434LAN5,1100000000.0,1100000000.0,2022-06-06
2078,816851AP4,750000000.0,750000000.0,2009-10-05
2079,31428XDW3,1046687000.0,1046687000.0,2025-08-29
2080,87612GAN1,1000000000.0,1000000000.0,2025-02-24
2081,594918CW2,1431876000.0,1431876000.0,2024-05-06
2082,797440CG7,850000000.0,850000000.0,2025-03-24
2083,30161NBV2,775000000.0,775000000.0,2026-02-18
2084,74340XCR0,750000000.0,750000000.0,2025-05-05
2085,25245BAC1,750000000.0,750000000.0,2025-04-10
2086,026874DP9,1000000000.0,1000000000.0,2020-05-06
2088,149123BS9,1250000000.0,758680000.0,2011-05-24
2089,67103HAL1,850000000.0,850000000.0,2022-06-06
2090,375558CD3,1000000000.0,1000000000.0,2024-11-13
2091,037833CH1,1000000000.0,1000000000.0,2017-02-02
2092,444859CD2,750000000.0,750000000.0,2025-03-03
2093,046353AW8,1300000000.0,1300000000.0,2020-08-03
2094,49456BAG6,750000000.0,750000000.0,2014-11-24
2095,00206RHK1,2000000000.0,956236000.0,2019-02-13
2096,87612BBU5,1000000000.0,1000000000.0,2022-02-04
2097,91324PDL3,1350000000.0,1350000000.0,2018-06-14
2099,29273VAT7,1000000000.0,1000000000.0,2023-10-10
2100,694308KT3,750000000.0,750000000.0,2024-09-03
2101,863667BF7,750000000.0,750000000.0,2024-09-04
2102,37940XAQ5,750000000.0,750000000.0,2022-08-08
2103,49271VAR1,1150000000.0,1150000000.0,2022-04-07
2104,46590XAP1,983026000.0,999999000.0,2023-08-22
2105,29390XAH7,800000000.0,800000000.0,2026-02-19
2106,855244AU3,1000000000.0,1000000000.0,2019-05-02
2107,857477BG7,750000000.0,750000000.0,2020-01-21
2108,24703TAP1,99681.0,99681.0,2025-03-26
2109,03027XCF5,750000000.0,750000000.0,2023-09-12
2111,377372AQ0,750000000.0,750000000.0,2025-03-06
2112,94106BAG6,750000000.0,750000000.0,2024-02-15
2113,87264ADD4,1000000000.0,1000000000.0,2023-09-11
2114,548661EE3,1000000000.0,1000000000.0,2021-09-13
2115,14149YBS6,1000000000.0,1000000000.0,2024-11-13
2116,961214EY5,1000000000.0,1000000000.0,2021-11-08
2117,361448BR3,400000000.0,900000000.0,2024-06-03
2118,00774MBP9,750000000.0,750000000.0,2025-01-06
2119,24703TAG1,1744490000.0,1744490000.0,2021-05-17
2120,747525BR3,1000000000.0,1000000000.0,2022-05-05
2122,20030NCJ8,1200000000.0,1200000000.0,2018-02-01
2123,60687YBH1,1000000000.0,1000000000.0,2020-07-06
2124,458140AT7,2000000000.0,773242000.0,2015-07-22
2125,60687YBU2,1000000000.0,1000000000.0,2021-09-08
2126,06738EBR5,1000000000.0,1000000000.0,2021-03-03
2127,26442UAV6,750000000.0,750000000.0,2025-03-03
2128,98978VAX1,1000000000.0,1000000000.0,2025-08-11
2129,744320BA9,1039497000.0,1039497000.0,2018-04-05
2130,58013MEC4,850000000.0,850000000.0,2007-10-15
2131,02344AAH1,750000000.0,750000000.0,2025-07-24
2133,14448CAL8,750000000.0,750000000.0,2020-11-06
2134,406216BE0,900000000.0,900000000.0,2013-07-29
2135,278642AZ6,1000000000.0,1000000000.0,2021-05-03
2136,83272YAC6,800000000.0,800000000.0,2025-11-17
2137,345397G98,750000000.0,750000000.0,2025-03-18
2138,666807BU5,1000000000.0,1000000000.0,2020-03-19
2139,75513ECP4,1100000000.0,1100000000.0,2021-11-01
2140,025816BF5,1049800000.0,1049800000.0,2013-01-28
2141,053015AH6,1000000000.0,1000000000.0,2024-09-04
2142,92343VBT0,15000000000.0,803356000.0,2013-09-11
2144,12189LBJ9,1000000000.0,1000000000.0,2022-05-31
2145,718172DN6,750000000.0,750000000.0,2024-10-30
2146,713448FZ6,750000000.0,750000000.0,2024-07-15
2147,65339KDM9,750000000.0,750000000.0,2025-01-30
2148,161175CT9,750000000.0,750000000.0,2025-08-18
2149,89236TQB4,800000000.0,800000000.0,2026-05-11
2150,126650DX5,750000000.0,750000000.0,2023-05-30
2151,036752BC6,750000000.0,750000000.0,2024-10-22
2152,049463AG7,750000000.0,750000000.0,2025-11-07
2153,65339KDK3,750000000.0,750000000.0,2025-01-30
2154,91324PDQ2,1100000000.0,1100000000.0,2018-12-13
2155,74340XCJ8,800000000.0,800000000.0,2024-01-18
2156,571903BF9,1000000000.0,1000000000.0,2020-08-12
2157,74834LBD1,750000000.0,750000000.0,2023-10-30
2158,87612GAT8,750000000.0,750000000.0,2026-02-25
2159,927804GY4,850000000.0,850000000.0,2026-02-24
2160,29273VBJ8,1000000000.0,1000000000.0,2026-01-12
2161,713448GJ1,850000000.0,850000000.0,2025-07-21
2162,79466LAK0,1250000000.0,1250000000.0,2021-06-29
2163,231021AW6,750000000.0,750000000.0,2024-02-14
2164,30161MAG8,900000000.0,900000000.0,2009-09-16
2165,929160BC2,750000000.0,750000000.0,2024-11-18
2166,20030NCN9,2500000000.0,1035210000.0,2018-10-02
2167,59156RBG2,1000000000.0,1000000000.0,2013-11-07
2168,717081EC3,1000000000.0,1000000000.0,2016-11-14
2169,031162DE7,1000000000.0,1000000000.0,2022-02-17
2170,49456BBB6,1100000000.0,1100000000.0,2025-04-22
2171,23338VBA3,800000000.0,800000000.0,2026-02-18
2172,723787AQ0,1100000000.0,1100000000.0,2020-08-06
2173,695114DP0,800000000.0,800000000.0,2026-03-23
2174,459200HF1,1107313000.0,1107313000.0,2012-06-20
2175,62954HAU2,1000000000.0,1000000000.0,2022-04-14
2176,30231GAN2,1000000000.0,1000000000.0,2015-03-03
2177,29379VAY9,1100000000.0,1100000000.0,2012-08-06
2178,036752AP8,1000000000.0,1000000000.0,2021-03-08
2179,260543DC4,850000000.0,850000000.0,2020-08-17
2181,459200LH2,850000000.0,850000000.0,2025-02-05
2182,27636AAA0,900000000.0,900000000.0,2024-10-07
2183,37045XFG6,750000000.0,750000000.0,2025-02-27
2184,76720AAW6,750000000.0,750000000.0,2025-03-11
2185,797440CD4,800000000.0,800000000.0,2023-03-06
2186,126650CD0,750000000.0,750000000.0,2013-12-02
2187,92826CAZ5,750000000.0,750000000.0,2026-02-03
2188,337738BN7,900000000.0,900000000.0,2024-08-01
2189,832696AZ1,1000000000.0,1000000000.0,2023-10-11
2190,375558CA9,1000000000.0,1000000000.0,2023-09-07
2191,30212PBL8,1000000000.0,1000000000.0,2025-02-19
2192,87612BBS0,1000000000.0,1000000000.0,2021-02-20
2193,20030NES6,691967000.0,1172013000.0,2025-09-22
2194,571903BZ5,850000000.0,850000000.0,2026-02-18
2195,12189LBE0,825000000.0,825000000.0,2019-07-15
2196,437076CP5,1250000000.0,1250000000.0,2022-03-24
2197,084659BC4,1500000000.0,1500000000.0,2021-02-03
2198,882508BF0,750000000.0,750000000.0,2019-03-01
2199,43475RAT3,981155000.0,981155000.0,2025-11-19
2200,24422EYE3,800000000.0,800000000.0,2025-06-02
2202,927804GV0,825000000.0,825000000.0,2025-09-08
2203,369550BR8,750000000.0,750000000.0,2025-04-28
2204,718172CW7,1250000000.0,1250000000.0,2022-11-15
2205,191216DR8,1000000000.0,1000000000.0,2024-05-06
2206,682680DC4,1000000000.0,1000000000.0,2025-08-06
2207,59156RCN6,500000000.0,750000000.0,2024-06-03
2208,444859BV3,750000000.0,750000000.0,2022-11-07
2209,29379VBQ5,1250000000.0,1250000000.0,2018-02-01
2210,904764BV8,1000000000.0,1000000000.0,2024-08-07
2211,822905AQ8,1000000000.0,1000000000.0,2025-11-03
2213,244199BF1,1250000000.0,1250000000.0,2012-06-05
2214,74340XCV1,750000000.0,750000000.0,2026-04-20
2215,74432QCE3,1000000000.0,1000000000.0,2019-02-20
2217,115236AK7,800000000.0,800000000.0,2025-06-11
2218,685218AB5,850000000.0,850000000.0,2014-01-30
2219,00108WAV2,750000000.0,750000000.0,2026-03-10
2220,50247VAC3,1000000000.0,1000000000.0,2014-02-25
2221,606822DC5,1000000000.0,1000000000.0,2023-04-11
2222,80282KBL9,750000000.0,750000000.0,2024-05-28
2223,00287YDB2,827091000.0,827091000.0,2020-10-19
2224,013716AU9,750000000.0,750000000.0,2003-12-03
2225,404119DE6,1000000000.0,1000000000.0,2025-10-27
2226,694308KZ9,750000000.0,750000000.0,2025-09-30
2227,74460WAH0,600000000.0,900000000.0,2023-07-24
2228,126650EA4,750000000.0,750000000.0,2023-05-30
2229,456837BC6,1000000000.0,1000000000.0,2022-03-21
2230,46590XAU0,933050000.0,936050000.0,2023-08-22
2231,94973VBB2,1000000000.0,1000000000.0,2012-09-05
2232,084659BF7,980000000.0,980000000.0,2023-01-10
2233,26442UAU8,850000000.0,850000000.0,2025-03-03
2234,822905AD7,960281000.0,960281000.0,2024-09-05
2235,06738EBW4,1000000000.0,1000000000.0,2021-11-17
2236,25245BAE7,750000000.0,750000000.0,2025-04-10
2237,58933YBQ7,750000000.0,750000000.0,2025-09-02
2238,023135CK0,1250000000.0,1250000000.0,2022-04-11
2239,23291KAJ4,900000000.0,900000000.0,2019-10-29
2240,539830BW8,1000000000.0,1000000000.0,2022-10-19
2241,72650RBQ4,1000000000.0,1000000000.0,2025-01-13
2242,744448CY5,850000000.0,850000000.0,2023-03-27
2243,125523CU2,750000000.0,750000000.0,2024-02-05
2244,842400GT4,500000000.0,1200000000.0,2020-01-06
2245,13645RAX2,900000000.0,900000000.0,2015-09-08
2246,37045XFA9,750000000.0,750000000.0,2024-09-03
2247,375558BS1,1000000000.0,1000000000.0,2020-09-23
2248,88579YBK6,1000000000.0,1000000000.0,2019-08-19
2249,74340XCE9,750000000.0,750000000.0,2023-03-23
2250,316773DM9,750000000.0,750000000.0,2024-09-03
2251,756109CG7,800000000.0,800000000.0,2024-01-08
2252,10112RBE3,850000000.0,850000000.0,2021-03-02
2253,03027XBZ2,800000000.0,800000000.0,2023-02-28
2254,478160CL6,1000000000.0,1000000000.0,2017-11-08
2255,66989HAZ1,925000000.0,925000000.0,2025-11-03
2256,742718GP8,750000000.0,750000000.0,2025-10-27
2257,46982LAA6,800000000.0,800000000.0,2026-02-24
2258,91324PDZ2,1250000000.0,1250000000.0,2020-05-13
2259,05526DBK0,1000000000.0,1000000000.0,2019-09-03
2260,113004AC9,400000000.0,850000000.0,2025-11-13
2261,828807EB9,800000000.0,800000000.0,2026-01-06
2262,205887CE0,1000000000.0,1000000000.0,2018-10-15
2263,45687VAF3,750000000.0,750000000.0,2024-05-07
2264,278642AW3,500000000.0,950000000.0,2020-03-04
2265,373334KW0,900000000.0,900000000.0,2024-02-20
2266,172967HS3,1000000000.0,880000000.0,2014-04-29
2267,29379VBW2,1250000000.0,1250000000.0,2019-06-24
2268,37045XFK7,750000000.0,750000000.0,2025-05-27
2269,682680BB8,850000000.0,780093000.0,2020-03-05
2270,573874AJ3,750000000.0,750000000.0,2021-09-09
2271,053015AK9,1000000000.0,1000000000.0,2026-05-04
2272,68389XDC6,1000000000.0,1000000000.0,2025-01-30
2273,084659AV3,1098735000.0,1098735000.0,2021-02-03
2274,55336VBU3,1000000000.0,1000000000.0,2022-08-08
2275,341081GV3,850000000.0,850000000.0,2024-05-28
2276,694308KJ5,750000000.0,750000000.0,2023-01-04
2277,06368ME67,1100000000.0,1100000000.0,2026-01-07
2279,278642AY9,750000000.0,750000000.0,2021-05-03
2280,571748CA8,1000000000.0,1000000000.0,2024-10-30
2281,10373QBS8,1250000000.0,1250000000.0,2021-09-14
2282,776743AL0,1000000000.0,1000000000.0,2020-08-18
2283,17275RBV3,1000000000.0,1000000000.0,2024-02-21
2284,89236TGU3,750000000.0,750000000.0,2020-02-10
2285,68233JDJ0,850000000.0,850000000.0,2026-03-17
2286,251526CX5,1250000000.0,1250000000.0,2024-09-04
2287,666807CL4,850000000.0,850000000.0,2024-01-29
2288,86562MCY4,1000000000.0,1000000000.0,2023-07-06
2289,49326EEJ8,750000000.0,750000000.0,2019-09-04
2291,149123CF6,1000000000.0,1000000000.0,2019-09-16
2292,842587EA1,750000000.0,750000000.0,2024-09-04
2293,053015AF0,1000000000.0,1000000000.0,2020-08-11
2294,86722TAB8,750000000.0,750000000.0,2008-06-03
2295,87264ACX1,750000000.0,750000000.0,2022-09-12
2296,04636NAB9,750000000.0,750000000.0,2021-05-25
2297,744533BS8,800000000.0,800000000.0,2025-06-23
2298,053332AZ5,750000000.0,750000000.0,2020-03-26
2299,92826CAJ1,750000000.0,750000000.0,2017-09-06
2300,60687YDL0,1250000000.0,1250000000.0,2025-06-26
2301,92343VFD1,1250000000.0,1178000000.0,2020-03-17
2302,038222AN5,750000000.0,750000000.0,2020-05-26
2303,00440KAC7,1200000000.0,1200000000.0,2024-10-01
2304,37045XFM3,900000000.0,900000000.0,2026-01-05
2305,24703TAH9,749385000.0,749385000.0,2021-05-17
2306,035240AR1,750000000.0,750000000.0,2019-01-10
2307,927804GW8,875000000.0,875000000.0,2025-09-08
2308,931142EU3,1000000000.0,1000000000.0,2021-09-08
2309,911312BN5,1150000000.0,1150000000.0,2017-11-09
2311,341081GY7,950000000.0,950000000.0,2025-02-18
2312,842587DE4,1000000000.0,1000000000.0,2020-04-01
2313,29273RBF5,1000000000.0,1000000000.0,2015-03-05
2314,58013MFS8,750000000.0,750000000.0,2022-09-06
2315,969457CN8,750000000.0,750000000.0,2024-08-08
2316,29364WBS6,750000000.0,750000000.0,2026-02-23
2317,375558BZ5,1000000000.0,1000000000.0,2023-09-07
2318,45866FAL8,1250000000.0,1250000000.0,2020-05-18
2319,98978VAS2,750000000.0,750000000.0,2020-05-07
2320,59562VBD8,750000000.0,750000000.0,2014-03-27
2321,037833EA4,1750000000.0,1750000000.0,2020-08-13
2322,883556DE9,750000000.0,750000000.0,2025-09-30
2323,015271AY5,800000000.0,800000000.0,2022-02-02
2324,713448FA1,750000000.0,750000000.0,2020-10-05
2325,666807CJ9,1000000000.0,1000000000.0,2023-02-06
2326,03073EBE4,1000000000.0,1000000000.0,2026-02-10
2327,913017CW7,750000000.0,750000000.0,2018-08-13
2328,72650RBM3,1000000000.0,1000000000.0,2019-09-09
2329,30161MAN3,788203000.0,788203000.0,2013-01-08
2330,532457CF3,1000000000.0,1000000000.0,2023-02-23
2331,883556DK5,750000000.0,750000000.0,2026-02-09
2332,962166BY9,750000000.0,750000000.0,2020-03-26
2333,717081EK5,1000000000.0,1000000000.0,2018-09-04
2334,717081DK6,500000000.0,1000000000.0,2014-05-12
2335,694308KP1,800000000.0,800000000.0,2023-11-06
2336,373334JW2,750000000.0,1100000000.0,2012-02-29
2337,478160CR3,1000000000.0,1000000000.0,2020-08-20
2338,12636YAE2,750000000.0,750000000.0,2024-05-14
2339,58933YBA2,1000000000.0,1000000000.0,2020-06-16
2340,406216AW1,800000000.0,800000000.0,2008-09-09
2341,25243YBN8,900000000.0,900000000.0,2023-10-02
2342,06368MS70,1250000000.0,1250000000.0,2026-05-28
2343,29379VBY8,1000000000.0,1000000000.0,2020-01-06
2344,70450YAE3,1500000000.0,1500000000.0,2019-09-19
2345,42824CAX7,748085000.0,748085000.0,2016-11-23
2346,863667AY7,1000000000.0,1000000000.0,2020-05-26
2347,23291KAH8,800000000.0,800000000.0,2019-10-29
2348,49177JAM4,750000000.0,750000000.0,2023-10-19
2349,49326EER0,750000000.0,750000000.0,2026-01-21
2350,636274AE2,800000000.0,800000000.0,2023-06-07
2351,66989HBA5,925000000.0,925000000.0,2025-11-03
2352,60687YBL2,800000000.0,800000000.0,2020-09-01
2353,036752AS2,1250000000.0,1250000000.0,2021-03-08
2354,539830BR9,800000000.0,800000000.0,2022-04-21
2355,68389XCN3,750000000.0,750000000.0,2023-02-02
2356,031162CS7,1250000000.0,2250000000.0,2020-02-18
2357,037833ER7,1250000000.0,1250000000.0,2022-08-01
2358,539830BD0,1000000000.0,1000000000.0,2015-02-12
2359,863667BM2,1000000000.0,1000000000.0,2025-01-30
2360,21871XAS8,750000000.0,750000000.0,2023-12-05
2361,120568BC3,1000000000.0,1000000000.0,2021-05-07
2362,478160BJ2,650000000.0,850000000.0,2013-12-02
2363,83272GAD3,745486000.0,745486000.0,2025-04-23
2364,863667AJ0,1000000000.0,1000000000.0,2016-03-03
2365,694308LA3,1000000000.0,1000000000.0,2026-02-18
2367,06849UAD7,834000000.0,834000000.0,2009-11-23
2368,532457BT4,1500000000.0,958153000.0,2019-02-20
2369,609207AT2,500000000.0,750000000.0,2020-04-07
2370,717081EY5,1000000000.0,1000000000.0,2020-05-18
2371,571748BV3,1000000000.0,1000000000.0,2023-09-06
2372,37045VAL4,750000000.0,750000000.0,2016-02-18
2374,247361A32,1000000000.0,1000000000.0,2025-06-05
2375,654106AL7,1000000000.0,1000000000.0,2020-03-25
2376,20030NEE7,1000000000.0,1000000000.0,2023-05-01
2377,69352PAT0,750000000.0,750000000.0,2024-08-06
2378,911312BY1,750000000.0,750000000.0,2020-03-19
2379,717081EZ2,1000000000.0,1000000000.0,2020-05-18
2380,20826FAV8,1100000000.0,1100000000.0,2022-02-22
2381,361841AX7,800000000.0,800000000.0,2026-02-25
2382,404119CC1,850000000.0,850000000.0,2021-06-21
2383,68389XBG9,1250000000.0,1250000000.0,2015-04-28
2384,037833EL0,1400000000.0,1400000000.0,2021-07-29
2385,573284BA3,750000000.0,750000000.0,2024-10-31
2386,666807BH4,950000000.0,950000000.0,2013-05-28
2387,927804GK4,750000000.0,750000000.0,2023-03-28
2388,882508BJ2,750000000.0,750000000.0,2020-04-24
2389,904764BT3,800000000.0,800000000.0,2023-09-05
2390,046353AG3,1000000000.0,1000000000.0,2012-09-11
2391,682680DB6,750000000.0,750000000.0,2025-08-06
2392,191216DY3,750000000.0,750000000.0,2024-08-07
2393,437076BA9,1000000000.0,1000000000.0,2013-04-02
2394,573874AT1,1000000000.0,1000000000.0,2026-04-06
2395,29364WBB3,600000000.0,900000000.0,2018-08-08
2396,89417EAU3,750000000.0,750000000.0,2025-07-21
2397,345370CS7,1300000000.0,1300000000.0,2016-12-05
2398,59156RCD8,1000000000.0,1000000000.0,2023-01-03
2399,88579YBD2,650000000.0,1150000000.0,2018-09-11
2400,929903AM4,800000000.0,800000000.0,2005-07-27
2401,25179MAN3,750000000.0,750000000.0,2012-05-07
2402,65163LAR0,998525000.0,998525000.0,2024-08-08
2403,437076BZ4,1250000000.0,1250000000.0,2020-01-06
2404,694308KY2,850000000.0,850000000.0,2025-09-30
2406,17275RCA8,750000000.0,750000000.0,2025-02-19
2407,718172CP2,750000000.0,750000000.0,2020-04-29
2408,883556CX8,1000000000.0,1000000000.0,2023-08-07
2409,26441CCF0,750000000.0,750000000.0,2024-06-05
2410,031162DK3,1000000000.0,1000000000.0,2022-08-15
2411,161175CL6,1000000000.0,1000000000.0,2022-03-10
2412,969457CS7,750000000.0,750000000.0,2025-06-26
2413,037833DG2,1250000000.0,1250000000.0,2017-11-06
2414,05971KAF6,1000000000.0,1000000000.0,2020-05-20
2415,828807DF1,1250000000.0,1250000000.0,2019-09-04
2416,822905AN5,1000000000.0,1000000000.0,2025-11-03
2417,58013MFQ2,1000000000.0,1000000000.0,2020-03-25
2418,58933YCA1,750000000.0,750000000.0,2025-12-01
2419,161175CG7,1400000000.0,1400000000.0,2021-09-27
2420,718172AM1,750000000.0,750000000.0,2011-11-08
2421,009066AD3,850000000.0,850000000.0,2026-03-12
2422,125523CJ7,750000000.0,750000000.0,2020-03-04
2423,89788MAB8,750000000.0,750000000.0,2020-06-02
2424,369550BH0,750000000.0,750000000.0,2020-03-23
2425,03027XBA7,750000000.0,750000000.0,2020-01-07
2426,883556BY7,750000000.0,750000000.0,2017-08-10
2427,694308KX4,850000000.0,850000000.0,2025-06-02
2428,437076DK5,1000000000.0,1000000000.0,2025-09-08
2429,854502AL5,750000000.0,750000000.0,2020-02-03
2430,56585ABL5,900000000.0,900000000.0,2025-02-06
2431,26441CCK9,750000000.0,750000000.0,2025-09-08
2432,81762PAK8,750000000.0,750000000.0,2026-05-12
2433,48251WAB0,900000000.0,900000000.0,2025-08-04
2434,50249AAA1,1000000000.0,1000000000.0,2019-09-26
2435,06368MXV1,1000000000.0,1000000000.0,2025-09-15
2436,174610AT2,750000000.0,750000000.0,2020-04-27
2437,776696AJ5,1000000000.0,1000000000.0,2024-08-19
2438,94973VAY3,900000000.0,900000000.0,2012-05-02
2439,341081GM3,750000000.0,750000000.0,2023-02-28
2440,56585AAH5,800000000.0,800000000.0,2014-09-02
2441,120568BF6,800000000.0,800000000.0,2024-09-10
2442,20030NDP3,1500000000.0,1500000000.0,2020-08-11
2443,808513BG9,750000000.0,750000000.0,2020-12-08
2444,209111GP2,900000000.0,900000000.0,2025-11-17
2445,437076CJ9,1000000000.0,1000000000.0,2021-09-07
2446,74949LAF9,750000000.0,750000000.0,2025-03-24
2447,931142EZ2,1000000000.0,1000000000.0,2022-09-06
2448,717081EW9,1250000000.0,1250000000.0,2020-03-25
2449,026874DL8,1000000000.0,1000000000.0,2018-03-19
2450,961214GC1,750000000.0,750000000.0,2025-06-24
2451,20030NAF8,750000000.0,750000000.0,2005-06-06
2452,718172DY2,750000000.0,750000000.0,2025-10-27
2453,694308KK2,750000000.0,750000000.0,2023-03-28
2454,92343VDC5,1500000000.0,926858000.0,2016-07-27
2455,12505BAM2,750000000.0,750000000.0,2026-04-27
2456,60687YDE6,750000000.0,750000000.0,2024-02-20
2457,22822VAW1,1000000000.0,1000000000.0,2021-02-08
2458,655844CP1,750000000.0,750000000.0,2022-06-02
2459,25746UDL0,1000000000.0,1000000000.0,2021-08-10
2460,55261FAY0,750000000.0,750000000.0,2025-06-10
2461,233331BL0,850000000.0,850000000.0,2024-04-29
2462,04352EAA3,355300000.0,873800000.0,2019-10-16
2463,29364WBR8,750000000.0,750000000.0,2026-02-23
2464,05724BAN9,750000000.0,750000000.0,2026-03-05
2465,375558BT9,1500000000.0,1500000000.0,2020-09-23
2466,68389XCH6,1250000000.0,1250000000.0,2022-11-07
2467,29250NAM7,750000000.0,750000000.0,2016-11-21
2468,539830CM9,750000000.0,750000000.0,2025-07-23
2469,449276AF1,1000000000.0,1000000000.0,2024-01-29
2470,316773DP2,1000000000.0,1000000000.0,2026-01-26
2471,219350BF1,750000000.0,750000000.0,2017-11-06
2472,36962G3P7,4000000000.0,853448000.0,2008-01-08
2473,980236AS2,750000000.0,750000000.0,2024-09-05
2474,015271AW9,900000000.0,900000000.0,2021-02-03
2475,458140CC2,900000000.0,900000000.0,2022-08-02
2476,56501RAD8,750000000.0,750000000.0,2016-03-01
2477,110122DZ8,1000000000.0,750000000.0,2023-10-30
2478,125523BK5,968380000.0,968380000.0,2020-06-12
2479,42250PAA1,750000000.0,750000000.0,2019-11-06
2480,52532XAH8,999850000.0,999850000.0,2021-05-20
2481,907818FT0,1000000000.0,1000000000.0,2021-05-17
2482,92343VGL2,1000000000.0,1000000000.0,2021-09-01
2484,694308LB1,800000000.0,800000000.0,2026-02-18
2485,10373QBN9,1500000000.0,1500000000.0,2020-08-05
2486,084659AX9,879965000.0,879965000.0,2021-02-03
2487,036752BF9,800000000.0,800000000.0,2024-10-22
2488,25243YBH1,750000000.0,750000000.0,2022-10-19
2489,125523CS7,800000000.0,800000000.0,2023-02-28
2490,04010LBN2,800000000.0,800000000.0,2026-05-04
2491,539830CE7,750000000.0,750000000.0,2024-01-25
2492,37045VBA7,750000000.0,750000000.0,2025-05-05
2493,444859BR2,750000000.0,750000000.0,2021-07-29
2494,097023CQ6,1250000000.0,1250000000.0,2019-07-29
2495,842400HZ9,900000000.0,900000000.0,2024-01-08
2496,02665WEZ0,750000000.0,750000000.0,2024-01-08
2497,24703TAN6,1000000000.0,1000000000.0,2025-03-26
2498,26442CAH7,750000000.0,750000000.0,2009-11-16
2499,87264ADX0,1000000000.0,1000000000.0,2025-10-06
2500,78017DAQ1,1000000000.0,1000000000.0,2025-10-28
2501,713448DP0,1500000000.0,878317000.0,2016-10-03
2502,94973VBK2,800000000.0,800000000.0,2014-08-07
2503,13607QFE7,1000000000.0,1000000000.0,2025-09-02
2504,29273RBL2,900000000.0,900000000.0,2017-01-11
2505,037833DD9,1000000000.0,1000000000.0,2017-09-05
2506,29364WBQ0,750000000.0,750000000.0,2025-01-02
2507,855244BA6,1250000000.0,1250000000.0,2020-05-04
2508,68233JCU6,750000000.0,750000000.0,2024-12-17
2509,80281LAY1,1000000000.0,1000000000.0,2025-09-15
2510,47233JGT9,1000000000.0,1000000000.0,2021-10-05
2511,24422EXU8,800000000.0,800000000.0,2024-06-06
2512,87264ADW2,800000000.0,800000000.0,2025-10-06
2513,91324PEL2,1000000000.0,1000000000.0,2022-05-17
2514,701094AS3,1000000000.0,1000000000.0,2022-06-06
2515,87264ADN2,900000000.0,900000000.0,2024-09-23
2516,552081AM3,1000000000.0,1000000000.0,2015-02-26
2517,04636NAS2,750000000.0,750000000.0,2026-02-25
2519,682680AV5,450000000.0,1000000000.0,2018-06-19
2520,16412XAJ4,1498912000.0,1498912000.0,2020-09-25
2521,665859AX2,1000000000.0,1000000000.0,2022-10-26
2522,927804GF5,500000000.0,900000000.0,2021-11-15
2523,78081BAM5,1000000000.0,1000000000.0,2021-07-07
2524,87612EBN5,1000000000.0,1000000000.0,2022-01-19
2525,58933YBR5,1000000000.0,1000000000.0,2025-09-02
2526,767201AT3,1250000000.0,1250000000.0,2021-10-28
2527,251526CK3,1500000000.0,925941000.0,2021-05-25
2528,04351LAE0,800000000.0,800000000.0,2025-11-18
2529,92826CAQ5,1750000000.0,1750000000.0,2020-08-10
2530,42809HAC1,750000000.0,750000000.0,2009-12-09
2531,842587DR5,750000000.0,750000000.0,2023-05-15
2533,482480AJ9,750000000.0,750000000.0,2020-02-19
2534,49456BBA8,750000000.0,750000000.0,2024-07-22
2535,694308JT5,450000000.0,1000000000.0,2021-03-08
2536,92343VCM4,5500001000.0,793981000.0,2015-02-11
2537,00287YEB1,750000000.0,750000000.0,2025-02-18
2538,694308KV8,750000000.0,750000000.0,2025-02-24
2539,89114TZJ4,900000000.0,900000000.0,2021-09-07
2540,571748BN1,750000000.0,750000000.0,2020-05-04
2541,171239AG1,1000000000.0,1000000000.0,2020-09-14
2542,05964HAM7,750000000.0,750000000.0,2021-03-23
2543,913017CA5,850000000.0,850000000.0,2015-04-29
2544,12636YAH5,1000000000.0,1000000000.0,2025-10-06
2545,404280AM1,750000000.0,750000000.0,2011-11-14
2546,754730AF6,300000000.0,800000000.0,2016-07-07
2547,13607PHS6,750000000.0,750000000.0,2024-09-04
2549,87612GAB7,750000000.0,750000000.0,2022-03-23
2550,89115KAM2,900000000.0,900000000.0,2026-01-06
2551,636274AF9,750000000.0,750000000.0,2024-01-08
2552,961214EG4,1000000000.0,1000000000.0,2019-07-16
2553,00206RCU4,1500000000.0,806157000.0,2016-01-29
2554,161175BM5,800000000.0,800000000.0,2018-04-03
2555,375558CB7,750000000.0,750000000.0,2024-11-13
2556,458140BL3,750000000.0,750000000.0,2020-03-20
2557,458140BN9,1000000000.0,1000000000.0,2020-03-20
2558,91324PEA6,1000000000.0,1000000000.0,2020-05-13
2559,165167DH7,750000000.0,750000000.0,2024-11-21
2560,58933YBG9,1500000000.0,1500000000.0,2021-12-07
2561,02209SAM5,900000000.0,900000000.0,2012-08-06
2562,478160CG7,1000000000.0,1000000000.0,2017-02-28
2563,87264ACQ6,985000000.0,985000000.0,2022-06-22
2564,49456BAW1,750000000.0,750000000.0,2022-07-25
2566,037833EE6,1500000000.0,1500000000.0,2021-02-01
2567,931142CM3,1500000000.0,803185000.0,2008-04-08
2568,110122DR6,750000000.0,750000000.0,2020-11-09
2569,023608AJ1,800000000.0,800000000.0,2020-03-31
2570,037833DP2,1750000000.0,1750000000.0,2019-09-04
2571,12513GBJ7,1000000000.0,1000000000.0,2021-11-23
2572,58933YBJ3,750000000.0,750000000.0,2023-05-08
2573,78081BAL7,1000000000.0,1000000000.0,2021-07-07
2574,595620AU9,900000000.0,900000000.0,2019-01-07
2575,801060AJ3,1200000000.0,1200000000.0,2025-10-27
2576,532457CT3,750000000.0,750000000.0,2024-08-12
2577,26875PBA8,500000000.0,750000000.0,2025-06-16
2578,472140AD4,749800000.0,749800000.0,2025-12-11
2579,12189LBN0,950000000.0,950000000.0,2025-12-01
2580,74340XCH2,750000000.0,750000000.0,2023-06-26
2581,91324PDV1,1250000000.0,1250000000.0,2019-07-23
2582,824348BJ4,800000000.0,800000000.0,2019-08-12
2583,26078JAE0,1650000000.0,774037000.0,2018-11-14
2584,29379VAW3,750000000.0,750000000.0,2012-02-08
2585,595112BS1,1000000000.0,1000000000.0,2021-10-18
2586,097023CN3,750000000.0,750000000.0,2019-07-29
2587,29379VCA9,1000000000.0,1000000000.0,2020-07-30
2588,91324PDY5,1000000000.0,1000000000.0,2020-05-13
2589,58013MEZ3,750000000.0,750000000.0,2015-12-02
2590,76720AAG1,750000000.0,750000000.0,2012-08-16
2591,036752BB8,750000000.0,750000000.0,2024-10-22
2592,125523DA5,750000000.0,750000000.0,2025-09-03
2593,969457CA6,750000000.0,750000000.0,2022-08-03
2594,883556CM2,1200000000.0,1200000000.0,2021-08-09
2595,278865BN9,850000000.0,850000000.0,2021-12-06
2596,166756BF2,750000000.0,750000000.0,2025-02-24
2597,458140AY6,1000000000.0,1000000000.0,2017-05-08
2598,032095AR2,750000000.0,750000000.0,2024-10-28
2599,595017BL7,1000000000.0,1000000000.0,2024-12-11
2600,037833AT7,1000000000.0,1000000000.0,2014-04-29
2601,149123CH2,800000000.0,800000000.0,2020-04-06
2602,254687FR2,750000000.0,750000000.0,2020-03-19
2603,12189LAU5,800000000.0,800000000.0,2014-08-11
2604,58933YBB0,1250000000.0,1250000000.0,2020-06-16
2605,89157XAD3,750000000.0,750000000.0,2024-09-03
2606,58013MFH2,750000000.0,750000000.0,2018-08-13
2607,00440KAB9,1200000000.0,1200000000.0,2024-10-01
2608,26441CBH7,500000000.0,850000000.0,2020-05-13
2609,718172DT3,750000000.0,750000000.0,2025-04-28
2610,29250NBF1,1000000000.0,1000000000.0,2021-06-24
2611,031162DF4,1000000000.0,1000000000.0,2022-02-17
2612,80282KBM7,1000000000.0,1000000000.0,2024-09-03
2613,17275RBX9,1000000000.0,1000000000.0,2025-02-19
2614,438127AC6,750000000.0,750000000.0,2022-03-03
2615,66989HAW8,750000000.0,750000000.0,2024-09-16
2616,260543DN0,750000000.0,750000000.0,2025-09-03
2617,502431AU3,750000000.0,750000000.0,2024-03-11
2618,68233JCM4,488000000.0,888000000.0,2022-12-14
2619,260543CR2,896300000.0,896300000.0,2019-10-18
2620,037833EZ9,1000000000.0,1000000000.0,2025-05-05
2621,12527GAL7,1000000000.0,1000000000.0,2025-11-20
2622,11135FCF6,800000000.0,800000000.0,2025-01-06
2623,87612EBR6,1150000000.0,1150000000.0,2023-01-17
2624,084659AF8,750000000.0,750000000.0,2014-12-23
2625,69120VAZ4,747000000.0,750000000.0,2024-04-16
2626,12572QAK1,750000000.0,750000000.0,2022-03-01
2627,532457DD7,1000000000.0,1000000000.0,2025-08-18
2628,191216DQ0,750000000.0,750000000.0,2021-04-28
2629,931142EV1,1500000000.0,1500000000.0,2021-09-08
2630,29444UBS4,1000000000.0,1000000000.0,2021-05-03
2631,49456BAT8,750000000.0,1050000000.0,2021-02-08
2632,92556VAE6,1499860000.0,1499860000.0,2021-09-28
2634,969457CR9,750000000.0,750000000.0,2025-06-26
2635,49456BAQ4,750000000.0,750000000.0,2018-02-22
2636,855244AS8,1000000000.0,800000000.0,2018-08-08
2637,035240AT7,2250000000.0,2250000000.0,2020-04-01
2638,80281LAU9,1000000000.0,1000000000.0,2024-09-04
2639,04010LBH5,1000000000.0,1000000000.0,2025-01-02
2640,879360AE5,1100000000.0,1100000000.0,2021-03-08
2641,046353AU2,750000000.0,750000000.0,2018-08-14
2642,775109CJ8,749970000.0,749970000.0,2023-07-27
2643,37940XAR3,750000000.0,750000000.0,2022-08-08
2644,37045VAH3,750000000.0,750000000.0,2014-11-04
2645,31620MBY1,750000000.0,750000000.0,2022-07-06
2646,341081GE1,1200000000.0,1200000000.0,2021-11-16
2647,377372AP2,850000000.0,850000000.0,2025-03-06
2648,00914AAK8,750000000.0,750000000.0,2020-11-17
2649,713448FG8,1000000000.0,1000000000.0,2021-10-06
2650,478160CT9,1250000000.0,1250000000.0,2020-08-20
2651,775109BB6,750000000.0,751675000.0,2014-03-03
2652,958667AA5,1000000000.0,1000000000.0,2020-01-09
2653,370334CL6,750000000.0,750000000.0,2020-03-31
2654,65339KCV0,800000000.0,800000000.0,2024-01-29
2655,60687YCM9,750000000.0,750000000.0,2022-09-07
2656,65339KDJ6,1000000000.0,1000000000.0,2025-01-30
2657,96949LAE5,800000000.0,800000000.0,2018-02-26
2658,65339KDL1,1000000000.0,1000000000.0,2025-01-30
2659,828807DK0,750000000.0,750000000.0,2020-07-06
2660,08576BAB8,799275000.0,799275000.0,2025-01-14
2661,882508CB8,750000000.0,950000000.0,2023-03-07
2662,539439AN9,824033000.0,824033000.0,2016-11-04
2663,03769MAG1,750000000.0,750000000.0,2026-03-25
2664,808513CA1,1000000000.0,1000000000.0,2022-03-01
2665,842400JG9,850000000.0,850000000.0,2025-01-06
2666,03831WAD0,1000000000.0,1000000000.0,2024-11-20
2667,25243YBE8,750000000.0,750000000.0,2020-04-27
2668,74432QAQ8,750000000.0,750000000.0,2006-12-11
2669,25468PDB9,500000000.0,1000000000.0,2014-05-28
2670,031162DY3,750000000.0,750000000.0,2026-02-17
2671,478160CW2,850000000.0,850000000.0,2024-05-13
2672,718172EG0,750000000.0,750000000.0,2026-04-27
2673,20030NCK5,1000000000.0,1000000000.0,2018-02-01
2674,361841AT6,800000000.0,800000000.0,2024-07-30
2675,11120VAJ2,500000000.0,800000000.0,2020-06-08
2676,02344AAK4,750000000.0,750000000.0,2026-03-05
2677,744448CZ2,450000000.0,850000000.0,2024-04-01
2678,210385AR1,800000000.0,800000000.0,2026-01-05
2679,00817YAF5,800000000.0,770902000.0,2006-06-06
2681,294429AT2,1000000000.0,1000000000.0,2021-08-11
2682,29379VCB7,1000000000.0,1000000000.0,2021-09-07
2683,68389XAW5,1000000000.0,1000000000.0,2014-06-30
2684,717081FB4,1000000000.0,1000000000.0,2021-08-16
2685,65339KBM1,1000000000.0,1000000000.0,2019-10-01
2686,299808AH8,1000000000.0,1000000000.0,2020-10-05
2687,052769AH9,1000000000.0,1000000000.0,2021-10-05
2688,907818FW3,850000000.0,850000000.0,2021-09-07
2689,693475BS3,750000000.0,750000000.0,2023-08-15
2690,11135FCZ2,750000000.0,750000000.0,2026-01-06
2691,49177JAS1,750000000.0,750000000.0,2025-05-20
2692,444859BE1,750000000.0,750000000.0,2014-09-16
2694,00108WAU4,750000000.0,750000000.0,2025-09-22
2695,03027XBG4,800000000.0,800000000.0,2020-09-23
2696,06051GJN0,1000000000.0,1000000000.0,2021-03-08
2697,58013MFR0,750000000.0,750000000.0,2020-03-25
2698,94106LBS7,1000000000.0,1000000000.0,2022-04-28
2700,57636QAU8,750000000.0,750000000.0,2021-11-15
2701,009066AE1,800000000.0,800000000.0,2026-03-12
2702,032095AL5,750000000.0,750000000.0,2021-09-07
2703,126408HK2,850000000.0,850000000.0,2018-02-15
2704,713448EU8,1500000000.0,889234000.0,2020-03-17
2705,7591EPAV2,1000000000.0,1000000000.0,2024-09-03
2706,29250NAZ8,1000000000.0,1000000000.0,2019-11-13
2707,760759BC3,800000000.0,800000000.0,2023-03-21
2708,25243YBB4,1000000000.0,1000000000.0,2019-09-30
2709,12189LBD2,750000000.0,750000000.0,2018-07-25
2710,404119DH9,750000000.0,750000000.0,2025-10-27
2711,50249AAD5,1000000000.0,1000000000.0,2020-04-15
2712,606822CR3,750000000.0,750000000.0,2022-09-06
2713,86765BAQ2,800000000.0,800000000.0,2014-11-12
2714,260543DD2,1150000000.0,1150000000.0,2020-08-17
2715,04010LBM4,750000000.0,750000000.0,2026-01-05
2716,63111XAL5,750000000.0,750000000.0,2023-06-22
2717,74949LAD4,750000000.0,750000000.0,2020-05-18
2718,277432AP5,500000000.0,900000000.0,2014-05-06
2719,26441CCE3,750000000.0,750000000.0,2024-06-05
2720,120568BE9,800000000.0,800000000.0,2024-09-10
2721,75513ECK5,955115000.0,955115000.0,2020-11-09
2722,98389BBE9,750000000.0,750000000.0,2025-03-18
2723,72650RBN1,750000000.0,750000000.0,2020-06-08
2724,50247VAB5,750000000.0,750000000.0,2013-07-11
2725,50212YAL8,750000000.0,750000000.0,2025-02-24
2726,62854AAP9,999998000.0,999998000.0,2017-01-03
2727,87612GAU5,750000000.0,750000000.0,2026-02-25
2728,12572QAF2,750000000.0,750000000.0,2013-09-04
2729,893526DJ9,750000000.0,750000000.0,2010-05-26
2730,036752AM5,1000000000.0,1000000000.0,2020-04-30
2731,87406BAB8,750000000.0,750000000.0,2025-06-26
2732,459200LV1,750000000.0,750000000.0,2026-01-29
2733,50077LBJ4,796197000.0,796197000.0,2020-12-18
2734,79466LAM6,1250000000.0,1250000000.0,2021-06-29
2735,690742AP6,800000000.0,800000000.0,2024-05-29
2736,797440BZ6,800000000.0,800000000.0,2020-09-22
2737,04020EAD9,748947000.0,748947000.0,2025-04-24
2738,50249AAM5,750000000.0,750000000.0,2024-02-26
2739,11271LAE2,600000000.0,750000000.0,2020-04-07
2740,09261HCC9,850000000.0,850000000.0,2026-04-22
2741,149123CJ8,1200000000.0,1200000000.0,2020-04-06
2742,09581CAB7,899418000.0,899418000.0,2025-04-01
2743,842400FZ1,800000000.0,800000000.0,2013-09-25
2744,25179MAU7,750000000.0,750000000.0,2015-06-11
2745,14913UAU4,900000000.0,900000000.0,2024-11-12
2746,87612GAQ4,750000000.0,750000000.0,2025-06-04
2747,20030NBT7,1000000000.0,1000000000.0,2016-07-12
2748,03027XBD1,750000000.0,1050000000.0,2020-06-01
2749,654106AE3,1000000000.0,1000000000.0,2015-10-26
2750,025537AX9,850000000.0,850000000.0,2023-02-27
2751,36264FAN1,999943000.0,999943000.0,2022-11-02
2752,91159HJY7,1000000000.0,1000000000.0,2026-01-21
2753,539830BQ1,750000000.0,750000000.0,2020-05-15
2754,67103HAP2,850000000.0,850000000.0,2026-03-05
2755,363576AB5,850000000.0,850000000.0,2021-05-13
2756,49456BAR2,750000000.0,750000000.0,2020-07-27
2757,962166BX1,750000000.0,750000000.0,2019-02-21
2758,63111XAK7,750000000.0,750000000.0,2023-06-22
2759,26441CCA1,750000000.0,750000000.0,2023-09-05
2760,02665WFQ9,750000000.0,750000000.0,2024-09-03
2761,863667BE0,750000000.0,750000000.0,2024-09-04
2762,29379VBZ5,1000000000.0,1000000000.0,2020-01-06
2763,756109DB7,800000000.0,800000000.0,2026-03-30
2764,620076BU2,850000000.0,850000000.0,2021-05-10
2765,754730AK5,850000000.0,850000000.0,2025-09-09
2766,78081BAK9,997012000.0,997012000.0,2021-07-07
2767,00206RKE1,2250000000.0,968594000.0,2020-07-27
2768,03769MAC0,750000000.0,750000000.0,2024-05-16
2769,665772CX5,800000000.0,800000000.0,2023-05-01
2770,03027XBC3,750000000.0,750000000.0,2020-06-01
2771,49177JAR3,750000000.0,750000000.0,2023-10-19
2772,06417XAE1,850000000.0,850000000.0,2022-01-03
2773,539830BY4,750000000.0,750000000.0,2022-10-19
2774,512807AV0,750000000.0,750000000.0,2020-04-30
2775,717081FA6,1250000000.0,1250000000.0,2020-05-18
2776,202795JM3,800000000.0,800000000.0,2018-02-12
2777,718546BA1,1000000000.0,1000000000.0,2021-11-10
2778,857477BP7,850000000.0,850000000.0,2021-02-26
2779,91324PCQ3,1000000000.0,1000000000.0,2015-07-20
2780,816851BJ7,800000000.0,800000000.0,2018-01-09
2781,370334DB7,750000000.0,750000000.0,2024-11-18
2782,74432QCA1,500000000.0,750000000.0,2014-05-12
2783,22822VAY7,750000000.0,750000000.0,2021-06-15
2784,478160CM4,750000000.0,750000000.0,2017-11-08
2785,871829BL0,1250000000.0,1000013000.0,2020-03-30
2786,694308HY6,849800000.0,849800000.0,2018-04-13
2787,44107TAZ9,600000000.0,750000000.0,2020-08-11
2788,16411RAQ2,750000000.0,750000000.0,2026-03-19
2789,89236TMT9,750000000.0,750000000.0,2024-10-07
2790,036752AH6,850000000.0,850000000.0,2018-02-27
2791,46590XAQ9,899885000.0,899950000.0,2023-08-22
2792,91324PCX8,750000000.0,750000000.0,2016-12-15
2793,38152BAQ4,750000000.0,750000000.0,2026-04-21
2794,055451BK3,750000000.0,750000000.0,2025-02-18
2795,26884LAR0,750000000.0,750000000.0,2024-01-17
2796,532457BY3,1000000000.0,1250000000.0,2020-04-24
2797,051473AD8,750000000.0,750000000.0,2026-03-17
2798,59156RBN7,1000000000.0,1000000000.0,2015-03-02
2799,743315AS2,850000000.0,850000000.0,2017-04-03
2800,00130HCM5,800000000.0,800000000.0,2025-03-12
2801,209111FF5,750000000.0,750000000.0,2014-11-19
2802,37045VAY6,1000000000.0,1000000000.0,2022-07-28
2803,48305QAF0,1250000000.0,1250000000.0,2021-06-08
2804,126408HV8,900000000.0,900000000.0,2022-07-21
2805,75513ECL3,1000000000.0,1000000000.0,2021-08-04
2807,29446MAN2,800000000.0,800000000.0,2025-05-27
2808,174610BG9,750000000.0,750000000.0,2024-04-18
2809,172967MD0,2500000000.0,1515851000.0,2018-07-16
2810,459200KV2,750000000.0,750000000.0,2022-07-20
2811,075887CJ6,750000000.0,750000000.0,2020-05-11
2813,91324PCD2,750000000.0,750000000.0,2013-02-25
2814,051473AE6,750000000.0,750000000.0,2026-03-17
2815,49271VAK6,750000000.0,750000000.0,2020-04-07
2816,30231GAY8,750000000.0,750000000.0,2019-08-13
2817,23291KAK1,900000000.0,900000000.0,2019-10-29
2818,341081FQ5,1000000000.0,1000000000.0,2018-02-26
2819,03027XBK5,550000000.0,1050000000.0,2020-11-17
2820,20030NCG4,1499879000.0,1005705000.0,2017-11-16
2821,960386AT7,750000000.0,750000000.0,2025-05-19
2822,037833DZ0,1250000000.0,1250000000.0,2020-08-13
2823,277432AZ3,500000000.0,750000000.0,2024-07-29
2824,925650AE3,750000000.0,750000000.0,2022-04-20
2825,717081DE0,750000000.0,750000000.0,2013-05-28
2826,48305QAG8,1400000000.0,1400000000.0,2021-06-08
2827,31620MBU9,750000000.0,750000000.0,2021-02-23
2828,361841AR0,800000000.0,800000000.0,2021-12-07
2829,539830BS7,850000000.0,850000000.0,2022-04-21
2830,718172BD0,750000000.0,750000000.0,2013-11-04
2831,829932AF9,750000000.0,750000000.0,2025-11-25
2832,59156RBR8,750000000.0,750000000.0,2015-11-09
2833,14149YBR8,750000000.0,750000000.0,2024-11-13
2834,20030NBZ3,850000000.0,850000000.0,2017-08-01
2835,04020EAJ6,750000000.0,750000000.0,2025-04-24
2836,09261HBW6,795949000.0,795949000.0,2025-04-21
2837,913017CJ6,1100000000.0,1100000000.0,2016-10-27
2838,92343VGP3,1000000000.0,1000000000.0,2022-02-16
2839,882508BG8,750000000.0,750000000.0,2019-08-26
2840,89153VAU3,1000000000.0,1000000000.0,2019-07-08
2841,718172AW9,850000000.0,850000000.0,2013-02-26
2842,69349LAS7,750000000.0,750000000.0,2019-10-17
2843,10112RBJ2,850000000.0,850000000.0,2024-08-15
2844,126408HF3,800000000.0,800000000.0,2016-10-13
2845,00846UAN1,850000000.0,850000000.0,2021-03-03
2846,03040WBA2,800000000.0,800000000.0,2022-05-02
2847,913903AW0,796320000.0,796320000.0,2022-12-29
2848,744448DA6,750000000.0,750000000.0,2024-04-01
2849,67077MAU2,750000000.0,750000000.0,2019-03-19
2850,02209SBP7,1000000000.0,1000000000.0,2021-02-01
2851,57636QAL8,1000000000.0,1000000000.0,2019-05-28
2852,437076CG5,1250000000.0,1250000000.0,2021-01-04
2853,747525BJ1,800000000.0,800000000.0,2020-05-06
2854,970648AN1,750000000.0,750000000.0,2024-02-27
2855,50540RAS1,900000000.0,900000000.0,2015-01-21
2856,744320AY8,895778000.0,895778000.0,2018-04-05
2857,03076CAP1,750000000.0,750000000.0,2025-02-25
2858,907818FH6,750000000.0,750000000.0,2020-01-28
2859,609207BB0,750000000.0,750000000.0,2022-03-03
2860,036752AX1,750000000.0,750000000.0,2022-10-26
2861,95040QAJ3,750000000.0,750000000.0,2019-08-08
2862,191216CM0,1000000000.0,1000000000.0,2019-09-04
2863,89236TPH2,750000000.0,750000000.0,2026-01-07
2864,092914AA8,750000000.0,750000000.0,2024-12-02
2865,907818EM6,1044261000.0,1044261000.0,2016-11-21
2866,927804GL2,750000000.0,750000000.0,2023-03-28
2867,594918BL7,3000000000.0,996437000.0,2015-10-29
2868,92857WBU3,1500000000.0,1500000000.0,2019-09-10
2869,52532XAN5,800000000.0,800000000.0,2026-02-19
2870,65473QBG7,750000000.0,750000000.0,2017-09-05
2871,94106LBP3,1000000000.0,1000000000.0,2020-11-05
2872,051473AF3,750000000.0,750000000.0,2026-03-17
2873,444859BX9,750000000.0,750000000.0,2023-02-27
2874,44644MAJ0,900000000.0,900000000.0,2022-11-14
2875,844741BM9,750000000.0,750000000.0,2025-10-27
2876,06051GJM2,1000000000.0,1000000000.0,2020-10-16
2877,126408GY3,800000000.0,800000000.0,2012-10-17
2878,12527GAD5,750000000.0,750000000.0,2013-05-20
2880,231021AT3,850000000.0,850000000.0,2020-08-17
2881,26884ABB8,750000000.0,750000000.0,2014-06-16
2882,12527GAE3,750000000.0,750000000.0,2014-03-06
2884,50077LAB2,2984976000.0,1406740000.0,2016-07-19
2885,573284BB1,750000000.0,750000000.0,2024-10-31
2886,209111GA5,750000000.0,900000000.0,2021-06-03
2887,37045VAQ3,750000000.0,750000000.0,2017-08-02
2888,031162CY4,939919000.0,939919000.0,2021-04-15
2889,30231GBE1,1250000000.0,1250000000.0,2019-08-13
2890,754730AH2,750000000.0,750000000.0,2021-03-18
2891,12189LAN1,800000000.0,800000000.0,2013-03-05
2892,22822VAU5,900000000.0,900000000.0,2020-06-04
2893,961214EL3,750000000.0,750000000.0,2020-01-09
2894,046353AZ1,750000000.0,750000000.0,2021-05-25
2895,70450YAJ2,1000000000.0,1000000000.0,2020-05-11
2896,20030NBQ3,1700000000.0,762234000.0,2015-05-19
2897,21036PBP2,750000000.0,750000000.0,2023-04-27
2898,373334KP5,750000000.0,750000000.0,2021-02-22
2899,74834LBB5,800000000.0,800000000.0,2019-12-09
2900,254709AS7,750000000.0,750000000.0,2022-11-21
2901,26875PAT8,750000000.0,750000000.0,2020-04-08
2902,37045XEZ5,1000000000.0,1000000000.0,2024-09-03
2903,440452AF7,1000000000.0,1000000000.0,2020-06-04
2904,039482AD6,750000000.0,750000000.0,2022-02-23
2905,015271AV1,1000000000.0,1000000000.0,2020-07-29
2907,375558CE1,750000000.0,750000000.0,2024-11-13
2909,75513EAC5,1000000000.0,1000000000.0,2020-05-14
2910,03040WAR6,750000000.0,750000000.0,2017-08-07
2911,171239AJ5,1000000000.0,1000000000.0,2021-11-15
2912,718172CJ6,750000000.0,750000000.0,2019-04-29
2913,89153VAX7,800000000.0,800000000.0,2020-06-24
2914,458140BV1,750000000.0,750000000.0,2021-08-10
2915,49456BAJ0,800000000.0,800000000.0,2015-02-23
2916,723787AR8,1000000000.0,1000000000.0,2021-01-14
2917,244199BK0,850000000.0,850000000.0,2020-03-25
2918,50249AAJ2,1000000000.0,1000000000.0,2020-10-06
2919,74340XBR1,750000000.0,750000000.0,2020-08-06
2920,127387AP3,1000000000.0,1000000000.0,2024-09-04
2921,023608AR3,750000000.0,750000000.0,2025-02-27
2922,48305QAE3,1000000000.0,1000000000.0,2019-10-24
2923,65473QBC6,750000000.0,750000000.0,2013-04-09
2924,904764BH9,850000000.0,850000000.0,2019-09-03
2925,50249AAH6,750000000.0,750000000.0,2020-10-06
2926,573284AX4,900000000.0,900000000.0,2021-06-21
2927,60687YAX7,750000000.0,750000000.0,2019-07-09
2928,78409VBL7,973625000.0,973625000.0,2023-01-31
2929,191216CY4,1000000000.0,1000000000.0,2020-04-29
2930,929160BD0,750000000.0,750000000.0,2024-11-18
2931,110122DX3,1000000000.0,1000000000.0,2022-02-15
2932,26441CBN4,750000000.0,750000000.0,2021-06-07
2933,961214EQ2,1000000000.0,1000000000.0,2020-11-09
2934,66989HAS7,1250000000.0,1250000000.0,2020-02-11
2935,009158AZ9,750000000.0,750000000.0,2020-04-27
2936,136385AY7,750000000.0,750000000.0,2017-05-23
2937,89352HAZ2,1000000000.0,820076000.0,2018-10-10
2938,053332BB7,750000000.0,750000000.0,2022-07-19
2939,87264ADG7,750000000.0,750000000.0,2024-01-09
2940,58013MFJ8,1000000000.0,1000000000.0,2019-08-07
2941,20030NDQ1,1250000000.0,1250000000.0,2020-08-11
2942,036752AK9,825000000.0,825000000.0,2019-09-04
2943,740816AR4,750000000.0,750000000.0,2024-03-05
2944,65473PAL9,750000000.0,750000000.0,2020-08-12
2945,87612BBQ4,949560000.0,949560000.0,2020-12-01
2946,036752BJ1,750000000.0,750000000.0,2025-09-08
2947,883556BZ4,900000000.0,900000000.0,2019-09-24
2949,68902VAL1,637180000.0,637180000.0,2020-08-10
2950,049560AM7,500000000.0,750000000.0,2014-10-06
2951,713448EP9,1000000000.0,1000000000.0,2019-10-07
2952,60687YDF3,800000000.0,800000000.0,2024-06-27
2953,166756AH9,750000000.0,750000000.0,2020-08-10
2954,142339AJ9,750000000.0,750000000.0,2020-02-13
2955,842400GY3,750000000.0,750000000.0,2021-01-05
2956,66989HAT5,1000000000.0,1000000000.0,2024-09-16
2957,03770DAF0,499468000.0,499468000.0,2025-11-24
2958,744573AU0,750000000.0,750000000.0,2021-11-04
2959,98956PAV4,750000000.0,750000000.0,2021-11-15
2960,871829BR7,800000000.0,800000000.0,2021-12-01
2961,855244AT6,1000000000.0,1000000000.0,2019-05-02
2962,038222AP0,750000000.0,750000000.0,2020-05-26
2964,927804GD0,900000000.0,900000000.0,2020-12-01
2965,594918CB8,2000000000.0,755053000.0,2017-01-30
2966,717081EU3,750000000.0,750000000.0,2019-03-04
2967,20826FBC9,783136000.0,783136000.0,2022-09-01
2969,209111FD0,850000000.0,850000000.0,2014-03-03
2970,858119BS8,600000000.0,750000000.0,2025-03-10
2971,907818FS2,1005137000.0,1005137000.0,2021-09-03
2972,097023CK9,800000000.0,800000000.0,2019-04-30
2973,42250PAE3,400000000.0,750000000.0,2023-01-09
2974,37940XAC6,750000000.0,750000000.0,2019-08-07
2975,512807AT5,750000000.0,750000000.0,2019-02-25
2976,911312BQ8,750000000.0,750000000.0,2019-03-13
2978,316773CH1,1000000000.0,1000000000.0,2008-02-26
2979,718172CS6,750000000.0,750000000.0,2020-10-29
2980,032654AX3,1000000000.0,1000000000.0,2021-09-28
2981,695114CY2,1000000000.0,1000000000.0,2021-07-07
2982,89417EAR0,750000000.0,750000000.0,2021-06-03
2983,416515BF0,800000000.0,800000000.0,2019-08-08
2984,235851AW2,1000000000.0,1000000000.0,2021-12-01
2985,86562MCK4,850000000.0,850000000.0,2021-09-13
2986,00914AAS1,750000000.0,750000000.0,2022-01-05
2987,808513BT1,850000000.0,850000000.0,2021-08-24
2988,438516BU9,750000000.0,750000000.0,2019-07-30
2989,032654AW5,750000000.0,750000000.0,2021-09-28
2990,718172AU3,750000000.0,750000000.0,2012-08-14
2991,828807DJ3,750000000.0,750000000.0,2020-07-06
2992,609207AW5,500000000.0,1125000000.0,2020-09-02
2993,482480AN0,800000000.0,800000000.0,2022-06-21
2994,038222AM7,1000000000.0,1000000000.0,2017-03-28
2995,74949LAG7,750000000.0,750000000.0,2025-03-24
2996,235851AV4,1000000000.0,1000000000.0,2020-09-29
2997,26441CBM6,750000000.0,750000000.0,2021-06-07
2998,299808AJ4,1000000000.0,1000000000.0,2021-09-29
2999,341081FX0,800000000.0,800000000.0,2019-09-10
3000,52532XAF2,750000000.0,750000000.0,2021-05-20
3002,808513BS3,750000000.0,750000000.0,2021-05-11
3003,628530BJ5,750000000.0,750000000.0,2018-12-11
3004,37940XAH5,750000000.0,750000000.0,2021-11-16
3005,12189LBB6,750000000.0,750000000.0,2017-03-06
3006,12189LBC4,750000000.0,750000000.0,2018-02-26
3007,501044DN8,750000000.0,750000000.0,2020-01-06
3008,87612EBJ4,750000000.0,750000000.0,2020-01-21
3009,06368L8L3,800000000.0,800000000.0,2024-09-03
3010,655844CH9,799996000.0,799996000.0,2020-08-18
3011,494368CB7,750000000.0,750000000.0,2020-03-24
3012,806854AQ8,1000000000.0,1000000000.0,2026-04-30
3013,874060BD7,1000000000.0,1000000000.0,2020-06-29
3014,20826FAC0,750000000.0,750000000.0,2014-11-06
3015,64110LBA3,800000000.0,800000000.0,2024-07-30
3016,256746AJ7,800000000.0,800000000.0,2021-11-29
3017,337932AM9,850000000.0,850000000.0,2020-02-18
3018,337738AU2,3000000000.0,3000000000.0,2019-06-10
3019,12189LAZ4,750000000.0,750000000.0,2016-05-09
3020,166764CA6,1000000000.0,1000000000.0,2020-05-07
3021,29250NBE4,500000000.0,1000000000.0,2021-06-24
3023,084664CX7,750000000.0,750000000.0,2021-01-05
3024,69351UBB8,750000000.0,750000000.0,2023-02-27
3025,10373QBZ2,750000000.0,750000000.0,2024-05-15
3026,91913YBD1,950000000.0,950000000.0,2021-11-18
3027,009158BA3,950000000.0,950000000.0,2020-04-27
3028,127097AN3,750000000.0,15820000.0,2024-12-03
3029,316773DG2,1000000000.0,1000000000.0,2022-07-25
3030,867224AB3,750000000.0,750000000.0,2017-11-08
3033,59156RBD9,750000000.0,750000000.0,2012-08-08
3034,459200KL4,750000000.0,750000000.0,2020-04-30
3035,532457CQ9,1000000000.0,1000000000.0,2024-08-12
3036,478160CS1,1000000000.0,1000000000.0,2020-08-20
3037,418056AZ0,900000000.0,900000000.0,2019-11-13
3038,458140BK5,1000000000.0,1000000000.0,2020-02-10
3040,87165BAR4,750000000.0,750000000.0,2021-10-25
3042,713448FF0,750000000.0,750000000.0,2021-10-06
3043,808513CR4,1250000000.0,1250000000.0,2026-05-18
3045,254687FL5,2000000000.0,2000000000.0,2019-09-03
3046,00130HCG8,996890000.0,996890000.0,2021-07-19
3047,907818FN3,1044449000.0,1044449000.0,2021-05-05
3048,458140BW9,1250000000.0,1250000000.0,2021-08-10
3050,91324PDS8,1000000000.0,1000000000.0,2019-07-23
3052,65473PBB0,750000000.0,750000000.0,2026-05-11
3053,29446MAP7,1000000000.0,1000000000.0,2025-11-06
3054,127387AN8,1000000000.0,1000000000.0,2024-09-04
3055,369550BJ6,750000000.0,750000000.0,2020-03-23
3057,30225VAV9,800000000.0,800000000.0,2025-08-06
3058,575718AA9,750000000.0,750000000.0,2011-05-01
3060,532457BZ0,850000000.0,850000000.0,2020-08-20
3061,291011BS2,1000000000.0,1000000000.0,2021-12-07
3062,110122CP1,3968935000.0,1405549000.0,2020-06-16
3063,742718GG8,750000000.0,750000000.0,2024-01-24
3064,071813CV9,750000000.0,750000000.0,2022-06-14
3067,037833EN6,1000000000.0,1000000000.0,2022-08-01
3068,15135UAX7,750000000.0,750000000.0,2021-09-09
3069,89236TMK8,1000000000.0,1000000000.0,2024-08-06
3070,036752AL7,825000000.0,825000000.0,2019-09-04
3071,907818FL7,750000000.0,750000000.0,2020-01-28
3072,29446MAF9,1500000000.0,1500000000.0,2020-04-01
3073,52532XAJ4,750000000.0,750000000.0,2023-02-16
3075,854502AN1,750000000.0,750000000.0,2020-10-29
3077,26442CAZ7,350000000.0,750000000.0,2019-08-12
3078,655844CF3,800000000.0,800000000.0,2020-04-30
3079,458140BX7,750000000.0,750000000.0,2021-08-10
3080,94106BAD3,850000000.0,850000000.0,2021-09-07
3082,00724PAG4,750000000.0,750000000.0,2024-04-01
3083,75886FAF4,750000000.0,750000000.0,2020-08-07
3084,89153VAW9,800000000.0,800000000.0,2020-06-24
3085,278642AF0,750000000.0,750000000.0,2012-07-19
3086,00774MBL8,1300000000.0,1300000000.0,2024-09-03
3088,209111GB3,750000000.0,750000000.0,2021-06-03
3089,437076BP6,1000000000.0,1000000000.0,2016-09-06
3090,68902VAM9,743000000.0,743000000.0,2020-08-10
3091,207597EL5,500000000.0,800000000.0,2018-03-19
3093,681919BD7,800000000.0,800000000.0,2021-04-28
3094,845467AS8,1200000000.0,1200000000.0,2021-08-16
3095,744448CV1,750000000.0,750000000.0,2021-02-22
3096,701094AP9,800000000.0,800000000.0,2019-06-05
3097,458140BZ2,850000000.0,850000000.0,2022-08-02
3098,21036PBE7,800000000.0,800000000.0,2019-07-24
3099,797440CA0,750000000.0,750000000.0,2021-08-09
3100,512807AW8,750000000.0,750000000.0,2020-04-30
3101,039482AC8,750000000.0,750000000.0,2021-09-07
3103,031162DH0,1250000000.0,1250000000.0,2022-08-15
3104,20268JAB9,915110000.0,915110000.0,2019-08-07
3105,20268JAR4,775000000.0,775000000.0,2024-03-13
3106,38152BAH4,898279000.0,898279000.0,2026-04-02
3108,29446MAC6,1000000000.0,1000000000.0,2019-11-13
3109,983919AK7,750000000.0,750000000.0,2020-05-12
3110,876030AL1,750000000.0,750000000.0,2024-12-04
3111,85771PAC6,750000000.0,750000000.0,2010-08-10
3112,075887BX6,1500000000.0,843953000.0,2017-05-22
3113,85771PAL6,850000000.0,850000000.0,2013-05-08
3114,713448FX1,850000000.0,850000000.0,2024-07-15
3115,345397G23,900000000.0,900000000.0,2024-09-03
3116,25389JAU0,900000000.0,900000000.0,2019-06-10
3117,15189XBL1,800000000.0,800000000.0,2026-02-24
3118,29446MAH5,1250000000.0,1250000000.0,2020-04-01
3119,85771PAQ5,750000000.0,750000000.0,2013-11-05
3120,30303M8S4,1000000000.0,1000000000.0,2024-08-07
3123,11133TAD5,750000000.0,750000000.0,2019-12-04
3124,37940XAB8,1250000000.0,1250000000.0,2019-08-07
3125,65473PAH8,750000000.0,750000000.0,2019-08-07
3127,210518EA0,850000000.0,850000000.0,2026-04-30
3128,001055BJ0,1000000000.0,1000000000.0,2020-03-30
3129,743820AB8,775000000.0,775000000.0,2021-09-14
3130,29446MAK8,750000000.0,750000000.0,2020-05-18
3131,65535HBK4,750000000.0,750000000.0,2023-01-04
3132,876030AK3,750000000.0,750000000.0,2024-12-04
3133,00217GAC7,1000000000.0,920381000.0,2022-02-09
3134,36266GAA5,1000000000.0,1000000000.0,2024-08-07
3135,31428XDS2,1006969000.0,1006969000.0,2025-08-29
3136,0778FPAA7,750000000.0,797289000.0,2018-03-26
3137,337738AV0,2000000000.0,1183999000.0,2019-06-10
3138,03027XAW0,1650000000.0,1650000000.0,2019-06-10
3139,713448EL8,1000000000.0,1000000000.0,2019-07-25
3140,86562MDM9,750000000.0,750000000.0,2024-07-02
3141,88579YBJ9,1000000000.0,1000000000.0,2019-08-19
3142,37045XEU6,1250000000.0,1250000000.0,2024-04-01
