bond_id,cusip,match_method,match_score,n_candidates,n_name_matches,finra_issuer_name,isin,nport_balance,nport_pctVal,Name,Par Value,par_ratio_nport_over_ishares
0,03522AAJ9,coupon_maturity_name,0.6666666666666666,2,2,ANHEUSER-BUSCH CO/INBEV,US03522AAJ97,66847000.0,0.204674522898,ANHEUSER-BUSCH COMPANIES LLC,69707000,0.9589711219820104
1,126650CZ1,coupon_maturity_name,1.0,1,1,CVS HEALTH CORP,US126650CZ11,57432000.0,0.169135871793,CVS HEALTH CORP,62588000,0.917619991052598
2,87264ABF1,coupon_maturity_name,1.0,1,1,T-MOBILE USA INC,US87264ABF12,49440000.0,0.161493316908,T-MOBILE USA INC,54674000,0.9042689395325018
3,38141GFD1,coupon_maturity_name,1.0,1,1,GOLDMAN SACHS GROUP INC,US38141GFD16,40370000.0,0.148071885884,GOLDMAN SACHS GROUP INC/THE,46448000,0.8691439889769205
4,30303MAD4,coupon_maturity_name,1.0,2,1,META PLATFORMS INC,US30303MAD48,48866000.0,0.160141035331,META PLATFORMS INC,52873000,0.9242146275036408
5,023135DF0,coupon_maturity_name,1.0,1,1,AMAZON.COM INC,US023135DF00,46545000.0,0.154371888358,AMAZON.COM INC,51138000,0.9101842074386953
6,30303MAK8,coupon_maturity_name,1.0,2,1,META PLATFORMS INC,US30303MAK80,24950000.0,0.084407351432,META PLATFORMS INC,50469000,0.4943628762210466
7,30303MAE2,coupon_maturity_name,1.0,1,1,META PLATFORMS INC,US30303MAE21,48663000.0,0.150300007352,META PLATFORMS INC,55418000,0.8781081958930311
8,716973AG7,coupon_maturity_name,1.0,1,1,PFIZER INVESTMENT ENTER,US716973AG71,48410000.0,0.15218964666,PFIZER INVESTMENT ENTERPRISES PTE,52677000,0.9189969056704065
9,,no_coupon_maturity_candidates,,0,0,,,,,SPACE EXPLORATION TECHNOLOGIES COR 144A,49359000,
10,716973AE2,coupon_maturity_name,1.0,1,1,PFIZER INVESTMENT ENTER,US716973AE24,36571000.0,0.122028827873,PFIZER INVESTMENT ENTERPRISES PTE,46047000,0.794210263426499
11,097023CW3,coupon_maturity_name,1.0,1,1,BOEING CO,US097023CW33,42146000.0,0.140034905414,BOEING CO,46462000,0.9071068830442082
12,,no_coupon_maturity_candidates,,0,0,,,,,SPACE EXPLORATION TECHNOLOGIES COR 144A,46263000,
13,30303MAH5,coupon_maturity_name,1.0,1,1,META PLATFORMS INC,US30303MAH51,20060000.0,0.067231290521,META PLATFORMS INC,45231000,0.44350113859963297
14,03522AAH3,coupon_maturity_name,0.6666666666666666,1,1,ANHEUSER-BUSCH CO/INBEV,US03522AAH32,36199000.0,0.118264900478,ANHEUSER-BUSCH COMPANIES LLC,45138000,0.8019628694226594
15,,no_coupon_maturity_candidates,,0,0,,,,,SPACE EXPLORATION TECHNOLOGIES COR 144A,44200000,
16,06051GMA4,coupon_maturity_name,1.0,1,1,BANK OF AMERICA CORP,US06051GMA49,39622000.0,0.135937324197,BANK OF AMERICA CORP MTN,41367000,0.957816617110257
17,00206RLJ9,coupon_maturity_name,1.0,1,1,AT&T INC,US00206RLJ94,59231000.0,0.129778434321,AT&T INC,67814000,0.8734332143805114
18,95000U2M4,coupon_maturity_name,1.0,1,1,WELLS FARGO & COMPANY,US95000U2M49,40580000.0,0.122204135777,WELLS FARGO & COMPANY MTN,47384000,0.856407226067871
19,95000U3B7,coupon_maturity_name,1.0,2,1,WELLS FARGO & COMPANY,US95000U3B74,31214000.0,0.10435557149,WELLS FARGO & COMPANY MTN,41234000,0.7569966532473201
20,023135DH6,coupon_maturity_name,1.0,1,1,AMAZON.COM INC,US023135DH65,40540000.0,0.136082397885,AMAZON.COM INC,43019000,0.9423742997280271
21,06051GLH0,coupon_maturity_name,1.0,1,1,BANK OF AMERICA CORP,US06051GLH01,35442000.0,0.120834465623,BANK OF AMERICA CORP MTN,39821000,0.8900328972150373
22,,no_coupon_maturity_candidates,,0,0,,,,,NVIDIA CORPORATION,41186000,
23,68389XDZ5,coupon_maturity_name,1.0,1,1,ORACLE CORP,US68389XDZ50,35432000.0,0.116822368089,ORACLE CORPORATION,41827000,0.8471083271570995
24,06051GJA8,coupon_maturity_name,1.0,1,1,BANK OF AMERICA CORP,US06051GJA85,44614000.0,0.118107921662,BANK OF AMERICA CORP MTN,50840000,0.877537372147915
25,00287YBX6,coupon_maturity_name,1.0,1,1,ABBVIE INC,US00287YBX67,40190000.0,0.129483704186,ABBVIE INC,41125000,0.9772644376899696
26,03523TBV9,coupon_maturity_name,1.0,1,1,ANHEUSER-BUSCH INBEV WOR,US03523TBV98,30209000.0,0.09982970303,ANHEUSER-BUSCH INBEV WORLDWIDE INC,39922000,0.7567005661039026
27,00206RKJ0,coupon_maturity_name,1.0,1,1,AT&T INC,US00206RKJ04,58435000.0,0.129621098218,AT&T INC,61689000,0.9472515359302307
28,023135DD5,coupon_maturity_name,1.0,1,1,AMAZON.COM INC,US023135DD51,37788000.0,0.125335514785,AMAZON.COM INC,39366000,0.9599146471574456
29,68389XEB7,coupon_maturity_name,1.0,1,1,ORACLE CORP,US68389XEB73,39847000.0,0.128622962148,ORACLE CORPORATION,43322000,0.9197867134481326
30,06051GKY4,coupon_maturity_name,1.0,1,1,BANK OF AMERICA CORP,US06051GKY43,34953000.0,0.117898662888,BANK OF AMERICA CORP MTN,39178000,0.8921588646689469
31,,no_coupon_maturity_candidates,,0,0,,,,,NVIDIA CORPORATION,38988000,
32,79466LAU8,coupon_maturity_name,1.0,1,1,SALESFORCE INC,US79466LAU89,31571000.0,0.106646398931,SALESFORCE INC,38633000,0.8172029094297621
33,126650CY4,coupon_maturity_name,1.0,1,1,CVS HEALTH CORP,US126650CY46,37752000.0,0.118247089004,CVS HEALTH CORP,41148000,0.9174686497521143
34,06051GKA6,coupon_maturity_name,1.0,1,1,BANK OF AMERICA CORP,US06051GKA66,30341000.0,0.090155407209,BANK OF AMERICA CORP,42946000,0.7064918735155777
35,61748UAX0,coupon_maturity_name,1.0,1,1,MORGAN STANLEY,US61748UAX00,30595000.0,0.102334640751,MORGAN STANLEY MTN,37795000,0.8094986109273713
36,00287YCB3,coupon_maturity_name,1.0,1,1,ABBVIE INC,US00287YCB39,41332000.0,0.113411227361,ABBVIE INC,46644000,0.8861161135408627
37,031162DR8,coupon_maturity_name,1.0,1,1,AMGEN INC,US031162DR88,31833000.0,0.109129210393,AMGEN INC,35637000,0.8932570081656706
38,06051GJT7,coupon_maturity_name,1.0,1,1,BANK OF AMERICA CORP,US06051GJT76,35392000.0,0.107805073565,BANK OF AMERICA CORP MTN,40405000,0.8759311966340799
39,46647PCU8,coupon_maturity_name,1.0,1,1,JPMORGAN CHASE & CO,US46647PCU84,31740000.0,0.096653659722,JPMORGAN CHASE & CO,39686000,0.799778259335786
40,46647PDR4,coupon_maturity_name,1.0,2,1,JPMORGAN CHASE & CO,US46647PDR47,33190000.0,0.113641491307,JPMORGAN CHASE & CO,35524000,0.9342979394212364
41,95000U3F8,coupon_maturity_name,1.0,1,1,WELLS FARGO & COMPANY,US95000U3F88,31693000.0,0.109383586381,WELLS FARGO & COMPANY MTN,34513000,0.9182916582157448
42,,no_coupon_maturity_candidates,,0,0,,,,,GOLDMAN SACHS GROUP INC/THE MTN,35793000,
43,30303MAJ1,coupon_maturity_name,1.0,1,1,META PLATFORMS INC,US30303MAJ18,20981000.0,0.07117856132,META PLATFORMS INC,36378000,0.5767496838748695
44,,no_coupon_maturity_candidates,,0,0,,,,,GOLDMAN SACHS GROUP INC/THE MTN,35368000,
45,38145GAS9,coupon_maturity_name,1.0,1,1,GOLDMAN SACHS GROUP INC,US38145GAS93,31609000.0,0.103744300043,GOLDMAN SACHS GROUP INC/THE,36775000,0.8595241332426921
46,30303M8Y1,coupon_maturity_name,1.0,1,1,META PLATFORMS INC,US30303M8Y18,32349000.0,0.099159683107,META PLATFORMS INC,40631000,0.7961654894046418
47,02079KBM8,coupon_maturity_name,1.0,2,1,ALPHABET INC,US02079KBM80,33051000.0,0.109696774875,ALPHABET INC,35445000,0.93245873889124
48,92343VGN8,coupon_maturity_name,1.0,1,1,VERIZON COMMUNICATIONS,US92343VGN82,30744000.0,0.090620885826,VERIZON COMMUNICATIONS INC,39648000,0.7754237288135594
49,172967MP3,coupon_maturity_name,1.0,1,1,CITIGROUP INC,US172967MP39,26032000.0,0.086427982131,CITIGROUP INC,34782000,0.7484330975792076
50,61748UAT9,coupon_maturity_name,1.0,1,1,MORGAN STANLEY,US61748UAT97,30252000.0,0.099486016508,MORGAN STANLEY MTN,34798000,0.8693603080636818
51,30303M8X3,coupon_maturity_name,1.0,1,1,META PLATFORMS INC,US30303M8X35,32957000.0,0.103724479082,META PLATFORMS INC,38062000,0.8658767274446955
52,060505GR9,coupon_maturity_name,1.0,1,1,BANK OF AMERICA CORP,US060505GR98,39290000.0,0.129959705182,BANK OF AMERICA CORP MTN,34476000,1.1396333681401554
53,002824BW9,coupon_maturity_name,1.0,1,1,ABBOTT LABORATORIES,US002824BW92,32794000.0,0.107318345206,ABBOTT LABORATORIES,35279000,0.9295614955072423
54,00206RLV2,coupon_maturity_name,1.0,1,1,AT&T INC,US00206RLV23,48644000.0,0.106112250378,AT&T INC,54458000,0.8932388262514231
55,46647PFM3,coupon_maturity_name,1.0,1,1,JPMORGAN CHASE & CO,US46647PFM32,32444000.0,0.108009800214,JPMORGAN CHASE & CO MTN,34253000,0.9471871076985957
56,716973AH5,coupon_maturity_name,1.0,1,1,PFIZER INVESTMENT ENTER,US716973AH54,32241000.0,0.099844247776,PFIZER INVESTMENT ENTERPRISES PTE,37729000,0.854541599300273
57,031162DT4,coupon_maturity_name,1.0,1,1,AMGEN INC,US031162DT45,30682000.0,0.100160146298,AMGEN INC,35077000,0.8747042221398638
58,95000U2U6,coupon_maturity_name,1.0,1,1,WELLS FARGO & COMPANY,US95000U2U64,29363000.0,0.090751631773,WELLS FARGO & COMPANY MTN,36057000,0.8143495021771084
59,79466LAS3,coupon_maturity_name,1.0,1,1,SALESFORCE INC,US79466LAS34,25752000.0,0.08650863526,SALESFORCE INC,33070000,0.7787118234048988
60,02079KBP1,coupon_maturity_name,1.0,1,1,ALPHABET INC,US02079KBP12,27894000.0,0.092888805146,ALPHABET INC,34116000,0.8176222300386915
61,68389XDM4,coupon_maturity_name,1.0,1,1,ORACLE CORP,US68389XDM48,30340000.0,0.096875729687,ORACLE CORPORATION,35886000,0.8454550521094577
62,,no_coupon_maturity_candidates,,0,0,,,,,NVIDIA CORPORATION,34617000,
63,002824BU3,coupon_maturity_name,1.0,1,1,ABBOTT LABORATORIES,US002824BU37,28867000.0,0.094167546881,ABBOTT LABORATORIES,33695000,0.8567146460899243
64,023135DE3,coupon_maturity_name,1.0,1,1,AMAZON.COM INC,US023135DE35,32078000.0,0.106541130582,AMAZON.COM INC,32904000,0.974896669097982
65,61747YGB5,coupon_maturity_name,1.0,1,1,MORGAN STANLEY,US61747YGB56,29523000.0,0.098119575173,MORGAN STANLEY MTN,32394000,0.9113724763845157
66,95000U4E0,coupon_maturity_name,1.0,1,1,WELLS FARGO & COMPANY,US95000U4E05,34837000.0,0.114162392779,WELLS FARGO & COMPANY (FXD-FRN) MTN,32742000,1.0639850955958707
67,38141GZM9,coupon_maturity_name,1.0,1,1,GOLDMAN SACHS GROUP INC,US38141GZM94,28490000.0,0.086650994521,GOLDMAN SACHS GROUP INC/THE,35247000,0.8082957414815445
68,02079KBA4,coupon_maturity_name,1.0,1,1,ALPHABET INC,US02079KBA43,30034000.0,0.097212644293,ALPHABET INC,34804000,0.8629467877255488
69,46647PFP6,coupon_maturity_name,1.0,1,1,JPMORGAN CHASE & CO,US46647PFP62,28541000.0,0.095182129069,JPMORGAN CHASE & CO MTN,32394000,0.8810582206581465
70,95000U3H4,coupon_maturity_name,1.0,1,1,WELLS FARGO & COMPANY,US95000U3H45,21152000.0,0.076915827987,WELLS FARGO & COMPANY,29489000,0.7172844111363559
71,79466LAW4,coupon_maturity_name,1.0,1,1,SALESFORCE INC,US79466LAW46,27262000.0,0.093170355219,SALESFORCE INC,32352000,0.8426681503461919
72,097023CY9,coupon_maturity_name,1.0,1,1,BOEING CO,US097023CY98,26113000.0,0.089072211293,BOEING CO,31198000,0.8370087826142701
73,46647PDH6,coupon_maturity_name,1.0,2,1,JPMORGAN CHASE & CO,US46647PDH64,29869000.0,0.100549873622,JPMORGAN CHASE & CO,31337000,0.9531544181000096
74,,no_coupon_maturity_candidates,,0,0,,,,,GOLDMAN SACHS GROUP INC/THE MTN,31545000,
75,594918CE2,coupon_maturity_name,1.0,1,1,MICROSOFT CORP,US594918CE21,46290000.0,0.100151913066,MICROSOFT CORPORATION,51428000,0.9000933343703819
76,00206RMN9,coupon_maturity_name,1.0,1,1,AT&T INC,US00206RMN97,46915000.0,0.106940215684,AT&T INC,48890000,0.9596031908365719
77,68389XDX0,coupon_maturity_name,1.0,1,1,ORACLE CORP,US68389XDX03,25765000.0,0.085009012471,ORACLE CORPORATION,31830000,0.8094564875903236
78,46625HHF0,coupon_maturity_name,1.0,1,1,JPMORGAN CHASE & CO,US46625HHF01,23521000.0,0.087208792229,JPMORGAN CHASE & CO,28640000,0.821263966480447
79,25156PAC7,coupon_maturity_name,1.0,1,1,DEUTSCHE TELEKOM INT FIN,US25156PAC77,18986000.0,0.072137027968,DEUTSCHE TELEKOM INTERNATIONAL FIN,27672000,0.686108701936976
80,,no_coupon_maturity_candidates,,0,0,,,,,AMAZON.COM INC,31366000,
81,,no_coupon_maturity_candidates,,0,0,,,,,AMAZON.COM INC,31640000,
82,30303MAC6,coupon_maturity_name,1.0,2,1,META PLATFORMS INC,US30303MAC64,28750000.0,0.095240932946,META PLATFORMS INC,31647000,0.9084589376560179
83,06051GLU1,coupon_maturity_name,1.0,1,1,BANK OF AMERICA CORP,US06051GLU12,27814000.0,0.097817998482,BANK OF AMERICA CORP MTN,29324000,0.9485063429272951
84,95000U3W1,coupon_maturity_name,1.0,1,1,WELLS FARGO & COMPANY,US95000U3W12,25250000.0,0.085981788359,WELLS FARGO & COMPANY MTN,30117000,0.8383969186837998
85,30303MAL6,coupon_maturity_name,1.0,1,1,META PLATFORMS INC,US30303MAL63,21195000.0,0.071501694039,META PLATFORMS INC,32050000,0.6613104524180967
86,46647PEX0,coupon_maturity_name,1.0,1,1,JPMORGAN CHASE & CO,US46647PEX06,25967000.0,0.08967426276,JPMORGAN CHASE & CO,29672000,0.8751348072256673
87,594918CC6,coupon_maturity_name,1.0,1,1,MICROSOFT CORP,US594918CC64,45794000.0,0.09251531966,MICROSOFT CORPORATION,53079000,0.8627517473953917
88,43849RAJ4,coupon_maturity_name,1.0,1,1,HONEYWELL AEROSPACE INC,US43849RAJ41,25338000.0,0.084991020356,HONEYWELL AEROSPACE INC 144A,30725000,0.8246704637917006
89,43849RAG0,coupon_maturity_name,1.0,1,1,HONEYWELL AEROSPACE INC,US43849RAG02,26259000.0,0.087154789996,HONEYWELL AEROSPACE INC 144A,30460000,0.8620814182534472
90,06051GJE0,coupon_maturity_name,1.0,1,1,BANK OF AMERICA CORP,US06051GJE08,36594000.0,0.088981215116,BANK OF AMERICA CORP MTN,42114000,0.8689271976064966
91,06051GMM8,coupon_maturity_name,1.0,2,1,BANK OF AMERICA CORP,US06051GMM86,25983000.0,0.089210401659,BANK OF AMERICA CORP MTN,28936000,0.8979471938070224
92,38145GAR1,coupon_maturity_name,1.0,1,1,GOLDMAN SACHS GROUP INC,US38145GAR11,28519000.0,0.094226715232,GOLDMAN SACHS GROUP INC (FXD-FRN),30781000,0.9265131087359085
93,38141GF33,coupon_maturity_name,1.0,1,1,GOLDMAN SACHS GROUP INC,US38141GF335,22075000.0,0.074335127121,GOLDMAN SACHS GROUP INC/THE MTN,29686000,0.7436165195715152
94,,name_below_threshold,0.0,1,0,,,,,NVIDIA CORPORATION,29938000,
95,097023CX1,coupon_maturity_name,1.0,1,1,BOEING CO,US097023CX16,24372000.0,0.080852268712,BOEING CO,30633000,0.7956125746743707
96,046353AD0,coupon_maturity_name,1.0,1,1,ASTRAZENECA PLC,US046353AD01,20719000.0,0.077579242568,ASTRAZENECA PLC,26456000,0.7831493801028122
97,30303MAB8,coupon_maturity_name,1.0,2,1,META PLATFORMS INC,US30303MAB81,23738000.0,0.07863698177,META PLATFORMS INC,29899000,0.7939395966420282
98,46647PEH5,coupon_maturity_name,1.0,1,1,JPMORGAN CHASE & CO,US46647PEH55,21559000.0,0.075330273939,JPMORGAN CHASE & CO,28197000,0.7645848849168351
99,61747YFT7,coupon_maturity_name,1.0,1,1,MORGAN STANLEY,US61747YFT73,23714000.0,0.080375995008,MORGAN STANLEY MTN,29597000,0.8012298543771328
100,,no_coupon_maturity_candidates,,0,0,,,,,NVIDIA CORPORATION,30710000,
101,00287YCA5,coupon_maturity_name,1.0,1,1,ABBVIE INC,US00287YCA55,30854000.0,0.09120500481,ABBVIE INC,33691000,0.9157935353655279
102,02079KAY3,coupon_maturity_name,1.0,1,1,ALPHABET INC,US02079KAY38,27756000.0,0.091543987663,ALPHABET INC,30015000,0.9247376311844078
103,023135CV6,coupon_maturity_name,1.0,1,1,AMAZON.COM INC,US023135CV68,25298000.0,0.082942046134,AMAZON.COM INC,30193000,0.837876328950419
104,95000U3D3,coupon_maturity_name,1.0,1,1,WELLS FARGO & COMPANY,US95000U3D31,26879000.0,0.091909187537,WELLS FARGO & COMPANY MTN,28427000,0.9455447286030886
105,06051GKQ1,coupon_maturity_name,1.0,1,1,BANK OF AMERICA CORP,US06051GKQ19,27379000.0,0.090288728173,BANK OF AMERICA CORP MTN,29487000,0.9285108691965951
106,00206RMM1,coupon_maturity_name,1.0,1,1,AT&T INC,US00206RMM15,29467000.0,0.083851010408,AT&T INC,34613000,0.8513275358969173
107,,no_coupon_maturity_candidates,,0,0,,,,,AMAZON.COM INC,28926000,
108,06051GNA3,coupon_maturity_name,1.0,1,1,BANK OF AMERICA CORP,US06051GNA30,31570000.0,0.105327929048,BANK OF AMERICA CORP (FXD-FRN) MTN,28978000,1.0894471668162053
109,38141GB78,coupon_maturity_name,1.0,1,1,GOLDMAN SACHS GROUP INC,US38141GB789,24219000.0,0.080116912028,GOLDMAN SACHS GROUP INC/THE,29316000,0.8261358984854686
110,717081CY7,coupon_maturity_name,1.0,1,1,PFIZER INC,US717081CY74,17473000.0,0.068587304901,PFIZER INC,24084000,0.7255024082378343
111,61747YFE0,coupon_maturity_name,1.0,1,1,MORGAN STANLEY,US61747YFE05,25567000.0,0.086813004611,MORGAN STANLEY MTN,27830000,0.9186848724398131
112,95000U2Q5,coupon_maturity_name,1.0,1,1,WELLS FARGO & COMPANY,US95000U2Q52,26933000.0,0.068720433942,WELLS FARGO & COMPANY MTN,37290000,0.7222579780101904
113,30303MAF9,coupon_maturity_name,1.0,1,1,META PLATFORMS INC,US30303MAF95,32799000.0,0.10975202048,META PLATFORMS INC,28091000,1.1675981631127408
114,00774MAX3,coupon_maturity_name,0.6,1,1,AERCAP IRELAND CAP/GLOBA,US00774MAX39,29522000.0,0.090727780285,AERCAP IRELAND CAPITAL DAC,30084000,0.9813189735407526
115,06051GHZ5,coupon_maturity_name,1.0,1,1,BANK OF AMERICA CORP,US06051GHZ54,20447000.0,0.063520364644,BANK OF AMERICA CORP MTN,29793000,0.6863021515121002
116,46647PEK8,coupon_maturity_name,1.0,1,1,JPMORGAN CHASE & CO,US46647PEK84,22723000.0,0.077062833668,JPMORGAN CHASE & CO,27687000,0.8207100805432153
117,38141GYJ7,coupon_maturity_name,1.0,1,1,GOLDMAN SACHS GROUP INC,US38141GYJ74,34612000.0,0.102784661877,GOLDMAN SACHS GROUP INC/THE,31513000,1.0983403674673944
118,46647PCR5,coupon_maturity_name,1.0,1,1,JPMORGAN CHASE & CO,US46647PCR55,21011000.0,0.062909577808,JPMORGAN CHASE & CO,31115000,0.6752691627832236
119,61747YFJ9,coupon_maturity_name,1.0,1,1,MORGAN STANLEY,US61747YFJ91,15991000.0,0.058625623206,MORGAN STANLEY MTN,25315000,0.6316808216472447
120,,no_coupon_maturity_candidates,,0,0,,,,,JPMORGAN CHASE & CO MTN,27583000,
121,404280DW6,coupon_maturity_name,1.0,1,1,HSBC HOLDINGS PLC,US404280DW61,19520000.0,0.070138147168,HSBC HOLDINGS PLC,25829000,0.755739672461187
122,92343VHJ6,coupon_maturity_name,1.0,1,1,VERIZON COMMUNICATIONS,US92343VHJ61,22877000.0,0.075523148679,VERIZON COMMUNICATIONS INC,28981000,0.7893792484731376
123,61748UAN2,coupon_maturity_name,1.0,1,1,MORGAN STANLEY,US61748UAN28,24744000.0,0.080609489351,MORGAN STANLEY MTN,28278000,0.8750265223848929
124,,no_coupon_maturity_candidates,,0,0,,,,,CITIBANK NA (FXD-FRN),27298000,
125,61747YED3,coupon_maturity_name,1.0,1,1,MORGAN STANLEY,US61747YED31,27801000.0,0.082089257569,MORGAN STANLEY MTN,31207000,0.8908578203608165
126,46647PCC8,coupon_maturity_name,1.0,1,1,JPMORGAN CHASE & CO,US46647PCC86,25699000.0,0.077915609675,JPMORGAN CHASE & CO,30061000,0.8548950467382987
127,61748UAS1,coupon_maturity_name,1.0,1,1,MORGAN STANLEY,US61748UAS15,22709000.0,0.074985462638,MORGAN STANLEY (FXD-FRN) MTN,27699000,0.8198490920249829
128,06051GKK4,coupon_maturity_name,1.0,1,1,BANK OF AMERICA CORP,US06051GKK49,27275000.0,0.082775326534,BANK OF AMERICA CORP MTN,29703000,0.9182574150759183
129,61776NZW6,coupon_maturity_name,0.5,1,1,MORGAN STANLEY PVT BANK,US61776NZW63,16276000.0,0.053800854911,MORGAN STANLEY PRIVATE BANK NA,27317000,0.5958194530878208
130,92343VGJ7,coupon_maturity_name,1.0,1,1,VERIZON COMMUNICATIONS,US92343VGJ70,28431000.0,0.087005970444,VERIZON COMMUNICATIONS INC,29561000,0.9617739589323772
131,68389XDY8,coupon_maturity_name,1.0,1,1,ORACLE CORP,US68389XDY85,23672000.0,0.078266380944,ORACLE CORPORATION,27768000,0.8524920772111784
132,68389XBV6,coupon_maturity_name,1.0,1,1,ORACLE CORP,US68389XBV64,16870000.0,0.052297713704,ORACLE CORPORATION,29306000,0.5756500375349758
133,,no_coupon_maturity_candidates,,0,0,,,,,SPACE EXPLORATION TECHNOLOGIES COR 144A,29875000,
134,161175BA1,coupon_maturity_size,0.3333333333333333,1,0,CHARTER COMM OPT LLC/CAP,US161175BA14,25196000.0,0.078072745025,CHARTER COMMUNICATIONS OPERATING L,29598000,0.8512737347118049
135,38141GD43,coupon_maturity_name,1.0,1,1,GOLDMAN SACHS GROUP INC,US38141GD439,26168000.0,0.085235778079,GOLDMAN SACHS GROUP INC/THE,27558000,0.9495609260468829
136,46647PEC6,coupon_maturity_name,1.0,1,1,JPMORGAN CHASE & CO,US46647PEC68,24752000.0,0.084348254095,JPMORGAN CHASE & CO,25827000,0.9583768923994269
137,61747YFR1,coupon_maturity_name,1.0,1,1,MORGAN STANLEY,US61747YFR18,21402000.0,0.074818061736,MORGAN STANLEY MTN,25509000,0.8389980007056334
138,172967QF1,coupon_maturity_name,1.0,1,1,CITIGROUP INC,US172967QF11,18850000.0,0.062558058722,CITIGROUP INC (FXD-FRN),26417000,0.7135556649127456
139,6174468L6,coupon_maturity_name,1.0,1,1,MORGAN STANLEY,US6174468L62,24570000.0,0.076805299809,MORGAN STANLEY MTN,28393000,0.8653541365829606
140,61748UAW2,coupon_maturity_name,1.0,1,1,MORGAN STANLEY,US61748UAW27,24163000.0,0.080686513497,MORGAN STANLEY MTN,26366000,0.9164454221345673
141,38141GC44,coupon_maturity_name,1.0,1,1,GOLDMAN SACHS GROUP INC,US38141GC449,19369000.0,0.066130785436,GOLDMAN SACHS GROUP INC/THE,25593000,0.7568085023248544
142,38141GGM0,coupon_maturity_name,1.0,1,1,GOLDMAN SACHS GROUP INC,US38141GGM06,20861000.0,0.074432986842,GOLDMAN SACHS GROUP INC/THE,24596000,0.8481460400065052
143,95000U3P6,coupon_maturity_name,1.0,1,1,WELLS FARGO & COMPANY,US95000U3P60,15151000.0,0.051711655576,WELLS FARGO & COMPANY MTN,25280000,0.5993275316455696
144,46647PEW2,coupon_maturity_name,1.0,2,1,JPMORGAN CHASE & CO,US46647PEW23,24172000.0,0.082979372888,JPMORGAN CHASE & CO,25244000,0.9575344636349231
145,92343VGB4,coupon_maturity_name,1.0,1,1,VERIZON COMMUNICATIONS,US92343VGB45,36675000.0,0.086664514277,VERIZON COMMUNICATIONS INC,38502000,0.9525479195885928
146,79466LAT1,coupon_maturity_name,1.0,1,1,SALESFORCE INC,US79466LAT17,19891000.0,0.067151175287,SALESFORCE INC,25907000,0.7677847685953604
147,68389XDK8,coupon_maturity_name,1.0,1,1,ORACLE CORP,US68389XDK81,21230000.0,0.068496561153,ORACLE CORPORATION,27732000,0.7655416125775277
148,060505GQ1,coupon_maturity_name,1.0,1,1,BANK OF AMERICA CORP,US060505GQ16,17548000.0,0.058027670392,BANK OF AMERICA CORP (FXD-FRN) MTN,26001000,0.6748971193415638
149,20030NDU2,coupon_maturity_name,1.0,1,1,COMCAST CORP,US20030NDU28,45750000.0,0.086001535553,COMCAST CORPORATION,49778000,0.91908071838965
150,46647PDY9,coupon_maturity_name,1.0,1,1,JPMORGAN CHASE & CO,US46647PDY97,20650000.0,0.074326156145,JPMORGAN CHASE & CO,24095000,0.8570242788960365
151,38141GF25,coupon_maturity_name,1.0,1,1,GOLDMAN SACHS GROUP INC,US38141GF251,26136000.0,0.087486309728,GOLDMAN SACHS GROUP INC/THE,25844000,1.0112985605943352
152,172967PA3,coupon_maturity_name,1.0,1,1,CITIGROUP INC,US172967PA33,17115000.0,0.061450349727,CITIGROUP INC,24056000,0.7114649151978716
153,61747YEY7,coupon_maturity_name,1.0,1,1,MORGAN STANLEY,US61747YEY77,19815000.0,0.07119965453,MORGAN STANLEY (FXD-FRN) MTN,23844000,0.8310266733769501
154,95000U3K7,coupon_maturity_name,1.0,1,1,WELLS FARGO & COMPANY,US95000U3K73,20103000.0,0.068923694942,WELLS FARGO & COMPANY MTN,24701000,0.8138536901340027
155,61748UAF9,coupon_maturity_name,1.0,1,1,MORGAN STANLEY,US61748UAF93,23749000.0,0.08162575614,MORGAN STANLEY MTN,25418000,0.9343378708002203
156,61776NVG5,coupon_maturity_name,0.5,1,1,MORGAN STANLEY PVT BANK,US61776NVG59,21765000.0,0.072839299285,MORGAN STANLEY PRIVATE BANK NA,25818000,0.843016500116198
157,46647PFJ0,coupon_maturity_name,1.0,1,1,JPMORGAN CHASE & CO,US46647PFJ03,25065000.0,0.081904504151,JPMORGAN CHASE & CO,26596000,0.9424349526244548
158,172967NN7,coupon_maturity_name,1.0,1,1,CITIGROUP INC,US172967NN71,20605000.0,0.065155114445,CITIGROUP INC (FX-FRN),26877000,0.7666406220932396
159,037833BX7,coupon_maturity_name,1.0,1,1,APPLE INC,US037833BX70,24639000.0,0.07473257859,APPLE INC,28430000,0.8666549419627154
160,46647PAL0,coupon_maturity_name,1.0,1,1,JPMORGAN CHASE & CO,US46647PAL04,31274000.0,0.083225302365,JPMORGAN CHASE & CO,32718000,0.9558652729384437
161,61747YFU4,coupon_maturity_name,1.0,2,1,MORGAN STANLEY,US61747YFU47,19336000.0,0.064694790765,MORGAN STANLEY MTN,25133000,0.769347073568615
162,172967MS7,coupon_maturity_name,1.0,1,1,CITIGROUP INC,US172967MS77,25172000.0,0.077744331524,CITIGROUP INC,27390000,0.9190215407082877
163,110122CR7,coupon_maturity_name,1.0,1,1,BRISTOL-MYERS SQUIBB CO,US110122CR72,29227000.0,0.079533613117,BRISTOL-MYERS SQUIBB CO,31696000,0.9221037354871278
164,68389XCE3,coupon_maturity_name,1.0,1,1,ORACLE CORP,US68389XCE31,15092000.0,0.045372245174,ORACLE CORPORATION,28362000,0.5321204428460616
165,126650CN8,coupon_maturity_name,1.0,1,1,CVS HEALTH CORP,US126650CN80,23985000.0,0.072316547209,CVS HEALTH CORP,28548000,0.8401639344262295
166,38141GYB4,coupon_maturity_name,1.0,1,1,GOLDMAN SACHS GROUP INC,US38141GYB49,24322000.0,0.073521125855,GOLDMAN SACHS GROUP INC/THE,27867000,0.8727886030071411
167,61747YGA7,coupon_maturity_name,1.0,1,1,MORGAN STANLEY,US61747YGA73,21104000.0,0.072971168702,MORGAN STANLEY MTN,24381000,0.865592059390509
168,00206RMT6,coupon_maturity_name,1.0,1,1,AT&T INC,US00206RMT67,18099000.0,0.062114795241,AT&T INC,24388000,0.7421272757093652
169,,no_coupon_maturity_candidates,,0,0,,,,,ORANGE SA,20934000,
170,38141GB86,coupon_maturity_name,1.0,1,1,GOLDMAN SACHS GROUP INC,US38141GB862,23742000.0,0.077375320413,GOLDMAN SACHS GROUP INC/THE,26246000,0.9045949859026138
171,437076AS1,coupon_maturity_name,1.0,1,1,HOME DEPOT INC,US437076AS19,22456000.0,0.08009104642,HOME DEPOT INC,23705000,0.9473106939464248
172,404280FM6,coupon_maturity_name,1.0,1,1,HSBC HOLDINGS PLC,US404280FM61,23101000.0,0.076679134606,HSBC HOLDINGS PLC,25097000,0.9204685819022194
173,00287YDW6,coupon_maturity_name,1.0,1,1,ABBVIE INC,US00287YDW66,22458000.0,0.072560187774,ABBVIE INC,26293000,0.854143688434184
174,06051GKD0,coupon_maturity_name,1.0,1,1,BANK OF AMERICA CORP,US06051GKD06,23043000.0,0.069000983939,BANK OF AMERICA CORP MTN,27934000,0.8249087133958617
175,913017BT5,coupon_maturity_size,0.0,1,0,RTX CORP,US913017BT50,26739000.0,0.080133164342,RAYTHEON TECHNOLOGIES CORPORATION,28314000,0.9443738080101717
176,30303MAG7,coupon_maturity_name,1.0,1,1,META PLATFORMS INC,US30303MAG78,28631000.0,0.095804692737,META PLATFORMS INC,25116000,1.139950629081064
177,111021AE1,coupon_maturity_name,1.0,1,1,BRITISH TELECOMMUNICATIO,US111021AE12,15366000.0,0.061374891691,BRITISH TELECOMMUNICATIONS PLC,20943000,0.7337057728119181
178,023135DJ2,coupon_maturity_name,1.0,1,1,AMAZON.COM INC,US023135DJ22,23856000.0,0.080536799667,AMAZON.COM INC,25842000,0.9231483631297888
179,377372AE7,coupon_maturity_name,1.0,1,1,GLAXOSMITHKLINE CAP INC,US377372AE71,18120000.0,0.067190171063,GLAXOSMITHKLINE CAPITAL INC,22630000,0.8007070260715864
180,46647PBJ4,coupon_maturity_name,1.0,1,1,JPMORGAN CHASE & CO,US46647PBJ49,21465000.0,0.071703282962,JPMORGAN CHASE & CO,24671000,0.8700498561063597
181,031162CF5,coupon_maturity_name,1.0,1,1,AMGEN INC,US031162CF59,27443000.0,0.07808733379,AMGEN INC,29903000,0.9177340066214092
182,38141GD35,coupon_maturity_name,1.0,1,1,GOLDMAN SACHS GROUP INC,US38141GD355,19130000.0,0.062902388234,GOLDMAN SACHS GROUP INC (FXD-FRN),25038000,0.7640386612349229
183,097023CV5,coupon_maturity_name,1.0,1,1,BOEING CO,US097023CV59,21401000.0,0.073211232326,BOEING CO,24343000,0.8791439017376659
184,02079KBK2,coupon_maturity_name,1.0,1,1,ALPHABET INC,US02079KBK25,15482000.0,0.051253721873,ALPHABET INC,24633000,0.6285064750537896
185,38141GC93,coupon_maturity_name,1.0,1,1,GOLDMAN SACHS GROUP INC,US38141GC936,18355000.0,0.062529634582,GOLDMAN SACHS GROUP INC/THE,24073000,0.762472479541395
186,30303M8V7,coupon_maturity_name,1.0,2,1,META PLATFORMS INC,US30303M8V78,23025000.0,0.069043396697,META PLATFORMS INC,28380000,0.8113107822410148
187,46647PER3,coupon_maturity_name,1.0,1,1,JPMORGAN CHASE & CO,US46647PER38,17467000.0,0.057897883391,JPMORGAN CHASE & CO,24746000,0.7058514507395135
188,46647PFE1,coupon_maturity_name,1.0,1,1,JPMORGAN CHASE & CO,US46647PFE16,26055000.0,0.084884890367,JPMORGAN CHASE & CO,25137000,1.0365198711063373
189,92343VGK4,coupon_maturity_name,1.0,1,1,VERIZON COMMUNICATIONS,US92343VGK44,28279000.0,0.073998205396,VERIZON COMMUNICATIONS INC,31903000,0.8864056671786352
190,10373QBU3,coupon_maturity_name,1.0,1,1,BP CAP MARKETS AMERICA,US10373QBU31,16071000.0,0.053924803424,BP CAPITAL MARKETS AMERICA INC,24118000,0.6663487851397296
191,95000U3V3,coupon_maturity_name,1.0,1,1,WELLS FARGO & COMPANY,US95000U3V39,22695000.0,0.077781307068,WELLS FARGO & COMPANY MTN,23653000,0.9594977381304697
192,61748UAM4,coupon_maturity_name,1.0,1,1,MORGAN STANLEY,US61748UAM45,26575000.0,0.087547127929,MORGAN STANLEY (FXD-FRN) MTN,24621000,1.0793631452824823
193,38141GC51,coupon_maturity_name,1.0,1,1,GOLDMAN SACHS GROUP INC,US38141GC514,23090000.0,0.076426551236,GOLDMAN SACHS GROUP INC/THE,24842000,0.929474277433379
194,92343VEU4,coupon_maturity_name,1.0,1,1,VERIZON COMMUNICATIONS,US92343VEU44,14703000.0,0.048646738814,VERIZON COMMUNICATIONS INC,24491000,0.6003429831366625
195,172967QH7,coupon_maturity_name,1.0,1,1,CITIGROUP INC,US172967QH76,22548000.0,0.075259503724,CITIGROUP INC,24127000,0.9345546483193103
196,68389XDR3,coupon_maturity_name,1.0,1,1,ORACLE CORP,US68389XDR35,24307000.0,0.071300880567,ORACLE CORPORATION,29917000,0.812481197981081
197,00287YDU0,coupon_maturity_name,1.0,1,1,ABBVIE INC,US00287YDU01,21710000.0,0.073926014356,ABBVIE INC,23622000,0.9190585047836762
198,68389XDH5,coupon_maturity_name,1.0,1,1,ORACLE CORP,US68389XDH52,23754000.0,0.07727400711,ORACLE CORPORATION,24936000,0.9525986525505293
199,95000U2G7,coupon_maturity_name,1.0,1,1,WELLS FARGO & COMPANY,US95000U2G70,20752000.0,0.065757202141,WELLS FARGO & COMPANY MTN,25353000,0.8185224628249123
200,693475BU8,coupon_maturity_name,1.0,1,1,PNC FINANCIAL SERVICES,US693475BU84,16333000.0,0.060696229709,PNC FINANCIAL SERVICES GROUP INC (,21616000,0.7555977054034049
201,95000U2Z5,coupon_maturity_name,0.6666666666666666,1,1,WELLS FARGO & COMPANY,US95000U2Z51,26790000.0,0.075672850219,WELLS FARGO & COMPANY FX-FRN MTN,28908000,0.9267330842673308
202,023135DK9,coupon_maturity_name,1.0,1,1,AMAZON.COM INC,US023135DK94,21399000.0,0.072403445269,AMAZON.COM INC,24752000,0.8645361990950227
203,172967MY4,coupon_maturity_name,1.0,1,1,CITIGROUP INC,US172967MY46,21592000.0,0.065216240408,CITIGROUP INC,26406000,0.8176929485722941
204,38141GF41,coupon_maturity_name,1.0,1,1,GOLDMAN SACHS GROUP INC,US38141GF418,13985000.0,0.047245084568,GOLDMAN SACHS GROUP INC/THE MTN,23897000,0.5852199020797589
205,06051GJW0,coupon_maturity_name,1.0,1,1,BANK OF AMERICA CORP,US06051GJW06,26042000.0,0.067609471583,BANK OF AMERICA CORP,30746000,0.8470044883887335
206,46647PBE5,coupon_maturity_name,1.0,1,1,JPMORGAN CHASE & CO,US46647PBE51,25360000.0,0.080080998376,JPMORGAN CHASE & CO,24972000,1.0155374018901169
207,30303M8U9,coupon_maturity_name,1.0,1,1,META PLATFORMS INC,US30303M8U95,23017000.0,0.076036820185,META PLATFORMS INC,23895000,0.9632559112785102
208,91324PFL1,coupon_maturity_name,1.0,1,1,UNITEDHEALTH GROUP INC,US91324PFL13,20787000.0,0.067657203769,UNITEDHEALTH GROUP INC,24803000,0.8380841027295085
209,6174468P7,coupon_maturity_name,1.0,1,1,MORGAN STANLEY,US6174468P76,19123000.0,0.061658044104,MORGAN STANLEY,24323000,0.7862105825761625
210,05724BAP4,coupon_maturity_name,0.6666666666666666,1,1,BAKER HUGHES LLC/CO-OBL,US05724BAP40,14743000.0,0.048685668881,BAKER HUGHES HOLDINGS LLC,24165000,0.6100972480860749
211,716973AF9,coupon_maturity_name,1.0,1,1,PFIZER INVESTMENT ENTER,US716973AF98,21175000.0,0.067471994113,PFIZER INVESTMENT ENTERPRISES PTE,25109000,0.8433231112350154
212,61747YFV2,coupon_maturity_name,1.0,1,1,MORGAN STANLEY,US61747YFV20,21546000.0,0.069986340749,MORGAN STANLEY MTN,24812000,0.8683701434789618
213,92826CAF9,coupon_maturity_name,1.0,1,1,VISA INC,US92826CAF95,24103000.0,0.069655792184,VISA INC,27754000,0.868451394393601
214,38141GYN8,coupon_maturity_name,1.0,1,1,GOLDMAN SACHS GROUP INC,US38141GYN86,22616000.0,0.067538338842,GOLDMAN SACHS GROUP INC/THE,26182000,0.8637995569475212
215,38141GB37,coupon_maturity_name,1.0,1,1,GOLDMAN SACHS GROUP INC,US38141GB375,21104000.0,0.071286984821,GOLDMAN SACHS GROUP INC/THE,22794000,0.9258576818460998
216,61747YGC3,coupon_maturity_name,1.0,1,1,MORGAN STANLEY,US61747YGC30,24818000.0,0.084543157361,MORGAN STANLEY MTN,23072000,1.0756761442441054
217,17327CAT0,coupon_maturity_name,1.0,1,1,CITIGROUP INC,US17327CAT09,20485000.0,0.068473748288,CITIGROUP INC,23030000,0.8894919669995658
218,002824BT6,coupon_maturity_name,1.0,1,1,ABBOTT LABORATORIES,US002824BT63,21117000.0,0.069013010781,ABBOTT LABORATORIES,23640000,0.8932741116751269
219,66989HBJ6,coupon_maturity_name,1.0,1,1,NOVARTIS CAPITAL CORP,US66989HBJ68,15466000.0,0.051683016915,NOVARTIS CAPITAL CORP,22861000,0.6765233366869341
220,031162DU1,coupon_maturity_name,1.0,1,1,AMGEN INC,US031162DU18,18836000.0,0.061215376539,AMGEN INC,23667000,0.7958761144209237
221,11135FCT6,coupon_maturity_name,1.0,1,1,BROADCOM INC,US11135FCT66,23762000.0,0.071783361865,BROADCOM INC,25447000,0.9337839430974182
222,38141GA95,coupon_maturity_name,1.0,1,1,GOLDMAN SACHS GROUP INC,US38141GA955,16985000.0,0.059348772876,GOLDMAN SACHS GROUP INC/THE,21759000,0.7805965347672228
223,02079KBL0,coupon_maturity_name,1.0,2,1,ALPHABET INC,US02079KBL08,23608000.0,0.077980061191,ALPHABET INC,22901000,1.0308720143225187
224,172967EW7,coupon_maturity_name,1.0,1,1,CITIGROUP INC,US172967EW71,13912000.0,0.058306168359,CITIGROUP INC,18347000,0.7582711069929688
225,023135BJ4,coupon_maturity_name,1.0,1,1,AMAZON.COM INC,US023135BJ40,24186000.0,0.065232681858,AMAZON.COM INC,29030000,0.8331381329658973
226,95000U2J1,coupon_maturity_name,1.0,1,1,WELLS FARGO & COMPANY,US95000U2J10,22754000.0,0.070845994975,WELLS FARGO & COMPANY MTN,24030000,0.9468997086974615
227,20030NDS7,coupon_maturity_name,1.0,1,1,COMCAST CORP,US20030NDS71,36908000.0,0.072222017271,COMCAST CORPORATION,41250000,0.894739393939394
228,46647PFG6,coupon_maturity_name,1.0,1,1,JPMORGAN CHASE & CO,US46647PFG63,19206000.0,0.06336561118,JPMORGAN CHASE & CO (FXD-FRN),22923000,0.8378484491558696
229,06051GJB6,coupon_maturity_name,1.0,1,1,BANK OF AMERICA CORP,US06051GJB68,20492000.0,0.063621155462,BANK OF AMERICA CORP MTN,24070000,0.8513502285002077
230,17327CAQ6,coupon_maturity_name,1.0,1,1,CITIGROUP INC,US17327CAQ69,18455000.0,0.056166790687,CITIGROUP INC,24308000,0.7592150732269212
231,458140CG3,coupon_maturity_name,1.0,1,1,INTEL CORP,US458140CG35,16324000.0,0.055513562956,INTEL CORPORATION,21619000,0.7550765530320551
232,92343VGZ1,coupon_maturity_name,1.0,1,1,VERIZON COMMUNICATIONS,US92343VGZ13,14817000.0,0.049988576313,VERIZON COMMUNICATIONS INC,22076000,0.6711813734372168
233,023135CW4,coupon_maturity_name,1.0,1,1,AMAZON.COM INC,US023135CW42,26736000.0,0.085634780112,AMAZON.COM INC,24393000,1.09605214610749
234,404280DH9,coupon_maturity_name,1.0,1,1,HSBC HOLDINGS PLC,US404280DH94,17666000.0,0.060263439417,HSBC HOLDINGS PLC,21440000,0.8239738805970149
235,00206RGQ9,coupon_maturity_name,1.0,1,1,AT&T INC,US00206RGQ92,16075000.0,0.053474283888,AT&T INC,22031000,0.7296536698288775
236,02079KBB2,coupon_maturity_name,1.0,1,1,ALPHABET INC,US02079KBB26,21073000.0,0.068985061749,ALPHABET INC,23908000,0.8814204450393174
237,031162DS6,coupon_maturity_name,1.0,1,1,AMGEN INC,US031162DS61,18600000.0,0.061937335518,AMGEN INC,22210000,0.8374606033318325
238,46647PBL9,coupon_maturity_name,1.0,1,1,JPMORGAN CHASE & CO,US46647PBL94,19975000.0,0.061890675698,JPMORGAN CHASE & CO,23633000,0.8452164346464689
239,38141GXG4,coupon_maturity_name,1.0,1,1,GOLDMAN SACHS GROUP INC,US38141GXG45,9029000.0,0.028250683361,GOLDMAN SACHS GROUP INC/THE,23296000,0.3875772664835165
240,716973AD4,coupon_maturity_name,1.0,1,1,PFIZER INVESTMENT ENTER,US716973AD41,9934000.0,0.033516827902,PFIZER INVESTMENT ENTERPRISES PTE,21714000,0.4574928617481809
241,097023DT9,coupon_maturity_name,1.0,1,1,BOEING CO/THE,US097023DT94,18001000.0,0.068203402064,BOEING CO,19774000,0.9103368059067463
242,87264ACY9,coupon_maturity_name,1.0,1,1,T-MOBILE USA INC,US87264ACY91,20311000.0,0.068687959063,T-MOBILE USA INC,22052000,0.9210502448757483
243,17325FBP2,coupon_maturity_name,1.0,1,1,CITIBANK NA,US17325FBP27,16822000.0,0.057194470204,CITIBANK NA,21486000,0.7829284185050731
244,11135FBP5,coupon_maturity_name,1.0,1,1,BROADCOM INC,US11135FBP53,24613000.0,0.070326546728,BROADCOM INC,25876000,0.9511902921626217
245,87938WAC7,coupon_maturity_name,1.0,1,1,TELEFONICA EMISIONES SAU,US87938WAC73,15799000.0,0.058759934779,TELEFONICA EMISIONES SAU,19852000,0.7958392101551481
246,30303M8H8,coupon_maturity_name,1.0,1,1,META PLATFORMS INC,US30303M8H84,22172000.0,0.070589612018,META PLATFORMS INC,22627000,0.9798912803288107
247,38145GAT7,coupon_maturity_name,1.0,1,1,GOLDMAN SACHS GROUP INC,US38145GAT76,24205000.0,0.078438894107,GOLDMAN SACHS GROUP INC/THE,23153000,1.0454368764307
248,718172DB2,coupon_maturity_name,0.5,1,1,PHILIP MORRIS INTL INC,US718172DB29,14834000.0,0.051309155406,PHILIP MORRIS INTERNATIONAL INC,20659000,0.7180405634348226
249,694308JM0,coupon_maturity_name,1.0,1,1,PACIFIC GAS & ELECTRIC,US694308JM04,22098000.0,0.073181842458,PACIFIC GAS AND ELECTRIC COMPANY,21845000,1.0115815976195925
250,17275RBS0,coupon_maturity_name,1.0,1,1,CISCO SYSTEMS INC,US17275RBS04,15770000.0,0.054050352061,CISCO SYSTEMS INC,20848000,0.7564274750575595
251,594918CD4,coupon_maturity_name,1.0,1,1,MICROSOFT CORP,US594918CD48,26143000.0,0.049256755405,MICROSOFT CORPORATION,40669000,0.6428237724065012
252,00206RJY9,coupon_maturity_name,1.0,1,1,AT&T INC,US00206RJY99,16141000.0,0.049410883003,AT&T INC,23612000,0.6835930882602067
253,097023DS1,coupon_maturity_name,1.0,1,1,BOEING CO/THE,US097023DS12,18774000.0,0.068841807002,BOEING CO,19619000,0.9569295071104541
254,110122EK0,coupon_maturity_name,1.0,1,1,BRISTOL-MYERS SQUIBB CO,US110122EK02,18751000.0,0.06125204808,BRISTOL-MYERS SQUIBB CO,22155000,0.8463552245542767
255,61747YFL4,coupon_maturity_name,1.0,1,1,MORGAN STANLEY,US61747YFL48,18097000.0,0.06194614264,MORGAN STANLEY,21263000,0.8511028547241687
256,05964HAV7,coupon_maturity_name,1.0,1,1,BANCO SANTANDER SA,US05964HAV78,15029000.0,0.054816135221,BANCO SANTANDER SA,19246000,0.7808895354878936
257,68389XEC5,coupon_maturity_name,1.0,1,1,ORACLE CORP,US68389XEC56,19771000.0,0.06360534008,ORACLE CORPORATION,23717000,0.8336214529662268
258,404280CT4,coupon_maturity_name,1.0,1,1,HSBC HOLDINGS PLC,US404280CT42,22440000.0,0.068138345901,HSBC HOLDINGS PLC,23452000,0.9568480300187617
259,110122EH7,coupon_maturity_name,1.0,1,1,BRISTOL-MYERS SQUIBB CO,US110122EH72,17759000.0,0.061043011247,BRISTOL-MYERS SQUIBB CO,20538000,0.8646898432174506
260,95000U3N1,coupon_maturity_name,1.0,1,1,WELLS FARGO & COMPANY,US95000U3N13,14364000.0,0.048242110698,WELLS FARGO & COMPANY MTN,21098000,0.6808228268082283
261,125523AK6,coupon_maturity_name,1.0,1,1,CIGNA GROUP/THE,US125523AK66,20776000.0,0.061199578985,CIGNA GROUP,24442000,0.8500122739546682
262,61747YFG5,coupon_maturity_name,1.0,1,1,MORGAN STANLEY,US61747YFG52,17415000.0,0.059624107296,MORGAN STANLEY MTN,20805000,0.8370583994232156
263,38141GXH2,coupon_maturity_name,1.0,1,1,GOLDMAN SACHS GROUP INC,US38141GXH28,12786000.0,0.041643977996,GOLDMAN SACHS GROUP INC/THE,21411000,0.5971696791368922
264,694308JN8,coupon_maturity_name,1.0,1,1,PACIFIC GAS & ELECTRIC,US694308JN86,22959000.0,0.064543017218,PACIFIC GAS AND ELECTRIC COMPANY,25498000,0.9004235626323633
265,404280ES4,coupon_maturity_name,0.5,1,1,HSBC HOLDINGS PLC,US404280ES41,15616000.0,0.052878520398,HSBC HOLDINGS PLC FXD-FLT,20506000,0.7615332097922559
266,46647PBX3,coupon_maturity_name,1.0,1,1,JPMORGAN CHASE & CO,US46647PBX33,22212000.0,0.065743880319,JPMORGAN CHASE & CO,23416000,0.9485821660403143
267,871607AE7,coupon_maturity_name,1.0,1,1,SYNOPSYS INC,US871607AE70,16337000.0,0.054742379213,SYNOPSYS INC,20826000,0.7844521271487563
268,87264AAZ8,coupon_maturity_name,1.0,1,1,T-MOBILE USA INC,US87264AAZ84,25713000.0,0.07037501743,T-MOBILE USA INC,26200000,0.9814122137404581
269,06051GML0,coupon_maturity_name,1.0,1,1,BANK OF AMERICA CORP,US06051GML04,19029000.0,0.064946776205,BANK OF AMERICA CORP (FXD-FLT) MTN,20023000,0.9503570893472507
270,037833CD0,coupon_maturity_name,1.0,1,1,APPLE INC,US037833CD08,19908000.0,0.053556665873,APPLE INC,26287000,0.757332521778826
271,023135BF2,coupon_maturity_name,1.0,1,1,AMAZON.COM INC,US023135BF28,18658000.0,0.056422359682,AMAZON.COM INC,23155000,0.8057870870222414
272,6174468U6,coupon_maturity_name,1.0,1,1,MORGAN STANLEY,US6174468U61,19018000.0,0.05554265453,MORGAN STANLEY MTN,23599000,0.8058816051527607
273,17275RBT8,coupon_maturity_name,1.0,1,1,CISCO SYSTEMS INC,US17275RBT86,15820000.0,0.053849774228,CISCO SYSTEMS INC,20200000,0.7831683168316832
274,172967NU1,coupon_maturity_name,1.0,1,1,CITIGROUP INC,US172967NU15,15321000.0,0.051257570145,CITIGROUP INC,20624000,0.7428723816912335
275,59023VAA8,coupon_maturity_name,1.0,1,1,BANK OF AMERICA CORP,US59023VAA89,14567000.0,0.058398948423,BANK OF AMERICA CORP,17297000,0.8421691622824767
276,36267VAK9,coupon_maturity_name,1.0,1,1,GE HEALTHCARE TECH INC,US36267VAK98,13793000.0,0.048873206195,GE HEALTHCARE TECHNOLOGIES INC,19494000,0.7075510413460552
277,30231GAW2,coupon_maturity_name,1.0,1,1,EXXON MOBIL CORPORATION,US30231GAW24,19245000.0,0.05385789367,EXXON MOBIL CORP,24972000,0.7706631427198463
278,002824BH2,coupon_maturity_name,1.0,1,1,ABBOTT LABORATORIES,US002824BH26,21412000.0,0.065807231096,ABBOTT LABORATORIES,22761000,0.9407319537805896
279,61747YEH4,coupon_maturity_name,1.0,1,1,MORGAN STANLEY,US61747YEH45,21315000.0,0.063432363897,MORGAN STANLEY MTN,23174000,0.9197807888150513
280,11135FCM1,coupon_maturity_name,1.0,1,1,BROADCOM INC,US11135FCM14,16243000.0,0.054811259204,BROADCOM INC,20753000,0.7826820218763553
281,00206RNN8,coupon_maturity_name,1.0,1,1,AT&T INC,US00206RNN88,19283000.0,0.064061264697,AT&T INC,20930000,0.9213091256569518
282,17275RAD4,coupon_maturity_name,1.0,1,1,CISCO SYSTEMS INC,US17275RAD44,14706000.0,0.052536384171,CISCO SYSTEMS INC,19107000,0.7696655675930287
283,00206RCP5,coupon_maturity_name,1.0,2,1,AT&T INC,US00206RCP55,16835000.0,0.053727151182,AT&T INC,21722000,0.7750207163244637
284,11135FCQ2,coupon_maturity_name,1.0,1,1,BROADCOM INC,US11135FCQ28,19960000.0,0.06083017251,BROADCOM INC,22316000,0.8944255242875068
285,6174468X0,coupon_maturity_name,1.0,1,1,MORGAN STANLEY,US6174468X01,22029000.0,0.064429791434,MORGAN STANLEY MTN,23317000,0.9447613329330531
286,46647PEY8,coupon_maturity_name,1.0,1,1,JPMORGAN CHASE & CO,US46647PEY88,17760000.0,0.060577216978,JPMORGAN CHASE & CO,19877000,0.8934949942144187
287,46647PES1,coupon_maturity_name,1.0,1,1,JPMORGAN CHASE & CO,US46647PES11,15722000.0,0.052443202096,JPMORGAN CHASE & CO,20809000,0.7555384689317123
288,17327CBA0,coupon_maturity_name,1.0,1,1,CITIGROUP INC,US17327CBA09,17257000.0,0.05835230096,CITIGROUP INC,19955000,0.8647957905286896
289,66989HBH0,coupon_maturity_name,1.0,1,1,NOVARTIS CAPITAL CORP,US66989HBH03,15223000.0,0.050743287479,NOVARTIS CAPITAL CORP,20267000,0.7511225144323285
290,30303M8W5,coupon_maturity_name,1.0,1,1,META PLATFORMS INC,US30303M8W51,19158000.0,0.056983676613,META PLATFORMS INC,23717000,0.8077750137032509
291,59022CAJ2,coupon_maturity_name,1.0,1,1,BANK OF AMERICA CORP,US59022CAJ27,15303000.0,0.054197050315,BANK OF AMERICA CORP,18892000,0.810025407579928
292,92343VHG2,coupon_maturity_name,1.0,2,1,VERIZON COMMUNICATIONS,US92343VHG23,17026000.0,0.056106930392,VERIZON COMMUNICATIONS INC,20974000,0.8117669495565939
293,404280DV8,coupon_maturity_name,1.0,1,1,HSBC HOLDINGS PLC,US404280DV88,11943000.0,0.042654067946,HSBC HOLDINGS PLC,18770000,0.6362812999467234
294,023135BZ8,coupon_maturity_name,1.0,1,1,AMAZON.COM INC,US023135BZ81,22672000.0,0.068130682832,AMAZON.COM INC,22640000,1.0014134275618374
295,30303M8Q8,coupon_maturity_name,1.0,1,1,META PLATFORMS INC,US30303M8Q83,20719000.0,0.064281541508,META PLATFORMS INC,22925000,0.903773173391494
296,02079KAW7,coupon_maturity_name,1.0,1,1,ALPHABET INC,US02079KAW71,13841000.0,0.045973364389,ALPHABET INC,20378000,0.6792128766316616
297,66989HBL1,coupon_maturity_name,1.0,1,1,NOVARTIS CAPITAL CORP,US66989HBL15,15094000.0,0.051421445378,NOVARTIS CAPITAL CORP,20057000,0.7525552176297552
298,11135FCV1,coupon_maturity_name,1.0,1,1,BROADCOM INC,US11135FCV13,27712000.0,0.07423728637,BROADCOM INC,25467000,1.0881532964228218
299,68389XCK9,coupon_maturity_name,1.0,1,1,ORACLE CORP,US68389XCK90,17563000.0,0.058021232731,ORACLE CORPORATION,22306000,0.7873666278131445
300,172967QA2,coupon_maturity_name,1.0,1,1,CITIGROUP INC,US172967QA24,11768000.0,0.039776725232,CITIGROUP INC (FXD-FRN),19842000,0.59308537445822
301,68389XBX2,coupon_maturity_name,1.0,1,1,ORACLE CORP,US68389XBX21,32315000.0,0.067658039186,ORACLE CORPORATION,34566000,0.9348782040155066
302,89788MAS1,coupon_maturity_name,1.0,1,1,TRUIST FINANCIAL CORP,US89788MAS17,14671000.0,0.050791542821,TRUIST FINANCIAL CORP MTN,19105000,0.7679141585972259
303,92343VEA8,coupon_maturity_name,1.0,1,1,VERIZON COMMUNICATIONS,US92343VEA89,10936000.0,0.035687765661,VERIZON COMMUNICATIONS INC,20444000,0.5349246722754842
304,532457DR6,coupon_maturity_name,1.0,1,1,ELI LILLY & CO,US532457DR63,17020000.0,0.056717646583,ELI LILLY AND COMPANY,20246000,0.8406598834337647
305,91324PES7,coupon_maturity_name,1.0,1,1,UNITEDHEALTH GROUP INC,US91324PES74,13425000.0,0.045207945668,UNITEDHEALTH GROUP INC,19882000,0.675233879891359
306,00287YAS8,coupon_maturity_name,1.0,1,1,ABBVIE INC,US00287YAS81,19216000.0,0.057657433737,ABBVIE INC,22724000,0.845625770110896
307,459200KC4,coupon_maturity_size,0.0,1,0,IBM CORP,US459200KC42,22957000.0,0.060463599893,INTERNATIONAL BUSINESS MACHINES CO,26746000,0.8583339564794735
308,404280ER6,coupon_maturity_size,0.3333333333333333,1,0,HSBC HOLDINGS PLC,US404280ER67,18159000.0,0.061506649568,HSBC HOLDINGS PLC FXD-TO-FLT MTN,19453000,0.9334806970647201
309,46647PEQ5,coupon_maturity_name,1.0,1,1,JPMORGAN CHASE & CO,US46647PEQ54,14952000.0,0.050133947354,JPMORGAN CHASE & CO,19769000,0.7563356770701604
310,404280FQ7,coupon_maturity_name,1.0,1,1,HSBC HOLDINGS PLC,US404280FQ75,15235000.0,0.051075570238,HSBC HOLDINGS PLC,19787000,0.7699499671501491
311,404280FG9,coupon_maturity_name,1.0,1,1,HSBC HOLDINGS PLC,US404280FG93,15161000.0,0.05007287817,HSBC HOLDINGS PLC MTN,20153000,0.7522949436808416
312,06051GJF7,coupon_maturity_name,1.0,1,1,BANK OF AMERICA CORP,US06051GJF72,13111000.0,0.039319789491,BANK OF AMERICA CORP MTN,21963000,0.5969585211492054
313,172967PL9,coupon_maturity_name,1.0,1,1,CITIGROUP INC,US172967PL97,19370000.0,0.066183953561,CITIGROUP INC,19505000,0.9930786977698026
314,002824BV1,coupon_maturity_name,1.0,1,1,ABBOTT LABORATORIES,US002824BV10,17644000.0,0.057129658009,ABBOTT LABORATORIES,20396000,0.8650715826632673
315,02209SBF9,coupon_maturity_name,1.0,1,1,ALTRIA GROUP INC,US02209SBF92,19267000.0,0.063634061573,ALTRIA GROUP INC,20152000,0.9560837633981739
316,404119CA5,coupon_maturity_name,1.0,1,1,HCA INC,US404119CA57,18253000.0,0.058198568893,HCA INC,20458000,0.8922182031479128
317,46647PEV4,coupon_maturity_name,1.0,1,1,JPMORGAN CHASE & CO,US46647PEV40,20588000.0,0.070190223821,JPMORGAN CHASE & CO,18950000,1.0864379947229552
318,61747YFZ3,coupon_maturity_name,1.0,1,1,MORGAN STANLEY,US61747YFZ34,15665000.0,0.053348946448,MORGAN STANLEY,19115000,0.8195134710959979
319,023135DG8,coupon_maturity_name,1.0,1,1,AMAZON.COM INC,US023135DG82,17842000.0,0.059766309856,AMAZON.COM INC,20125000,0.8865590062111801
320,92343VGC2,coupon_maturity_name,1.0,1,1,VERIZON COMMUNICATIONS,US92343VGC28,28237000.0,0.064221348939,VERIZON COMMUNICATIONS INC,29982000,0.9417984123807618
321,87938WAU7,coupon_maturity_name,1.0,1,1,TELEFONICA EMISIONES SAU,US87938WAU71,18183000.0,0.054195673409,TELEFONICA EMISIONES SAU,22042000,0.8249251429089919
322,718172DA4,coupon_maturity_name,0.5,1,1,PHILIP MORRIS INTL INC,US718172DA46,15088000.0,0.051639249949,PHILIP MORRIS INTERNATIONAL INC,18587000,0.8117501479528703
323,46647PCE4,coupon_maturity_name,1.0,1,1,JPMORGAN CHASE & CO,US46647PCE43,26018000.0,0.060326559456,JPMORGAN CHASE & CO,28318000,0.9187795748287308
324,53944YAX1,coupon_maturity_name,1.0,1,1,LLOYDS BANKING GROUP PLC,US53944YAX13,15637000.0,0.053993548908,LLOYDS BANKING GROUP PLC,18863000,0.828977363091767
325,61748UAE2,coupon_maturity_name,1.0,1,1,MORGAN STANLEY,US61748UAE29,16758000.0,0.057087324659,MORGAN STANLEY MTN,18926000,0.8854485892423122
326,345370DA5,coupon_maturity_name,1.0,1,1,FORD MOTOR COMPANY,US345370DA55,16684000.0,0.049668791039,FORD MOTOR COMPANY,21389000,0.7800271167422507
327,38141GXR0,coupon_maturity_name,1.0,1,1,GOLDMAN SACHS GROUP INC,US38141GXR00,20402000.0,0.060246639336,GOLDMAN SACHS GROUP INC/THE,21540000,0.9471680594243268
328,874060AX4,coupon_maturity_name,1.0,1,1,TAKEDA PHARMACEUTICAL,US874060AX48,19062000.0,0.058202652739,TAKEDA PHARMACEUTICAL CO LTD,20843000,0.9145516480353116
329,458140CS7,coupon_maturity_name,1.0,2,1,INTEL CORP,US458140CS72,18003000.0,0.060286150008,INTEL CORPORATION,19205000,0.9374121322572246
330,404280EN5,coupon_maturity_size,0.3333333333333333,1,0,HSBC HOLDINGS PLC,US404280EN53,13550000.0,0.046153383651,HSBC HOLDINGS PLC FXD-TO-FLT,18608000,0.7281814273430782
331,92343VFW9,coupon_maturity_name,1.0,1,1,VERIZON COMMUNICATIONS,US92343VFW90,27285000.0,0.054332514033,VERIZON COMMUNICATIONS INC,33246000,0.8207002346146904
332,,no_coupon_maturity_candidates,,0,0,,,,,SPACE EXPLORATION TECHNOLOGIES COR 144A,20570000,
333,92343VFT6,coupon_maturity_name,1.0,1,1,VERIZON COMMUNICATIONS,US92343VFT61,23090000.0,0.055233505627,VERIZON COMMUNICATIONS INC,27280000,0.8464076246334311
334,254687FX9,coupon_maturity_name,1.0,1,1,WALT DISNEY COMPANY/THE,US254687FX90,19755000.0,0.061459987365,WALT DISNEY CO,20420000,0.9674338883447601
335,00287YAR0,coupon_maturity_name,1.0,1,1,ABBVIE INC,US00287YAR09,22878000.0,0.074192249404,ABBVIE INC,19601000,1.1671853476863425
336,30231GBN1,coupon_maturity_name,1.0,1,1,EXXON MOBIL CORPORATION,US30231GBN16,15766000.0,0.049328717889,EXXON MOBIL CORP,20110000,0.7839880656389856
337,11135FCU3,coupon_maturity_name,1.0,1,1,BROADCOM INC,US11135FCU30,16161000.0,0.04952511118,BROADCOM INC,20569000,0.785696922553357
338,055451AV0,coupon_maturity_name,0.6666666666666666,1,1,BHP BILLITON FIN USA LTD,US055451AV01,17409000.0,0.055097260047,BHP BILLITON FINANCE (USA) LTD,19976000,0.8714957949539447
339,36186CBY8,coupon_maturity_name,1.0,1,1,ALLY FINANCIAL INC,US36186CBY84,13273000.0,0.049732163842,ALLY FINANCIAL INC,16590000,0.8000602772754671
340,05526DBD6,coupon_maturity_name,1.0,1,1,BAT CAPITAL CORP,US05526DBD66,15073000.0,0.046250126651,BAT CAPITAL CORP,20342000,0.7409792547438797
341,91324PFJ6,coupon_maturity_name,1.0,1,1,UNITEDHEALTH GROUP INC,US91324PFJ66,16099000.0,0.05463728835,UNITEDHEALTH GROUP INC,18715000,0.8602190756078012
342,,no_coupon_maturity_candidates,,0,0,,,,,MORGAN STANLEY MTN,18657000,
343,17308CC53,coupon_maturity_name,1.0,1,1,CITIGROUP INC,US17308CC539,15025000.0,0.047708146816,CITIGROUP INC,19632000,0.7653321108394459
344,126650DU1,coupon_maturity_name,1.0,1,1,CVS HEALTH CORP,US126650DU15,11949000.0,0.040773985424,CVS HEALTH CORP,18053000,0.6618844513377278
345,29250NBR5,coupon_maturity_name,1.0,1,1,ENBRIDGE INC,US29250NBR52,15419000.0,0.053843694997,ENBRIDGE INC,17726000,0.8698521945165294
346,68389XBW4,coupon_maturity_name,1.0,1,1,ORACLE CORP,US68389XBW48,21311000.0,0.052996759761,ORACLE CORPORATION,26558000,0.8024324120792228
347,49456BAH4,coupon_maturity_name,1.0,1,1,KINDER MORGAN INC,US49456BAH42,12664000.0,0.041071117489,KINDER MORGAN INC,19593000,0.6463532894401062
348,00206RKH4,coupon_maturity_name,1.0,1,1,AT&T INC,US00206RKH48,14822000.0,0.043482413137,AT&T INC,21133000,0.7013675294563005
349,61747YEL5,coupon_maturity_name,1.0,1,1,MORGAN STANLEY,US61747YEL56,17910000.0,0.05420887224,MORGAN STANLEY MTN,20670000,0.8664731494920174
350,172967ML2,coupon_maturity_name,1.0,1,1,CITIGROUP INC,US172967ML25,17308000.0,0.054084659479,CITIGROUP INC,19593000,0.8833767161741438
351,002824BX7,coupon_maturity_name,1.0,1,1,ABBOTT LABORATORIES,US002824BX75,14791000.0,0.048346436016,ABBOTT LABORATORIES,19088000,0.774884744341995
352,084664DB4,coupon_maturity_name,1.0,1,1,BERKSHIRE HATHAWAY FIN,US084664DB47,17956000.0,0.045871628492,BERKSHIRE HATHAWAY FINANCE CORP,24562000,0.7310479602638221
353,46647PDC7,coupon_maturity_name,1.0,1,1,JPMORGAN CHASE & CO,US46647PDC77,16299000.0,0.053959748864,JPMORGAN CHASE & CO,18592000,0.8766673838209983
354,023135CB0,coupon_maturity_name,1.0,1,1,AMAZON.COM INC,US023135CB05,29576000.0,0.065293678686,AMAZON.COM INC,29618000,0.9985819434127895
355,61747YDY8,coupon_maturity_name,1.0,1,1,MORGAN STANLEY,US61747YDY86,19001000.0,0.053768423077,MORGAN STANLEY,21853000,0.8694916029835721
356,92343VCK8,coupon_maturity_name,1.0,1,1,VERIZON COMMUNICATIONS,US92343VCK89,16432000.0,0.048481156987,VERIZON COMMUNICATIONS INC,21240000,0.7736346516007533
357,06051GGM5,coupon_maturity_name,1.0,1,1,BANK OF AMERICA CORP,US06051GGM50,13184000.0,0.040519245299,BANK OF AMERICA CORP MTN,20090000,0.6562468889995022
358,30231GBG6,coupon_maturity_name,1.0,1,1,EXXON MOBIL CORPORATION,US30231GBG64,20517000.0,0.057691035545,EXXON MOBIL CORP,22135000,0.9269030946464875
359,20030NDW8,coupon_maturity_name,1.0,1,1,COMCAST CORP,US20030NDW83,30181000.0,0.054225259969,COMCAST CORPORATION,36396000,0.8292394768655896
360,91159HJR2,coupon_maturity_name,1.0,1,1,US BANCORP,US91159HJR21,10808000.0,0.03746212729,US BANCORP MTN,17328000,0.623730378578024
361,00287YAM1,coupon_maturity_name,1.0,1,1,ABBVIE INC,US00287YAM12,25687000.0,0.076010172478,ABBVIE INC,20983000,1.2241814802459134
362,42824CBV0,coupon_maturity_size,0.25,1,0,HP ENTERPRISE CO,US42824CBV00,15024000.0,0.04947307173,HEWLETT PACKARD ENTERPRISE CO,18519000,0.8112749068524219
363,11135FAS0,coupon_maturity_name,1.0,1,1,BROADCOM INC,US11135FAS02,15126000.0,0.049328152762,BROADCOM INC,18755000,0.8065049320181285
364,68389XDP7,coupon_maturity_name,1.0,1,1,ORACLE CORP,US68389XDP78,19172000.0,0.05750817309,ORACLE CORPORATION,21666000,0.8848887658081788
365,6174468N2,coupon_maturity_name,1.0,1,1,MORGAN STANLEY,US6174468N29,13250000.0,0.043671785677,MORGAN STANLEY MTN,18702000,0.7084803764303284
366,278058DZ2,coupon_maturity_name,1.0,1,1,EATON CORP,US278058DZ25,14151000.0,0.046704337825,EATON CORPORATION,18223000,0.7765461230313341
367,06051GHS1,coupon_maturity_name,1.0,1,1,BANK OF AMERICA CORP,US06051GHS12,20884000.0,0.057871122464,BANK OF AMERICA CORP MTN,21934000,0.952129114616577
368,11135FCR0,coupon_maturity_name,1.0,1,1,BROADCOM INC,US11135FCR01,17028000.0,0.049822156752,BROADCOM INC,20650000,0.8246004842615012
369,06738ECG8,coupon_maturity_name,1.0,1,1,BARCLAYS PLC,US06738ECG89,16526000.0,0.058483837701,BARCLAYS PLC,17016000,0.9712035731076634
370,404280CF4,coupon_maturity_name,1.0,1,1,HSBC HOLDINGS PLC,US404280CF48,21533000.0,0.073099076089,HSBC HOLDINGS PLC,17544000,1.2273711810305517
371,00206RNP3,coupon_maturity_name,1.0,1,1,AT&T INC,US00206RNP37,18193000.0,0.06137258767,AT&T INC,18511000,0.9828210253362866
372,92343VHF4,coupon_maturity_name,1.0,2,1,VERIZON COMMUNICATIONS,US92343VHF40,14178000.0,0.047117333345,VERIZON COMMUNICATIONS INC,18334000,0.7733173339151304
373,871607AD9,coupon_maturity_name,1.0,1,1,SYNOPSYS INC,US871607AD97,10386000.0,0.03507167323,SYNOPSYS INC,17718000,0.5861835421605147
374,76720AAU0,coupon_maturity_name,0.6666666666666666,1,1,RIO TINTO FIN USA PLC,US76720AAU07,10325000.0,0.035318285115,RIO TINTO FINANCE (USA) PLC,17438000,0.5920977176281683
375,161175AZ7,coupon_maturity_size,0.3333333333333333,1,0,CHARTER COMM OPT LLC/CAP,US161175AZ73,14832000.0,0.050083928204,CHARTER COMMUNICATIONS OPERATING L,17849000,0.8309709227407698
376,30303M8J4,coupon_maturity_name,1.0,1,1,META PLATFORMS INC,US30303M8J41,18532000.0,0.048709308064,META PLATFORMS INC,23488000,0.7889986376021798
377,949746RF0,coupon_maturity_name,1.0,1,1,WELLS FARGO & COMPANY,US949746RF01,17444000.0,0.056506927935,WELLS FARGO & COMPANY,18893000,0.9233049277510189
378,17275RAF9,coupon_maturity_name,1.0,1,1,CISCO SYSTEMS INC,US17275RAF91,13485000.0,0.046310022806,CISCO SYSTEMS INC,17804000,0.7574140642552235
379,91159HJL5,coupon_maturity_name,1.0,1,1,US BANCORP,US91159HJL50,13121000.0,0.043528802934,US BANCORP MTN,17769000,0.7384208452923631
380,437076DE9,coupon_maturity_name,1.0,1,1,HOME DEPOT INC,US437076DE95,13150000.0,0.044319198929,HOME DEPOT INC,17795000,0.7389716212419218
381,68389XCA1,coupon_maturity_name,1.0,1,1,ORACLE CORP,US68389XCA19,23157000.0,0.051031310704,ORACLE CORPORATION,28768000,0.8049568965517241
382,,no_coupon_maturity_candidates,,0,0,,,,,AMAZON.COM INC,17832000,
383,95000U2L6,coupon_maturity_name,1.0,1,1,WELLS FARGO & COMPANY,US95000U2L65,17110000.0,0.056956517871,WELLS FARGO & COMPANY MTN,17580000,0.9732650739476678
384,11135FCY5,coupon_maturity_name,1.0,2,1,BROADCOM INC,US11135FCY51,21749000.0,0.071002344365,BROADCOM INC,18087000,1.2024658594570685
385,161175BT0,coupon_maturity_size,0.3333333333333333,1,0,CHARTER COMM OPT LLC/CAP,US161175BT05,21115000.0,0.052550341396,CHARTER COMMUNICATIONS OPERATING L,23932000,0.8822914925622597
386,68389XCJ2,coupon_maturity_name,1.0,1,1,ORACLE CORP,US68389XCJ28,15462000.0,0.053791473462,ORACLE CORPORATION,17282000,0.8946881148015277
387,125523AJ9,coupon_maturity_name,1.0,1,1,CIGNA GROUP/THE,US125523AJ93,12862000.0,0.040893901699,CIGNA GROUP,18381000,0.6997443011805669
388,92343VGY4,coupon_maturity_name,1.0,1,1,VERIZON COMMUNICATIONS,US92343VGY48,14956000.0,0.048803556093,VERIZON COMMUNICATIONS INC,17844000,0.8381528805200628
389,06051GJP5,coupon_maturity_name,1.0,1,1,BANK OF AMERICA CORP,US06051GJP54,9024000.0,0.027517890211,BANK OF AMERICA CORP,19087000,0.4727825221354849
390,023135CH7,coupon_maturity_name,1.0,1,1,AMAZON.COM INC,US023135CH74,13882000.0,0.044390387004,AMAZON.COM INC,18333000,0.7572137675230459
391,78017FZT3,coupon_maturity_name,1.0,2,1,ROYAL BANK OF CANADA,US78017FZT38,14799000.0,0.049734754204,ROYAL BANK OF CANADA (FX-FRN) MTN,17243000,0.858261323435597
392,68389XEA9,coupon_maturity_name,1.0,1,1,ORACLE CORP,US68389XEA90,16403000.0,0.053077993663,ORACLE CORPORATION,19009000,0.8629070440317744
393,501044DV0,coupon_maturity_name,1.0,1,1,KROGER CO,US501044DV05,16337000.0,0.054252703338,KROGER CO,17424000,0.9376147842056933
394,761713BB1,coupon_maturity_name,1.0,1,1,REYNOLDS AMERICAN INC,US761713BB19,14739000.0,0.04863288383,REYNOLDS AMERICAN INC,17498000,0.8423248371242428
395,037833AL4,coupon_maturity_name,1.0,1,1,APPLE INC,US037833AL42,23005000.0,0.064319928978,APPLE INC,21168000,1.0867819349962207
396,11135FCD1,coupon_maturity_name,1.0,1,1,BROADCOM INC,US11135FCD15,9852000.0,0.032553375342,BROADCOM INC,17615000,0.5592960544990065
397,055451BL1,coupon_maturity_name,0.6666666666666666,1,1,BHP BILLITON FIN USA LTD,US055451BL10,5987000.0,0.020563698844,BHP BILLITON FINANCE (USA) LTD,16679000,0.35895437376341505
398,03523TBU1,coupon_maturity_name,1.0,1,1,ANHEUSER-BUSCH INBEV WOR,US03523TBU16,14386000.0,0.049261862025,ANHEUSER-BUSCH INBEV WORLDWIDE INC,16751000,0.8588143991403498
399,693475CC7,coupon_maturity_name,1.0,1,1,PNC FINANCIAL SERVICES,US693475CC77,11410000.0,0.039236833213,PNC FINANCIAL SERVICES GROUP INC (,16530000,0.690260133091349
400,458140CU2,coupon_maturity_name,1.0,1,1,INTEL CORP,US458140CU29,16557000.0,0.055950935704,INTEL CORPORATION,17635000,0.9388715622341933
401,06738ECE3,coupon_maturity_name,1.0,1,1,BARCLAYS PLC,US06738ECE32,12747000.0,0.047876764867,BARCLAYS PLC,15259000,0.8353758437643358
402,06738ECV5,coupon_maturity_name,1.0,1,1,BARCLAYS PLC,US06738ECV56,13281000.0,0.044305041286,BARCLAYS PLC,17121000,0.7757140353951288
403,02209SBE2,coupon_maturity_name,1.0,1,1,ALTRIA GROUP INC,US02209SBE28,14562000.0,0.049543537607,ALTRIA GROUP INC,16741000,0.869840511319515
404,161175BN3,coupon_maturity_size,0.3333333333333333,1,0,CHARTER COMM OPT LLC/CAP,US161175BN35,16877000.0,0.04762950304,CHARTER COMMUNICATIONS OPERATING L,20684000,0.8159446915490234
405,38148YAA6,coupon_maturity_name,1.0,1,1,GOLDMAN SACHS GROUP INC,US38148YAA64,20901000.0,0.061600906931,GOLDMAN SACHS GROUP INC/THE,19585000,1.0671942813377584
406,46647PAJ5,coupon_maturity_name,1.0,1,1,JPMORGAN CHASE & CO,US46647PAJ57,20405000.0,0.06052578167,JPMORGAN CHASE & CO,19093000,1.0687162834546693
407,17327CAY9,coupon_maturity_name,1.0,1,1,CITIGROUP INC,US17327CAY93,15075000.0,0.049552133768,CITIGROUP INC,17542000,0.8593660928058374
408,031162DQ0,coupon_maturity_name,1.0,1,1,AMGEN INC,US031162DQ06,14343000.0,0.049216969405,AMGEN INC,16378000,0.875747954573208
409,501044DW8,coupon_maturity_name,1.0,1,1,KROGER CO,US501044DW87,15118000.0,0.047621488995,KROGER CO,18255000,0.8281566694056423
410,023135CT1,coupon_maturity_name,1.0,1,1,AMAZON.COM INC,US023135CT13,11186000.0,0.037042050716,AMAZON.COM INC,17187000,0.6508407517309595
411,46590XAY2,coupon_maturity_name,0.4,1,1,JBS NV/USA FOODS/FOOD CO,US46590XAY22,12084000.0,0.041712907009,JBS USA LUX SA,16297000,0.7414861630975026
412,03740MAF7,coupon_maturity_name,1.0,1,1,AON NORTH AMERICA INC,US03740MAF77,13341000.0,0.043908766103,AON NORTH AMERICA INC,17433000,0.7652727585613491
413,06738ECY9,coupon_maturity_name,1.0,1,1,BARCLAYS PLC,US06738ECY95,15917000.0,0.054299367724,BARCLAYS PLC,16337000,0.9742914855848687
414,92343VHK3,coupon_maturity_name,1.0,1,1,VERIZON COMMUNICATIONS,US92343VHK35,14253000.0,0.047061999971,VERIZON COMMUNICATIONS INC,17794000,0.801000337192312
415,03523TBW7,coupon_maturity_name,1.0,1,1,ANHEUSER-BUSCH INBEV WOR,US03523TBW71,15135000.0,0.051803940923,ANHEUSER-BUSCH INBEV WORLDWIDE INC,16450000,0.9200607902735563
416,375558BD4,coupon_maturity_name,1.0,1,1,GILEAD SCIENCES INC,US375558BD48,17566000.0,0.052954182645,GILEAD SCIENCES INC,18781000,0.935306959160854
417,852060AT9,coupon_maturity_name,1.0,1,1,SPRINT CAPITAL CORP,US852060AT99,14509000.0,0.057713692951,SPRINT CAPITAL CORPORATION,13823000,1.0496274325399697
418,87264ABN4,coupon_maturity_name,1.0,1,1,T-MOBILE USA INC,US87264ABN46,20698000.0,0.04595985061,T-MOBILE USA INC,25855000,0.8005414813382324
419,30231GBF8,coupon_maturity_name,1.0,1,1,EXXON MOBIL CORPORATION,US30231GBF81,15674000.0,0.047615200683,EXXON MOBIL CORP,18477000,0.8482978838556042
420,931142FP3,coupon_maturity_name,1.0,1,1,WALMART INC,US931142FP35,8710000.0,0.029600859019,WALMART INC,16463000,0.5290651764562959
421,871607AG2,coupon_maturity_name,1.0,1,1,SYNOPSYS INC,US871607AG29,14284000.0,0.04670584014,SYNOPSYS INC,17424000,0.8197887970615243
422,404280EW5,coupon_maturity_name,0.5,1,1,HSBC HOLDINGS PLC,US404280EW52,14476000.0,0.049223404481,HSBC HOLDINGS PLC FXD-FLT,16303000,0.8879347359381708
423,161175BL7,coupon_maturity_size,0.3333333333333333,1,0,CHARTER COMM OPT LLC/CAP,US161175BL78,17779000.0,0.048111770154,CHARTER COMMUNICATIONS OPERATING L,21064000,0.844046714774022
424,87264ABL8,coupon_maturity_name,1.0,1,1,T-MOBILE USA INC,US87264ABL89,17085000.0,0.042586019276,T-MOBILE USA INC,22564000,0.7571795780889913
425,61747YEU5,coupon_maturity_name,1.0,1,1,MORGAN STANLEY,US61747YEU55,10461000.0,0.035008899566,MORGAN STANLEY MTN,16752000,0.6244627507163324
426,404280EX3,coupon_maturity_name,1.0,1,1,HSBC HOLDINGS PLC,US404280EX36,14062000.0,0.048740358996,HSBC HOLDINGS PLC,16095000,0.8736874805840323
427,345370DB3,coupon_maturity_name,1.0,1,1,FORD MOTOR COMPANY,US345370DB39,12046000.0,0.04148744192,FORD MOTOR COMPANY,15809000,0.7619710291606048
428,91324PEW8,coupon_maturity_name,1.0,1,1,UNITEDHEALTH GROUP INC,US91324PEW86,12837000.0,0.038569235904,UNITEDHEALTH GROUP INC,18579000,0.6909413854351687
429,76720AAV8,coupon_maturity_name,0.6666666666666666,1,1,RIO TINTO FIN USA PLC,US76720AAV89,13094000.0,0.044398865714,RIO TINTO FINANCE (USA) PLC,16372000,0.7997801123870022
430,00287YAW9,coupon_maturity_name,1.0,1,1,ABBVIE INC,US00287YAW93,16217000.0,0.046820465292,ABBVIE INC,19614000,0.8268073824819007
431,00206RKA9,coupon_maturity_name,1.0,1,1,AT&T INC,US00206RKA94,23524000.0,0.054568576107,AT&T INC,24861000,0.9462209886971562
432,38148LAF3,coupon_maturity_name,1.0,1,1,GOLDMAN SACHS GROUP INC,US38148LAF31,14125000.0,0.043285188088,GOLDMAN SACHS GROUP INC/THE,18383000,0.7683729532720448
433,95000U4F7,coupon_maturity_name,1.0,1,1,WELLS FARGO & COMPANY,US95000U4F79,13069000.0,0.042138902721,WELLS FARGO & COMPANY (FXD-FRN) MTN,17107000,0.7639562752089788
434,68389XBY0,coupon_maturity_name,1.0,1,1,ORACLE CORP,US68389XBY04,26545000.0,0.053780904109,ORACLE CORPORATION,29143000,0.9108533781697149
435,91324PER9,coupon_maturity_name,1.0,1,1,UNITEDHEALTH GROUP INC,US91324PER91,12592000.0,0.043498268408,UNITEDHEALTH GROUP INC,15740000,0.8
436,969457BY5,coupon_maturity_name,1.0,1,1,WILLIAMS COMPANIES INC,US969457BY52,16289000.0,0.049602936091,WILLIAMS COMPANIES INC,17988000,0.9055481432065822
437,983024AN0,coupon_maturity_name,1.0,1,1,WYETH LLC,US983024AN02,15032000.0,0.053629754816,WYETH LLC,15325000,0.9808809135399674
438,532457DP0,coupon_maturity_name,1.0,1,1,ELI LILLY & CO,US532457DP08,11129000.0,0.037430252255,ELI LILLY AND COMPANY,16642000,0.6687297199855786
439,30231GBM3,coupon_maturity_name,1.0,1,1,EXXON MOBIL CORPORATION,US30231GBM33,19793000.0,0.047618264742,EXXON MOBIL CORP,23239000,0.8517147897930204
440,16411QAS0,coupon_maturity_name,1.0,1,1,CHENIERE ENERGY PARTNERS,US16411QAS03,8107000.0,0.028245125036,CHENIERE ENERGY PARTNERS LP,15533000,0.5219210712676238
441,822905AA3,coupon_maturity_name,1.0,1,1,SHELL FINANCE US INC,US822905AA35,17884000.0,0.05131907794,SHELL FINANCE US INC,19407000,0.9215231617457619
442,05724BAQ2,coupon_maturity_name,0.6666666666666666,1,1,BAKER HUGHES LLC/CO-OBL,US05724BAQ23,13480000.0,0.045100555351,BAKER HUGHES HOLDINGS LLC,16741000,0.8052087688907472
443,254687GD2,coupon_maturity_name,1.0,1,1,WALT DISNEY COMPANY/THE,US254687GD28,13051000.0,0.042953343973,WALT DISNEY CO,16322000,0.7995956377894866
444,458140CJ7,coupon_maturity_name,1.0,1,1,INTEL CORP,US458140CJ73,16618000.0,0.053084746708,INTEL CORPORATION,17215000,0.9653209410397908
445,404280FE4,coupon_maturity_size,0.3333333333333333,1,0,HSBC HOLDINGS PLC,US404280FE46,19277000.0,0.063931505531,HSBC HOLDINGS PLC FXD-TO-FLT MTN,16199000,1.1900117291190815
446,87264ABW4,coupon_maturity_name,1.0,1,1,T-MOBILE USA INC,US87264ABW45,14047000.0,0.044673758133,T-MOBILE USA INC,16911000,0.8306427768907811
447,75513ECX7,coupon_maturity_name,1.0,1,1,RTX CORP,US75513ECX76,12273000.0,0.044938807896,RTX CORP,14817000,0.8283053249645678
448,38141GC36,coupon_maturity_name,1.0,1,1,GOLDMAN SACHS GROUP INC,US38141GC365,18899000.0,0.064300750403,GOLDMAN SACHS GROUP INC (FXD-FRN),15545000,1.2157606947571566
449,36264FAM3,coupon_maturity_name,1.0,1,1,HALEON US CAPITAL LLC,US36264FAM32,12507000.0,0.039434892772,HALEON US CAPITAL LLC,17014000,0.7351005054660867
450,06738ECZ6,coupon_maturity_name,1.0,1,1,BARCLAYS PLC,US06738ECZ60,16304000.0,0.055840251999,BARCLAYS PLC,15533000,1.0496362582888046
451,10373QCA6,coupon_maturity_name,1.0,1,1,BP CAP MARKETS AMERICA,US10373QCA67,11173000.0,0.038164065359,BP CAPITAL MARKETS AMERICA INC,15770000,0.7084971464806595
452,46647PBN5,coupon_maturity_name,1.0,1,1,JPMORGAN CHASE & CO,US46647PBN50,14847000.0,0.033294111522,JPMORGAN CHASE & CO,24408000,0.608284169124877
453,30303M8N5,coupon_maturity_name,1.0,1,1,META PLATFORMS INC,US30303M8N52,15191000.0,0.051239125352,META PLATFORMS INC,16017000,0.9484297933445714
454,94974BGK0,coupon_maturity_name,1.0,1,1,WELLS FARGO & COMPANY,US94974BGK08,17610000.0,0.046851642875,WELLS FARGO & COMPANY MTN,20539000,0.8573932518623107
455,06051GJL4,coupon_maturity_name,1.0,1,1,BANK OF AMERICA CORP,US06051GJL41,18036000.0,0.053720183381,BANK OF AMERICA CORP MTN,17931000,1.0058557804918855
456,50077LAM8,coupon_maturity_name,1.0,1,1,KRAFT HEINZ FOODS CO,US50077LAM81,12049000.0,0.035899986153,KRAFT HEINZ FOODS CO,18316000,0.6578401397685084
457,172967KR1,coupon_maturity_name,1.0,1,1,CITIGROUP INC,US172967KR13,17333000.0,0.049565914817,CITIGROUP INC,18829000,0.9205480907111371
458,02079KAD9,coupon_maturity_name,1.0,1,1,ALPHABET INC,US02079KAD90,12570000.0,0.037101263623,ALPHABET INC,17972000,0.6994213220565324
459,38141GYC2,coupon_maturity_name,1.0,2,1,GOLDMAN SACHS GROUP INC,US38141GYC22,14705000.0,0.037218653029,GOLDMAN SACHS GROUP INC/THE,21260000,0.6916745061147695
460,617482V92,coupon_maturity_name,1.0,1,1,MORGAN STANLEY,US617482V925,14911000.0,0.054447017739,MORGAN STANLEY,14489000,1.0291255435157707
461,037833EF3,coupon_maturity_name,1.0,1,1,APPLE INC,US037833EF38,22185000.0,0.045673830427,APPLE INC,26234000,0.845658306015095
462,718172DJ5,coupon_maturity_name,0.5,1,1,PHILIP MORRIS INTL INC,US718172DJ54,10656000.0,0.036436529417,PHILIP MORRIS INTERNATIONAL INC,15253000,0.6986166655739855
463,031162BZ2,coupon_maturity_name,1.0,1,1,AMGEN INC,US031162BZ23,16376000.0,0.046531096052,AMGEN INC,18884000,0.8671891548400763
464,345370CQ1,coupon_maturity_name,1.0,1,1,FORD MOTOR COMPANY,US345370CQ17,14089000.0,0.037631905309,FORD MOTOR COMPANY,20335000,0.6928448487828867
465,682680BN2,coupon_maturity_name,1.0,1,1,ONEOK INC,US682680BN20,12439000.0,0.043852832314,ONEOK INC,14949000,0.832095792360693
466,92343VHC1,coupon_maturity_name,1.0,1,1,VERIZON COMMUNICATIONS,US92343VHC19,16237000.0,0.054704328549,VERIZON COMMUNICATIONS INC,15948000,1.0181213945322298
467,59562VAM9,coupon_maturity_name,1.0,1,1,BERKSHIRE HATHAWAY ENERG,US59562VAM90,13306000.0,0.04775637476,BERKSHIRE HATHAWAY ENERGY CO,14601000,0.9113074446955688
468,46647PFD3,coupon_maturity_name,1.0,1,1,JPMORGAN CHASE & CO,US46647PFD33,11299000.0,0.037207719439,JPMORGAN CHASE & CO (FXD-FRN),15866000,0.7121517710828186
469,822905AT2,coupon_maturity_name,1.0,1,1,SHELL FINANCE US INC,US822905AT26,13661000.0,0.05041063548,SHELL FINANCE US INC,14381000,0.9499339406160907
470,571748CC4,coupon_maturity_name,1.0,1,1,MARSH & MCLENNAN COS INC,US571748CC43,16863000.0,0.056144717211,MARSH & MCLENNAN COMPANIES INC,15659000,1.076888690210103
471,17325FBG2,coupon_maturity_name,1.0,1,1,CITIBANK NA,US17325FBG28,15705000.0,0.054879166013,CITIBANK NA,15016000,1.0458843899840171
472,693475BJ3,coupon_maturity_name,1.0,1,1,PNC FINANCIAL SERVICES,US693475BJ30,12038000.0,0.042636049944,PNC FINANCIAL SERVICES GROUP INC (,14697000,0.8190787235490236
473,38141GB29,coupon_maturity_name,1.0,1,1,GOLDMAN SACHS GROUP INC,US38141GB292,14951000.0,0.050657185081,GOLDMAN SACHS GROUP INC/THE,15099000,0.9901980263593615
474,458140BM1,coupon_maturity_name,1.0,1,1,INTEL CORP,US458140BM12,17002000.0,0.04745589206,INTEL CORPORATION,19053000,0.8923529103028395
475,86562MCS7,coupon_maturity_name,0.6666666666666666,1,1,SUMITOMO MITSUI FINL GRP,US86562MCS70,9859000.0,0.034576706634,SUMITOMO MITSUI FINANCIAL GROUP IN,14987000,0.6578367918863015
476,084664CQ2,coupon_maturity_name,1.0,1,1,BERKSHIRE HATHAWAY FIN,US084664CQ25,14494000.0,0.040059051594,BERKSHIRE HATHAWAY FINANCE CORP,19131000,0.7576185249072187
477,16411QAQ4,coupon_maturity_name,1.0,1,1,CHENIERE ENERGY PARTNERS,US16411QAQ47,11166000.0,0.039307514484,CHENIERE ENERGY PARTNERS LP,14897000,0.7495468886352957
478,31620MCE4,coupon_maturity_name,0.6,1,1,FIDELITY NATL INFO SERV,US31620MCE49,12236000.0,0.040752973604,FIDELITY NATIONAL INFORMATION SERV,15443000,0.7923330959010555
479,87264ACT0,coupon_maturity_name,1.0,1,1,T-MOBILE USA INC,US87264ACT07,20459000.0,0.045613396543,T-MOBILE USA INC,24258000,0.8433918707230604
480,06051GMW6,coupon_maturity_name,1.0,1,1,BANK OF AMERICA CORP,US06051GMW68,12730000.0,0.043610682815,BANK OF AMERICA CORP MTN,15173000,0.8389903117379556
481,775109CK5,coupon_maturity_name,0.6666666666666666,1,1,ROGERS COMMUNICATIONS IN,US775109CK50,12861000.0,0.034346831404,ROGERS COMMUNICATIONS INC,19742000,0.6514537534191065
482,20030NDG3,coupon_maturity_name,1.0,1,1,COMCAST CORP,US20030NDG34,12609000.0,0.040740362564,COMCAST CORPORATION,16144000,0.7810332011892963
483,254687EH5,coupon_maturity_name,1.0,1,1,WALT DISNEY COMPANY/THE,US254687EH59,10064000.0,0.038053623741,WALT DISNEY CO,13829000,0.7277460409284836
484,06051GFC8,coupon_maturity_name,1.0,1,1,BANK OF AMERICA CORP,US06051GFC87,15501000.0,0.048886835209,BANK OF AMERICA CORP MTN,16747000,0.9255986146772557
485,17275RBU5,coupon_maturity_name,1.0,1,1,CISCO SYSTEMS INC,US17275RBU59,17108000.0,0.054635877901,CISCO SYSTEMS INC,16416000,1.0421539961013646
486,30303M8T2,coupon_maturity_name,1.0,1,1,META PLATFORMS INC,US30303M8T23,14939000.0,0.050039310677,META PLATFORMS INC,15301000,0.9763414155937521
487,43849RAF2,coupon_maturity_name,1.0,1,1,HONEYWELL AEROSPACE INC,US43849RAF29,12475000.0,0.041247925593,HONEYWELL AEROSPACE INC 144A,15533000,0.8031288225069207
488,68389XBJ3,coupon_maturity_name,1.0,1,1,ORACLE CORP,US68389XBJ37,21398000.0,0.049929682014,ORACLE CORPORATION,24241000,0.882719359762386
489,404119CL1,coupon_maturity_name,1.0,1,1,HCA INC,US404119CL13,15705000.0,0.042465457459,HCA INC,19212000,0.8174578388507183
490,38141GB60,coupon_maturity_name,1.0,1,1,GOLDMAN SACHS GROUP INC,US38141GB607,9722000.0,0.032574083429,GOLDMAN SACHS GROUP INC/THE,15267000,0.6367983231807166
491,00206RJZ6,coupon_maturity_name,1.0,2,1,AT&T INC,US00206RJZ64,18041000.0,0.047046745115,AT&T INC,20230000,0.8917943648047454
492,89115A2E1,coupon_maturity_name,1.0,1,1,TORONTO-DOMINION BANK,US89115A2E11,14069000.0,0.046500663834,TORONTO-DOMINION BANK/THE MTN,15616000,0.9009349385245902
493,,no_coupon_maturity_candidates,,0,0,,,,,AMAZON.COM INC,15589000,
494,02079KAZ0,coupon_maturity_name,1.0,1,1,ALPHABET INC,US02079KAZ03,18855000.0,0.06170537552,ALPHABET INC,16220000,1.1624537607891492
495,92343VFE9,coupon_maturity_name,1.0,1,1,VERIZON COMMUNICATIONS,US92343VFE92,14342000.0,0.045884445625,VERIZON COMMUNICATIONS INC,15992000,0.8968234117058529
496,37940XAW2,coupon_maturity_name,1.0,1,1,GLOBAL PAYMENTS INC,US37940XAW20,10873000.0,0.035861418511,GLOBAL PAYMENTS INC,15438000,0.7043010752688172
497,38141GVS0,coupon_maturity_name,1.0,1,1,GOLDMAN SACHS GROUP INC,US38141GVS01,12793000.0,0.037942634893,GOLDMAN SACHS GROUP INC/THE,17653000,0.7246926867954455
498,404280FL8,coupon_maturity_size,0.3333333333333333,1,0,HSBC HOLDINGS PLC,US404280FL88,19291000.0,0.06395411274,HSBC HOLDINGS PLC FXD-TO-FLT,15278000,1.2626652703233407
499,46625HJB7,coupon_maturity_name,1.0,2,1,JPMORGAN CHASE & CO,US46625HJB78,12201000.0,0.041565975028,JPMORGAN CHASE & CO,15269000,0.7990700111336695
500,,no_coupon_maturity_candidates,,0,0,,,,,AMAZON.COM INC,15229000,
501,66989HAH1,coupon_maturity_name,1.0,1,1,NOVARTIS CAPITAL CORP,US66989HAH12,15585000.0,0.046016502232,NOVARTIS CAPITAL CORP,17622000,0.8844058563159687
502,87264ACB9,coupon_maturity_name,1.0,1,1,T-MOBILE USA INC,US87264ACB98,13332000.0,0.040739735757,T-MOBILE USA INC,16620000,0.8021660649819494
503,713448GK8,coupon_maturity_name,1.0,1,1,PEPSICO INC,US713448GK81,10644000.0,0.036048258609,PEPSICO INC,14911000,0.7138354235128429
504,037833DU1,coupon_maturity_name,1.0,1,1,APPLE INC,US037833DU14,10440000.0,0.031789687559,APPLE INC,16716000,0.624551328068916
505,06051GGG8,coupon_maturity_name,1.0,1,1,BANK OF AMERICA CORP,US06051GGG82,16640000.0,0.047549491625,BANK OF AMERICA CORP MTN,18332000,0.9077023783547894
506,032095BA8,coupon_maturity_name,1.0,1,1,AMPHENOL CORP,US032095BA89,12263000.0,0.03971814531,AMPHENOL CORPORATION,15570000,0.7876043673731535
507,375558AX1,coupon_maturity_name,1.0,1,1,GILEAD SCIENCES INC,US375558AX11,11753000.0,0.035984388135,GILEAD SCIENCES INC,16788000,0.7000833928996902
508,92857WCA6,coupon_maturity_name,1.0,1,1,VODAFONE GROUP PLC,US92857WCA62,14549000.0,0.046720995609,VODAFONE GROUP PLC,16494000,0.8820783315144901
509,29278NAR4,coupon_maturity_name,0.6666666666666666,1,1,ENERGY TRANSFER LP,US29278NAR44,14180000.0,0.040594637055,ENERGY TRANSFER OPERATING LP,18094000,0.7836851995136509
510,532457DL9,coupon_maturity_name,1.0,1,1,ELI LILLY & CO,US532457DL93,11646000.0,0.038911036331,ELI LILLY AND COMPANY,15209000,0.7657308172792425
511,24703DBS9,coupon_maturity_name,0.6666666666666666,1,1,DELL INT LLC / EMC CORP,US24703DBS99,5169000.0,0.017207061008,DELL INTERNATIONAL LLC,15075000,0.3428855721393035
512,925650AD5,coupon_maturity_name,1.0,2,1,VICI PROPERTIES LP,US925650AD55,10597000.0,0.035320682647,VICI PROPERTIES LP,15242000,0.695249967195906
513,023135CJ3,coupon_maturity_name,1.0,1,1,AMAZON.COM INC,US023135CJ31,16348000.0,0.042260604898,AMAZON.COM INC,20595000,0.7937848992473902
514,785592AX4,coupon_maturity_name,1.0,1,1,SABINE PASS LIQUEFACTION,US785592AX43,13702000.0,0.045690645752,SABINE PASS LIQUEFACTION LLC,15065000,0.9095253899767674
515,11135FAQ4,coupon_maturity_name,1.0,1,1,BROADCOM INC,US11135FAQ46,9470000.0,0.031207465951,BROADCOM INC,15274000,0.6200078564881498
516,24422EXX2,coupon_maturity_name,1.0,1,1,JOHN DEERE CAPITAL CORP,US24422EXX20,7725000.0,0.025778853369,JOHN DEERE CAPITAL CORP MTN,14952000,0.516653290529695
517,29273VAW0,coupon_maturity_name,1.0,1,1,ENERGY TRANSFER LP,US29273VAW00,12997000.0,0.042113614125,ENERGY TRANSFER LP,15835000,0.8207767603410168
518,172967LU3,coupon_maturity_name,1.0,1,1,CITIGROUP INC,US172967LU33,21670000.0,0.063156045919,CITIGROUP INC,17075000,1.2691068814055637
519,404280DM8,coupon_maturity_name,1.0,2,2,HSBC HOLDINGS PLC,US404280DM89,5923000.0,0.02113436583,HSBC HOLDINGS PLC,13702000,0.43227266092541233
520,110122CQ9,coupon_maturity_name,1.0,1,1,BRISTOL-MYERS SQUIBB CO,US110122CQ99,15769000.0,0.04732567501,BRISTOL-MYERS SQUIBB CO,16958000,0.9298855997169477
521,606822BX1,coupon_maturity_name,1.0,1,1,MITSUBISHI UFJ FIN GRP,US606822BX18,14783000.0,0.043871068765,MITSUBISHI UFJ FINANCIAL GROUP INC,16929000,0.8732352767440487
522,68389XAM7,coupon_maturity_name,1.0,1,1,ORACLE CORP,US68389XAM74,14745000.0,0.044425841363,ORACLE CORPORATION,17847000,0.8261892755084889
523,037833BH2,coupon_maturity_name,1.0,1,1,APPLE INC,US037833BH21,14321000.0,0.042164151059,APPLE INC,17461000,0.8201706660557815
524,05526DBF1,coupon_maturity_name,1.0,1,1,BAT CAPITAL CORP,US05526DBF15,14677000.0,0.040610368697,BAT CAPITAL CORP,18036000,0.8137613661565757
525,404119BZ1,coupon_maturity_name,1.0,1,1,HCA INC,US404119BZ18,14501000.0,0.043444500405,HCA INC,17033000,0.8513473844889332
526,02209SAR4,coupon_maturity_name,1.0,1,1,ALTRIA GROUP INC,US02209SAR40,12545000.0,0.039355888855,ALTRIA GROUP INC,15852000,0.7913827908150391
527,83444MAR2,coupon_maturity_name,1.0,1,1,SOLVENTUM CORP,US83444MAR25,13356000.0,0.045975187191,SOLVENTUM CORP,14328000,0.9321608040201005
528,031162DW7,coupon_maturity_name,1.0,1,1,AMGEN INC,US031162DW73,12010000.0,0.039514950355,AMGEN INC,14969000,0.8023248045961654
529,172967NE7,coupon_maturity_name,1.0,1,1,CITIGROUP INC,US172967NE72,8903000.0,0.026539544918,CITIGROUP INC,16655000,0.5345541879315521
530,68389XCT0,coupon_maturity_name,1.0,1,1,ORACLE CORP,US68389XCT00,14205000.0,0.044384263451,ORACLE CORPORATION,16417000,0.8652616190534203
531,94974BFP0,coupon_maturity_name,1.0,1,1,WELLS FARGO & COMPANY,US94974BFP04,16562000.0,0.052360870409,WELLS FARGO & COMPANY,15751000,1.0514887943622626
532,02079KBQ9,coupon_maturity_name,1.0,1,1,ALPHABET INC,US02079KBQ94,12533000.0,0.041715417223,ALPHABET INC,15365000,0.8156849983729255
533,37940XAY8,coupon_maturity_name,1.0,1,1,GLOBAL PAYMENTS INC,US37940XAY85,12701000.0,0.041561630931,GLOBAL PAYMENTS INC,15080000,0.8422413793103448
534,68389XCQ6,coupon_maturity_name,1.0,1,1,ORACLE CORP,US68389XCQ60,16136000.0,0.044868573462,ORACLE CORPORATION,19028000,0.8480134538574732
535,91159HJW1,coupon_maturity_name,1.0,1,1,US BANCORP,US91159HJW16,12069000.0,0.039978235686,US BANCORP (FXD-FRN) MTN,14626000,0.8251743470531929
536,00774MAY1,coupon_maturity_name,0.6,1,1,AERCAP IRELAND CAP/GLOBA,US00774MAY12,12108000.0,0.036183210083,AERCAP IRELAND CAPITAL DAC,16485000,0.7344858962693358
537,05964HAZ8,coupon_maturity_name,1.0,1,1,BANCO SANTANDER SA,US05964HAZ82,10976000.0,0.0413230759,BANCO SANTANDER SA,13062000,0.8403001071811361
538,75513ECW9,coupon_maturity_name,1.0,1,1,RTX CORP,US75513ECW93,12741000.0,0.045942757137,RTX CORP,13514000,0.9428000591978689
539,26442CBJ2,coupon_maturity_name,1.0,2,1,DUKE ENERGY CAROLINAS,US26442CBJ27,8449000.0,0.028756431546,DUKE ENERGY CAROLINAS LLC,14626000,0.5776699029126213
540,718172CX5,coupon_maturity_name,0.5,1,1,PHILIP MORRIS INTL INC,US718172CX57,10371000.0,0.036555538354,PHILIP MORRIS INTERNATIONAL INC,13899000,0.7461687891215195
541,46625HHV5,coupon_maturity_name,1.0,1,1,JPMORGAN CHASE & CO,US46625HHV50,9038000.0,0.030970143682,JPMORGAN CHASE & CO,14399000,0.6276824779498577
542,17275RBZ4,coupon_maturity_name,1.0,1,1,CISCO SYSTEMS INC,US17275RBZ47,6115000.0,0.020817419854,CISCO SYSTEMS INC,14282000,0.4281613219437054
543,22160KAP0,coupon_maturity_name,1.0,1,1,COSTCO WHOLESALE CORP,US22160KAP03,11111000.0,0.033801746473,COSTCO WHOLESALE CORPORATION,16072000,0.6913265306122449
544,35671DBC8,coupon_maturity_name,1.0,1,1,FREEPORT-MCMORAN INC,US35671DBC83,12858000.0,0.041958437697,FREEPORT-MCMORAN INC,15098000,0.8516359782752683
545,233835AQ0,coupon_maturity_name,0.4,1,1,MERCEDES-BENZ FIN NA,US233835AQ08,9415000.0,0.036451255846,MERCEDES-BENZ FINANCE NORTH AMERIC,12706000,0.740988509365654
546,11135FCK5,coupon_maturity_name,1.0,1,1,BROADCOM INC,US11135FCK57,15581000.0,0.052283953373,BROADCOM INC,14611000,1.0663883375538978
547,775109CH2,coupon_maturity_name,0.6666666666666666,1,1,ROGERS COMMUNICATIONS IN,US775109CH22,12111000.0,0.038018370405,ROGERS COMMUNICATIONS INC,15430000,0.7848995463383021
548,931142EY5,coupon_maturity_name,1.0,1,1,WALMART INC,US931142EY50,10835000.0,0.036028077439,WALMART INC,14579000,0.7431922628438165
549,89788MAU6,coupon_maturity_name,1.0,1,1,TRUIST FINANCIAL CORP,US89788MAU62,7785000.0,0.026427149918,TRUIST FINANCIAL CORP MTN,14288000,0.5448628219484882
550,91324PED0,coupon_maturity_name,1.0,1,1,UNITEDHEALTH GROUP INC,US91324PED06,13534000.0,0.040749629517,UNITEDHEALTH GROUP INC,16146000,0.8382261860522731
551,125523CZ1,coupon_maturity_name,1.0,1,1,CIGNA GROUP/THE,US125523CZ18,8785000.0,0.02959446165,CIGNA GROUP,14619000,0.6009302961898899
552,438516CF1,coupon_maturity_name,1.0,1,1,HONEYWELL INTERNATIONAL,US438516CF18,10848000.0,0.031659601122,HONEYWELL INTERNATIONAL INC,16564000,0.6549142719149964
553,023135CR5,coupon_maturity_name,1.0,1,1,AMAZON.COM INC,US023135CR56,16357000.0,0.055403861868,AMAZON.COM INC,14390000,1.1366921473245308
554,913017CX5,coupon_maturity_size,0.0,1,0,RTX CORP,US913017CX53,11468000.0,0.033243300469,RAYTHEON TECHNOLOGIES CORPORATION,16942000,0.6768976508086413
555,03740MAD2,coupon_maturity_name,1.0,1,1,AON NORTH AMERICA INC,US03740MAD20,12868000.0,0.04412825081,AON NORTH AMERICA INC,13921000,0.9243588822642052
556,606822DV3,coupon_maturity_name,1.0,1,1,MITSUBISHI UFJ FIN GRP,US606822DV34,13568000.0,0.045675322164,MITSUBISHI UFJ FINANCIAL GROUP INC,14350000,0.9455052264808362
557,874060AY2,coupon_maturity_name,1.0,1,1,TAKEDA PHARMACEUTICAL,US874060AY21,10891000.0,0.027705818457,TAKEDA PHARMACEUTICAL CO LTD,19318000,0.5637747178796977
558,902613AY4,coupon_maturity_name,1.0,1,1,UBS GROUP AG,US902613AY48,13709000.0,0.041666132257,UBS GROUP AG,16100000,0.8514906832298137
559,00206RNK4,coupon_maturity_name,1.0,1,1,AT&T INC,US00206RNK40,12684000.0,0.041744548149,AT&T INC,14971000,0.8472379934540111
560,931142FD0,coupon_maturity_name,1.0,1,1,WALMART INC,US931142FD05,12141000.0,0.039870396148,WALMART INC,14641000,0.8292466361587323
561,666807BP6,coupon_maturity_name,1.0,1,1,NORTHROP GRUMMAN CORP,US666807BP60,14914000.0,0.039820182959,NORTHROP GRUMMAN CORP,18312000,0.814438619484491
562,125523CW8,coupon_maturity_name,1.0,1,1,CIGNA GROUP/THE,US125523CW86,12570000.0,0.040531379285,CIGNA GROUP,14884000,0.8445310400429992
563,023135BM7,coupon_maturity_name,1.0,1,1,AMAZON.COM INC,US023135BM78,15927000.0,0.041942094324,AMAZON.COM INC,18942000,0.8408299018055115
564,43849RAE5,coupon_maturity_name,1.0,1,1,HONEYWELL AEROSPACE INC,US43849RAE53,12543000.0,0.041467588054,HONEYWELL AEROSPACE INC 144A,14330000,0.8752965806001396
565,80281LAV7,coupon_maturity_name,1.0,1,1,SANTANDER UK GROUP HLDGS,US80281LAV71,12606000.0,0.043397442066,SANTANDER UK GROUP HOLDINGS PLC,13725000,0.9184699453551912
566,89157XAB7,coupon_maturity_name,1.0,1,1,TOTALENERGIES CAPITAL SA,US89157XAB73,12665000.0,0.041264356602,TOTALENERGIES CAPITAL SA,14828000,0.8541273266792555
567,91159HJT8,coupon_maturity_name,1.0,1,1,US BANCORP,US91159HJT86,8575000.0,0.029168485009,US BANCORP MTN,13744000,0.6239086146682189
568,92343VFU3,coupon_maturity_name,1.0,1,1,VERIZON COMMUNICATIONS,US92343VFU35,19542000.0,0.040469777039,VERIZON COMMUNICATIONS INC,23890000,0.8179991628296358
569,191216DT4,coupon_maturity_name,1.0,1,1,COCA-COLA CO/THE,US191216DT43,11426000.0,0.036913694075,COCA-COLA CO,15012000,0.7611244337863043
570,78017DAV0,coupon_maturity_name,1.0,1,1,ROYAL BANK OF CANADA,US78017DAV01,12197000.0,0.040593582349,ROYAL BANK OF CANADA MTN,14180000,0.8601551480959098
571,78016FZX5,coupon_maturity_name,1.0,1,1,ROYAL BANK OF CANADA,US78016FZX58,13168000.0,0.044669378848,ROYAL BANK OF CANADA MTN,13781000,0.955518467455192
572,337738BH0,coupon_maturity_name,1.0,1,1,FISERV INC,US337738BH05,9129000.0,0.031051668827,FISERV INC,13755000,0.6636859323882225
573,704326AB3,coupon_maturity_name,1.0,1,1,PAYCHEX INC,US704326AB35,12749000.0,0.043360420624,PAYCHEX INC,13798000,0.923974489056385
574,097023DU6,coupon_maturity_name,1.0,1,1,BOEING CO/THE,US097023DU67,10377000.0,0.039791981867,BOEING CO,12621000,0.8222010934157357
575,110122DU9,coupon_maturity_name,1.0,1,1,BRISTOL-MYERS SQUIBB CO,US110122DU92,13047000.0,0.040113053693,BRISTOL-MYERS SQUIBB CO,15329000,0.8511318416074108
576,571903BU6,coupon_maturity_name,1.0,1,1,MARRIOTT INTERNATIONAL,US571903BU68,11286000.0,0.038257085663,MARRIOTT INTERNATIONAL INC,13949000,0.8090902573661194
577,06418GBF3,coupon_maturity_name,1.0,1,1,BANK OF NOVA SCOTIA,US06418GBF37,6250000.0,0.021034013991,BANK OF NOVA SCOTIA (FXD-FRN) MTN,14040000,0.44515669515669515
578,95000U4B6,coupon_maturity_name,1.0,1,1,WELLS FARGO & COMPANY,US95000U4B65,12353000.0,0.04051356855,WELLS FARGO & COMPANY MTN,14292000,0.864329694934229
579,161175BU7,coupon_maturity_size,0.3333333333333333,1,0,CHARTER COMM OPT LLC/CAP,US161175BU77,11169000.0,0.03348704586,CHARTER COMMUNICATIONS OPERATING L,15735000,0.7098188751191611
580,855244AZ2,coupon_maturity_name,1.0,1,1,STARBUCKS CORP,US855244AZ28,12344000.0,0.03801945543,STARBUCKS CORPORATION,15242000,0.8098674714604382
581,89788MAP7,coupon_maturity_name,1.0,1,1,TRUIST FINANCIAL CORP,US89788MAP77,13812000.0,0.048302902709,TRUIST FINANCIAL CORP MTN,13496000,1.0234143449911084
582,94974BGE4,coupon_maturity_name,1.0,1,1,WELLS FARGO & COMPANY,US94974BGE48,15661000.0,0.044719782147,WELLS FARGO & COMPANY,16591000,0.9439455126273281
583,278058DX7,coupon_maturity_name,1.0,1,1,EATON CORP,US278058DX76,12309000.0,0.040658412138,EATON CORPORATION,14107000,0.8725455447650102
584,68389XCZ6,coupon_maturity_name,1.0,1,1,ORACLE CORP,US68389XCZ69,13208000.0,0.044008009648,ORACLE CORPORATION,14151000,0.9333615998869338
585,61772BAC7,coupon_maturity_name,1.0,2,1,MORGAN STANLEY,US61772BAC72,13413000.0,0.034377733726,MORGAN STANLEY,18588000,0.7215945771465462
586,404280CH0,coupon_maturity_name,1.0,1,1,HSBC HOLDINGS PLC,US404280CH04,8865000.0,0.027564757332,HSBC HOLDINGS PLC,15031000,0.5897811190206905
587,87264AAX3,coupon_maturity_name,1.0,1,1,T-MOBILE USA INC,US87264AAX37,13571000.0,0.040426422493,T-MOBILE USA INC,15985000,0.8489834219580857
588,478160BV5,coupon_maturity_name,1.0,1,1,JOHNSON & JOHNSON,US478160BV55,14801000.0,0.039796368002,JOHNSON & JOHNSON,17512000,0.8451918684330745
589,674599DF9,coupon_maturity_name,0.6666666666666666,1,1,OCCIDENTAL PETROLEUM COR,US674599DF90,12793000.0,0.046645249051,OCCIDENTAL PETROLEUM CORPORATION,12833000,0.996883035923011
590,459200KB6,coupon_maturity_size,0.0,1,0,IBM CORP,US459200KB68,14201000.0,0.041710645865,INTERNATIONAL BUSINESS MACHINES CO,16365000,0.8677665750076382
591,87264ABT1,coupon_maturity_name,1.0,1,1,T-MOBILE USA INC,US87264ABT16,8526000.0,0.026407185686,T-MOBILE USA INC,14958000,0.569995988768552
592,58933YAT2,coupon_maturity_name,1.0,1,1,MERCK & CO INC,US58933YAT29,12393000.0,0.032607665057,MERCK & CO INC,17802000,0.6961577350859454
593,68389XDA0,coupon_maturity_name,1.0,1,1,ORACLE CORP,US68389XDA00,13545000.0,0.044091826324,ORACLE CORPORATION,14661000,0.9238796807857581
594,254687FZ4,coupon_maturity_name,1.0,1,1,WALT DISNEY COMPANY/THE,US254687FZ49,17761000.0,0.043658328072,WALT DISNEY CO,19558000,0.9081194396155026
595,46590XAX4,coupon_maturity_name,1.0,1,1,JBS NV/USA FOODS/FOOD CO,US46590XAX49,11311000.0,0.03837830088,JBS NV/USA FOODS/FOOD CO,14071000,0.8038518939663137
596,023135BS4,coupon_maturity_name,1.0,1,1,AMAZON.COM INC,US023135BS49,15916000.0,0.047825943506,AMAZON.COM INC,15499000,1.0269049616104264
597,46647PEJ1,coupon_maturity_name,1.0,1,1,JPMORGAN CHASE & CO,US46647PEJ12,13462000.0,0.045613852311,JPMORGAN CHASE & CO,13771000,0.9775615423716506
598,126650EL0,coupon_maturity_name,1.0,2,1,CVS HEALTH CORP,US126650EL07,9581000.0,0.032670473002,CVS HEALTH CORP,13660000,0.7013909224011713
599,79466LAV6,coupon_maturity_name,1.0,1,1,SALESFORCE INC,US79466LAV62,11406000.0,0.03910473524,SALESFORCE INC,13837000,0.8243116282431163
600,00724PAD1,coupon_maturity_name,1.0,1,1,ADOBE INC,US00724PAD15,10602000.0,0.032966778112,ADOBE INC,14817000,0.7155294594047378
601,254687FS0,coupon_maturity_name,1.0,1,1,WALT DISNEY COMPANY/THE,US254687FS06,13372000.0,0.039501730337,WALT DISNEY CO,15984000,0.8365865865865866
602,717081FF5,coupon_maturity_name,1.0,2,1,PFIZER INC,US717081FF58,8232000.0,0.027374271696,PFIZER INC,14045000,0.5861160555357778
603,42824CBW8,coupon_maturity_size,0.25,1,0,HP ENTERPRISE CO,US42824CBW82,9704000.0,0.030017208599,HEWLETT PACKARD ENTERPRISE CO,15197000,0.6385470816608542
604,37045XEY8,coupon_maturity_name,0.6666666666666666,1,1,GENERAL MOTORS FINL CO,US37045XEY85,6792000.0,0.023473109624,GENERAL MOTORS FINANCIAL COMPANY I,13467000,0.5043439518823791
605,11135FBY6,coupon_maturity_name,1.0,1,1,BROADCOM INC,US11135FBY60,10809000.0,0.037059552513,BROADCOM INC,13542000,0.7981834293309703
606,91324PFC1,coupon_maturity_name,1.0,1,1,UNITEDHEALTH GROUP INC,US91324PFC14,12508000.0,0.039270899854,UNITEDHEALTH GROUP INC,14874000,0.8409304827215275
607,00440KAD5,coupon_maturity_name,1.0,1,1,ACCENTURE CAPITAL INC,US00440KAD54,10397000.0,0.033758546245,ACCENTURE CAPITAL INC,14426000,0.7207126022459448
608,68389XDT9,coupon_maturity_name,1.0,1,1,ORACLE CORP,US68389XDT90,17415000.0,0.050357469739,ORACLE CORPORATION,17312000,1.005949630314233
609,66989HAR9,coupon_maturity_name,1.0,1,1,NOVARTIS CAPITAL CORP,US66989HAR93,16508000.0,0.050703206409,NOVARTIS CAPITAL CORP,14954000,1.1039186839641568
610,002824BG4,coupon_maturity_name,1.0,1,1,ABBOTT LABORATORIES,US002824BG43,11894000.0,0.038992376671,ABBOTT LABORATORIES,14220000,0.8364275668073137
611,594918BZ6,coupon_maturity_name,1.0,1,1,MICROSOFT CORP,US594918BZ68,9340000.0,0.029786375967,MICROSOFT CORPORATION,14620000,0.6388508891928865
612,316773DL1,coupon_maturity_name,1.0,1,1,FIFTH THIRD BANCORP,US316773DL15,6132000.0,0.021212221967,FIFTH THIRD BANCORP,13091000,0.46841341379573753
613,92343VCQ5,coupon_maturity_name,1.0,1,1,VERIZON COMMUNICATIONS,US92343VCQ59,12035000.0,0.038520853172,VERIZON COMMUNICATIONS INC,14509000,0.8294851471500448
614,78017DAC2,coupon_maturity_name,1.0,1,1,ROYAL BANK OF CANADA,US78017DAC20,8712000.0,0.029685422101,ROYAL BANK OF CANADA (FX-FRN) MTN,13274000,0.656320626789212
615,10373QBG4,coupon_maturity_name,1.0,1,1,BP CAP MARKETS AMERICA,US10373QBG47,15838000.0,0.034745731129,BP CAPITAL MARKETS AMERICA INC,21297000,0.7436728177677607
616,00206RNJ7,coupon_maturity_name,1.0,1,1,AT&T INC,US00206RNJ76,11420000.0,0.037379098151,AT&T INC,14241000,0.8019099782318657
617,482480AL4,coupon_maturity_name,1.0,1,1,KLA CORP,US482480AL46,9316000.0,0.031394609547,KLA CORP,13802000,0.6749746413563251
618,693475AZ8,coupon_maturity_name,1.0,1,1,PNC FINANCIAL SERVICES,US693475AZ80,14819000.0,0.046426215579,PNC FINANCIAL SERVICES GROUP INC (,14698000,1.0082324125731392
619,023135CA2,coupon_maturity_name,1.0,1,1,AMAZON.COM INC,US023135CA22,14373000.0,0.035900015398,AMAZON.COM INC,18817000,0.7638305787319977
620,20825CAQ7,coupon_maturity_name,1.0,1,1,CONOCOPHILLIPS,US20825CAQ78,12805000.0,0.047620127098,CONOCOPHILLIPS,12168000,1.0523504273504274
621,61746BEG7,coupon_maturity_name,1.0,1,1,MORGAN STANLEY,US61746BEG77,15670000.0,0.044127677826,MORGAN STANLEY,16755000,0.9352432109817965
622,345397E66,coupon_maturity_name,1.0,1,1,FORD MOTOR CREDIT CO LLC,US345397E664,10837000.0,0.036883149711,FORD MOTOR CREDIT COMPANY LLC,13316000,0.8138329828777411
623,718172DH9,coupon_maturity_name,0.5,1,1,PHILIP MORRIS INTL INC,US718172DH98,8152000.0,0.027956097739,PHILIP MORRIS INTERNATIONAL INC,13113000,0.6216731487836498
624,404280EE5,coupon_maturity_name,1.0,1,1,HSBC HOLDINGS PLC,US404280EE54,10137000.0,0.035054599902,HSBC HOLDINGS PLC,13068000,0.7757116620752984
625,35137LAN5,coupon_maturity_name,1.0,1,1,FOX CORP,US35137LAN55,7208000.0,0.026013478167,FOX CORP,12612000,0.5715191880748494
626,606822DF8,coupon_maturity_name,1.0,1,1,MITSUBISHI UFJ FIN GRP,US606822DF83,9824000.0,0.03359759902,MITSUBISHI UFJ FINANCIAL GROUP INC,13310000,0.73809166040571
627,91324PFM9,coupon_maturity_name,1.0,1,1,UNITEDHEALTH GROUP INC,US91324PFM95,13211000.0,0.043046340136,UNITEDHEALTH GROUP INC,14390000,0.9180681028492008
628,20030NBH3,coupon_maturity_name,1.0,1,1,COMCAST CORP,US20030NBH35,13974000.0,0.045188780087,COMCAST CORPORATION,14366000,0.9727133509675623
629,822905AE5,coupon_maturity_name,1.0,1,1,SHELL FINANCE US INC,US822905AE56,13442000.0,0.036114343926,SHELL FINANCE US INC,17238000,0.779788838612368
630,68389XBZ7,coupon_maturity_name,1.0,1,1,ORACLE CORP,US68389XBZ78,14684000.0,0.036070854402,ORACLE CORPORATION,19720000,0.7446247464503043
631,68389XBP9,coupon_maturity_name,1.0,1,1,ORACLE CORP,US68389XBP96,12673000.0,0.034611116596,ORACLE CORPORATION,17736000,0.7145354082092918
632,66989HBG2,coupon_maturity_name,1.0,1,1,NOVARTIS CAPITAL CORP,US66989HBG20,11092000.0,0.037044259178,NOVARTIS CAPITAL CORP,13477000,0.8230318320100912
633,94974BGT1,coupon_maturity_name,1.0,1,1,WELLS FARGO & COMPANY,US94974BGT17,13385000.0,0.036555451156,WELLS FARGO & COMPANY,16957000,0.7893495311670696
634,65473PAU9,coupon_maturity_name,1.0,1,1,NISOURCE INC,US65473PAU93,10589000.0,0.03516225064,NISOURCE INC,13834000,0.7654329911811479
635,38141EC31,coupon_maturity_name,1.0,1,1,GOLDMAN SACHS GROUP INC,US38141EC311,12998000.0,0.039177605667,GOLDMAN SACHS GROUP INC/THE MTN,15479000,0.839718328057368
636,548661DQ7,coupon_maturity_name,0.5,1,1,LOWE'S COS INC,US548661DQ70,13045000.0,0.034210716336,LOWES COMPANIES INC,17582000,0.7419519963599136
637,693475BZ7,coupon_maturity_name,1.0,1,1,PNC FINANCIAL SERVICES,US693475BZ71,8561000.0,0.029153445278,PNC FINANCIAL SERVICES GROUP INC (,13085000,0.6542606037447459
638,20030NDA6,coupon_maturity_name,1.0,1,1,COMCAST CORP,US20030NDA63,12453000.0,0.03911795828,COMCAST CORPORATION,14307000,0.8704130845040889
639,594918BT0,coupon_maturity_name,1.0,1,1,MICROSOFT CORP,US594918BT09,12373000.0,0.032890088288,MICROSOFT CORPORATION,17452000,0.7089731835892734
640,94974BGU8,coupon_maturity_name,1.0,1,1,WELLS FARGO & COMPANY,US94974BGU89,14613000.0,0.041747137571,WELLS FARGO & COMPANY MTN,16106000,0.9073016267229604
641,46590XBA3,coupon_maturity_size,0.25,1,0,JBS NV/USA FOODS/FOOD CO,US46590XBA37,9623000.0,0.032320383068,JBS NV 144A,13503000,0.7126564467155447
642,20030NCU3,coupon_maturity_name,1.0,1,1,COMCAST CORP,US20030NCU37,11005000.0,0.036523893722,COMCAST CORPORATION,13647000,0.8064043379497325
643,81762PAE2,coupon_maturity_name,1.0,1,1,SERVICENOW INC,US81762PAE25,206000.0,0.00060684381,SERVICENOW INC,15265000,0.013494923026531281
644,911312AJ5,coupon_maturity_name,1.0,1,1,UNITED PARCEL SERVICE,US911312AJ59,12190000.0,0.044452970456,UNITED PARCEL SERVICE INC,12533000,0.9726322508577355
645,87264ACW3,coupon_maturity_name,1.0,1,1,T-MOBILE USA INC,US87264ACW36,12195000.0,0.039008087631,T-MOBILE USA INC,14731000,0.8278460389654471
646,002824BS8,coupon_maturity_name,1.0,1,1,ABBOTT LABORATORIES,US002824BS80,10556000.0,0.034627756584,ABBOTT LABORATORIES,13587000,0.7769191138588356
647,682680CD3,coupon_maturity_name,1.0,1,1,ONEOK INC,US682680CD39,8976000.0,0.029945394624,ONEOK INC,13391000,0.6703009483981779
648,29279FAA7,coupon_maturity_name,1.0,1,1,ENERGY TRANSFER LP,US29279FAA75,12508000.0,0.042063906967,ENERGY TRANSFER LP,13450000,0.9299628252788104
649,404119CK3,coupon_maturity_name,1.0,1,1,HCA INC,US404119CK30,14201000.0,0.044363087106,HCA INC,14238000,0.9974013204101699
650,404119CT4,coupon_maturity_name,1.0,1,1,HCA INC,US404119CT49,12248000.0,0.042025060204,HCA INC,12913000,0.9485015101060946
651,126650EK2,coupon_maturity_name,1.0,1,1,CVS HEALTH CORP,US126650EK24,13044000.0,0.04430228415,CVS HEALTH CORP,13101000,0.9956491870849553
652,05971KAV1,coupon_maturity_name,1.0,1,1,BANCO SANTANDER SA,US05971KAV17,9328000.0,0.031131309154,BANCO SANTANDER SA,13300000,0.7013533834586466
653,11135FCB5,coupon_maturity_name,1.0,1,1,BROADCOM INC,US11135FCB58,13046000.0,0.04351526639,BROADCOM INC,13252000,0.9844551765771204
654,91159HJJ0,coupon_maturity_name,1.0,1,1,US BANCORP,US91159HJJ05,9909000.0,0.034795138616,US BANCORP,12694000,0.7806050102410588
655,30225VAK3,coupon_maturity_name,1.0,1,1,EXTRA SPACE STORAGE LP,US30225VAK35,7770000.0,0.026731324794,EXTRA SPACE STORAGE LP,13027000,0.5964535196131112
656,89158TAB5,coupon_maturity_name,1.0,1,1,TOTALENERGI CAP USA LLC,US89158TAB52,11597000.0,0.038445381538,TOTALENERGIES CAPITAL USA LLC,13645000,0.8499083913521437
657,94974BGQ7,coupon_maturity_name,1.0,1,1,WELLS FARGO & COMPANY,US94974BGQ77,12733000.0,0.037268973395,WELLS FARGO & COMPANY MTN,15457000,0.8237691660736236
658,907818FK9,coupon_maturity_name,1.0,1,1,UNION PACIFIC CORP,US907818FK90,16124000.0,0.037171703109,UNION PACIFIC CORPORATION,19496000,0.8270414443988511
659,88732JAJ7,coupon_maturity_name,1.0,1,1,TIME WARNER CABLE LLC,US88732JAJ79,11731000.0,0.03934480145,TIME WARNER CABLE LLC,13570000,0.8644804716285924
660,126650DY3,coupon_maturity_name,1.0,1,1,CVS HEALTH CORP,US126650DY37,11038000.0,0.037570770751,CVS HEALTH CORP,13144000,0.8397748021911138
661,16411RAN9,coupon_maturity_name,1.0,1,1,CHENIERE ENERGY INC,US16411RAN98,11481000.0,0.039645493701,CHENIERE ENERGY INC,12859000,0.8928377012209348
662,04316JAN9,coupon_maturity_name,1.0,1,1,ARTHUR J GALLAGHER & CO,US04316JAN90,9083000.0,0.030257965645,ARTHUR J GALLAGHER & CO,13214000,0.6873770243680944
663,47233WEJ4,coupon_maturity_name,1.0,1,1,JEFFERIES FIN GROUP INC,US47233WEJ45,10463000.0,0.036276195669,JEFFERIES FINANCIAL GROUP INC,12767000,0.819534737996397
664,682680BL6,coupon_maturity_name,1.0,1,1,ONEOK INC,US682680BL63,12185000.0,0.043021532658,ONEOK INC,12466000,0.9774586876303546
665,742718FH7,coupon_maturity_name,1.0,1,1,PROCTER & GAMBLE CO/THE,US742718FH71,9217000.0,0.029555004063,PROCTER & GAMBLE CO,13764000,0.6696454519035164
666,882508BD5,coupon_maturity_name,1.0,1,1,TEXAS INSTRUMENTS INC,US882508BD51,12260000.0,0.034138338812,TEXAS INSTRUMENTS INC,16397000,0.7476977495883393
667,532457DM7,coupon_maturity_name,1.0,1,1,ELI LILLY & CO,US532457DM76,6320000.0,0.02117819461,ELI LILLY AND COMPANY,13282000,0.4758319530191236
668,,no_coupon_maturity_candidates,,0,0,,,,,VODAFONE GROUP PLC MTN,13273000,
669,00287YBD0,coupon_maturity_name,1.0,1,1,ABBVIE INC,US00287YBD04,10102000.0,0.03053711775,ABBVIE INC,14985000,0.6741408074741408
670,29273VAY6,coupon_maturity_name,1.0,1,1,ENERGY TRANSFER LP,US29273VAY65,10603000.0,0.036393020285,ENERGY TRANSFER LP,12904000,0.8216831990080595
671,55336VBX7,coupon_maturity_name,1.0,1,1,MPLX LP,US55336VBX73,9353000.0,0.031876947306,MPLX LP,13030000,0.7178050652340752
672,023135CY0,coupon_maturity_name,1.0,1,1,AMAZON.COM INC,US023135CY08,16651000.0,0.052950819016,AMAZON.COM INC,14743000,1.1294173506070677
673,10373QBT6,coupon_maturity_name,1.0,1,1,BP CAP MARKETS AMERICA,US10373QBT67,9574000.0,0.029060155556,BP CAPITAL MARKETS AMERICA INC,14637000,0.6540957846553256
674,20030NDM0,coupon_maturity_name,1.0,1,1,COMCAST CORP,US20030NDM02,12409000.0,0.036971401746,COMCAST CORPORATION,14959000,0.8295340597633531
675,404119DB2,coupon_maturity_name,1.0,1,1,HCA INC,US404119DB22,12134000.0,0.04188346961,HCA INC,12658000,0.9586032548585874
676,,no_coupon_maturity_candidates,,0,0,,,,,GENERAL MOTORS FINANCIAL COMPANY I,13083000,
677,91159HJN1,coupon_maturity_name,1.0,1,1,US BANCORP,US91159HJN17,12085000.0,0.042321466882,US BANCORP MTN,12616000,0.9579105897273303
678,91324PFK3,coupon_maturity_name,1.0,1,1,UNITEDHEALTH GROUP INC,US91324PFK30,11093000.0,0.03647948269,UNITEDHEALTH GROUP INC,13668000,0.8116037459760024
679,314352AC9,coupon_maturity_name,1.0,1,1,FEDEX FREIGHT HOLDING CO,US314352AC96,6843000.0,0.022612384509,FEDEX FREIGHT HOLDING COMPANY INC 144A,13089000,0.5228054091221637
680,084664CR0,coupon_maturity_name,1.0,1,1,BERKSHIRE HATHAWAY FIN,US084664CR08,13362000.0,0.037038046178,BERKSHIRE HATHAWAY FINANCE CORP,16387000,0.8154024531640935
681,87406BAA0,coupon_maturity_name,0.6666666666666666,1,1,TAKEDA US FIN,US87406BAA08,12667000.0,0.042619725977,TAKEDA US FINANCING INC,13228000,0.9575899606894466
682,46647PAA4,coupon_maturity_name,1.0,1,1,JPMORGAN CHASE & CO,US46647PAA49,15829000.0,0.04409021962,JPMORGAN CHASE & CO,15894000,0.9959104064426828
683,42824CAY5,coupon_maturity_size,0.25,1,0,HP ENTERPRISE CO,US42824CAY57,12485000.0,0.042910943202,HEWLETT PACKARD ENTERPRISE CO,12872000,0.9699347420758235
684,13607LWW9,coupon_maturity_name,0.6,1,1,CANADIAN IMPERIAL BANK,US13607LWW98,7690000.0,0.027587998264,CANADIAN IMPERIAL BANK OF COMMERCE,12170000,0.6318816762530813
685,58933YBZ7,coupon_maturity_name,1.0,1,1,MERCK & CO INC,US58933YBZ79,11772000.0,0.038753127211,MERCK & CO INC,13419000,0.8772635814889336
686,03523TBT4,coupon_maturity_name,1.0,1,1,ANHEUSER-BUSCH INBEV WOR,US03523TBT43,12153000.0,0.034559073687,ANHEUSER-BUSCH INBEV WORLDWIDE INC,15644000,0.7768473536180005
687,95000U4J9,coupon_maturity_name,1.0,1,1,WELLS FARGO & COMPANY,US95000U4J91,14925000.0,0.050028397702,WELLS FARGO & COMPANY MTN,12925000,1.1547388781431334
688,254687DZ6,coupon_maturity_name,1.0,1,1,WALT DISNEY COMPANY/THE,US254687DZ66,8382000.0,0.030846850985,WALT DISNEY CO,12021000,0.6972797604192663
689,458140CB4,coupon_maturity_name,1.0,1,1,INTEL CORP,US458140CB48,11625000.0,0.033041579457,INTEL CORPORATION,15653000,0.7426691369066633
690,00206RCQ3,coupon_maturity_name,1.0,1,1,AT&T INC,US00206RCQ39,11576000.0,0.032998595562,AT&T INC,15786000,0.7333079944254403
691,20030NCM1,coupon_maturity_name,1.0,1,1,COMCAST CORP,US20030NCM11,12976000.0,0.035878683057,COMCAST CORPORATION,16639000,0.7798545585672216
692,191216DP2,coupon_maturity_name,1.0,1,1,COCA-COLA CO/THE,US191216DP21,14689000.0,0.044128000295,COCA-COLA CO,14589000,1.0068544794022893
693,46625HLL2,coupon_maturity_name,1.0,1,1,JPMORGAN CHASE & CO,US46625HLL23,12885000.0,0.039763848937,JPMORGAN CHASE & CO,14436000,0.8925602660016625
694,126650DQ0,coupon_maturity_name,1.0,1,1,CVS HEALTH CORP,US126650DQ03,10537000.0,0.031058049408,CVS HEALTH CORP,14739000,0.714906031616799
695,25278XAZ2,coupon_maturity_name,1.0,1,1,DIAMONDBACK ENERGY INC,US25278XAZ24,6762000.0,0.023200322554,DIAMONDBACK ENERGY INC,12742000,0.5306859205776173
696,89153VAV1,coupon_maturity_name,0.5,1,1,TOTALENERGIES CAP INTL,US89153VAV18,19161000.0,0.043133491129,TOTALENERGIES CAPITAL INTERNATIONA,20028000,0.956710605152786
697,037833FA3,coupon_maturity_name,1.0,1,1,APPLE INC,US037833FA32,10447000.0,0.035544847418,APPLE INC,12863000,0.8121744538599083
698,456837BM4,coupon_maturity_name,1.0,1,1,ING GROEP NV,US456837BM48,10274000.0,0.035173353725,ING GROEP NV,12626000,0.8137177253286868
699,639057AH1,coupon_maturity_name,1.0,1,1,NATWEST GROUP PLC,US639057AH16,4886000.0,0.017259937185,NATWEST GROUP PLC,12186000,0.4009519120301986
700,,no_coupon_maturity_candidates,,0,0,,,,,BARCLAYS PLC,13132000,
701,14913V2D9,coupon_maturity_name,0.6666666666666666,1,1,CATERPILLAR FINL SERVICE,US14913V2D99,5499000.0,0.018427218994,CATERPILLAR FINANCIAL SERVICES COR MTN,12981000,0.4236191356598105
702,718547AU6,coupon_maturity_name,1.0,2,1,PHILLIPS 66 CO,US718547AU68,5843000.0,0.020024098907,PHILLIPS 66 CO,12702000,0.4600062982207526
703,58013MFA7,coupon_maturity_name,0.5,1,1,MCDONALD'S CORP,US58013MFA71,11107000.0,0.033592224526,MCDONALDS CORPORATION MTN,14703000,0.7554240631163708
704,11135FCS8,coupon_maturity_name,1.0,1,1,BROADCOM INC,US11135FCS83,17467000.0,0.043851964596,BROADCOM INC,17922000,0.9746122084588773
705,961214ET6,coupon_maturity_name,1.0,1,1,WESTPAC BANKING CORP,US961214ET65,9068000.0,0.02730396158,WESTPAC BANKING CORP,14466000,0.6268491635559242
706,02079KAK3,coupon_maturity_name,1.0,1,1,ALPHABET INC,US02079KAK34,7354000.0,0.024398092552,ALPHABET INC,13092000,0.5617170791322945
707,29250NBZ7,coupon_maturity_name,1.0,1,1,ENBRIDGE INC,US29250NBZ78,8153000.0,0.030261636433,ENBRIDGE INC,11976000,0.6807782231128925
708,92343VCV4,coupon_maturity_name,1.0,1,1,VERIZON COMMUNICATIONS,US92343VCV45,13491000.0,0.041997222411,VERIZON COMMUNICATIONS INC,14281000,0.944681744975842
709,68389XAV7,coupon_maturity_name,1.0,1,1,ORACLE CORP,US68389XAV73,12533000.0,0.038026476617,ORACLE CORPORATION,14964000,0.8375434375835338
710,548661DY0,coupon_maturity_name,0.5,1,1,LOWE'S COS INC,US548661DY05,17408000.0,0.051691591252,LOWES COMPANIES INC,14587000,1.1933913758826353
711,11135FCL3,coupon_maturity_name,1.0,1,1,BROADCOM INC,US11135FCL31,8300000.0,0.028006570676,BROADCOM INC,12982000,0.639346787860114
712,,no_coupon_maturity_candidates,,0,0,,,,,VODAFONE GROUP PLC MTN,13437000,
713,747525AV5,coupon_maturity_name,1.0,1,1,QUALCOMM INC,US747525AV54,11501000.0,0.031977494325,QUALCOMM INCORPORATED,16127000,0.7131518571339989
714,606822DG6,coupon_maturity_name,1.0,1,1,MITSUBISHI UFJ FIN GRP,US606822DG66,8579000.0,0.029238878059,MITSUBISHI UFJ FINANCIAL GROUP INC,12738000,0.6734966242738264
715,406216BK6,coupon_maturity_name,1.0,1,1,HALLIBURTON CO,US406216BK61,13849000.0,0.042170032592,HALLIBURTON COMPANY,14598000,0.9486916015892588
716,68389XCP8,coupon_maturity_name,1.0,1,1,ORACLE CORP,US68389XCP87,12010000.0,0.038750816172,ORACLE CORPORATION,13630000,0.8811445341159208
717,43849RAK1,coupon_maturity_name,1.0,1,1,HONEYWELL AEROSPACE INC,US43849RAK14,9632000.0,0.032506054334,HONEYWELL AEROSPACE INC 144A,13060000,0.7375191424196018
718,91324PEK4,coupon_maturity_name,1.0,1,1,UNITEDHEALTH GROUP INC,US91324PEK49,13375000.0,0.038497656561,UNITEDHEALTH GROUP INC,15262000,0.8763595858996199
719,,no_coupon_maturity_candidates,,0,0,,,,,MASTERCARD INC,12855000,
720,718172AC3,coupon_maturity_name,0.5,1,1,PHILIP MORRIS INTL INC,US718172AC39,11181000.0,0.041103202075,PHILIP MORRIS INTERNATIONAL INC,11802000,0.9473817996949669
721,278865BW9,coupon_maturity_name,1.0,1,1,ECOLAB INC,US278865BW98,6525000.0,0.022245999484,ECOLAB INC,12684000,0.5144276253547777
722,37045VAF7,coupon_maturity_name,1.0,1,1,GENERAL MOTORS CO,US37045VAF76,10928000.0,0.036917974712,GENERAL MOTORS CO,12806000,0.8533499921911604
723,444859CA8,coupon_maturity_name,1.0,1,1,HUMANA INC,US444859CA81,10613000.0,0.036168567495,HUMANA INC,12553000,0.8454552696566557
724,57636QAP9,coupon_maturity_name,1.0,1,1,MASTERCARD INC,US57636QAP90,11933000.0,0.03866325662,MASTERCARD INC,13228000,0.9021016026610221
725,404280CY3,coupon_maturity_name,1.0,1,1,HSBC HOLDINGS PLC,US404280CY37,12522000.0,0.037793394157,HSBC HOLDINGS PLC,14276000,0.8771364527878958
726,05964HBD6,coupon_maturity_name,1.0,1,1,BANCO SANTANDER SA,US05964HBD61,8871000.0,0.031533651481,BANCO SANTANDER SA,11991000,0.7398048536402302
727,66989HAY4,coupon_maturity_name,1.0,1,1,NOVARTIS CAPITAL CORP,US66989HAY45,7880000.0,0.026042795107,NOVARTIS CAPITAL CORP,12970000,0.607555898226677
728,06738ECU7,coupon_maturity_name,1.0,1,1,BARCLAYS PLC,US06738ECU73,13701000.0,0.046156138907,BARCLAYS PLC,12584000,1.0887635092180548
729,55336VCC2,coupon_maturity_name,1.0,1,1,MPLX LP,US55336VCC28,13063000.0,0.043906393015,MPLX LP,12718000,1.0271269067463438
730,67066GAH7,coupon_maturity_name,1.0,1,1,NVIDIA CORP,US67066GAH74,11613000.0,0.029100264025,NVIDIA CORPORATION,17976000,0.6460280373831776
731,871607AC1,coupon_maturity_name,1.0,1,1,SYNOPSYS INC,US871607AC15,11951000.0,0.040348342097,SYNOPSYS INC,12624000,0.9466888466413181
732,693475CA1,coupon_maturity_name,1.0,1,1,PNC FINANCIAL SERVICES,US693475CA12,11892000.0,0.039831284969,PNC FINANCIAL SERVICES GROUP INC (,12762000,0.9318288669487541
733,345397H48,coupon_maturity_name,1.0,1,1,FORD MOTOR CREDIT CO LLC,US345397H485,10419000.0,0.035360642036,FORD MOTOR CREDIT COMPANY LLC,12450000,0.8368674698795181
734,548661EL7,coupon_maturity_name,0.5,1,1,LOWE'S COS INC,US548661EL74,9778000.0,0.033058862369,LOWES COMPANIES INC,12657000,0.7725369360828
735,11135FBQ3,coupon_maturity_name,1.0,1,1,BROADCOM INC,US11135FBQ37,19631000.0,0.055163226503,BROADCOM INC,15430000,1.2722618276085547
736,404119CV9,coupon_maturity_name,1.0,1,1,HCA INC,US404119CV94,13531000.0,0.044396600742,HCA INC,13155000,1.0285822881033828
737,38141GZN7,coupon_maturity_name,1.0,1,1,GOLDMAN SACHS GROUP INC,US38141GZN77,13891000.0,0.035681982104,GOLDMAN SACHS GROUP INC/THE,16800000,0.8268452380952381
738,585055BU9,coupon_maturity_name,1.0,1,1,MEDTRONIC INC,US585055BU98,13207000.0,0.039621820942,MEDTRONIC INC,14291000,0.9241480652158701
739,90353TAN0,coupon_maturity_name,1.0,1,1,UBER TECHNOLOGIES INC,US90353TAN00,15016000.0,0.049900252794,UBER TECHNOLOGIES INC,12895000,1.1644823575029082
740,29379VCL5,coupon_maturity_name,1.0,2,1,ENTERPRISE PRODUCTS OPER,US29379VCL53,11280000.0,0.038101887881,ENTERPRISE PRODUCTS OPERATING LLC,12818000,0.8800124824465595
741,02079KAN7,coupon_maturity_name,1.0,1,1,ALPHABET INC,US02079KAN72,12873000.0,0.039985929847,ALPHABET INC,14495000,0.8880993446015868
742,12636YAF9,coupon_maturity_name,1.0,1,1,CRH AMERICA FINANCE INC,US12636YAF97,9956000.0,0.034140824684,CRH AMERICA FINANCE INC,12589000,0.7908491540233538
743,718546AL8,coupon_maturity_name,1.0,1,1,PHILLIPS 66,US718546AL86,12409000.0,0.037067219008,PHILLIPS 66,14427000,0.8601233797740347
744,161175CR3,coupon_maturity_size,0.3333333333333333,1,0,CHARTER COMM OPT LLC/CAP,US161175CR30,9840000.0,0.033917722946,CHARTER COMMUNICATIONS OPERATING L,12497000,0.7873889733536049
745,05946KAX9,coupon_maturity_name,1.0,1,1,BANCO BILBAO VIZCAYA ARG,US05946KAX90,6878000.0,0.023078296901,BANCO BILBAO VIZCAYA ARGENTARIA SA,12639000,0.5441886225176042
746,446150BD5,coupon_maturity_name,1.0,1,1,HUNTINGTON BANCSHARES,US446150BD56,8962000.0,0.030849455482,HUNTINGTON BANCSHARES INC,12184000,0.7355548260013132
747,437076DF6,coupon_maturity_name,1.0,1,1,HOME DEPOT INC,US437076DF60,10797000.0,0.034132421856,HOME DEPOT INC,13780000,0.7835268505079825
748,037833DW7,coupon_maturity_name,1.0,1,1,APPLE INC,US037833DW79,20999000.0,0.043604244852,APPLE INC,21219000,0.9896319336443753
749,37045XEP7,coupon_maturity_name,0.6666666666666666,1,1,GENERAL MOTORS FINL CO,US37045XEP78,9893000.0,0.034795510845,GENERAL MOTORS FINANCIAL COMPANY I,12210000,0.8102375102375102
750,06738ECL7,coupon_maturity_name,1.0,1,1,BARCLAYS PLC,US06738ECL74,11121000.0,0.040415342542,BARCLAYS PLC,11585000,0.9599482088908071
751,023135AQ9,coupon_maturity_name,1.0,1,1,AMAZON.COM INC,US023135AQ91,13412000.0,0.042343600292,AMAZON.COM INC,13945000,0.9617784152025816
752,00774MAZ8,coupon_maturity_name,0.6,1,1,AERCAP IRELAND CAP/GLOBA,US00774MAZ86,10759000.0,0.029164406905,AERCAP IRELAND CAPITAL DAC,15904000,0.6764964788732394
753,,no_coupon_maturity_candidates,,0,0,,,,,MITSUBISHI UFJ FINANCIAL GROUP INC,12601000,
754,694308JG3,coupon_maturity_name,1.0,1,1,PACIFIC GAS & ELECTRIC,US694308JG36,12069000.0,0.036355227388,PACIFIC GAS AND ELECTRIC COMPANY,13923000,0.8668390433096316
755,91324PET5,coupon_maturity_name,1.0,1,1,UNITEDHEALTH GROUP INC,US91324PET57,9988000.0,0.03412911336,UNITEDHEALTH GROUP INC,12486000,0.7999359282396283
756,585055BT2,coupon_maturity_name,1.0,1,1,MEDTRONIC INC,US585055BT26,14146000.0,0.045722855712,MEDTRONIC INC,13092000,1.080507179957226
757,00206RNF5,coupon_maturity_name,1.0,1,1,AT&T INC,US00206RNF54,11170000.0,0.037061178087,AT&T INC,12615000,0.8854538248117321
758,758750AP8,coupon_maturity_name,1.0,1,1,REGAL REXNORD CORP,US758750AP89,9366000.0,0.033338117688,REGAL REXNORD CORP,11787000,0.794604224993637
759,548661EW3,coupon_maturity_name,0.5,2,1,LOWE'S COS INC,US548661EW30,6136000.0,0.0201977484,LOWES COMPANIES INC,12794000,0.47959981241206817
760,12189LBK6,coupon_maturity_name,0.6,1,1,BURLINGTN NORTH SANTA FE,US12189LBK61,10160000.0,0.03167903733,BURLINGTON NORTHERN SANTA FE LLC,13723000,0.7403628944108431
761,695114DE5,coupon_maturity_name,1.0,1,1,PACIFICORP,US695114DE50,11878000.0,0.038088921164,PACIFICORP,13647000,0.8703744412691434
762,89114TZV7,coupon_maturity_name,1.0,1,1,TORONTO-DOMINION BANK,US89114TZV78,12818000.0,0.039670730254,TORONTO-DOMINION BANK/THE MTN,13532000,0.9472361809045227
763,501044DX6,coupon_maturity_name,1.0,1,1,KROGER CO,US501044DX60,9684000.0,0.030573521284,KROGER CO,13487000,0.7180247645881219
764,06738EDK8,coupon_maturity_name,1.0,1,1,BARCLAYS PLC,US06738EDK82,11345000.0,0.037061123559,BARCLAYS PLC,12742000,0.8903625804426307
765,35137LAK1,coupon_maturity_name,1.0,1,1,FOX CORP,US35137LAK17,11215000.0,0.035495265501,FOX CORP,13348000,0.8402007791429428
766,316773DN7,coupon_maturity_name,1.0,1,1,FIFTH THIRD BANCORP,US316773DN70,9767000.0,0.032269032206,FIFTH THIRD BANCORP,12676000,0.7705112022720101
767,88732JAU2,coupon_maturity_name,1.0,1,1,TIME WARNER CABLE LLC,US88732JAU25,9997000.0,0.033277166122,TIME WARNER CABLE LLC,12960000,0.7713734567901235
768,929160AZ2,coupon_maturity_name,1.0,2,1,VULCAN MATERIALS CO,US929160AZ21,10013000.0,0.032207310024,VULCAN MATERIALS COMPANY,13022000,0.7689295039164491
769,478160CQ5,coupon_maturity_name,1.0,1,1,JOHNSON & JOHNSON,US478160CQ51,13825000.0,0.041195448171,JOHNSON & JOHNSON,14048000,0.984125854214123
770,92343VGW8,coupon_maturity_name,1.0,1,1,VERIZON COMMUNICATIONS,US92343VGW81,7162000.0,0.022960386621,VERIZON COMMUNICATIONS INC,13444000,0.5327283546563523
771,65339KCP3,coupon_maturity_name,0.75,1,1,NEXTERA ENERGY CAPITAL,US65339KCP30,11611000.0,0.039305939375,NEXTERA ENERGY CAPITAL HOLDINGS IN,12285000,0.9451363451363451
772,548661EH6,coupon_maturity_name,0.5,1,1,LOWE'S COS INC,US548661EH62,12089000.0,0.038472368234,LOWES COMPANIES INC,13103000,0.922613142028543
773,845467AT6,coupon_maturity_name,1.0,1,1,EXPAND ENERGY CORP,US845467AT68,10989000.0,0.03619477498,EXPAND ENERGY CORP,12530000,0.8770151636073423
774,161175CA0,coupon_maturity_size,0.3333333333333333,1,0,CHARTER COMM OPT LLC/CAP,US161175CA05,16419000.0,0.035160869671,CHARTER COMMUNICATIONS OPERATING L,20329000,0.8076639283781789
775,166756BK1,coupon_maturity_name,1.0,2,1,CHEVRON USA INC,US166756BK18,13609000.0,0.045705282128,CHEVRON USA INC,12444000,1.0936194149791063
776,29273VAU4,coupon_maturity_name,1.0,1,1,ENERGY TRANSFER LP,US29273VAU44,9476000.0,0.03457060944,ENERGY TRANSFER LP,11481000,0.8253636442818569
777,46124HAG1,coupon_maturity_name,1.0,1,1,INTUIT INC,US46124HAG11,6803000.0,0.023072173315,INTUIT INC,12222000,0.5566192112583865
778,606822CX0,coupon_maturity_name,1.0,1,1,MITSUBISHI UFJ FIN GRP,US606822CX09,8840000.0,0.030414980556,MITSUBISHI UFJ FINANCIAL GROUP INC,11983000,0.7377117583242927
779,532457CN6,coupon_maturity_name,1.0,1,1,ELI LILLY & CO,US532457CN68,11604000.0,0.035495120853,ELI LILLY AND COMPANY,13789000,0.8415403582565814
780,11135FCG4,coupon_maturity_name,1.0,1,1,BROADCOM INC,US11135FCG46,5303000.0,0.018170131971,BROADCOM INC,12121000,0.43750515634023596
781,00206RDJ8,coupon_maturity_name,1.0,1,1,AT&T INC,US00206RDJ86,11109000.0,0.030153588519,AT&T INC,15687000,0.7081659973226239
782,606822DY7,coupon_maturity_name,1.0,1,1,MITSUBISHI UFJ FIN GRP,US606822DY72,9833000.0,0.033431951114,MITSUBISHI UFJ FINANCIAL GROUP INC,12404000,0.7927281522089649
783,89788MAM4,coupon_maturity_name,1.0,1,1,TRUIST FINANCIAL CORP,US89788MAM47,13909000.0,0.046709957327,TRUIST FINANCIAL CORP MTN,12218000,1.1384023571779343
784,06050TJZ6,coupon_maturity_name,1.0,1,1,BANK OF AMERICA NA,US06050TJZ66,6247000.0,0.022223672875,BANK OF AMERICA NA,11752000,0.5315690946221919
785,87264ADS1,coupon_maturity_name,1.0,2,1,T-MOBILE USA INC,US87264ADS15,8249000.0,0.028084441722,T-MOBILE USA INC,12241000,0.6738828527081121
786,58933YCG8,coupon_maturity_name,1.0,1,1,MERCK & CO INC,US58933YCG89,8851000.0,0.030079642099,MERCK & CO INC,12317000,0.7186003085166842
787,06051GHV4,coupon_maturity_name,1.0,1,1,BANK OF AMERICA CORP,US06051GHV41,14646000.0,0.047108083952,BANK OF AMERICA CORP,12756000,1.1481655691439323
788,81762PAJ1,coupon_maturity_name,1.0,1,1,SERVICENOW INC,US81762PAJ12,6591000.0,0.022292104183,SERVICENOW INC,12478000,0.5282096489822087
789,458140CQ1,coupon_maturity_name,1.0,1,1,INTEL CORP,US458140CQ17,15331000.0,0.051260037248,INTEL CORPORATION,12419000,1.2344794266849182
790,927804GX6,coupon_maturity_name,0.75,2,1,VIRGINIA ELEC & POWER CO,US927804GX64,11554000.0,0.038116494743,VIRGINIA ELECTRIC AND POWER COMPAN,12567000,0.9193920585660857
791,58933YBM6,coupon_maturity_name,1.0,1,1,MERCK & CO INC,US58933YBM66,11291000.0,0.03440596826,MERCK & CO INC,13956000,0.809042705646317
792,92343VFR0,coupon_maturity_name,1.0,1,1,VERIZON COMMUNICATIONS,US92343VFR06,11960000.0,0.035434902564,VERIZON COMMUNICATIONS INC,14111000,0.8475657288640068
793,548661EM5,coupon_maturity_name,0.5,1,1,LOWE'S COS INC,US548661EM57,14437000.0,0.04656142435,LOWES COMPANIES INC,13036000,1.107471617060448
794,86562MDP2,coupon_maturity_name,0.6666666666666666,1,1,SUMITOMO MITSUI FINL GRP,US86562MDP23,8451000.0,0.02923543848,SUMITOMO MITSUI FINANCIAL GROUP IN,12098000,0.6985452140849727
795,718546AH7,coupon_maturity_name,1.0,1,1,PHILLIPS 66,US718546AH74,10532000.0,0.035631970508,PHILLIPS 66,12182000,0.8645542603841734
796,91324PCR1,coupon_maturity_name,1.0,1,1,UNITEDHEALTH GROUP INC,US91324PCR10,12951000.0,0.038579327966,UNITEDHEALTH GROUP INC,14230000,0.9101194659170766
797,032095BB6,coupon_maturity_name,1.0,1,1,AMPHENOL CORP,US032095BB62,12341000.0,0.03925377079,AMPHENOL CORPORATION,13265000,0.9303430079155672
798,55261FAR5,coupon_maturity_name,1.0,1,1,M&T BANK CORPORATION,US55261FAR55,7425000.0,0.02476118644,M&T BANK CORPORATION,12212000,0.6080085162135604
799,49177JAP7,coupon_maturity_name,1.0,1,1,KENVUE INC,US49177JAP75,10869000.0,0.033267047769,KENVUE INC,13671000,0.7950405968839148
800,91324PEX6,coupon_maturity_name,1.0,1,1,UNITEDHEALTH GROUP INC,US91324PEX69,12798000.0,0.038193526846,UNITEDHEALTH GROUP INC,13994000,0.914534800628841
801,88339WAC0,coupon_maturity_name,1.0,2,1,WILLIAMS COMPANIES INC,US88339WAC01,8862000.0,0.029807704514,WILLIAMS COMPANIES INC,12193000,0.7268104650209136
802,406216AY7,coupon_maturity_name,1.0,1,1,HALLIBURTON CO,US406216AY74,7449000.0,0.029413866685,HALLIBURTON COMPANY,10415000,0.7152184349495919
803,76720AAS5,coupon_maturity_name,0.6666666666666666,1,1,RIO TINTO FIN USA PLC,US76720AAS50,10500000.0,0.035685727263,RIO TINTO FINANCE (USA) PLC,11963000,0.8777062609713283
804,38141GCU6,coupon_maturity_name,1.0,1,1,GOLDMAN SACHS GROUP INC,US38141GCU67,6704000.0,0.024188642426,GOLDMAN SACHS GROUP INC/THE,11251000,0.5958581459425829
805,49456BAX9,coupon_maturity_name,1.0,1,1,KINDER MORGAN INC,US49456BAX91,11928000.0,0.040769522432,KINDER MORGAN INC,12099000,0.9858666005454997
806,980236AT0,coupon_maturity_name,1.0,1,1,WOODSIDE FINANCE LTD,US980236AT06,10311000.0,0.035286885793,WOODSIDE FINANCE LTD,11955000,0.8624843161856963
807,00287YCY3,coupon_maturity_name,1.0,1,1,ABBVIE INC,US00287YCY32,9789000.0,0.031965072656,ABBVIE INC,12577000,0.7783255148286555
808,606822CK8,coupon_maturity_name,1.0,1,1,MITSUBISHI UFJ FIN GRP,US606822CK87,7992000.0,0.027061940848,MITSUBISHI UFJ FINANCIAL GROUP INC,12237000,0.6531012503064476
809,68389XDB8,coupon_maturity_name,1.0,1,1,ORACLE CORP,US68389XDB82,12707000.0,0.03728983449,ORACLE CORPORATION,14958000,0.8495119668404867
810,25278XBA6,coupon_maturity_name,1.0,1,1,DIAMONDBACK ENERGY INC,US25278XBA63,10413000.0,0.034314100907,DIAMONDBACK ENERGY INC,12702000,0.819792158715163
811,00440EAW7,coupon_maturity_name,1.0,1,1,CHUBB INA HOLDINGS LLC,US00440EAW75,10919000.0,0.031509396538,CHUBB INA HOLDINGS LLC,14491000,0.7535021737630253
812,38141GA53,coupon_maturity_name,1.0,1,1,GOLDMAN SACHS GROUP INC,US38141GA534,8970000.0,0.032714341773,GOLDMAN SACHS GROUP INC/THE,11247000,0.7975460122699386
813,980236AV5,coupon_maturity_name,1.0,1,1,WOODSIDE FINANCE LTD,US980236AV51,7118000.0,0.024946661585,WOODSIDE FINANCE LTD,11713000,0.6077008452147187
814,404280EG0,coupon_maturity_name,1.0,1,1,HSBC HOLDINGS PLC,US404280EG03,11841000.0,0.041013086174,HSBC HOLDINGS PLC,11780000,1.0051782682512733
815,345397J61,coupon_maturity_name,1.0,1,1,FORD MOTOR CREDIT CO LLC,US345397J614,9726000.0,0.032546191443,FORD MOTOR CREDIT COMPANY LLC,12116000,0.802740178276659
816,89115KAR1,coupon_maturity_name,1.0,1,1,TORONTO-DOMINION BANK,US89115KAR14,9189000.0,0.030620336798,TORONTO-DOMINION BANK/THE MTN,12253000,0.7499387905002857
817,06368MS62,coupon_maturity_name,1.0,1,1,BANK OF MONTREAL,US06368MS622,4025000.0,0.013520704418,BANK OF MONTREAL MTN,12181000,0.330432640998276
818,02079KBN6,coupon_maturity_name,1.0,1,1,ALPHABET INC,US02079KBN63,11373000.0,0.037801909164,ALPHABET INC,12552000,0.9060707456978967
819,694308JQ1,coupon_maturity_name,0.75,1,1,PACIFIC GAS & ELECTRIC,US694308JQ18,13589000.0,0.039337671105,PACIFIC GAS & ELECTRIC UTILITIES,14304000,0.9500139821029083
820,682680CE1,coupon_maturity_name,1.0,1,1,ONEOK INC,US682680CE12,12128000.0,0.040083912996,ONEOK INC,12389000,0.9789329243683913
821,,no_coupon_maturity_candidates,,0,0,,,,,ARCH CAPITAL GROUP LTD,12308000,
822,032095AZ4,coupon_maturity_name,1.0,2,1,AMPHENOL CORP,US032095AZ40,8257000.0,0.027045616042,AMPHENOL CORPORATION,12334000,0.6694502999837847
823,88732JAN8,coupon_maturity_name,1.0,1,1,TIME WARNER CABLE LLC,US88732JAN81,10477000.0,0.036630292155,TIME WARNER CABLE LLC,12029000,0.8709784687006401
824,606822DS0,coupon_maturity_name,1.0,1,1,MITSUBISHI UFJ FIN GRP,US606822DS05,9715000.0,0.032135705063,MITSUBISHI UFJ FIN GRP (6NC5 FXD),12357000,0.7861940600469369
825,928563AF2,coupon_maturity_name,1.0,1,1,VMWARE LLC,US928563AF20,8947000.0,0.030134773611,VMWARE LLC,12072000,0.7411365142478462
826,125523CV0,coupon_maturity_name,1.0,1,1,CIGNA GROUP/THE,US125523CV04,7095000.0,0.024138100186,CIGNA GROUP,11838000,0.599341104916371
827,13645RBF0,coupon_maturity_name,1.0,1,1,CANADIAN PACIFIC RAILWAY,US13645RBF01,10038000.0,0.029987111173,CANADIAN PACIFIC RAILWAY COMPANY,13659000,0.7349000658906216
828,89115KAJ9,coupon_maturity_name,1.0,1,1,TORONTO-DOMINION BANK,US89115KAJ97,10229000.0,0.03371369808,TORONTO-DOMINION BANK/THE MTN,12384000,0.8259851421188631
829,26875PAZ4,coupon_maturity_name,1.0,2,1,EOG RESOURCES INC,US26875PAZ45,6522000.0,0.022222308191,EOG RESOURCES INC,12101000,0.5389637220064457
830,60871RAH3,coupon_maturity_name,0.5,1,1,MOLSON COORS BEVERAGE,US60871RAH30,13101000.0,0.035296016929,MOLSON COORS BREWING CO,15616000,0.8389472336065574
831,20030NCC3,coupon_maturity_name,1.0,1,1,COMCAST CORP,US20030NCC39,14232000.0,0.035445055703,COMCAST CORPORATION,17360000,0.819815668202765
832,639057AN8,coupon_maturity_name,1.0,1,1,NATWEST GROUP PLC,US639057AN83,9068000.0,0.031560701367,NATWEST GROUP PLC,11570000,0.7837510803802938
833,682680CF8,coupon_maturity_name,1.0,2,1,ONEOK INC,US682680CF86,12118000.0,0.037864201944,ONEOK INC,13210000,0.917335352006056
834,14448CAR5,coupon_maturity_name,1.0,1,1,CARRIER GLOBAL CORP,US14448CAR51,10786000.0,0.02907584224,CARRIER GLOBAL CORP,15191000,0.710025673095912
835,10373QBW9,coupon_maturity_name,1.0,1,1,BP CAP MARKETS AMERICA,US10373QBW96,10074000.0,0.033984577433,BP CAPITAL MARKETS AMERICA INC,12017000,0.8383123907797287
836,58933YBE4,coupon_maturity_name,1.0,1,1,MERCK & CO INC,US58933YBE41,14775000.0,0.043832930802,MERCK & CO INC,13705000,1.078073695731485
837,92976GAJ0,coupon_maturity_name,1.0,1,1,WELLS FARGO BANK NA,US92976GAJ04,10745000.0,0.039608685738,WELLS FARGO BANK NA MTN,11177000,0.9613491992484566
838,37045VAK6,coupon_maturity_name,1.0,1,1,GENERAL MOTORS CO,US37045VAK61,8326000.0,0.030060742041,GENERAL MOTORS CO,11128000,0.7482027318475917
839,458140CA6,coupon_maturity_name,1.0,1,1,INTEL CORP,US458140CA64,9159000.0,0.029566372235,INTEL CORPORATION,12402000,0.7385099177552008
840,375558BA0,coupon_maturity_name,1.0,2,1,GILEAD SCIENCES INC,US375558BA09,12731000.0,0.037309054633,GILEAD SCIENCES INC,13879000,0.9172851069961813
841,458140BH2,coupon_maturity_name,1.0,1,1,INTEL CORP,US458140BH27,12538000.0,0.039200986579,INTEL CORPORATION,12885000,0.973069460613116
842,58933YBK0,coupon_maturity_name,1.0,1,1,MERCK & CO INC,US58933YBK01,10654000.0,0.035496777955,MERCK & CO INC,12161000,0.8760792697968917
843,244199BL8,coupon_maturity_name,1.0,1,1,DEERE & COMPANY,US244199BL82,8990000.0,0.031304180243,DEERE & CO,11727000,0.7666069753560161
844,502431AT6,coupon_maturity_name,1.0,1,1,L3HARRIS TECH INC,US502431AT68,5993000.0,0.020568519157,L3HARRIS TECHNOLOGIES INC,11770000,0.5091758708581139
845,478160CV4,coupon_maturity_name,1.0,1,1,JOHNSON & JOHNSON,US478160CV47,9433000.0,0.032535384033,JOHNSON & JOHNSON,11730000,0.8041773231031543
846,,no_coupon_maturity_candidates,,0,0,,,,,DELL INTERNATIONAL LLC,12080000,
847,694308KH9,coupon_maturity_name,1.0,1,1,PACIFIC GAS & ELECTRIC,US694308KH99,10943000.0,0.038607293048,PACIFIC GAS AND ELECTRIC COMPANY,11680000,0.9369006849315068
848,456837BU6,coupon_maturity_name,1.0,1,1,ING GROEP NV,US456837BU63,12962000.0,0.043300704539,ING GROEP NV (FXD-FRN),11949000,1.0847769687839988
849,55336VAT7,coupon_maturity_name,1.0,1,1,MPLX LP,US55336VAT70,10988000.0,0.033986883436,MPLX LP,13012000,0.8444512757454657
850,055451BM9,coupon_maturity_name,0.6666666666666666,1,1,BHP BILLITON FIN USA LTD,US055451BM92,7602000.0,0.025933591254,BHP BILLITON FINANCE (USA) LTD,11898000,0.6389309127584468
851,42809HAD9,coupon_maturity_name,1.0,1,1,HESS CORP,US42809HAD98,9517000.0,0.032578756475,HESS CORP,11746000,0.8102332709007322
852,30212PAR6,coupon_maturity_name,1.0,1,1,EXPEDIA GROUP INC,US30212PAR64,9229000.0,0.029412173488,EXPEDIA GROUP INC,12451000,0.741225604369127
853,10373QBV1,coupon_maturity_name,1.0,1,1,BP CAP MARKETS AMERICA,US10373QBV14,8550000.0,0.028695348931,BP CAPITAL MARKETS AMERICA INC,11878000,0.7198181512039064
854,458140BJ8,coupon_maturity_name,1.0,1,1,INTEL CORP,US458140BJ82,13489000.0,0.029695035967,INTEL CORPORATION,18909000,0.7133640065577238
855,06738EAV7,coupon_maturity_name,1.0,1,1,BARCLAYS PLC,US06738EAV74,11112000.0,0.033272602938,BARCLAYS PLC,13768000,0.8070889018012783
856,00287YEF2,coupon_maturity_name,1.0,1,1,ABBVIE INC,US00287YEF25,12880000.0,0.042414755261,ABBVIE INC,12089000,1.0654313839027214
857,58933YBS3,coupon_maturity_name,1.0,2,1,MERCK & CO INC,US58933YBS37,9933000.0,0.033333919145,MERCK & CO INC,11912000,0.833865010073875
858,47233WLL1,coupon_maturity_name,1.0,1,1,JEFFERIES FIN GROUP INC,US47233WLL18,10611000.0,0.034652415553,JEFFERIES FINANCIAL GROUP INC MTN,12116000,0.8757840871574777
859,126650DT4,coupon_maturity_name,1.0,1,1,CVS HEALTH CORP,US126650DT42,5983000.0,0.020370763532,CVS HEALTH CORP,11560000,0.517560553633218
860,126650DZ0,coupon_maturity_name,1.0,1,1,CVS HEALTH CORP,US126650DZ02,9741000.0,0.031604608415,CVS HEALTH CORP,12455000,0.7820955439582497
861,02079KAM9,coupon_maturity_name,1.0,1,1,ALPHABET INC,US02079KAM99,13351000.0,0.042194565011,ALPHABET INC,13231000,1.0090696092510014
862,539830BN8,coupon_maturity_name,1.0,1,1,LOCKHEED MARTIN CORP,US539830BN88,13223000.0,0.034859032997,LOCKHEED MARTIN CORPORATION,15309000,0.86374028349337
863,110122DV7,coupon_maturity_name,1.0,1,1,BRISTOL-MYERS SQUIBB CO,US110122DV75,8132000.0,0.021728139105,BRISTOL-MYERS SQUIBB CO,15091000,0.5388642237094957
864,925650AC7,coupon_maturity_name,1.0,1,1,VICI PROPERTIES LP,US925650AC72,6476000.0,0.021740404442,VICI PROPERTIES LP,11711000,0.5529843736657843
865,29379VCK7,coupon_maturity_name,1.0,1,1,ENTERPRISE PRODUCTS OPER,US29379VCK70,6761000.0,0.022689193093,ENTERPRISE PRODUCTS OPERATING LLC,11945000,0.5660108832147343
866,63111XAJ0,coupon_maturity_name,1.0,1,1,NASDAQ INC,US63111XAJ00,8790000.0,0.030472334062,NASDAQ INC,11367000,0.7732911058326736
867,606822DT8,coupon_maturity_name,1.0,1,1,MITSUBISHI UFJ FIN GRP,US606822DT87,10003000.0,0.033092784128,MITSUBISHI UFJ FINANCIAL GROUP INC,12241000,0.8171717996895679
868,03523TBF4,coupon_maturity_name,1.0,1,1,ANHEUSER-BUSCH INBEV WOR,US03523TBF49,9825000.0,0.041561955112,ANHEUSER-BUSCH INBEV WORLDWIDE INC,9571000,1.0265385017239579
869,75513ECS8,coupon_maturity_size,0.0,1,0,RTX CORP,US75513ECS81,12194000.0,0.038958987503,RAYTHEON TECHNOLOGIES CORPORATION,12521000,0.9738838750898491
870,980236AR4,coupon_maturity_name,1.0,1,1,WOODSIDE FINANCE LTD,US980236AR40,9291000.0,0.030954118245,WOODSIDE FINANCE LTD,11896000,0.781018829858776
871,037833BA7,coupon_maturity_name,1.0,1,1,APPLE INC,US037833BA77,14712000.0,0.03795285045,APPLE INC,15699000,0.9371297534874833
872,91324PFH0,coupon_maturity_name,1.0,1,1,UNITEDHEALTH GROUP INC,US91324PFH01,10567000.0,0.035778916121,UNITEDHEALTH GROUP INC,11797000,0.8957362041196915
873,06051GEN5,coupon_maturity_name,1.0,1,1,BANK OF AMERICA CORP,US06051GEN51,13654000.0,0.047438339998,BANK OF AMERICA CORP MTN,11324000,1.205757682797598
874,61747YFS9,coupon_maturity_name,1.0,1,1,MORGAN STANLEY,US61747YFS90,12830000.0,0.04346761294,MORGAN STANLEY MTN,11758000,1.0911719680217724
875,231021BA3,coupon_maturity_name,1.0,1,1,CUMMINS INC,US231021BA37,9480000.0,0.032525944295,CUMMINS INC,11624000,0.8155540261527874
876,071813CS6,coupon_maturity_name,1.0,1,1,BAXTER INTERNATIONAL INC,US071813CS61,9274000.0,0.026611433265,BAXTER INTERNATIONAL INC,13587000,0.6825642157945094
877,502431AQ2,coupon_maturity_name,1.0,1,1,L3HARRIS TECH INC,US502431AQ20,11549000.0,0.039789881857,L3HARRIS TECHNOLOGIES INC,11356000,1.0169954209228602
878,606822DL5,coupon_maturity_name,1.0,1,1,MITSUBISHI UFJ FIN GRP,US606822DL51,11808000.0,0.04077533238,MITSUBISHI UFJ FINANCIAL GROUP INC,11489000,1.0277656889198363
879,38141GYK4,coupon_maturity_name,1.0,1,1,GOLDMAN SACHS GROUP INC,US38141GYK48,14710000.0,0.035649717246,GOLDMAN SACHS GROUP INC/THE,16765000,0.8774232031017
880,345397D67,coupon_maturity_name,1.0,1,1,FORD MOTOR CREDIT CO LLC,US345397D674,7742000.0,0.027881086809,FORD MOTOR CREDIT COMPANY LLC,10996000,0.7040742088032012
881,341081GG6,coupon_maturity_name,1.0,1,1,FLORIDA POWER & LIGHT CO,US341081GG63,9593000.0,0.028796506539,FLORIDA POWER & LIGHT CO,13096000,0.7325137446548564
882,775109DF5,coupon_maturity_name,0.6666666666666666,1,1,ROGERS COMMUNICATIONS IN,US775109DF56,16423000.0,0.054829008763,ROGERS COMMUNICATIONS INC,11761000,1.3963948643822803
883,83444MAQ4,coupon_maturity_name,1.0,1,1,SOLVENTUM CORP,US83444MAQ42,7313000.0,0.025207591441,SOLVENTUM CORP,11350000,0.64431718061674
884,126650ED8,coupon_maturity_name,1.0,1,1,CVS HEALTH CORP,US126650ED80,6473000.0,0.022447608015,CVS HEALTH CORP,11444000,0.5656239077245718
885,191216DZ0,coupon_maturity_name,1.0,1,1,COCA-COLA CO/THE,US191216DZ03,8100000.0,0.025876979454,COCA-COLA CO,12724000,0.6365922665828356
886,55336VAM2,coupon_maturity_name,1.0,1,1,MPLX LP,US55336VAM28,15870000.0,0.048380877775,MPLX LP,13008000,1.220018450184502
887,58013MFK5,coupon_maturity_name,0.5,1,1,MCDONALD'S CORP,US58013MFK53,11962000.0,0.029168800629,MCDONALDS CORPORATION MTN,16328000,0.7326065654091132
888,171239AM8,coupon_maturity_name,1.0,1,1,CHUBB INA HOLDINGS LLC,US171239AM89,8652000.0,0.028664567584,CHUBB INA HOLDINGS LLC,11821000,0.7319177734540225
889,53944YBD4,coupon_maturity_name,1.0,1,1,LLOYDS BANKING GROUP PLC,US53944YBD40,8417000.0,0.027795314166,LLOYDS BANKING GROUP PLC (FXD-FXD),11886000,0.7081440349991587
890,251526DA4,coupon_maturity_name,0.6666666666666666,1,1,DEUTSCHE BANK NY,US251526DA41,12546000.0,0.042517667746,DEUTSCHE BANK (NY BRNCH)(FXD-FLT),11543000,1.0868924889543445
891,,no_coupon_maturity_candidates,,0,0,,,,,DUKE ENERGY CAROLINAS LLC,12038000,
892,03027XCN8,coupon_maturity_name,1.0,1,1,AMERICAN TOWER CORP,US03027XCN84,7895000.0,0.0267406543,AMERICAN TOWER CORPORATION,11513000,0.6857465473812212
893,20030NDN8,coupon_maturity_name,1.0,1,1,COMCAST CORP,US20030NDN84,14781000.0,0.043060624966,COMCAST CORPORATION,13554000,1.0905267817618416
894,55336VBQ2,coupon_maturity_name,1.0,1,1,MPLX LP,US55336VBQ23,9333000.0,0.028923030506,MPLX LP,12593000,0.7411260223933932
895,110122DW5,coupon_maturity_name,1.0,1,1,BRISTOL-MYERS SQUIBB CO,US110122DW58,15347000.0,0.037600594897,BRISTOL-MYERS SQUIBB CO,16300000,0.9415337423312884
896,79466LAJ3,coupon_maturity_name,1.0,1,1,SALESFORCE INC,US79466LAJ35,14101000.0,0.041378124612,SALESFORCE INC,13521000,1.0428962354855411
897,00206RMZ2,coupon_maturity_name,1.0,1,1,AT&T INC,US00206RMZ28,9691000.0,0.032175067898,AT&T INC,12165000,0.796629675297986
898,26441CBL8,coupon_maturity_name,1.0,1,1,DUKE ENERGY CORP,US26441CBL81,7970000.0,0.024209190654,DUKE ENERGY CORP,12984000,0.6138324091189156
899,023135CU8,coupon_maturity_name,1.0,1,1,AMAZON.COM INC,US023135CU85,11356000.0,0.037352464312,AMAZON.COM INC,11996000,0.946648882960987
900,37045XFB7,coupon_maturity_name,0.6666666666666666,1,1,GENERAL MOTORS FINL CO,US37045XFB73,8771000.0,0.030016831803,GENERAL MOTORS FINANCIAL COMPANY I,11500000,0.762695652173913
901,61744YAL2,coupon_maturity_name,1.0,1,1,MORGAN STANLEY,US61744YAL20,14986000.0,0.044290001924,MORGAN STANLEY MTN,13567000,1.1045920247659762
902,24422EXE4,coupon_maturity_name,1.0,1,1,JOHN DEERE CAPITAL CORP,US24422EXE49,8117000.0,0.027948632335,JOHN DEERE CAPITAL CORP MTN,11315000,0.7173663278833406
903,666807CH3,coupon_maturity_name,1.0,2,1,NORTHROP GRUMMAN CORP,US666807CH36,6419000.0,0.021423978399,NORTHROP GRUMMAN CORP,11698000,0.5487262779962386
904,035240AG5,coupon_maturity_name,1.0,1,1,ANHEUSER-BUSCH INBEV WOR,US035240AG57,8766000.0,0.027768034751,ANHEUSER-BUSCH INBEV WORLDWIDE INC,12607000,0.6953279923851828
905,494550AW6,coupon_maturity_name,1.0,1,1,KINDER MORGAN ENER PART,US494550AW68,7089000.0,0.026694520793,KINDER MORGAN ENERGY PARTNERS LP,10543000,0.6723892630181163
906,06051GHX0,coupon_maturity_name,1.0,1,1,BANK OF AMERICA CORP,US06051GHX07,14739000.0,0.046804048419,BANK OF AMERICA CORP MTN,12254000,1.2027909254121103
907,713448GC6,coupon_maturity_name,1.0,1,1,PEPSICO INC,US713448GC65,8642000.0,0.02928212788,PEPSICO INC,11433000,0.755882095687921
908,882926AA6,coupon_maturity_name,1.0,1,1,TEXAS INSTRUMENTS INC,US882926AA67,10891000.0,0.03286503466,TEXAS INSTRUMENTS INC,13407000,0.81233683896472
909,78016HZZ6,coupon_maturity_name,1.0,1,1,ROYAL BANK OF CANADA,US78016HZZ62,7802000.0,0.02645453097,ROYAL BANK OF CANADA MTN,11289000,0.6911152449286917
910,58933YBX2,coupon_maturity_name,1.0,1,1,MERCK & CO INC,US58933YBX22,8832000.0,0.029156660465,MERCK & CO INC,11718000,0.7537122375832054
911,907818FU7,coupon_maturity_name,1.0,1,1,UNION PACIFIC CORP,US907818FU72,8685000.0,0.026416482757,UNION PACIFIC CORPORATION,12833000,0.6767708252162394
912,03073EAT2,coupon_maturity_name,1.0,1,1,CENCORA INC,US03073EAT29,5593000.0,0.017139370331,CENCORA INC,12612000,0.44346653980336187
913,10112RBD5,coupon_maturity_name,1.0,1,1,BOSTON PROPERTIES LP,US10112RBD52,11848000.0,0.036933388117,BOSTON PROPERTIES LP,12300000,0.9632520325203252
914,125523CY4,coupon_maturity_name,1.0,1,1,CIGNA GROUP/THE,US125523CY43,8239000.0,0.027673444744,CIGNA GROUP,11509000,0.7158745329741941
915,37045VAZ3,coupon_maturity_name,1.0,1,1,GENERAL MOTORS CO,US37045VAZ31,8297000.0,0.028660910664,GENERAL MOTORS CO,11204000,0.7405390931810067
916,532457CM8,coupon_maturity_name,1.0,1,1,ELI LILLY & CO,US532457CM85,11424000.0,0.03532101022,ELI LILLY AND COMPANY,12708000,0.898961284230406
917,91324PEV0,coupon_maturity_name,1.0,1,1,UNITEDHEALTH GROUP INC,US91324PEV04,11569000.0,0.037952516364,UNITEDHEALTH GROUP INC,11812000,0.9794277006434134
918,704326AA5,coupon_maturity_name,1.0,1,1,PAYCHEX INC,US704326AA51,10932000.0,0.037130984186,PAYCHEX INC,11384000,0.9602951510892481
919,370334CT9,coupon_maturity_name,1.0,1,1,GENERAL MILLS INC,US370334CT90,7060000.0,0.023573850044,GENERAL MILLS INC,11554000,0.6110437943569327
920,94106LCE7,coupon_maturity_name,1.0,1,1,WASTE MANAGEMENT INC,US94106LCE74,9919000.0,0.033321833409,WASTE MANAGEMENT INC,11514000,0.8614729894042036
921,68389XBF1,coupon_maturity_name,1.0,1,1,ORACLE CORP,US68389XBF15,14809000.0,0.035414053826,ORACLE CORPORATION,17507000,0.8458902153424345
922,53944YBE2,coupon_maturity_name,1.0,1,1,LLOYDS BANKING GROUP PLC,US53944YBE23,8950000.0,0.029119535271,LLOYDS BANKING GROUP PLC,11891000,0.7526700866201329
923,17275RBY7,coupon_maturity_name,1.0,1,1,CISCO SYSTEMS INC,US17275RBY71,9194000.0,0.031392671208,CISCO SYSTEMS INC,11221000,0.8193565635861332
924,05964HBJ3,coupon_maturity_name,1.0,1,1,BANCO SANTANDER SA,US05964HBJ32,6522000.0,0.022437142313,BANCO SANTANDER SA,11285000,0.5779353123615418
925,21685WCJ4,coupon_maturity_name,1.0,1,1,COOPERATIEVE RABOBANK UA,US21685WCJ45,9947000.0,0.032864643024,COOPERATIEVE RABOBANK UA MTN,11809000,0.8423236514522822
926,25179MBG7,coupon_maturity_name,1.0,1,1,DEVON ENERGY CORPORATION,US25179MBG78,10212000.0,0.034518915727,DEVON ENERGY CORPORATION,11401000,0.8957109025524077
927,06417XAP6,coupon_maturity_name,1.0,1,1,BANK OF NOVA SCOTIA,US06417XAP69,10069000.0,0.034097925637,BANK OF NOVA SCOTIA MTN,11215000,0.8978154257690593
928,58933YBT1,coupon_maturity_name,1.0,2,1,MERCK & CO INC,US58933YBT10,9716000.0,0.032721632714,MERCK & CO INC,11639000,0.8347796202422889
929,459200KJ9,coupon_maturity_size,0.0,1,0,IBM CORP,US459200KJ94,10534000.0,0.032010949806,INTERNATIONAL BUSINESS MACHINES CO,12736000,0.8271042713567839
930,14448CAQ7,coupon_maturity_name,1.0,1,1,CARRIER GLOBAL CORP,US14448CAQ78,9814000.0,0.030834271909,CARRIER GLOBAL CORP,12159000,0.8071387449625792
931,96950FAF1,coupon_maturity_name,1.0,1,1,WILLIAMS COMPANIES INC,US96950FAF18,9196000.0,0.032776989827,WILLIAMS COMPANIES INC,10841000,0.8482612305137902
932,35137LAJ4,coupon_maturity_name,1.0,1,1,FOX CORP,US35137LAJ44,9764000.0,0.03223277849,FOX CORP,11663000,0.837177398610992
933,482480AM2,coupon_maturity_name,1.0,1,1,KLA CORP,US482480AM29,11062000.0,0.033695066131,KLA CORP,13116000,0.8433973772491613
934,03831WAC2,coupon_maturity_name,1.0,1,1,APPLOVIN CORP,US03831WAC29,6908000.0,0.023576136706,APPLOVIN CORP,11277000,0.6125742662055511
935,68389XBH7,coupon_maturity_name,1.0,1,1,ORACLE CORP,US68389XBH70,10589000.0,0.029879809363,ORACLE CORPORATION,14482000,0.7311835381853335
936,969457CJ7,coupon_maturity_name,1.0,2,1,WILLIAMS COMPANIES INC,US969457CJ76,6007000.0,0.020856243651,WILLIAMS COMPANIES INC,11011000,0.5455453637271819
937,693475CE3,coupon_maturity_name,1.0,1,1,PNC FINANCIAL SERVICES,US693475CE34,9284000.0,0.031448848629,PNC FINANCIAL SERVICES GROUP INC ( MTN,11509000,0.8066730384916153
938,86562MCB4,coupon_maturity_name,0.6666666666666666,1,1,SUMITOMO MITSUI FINL GRP,US86562MCB46,13583000.0,0.04121687362,SUMITOMO MITSUI FINANCIAL GROUP IN,12685000,1.0707922743397713
939,65535HAQ2,coupon_maturity_name,1.0,1,1,NOMURA HOLDINGS INC,US65535HAQ20,15283000.0,0.04834044667,NOMURA HOLDINGS INC,12177000,1.2550710355588404
940,00287YDX4,coupon_maturity_name,1.0,1,1,ABBVIE INC,US00287YDX40,11801000.0,0.038134909016,ABBVIE INC,12118000,0.9738405677504539
941,75513ECR0,coupon_maturity_size,0.0,1,0,RTX CORP,US75513ECR09,6290000.0,0.021534592701,RAYTHEON TECHNOLOGIES CORPORATION,11115000,0.565901934322987
942,06368L3L8,coupon_maturity_name,1.0,1,1,BANK OF MONTREAL,US06368L3L88,3845000.0,0.01337310554,BANK OF MONTREAL MTN,11078000,0.3470843112475176
943,682680DD2,coupon_maturity_name,1.0,1,1,ONEOK INC,US682680DD20,8830000.0,0.029756663429,ONEOK INC,11532000,0.765695456122095
944,68389XCU7,coupon_maturity_name,1.0,1,1,ORACLE CORP,US68389XCU72,13020000.0,0.035034349833,ORACLE CORPORATION,15459000,0.8422278284494469
945,125523CK4,coupon_maturity_name,1.0,1,1,CIGNA GROUP/THE,US125523CK49,11438000.0,0.026531684318,CIGNA GROUP,16819000,0.680064213092336
946,46647PAN6,coupon_maturity_name,1.0,1,1,JPMORGAN CHASE & CO,US46647PAN69,8406000.0,0.022031211395,JPMORGAN CHASE & CO,14699000,0.5718756377984897
947,20826FBD7,coupon_maturity_name,1.0,1,1,CONOCOPHILLIPS COMPANY,US20826FBD78,13035000.0,0.03197355741,CONOCOPHILLIPS CO,15917000,0.8189357290946786
948,251526CY3,coupon_maturity_name,0.6666666666666666,1,1,DEUTSCHE BANK NY,US251526CY36,5937000.0,0.01993680283,DEUTSCHE BANK AG (NEW YORK BRANCH),11320000,0.524469964664311
949,278865BV1,coupon_maturity_name,1.0,1,1,ECOLAB INC,US278865BV16,7805000.0,0.026400644072,ECOLAB INC,11317000,0.6896704073517717
950,24703DBU4,coupon_maturity_name,0.6666666666666666,1,1,DELL INT LLC / EMC CORP,US24703DBU46,7326000.0,0.024415530588,DELL INTERNATIONAL LLC,11456000,0.6394902234636871
951,24703DBL4,coupon_maturity_name,1.0,1,1,DELL INT LLC / EMC CORP,US24703DBL47,8318000.0,0.02919072761,DELL INTERNATIONAL LLC / EMC CORP,10776000,0.7719005196733482
952,594918BS2,coupon_maturity_name,1.0,1,1,MICROSOFT CORP,US594918BS26,14546000.0,0.043866959603,MICROSOFT CORPORATION,12866000,1.130576713819369
953,12704PAB4,coupon_maturity_name,1.0,1,1,CRH SMW FINANCE DAC,US12704PAB40,10028000.0,0.03420339897,CRH SMW FINANCE DAC,11253000,0.8911401404070026
954,89157XAC5,coupon_maturity_name,1.0,1,1,TOTALENERGIES CAPITAL SA,US89157XAC56,8500000.0,0.027779679358,TOTALENERGIES CAPITAL SA,11928000,0.7126089872568746
955,,no_coupon_maturity_candidates,,0,0,,,,,BARCLAYS PLC,11416000,
956,171239AK2,coupon_maturity_name,1.0,2,1,CHUBB INA HOLDINGS LLC,US171239AK24,6142000.0,0.020696365838,CHUBB INA HOLDINGS LLC,11261000,0.5454222537962881
957,571748CD2,coupon_maturity_name,1.0,1,1,MARSH & MCLENNAN COS INC,US571748CD26,10781000.0,0.034382791257,MARSH & MCLENNAN COMPANIES INC,12137000,0.8882755211337233
958,10373QBP4,coupon_maturity_name,1.0,1,1,BP CAP MARKETS AMERICA,US10373QBP46,16457000.0,0.035188541562,BP CAPITAL MARKETS AMERICA INC,18304000,0.8990930944055944
959,036752BE2,coupon_maturity_name,1.0,1,1,ELEVANCE HEALTH INC,US036752BE23,9143000.0,0.029644972059,ELEVANCE HEALTH INC,11808000,0.7743055555555556
960,90353TAU4,coupon_maturity_name,1.0,1,1,UBER TECHNOLOGIES INC,US90353TAU43,10952000.0,0.035778778155,UBER TECHNOLOGIES INC,11692000,0.9367088607594937
961,64110LAZ9,coupon_maturity_name,1.0,1,1,NETFLIX INC,US64110LAZ94,9947000.0,0.033544016695,NETFLIX INC,11276000,0.8821390564029797
962,04316JAP4,coupon_maturity_name,1.0,1,1,ARTHUR J GALLAGHER & CO,US04316JAP49,9664000.0,0.030657032515,ARTHUR J GALLAGHER & CO,12056000,0.8015925680159257
963,842400GG2,coupon_maturity_name,1.0,1,1,SOUTHERN CAL EDISON,US842400GG23,13695000.0,0.034338680064,SOUTHERN CALIFORNIA EDISON COMPANY,15343000,0.8925894544743531
964,95041AAF5,coupon_maturity_name,1.0,1,1,WELLTOWER OP LLC,US95041AAF57,6107000.0,0.020440131021,WELLTOWER OP LLC,11401000,0.5356547671256907
965,902494BH5,coupon_maturity_name,1.0,1,1,TYSON FOODS INC,US902494BH59,11190000.0,0.034497682705,TYSON FOODS INC,12710000,0.8804091266719118
966,054989AD0,coupon_maturity_name,1.0,1,1,BAT CAPITAL CORP,US054989AD07,8875000.0,0.033514025169,BAT CAPITAL CORP,9999000,0.8875887588758876
967,78016HZW3,coupon_maturity_name,1.0,1,1,ROYAL BANK OF CANADA,US78016HZW32,10360000.0,0.035532067521,ROYAL BANK OF CANADA MTN,10941000,0.946896992962252
968,,no_coupon_maturity_candidates,,0,0,,,,,MASTERCARD INC,11438000,
969,29379VCF8,coupon_maturity_name,1.0,1,1,ENTERPRISE PRODUCTS OPER,US29379VCF85,9038000.0,0.030288525689,ENTERPRISE PRODUCTS OPERATING LLC,11244000,0.8038064745642121
970,02079KAX5,coupon_maturity_name,1.0,1,1,ALPHABET INC,US02079KAX54,8955000.0,0.029670504488,ALPHABET INC,11528000,0.7768043025676613
971,251526CD9,coupon_maturity_name,0.6666666666666666,1,1,DEUTSCHE BANK NY,US251526CD98,7917000.0,0.025053887445,DEUTSCHE BANK AG (NEW YORK BRANCH),11895000,0.6655737704918033
972,86562MEG1,coupon_maturity_name,0.6666666666666666,1,1,SUMITOMO MITSUI FINL GRP,US86562MEG15,5838000.0,0.019246454168,SUMITOMO MITSUI FINANCIAL GROUP IN,11799000,0.49478769387236204
973,06738EDE2,coupon_maturity_name,1.0,1,1,BARCLAYS PLC,US06738EDE23,8889000.0,0.029760696473,BARCLAYS PLC (FXD TO FLOAT),11372000,0.7816567006683082
974,14448CBC7,coupon_maturity_name,1.0,1,1,CARRIER GLOBAL CORP,US14448CBC73,8119000.0,0.02873825758,CARRIER GLOBAL CORP,10632000,0.7636380737396539
975,65339KBR0,coupon_maturity_name,0.75,1,1,NEXTERA ENERGY CAPITAL,US65339KBR05,12295000.0,0.037670306176,NEXTERA ENERGY CAPITAL HOLDINGS IN,12380000,0.9931340872374798
976,87264ADU6,coupon_maturity_name,1.0,1,1,T-MOBILE USA INC,US87264ADU60,9424000.0,0.031136967672,T-MOBILE USA INC,11959000,0.7880257546617611
977,822905AC9,coupon_maturity_name,1.0,1,1,SHELL FINANCE US INC,US822905AC90,7883000.0,0.025067691963,SHELL FINANCE US INC,12012000,0.6562604062604063
978,02209SBM4,coupon_maturity_name,1.0,1,1,ALTRIA GROUP INC,US02209SBM44,10973000.0,0.028099101602,ALTRIA GROUP INC,14782000,0.7423217426599918
979,126650DV9,coupon_maturity_name,1.0,1,1,CVS HEALTH CORP,US126650DV97,9105000.0,0.028629247632,CVS HEALTH CORP,12016000,0.7577396804260985
980,37045XER3,coupon_maturity_name,0.6666666666666666,1,1,GENERAL MOTORS FINL CO,US37045XER35,4987000.0,0.017320888852,GENERAL MOTORS FINANCIAL COMPANY I,10736000,0.4645119225037258
981,693475BW4,coupon_maturity_name,1.0,1,1,PNC FINANCIAL SERVICES,US693475BW41,12030000.0,0.04168647849,PNC FINANCIAL SERVICES GROUP INC (,11079000,1.0858380720281613
982,49326EEP4,coupon_maturity_name,1.0,1,1,KEYCORP,US49326EEP43,7419000.0,0.026566276935,KEYCORP MTN,10487000,0.70744731572423
983,06738EAJ4,coupon_maturity_name,1.0,1,1,BARCLAYS PLC,US06738EAJ47,10413000.0,0.032781805641,BARCLAYS PLC,12000000,0.86775
984,345397B36,coupon_maturity_name,1.0,1,1,FORD MOTOR CREDIT CO LLC,US345397B363,12313000.0,0.039049590532,FORD MOTOR CREDIT COMPANY LLC,11939000,1.0313259066923528
985,879385AD4,coupon_maturity_name,1.0,1,1,TELEFONICA EUROPE BV,US879385AD49,6212000.0,0.023528716479,TELEFONICA EUROPE BV,9848000,0.6307879772542648
986,36962GXZ2,coupon_maturity_name,1.0,1,1,GENERAL ELECTRIC CO,US36962GXZ26,8542000.0,0.031691303304,GENERAL ELECTRIC CO MTN,10067000,0.8485149498360981
987,29273VBE9,coupon_maturity_name,1.0,1,1,ENERGY TRANSFER LP,US29273VBE92,9759000.0,0.033727855756,ENERGY TRANSFER LP,10920000,0.8936813186813187
988,149123CL3,coupon_maturity_name,1.0,1,1,CATERPILLAR INC,US149123CL34,14320000.0,0.049129266851,CATERPILLAR INC,11054000,1.2954586574995477
989,30303M8R6,coupon_maturity_name,1.0,1,1,META PLATFORMS INC,US30303M8R66,11665000.0,0.035987954869,META PLATFORMS INC,12994000,0.8977220255502539
990,20030NCE9,coupon_maturity_name,1.0,1,1,COMCAST CORP,US20030NCE94,13830000.0,0.03394776947,COMCAST CORPORATION,16382000,0.8442192650470028
991,46647PBU9,coupon_maturity_name,1.0,1,1,JPMORGAN CHASE & CO,US46647PBU93,9765000.0,0.028872015745,JPMORGAN CHASE & CO,12796000,0.763129102844639
992,53944YAU7,coupon_maturity_name,1.0,1,1,LLOYDS BANKING GROUP PLC,US53944YAU73,10274000.0,0.034380295951,LLOYDS BANKING GROUP PLC,11127000,0.9233396243371979
993,548661EV5,coupon_maturity_name,0.5,2,1,LOWE'S COS INC,US548661EV56,6679000.0,0.022018024719,LOWES COMPANIES INC,11338000,0.5890809666607867
994,11135FDA6,coupon_maturity_name,1.0,1,1,BROADCOM INC,US11135FDA66,9255000.0,0.030616383901,BROADCOM INC,11551000,0.8012293307938707
995,404280AQ2,coupon_maturity_name,1.0,1,1,HSBC HOLDINGS PLC,US404280AQ21,11288000.0,0.036004105849,HSBC HOLDINGS PLC,11900000,0.9485714285714286
996,478160DK7,coupon_maturity_name,1.0,1,1,JOHNSON & JOHNSON,US478160DK72,8116000.0,0.027952824767,JOHNSON & JOHNSON,10826000,0.7496767042305561
997,50076QAE6,coupon_maturity_name,1.0,1,1,KRAFT HEINZ FOODS CO,US50076QAE61,12764000.0,0.03831281195,KRAFT HEINZ FOODS CO,12696000,1.0053560176433523
998,437076DD1,coupon_maturity_name,1.0,1,1,HOME DEPOT INC,US437076DD13,7172000.0,0.024495706897,HOME DEPOT INC,11056000,0.6486975397973951
999,375558BK8,coupon_maturity_name,1.0,1,1,GILEAD SCIENCES INC,US375558BK80,10574000.0,0.029057776257,GILEAD SCIENCES INC,13807000,0.7658434127616427
1000,46647PBV7,coupon_maturity_name,1.0,1,1,JPMORGAN CHASE & CO,US46647PBV76,11007000.0,0.02622114199,JPMORGAN CHASE & CO,16068000,0.685026138909634
1001,05526DCB9,coupon_maturity_name,1.0,1,1,BAT CAPITAL CORP,US05526DCB91,8380000.0,0.028920772149,BAT CAPITAL CORP,10743000,0.7800428185795402
1002,91324PDX7,coupon_maturity_name,1.0,2,1,UNITEDHEALTH GROUP INC,US91324PDX78,10395000.0,0.031703017281,UNITEDHEALTH GROUP INC,12267000,0.8473954512105649
1003,00206RNB4,coupon_maturity_name,1.0,1,1,AT&T INC,US00206RNB41,10509000.0,0.034659903891,AT&T INC,11415000,0.9206307490144546
1004,29273VAQ3,coupon_maturity_name,1.0,1,1,ENERGY TRANSFER LP,US29273VAQ32,11089000.0,0.038775642688,ENERGY TRANSFER LP,10580000,1.048109640831758
1005,037833DY3,coupon_maturity_name,1.0,1,1,APPLE INC,US037833DY36,9703000.0,0.028832884319,APPLE INC,12565000,0.7722244329486669
1006,94106LBY4,coupon_maturity_name,1.0,1,1,WASTE MANAGEMENT INC,US94106LBY48,5898000.0,0.020142146347,WASTE MANAGEMENT INC,11014000,0.5355002723806065
1007,404119DC0,coupon_maturity_name,1.0,1,1,HCA INC,US404119DC05,8646000.0,0.029136894435,HCA INC,11126000,0.7770986877584037
1008,031162CU2,coupon_maturity_name,1.0,1,1,AMGEN INC,US031162CU27,7515000.0,0.023425573122,AMGEN INC,11908000,0.63108834397044
1009,29379VCH4,coupon_maturity_name,1.0,1,1,ENTERPRISE PRODUCTS OPER,US29379VCH42,10632000.0,0.034589374789,ENTERPRISE PRODUCTS OPERATING LLC,11496000,0.9248434237995825
1010,037833FB1,coupon_maturity_name,1.0,1,1,APPLE INC,US037833FB15,10300000.0,0.034918197721,APPLE INC,11090000,0.9287646528403968
1011,166756BJ4,coupon_maturity_name,1.0,1,1,CHEVRON USA INC,US166756BJ45,8476000.0,0.028427234974,CHEVRON USA INC,11080000,0.7649819494584837
1012,969457CV0,coupon_maturity_name,1.0,1,1,WILLIAMS COMPANIES INC,US969457CV05,7167000.0,0.023724047879,WILLIAMS COMPANIES INC,11126000,0.6441668164659357
1013,89157XAA9,coupon_maturity_name,1.0,1,1,TOTALENERGIES CAPITAL SA,US89157XAA90,6413000.0,0.021946120691,TOTALENERGIES CAPITAL SA,10876000,0.5896469290180213
1014,10373QBQ2,coupon_maturity_name,1.0,1,1,BP CAP MARKETS AMERICA,US10373QBQ29,15156000.0,0.033036815922,BP CAPITAL MARKETS AMERICA INC,17328000,0.8746537396121884
1015,842587CX3,coupon_maturity_name,1.0,1,1,SOUTHERN CO,US842587CX39,12788000.0,0.035845964412,SOUTHERN COMPANY (THE),13577000,0.9418870148044487
1016,05724BAM1,coupon_maturity_name,0.6666666666666666,1,1,BAKER HUGHES LLC/CO-OBL,US05724BAM19,8142000.0,0.02688917388,BAKER HUGHES HOLDINGS LLC,11307000,0.7200849031573362
1017,92826CAM4,coupon_maturity_name,1.0,1,1,VISA INC,US92826CAM47,8105000.0,0.025045358168,VISA INC,12012000,0.6747419247419247
1018,911312CE4,coupon_maturity_name,1.0,1,1,UNITED PARCEL SERVICE,US911312CE45,7076000.0,0.022879884351,UNITED PARCEL SERVICE INC,11815000,0.5988997037663987
1019,449276AG9,coupon_maturity_name,1.0,1,1,IBM INTERNAT CAPITAL,US449276AG99,9441000.0,0.028635495048,IBM INTERNATIONAL CAPITAL PTE LTD,12660000,0.7457345971563981
1020,05971KAS8,coupon_maturity_name,1.0,1,1,BANCO SANTANDER SA,US05971KAS87,10141000.0,0.033381577094,BANCO SANTANDER SA,11301000,0.8973542164410229
1021,91324PEF5,coupon_maturity_name,1.0,1,1,UNITEDHEALTH GROUP INC,US91324PEF53,18331000.0,0.041283935846,UNITEDHEALTH GROUP INC,16848000,1.0880223171889838
1022,92857WAQ3,coupon_maturity_name,1.0,1,1,VODAFONE GROUP PLC,US92857WAQ33,9571000.0,0.034492740811,VODAFONE GROUP PLC,10361000,0.9237525335392337
1023,456837BV4,coupon_maturity_name,1.0,1,1,ING GROEP NV,US456837BV47,12012000.0,0.040400988745,ING GROEP NV,10986000,1.0933915892954669
1024,46124HAH9,coupon_maturity_name,1.0,1,1,INTUIT INC,US46124HAH93,8136000.0,0.024667063819,INTUIT INC,12423000,0.6549142719149964
1025,48126BAA1,coupon_maturity_name,1.0,1,1,JPMORGAN CHASE & CO,US48126BAA17,11639000.0,0.038760514147,JPMORGAN CHASE & CO,11294000,1.0305471931999293
1026,92826CAE2,coupon_maturity_name,1.0,1,1,VISA INC,US92826CAE21,10706000.0,0.034290383591,VISA INC,11619000,0.921421809105775
1027,65473PAX3,coupon_maturity_name,1.0,1,1,NISOURCE INC,US65473PAX33,6809000.0,0.02309222263,NISOURCE INC,11052000,0.6160875859572928
1028,031162DV9,coupon_maturity_name,1.0,1,1,AMGEN INC,US031162DV90,9776000.0,0.032246385948,AMGEN INC,11086000,0.8818329424499368
1029,571903BS1,coupon_maturity_name,1.0,1,1,MARRIOTT INTERNATIONAL,US571903BS13,7306000.0,0.024841262523,MARRIOTT INTERNATIONAL INC,10849000,0.6734261222232464
1030,172967MM0,coupon_maturity_name,1.0,1,1,CITIGROUP INC,US172967MM08,9216000.0,0.030398800062,CITIGROUP INC,11162000,0.8256584841426268
1031,45866FAW4,coupon_maturity_name,0.5,1,1,INTERCONTINENTALEXCHANGE,US45866FAW41,9054000.0,0.03011829076,INTERCONTINENTAL EXCHANGE INC,11106000,0.8152350081037277
1032,406216BJ9,coupon_maturity_name,1.0,1,1,HALLIBURTON CO,US406216BJ98,6517000.0,0.021329408102,HALLIBURTON COMPANY,11376000,0.5728727144866386
1033,20030NEF4,coupon_maturity_name,1.0,1,1,COMCAST CORP,US20030NEF42,11147000.0,0.033197293411,COMCAST CORPORATION,13105000,0.8505913773368943
1034,747525AK9,coupon_maturity_name,1.0,1,1,QUALCOMM INC,US747525AK99,10277000.0,0.03115856463,QUALCOMM INCORPORATED,12518000,0.8209777919795495
1035,472140AB8,coupon_maturity_size,0.25,1,0,JBS NV/USA FOODS/FOOD CO,US472140AB82,9438000.0,0.03268873289,JBS NV,10640000,0.88703007518797
1036,037833EQ9,coupon_maturity_name,1.0,1,1,APPLE INC,US037833EQ92,15317000.0,0.040173299313,APPLE INC,14325000,1.0692495636998254
1037,89788MAW2,coupon_maturity_name,1.0,1,1,TRUIST FINANCIAL CORP,US89788MAW29,7381000.0,0.024481501005,TRUIST FINANCIAL CORP MTN,10948000,0.6741870661308001
1038,035240AV2,coupon_maturity_name,1.0,2,1,ANHEUSER-BUSCH INBEV WOR,US035240AV25,11584000.0,0.037575648614,ANHEUSER-BUSCH INBEV WORLDWIDE INC,11344000,1.0211565585331452
1039,446150BK9,coupon_maturity_name,1.0,1,1,HUNTINGTON BANCSHARES,US446150BK99,5633000.0,0.018656330493,HUNTINGTON BANCSHARES INC(FXD-FRN),10959000,0.5140067524409161
1040,45866FAN4,coupon_maturity_name,0.5,1,1,INTERCONTINENTALEXCHANGE,US45866FAN42,9167000.0,0.026020904825,INTERCONTINENTAL EXCHANGE INC,12973000,0.7066214445386572
1041,89236TLE3,coupon_maturity_name,1.0,1,1,TOYOTA MOTOR CREDIT CORP,US89236TLE37,7694000.0,0.026846121321,TOYOTA MOTOR CREDIT CORP MTN,10528000,0.7308130699088146
1042,8935268Z9,coupon_maturity_name,1.0,1,1,TRANSCANADA PIPELINES,US8935268Z94,8810000.0,0.034943225999,TRANSCANADA PIPELINES LTD,9414000,0.9358402379434885
1043,46647PCD6,coupon_maturity_name,1.0,1,1,JPMORGAN CHASE & CO,US46647PCD69,15121000.0,0.038653909285,JPMORGAN CHASE & CO,14591000,1.0363237612226714
1044,00206RNE8,coupon_maturity_name,1.0,2,1,AT&T INC,US00206RNE89,10136000.0,0.032023224679,AT&T INC,12081000,0.8390033937587948
1045,278062AH7,coupon_maturity_name,1.0,1,1,EATON CORP,US278062AH73,7089000.0,0.023142988724,EATON CORPORATION,11242000,0.6305817470201032
1046,09062XAH6,coupon_maturity_name,1.0,1,1,BIOGEN INC,US09062XAH61,12323000.0,0.03779419395,BIOGEN INC,11948000,1.031386006026113
1047,29250NCD5,coupon_maturity_name,1.0,1,1,ENBRIDGE INC,US29250NCD57,8635000.0,0.029225235246,ENBRIDGE INC,11020000,0.7835753176043557
1048,928563AL9,coupon_maturity_name,1.0,1,1,VMWARE LLC,US928563AL97,11429000.0,0.033917671742,VMWARE LLC,12339000,0.9262501013048059
1049,86765BAV1,coupon_maturity_size,0.0,1,0,ENERGY TRANSFER LP,US86765BAV18,11067000.0,0.033738897598,SUNOCO LOGISTICS PARTNERS OPERATIO,12139000,0.9116895955185765
1050,149123CB5,coupon_maturity_name,1.0,1,1,CATERPILLAR INC,US149123CB51,10939000.0,0.030564631194,CATERPILLAR INC,13200000,0.8287121212121212
1051,747525BP7,coupon_maturity_name,1.0,1,1,QUALCOMM INC,US747525BP77,10947000.0,0.031206796804,QUALCOMM INCORPORATED,12935000,0.8463084654039428
1052,822905AB1,coupon_maturity_name,1.0,1,1,SHELL FINANCE US INC,US822905AB18,6806000.0,0.02149833039,SHELL FINANCE US INC,11580000,0.5877374784110535
1053,58933YAW5,coupon_maturity_name,1.0,1,1,MERCK & CO INC,US58933YAW57,12540000.0,0.033386418157,MERCK & CO INC,13987000,0.8965467934510617
1054,571903BE2,coupon_maturity_name,1.0,1,1,MARRIOTT INTERNATIONAL,US571903BE27,7204000.0,0.024152763357,MARRIOTT INTERNATIONAL INC,10933000,0.6589225281258575
1055,345397G56,coupon_maturity_name,1.0,1,1,FORD MOTOR CREDIT CO LLC,US345397G560,8210000.0,0.028423636913,FORD MOTOR CREDIT COMPANY LLC,10444000,0.7860972807353505
1056,404119BV0,coupon_maturity_name,1.0,1,1,HCA INC,US404119BV04,11593000.0,0.036017372773,HCA INC,12015000,0.9648772367873492
1057,91159HJA9,coupon_maturity_name,1.0,1,1,US BANCORP,US91159HJA95,11796000.0,0.034866033467,US BANCORP,12405000,0.950906892382104
1058,,no_coupon_maturity_candidates,,0,0,,,,,PACIFIC GAS AND ELECTRIC COMPANY,10942000,
1059,30303M8M7,coupon_maturity_name,1.0,2,1,META PLATFORMS INC,US30303M8M79,11101000.0,0.037799461334,META PLATFORMS INC,10721000,1.0354444548083201
1060,00287YEG0,coupon_maturity_name,1.0,1,1,ABBVIE INC,US00287YEG08,9604000.0,0.031597464573,ABBVIE INC,11081000,0.866708780795957
1061,437076CQ3,coupon_maturity_name,1.0,1,1,HOME DEPOT INC,US437076CQ35,10668000.0,0.025800224458,HOME DEPOT INC,15333000,0.6957542555272941
1062,45687VAB2,coupon_maturity_name,1.0,1,1,INGERSOLL RAND INC,US45687VAB27,7879000.0,0.027485287271,INGERSOLL RAND INC,10308000,0.7643577803647652
1063,548661EJ2,coupon_maturity_name,0.5,1,1,LOWE'S COS INC,US548661EJ29,9389000.0,0.02463280841,LOWES COMPANIES INC,14139000,0.6640497913572388
1064,87264ABY0,coupon_maturity_name,1.0,1,1,T-MOBILE USA INC,US87264ABY01,13115000.0,0.029037342591,T-MOBILE USA INC,17296000,0.7582678075855689
1065,456837BR3,coupon_maturity_name,1.0,1,1,ING GROEP NV,US456837BR35,6368000.0,0.021590139924,ING GROEP NV,10635000,0.5987776210625294
1066,458140CF5,coupon_maturity_name,1.0,1,1,INTEL CORP,US458140CF51,8815000.0,0.030046262869,INTEL CORPORATION,10512000,0.8385654490106544
1067,126650EC0,coupon_maturity_name,1.0,1,1,CVS HEALTH CORP,US126650EC08,7197000.0,0.024897616657,CVS HEALTH CORP,10500000,0.6854285714285714
1068,38141GXA7,coupon_maturity_name,1.0,1,1,GOLDMAN SACHS GROUP INC,US38141GXA74,12990000.0,0.039360855763,GOLDMAN SACHS GROUP INC/THE,12071000,1.0761328804572943
1069,16411QAN1,coupon_maturity_name,1.0,1,1,CHENIERE ENERGY PARTNERS,US16411QAN16,5653000.0,0.017408725847,CHENIERE ENERGY PARTNERS LP,11705000,0.48295600170867153
1070,58933YCJ2,coupon_maturity_name,1.0,1,1,MERCK & CO INC,US58933YCJ29,4350000.0,0.014957567276,MERCK & CO INC,10840000,0.40129151291512916
1071,254687FQ4,coupon_maturity_name,1.0,1,1,WALT DISNEY COMPANY/THE,US254687FQ40,6092000.0,0.020014668067,WALT DISNEY CO,10943000,0.5567029151055469
1072,539830BB4,coupon_maturity_name,1.0,1,1,LOCKHEED MARTIN CORP,US539830BB41,10126000.0,0.028815229716,LOCKHEED MARTIN CORP,13009000,0.7783841955569222
1073,369604BZ5,coupon_maturity_name,1.0,1,1,GENERAL ELECTRIC CO,US369604BZ56,11088000.0,0.037012832726,GENERAL ELECTRIC CO,10717000,1.0346178967994775
1074,00287YDT3,coupon_maturity_name,1.0,1,1,ABBVIE INC,US00287YDT38,5471000.0,0.018674641182,ABBVIE INC,10518000,0.5201559231793117
1075,87612GAM3,coupon_maturity_name,1.0,3,1,TARGA RESOURCES CORP,US87612GAM33,7394000.0,0.025220230485,TARGA RESOURCES CORP,10534000,0.7019176001518891
1076,29278NAQ6,coupon_maturity_name,0.6666666666666666,1,1,ENERGY TRANSFER LP,US29278NAQ60,11662000.0,0.037831222309,ENERGY TRANSFER OPERATING LP,11142000,1.0466702566864117
1077,478160AN4,coupon_maturity_name,1.0,1,1,JOHNSON & JOHNSON,US478160AN49,7706000.0,0.028457179358,JOHNSON & JOHNSON,9767000,0.7889833111497901
1078,47233WMK2,coupon_maturity_name,1.0,1,1,JEFFERIES FIN GROUP INC,US47233WMK26,11791000.0,0.039120284764,JEFFERIES FINANCIAL GROUP INC MTN,10816000,1.0901442307692308
1079,92840VBB7,coupon_maturity_name,1.0,1,1,VISTRA OPERATIONS CO LLC,US92840VBB71,8082000.0,0.026946089514,VISTRA OPERATIONS COMPANY LLC 144A,10775000,0.7500696055684455
1080,61744YAR9,coupon_maturity_name,1.0,1,1,MORGAN STANLEY,US61744YAR99,8183000.0,0.025421819978,MORGAN STANLEY,11787000,0.6942394163061
1081,674599EL5,coupon_maturity_name,0.6666666666666666,1,1,OCCIDENTAL PETROLEUM COR,US674599EL59,9741000.0,0.033689666287,OCCIDENTAL PETROLEUM CORPORATION,10452000,0.9319747416762342
1082,02079KAF4,coupon_maturity_name,1.0,1,1,ALPHABET INC,US02079KAF49,21160000.0,0.038133745455,ALPHABET INC,20823000,1.0161840272775295
1083,,no_coupon_maturity_candidates,,0,0,,,,,CONSOLIDATED EDISON COMPANY OF NEW,10971000,
1084,606822DK7,coupon_maturity_name,1.0,1,1,MITSUBISHI UFJ FIN GRP,US606822DK78,8560000.0,0.029148970702,MITSUBISHI UFJ FINANCIAL GROUP INC,10507000,0.8146949652612544
1085,573284AW6,coupon_maturity_name,1.0,1,1,MARTIN MARIETTA MATERIAL,US573284AW62,6545000.0,0.019686386388,MARTIN MARIETTA MATERIALS INC,12107000,0.5405963492194599
1086,532457CL0,coupon_maturity_name,1.0,1,1,ELI LILLY & CO,US532457CL03,7543000.0,0.025228689687,ELI LILLY AND COMPANY,10652000,0.7081299286518964
1087,594918BC7,coupon_maturity_name,1.0,1,1,MICROSOFT CORP,US594918BC73,9765000.0,0.030455850876,MICROSOFT CORPORATION,11632000,0.8394944979367263
1088,29273VBK5,coupon_maturity_name,1.0,2,1,ENERGY TRANSFER LP,US29273VBK52,6875000.0,0.023048805699,ENERGY TRANSFER LP,10843000,0.6340496172645946
1089,055451BA5,coupon_maturity_name,0.6666666666666666,1,1,BHP BILLITON FIN USA LTD,US055451BA54,7684000.0,0.025947247364,BHP BILLITON FINANCE (USA) LTD,10544000,0.7287556904400607
1090,24703TAJ5,coupon_maturity_name,0.6666666666666666,1,1,DELL INT LLC / EMC CORP,US24703TAJ51,7312000.0,0.029497908257,DELL INTERNATIONAL LLC,9077000,0.8055524953178362
1091,548661EX1,coupon_maturity_name,0.5,2,1,LOWE'S COS INC,US548661EX13,6406000.0,0.020976788244,LOWES COMPANIES INC,10949000,0.5850762626723902
1092,50077LAZ9,coupon_maturity_name,1.0,1,1,KRAFT HEINZ FOODS CO,US50077LAZ94,10151000.0,0.028420408665,KRAFT HEINZ FOODS CO,12870000,0.7887334887334887
1093,55336VBT6,coupon_maturity_name,1.0,1,1,MPLX LP,US55336VBT61,10929000.0,0.031145543016,MPLX LP,12693000,0.861025762231151
1094,037833EJ5,coupon_maturity_name,1.0,1,1,APPLE INC,US037833EJ59,11012000.0,0.032587707204,APPLE INC,12089000,0.9109107453056497
1095,26884LBD0,coupon_maturity_name,1.0,1,1,EQT CORP,US26884LBD01,8638000.0,0.028829903798,EQT CORP,10775000,0.8016705336426914
1096,907818FG8,coupon_maturity_name,1.0,1,1,UNION PACIFIC CORP,US907818FG88,13640000.0,0.032986283118,UNION PACIFIC CORPORATION,15068000,0.905229625696841
1097,606822BK9,coupon_maturity_name,1.0,1,1,MITSUBISHI UFJ FIN GRP,US606822BK96,10841000.0,0.030945199883,MITSUBISHI UFJ FINANCIAL GROUP INC,12717000,0.8524809310371944
1098,871829BN6,coupon_maturity_name,1.0,1,1,SYSCO CORPORATION,US871829BN62,8083000.0,0.02889883684,SYSCO CORPORATION,10065000,0.8030799801291605
1099,25278XAV1,coupon_maturity_name,1.0,1,1,DIAMONDBACK ENERGY INC,US25278XAV10,8728000.0,0.031421149775,DIAMONDBACK ENERGY INC,9857000,0.8854621081464948
1100,617446HD4,coupon_maturity_name,1.0,1,1,MORGAN STANLEY,US617446HD43,10439000.0,0.039634103167,MORGAN STANLEY,9340000,1.1176659528907922
1101,606822DN1,coupon_maturity_name,1.0,1,1,MITSUBISHI UFJ FIN GRP,US606822DN18,8186000.0,0.027179148034,MITSUBISHI UFJ FINANCIAL GROUP INC,10614000,0.7712455247785943
1102,191216CV0,coupon_maturity_name,1.0,1,1,COCA-COLA CO/THE,US191216CV08,9569000.0,0.029017485871,COCA-COLA CO,11761000,0.8136212907065725
1103,911312CK0,coupon_maturity_name,1.0,1,1,UNITED PARCEL SERVICE,US911312CK05,8862000.0,0.0305121485,UNITED PARCEL SERVICE INC,10563000,0.8389662027833003
1104,25179MAL7,coupon_maturity_name,1.0,2,1,DEVON ENERGY CORPORATION,US25179MAL72,9090000.0,0.030169894924,DEVON ENERGY CORP,10963000,0.8291526042141749
1105,05964HBG9,coupon_maturity_name,1.0,1,1,BANCO SANTANDER SA,US05964HBG92,12715000.0,0.043894508907,BANCO SANTANDER SA,10415000,1.2208353336533846
1106,606822DH4,coupon_maturity_name,1.0,1,1,MITSUBISHI UFJ FIN GRP,US606822DH40,10793000.0,0.03718784781,MITSUBISHI UFJ FINANCIAL GROUP INC,10478000,1.030062989120061
1107,94106LBW8,coupon_maturity_name,1.0,1,1,WASTE MANAGEMENT INC,US94106LBW81,9486000.0,0.032079302982,WASTE MANAGEMENT INC,10438000,0.9087947882736156
1108,337738BP2,coupon_maturity_name,1.0,1,1,FISERV INC,US337738BP21,6251000.0,0.020557630558,FISERV INC,10671000,0.5857932714834598
1109,606822BR4,coupon_maturity_name,1.0,1,1,MITSUBISHI UFJ FIN GRP,US606822BR40,7991000.0,0.024887306952,MITSUBISHI UFJ FINANCIAL GROUP INC,11316000,0.7061682573347473
1110,46625HJM3,coupon_maturity_name,1.0,1,1,JPMORGAN CHASE & CO,US46625HJM34,9536000.0,0.032199975333,JPMORGAN CHASE & CO,10493000,0.9087963404174212
1111,65339KBZ2,coupon_maturity_name,0.75,1,1,NEXTERA ENERGY CAPITAL,US65339KBZ21,9626000.0,0.028574240185,NEXTERA ENERGY CAPITAL HOLDINGS IN,12072000,0.7973823724320742
1112,446150AS3,coupon_maturity_name,1.0,1,1,HUNTINGTON BANCSHARES,US446150AS35,7348000.0,0.022859322087,HUNTINGTON BANCSHARES INC,11332000,0.6484292269678785
1113,161175CS1,coupon_maturity_size,0.3333333333333333,1,0,CHARTER COMM OPT LLC/CAP,US161175CS13,9169000.0,0.029940412338,CHARTER COMMUNICATIONS OPERATING L,11009000,0.8328640203469888
1114,00206RNH1,coupon_maturity_name,1.0,1,1,AT&T INC,US00206RNH11,9287000.0,0.03077459202,AT&T INC,10707000,0.8673764826748855
1115,70450YAV5,coupon_maturity_name,1.0,1,1,PAYPAL HOLDINGS INC,US70450YAV56,5098000.0,0.017129003478,PAYPAL HOLDINGS INC,10537000,0.48381892379235075
1116,907818FX1,coupon_maturity_name,1.0,1,1,UNION PACIFIC CORP,US907818FX12,8712000.0,0.02667048759,UNION PACIFIC CORPORATION,11536000,0.7552011095700416
1117,126650DR8,coupon_maturity_name,1.0,1,1,CVS HEALTH CORP,US126650DR85,8094000.0,0.023742292792,CVS HEALTH CORP,12047000,0.6718685149829833
1118,03831WAB4,coupon_maturity_name,1.0,1,1,APPLOVIN CORP,US03831WAB46,7931000.0,0.026921588052,APPLOVIN CORP,10434000,0.760111175004792
1119,437076CB6,coupon_maturity_name,1.0,1,1,HOME DEPOT INC,US437076CB65,11509000.0,0.036342965308,HOME DEPOT INC,11210000,1.0266726137377342
1120,46647PAK2,coupon_maturity_name,1.0,1,1,JPMORGAN CHASE & CO,US46647PAK21,16462000.0,0.044254237922,JPMORGAN CHASE & CO,13298000,1.2379305158670477
1121,035242AN6,coupon_maturity_name,1.0,2,2,ANHEUSER-BUSCH INBEV FIN,US035242AN64,10438000.0,0.031821904134,ANHEUSER-BUSCH INBEV FINANCE INC,11620000,0.8982788296041309
1122,,no_coupon_maturity_candidates,,0,0,,,,,VODAFONE GROUP PLC MTN,10744000,
1123,25278XBC2,coupon_maturity_name,1.0,1,1,DIAMONDBACK ENERGY INC,US25278XBC20,10037000.0,0.034693002655,DIAMONDBACK ENERGY INC,10276000,0.9767419229272091
1124,,no_coupon_maturity_candidates,,0,0,,,,,INTUIT INC,10535000,
1125,22822VAT8,coupon_maturity_name,1.0,1,1,CROWN CASTLE INC,US22822VAT89,7356000.0,0.02200423024,CROWN CASTLE INC,11900000,0.6181512605042017
1126,02209SBL6,coupon_maturity_name,1.0,1,1,ALTRIA GROUP INC,US02209SBL60,7518000.0,0.022228125458,ALTRIA GROUP INC,11887000,0.6324556237906958
1127,29444UBU9,coupon_maturity_name,1.0,1,1,EQUINIX INC,US29444UBU97,9034000.0,0.02876373491,EQUINIX INC,11120000,0.8124100719424461
1128,91324PDT6,coupon_maturity_name,1.0,1,1,UNITEDHEALTH GROUP INC,US91324PDT66,8694000.0,0.023982751175,UNITEDHEALTH GROUP INC,12778000,0.6803881671623102
1129,92840VBA9,coupon_maturity_name,1.0,1,1,VISTRA OPERATIONS CO LLC,US92840VBA98,5158000.0,0.017221722332,VISTRA OPERATIONS COMPANY LLC 144A,10519000,0.49035079380169216
1130,68902VAK3,coupon_maturity_name,1.0,1,1,OTIS WORLDWIDE CORP,US68902VAK35,7307000.0,0.022833624764,OTIS WORLDWIDE CORP,11209000,0.6518868766170042
1131,428236BR3,coupon_maturity_name,1.0,1,1,HP INC,US428236BR31,8898000.0,0.030599068856,HP INC,10395000,0.855988455988456
1132,125523CF5,coupon_maturity_name,1.0,1,1,CIGNA GROUP/THE,US125523CF53,10050000.0,0.029545577353,CIGNA GROUP,12285000,0.818070818070818
1133,054989AB4,coupon_maturity_name,1.0,1,1,BAT CAPITAL CORP,US054989AB41,12194000.0,0.044381306199,BAT CAPITAL CORP,9547000,1.2772598722111659
1134,126650DN7,coupon_maturity_name,1.0,1,1,CVS HEALTH CORP,US126650DN71,11556000.0,0.034361425776,CVS HEALTH CORP,11771000,0.9817347718970351
1135,90353TAP5,coupon_maturity_name,1.0,1,1,UBER TECHNOLOGIES INC,US90353TAP57,8219000.0,0.027005612668,UBER TECHNOLOGIES INC,10703000,0.7679155376997103
1136,606822BU7,coupon_maturity_name,1.0,1,1,MITSUBISHI UFJ FIN GRP,US606822BU78,9410000.0,0.028544363088,MITSUBISHI UFJ FINANCIAL GROUP INC,11676000,0.8059266872216513
1137,345397E25,coupon_maturity_name,1.0,1,1,FORD MOTOR CREDIT CO LLC,US345397E250,9205000.0,0.031602596745,FORD MOTOR CREDIT COMPANY LLC,10157000,0.9062715368711234
1138,472140AF9,coupon_maturity_size,0.25,1,0,JBS NV/USA FOODS/FOOD CO,US472140AF96,7154000.0,0.023944783882,JBS NV,10692000,0.6690983913206136
1139,91913YAL4,coupon_maturity_name,1.0,1,1,VALERO ENERGY CORP,US91913YAL48,10423000.0,0.038582203728,VALERO ENERGY CORPORATION,9584000,1.087541736227045
1140,694308JJ7,coupon_maturity_name,1.0,1,1,PACIFIC GAS & ELECTRIC,US694308JJ74,13721000.0,0.03073781948,PACIFIC GAS AND ELECTRIC COMPANY,15748000,0.8712852425704851
1141,89788MAT9,coupon_maturity_name,1.0,1,1,TRUIST FINANCIAL CORP,US89788MAT99,6499000.0,0.022059288958,TRUIST FINANCIAL CORP MTN,10229000,0.6353504741421448
1142,166764BY5,coupon_maturity_name,1.0,1,1,CHEVRON CORP,US166764BY53,6546000.0,0.02029584853,CHEVRON CORP,11352000,0.5766384778012685
1143,931142FU2,coupon_maturity_name,1.0,1,1,WALMART INC,US931142FU20,8610000.0,0.028740328681,WALMART INC,10547000,0.8163458803451218
1144,87612GAS0,coupon_maturity_name,1.0,1,1,TARGA RESOURCES CORP,US87612GAS03,7365000.0,0.024741445424,TARGA RESOURCES CORP,10370000,0.710221793635487
1145,345397G31,coupon_maturity_name,1.0,1,1,FORD MOTOR CREDIT CO LLC,US345397G313,9660000.0,0.033052655849,FORD MOTOR CREDIT COMPANY LLC,10257000,0.9417958467388126
1146,45866FAX2,coupon_maturity_name,0.5,1,1,INTERCONTINENTALEXCHANGE,US45866FAX24,9103000.0,0.027728180121,INTERCONTINENTAL EXCHANGE INC,11869000,0.7669559356306345
1147,36164QNA2,coupon_maturity_name,0.4,1,1,GE CAPITAL INTL FUNDING,US36164QNA21,8489000.0,0.027259620925,GE CAPITAL INTERNATIONAL FUNDING C,10990000,0.7724294813466788
1148,747525AJ2,coupon_maturity_name,1.0,1,1,QUALCOMM INC,US747525AJ27,8089000.0,0.026819895772,QUALCOMM INCORPORATED,10733000,0.7536569458678841
1149,458140CK4,coupon_maturity_name,1.0,1,1,INTEL CORP,US458140CK47,7902000.0,0.025574560261,INTEL CORPORATION,11146000,0.7089538848017226
1150,404280AH2,coupon_maturity_name,1.0,2,2,HSBC HOLDINGS PLC,US404280AH22,10614000.0,0.038329710578,HSBC HOLDINGS PLC,9722000,1.0917506685867107
1151,49177JAH5,coupon_maturity_name,1.0,1,1,KENVUE INC,US49177JAH59,7458000.0,0.025448817888,KENVUE INC,10189000,0.7319658455196781
1152,29273VBB5,coupon_maturity_name,1.0,1,1,ENERGY TRANSFER LP,US29273VBB53,7790000.0,0.025497807951,ENERGY TRANSFER LP,10772000,0.7231711845525436
1153,92343VCX0,coupon_maturity_name,1.0,1,1,VERIZON COMMUNICATIONS,US92343VCX01,10979000.0,0.03063883471,VERIZON COMMUNICATIONS INC,12929000,0.8491762703998762
1154,097023DR3,coupon_maturity_name,1.0,1,1,BOEING CO/THE,US097023DR39,8030000.0,0.028735956749,BOEING CO,9733000,0.8250282543922737
1155,931142FV0,coupon_maturity_name,1.0,1,1,WALMART INC,US931142FV03,7660000.0,0.025548883486,WALMART INC,10535000,0.7271001423825344
1156,458140BG4,coupon_maturity_name,1.0,1,1,INTEL CORP,US458140BG44,15548000.0,0.037746353546,INTEL CORPORATION,14920000,1.0420911528150134
1157,21684AAD8,coupon_maturity_name,1.0,1,1,COOPERATIEVE RABOBANK UA,US21684AAD81,9482000.0,0.029571804144,COOPERATIEVE RABOBANK UA,11176000,0.8484251968503937
1158,532457DG0,coupon_maturity_name,1.0,1,1,ELI LILLY & CO,US532457DG09,7720000.0,0.025716300673,ELI LILLY AND COMPANY,10680000,0.7228464419475655
1159,26441CBT1,coupon_maturity_name,1.0,1,1,DUKE ENERGY CORP,US26441CBT18,7623000.0,0.025210665775,DUKE ENERGY CORP,10496000,0.7262766768292683
1160,337738BE7,coupon_maturity_name,1.0,1,1,FISERV INC,US337738BE73,6320000.0,0.021509754298,FISERV INC,10166000,0.6216801101711588
1161,654106AK9,coupon_maturity_name,1.0,1,1,NIKE INC,US654106AK94,12185000.0,0.038632488805,NIKE INC,10968000,1.1109591539022612
1162,00287YEH8,coupon_maturity_name,1.0,2,1,ABBVIE INC,US00287YEH80,12498000.0,0.041253025431,ABBVIE INC,10744000,1.1632539091586
1163,743315BD4,coupon_maturity_name,1.0,1,1,PROGRESSIVE CORP,US743315BD41,7333000.0,0.024622320615,PROGRESSIVE CORPORATION (THE),10380000,0.7064547206165703
1164,11135FBT7,coupon_maturity_name,1.0,2,1,BROADCOM INC,US11135FBT75,8432000.0,0.027366821905,BROADCOM INC,10762000,0.7834974911726444
1165,95041AAG3,coupon_maturity_name,1.0,1,1,WELLTOWER OP LLC,US95041AAG31,10498000.0,0.035401537303,WELLTOWER OP LLC,10440000,1.0055555555555555
1166,20030NEJ6,coupon_maturity_name,1.0,1,1,COMCAST CORP,US20030NEJ63,5731000.0,0.019540352579,COMCAST CORPORATION,10398000,0.5511636853241008
1167,55336VCA6,coupon_maturity_name,1.0,1,1,MPLX LP,US55336VCA61,8139000.0,0.027313296727,MPLX LP,10262000,0.7931202494640421
1168,37045VAJ9,coupon_maturity_name,1.0,1,1,GENERAL MOTORS CO,US37045VAJ98,8301000.0,0.024710143709,GENERAL MOTORS CO,11817000,0.7024625539477025
1169,10373QBR0,coupon_maturity_name,1.0,1,1,BP CAP MARKETS AMERICA,US10373QBR02,10368000.0,0.026328168069,BP CAPITAL MARKETS AMERICA INC,13949000,0.7432790881066743
1170,233331BN6,coupon_maturity_name,1.0,1,1,DTE ENERGY CO,US233331BN66,9813000.0,0.033483878083,DTE ENERGY COMPANY,10080000,0.9735119047619047
1171,713448FM5,coupon_maturity_name,1.0,1,1,PEPSICO INC,US713448FM56,6257000.0,0.020383537352,PEPSICO INC,10750000,0.582046511627907
1172,29379VBA0,coupon_maturity_name,1.0,1,1,ENTERPRISE PRODUCTS OPER,US29379VBA08,12408000.0,0.038160435905,ENTERPRISE PRODUCTS OPERATING LLC,11389000,1.0894722978312408
1173,12189LBL4,coupon_maturity_name,0.6,1,1,BURLINGTN NORTH SANTA FE,US12189LBL45,8895000.0,0.029074264076,BURLINGTON NORTHERN SANTA FE LLC,10733000,0.8287524457281282
1174,842587DT1,coupon_maturity_name,1.0,2,1,SOUTHERN CO,US842587DT18,7723000.0,0.026914425643,SOUTHERN COMPANY (THE),9839000,0.7849374936477285
1175,911312BW5,coupon_maturity_name,1.0,1,1,UNITED PARCEL SERVICE,US911312BW51,9457000.0,0.030049928586,UNITED PARCEL SERVICE INC,10999000,0.8598054368578961
1176,037389BE2,coupon_maturity_name,1.0,1,1,AON CORP,US037389BE22,9564000.0,0.029928418568,AON CORP,11013000,0.8684282211931353
1177,166756BD7,coupon_maturity_name,1.0,1,1,CHEVRON USA INC,US166756BD74,5582000.0,0.018919419555,CHEVRON USA INC,10112000,0.5520174050632911
1178,65535HBZ1,coupon_maturity_name,1.0,1,1,NOMURA HOLDINGS INC,US65535HBZ10,7384000.0,0.02479809013,NOMURA HOLDINGS INC,10294000,0.7173110549834856
1179,254687FY7,coupon_maturity_name,1.0,1,1,WALT DISNEY COMPANY/THE,US254687FY73,13365000.0,0.036804539344,WALT DISNEY CO,12705000,1.051948051948052
1180,883556DH2,coupon_maturity_name,1.0,1,1,THERMO FISHER SCIENTIFIC,US883556DH21,6285000.0,0.020786944692,THERMO FISHER SCIENTIFIC INC,10511000,0.5979450099895348
1181,110122DQ8,coupon_maturity_name,1.0,1,1,BRISTOL-MYERS SQUIBB CO,US110122DQ80,10519000.0,0.031046525777,BRISTOL-MYERS SQUIBB CO,11695000,0.8994442069260368
1182,89157XAF8,coupon_maturity_name,1.0,1,1,TOTALENERGIES CAPITAL SA,US89157XAF87,8871000.0,0.02807423194,TOTALENERGIES CAPITAL SA,11093000,0.7996935004056612
1183,345397J95,coupon_maturity_name,1.0,1,1,FORD MOTOR CREDIT CO LLC,US345397J952,8865000.0,0.030539792255,FORD MOTOR CREDIT COMPANY LLC,10125000,0.8755555555555555
1184,742718FW4,coupon_maturity_name,1.0,2,1,PROCTER & GAMBLE CO/THE,US742718FW49,8036000.0,0.024377815891,PROCTER & GAMBLE CO,11317000,0.7100821772554564
1185,456837BH5,coupon_maturity_name,1.0,1,1,ING GROEP NV,US456837BH52,10904000.0,0.038881257043,ING GROEP NV,9599000,1.13595166163142
1186,29273VBA7,coupon_maturity_name,1.0,1,1,ENERGY TRANSFER LP,US29273VBA70,9629000.0,0.033076249066,ENERGY TRANSFER LP,9938000,0.968907224793721
1187,458140BR0,coupon_maturity_name,1.0,1,1,INTEL CORP,US458140BR09,7481000.0,0.024424601521,INTEL CORPORATION,10453000,0.7156797091743997
1188,55336VAN0,coupon_maturity_name,1.0,1,1,MPLX LP,US55336VAN01,9294000.0,0.025932407279,MPLX LP,12476000,0.7449503045848028
1189,30161NAX9,coupon_maturity_name,1.0,1,1,EXELON CORP,US30161NAX93,7050000.0,0.023152169419,EXELON CORPORATION,10420000,0.6765834932821497
1190,456837BS1,coupon_maturity_name,1.0,1,1,ING GROEP NV,US456837BS18,7102000.0,0.024219958747,ING GROEP NV,10033000,0.7078640486394897
1191,713448EZ7,coupon_maturity_name,1.0,1,1,PEPSICO INC,US713448EZ78,11228000.0,0.033996365312,PEPSICO INC,11347000,0.9895126465144972
1192,767201AL0,coupon_maturity_name,0.6666666666666666,1,1,RIO TINTO FIN USA LTD,US767201AL06,8623000.0,0.02853991806,RIO TINTO FINANCE (USA) LTD,10465000,0.8239847109412327
1193,30231GBK7,coupon_maturity_name,1.0,1,1,EXXON MOBIL CORPORATION,US30231GBK76,5478000.0,0.017838443987,EXXON MOBIL CORP,10468000,0.5233091325945739
1194,11135FCC3,coupon_maturity_name,1.0,1,1,BROADCOM INC,US11135FCC32,9570000.0,0.031780337806,BROADCOM INC,10247000,0.9339318825021957
1195,68389XBQ7,coupon_maturity_name,1.0,2,1,ORACLE CORP,US68389XBQ79,15005000.0,0.034493045384,ORACLE CORPORATION,16309000,0.9200441474032742
1196,674599DL6,coupon_maturity_name,0.6666666666666666,1,1,OCCIDENTAL PETROLEUM COR,US674599DL68,7217000.0,0.025975535385,OCCIDENTAL PETROLEUM CORPORATION,9652000,0.7477206796518856
1197,571748BJ0,coupon_maturity_name,1.0,1,1,MARSH & MCLENNAN COS INC,US571748BJ05,8015000.0,0.023886326951,MARSH & MCLENNAN COMPANIES INC,11630000,0.6891659501289767
1198,88731EAJ9,coupon_maturity_name,0.6,1,1,TIME WARNER CABLE ENTRMN,US88731EAJ91,7885000.0,0.029799971941,TIME WARNER CABLE ENTERPRISES LLC,9200000,0.8570652173913044
1199,89788MAX0,coupon_maturity_name,1.0,1,1,TRUIST FINANCIAL CORP,US89788MAX02,11276000.0,0.03745642153,TRUIST FINANCIAL CORP MTN,10280000,1.096887159533074
1200,00287YEE5,coupon_maturity_name,1.0,1,1,ABBVIE INC,US00287YEE59,9308000.0,0.030649633357,ABBVIE INC,10308000,0.902987970508343
1201,695114DD7,coupon_maturity_name,1.0,1,1,PACIFICORP,US695114DD77,8087000.0,0.027509505952,PACIFICORP,9972000,0.8109707180104292
1202,404119DJ5,coupon_maturity_name,1.0,1,1,HCA INC,US404119DJ57,12215000.0,0.040655453811,HCA INC,10224000,1.1947378716744914
1203,75886FAE7,coupon_maturity_name,1.0,1,1,REGENERON PHARMACEUTICAL,US75886FAE79,9328000.0,0.027742249323,REGENERON PHARMACEUTICALS INC.,11446000,0.8149571902848156
1204,404119CQ0,coupon_maturity_name,1.0,1,1,HCA INC,US404119CQ00,9442000.0,0.032370752153,HCA INC,9993000,0.9448614029820874
1205,45866FAH7,coupon_maturity_name,0.5,1,1,INTERCONTINENTALEXCHANGE,US45866FAH73,10556000.0,0.029238604881,INTERCONTINENTAL EXCHANGE INC,12507000,0.8440073558807069
1206,758750AN3,coupon_maturity_name,1.0,1,1,REGAL REXNORD CORP,US758750AN32,9181000.0,0.032158024051,REGAL REXNORD CORP,9515000,0.9648975302154493
1207,911312BZ8,coupon_maturity_name,1.0,1,1,UNITED PARCEL SERVICE,US911312BZ82,9440000.0,0.032167711516,UNITED PARCEL SERVICE INC,9916000,0.9519967728922952
1208,74432QCK9,coupon_maturity_name,1.0,1,1,PRUDENTIAL FINANCIAL INC,US74432QCK94,7267000.0,0.024547070989,PRUDENTIAL FINANCIAL INC MTN,10028000,0.724670921420024
1209,031162CZ1,coupon_maturity_name,1.0,1,1,AMGEN INC,US031162CZ14,9889000.0,0.028719715213,AMGEN INC,11777000,0.8396875265347712
1210,115236AM3,coupon_maturity_name,1.0,1,1,BROWN & BROWN INC,US115236AM30,7216000.0,0.024276711031,BROWN & BROWN INC,10219000,0.7061356297093649
1211,532457CG1,coupon_maturity_name,1.0,1,1,ELI LILLY & CO,US532457CG18,10059000.0,0.030519336664,ELI LILLY AND COMPANY,11347000,0.8864898210980876
1212,58933YCB9,coupon_maturity_name,1.0,1,1,MERCK & CO INC,US58933YCB92,11305000.0,0.037243241589,MERCK & CO INC,10581000,1.0684245345430488
1213,958667AE7,coupon_maturity_name,1.0,1,1,WESTERN MIDSTREAM OPERAT,US958667AE72,10044000.0,0.035421445127,WESTERN MIDSTREAM OPERATING LP,9566000,1.0499686389295422
1214,11135FCW9,coupon_maturity_name,1.0,1,1,BROADCOM INC,US11135FCW95,6175000.0,0.020423013641,BROADCOM INC,10241000,0.6029684601113172
1215,76720AAT3,coupon_maturity_name,0.6666666666666666,1,1,RIO TINTO FIN USA PLC,US76720AAT34,11159000.0,0.037971843146,RIO TINTO FINANCE (USA) PLC,9853000,1.1325484623972395
1216,05971KAR0,coupon_maturity_name,1.0,1,1,BANCO SANTANDER SA,US05971KAR05,9756000.0,0.032262429785,BANCO SANTANDER SA (FXD),10180000,0.9583497053045187
1217,42824CBT5,coupon_maturity_size,0.25,1,0,HP ENTERPRISE CO,US42824CBT53,11400000.0,0.038180274427,HEWLETT PACKARD ENTERPRISE CO,10037000,1.1357975490684467
1218,694308KM8,coupon_maturity_name,1.0,1,1,PACIFIC GAS & ELECTRIC,US694308KM84,9636000.0,0.03441155442,PACIFIC GAS AND ELECTRIC COMPANY,9527000,1.011441167208985
1219,87264ADB8,coupon_maturity_name,1.0,1,1,T-MOBILE USA INC,US87264ADB89,8433000.0,0.02733292093,T-MOBILE USA INC,10945000,0.7704888076747374
1220,171232AQ4,coupon_maturity_name,1.0,1,1,CHUBB INA HOLDINGS LLC,US171232AQ41,9451000.0,0.033825970089,CHUBB INA HOLDINGS LLC,9475000,0.997467018469657
1221,58933YCF0,coupon_maturity_name,1.0,1,1,MERCK & CO INC,US58933YCF07,9893000.0,0.033497603025,MERCK & CO INC,10003000,0.9890032990102969
1222,02079KAL1,coupon_maturity_name,1.0,2,1,ALPHABET INC,US02079KAL17,11117000.0,0.036548813983,ALPHABET INC,10392000,1.0697652040030794
1223,20030NAC5,coupon_maturity_name,1.0,1,1,COMCAST CORP,US20030NAC56,6166000.0,0.023184683683,COMCAST CORPORATION,8969000,0.6874790946593823
1224,55336VBY5,coupon_maturity_name,1.0,1,1,MPLX LP,US55336VBY56,5970000.0,0.020115365543,MPLX LP,9979000,0.598256338310452
1225,,no_coupon_maturity_candidates,,0,0,,,,,PACIFIC GAS AND ELECTRIC COMPANY,10028000,
1226,37045XDE3,coupon_maturity_name,0.6666666666666666,1,1,GENERAL MOTORS FINL CO,US37045XDE31,6332000.0,0.019068877531,GENERAL MOTORS FINANCIAL COMPANY I,11229000,0.5638970522753585
1227,90353TAT7,coupon_maturity_name,1.0,1,1,UBER TECHNOLOGIES INC,US90353TAT79,7527000.0,0.024735141163,UBER TECHNOLOGIES INC,10331000,0.7285838737779499
1228,009158BC9,coupon_maturity_name,1.0,1,1,AIR PRODUCTS & CHEMICALS,US009158BC97,9826000.0,0.030073026314,AIR PRODUCTS AND CHEMICALS INC,10989000,0.8941668941668942
1229,023135BT2,coupon_maturity_name,1.0,1,1,AMAZON.COM INC,US023135BT22,15447000.0,0.030478620494,AMAZON.COM INC,18176000,0.8498569542253521
1230,00206RMY5,coupon_maturity_name,1.0,1,1,AT&T INC,US00206RMY52,8480000.0,0.028792077056,AT&T INC,9879000,0.8583864763640044
1231,532457CS5,coupon_maturity_name,1.0,1,1,ELI LILLY & CO,US532457CS55,7036000.0,0.021856817175,ELI LILLY AND COMPANY,10929000,0.6437917467288864
1232,134429BP3,coupon_maturity_name,1.0,1,1,CAMPBELLS COMPANY/THE,US134429BP34,7567000.0,0.02465464309,CAMPBELLS CO,10096000,0.7495047543581617
1233,458140BU3,coupon_maturity_name,1.0,1,1,INTEL CORP,US458140BU38,9256000.0,0.027100768237,INTEL CORPORATION,11428000,0.8099404970248513
1234,472140AH5,coupon_maturity_size,0.25,1,0,JBS NV/USA FOODS/FOOD CO,US472140AH52,9862000.0,0.032354791149,JBS NV,10363000,0.9516549261796777
1235,00206RDR0,coupon_maturity_name,1.0,1,1,AT&T INC,US00206RDR03,6542000.0,0.021798917211,AT&T INC,10165000,0.6435809149040826
1236,458140CM0,coupon_maturity_name,1.0,1,1,INTEL CORP,US458140CM03,9108000.0,0.028793572924,INTEL CORPORATION,10844000,0.8399114717816304
1237,68389XAE5,coupon_maturity_name,1.0,1,1,ORACLE CORP,US68389XAE58,9740000.0,0.033606761046,ORACLE CORPORATION,10240000,0.951171875
1238,11135FDB4,coupon_maturity_name,1.0,1,1,BROADCOM INC,US11135FDB40,6290000.0,0.020845653346,BROADCOM INC,10391000,0.6053315369069387
1239,969457BZ2,coupon_maturity_name,1.0,1,1,WILLIAMS COMPANIES INC,US969457BZ28,6822000.0,0.022660903695,WILLIAMS COMPANIES INC,9997000,0.6824047214164249
1240,91159HJU5,coupon_maturity_name,1.0,1,1,US BANCORP,US91159HJU59,9893000.0,0.033836930575,US BANCORP MTN,9698000,1.020107238605898
1241,02209SAV5,coupon_maturity_name,1.0,1,1,ALTRIA GROUP INC,US02209SAV51,11011000.0,0.027525025794,ALTRIA GROUP INC,13590000,0.8102281089036056
1242,91159HJV3,coupon_maturity_name,1.0,1,1,US BANCORP,US91159HJV33,6801000.0,0.023138258094,US BANCORP MTN,9817000,0.6927778343689518
1243,404119DL0,coupon_maturity_name,1.0,2,1,HCA INC,US404119DL04,9295000.0,0.030882917243,HCA INC,10096000,0.9206616481774961
1244,25160PAS6,coupon_maturity_name,0.6666666666666666,1,1,DEUTSCHE BANK NY,US25160PAS65,10995000.0,0.036837606916,DEUTSCHE BANK AG (NEW YORK BRANCH),9906000,1.1099333737129013
1245,29379VBX0,coupon_maturity_name,1.0,1,1,ENTERPRISE PRODUCTS OPER,US29379VBX01,11296000.0,0.035762324684,ENTERPRISE PRODUCTS OPERATING LLC,10456000,1.080336648814078
1246,37045XDL7,coupon_maturity_name,0.6666666666666666,1,1,GENERAL MOTORS FINL CO,US37045XDL73,9847000.0,0.029830680192,GENERAL MOTORS FINANCIAL COMPANY I,11084000,0.8883976903644893
1247,04636NAN3,coupon_maturity_name,1.0,1,1,ASTRAZENECA FINANCE LLC,US04636NAN30,10962000.0,0.03724851955,ASTRAZENECA FINANCE LLC,9786000,1.1201716738197425
1248,548661EA1,coupon_maturity_name,0.5,1,1,LOWE'S COS INC,US548661EA10,13214000.0,0.040462307572,LOWES COMPANIES INC,10889000,1.2135182294058224
1249,46647PBM7,coupon_maturity_name,1.0,1,1,JPMORGAN CHASE & CO,US46647PBM77,12257000.0,0.031827010854,JPMORGAN CHASE & CO,12997000,0.9430637839501423
1250,883556DJ8,coupon_maturity_name,1.0,1,1,THERMO FISHER SCIENTIFIC,US883556DJ86,11759000.0,0.039018987041,THERMO FISHER SCIENTIFIC INC,9996000,1.1763705482192877
1251,72650RBS0,coupon_maturity_name,1.0,1,1,PLAINS ALL AMER PIPELINE,US72650RBS04,7395000.0,0.025024180816,PLAINS ALL AMERICAN PIPELINE LP,9987000,0.7404626013817963
1252,883556CL4,coupon_maturity_name,1.0,1,1,THERMO FISHER SCIENTIFIC,US883556CL42,10906000.0,0.0322696758,THERMO FISHER SCIENTIFIC INC,11303000,0.9648765814385561
1253,023135CC8,coupon_maturity_name,1.0,1,1,AMAZON.COM INC,US023135CC87,14517000.0,0.03038338978,AMAZON.COM INC,16929000,0.8575225943646996
1254,278865BX7,coupon_maturity_name,1.0,1,1,ECOLAB INC,US278865BX71,7275000.0,0.02482107954,ECOLAB INC,9824000,0.7405333876221498
1255,161175BV5,coupon_maturity_size,0.3333333333333333,1,0,CHARTER COMM OPT LLC/CAP,US161175BV50,14496000.0,0.029944070802,CHARTER COMMUNICATIONS OPERATING L,16383000,0.8848196301043765
1256,874060AZ9,coupon_maturity_name,1.0,1,1,TAKEDA PHARMACEUTICAL,US874060AZ95,14347000.0,0.031923175163,TAKEDA PHARMACEUTICAL CO LTD,15381000,0.9327742019374553
1257,86562MCW8,coupon_maturity_name,0.6666666666666666,1,1,SUMITOMO MITSUI FINL GRP,US86562MCW82,6223000.0,0.021600840259,SUMITOMO MITSUI FINANCIAL GROUP IN,9627000,0.646411135348499
1258,693475CB9,coupon_maturity_name,1.0,1,1,PNC FINANCIAL SERVICES,US693475CB94,6688000.0,0.022873465661,PNC FINANCIAL SERVICES GROUP INC (,9554000,0.7000209336403601
1259,30212PBM6,coupon_maturity_name,1.0,1,1,EXPEDIA GROUP INC,US30212PBM68,7853000.0,0.026068403822,EXPEDIA GROUP INC,9981000,0.7867949103296263
1260,28368EAE6,coupon_maturity_name,1.0,1,1,KINDER MORGAN INC,US28368EAE68,6391000.0,0.024538695963,KINDER MORGAN INC MTN,8756000,0.7298994974874372
1261,931142EC3,coupon_maturity_name,1.0,1,1,WALMART INC,US931142EC31,10662000.0,0.029445732889,WALMART INC,12355000,0.8629704573047349
1262,55336VCD0,coupon_maturity_name,1.0,2,1,MPLX LP,US55336VCD01,8862000.0,0.029876927758,MPLX LP,9917000,0.8936170212765957
1263,437076CC4,coupon_maturity_name,1.0,1,1,HOME DEPOT INC,US437076CC49,10420000.0,0.028089369212,HOME DEPOT INC,12462000,0.8361418712887178
1264,29273RAR0,coupon_maturity_name,1.0,1,1,ENERGY TRANSFER LP,US29273RAR03,7120000.0,0.025296454199,ENERGY TRANSFER LP,9244000,0.7702293379489399
1265,87264AEA9,coupon_maturity_name,1.0,1,1,T-MOBILE USA INC,US87264AEA97,7224000.0,0.023746741547,T-MOBILE USA INC,10291000,0.7019725974152172
1266,404280CK3,coupon_maturity_name,1.0,1,1,HSBC HOLDINGS PLC,US404280CK33,10866000.0,0.032979093074,HSBC HOLDINGS PLC,10831000,1.0032314652386667
1267,16411QAK7,coupon_maturity_name,1.0,1,1,CHENIERE ENERGY PARTNERS,US16411QAK76,5808000.0,0.018801630655,CHENIERE ENERGY PARTNERS LP,10139000,0.5728375579445705
1268,345397G49,coupon_maturity_name,1.0,1,1,FORD MOTOR CREDIT CO LLC,US345397G495,6890000.0,0.023503790241,FORD MOTOR CREDIT COMPANY LLC,9640000,0.7147302904564315
1269,91324PFA5,coupon_maturity_name,1.0,1,1,UNITEDHEALTH GROUP INC,US91324PFA57,6559000.0,0.022296837633,UNITEDHEALTH GROUP INC,9691000,0.6768135383345372
1270,,no_coupon_maturity_candidates,,0,0,,,,,NATWEST GROUP PLC,9877000,
1271,06738ECA1,coupon_maturity_name,1.0,1,1,BARCLAYS PLC,US06738ECA10,7535000.0,0.026037328009,BARCLAYS PLC,9422000,0.7997240500955212
1272,66989HAV0,coupon_maturity_name,1.0,1,1,NOVARTIS CAPITAL CORP,US66989HAV06,8252000.0,0.026709872685,NOVARTIS CAPITAL CORP,10212000,0.8080689385037211
1273,92343VHH0,coupon_maturity_name,1.0,1,1,VERIZON COMMUNICATIONS,US92343VHH06,11222000.0,0.037061333479,VERIZON COMMUNICATIONS INC,10372000,1.0819514076359429
1274,291011BR4,coupon_maturity_name,1.0,1,1,EMERSON ELECTRIC CO,US291011BR42,7696000.0,0.022961816041,EMERSON ELECTRIC CO,11181000,0.6883105267865128
1275,717081FE8,coupon_maturity_name,1.0,1,1,PFIZER INC,US717081FE83,10855000.0,0.035970517572,PFIZER INC,9964000,1.089421918908069
1276,713448ES3,coupon_maturity_name,1.0,1,1,PEPSICO INC,US713448ES36,10099000.0,0.031995943081,PEPSICO INC,10368000,0.9740547839506173
1277,277432AY6,coupon_maturity_name,1.0,1,1,EASTMAN CHEMICAL CO,US277432AY69,6543000.0,0.022381302639,EASTMAN CHEMICAL COMPANY,9533000,0.6863526696737648
1278,369550BM9,coupon_maturity_name,1.0,1,1,GENERAL DYNAMICS CORP,US369550BM97,9558000.0,0.031101228852,GENERAL DYNAMICS CORPORATION,10085000,0.9477441745166089
1279,532457CX4,coupon_maturity_name,1.0,1,1,ELI LILLY & CO,US532457CX41,7838000.0,0.026818311195,ELI LILLY AND COMPANY,9584000,0.8178213689482471
1280,89158TAA7,coupon_maturity_name,1.0,1,1,TOTALENERGI CAP USA LLC,US89158TAA79,12142000.0,0.040264084461,TOTALENERGIES CAPITAL USA LLC,10032000,1.2103269537480064
1281,03938LBM5,coupon_maturity_name,1.0,1,1,ARCELORMITTAL SA,US03938LBM54,6990000.0,0.023312091821,ARCELORMITTAL SA,9975000,0.7007518796992481
1282,53944YBJ1,coupon_maturity_name,1.0,1,1,LLOYDS BANKING GROUP PLC,US53944YBJ10,8770000.0,0.028867117702,LLOYDS BANKING GROUP PLC MTN,10014000,0.8757739165168764
1283,713448FE3,coupon_maturity_name,1.0,1,1,PEPSICO INC,US713448FE31,9803000.0,0.028998203913,PEPSICO INC,11168000,0.8777757879656161
1284,13607PVQ4,coupon_maturity_name,0.6666666666666666,1,1,CANADIAN IMPERIAL BANK,US13607PVQ44,7986000.0,0.027297761473,CANADIAN IMPERIAL (FX-FRN),9699000,0.8233838540055676
1285,747525BK8,coupon_maturity_name,1.0,1,1,QUALCOMM INC,US747525BK80,7590000.0,0.023351553404,QUALCOMM INCORPORATED,10717000,0.7082205841186899
1286,055451BE7,coupon_maturity_name,0.6666666666666666,1,1,BHP BILLITON FIN USA LTD,US055451BE76,6196000.0,0.021310848443,BHP BILLITON FINANCE (USA) LTD,9506000,0.651798863875447
1287,438516BZ8,coupon_maturity_name,1.0,1,1,HONEYWELL INTERNATIONAL,US438516BZ80,7403000.0,0.022533037238,HONEYWELL INTERNATIONAL INC,10817000,0.6843856891929371
1288,260543CG6,coupon_maturity_name,1.0,1,1,DOW CHEMICAL CO/THE,US260543CG61,8918000.0,0.024246438101,DOW CHEMICAL CO,12186000,0.7318234039061218
1289,98389BBA7,coupon_maturity_name,1.0,1,1,XCEL ENERGY INC,US98389BBA70,6969000.0,0.023893136673,XCEL ENERGY INC,9488000,0.7345067453625632
1290,92343VFV1,coupon_maturity_name,1.0,1,1,VERIZON COMMUNICATIONS,US92343VFV18,12667000.0,0.024776445124,VERIZON COMMUNICATIONS INC,17810000,0.7112296462661426
1291,341081HB6,coupon_maturity_name,1.0,1,1,FLORIDA POWER & LIGHT CO,US341081HB67,6656000.0,0.021487673839,FLORIDA POWER & LIGHT CO,10157000,0.6553116077581963
1292,20826FBF2,coupon_maturity_name,1.0,1,1,CONOCOPHILLIPS COMPANY,US20826FBF27,8016000.0,0.027343124064,CONOCOPHILLIPS CO,9574000,0.8372675997493211
1293,883556DG4,coupon_maturity_name,1.0,1,1,THERMO FISHER SCIENTIFIC,US883556DG48,5895000.0,0.019507806518,THERMO FISHER SCIENTIFIC INC,9805000,0.6012238653748088
1294,037833EV8,coupon_maturity_name,1.0,1,1,APPLE INC,US037833EV87,8696000.0,0.029178481043,APPLE INC,9852000,0.8826634185952091
1295,87264ADM4,coupon_maturity_name,1.0,1,1,T-MOBILE USA INC,US87264ADM45,8944000.0,0.029116798046,T-MOBILE USA INC,10234000,0.8739495798319328
1296,532457CY2,coupon_maturity_name,1.0,1,1,ELI LILLY & CO,US532457CY24,9466000.0,0.031514366804,ELI LILLY AND COMPANY,9958000,0.9505924884514962
1297,893574AU7,coupon_maturity_name,0.8,1,1,TRANSCONT GAS PIPE LINE,US893574AU73,6864000.0,0.022872233268,TRANSCONTINENTAL GAS PIPE LINE COM,9823000,0.6987681970884658
1298,83444MAS0,coupon_maturity_name,1.0,1,1,SOLVENTUM CORP,US83444MAS08,8416000.0,0.02790420747,SOLVENTUM CORP,10060000,0.8365805168986084
1299,10373QBM1,coupon_maturity_name,1.0,1,1,BP CAP MARKETS AMERICA,US10373QBM15,8541000.0,0.02569613713,BP CAPITAL MARKETS AMERICA INC,10839000,0.7879878217547744
1300,594918CF9,coupon_maturity_name,1.0,1,1,MICROSOFT CORP,US594918CF95,14440000.0,0.02967450785,MICROSOFT CORPORATION,16754000,0.8618837292586845
1301,29250NCQ6,coupon_maturity_name,1.0,1,1,ENBRIDGE INC,US29250NCQ60,10529000.0,0.035464391651,ENBRIDGE INC,9657000,1.0902971937454695
1302,171239AN6,coupon_maturity_name,1.0,1,1,CHUBB INA HOLDINGS LLC,US171239AN62,4523000.0,0.015386550561,CHUBB INA HOLDINGS LLC,9680000,0.46725206611570247
1303,532457CH9,coupon_maturity_name,1.0,1,1,ELI LILLY & CO,US532457CH90,6384000.0,0.019071916039,ELI LILLY AND COMPANY,11101000,0.5750833258265021
1304,,name_below_threshold,0.3333333333333333,2,0,,,,,CHARTER COMMUNICATIONS OPERATING L,12715000,
1305,37940XAD4,coupon_maturity_name,1.0,1,1,GLOBAL PAYMENTS INC,US37940XAD49,9292000.0,0.028663857777,GLOBAL PAYMENTS INC,10562000,0.8797576216625639
1306,873923AE6,coupon_maturity_size,0.0,1,0,SUMISHO AIR LEASE CORP,US873923AE65,12268000.0,0.040817792045,TAKEOFF MERGER SUB INC 144A,9730000,1.2608427543679341
1307,29379VBC6,coupon_maturity_name,1.0,1,1,ENTERPRISE PRODUCTS OPER,US29379VBC63,8940000.0,0.028112409121,ENTERPRISE PRODUCTS OPERATING LLC,10431000,0.8570606844981306
1308,,name_below_threshold,0.0,2,0,,,,,INTERNATIONAL BUSINESS MACHINES CO,9681000,
1309,,no_coupon_maturity_candidates,,0,0,,,,,NOMURA HOLDINGS INC,9770000,
1310,478160DL5,coupon_maturity_name,1.0,1,1,JOHNSON & JOHNSON,US478160DL55,8188000.0,0.028222485057,JOHNSON & JOHNSON,9422000,0.8690299299511781
1311,11135FDD0,coupon_maturity_name,1.0,2,1,BROADCOM INC,US11135FDD06,10341000.0,0.034570425071,BROADCOM INC,10409000,0.993467191853204
1312,375558AS2,coupon_maturity_name,1.0,1,1,GILEAD SCIENCES INC,US375558AS26,7554000.0,0.025881291351,GILEAD SCIENCES INC,9681000,0.7802912922218779
1313,036752AD5,coupon_maturity_name,1.0,1,1,ELEVANCE HEALTH INC,US036752AD58,10254000.0,0.028264032682,ELEVANCE HEALTH INC,12153000,0.8437422858553444
1314,20030NEG2,coupon_maturity_name,1.0,1,1,COMCAST CORP,US20030NEG25,10397000.0,0.03080913575,COMCAST CORPORATION,11802000,0.8809523809523809
1315,254687GE0,coupon_maturity_name,1.0,1,1,WALT DISNEY COMPANY/THE,US254687GE01,7210000.0,0.023536941788,WALT DISNEY CO,9938000,0.7254980881465084
1316,539439BA6,coupon_maturity_name,1.0,1,1,LLOYDS BANKING GROUP PLC,US539439BA62,5335000.0,0.018290140884,LLOYDS BANKING GROUP PLC,9520000,0.5603991596638656
1317,341081GL5,coupon_maturity_name,1.0,1,1,FLORIDA POWER & LIGHT CO,US341081GL58,7682000.0,0.02624614401,FLORIDA POWER & LIGHT CO,9489000,0.8095689746021709
1318,,no_coupon_maturity_candidates,,0,0,,,,,SANTANDER HOLDINGS USA INC,9705000,
1319,25278XAN9,coupon_maturity_name,1.0,1,1,DIAMONDBACK ENERGY INC,US25278XAN93,8512000.0,0.027689780328,DIAMONDBACK ENERGY INC,10008000,0.8505195843325339
1320,66989HBK3,coupon_maturity_name,1.0,1,1,NOVARTIS CAPITAL CORP,US66989HBK32,7643000.0,0.025912919632,NOVARTIS CAPITAL CORP,9674000,0.7900558197229688
1321,56585AAF9,coupon_maturity_name,1.0,1,1,MARATHON PETROLEUM CORP,US56585AAF93,7343000.0,0.026538976669,MARATHON PETROLEUM CORP,8943000,0.8210891199821089
1322,,no_coupon_maturity_candidates,,0,0,,,,,DELL INTERNATIONAL LLC,9886000,
1323,126408HU0,coupon_maturity_name,1.0,1,1,CSX CORP,US126408HU08,7624000.0,0.02483884132,CSX CORP,9969000,0.7647707894472866
1324,539830BL2,coupon_maturity_name,1.0,1,1,LOCKHEED MARTIN CORP,US539830BL23,9244000.0,0.027616997872,LOCKHEED MARTIN CORPORATION,11027000,0.8383059762401378
1325,742718GA1,coupon_maturity_name,1.0,1,1,PROCTER & GAMBLE CO/THE,US742718GA10,5760000.0,0.019003230221,PROCTER & GAMBLE CO,9719000,0.5926535651816031
1326,87264ABX2,coupon_maturity_name,1.0,1,1,T-MOBILE USA INC,US87264ABX28,5746000.0,0.016978709077,T-MOBILE USA INC,10987000,0.5229817056521343
1327,29278NAE3,coupon_maturity_name,0.6666666666666666,1,1,ENERGY TRANSFER LP,US29278NAE31,6574000.0,0.021583277151,ENERGY TRANSFER PARTNERS LP,10096000,0.651148969889065
1328,532457CR7,coupon_maturity_name,1.0,1,1,ELI LILLY & CO,US532457CR72,6542000.0,0.021695594655,ELI LILLY AND COMPANY,9694000,0.674850422942026
1329,78409VBQ6,coupon_maturity_name,1.0,1,1,S&P GLOBAL INC,US78409VBQ68,5446000.0,0.018790861454,S&P GLOBAL INC,9334000,0.5834583244053996
1330,693475BM6,coupon_maturity_name,1.0,1,1,PNC FINANCIAL SERVICES,US693475BM68,13061000.0,0.043962575372,PNC FINANCIAL SERVICES GROUP INC (,9478000,1.378033340367166
1331,98389BBB5,coupon_maturity_name,1.0,1,1,XCEL ENERGY INC,US98389BBB53,5767000.0,0.019774364774,XCEL ENERGY INC,9397000,0.6137065020751303
1332,37045XDS2,coupon_maturity_name,0.6666666666666666,1,1,GENERAL MOTORS FINL CO,US37045XDS27,9512000.0,0.028911140857,GENERAL MOTORS FINANCIAL COMPANY I,10674000,0.8911373430766348
1333,704326AC1,coupon_maturity_name,1.0,2,1,PAYCHEX INC,US704326AC18,7512000.0,0.02544202952,PAYCHEX INC,9467000,0.7934931868596177
1334,62954HAJ7,coupon_maturity_name,0.5,1,1,NXP BV/NXP FDG/NXP USA,US62954HAJ77,9704000.0,0.0289301631,NXP BV,10787000,0.8996013720218782
1335,24703DBT7,coupon_maturity_name,0.6666666666666666,1,1,DELL INT LLC / EMC CORP,US24703DBT72,6462000.0,0.021543551891,DELL INTERNATIONAL LLC,9690000,0.6668730650154798
1336,03770DAD5,coupon_maturity_name,0.6,1,1,APOLLO DEBT SOLUTIONS BD,US03770DAD57,8474000.0,0.029089075789,APOLLO DEBT SOLUTIONS BDC,9165000,0.9246044735406438
1337,40434LAJ4,coupon_maturity_name,1.0,1,1,HP INC,US40434LAJ44,9912000.0,0.029902209337,HP INC,10760000,0.9211895910780669
1338,345370CA6,coupon_maturity_name,1.0,1,1,FORD MOTOR COMPANY,US345370CA64,7483000.0,0.027445289505,FORD MOTOR COMPANY,8895000,0.8412591343451378
1339,254687FM3,coupon_maturity_name,1.0,1,1,WALT DISNEY COMPANY/THE,US254687FM36,13540000.0,0.028338702576,WALT DISNEY CO,15697000,0.8625852073644645
1340,12189LAA9,coupon_maturity_name,0.6,1,1,BURLINGTN NORTH SANTA FE,US12189LAA98,7618000.0,0.026708866229,BURLINGTON NORTHERN SANTA FE LLC,9269000,0.8218793828892006
1341,86562MDU1,coupon_maturity_name,0.6666666666666666,1,1,SUMITOMO MITSUI FINL GRP,US86562MDU18,9270000.0,0.032218887647,SUMITOMO MITSUI FINANCIAL GROUP IN,9402000,0.9859604339502234
1342,88732JBB3,coupon_maturity_name,1.0,1,1,TIME WARNER CABLE LLC,US88732JBB35,9892000.0,0.028669652514,TIME WARNER CABLE LLC,11195000,0.8836087539079946
1343,231021AX4,coupon_maturity_name,1.0,1,1,CUMMINS INC,US231021AX49,5780000.0,0.019005986854,CUMMINS INC,9907000,0.5834258605026749
1344,110122EG9,coupon_maturity_name,1.0,1,1,BRISTOL-MYERS SQUIBB CO,US110122EG99,7013000.0,0.024093978551,BRISTOL-MYERS SQUIBB CO,9257000,0.7575888516798098
1345,25746UDG1,coupon_maturity_name,1.0,2,1,DOMINION ENERGY INC,US25746UDG13,12874000.0,0.041371023513,DOMINION ENERGY INC,9970000,1.2912738214643933
1346,191216DS6,coupon_maturity_name,1.0,1,1,COCA-COLA CO/THE,US191216DS69,6137000.0,0.019910061915,COCA-COLA CO,10123000,0.6062432085350192
1347,375558BG7,coupon_maturity_name,1.0,1,1,GILEAD SCIENCES INC,US375558BG78,6448000.0,0.021117222798,GILEAD SCIENCES INC,9794000,0.658362262609761
1348,036752BK8,coupon_maturity_name,1.0,2,1,ELEVANCE HEALTH INC,US036752BK82,9571000.0,0.031524963085,ELEVANCE HEALTH INC,9890000,0.9677451971688574
1349,026874DS3,coupon_maturity_name,1.0,1,1,AMERICAN INTERNATIONAL,US026874DS37,7392000.0,0.025089558037,AMERICAN INTERNATIONAL GROUP INC,9429000,0.7839643652561247
1350,036752AN3,coupon_maturity_name,1.0,1,1,ELEVANCE HEALTH INC,US036752AN31,8376000.0,0.025718271749,ELEVANCE HEALTH INC,10434000,0.8027602070155262
1351,20826FBM7,coupon_maturity_name,1.0,2,1,CONOCOPHILLIPS COMPANY,US20826FBM77,8506000.0,0.027507249173,CONOCOPHILLIPS CO,10260000,0.8290448343079923
1352,26875PAY7,coupon_maturity_name,1.0,2,1,EOG RESOURCES INC,US26875PAY79,7123000.0,0.024199345648,EOG RESOURCES INC,9537000,0.7468805704099821
1353,037833ED8,coupon_maturity_name,1.0,1,1,APPLE INC,US037833ED89,7448000.0,0.022273683396,APPLE INC,10708000,0.6955547254389242
1354,20030NCZ2,coupon_maturity_name,1.0,1,1,COMCAST CORP,US20030NCZ24,15188000.0,0.033760567585,COMCAST CORPORATION,15101000,1.0057612078670286
1355,89115KAB6,coupon_maturity_name,1.0,1,1,TORONTO-DOMINION BANK,US89115KAB61,6682000.0,0.022572797954,TORONTO-DOMINION BANK/THE MTN,9482000,0.7047036490191942
1356,91324PFG2,coupon_maturity_name,1.0,1,1,UNITEDHEALTH GROUP INC,US91324PFG28,9056000.0,0.030700376148,UNITEDHEALTH GROUP INC,9503000,0.9529622224560665
1357,05526DBY0,coupon_maturity_name,1.0,1,1,BAT CAPITAL CORP,US05526DBY04,6060000.0,0.021249462665,BAT CAPITAL CORP,8996000,0.6736327256558471
1358,78017DAH1,coupon_maturity_name,1.0,1,1,ROYAL BANK OF CANADA,US78017DAH17,5201000.0,0.017629724586,ROYAL BANK OF CANADA (FX-FRN) MTN,9416000,0.552357689039932
1359,822905AG0,coupon_maturity_name,1.0,1,1,SHELL FINANCE US INC,US822905AG05,12389000.0,0.02876943382,SHELL FINANCE US INC,14035000,0.8827217670110438
1360,98978VAH6,coupon_maturity_name,1.0,1,1,ZOETIS INC,US98978VAH69,9478000.0,0.028368055073,ZOETIS INC,10624000,0.8921310240963856
1361,031162CR9,coupon_maturity_name,1.0,1,1,AMGEN INC,US031162CR97,15074000.0,0.039366816536,AMGEN INC,12302000,1.2253292147618273
1362,036752BD4,coupon_maturity_name,1.0,1,1,ELEVANCE HEALTH INC,US036752BD40,6599000.0,0.022203310962,ELEVANCE HEALTH INC,9417000,0.7007539556121907
1363,,no_coupon_maturity_candidates,,0,0,,,,,ROYAL BANK OF CANADA MTN,9540000,
1364,031162CD0,coupon_maturity_name,1.0,1,1,AMGEN INC,US031162CD02,10271000.0,0.029139045448,AMGEN INC,11580000,0.8869602763385147
1365,191216DE7,coupon_maturity_name,1.0,2,1,COCA-COLA CO/THE,US191216DE73,9184000.0,0.026886554071,COCA-COLA CO,10903000,0.8423369714757406
1366,45866FAP9,coupon_maturity_name,0.5,1,1,INTERCONTINENTALEXCHANGE,US45866FAP99,21647000.0,0.053111702312,INTERCONTINENTAL EXCHANGE INC,13255000,1.6331195775179177
1367,437076CD2,coupon_maturity_name,1.0,1,1,HOME DEPOT INC,US437076CD22,13224000.0,0.030795699634,HOME DEPOT INC,13901000,0.9512984677361341
1368,60687YDM8,coupon_maturity_name,1.0,1,1,MIZUHO FINANCIAL GROUP,US60687YDM84,7389000.0,0.024939982307,MIZUHO FINANCIAL GROUP INC,9567000,0.7723424270931326
1369,20826FBG0,coupon_maturity_name,1.0,2,1,CONOCOPHILLIPS COMPANY,US20826FBG00,6541000.0,0.021320246143,CONOCOPHILLIPS CO,9944000,0.6577835880933226
1370,136375DC3,coupon_maturity_name,0.5,1,1,CANADIAN NATL RAILWAY,US136375DC36,6658000.0,0.021369345699,CANADIAN NATIONAL RAILWAY COMPANY,9867000,0.6747745008614574
1371,57636QAZ7,coupon_maturity_name,1.0,1,1,MASTERCARD INC,US57636QAZ72,8831000.0,0.02982962233,MASTERCARD INC,9473000,0.9322284387205743
1372,071813DE6,coupon_maturity_name,1.0,1,1,BAXTER INTERNATIONAL INC,US071813DE66,7199000.0,0.023940392509,BAXTER INTERNATIONAL INC,9623000,0.7481035020263951
1373,74762EAF9,coupon_maturity_name,1.0,1,1,QUANTA SERVICES INC,US74762EAF97,9765000.0,0.030547996779,QUANTA SERVICES INC.,10140000,0.9630177514792899
1374,00206RNQ1,coupon_maturity_name,1.0,1,1,AT&T INC,US00206RNQ10,11794000.0,0.039729139036,AT&T INC,9839000,1.19869905478199
1375,00206RKB7,coupon_maturity_name,1.0,1,1,AT&T INC,US00206RKB77,11825000.0,0.02681705409,AT&T INC,14751000,0.8016405667412378
1376,02665WGF2,coupon_maturity_name,1.0,1,1,AMERICAN HONDA FINANCE,US02665WGF23,6381000.0,0.021574803242,AMERICAN HONDA FINANCE CORPORATION,9497000,0.6718963883331578
1377,097023CJ2,coupon_maturity_name,1.0,1,1,BOEING CO,US097023CJ22,8268000.0,0.025044530607,BOEING CO,10561000,0.782880409052173
1378,62954HBB3,coupon_maturity_name,0.5,2,1,NXP BV/NXP FDG/NXP USA,US62954HBB33,6766000.0,0.022708862255,NXP BV,9580000,0.7062630480167015
1379,369604CA9,coupon_maturity_name,1.0,1,1,GENERAL ELECTRIC CO,US369604CA96,8436000.0,0.028269556927,GENERAL ELECTRIC CO,9406000,0.8968743355305124
1380,65339KCJ7,coupon_maturity_name,0.75,2,1,NEXTERA ENERGY CAPITAL,US65339KCJ79,5860000.0,0.019837862314,NEXTERA ENERGY CAPITAL HOLDINGS IN,9484000,0.6178827498945593
1381,89153VAT6,coupon_maturity_name,0.5,1,1,TOTALENERGIES CAP INTL,US89153VAT61,6625000.0,0.021054525487,TOTALENERGIES CAPITAL INTERNATIONA,10011000,0.6617720507441814
1382,532457DE5,coupon_maturity_name,1.0,1,1,ELI LILLY & CO,US532457DE50,10335000.0,0.034716072615,ELI LILLY AND COMPANY,9492000,1.088811630847029
1383,009158BK1,coupon_maturity_name,1.0,1,1,AIR PRODUCTS & CHEMICALS,US009158BK14,8887000.0,0.029898572596,AIR PRODUCTS AND CHEMICALS INC,9367000,0.9487562720187893
1384,931142FT5,coupon_maturity_name,1.0,1,1,WALMART INC,US931142FT56,9256000.0,0.030839662016,WALMART INC,9508000,0.9734960033655868
1385,620076BZ1,coupon_maturity_name,1.0,2,1,MOTOROLA SOLUTIONS INC,US620076BZ10,7069000.0,0.024082646339,MOTOROLA SOLUTIONS INC,9319000,0.7585577851700827
1386,92857WBM1,coupon_maturity_name,1.0,1,1,VODAFONE GROUP PLC,US92857WBM10,9238000.0,0.02813065269,VODAFONE GROUP PLC,10721000,0.861673351366477
1387,458140CH1,coupon_maturity_name,1.0,1,1,INTEL CORP,US458140CH18,6163000.0,0.020141773345,INTEL CORPORATION,9758000,0.6315843410534946
1388,83007CAF9,coupon_maturity_name,0.6666666666666666,1,1,SOUTH BOW USA INFRA HLDS,US83007CAF95,9345000.0,0.031364137373,SOUTH BOW USA INFRASTRUCTURE HOLDI,9376000,0.996693686006826
1389,49177JAK8,coupon_maturity_name,1.0,1,1,KENVUE INC,US49177JAK88,9260000.0,0.031279258873,KENVUE INC,9343000,0.9911163437867923
1390,031162CW8,coupon_maturity_name,1.0,1,1,AMGEN INC,US031162CW82,6739000.0,0.020407878989,AMGEN INC,10428000,0.646240889911776
1391,21684AAB2,coupon_maturity_name,1.0,1,1,COOPERATIEVE RABOBANK UA,US21684AAB26,8188000.0,0.027145789656,COOPERATIEVE RABOBANK UA,9608000,0.8522064945878435
1392,42824CBU2,coupon_maturity_size,0.25,1,0,HP ENTERPRISE CO,US42824CBU27,5295000.0,0.017731346826,HEWLETT PACKARD ENTERPRISE CO,9398000,0.5634177484571186
1393,92343VDR2,coupon_maturity_name,1.0,1,1,VERIZON COMMUNICATIONS,US92343VDR24,7860000.0,0.024748734988,VERIZON COMMUNICATIONS INC,10170000,0.7728613569321534
1394,404119CU1,coupon_maturity_name,1.0,1,1,HCA INC,US404119CU12,10153000.0,0.034881640508,HCA INC,9188000,1.1050282977797126
1395,42824CCA5,coupon_maturity_size,0.25,1,0,HP ENTERPRISE CO,US42824CCA53,5667000.0,0.01871720846,HEWLETT PACKARD ENTERPRISE CO,9493000,0.5969661856104498
1396,039482AB0,coupon_maturity_name,0.75,1,1,ARCHER-DANIELS-MIDLAND C,US039482AB02,9092000.0,0.029180536766,ARCHER DANIELS MIDLAND CO,9787000,0.9289874323081639
1397,67066GAF1,coupon_maturity_name,1.0,1,1,NVIDIA CORP,US67066GAF19,11533000.0,0.036748570601,NVIDIA CORPORATION,9891000,1.1660095035891214
1398,60687YDB2,coupon_maturity_name,1.0,1,1,MIZUHO FINANCIAL GROUP,US60687YDB20,6829000.0,0.023862200102,MIZUHO FINANCIAL GROUP INC,9143000,0.7469102045280542
1399,404280AG4,coupon_maturity_name,1.0,1,1,HSBC HOLDINGS PLC,US404280AG49,6097000.0,0.022307376062,HSBC HOLDINGS PLC,8625000,0.7068985507246377
1400,59156RAJ7,coupon_maturity_name,1.0,1,1,METLIFE INC,US59156RAJ77,7212000.0,0.026379124374,METLIFE INC,8704000,0.8285845588235294
1401,43849RAH8,coupon_maturity_name,1.0,1,1,HONEYWELL AEROSPACE INC,US43849RAH84,9265000.0,0.031006971657,HONEYWELL AEROSPACE INC 144A,9527000,0.9724992127637242
1402,125523CM0,coupon_maturity_name,1.0,1,1,CIGNA GROUP/THE,US125523CM05,11148000.0,0.033722888445,CIGNA GROUP,10362000,1.075854082223509
1403,571748CB6,coupon_maturity_name,1.0,1,1,MARSH & MCLENNAN COS INC,US571748CB69,4882000.0,0.01648538434,MARSH & MCLENNAN COMPANIES INC,9338000,0.5228100235596488
1404,26441CCJ2,coupon_maturity_name,1.0,2,1,DUKE ENERGY CORP,US26441CCJ27,8071000.0,0.026597110493,DUKE ENERGY CORP,9524000,0.8474380512389752
1405,883556DD1,coupon_maturity_name,1.0,1,1,THERMO FISHER SCIENTIFIC,US883556DD17,8755000.0,0.028925787005,THERMO FISHER SCIENTIFIC INC,9467000,0.9247913805851906
1406,55354GAR1,coupon_maturity_name,1.0,2,1,MSCI INC,US55354GAR11,9905000.0,0.032717990702,MSCI INC,9510000,1.0415352260778128
1407,9612EVAB5,coupon_maturity_name,0.4,1,1,WESTPAC BANKING CORP NY,US9612EVAB54,6112000.0,0.020425313499,WESTPAC BANKING CORPORATION (NEW Y MTN,9414000,0.6492458041215211
1408,00774MBM6,coupon_maturity_name,0.6,1,1,AERCAP IRELAND CAP/GLOBA,US00774MBM64,9540000.0,0.031228946331,AERCAP IRELAND CAPITAL DAC,9527000,1.001364542878136
1409,057224AZ0,coupon_maturity_name,1.0,1,1,BAKER HUGHES HLDGS LLC,US057224AZ09,8455000.0,0.027344124778,BAKER HUGHES HOLDINGS LLC,9759000,0.8663797520237729
1410,87938WAX1,coupon_maturity_name,1.0,1,1,TELEFONICA EMISIONES SAU,US87938WAX11,8951000.0,0.027628931506,TELEFONICA EMISIONES SAU,10269000,0.8716525464991722
1411,87938WAW3,coupon_maturity_name,1.0,1,1,TELEFONICA EMISIONES SAU,US87938WAW38,8861000.0,0.025147176092,TELEFONICA EMISIONES SAU,11163000,0.7937830332347935
1412,02079KAG2,coupon_maturity_name,1.0,1,1,ALPHABET INC,US02079KAG22,14095000.0,0.023882417132,ALPHABET INC,19390000,0.7269210933470861
1413,62954HAY4,coupon_maturity_name,0.5,1,1,NXP BV/NXP FDG/NXP USA,US62954HAY45,6104000.0,0.019583935043,NXP BV,9768000,0.6248976248976249
1414,548661EQ6,coupon_maturity_name,0.5,1,1,LOWE'S COS INC,US548661EQ61,7211000.0,0.024476025547,LOWES COMPANIES INC,9302000,0.7752096323371318
1415,828807DY0,coupon_maturity_name,1.0,1,1,SIMON PROPERTY GROUP LP,US828807DY06,7396000.0,0.024288456738,SIMON PROPERTY GROUP LP,9538000,0.775424617320193
1416,79466LAL8,coupon_maturity_name,1.0,1,1,SALESFORCE INC,US79466LAL80,13739000.0,0.027411098462,SALESFORCE INC,16701000,0.8226453505778097
1417,747525BT9,coupon_maturity_name,1.0,1,1,QUALCOMM INC,US747525BT99,9170000.0,0.031928749571,QUALCOMM INCORPORATED,9329000,0.982956372601565
1418,478160CF9,coupon_maturity_name,1.0,1,1,JOHNSON & JOHNSON,US478160CF96,7887000.0,0.023729712675,JOHNSON & JOHNSON,10379000,0.7598997976683688
1419,30161NBL4,coupon_maturity_name,1.0,1,1,EXELON CORP,US30161NBL47,6954000.0,0.022387008062,EXELON CORPORATION,9901000,0.7023532976467024
1420,961214FP3,coupon_maturity_name,1.0,1,1,WESTPAC BANKING CORP,US961214FP35,5988000.0,0.021987762734,WESTPAC BANKING CORP,8530000,0.7019929660023446
1421,12505BAG5,coupon_maturity_name,1.0,1,1,CBRE SERVICES INC,US12505BAG59,6749000.0,0.023612708693,CBRE SERVICES INC,8824000,0.7648458748866727
1422,278062AE4,coupon_maturity_name,1.0,1,1,EATON CORP,US278062AE43,6180000.0,0.017901327009,EATON CORPORATION,11017000,0.560951257148044
1423,37045XCY0,coupon_maturity_name,0.6666666666666666,1,1,GENERAL MOTORS FINL CO,US37045XCY04,9611000.0,0.030832661445,GENERAL MOTORS FINANCIAL COMPANY I,9773000,0.9834237184078584
1424,126650EF3,coupon_maturity_name,1.0,1,1,CVS HEALTH CORP,US126650EF39,10232000.0,0.034093532652,CVS HEALTH CORP,9520000,1.0747899159663865
1425,04010LBK8,coupon_maturity_name,1.0,1,1,ARES CAPITAL CORP,US04010LBK89,6226000.0,0.02069858387,ARES CAPITAL CORPORATION,9221000,0.6751979177963344
1426,96949LAC9,coupon_maturity_name,1.0,1,1,WILLIAMS COMPANIES INC,US96949LAC90,8184000.0,0.025234524448,WILLIAMS COMPANIES INC,10316000,0.7933307483520744
1427,91324PEE8,coupon_maturity_name,1.0,1,1,UNITEDHEALTH GROUP INC,US91324PEE88,11820000.0,0.029866065987,UNITEDHEALTH GROUP INC,12508000,0.9449952030700352
1428,,no_coupon_maturity_candidates,,0,0,,,,,DUKE ENERGY CAROLINAS LLC,9394000,
1429,532457DF2,coupon_maturity_name,1.0,1,1,ELI LILLY & CO,US532457DF26,7239000.0,0.024243380488,ELI LILLY AND COMPANY,9510000,0.761198738170347
1430,437076CS9,coupon_maturity_name,1.0,2,1,HOME DEPOT INC,US437076CS90,8128000.0,0.027182907934,HOME DEPOT INC,9283000,0.8755790154045029
1431,842400HT3,coupon_maturity_name,1.0,1,1,SOUTHERN CAL EDISON,US842400HT35,6999000.0,0.024512732713,SOUTHERN CALIFORNIA EDISON COMPANY,8858000,0.7901332129148793
1432,341081HE0,coupon_maturity_name,1.0,1,1,FLORIDA POWER & LIGHT CO,US341081HE07,6825000.0,0.023032132436,FLORIDA POWER & LIGHT CO,9444000,0.7226810673443456
1433,04636NAM5,coupon_maturity_name,1.0,1,1,ASTRAZENECA FINANCE LLC,US04636NAM56,6310000.0,0.02151975238,ASTRAZENECA FINANCE LLC,9040000,0.6980088495575221
1434,110122DY1,coupon_maturity_name,1.0,1,1,BRISTOL-MYERS SQUIBB CO,US110122DY15,6715000.0,0.023644217979,BRISTOL-MYERS SQUIBB CO,8709000,0.7710414513721437
1435,00287YDZ9,coupon_maturity_name,1.0,1,1,ABBVIE INC,US00287YDZ97,6173000.0,0.021026491943,ABBVIE INC,9069000,0.6806704157018414
1436,60871RAT7,coupon_maturity_name,1.0,1,1,MOLSON COORS BEVERAGE,US60871RAT77,761000.0,0.00257316579,MOLSON COORS BEVERAGE CO,9291000,0.08190722204283715
1437,58933YAZ8,coupon_maturity_name,1.0,1,1,MERCK & CO INC,US58933YAZ88,6690000.0,0.019966651689,MERCK & CO INC,10461000,0.6395182104961284
1438,88732JAY4,coupon_maturity_name,1.0,1,1,TIME WARNER CABLE LLC,US88732JAY47,9448000.0,0.028583091058,TIME WARNER CABLE LLC,10471000,0.9023015948811002
1439,06051GKB4,coupon_maturity_name,1.0,1,1,BANK OF AMERICA CORP,US06051GKB40,15418000.0,0.033330291369,BANK OF AMERICA CORP,14785000,1.0428136624957727
1440,459200LG4,coupon_maturity_size,0.0,1,0,IBM CORP,US459200LG47,9153000.0,0.031002136469,INTERNATIONAL BUSINESS MACHINES CO,9077000,1.008372810399912
1441,16411RAP4,coupon_maturity_name,1.0,1,1,CHENIERE ENERGY INC,US16411RAP47,8660000.0,0.028648619205,CHENIERE ENERGY INC 144A,9341000,0.927095600042822
1442,55336VBZ2,coupon_maturity_name,1.0,1,1,MPLX LP,US55336VBZ22,7824000.0,0.025522032608,MPLX LP,9611000,0.8140672146498803
1443,49271VAJ9,coupon_maturity_name,1.0,1,1,KEURIG DR PEPPER INC,US49271VAJ98,7947000.0,0.025129481801,KEURIG DR PEPPER INC,9788000,0.8119125459746629
1444,404119DK2,coupon_maturity_name,1.0,1,1,HCA INC,US404119DK21,10498000.0,0.034889395778,HCA INC,9343000,1.123621962966927
1445,90353TAQ3,coupon_maturity_name,1.0,1,1,UBER TECHNOLOGIES INC,US90353TAQ31,8615000.0,0.026935725482,UBER TECHNOLOGIES INC,10156000,0.8482670342654588
1446,125523CQ1,coupon_maturity_name,1.0,1,1,CIGNA GROUP/THE,US125523CQ19,10765000.0,0.024742804669,CIGNA GROUP,13682000,0.7868001754129513
1447,6174468Y8,coupon_maturity_name,1.0,1,1,MORGAN STANLEY,US6174468Y83,10956000.0,0.022950699794,MORGAN STANLEY MTN,15152000,0.7230728616684267
1448,92343VFL3,coupon_maturity_name,1.0,1,1,VERIZON COMMUNICATIONS,US92343VFL36,8506000.0,0.025187156231,VERIZON COMMUNICATIONS INC,10479000,0.8117186754461304
1449,46590XBC9,coupon_maturity_size,0.25,1,0,JBS NV/USA FOODS/FOOD CO,US46590XBC92,8023000.0,0.026755377606,JBS NV 144A,9493000,0.8451490572000422
1450,694308KR7,coupon_maturity_name,1.0,1,1,PACIFIC GAS & ELECTRIC,US694308KR71,8885000.0,0.030542558725,PACIFIC GAS AND ELECTRIC COMPANY,9022000,0.9848148969186433
1451,03938LBF0,coupon_maturity_name,1.0,1,1,ARCELORMITTAL SA,US03938LBF04,6639000.0,0.024577369975,ARCELORMITTAL SA,8403000,0.7900749732238487
1452,084664BL4,coupon_maturity_name,1.0,1,1,BERKSHIRE HATHAWAY FIN,US084664BL47,5575000.0,0.020092364146,BERKSHIRE HATHAWAY FINANCE CORP,8757000,0.636633550302615
1453,931142FE8,coupon_maturity_name,1.0,1,1,WALMART INC,US931142FE87,11868000.0,0.03475858016,WALMART INC,10815000,1.097364771151179
1454,172967HA2,coupon_maturity_name,1.0,1,1,CITIGROUP INC,US172967HA25,6988000.0,0.025514963037,CITIGROUP INC,8413000,0.8306192796862
1455,969457CW8,coupon_maturity_name,1.0,1,1,WILLIAMS COMPANIES INC,US969457CW87,8218000.0,0.027387657515,WILLIAMS COMPANIES INC,9247000,0.8887206661619985
1456,00206RBH4,coupon_maturity_name,1.0,1,1,AT&T INC,US00206RBH49,9970000.0,0.027878484964,AT&T INC,11450000,0.8707423580786027
1457,717081ED1,coupon_maturity_name,1.0,1,1,PFIZER INC,US717081ED10,6538000.0,0.018021518847,PFIZER INC,11518000,0.5676332696648724
1458,345397C68,coupon_maturity_name,1.0,1,1,FORD MOTOR CREDIT CO LLC,US345397C684,8523000.0,0.030461618114,FORD MOTOR CREDIT COMPANY LLC,8492000,1.003650494583137
1459,60871RAD2,coupon_maturity_name,0.5,1,1,MOLSON COORS BEVERAGE,US60871RAD26,9022000.0,0.027768722297,MOLSON COORS BREWING CO,10234000,0.8815712331444205
1460,06051GHU6,coupon_maturity_name,1.0,1,1,BANK OF AMERICA CORP,US06051GHU67,8744000.0,0.025706536183,BANK OF AMERICA CORP MTN,10556000,0.82834406972338
1461,639057AV0,coupon_maturity_name,1.0,1,1,NATWEST GROUP PLC,US639057AV00,11110000.0,0.037621971795,NATWEST GROUP PLC,9080000,1.223568281938326
1462,29273VBF6,coupon_maturity_name,1.0,1,1,ENERGY TRANSFER LP,US29273VBF67,9442000.0,0.031528170046,ENERGY TRANSFER LP,9315000,1.0136339237788514
1463,57636QBC7,coupon_maturity_name,1.0,1,1,MASTERCARD INC,US57636QBC78,10167000.0,0.033452882821,MASTERCARD INC,9517000,1.0682988336660713
1464,91324PFD9,coupon_maturity_name,1.0,1,1,UNITEDHEALTH GROUP INC,US91324PFD96,9258000.0,0.029063356339,UNITEDHEALTH GROUP INC,9971000,0.9284926286230067
1465,776696AM8,coupon_maturity_name,1.0,1,1,ROPER TECHNOLOGIES INC,US776696AM81,8131000.0,0.026532200456,ROPER TECHNOLOGIES INC,9370000,0.8677694770544291
1466,674599EA9,coupon_maturity_name,0.6666666666666666,1,1,OCCIDENTAL PETROLEUM COR,US674599EA94,6835000.0,0.026118977757,OCCIDENTAL PETROLEUM CORPORATION,8166000,0.8370071026206221
1467,89157XAE1,coupon_maturity_name,1.0,1,1,TOTALENERGIES CAPITAL SA,US89157XAE13,8113000.0,0.025671813758,TOTALENERGIES CAPITAL SA,9868000,0.8221524118362383
1468,06738EDJ1,coupon_maturity_name,1.0,1,1,BARCLAYS PLC,US06738EDJ10,10358000.0,0.034064167496,BARCLAYS PLC,9255000,1.1191788222582388
1469,161175BS2,coupon_maturity_size,0.3333333333333333,1,0,CHARTER COMM OPT LLC/CAP,US161175BS22,8079000.0,0.020808213977,CHARTER COMMUNICATIONS OPERATING L,12390000,0.6520581113801452
1470,74340XBM2,coupon_maturity_name,1.0,1,1,PROLOGIS LP,US74340XBM20,14769000.0,0.045643547759,PROLOGIS LP,9936000,1.486413043478261
1471,05526DBS3,coupon_maturity_name,1.0,1,1,BAT CAPITAL CORP,US05526DBS36,7682000.0,0.023566910112,BAT CAPITAL CORP,9961000,0.7712077100692701
1472,20030NBP5,coupon_maturity_name,1.0,1,1,COMCAST CORP,US20030NBP50,9680000.0,0.03070006345,COMCAST CORPORATION,9817000,0.9860446164816136
1473,70450YAL7,coupon_maturity_name,1.0,1,1,PAYPAL HOLDINGS INC,US70450YAL74,7518000.0,0.024564018841,PAYPAL HOLDINGS INC,9402000,0.799617102744097
1474,25278XBB4,coupon_maturity_name,1.0,1,1,DIAMONDBACK ENERGY INC,US25278XBB47,6860000.0,0.022818294092,DIAMONDBACK ENERGY INC,9499000,0.7221812822402358
1475,21871XAH2,coupon_maturity_name,1.0,1,1,COREBRIDGE FINANCIAL INC,US21871XAH26,7701000.0,0.024326375547,COREBRIDGE FINANCIAL INC,9684000,0.7952292441140025
1476,438127AF9,coupon_maturity_name,1.0,1,1,HONDA MOTOR CO LTD,US438127AF94,6764000.0,0.022775765562,HONDA MOTOR CO LTD,9226000,0.7331454584868848
1477,437076AV4,coupon_maturity_name,1.0,1,1,HOME DEPOT INC,US437076AV48,5133000.0,0.018268976895,HOME DEPOT INC,8659000,0.5927936251299226
1478,032095AJ0,coupon_maturity_name,1.0,1,1,AMPHENOL CORP,US032095AJ08,7108000.0,0.022452131411,AMPHENOL CORPORATION,9623000,0.7386469915826666
1479,437076CT7,coupon_maturity_name,1.0,2,1,HOME DEPOT INC,US437076CT73,8382000.0,0.025287352812,HOME DEPOT INC,10240000,0.8185546875
1480,90261AAH5,coupon_maturity_size,0.3333333333333333,1,0,UBS AG STAMFORD CT,US90261AAH59,5293000.0,0.017696454068,UBS AG (STAMFORD BRANCH) MTN,9098000,0.5817762145526489
1481,37045XFC5,coupon_maturity_name,0.6666666666666666,1,1,GENERAL MOTORS FINL CO,US37045XFC56,5637000.0,0.019513364944,GENERAL MOTORS FINANCIAL COMPANY I,8942000,0.6303958845895773
1482,874060BL9,coupon_maturity_name,1.0,1,1,TAKEDA PHARMACEUTICAL,US874060BL90,5319000.0,0.017677807882,TAKEDA PHARMACEUTICAL CO LTD,9353000,0.568694536512349
1483,20030NBM2,coupon_maturity_name,1.0,1,1,COMCAST CORP,US20030NBM20,10956000.0,0.03461768131,COMCAST CORPORATION,9777000,1.1205891377723227
1484,084659AP6,coupon_maturity_name,1.0,1,1,BERKSHIRE HATHAWAY ENERG,US084659AP66,8660000.0,0.021809741141,BERKSHIRE HATHAWAY ENERGY CO,12466000,0.694689555591208
1485,22822VAX9,coupon_maturity_name,1.0,1,1,CROWN CASTLE INC,US22822VAX91,9233000.0,0.022646730843,CROWN CASTLE INC,12708000,0.7265502045955303
1486,89352HAM1,coupon_maturity_name,1.0,1,1,TRANSCANADA PIPELINES,US89352HAM16,7147000.0,0.023252810956,TRANSCANADA PIPELINES LTD,9323000,0.7665987343129894
1487,09062XAG8,coupon_maturity_name,1.0,1,1,BIOGEN INC,US09062XAG88,12385000.0,0.026912332549,BIOGEN INC,14312000,0.8653577417551704
1488,37045VAP5,coupon_maturity_name,1.0,1,1,GENERAL MOTORS CO,US37045VAP58,7224000.0,0.023110529592,GENERAL MOTORS CO,9529000,0.7581068317766817
1489,58933YAJ4,coupon_maturity_name,1.0,1,1,MERCK & CO INC,US58933YAJ47,8866000.0,0.025322588554,MERCK & CO INC,10920000,0.8119047619047619
1490,72650RBR2,coupon_maturity_name,1.0,1,1,PLAINS ALL AMER PIPELINE,US72650RBR21,10247000.0,0.03423625098,PLAINS ALL AMERICAN PIPELINE LP,9201000,1.1136832952939897
1491,03769MAE6,coupon_maturity_name,1.0,1,1,APOLLO GLOBAL MANAGEMENT,US03769MAE66,7476000.0,0.024573923949,APOLLO GLOBAL MANAGEMENT INC,9213000,0.8114620644741126
1492,161175CJ1,coupon_maturity_size,0.3333333333333333,1,0,CHARTER COMM OPT LLC/CAP,US161175CJ14,9160000.0,0.028404999222,CHARTER COMMUNICATIONS OPERATING L,9832000,0.9316517493897477
1493,904764BQ9,coupon_maturity_name,1.0,1,1,UNILEVER CAPITAL CORP,US904764BQ99,10041000.0,0.02948264326,UNILEVER CAPITAL CORP,10383000,0.9670615429066743
1494,713448GB8,coupon_maturity_name,1.0,1,1,PEPSICO INC,US713448GB82,6496000.0,0.022036575581,PEPSICO INC,8857000,0.7334311843739415
1495,59156RCC0,coupon_maturity_name,1.0,1,1,METLIFE INC,US59156RCC07,6490000.0,0.019747589208,METLIFE INC,10412000,0.6233192470226662
1496,438516CM6,coupon_maturity_name,1.0,1,1,HONEYWELL INTERNATIONAL,US438516CM68,8461000.0,0.027792500923,HONEYWELL INTERNATIONAL INC,9399000,0.9002021491648048
1497,87612EBA3,coupon_maturity_name,1.0,1,1,TARGET CORP,US87612EBA38,9581000.0,0.026905848553,TARGET CORPORATION,11072000,0.8653359826589595
1498,35177PAX5,coupon_maturity_name,1.0,1,1,ORANGE SA,US35177PAX50,7186000.0,0.023419115752,ORANGE SA,9548000,0.7526183493925429
1499,20030NEC1,coupon_maturity_name,1.0,1,1,COMCAST CORP,US20030NEC11,7165000.0,0.023786121539,COMCAST CORPORATION,9214000,0.7776210115042327
1500,345397J38,coupon_maturity_name,1.0,1,1,FORD MOTOR CREDIT CO LLC,US345397J382,6974000.0,0.023352309245,FORD MOTOR CREDIT COMPANY LLC,9066000,0.7692477388043238
1501,713448FS2,coupon_maturity_name,1.0,1,1,PEPSICO INC,US713448FS27,6903000.0,0.023178232054,PEPSICO INC,9030000,0.7644518272425249
1502,437076BH4,coupon_maturity_name,1.0,1,1,HOME DEPOT INC,US437076BH45,11228000.0,0.031418062447,HOME DEPOT INC,10998000,1.0209128932533187
1503,674599ED3,coupon_maturity_name,0.6666666666666666,1,1,OCCIDENTAL PETROLEUM COR,US674599ED34,9963000.0,0.03566689362,OCCIDENTAL PETROLEUM CORPORATION,8391000,1.1873435824097247
1504,58933YBF1,coupon_maturity_name,1.0,1,1,MERCK & CO INC,US58933YBF16,16751000.0,0.034391310562,MERCK & CO INC,15241000,1.0990748638540777
1505,136385AL5,coupon_maturity_name,0.5,1,1,CANADIAN NATL RESOURCES,US136385AL51,8314000.0,0.029633943715,CANADIAN NATURAL RESOURCES LIMITED,8489000,0.9793850865826363
1506,04351LAD2,coupon_maturity_name,1.0,1,1,ASCENSION HEALTH,US04351LAD29,6081000.0,0.020145612283,ASCENSION HEALTH,9138000,0.6654629021667761
1507,75513ECN9,coupon_maturity_size,0.0,1,0,RTX CORP,US75513ECN94,6045000.0,0.017961148255,RAYTHEON TECHNOLOGIES CORPORATION,10187000,0.5934033572199863
1508,29379VBU6,coupon_maturity_name,1.0,1,1,ENTERPRISE PRODUCTS OPER,US29379VBU61,6698000.0,0.01986465178,ENTERPRISE PRODUCTS OPERATING LLC,10269000,0.6522543577758302
1509,29379VBJ1,coupon_maturity_name,1.0,1,1,ENTERPRISE PRODUCTS OPER,US29379VBJ17,7239000.0,0.021976596189,ENTERPRISE PRODUCTS OPERATING LLC,10177000,0.7113098162523337
1510,37045XED4,coupon_maturity_name,0.6666666666666666,1,1,GENERAL MOTORS FINL CO,US37045XED49,8101000.0,0.029037045942,GENERAL MOTORS FINANCIAL COMPANY I,8535000,0.9491505565319274
1511,91913YBG4,coupon_maturity_name,1.0,1,1,VALERO ENERGY CORP,US91913YBG44,7640000.0,0.025383129479,VALERO ENERGY CORPORATION,9080000,0.8414096916299559
1512,911312CD6,coupon_maturity_name,1.0,1,1,UNITED PARCEL SERVICE,US911312CD61,6837000.0,0.02348460401,UNITED PARCEL SERVICE INC,8850000,0.772542372881356
1513,,no_coupon_maturity_candidates,,0,0,,,,,MORGAN STANLEY MTN,8999000,
1514,718546AK0,coupon_maturity_name,1.0,1,1,PHILLIPS 66,US718546AK04,6530000.0,0.021333386551,PHILLIPS 66,9300000,0.7021505376344086
1515,36267VAH6,coupon_maturity_name,1.0,1,1,GE HEALTHCARE TECH INC,US36267VAH69,8975000.0,0.03126654895,GE HEALTHCARE TECHNOLOGIES INC,8548000,1.0499532054281704
1516,404119CR8,coupon_maturity_name,1.0,1,1,HCA INC,US404119CR82,7950000.0,0.025724670763,HCA INC,9539000,0.833420693993081
1517,37045XEV4,coupon_maturity_name,0.6666666666666666,1,1,GENERAL MOTORS FINL CO,US37045XEV47,9759000.0,0.034008642266,GENERAL MOTORS FINANCIAL COMPANY I,8613000,1.1330546847788228
1518,78016HZQ6,coupon_maturity_name,1.0,1,1,ROYAL BANK OF CANADA,US78016HZQ63,6012000.0,0.020390147999,ROYAL BANK OF CANADA MTN,8891000,0.6761894050163086
1519,539830CA5,coupon_maturity_name,1.0,1,1,LOCKHEED MARTIN CORP,US539830CA58,6587000.0,0.022045514558,LOCKHEED MARTIN CORPORATION,8940000,0.7368008948545861
1520,00206RNC2,coupon_maturity_name,1.0,1,1,AT&T INC,US00206RNC24,11261000.0,0.036885550634,AT&T INC,9291000,1.212033150360564
1521,125523CX6,coupon_maturity_name,1.0,1,1,CIGNA GROUP/THE,US125523CX69,7849000.0,0.026250199551,CIGNA GROUP,8924000,0.8795383236216943
1522,65339KCU2,coupon_maturity_name,0.75,2,1,NEXTERA ENERGY CAPITAL,US65339KCU25,7823000.0,0.026636603839,NEXTERA ENERGY CAPITAL HOLDINGS IN,8774000,0.8916115796671985
1523,30303M8K1,coupon_maturity_name,1.0,1,1,META PLATFORMS INC,US30303M8K14,10543000.0,0.027284437603,META PLATFORMS INC,12100000,0.8713223140495868
1524,36828AAB7,coupon_maturity_name,1.0,1,1,GE VERNOVA INC,US36828AAB70,9462000.0,0.031317202697,GE VERNOVA INC,9032000,1.0476085031000886
1525,375558BJ1,coupon_maturity_name,1.0,1,1,GILEAD SCIENCES INC,US375558BJ18,11523000.0,0.035527341994,GILEAD SCIENCES INC,9760000,1.1806352459016394
1526,89236TGY5,coupon_maturity_name,1.0,2,1,TOYOTA MOTOR CREDIT CORP,US89236TGY55,7538000.0,0.024292601525,TOYOTA MOTOR CREDIT CORP MTN,9301000,0.8104504891947103
1527,03040WAD7,coupon_maturity_name,0.75,1,1,AMERICAN WATER CAPITAL C,US03040WAD74,8696000.0,0.032745548467,AMERICAN WATER CAPITAL CORP,8058000,1.0791759741871432
1528,87612EBS4,coupon_maturity_name,1.0,1,1,TARGET CORP,US87612EBS46,6537000.0,0.02135862589,TARGET CORPORATION,9182000,0.7119363972990634
1529,931142FN8,coupon_maturity_name,1.0,1,1,WALMART INC,US931142FN86,7973000.0,0.026895795943,WALMART INC,8887000,0.8971531450433217
1530,45866FAK0,coupon_maturity_name,0.5,2,1,INTERCONTINENTALEXCHANGE,US45866FAK03,10645000.0,0.032547614786,INTERCONTINENTAL EXCHANGE INC,9862000,1.0793956601095112
1531,49327M3H5,coupon_maturity_name,0.5,1,1,KEYBANK NATIONAL ASSN,US49327M3H53,5727000.0,0.019048909035,KEYBANK NATIONAL ASSOCIATION,8870000,0.6456595264937993
1532,20030NEB3,coupon_maturity_name,1.0,1,1,COMCAST CORP,US20030NEB38,5690000.0,0.019802393886,COMCAST CORPORATION,8699000,0.6540981722037016
1533,548661EN3,coupon_maturity_name,0.5,2,1,LOWE'S COS INC,US548661EN31,8088000.0,0.026411087278,LOWES COMPANIES INC,9336000,0.8663239074550129
1534,674599EM3,coupon_maturity_name,0.6666666666666666,1,1,OCCIDENTAL PETROLEUM COR,US674599EM33,6386000.0,0.021709283637,OCCIDENTAL PETROLEUM CORPORATION,8949000,0.7135992848362945
1535,65339KCQ1,coupon_maturity_name,0.75,1,1,NEXTERA ENERGY CAPITAL,US65339KCQ13,8522000.0,0.026018795547,NEXTERA ENERGY CAPITAL HOLDINGS IN,9947000,0.856740725846989
1536,20030NDH1,coupon_maturity_name,1.0,1,1,COMCAST CORP,US20030NDH17,10795000.0,0.029474617497,COMCAST CORPORATION,11336000,0.9522759350741002
1537,548661DN4,coupon_maturity_name,0.5,1,1,LOWE'S COS INC,US548661DN40,10452000.0,0.026274660922,LOWES COMPANIES INC,12139000,0.8610264436938793
1538,89352HAD1,coupon_maturity_name,1.0,1,1,TRANSCANADA PIPELINES,US89352HAD17,7237000.0,0.025843252204,TRANSCANADA PIPELINES LTD,8418000,0.8597053932050368
1539,94106LCF4,coupon_maturity_name,1.0,1,1,WASTE MANAGEMENT INC,US94106LCF40,9863000.0,0.03184624604,WASTE MANAGEMENT INC,9398000,1.0494786124707385
1540,78017DAM0,coupon_maturity_name,1.0,1,1,ROYAL BANK OF CANADA,US78017DAM02,5825000.0,0.019532231022,ROYAL BANK OF CANADA (FXD-FRN) MTN,8823000,0.6602062790434092
1541,91324PEQ1,coupon_maturity_name,1.0,1,1,UNITEDHEALTH GROUP INC,US91324PEQ19,6841000.0,0.023521111296,UNITEDHEALTH GROUP INC,8570000,0.7982497082847141
1542,459200LT6,coupon_maturity_size,0.0,1,0,IBM CORP,US459200LT67,7318000.0,0.024119279873,INTERNATIONAL BUSINESS MACHINES CO,9178000,0.7973414687295707
1543,29444UBE5,coupon_maturity_name,1.0,1,1,EQUINIX INC,US29444UBE55,7551000.0,0.024182759986,EQUINIX INC,9338000,0.8086313985864211
1544,50249AAR4,coupon_maturity_name,1.0,1,1,LYB INT FINANCE III,US50249AAR41,9058000.0,0.030790489564,LYB INTERNATIONAL FINANCE III LLC,8908000,1.0168387965873373
1545,47233JBH0,coupon_maturity_name,1.0,1,1,JEFFERIES FIN GROUP INC,US47233JBH05,7058000.0,0.022972081224,JEFFERIES GROUP LLC,9050000,0.779889502762431
1546,0778FPAL3,coupon_maturity_name,0.4,1,1,BELL CANADA,US0778FPAL33,5831000.0,0.019699912993,BELL TELEPHONE COMPANY OF CANADA O,8918000,0.6538461538461539
1547,345397B69,coupon_maturity_name,1.0,1,1,FORD MOTOR CREDI,US345397B694,6021000.0,0.018577502214,FORD MOTOR CREDIT COMPANY LLC,9771000,0.6162112373349709
1548,89236TPS8,coupon_maturity_name,1.0,1,1,TOYOTA MOTOR CREDIT CORP,US89236TPS86,8624000.0,0.028511396044,TOYOTA MOTOR CREDIT CORP MTN,9014000,0.956733969380963
1549,22822VBE0,coupon_maturity_name,1.0,1,1,CROWN CASTLE INC,US22822VBE02,8041000.0,0.027846154498,CROWN CASTLE INC,8591000,0.9359795134443022
1550,404121AK1,coupon_maturity_name,1.0,1,1,HCA INC,US404121AK12,9785000.0,0.03317875692,HCA INC,8774000,1.1152268064736721
1551,36266GAC1,coupon_maturity_name,1.0,1,1,GE HEALTHCARE TECH INC,US36266GAC15,5965000.0,0.020369546752,GE HEALTHCARE TECHNOLOGIES INC,8814000,0.6767642387111413
1552,651639AZ9,coupon_maturity_name,1.0,1,1,NEWMONT CORP,US651639AZ99,6068000.0,0.018374522418,NEWMONT CORPORATION,10003000,0.6066180145956214
1553,097023DC6,coupon_maturity_name,1.0,1,1,BOEING CO,US097023DC69,8682000.0,0.027780848795,BOEING CO,9231000,0.940526486837829
1554,842400JE4,coupon_maturity_name,1.0,1,1,SOUTHERN CAL EDISON,US842400JE48,4752000.0,0.016279389171,SOUTHERN CALIFORNIA EDISON COMPANY,8694000,0.546583850931677
1555,65473QBF9,coupon_maturity_name,1.0,1,1,NISOURCE INC,US65473QBF90,8257000.0,0.022806886669,NISOURCE INC,11068000,0.7460245753523672
1556,023135AP1,coupon_maturity_name,1.0,1,1,AMAZON.COM INC,US023135AP19,7137000.0,0.024143256567,AMAZON.COM INC,8999000,0.7930881209023225
1557,13645RBH6,coupon_maturity_name,1.0,1,1,CANADIAN PACIFIC RAILWAY,US13645RBH66,13115000.0,0.028819969579,CANADIAN PACIFIC RAILWAY COMPANY,13938000,0.940952790931267
1558,68389XAH8,coupon_maturity_name,1.0,1,1,ORACLE CORP,US68389XAH89,10219000.0,0.033742449021,ORACLE CORPORATION,9641000,1.0599522871071465
1559,404119BY4,coupon_maturity_name,1.0,1,1,HCA INC,US404119BY43,8596000.0,0.02735491305,HCA INC,9459000,0.9087641399725129
1560,05526DBZ7,coupon_maturity_name,1.0,1,1,BAT CAPITAL CORP,US05526DBZ78,8192000.0,0.029071755406,BAT CAPITAL CORP,8278000,0.9896110171539019
1561,87264ADY8,coupon_maturity_name,1.0,2,1,T-MOBILE USA INC,US87264ADY82,7994000.0,0.02575524783,T-MOBILE USA INC,9692000,0.8248039620305406
1562,097023CR4,coupon_maturity_name,1.0,1,1,BOEING CO,US097023CR48,6672000.0,0.016003899358,BOEING CO,12655000,0.5272224417226393
1563,20826FBJ4,coupon_maturity_name,1.0,1,1,CONOCOPHILLIPS COMPANY,US20826FBJ49,13092000.0,0.04425168107,CONOCOPHILLIPS CO,8835000,1.4818336162988115
1564,65535HAX7,coupon_maturity_name,1.0,1,1,NOMURA HOLDINGS INC,US65535HAX70,5853000.0,0.017617359829,NOMURA HOLDINGS INC,9940000,0.5888329979879275
1565,08576PAQ4,coupon_maturity_name,1.0,1,1,BERRY GLOBAL INC,US08576PAQ46,5915000.0,0.020258358292,BERRY GLOBAL INC,8707000,0.6793384633053865
1566,,no_coupon_maturity_candidates,,0,0,,,,,CANADIAN IMPERIAL BANK OF COMMERCE,8820000,
1567,55336VBV1,coupon_maturity_name,1.0,1,1,MPLX LP,US55336VBV18,6297000.0,0.021091408897,MPLX LP,8796000,0.715893587994543
1568,46625HJU5,coupon_maturity_name,1.0,1,1,JPMORGAN CHASE & CO,US46625HJU59,4909000.0,0.015205951667,JPMORGAN CHASE & CO,9581000,0.5123682287861392
1569,370334DA9,coupon_maturity_name,1.0,1,1,GENERAL MILLS INC,US370334DA90,9452000.0,0.031951406641,GENERAL MILLS INC,8619000,1.096646942800789
1570,91324PAR3,coupon_maturity_name,1.0,1,1,UNITEDHEALTH GROUP INC,US91324PAR38,5708000.0,0.020136342275,UNITEDHEALTH GROUP INC,8348000,0.6837565884044082
1571,742718FQ7,coupon_maturity_name,1.0,1,1,PROCTER & GAMBLE CO/THE,US742718FQ70,9254000.0,0.027841342008,PROCTER & GAMBLE CO,9855000,0.939015728056824
1572,907818GB8,coupon_maturity_name,1.0,1,1,UNION PACIFIC CORP,US907818GB82,8642000.0,0.02891400292,UNION PACIFIC CORPORATION,8966000,0.9638634842739238
1573,125523CL2,coupon_maturity_name,1.0,1,1,CIGNA GROUP/THE,US125523CL22,10142000.0,0.031483239989,CIGNA GROUP,9493000,1.0683661645422944
1574,857477DB6,coupon_maturity_name,1.0,1,1,STATE STREET CORP,US857477DB68,7902000.0,0.026870484279,STATE STREET CORP,8674000,0.910998385981093
1575,68389XBE4,coupon_maturity_name,1.0,1,1,ORACLE CORP,US68389XBE40,10927000.0,0.031544211969,ORACLE CORPORATION,10724000,1.018929503916449
1576,404119CB3,coupon_maturity_name,1.0,1,1,HCA INC,US404119CB31,10477000.0,0.023541507356,HCA INC,13595000,0.7706509746230231
1577,345397D42,coupon_maturity_name,1.0,1,1,FORD MOTOR CREDIT CO LLC,US345397D427,7153000.0,0.025450306133,FORD MOTOR CREDIT COMPANY LLC,8327000,0.859012849765822
1578,86562MED8,coupon_maturity_name,1.0,1,1,SUMITOMO MITSUI FINL GRP,US86562MED83,5541000.0,0.018335725851,SUMITOMO MITSUI FINANCIAL FXD-FRN,8992000,0.6162144128113879
1579,444859BY7,coupon_maturity_name,1.0,1,1,HUMANA INC,US444859BY76,5954000.0,0.020666890451,HUMANA INC,8428000,0.7064546748932131
1580,86562MEF3,coupon_maturity_name,0.6666666666666666,1,1,SUMITOMO MITSUI FINL GRP,US86562MEF32,9291000.0,0.030742665849,SUMITOMO MITSUI FINANCIAL GROUP IN,9077000,1.0235760713892255
1581,256677AG0,coupon_maturity_name,1.0,1,1,DOLLAR GENERAL CORP,US256677AG02,7777000.0,0.024884626638,DOLLAR GENERAL CORP,9142000,0.8506891271056661
1582,74432QCF0,coupon_maturity_name,1.0,1,1,PRUDENTIAL FINANCIAL INC,US74432QCF00,10328000.0,0.025222891961,PRUDENTIAL FINANCIAL INC MTN,12243000,0.8435840888671078
1583,717081FD0,coupon_maturity_name,1.0,2,1,PFIZER INC,US717081FD01,11011000.0,0.036595019177,PFIZER INC,8883000,1.239558707643814
1584,695114DA3,coupon_maturity_name,1.0,1,1,PACIFICORP,US695114DA39,8464000.0,0.026016653734,PACIFICORP,9836000,0.8605124034160228
1585,58933YCC7,coupon_maturity_name,1.0,1,1,MERCK & CO INC,US58933YCC75,7546000.0,0.025048753057,MERCK & CO INC,9177000,0.8222730739893211
1586,037833EK2,coupon_maturity_name,1.0,1,1,APPLE INC,US037833EK23,13572000.0,0.028118444703,APPLE INC,14622000,0.9281903980303652
1587,56585ABK7,coupon_maturity_name,1.0,1,1,MARATHON PETROLEUM CORP,US56585ABK79,11659000.0,0.039826632237,MARATHON PETROLEUM CORP,8529000,1.3669832336733498
1588,20030NCL3,coupon_maturity_name,1.0,1,1,COMCAST CORP,US20030NCL38,5984000.0,0.018382903454,COMCAST CORPORATION,9905000,0.6041393235739525
1589,92840VBC5,coupon_maturity_name,1.0,1,1,VISTRA OPERATIONS CO LLC,US92840VBC54,7609000.0,0.025391117268,VISTRA OPERATIONS COMPANY LLC 144A,8810000,0.863677639046538
1590,91324PEJ7,coupon_maturity_name,1.0,1,1,UNITEDHEALTH GROUP INC,US91324PEJ75,11238000.0,0.036714473137,UNITEDHEALTH GROUP INC,9036000,1.2436918990703851
1591,29250NCC7,coupon_maturity_name,1.0,1,1,ENBRIDGE INC,US29250NCC74,8914000.0,0.030993318703,ENBRIDGE INC,8491000,1.0498174537745848
1592,254687GA8,coupon_maturity_name,1.0,1,1,WALT DISNEY COMPANY/THE,US254687GA88,10227000.0,0.02482542592,WALT DISNEY CO,12443000,0.82190790002411
1593,20826FBE5,coupon_maturity_name,1.0,1,1,CONOCOPHILLIPS COMPANY,US20826FBE51,9110000.0,0.02856183977,CONOCOPHILLIPS CO,9619000,0.947083896454933
1594,26875PBB6,coupon_maturity_name,1.0,2,1,EOG RESOURCES INC,US26875PBB67,10638000.0,0.035349897179,EOG RESOURCES INC,8909000,1.194073408912336
1595,67066GAN4,coupon_maturity_name,1.0,1,1,NVIDIA CORP,US67066GAN43,10308000.0,0.03098839709,NVIDIA CORPORATION,9890000,1.0422649140546005
1596,10373QBL3,coupon_maturity_name,1.0,1,1,BP CAP MARKETS AMERICA,US10373QBL32,10670000.0,0.034792445712,BP CAPITAL MARKETS AMERICA INC,9003000,1.1851605020548706
1597,04686JAL5,coupon_maturity_name,1.0,1,1,ATHENE HOLDING LTD,US04686JAL52,8177000.0,0.02711273941,ATHENE HOLDING LTD,9110000,0.8975850713501646
1598,45866FBA1,coupon_maturity_name,0.5,2,1,INTERCONTINENTALEXCHANGE,US45866FBA12,7435000.0,0.025645135665,INTERCONTINENTAL EXCHANGE INC,8582000,0.8663481705896061
1599,87264ADF9,coupon_maturity_name,1.0,1,1,T-MOBILE USA INC,US87264ADF93,10285000.0,0.034796897724,T-MOBILE USA INC,8729000,1.1782563867567877
1600,00774MBE4,coupon_maturity_name,0.6,1,1,AERCAP IRELAND CAP/GLOBA,US00774MBE49,6400000.0,0.022531571589,AERCAP IRELAND CAPITAL DAC,8275000,0.7734138972809668
1601,03040WBG9,coupon_maturity_name,0.75,1,1,AMERICAN WATER CAPITAL C,US03040WBG96,7456000.0,0.024720484506,AMERICAN WATER CAPITAL CORP,8941000,0.8339111956157029
1602,375558CL5,coupon_maturity_name,1.0,1,1,GILEAD SCIENCES INC,US375558CL54,6806000.0,0.022859653185,GILEAD SCIENCES INC,8766000,0.7764088523842118
1603,21036PBH0,coupon_maturity_name,1.0,1,1,CONSTELLATION BRANDS INC,US21036PBH01,9461000.0,0.028038350219,CONSTELLATION BRANDS INC,9841000,0.9613860380042678
1604,49326EEN9,coupon_maturity_name,1.0,1,1,KEYCORP,US49326EEN94,7509000.0,0.02470219074,KEYCORP MTN,8929000,0.8409676335535894
1605,191216CT5,coupon_maturity_name,1.0,1,1,COCA-COLA CO/THE,US191216CT51,9130000.0,0.029777492492,COCA-COLA CO,8944000,1.0207960644007155
1606,25160PAR8,coupon_maturity_name,0.6666666666666666,1,1,DEUTSCHE BANK NY,US25160PAR82,8227000.0,0.027204415142,DEUTSCHE BANK AG (NEW YORK BRANCH),8735000,0.9418431597023469
1607,24422EXN4,coupon_maturity_name,1.0,1,1,JOHN DEERE CAPITAL CORP,US24422EXN48,6875000.0,0.023439961704,JOHN DEERE CAPITAL CORP MTN,8510000,0.8078730904817861
1608,57636QBB9,coupon_maturity_name,1.0,1,1,MASTERCARD INC,US57636QBB95,8627000.0,0.028680406739,MASTERCARD INC,8918000,0.967369365328549
1609,78081BAU7,coupon_maturity_name,1.0,1,1,ROYALTY PHARMA PLC,US78081BAU70,6670000.0,0.022227403059,ROYALTY PHARMA PLC,8762000,0.7612417256334171
1610,970648AM3,coupon_maturity_name,1.0,1,1,WILLIS NORTH AMERICA INC,US970648AM30,7090000.0,0.02412035872,WILLIS NORTH AMERICA INC,8593000,0.8250901896892819
1611,594918CA0,coupon_maturity_name,1.0,1,1,MICROSOFT CORP,US594918CA09,7133000.0,0.020470467948,MICROSOFT CORPORATION,10436000,0.6834994250670755
1612,05946KAR2,coupon_maturity_name,1.0,1,1,BANCO BILBAO VIZCAYA ARG,US05946KAR23,7099000.0,0.024868196637,BANCO BILBAO VIZCAYA ARGENTARIA SA,8283000,0.8570566219968611
1613,87612GAF8,coupon_maturity_name,1.0,1,1,TARGA RESOURCES CORP,US87612GAF81,7390000.0,0.02693586056,TARGA RESOURCES CORP,8017000,0.9217911937133592
1614,58013MEF7,coupon_maturity_name,0.5,1,1,MCDONALD'S CORP,US58013MEF77,6338000.0,0.023190280957,MCDONALDS CORPORATION MTN,7940000,0.7982367758186398
1615,63307A3Q6,coupon_maturity_name,1.0,1,1,NATIONAL BANK OF CANADA,US63307A3Q68,4165000.0,0.013985338618,NATIONAL BANK OF CANADA MTN,8749000,0.47605440621785344
1616,00206RND0,coupon_maturity_name,1.0,1,1,AT&T INC,US00206RND07,8508000.0,0.027136190934,AT&T INC,9469000,0.8985109304044777
1617,58933YBY0,coupon_maturity_name,1.0,1,1,MERCK & CO INC,US58933YBY05,7095000.0,0.023496406595,MERCK & CO INC,8871000,0.7997970916469395
1618,24703DBN0,coupon_maturity_name,0.6666666666666666,2,1,DELL INT LLC / EMC CORP,US24703DBN03,5817000.0,0.019966084515,DELL INTERNATIONAL LLC,8540000,0.6811475409836065
1619,832696AY4,coupon_maturity_size,0.25,1,0,JM SMUCKER CO,US832696AY47,6064000.0,0.021724667057,J M SMUCKER CO,8174000,0.7418644482505505
1620,674599DD4,coupon_maturity_name,0.6666666666666666,1,1,OCCIDENTAL PETROLEUM COR,US674599DD43,5402000.0,0.020211397929,OCCIDENTAL PETROLEUM CORPORATION,7773000,0.6949697671426733
1621,66989HAK4,coupon_maturity_name,1.0,1,1,NOVARTIS CAPITAL CORP,US66989HAK41,9544000.0,0.02652269934,NOVARTIS CAPITAL CORP,10712000,0.8909634055265123
1622,55336VCB4,coupon_maturity_name,1.0,2,1,MPLX LP,US55336VCB45,7022000.0,0.023281428127,MPLX LP,8805000,0.7975014196479273
1623,742718FM6,coupon_maturity_name,1.0,1,1,PROCTER & GAMBLE CO/THE,US742718FM66,9188000.0,0.027021837449,PROCTER & GAMBLE CO,9902000,0.9278933548778024
1624,87612GAD3,coupon_maturity_name,1.0,1,1,TARGA RESOURCES CORP,US87612GAD34,6806000.0,0.024093787601,TARGA RESOURCES CORP,8275000,0.8224773413897281
1625,16411QAW1,coupon_maturity_name,1.0,1,1,CHENIERE ENERGY PARTNERS,US16411QAW15,8459000.0,0.028953374384,CHENIERE ENERGY PARTNERS LP,8552000,0.9891253507951356
1626,,no_coupon_maturity_candidates,,0,0,,,,,ACCENTURE CAPITAL INC,8712000,
1627,075887CL1,coupon_maturity_name,1.0,1,1,BECTON DICKINSON & CO,US075887CL11,7121000.0,0.021134467634,BECTON DICKINSON AND COMPANY,9751000,0.7302840734283663
1628,,no_coupon_maturity_candidates,,0,0,,,,,JPMORGAN CHASE & CO,8675000,
1629,94106LCD9,coupon_maturity_name,1.0,1,1,WASTE MANAGEMENT INC,US94106LCD91,6050000.0,0.020494811768,WASTE MANAGEMENT INC,8521000,0.7100105621405939
1630,126650EE6,coupon_maturity_name,1.0,1,1,CVS HEALTH CORP,US126650EE63,5057000.0,0.017051964929,CVS HEALTH CORP,8774000,0.5763619785730567
1631,855244AW9,coupon_maturity_name,1.0,1,1,STARBUCKS CORP,US855244AW96,8330000.0,0.025707201737,STARBUCKS CORPORATION,9371000,0.8889126027104898
1632,172967NF4,coupon_maturity_name,1.0,1,1,CITIGROUP INC,US172967NF48,9611000.0,0.023428722029,CITIGROUP INC,12117000,0.7931831311380705
1633,92343VFX7,coupon_maturity_name,1.0,1,1,VERIZON COMMUNICATIONS,US92343VFX73,5699000.0,0.016931862942,VERIZON COMMUNICATIONS INC,9816000,0.5805827220863896
1634,92556VAD8,coupon_maturity_name,1.0,1,1,VIATRIS INC,US92556VAD82,8467000.0,0.025983046487,VIATRIS INC,9467000,0.8943699165522341
1635,904764AH0,coupon_maturity_name,1.0,1,1,UNILEVER CAPITAL CORP,US904764AH00,7591000.0,0.02736544285,UNILEVER CAPITAL CORP,8085000,0.9388991960420532
1636,654106AM5,coupon_maturity_name,1.0,1,1,NIKE INC,US654106AM50,11011000.0,0.026114149016,NIKE INC,12482000,0.8821502964268547
1637,446150BE3,coupon_maturity_name,1.0,1,1,HUNTINGTON BANCSHARES,US446150BE30,5766000.0,0.01964356497,HUNTINGTON BANCSHARES INC,8571000,0.6727336366818341
1638,054989AA6,coupon_maturity_name,1.0,1,1,BAT CAPITAL CORP,US054989AA67,5134000.0,0.018292980518,BAT CAPITAL CORP,7986000,0.6428750313047834
1639,278058EA6,coupon_maturity_name,1.0,1,1,EATON CORP,US278058EA64,8113000.0,0.0267620085,EATON CORPORATION,8939000,0.9075959279561472
1640,12189LBM2,coupon_maturity_name,0.6,1,1,BURLINGTN NORTH SANTA FE,US12189LBM28,6053000.0,0.020565104659,BURLINGTON NORTHERN SANTA FE LLC,8622000,0.702041289723962
1641,472140AK8,coupon_maturity_size,0.25,1,0,JBS NV/USA FOODS/FOOD CO,US472140AK81,8594000.0,0.028148534272,JBS NV,9037000,0.950979307292243
1642,036752AZ6,coupon_maturity_name,1.0,1,1,ELEVANCE HEALTH INC,US036752AZ60,7778000.0,0.0265500723,ELEVANCE HEALTH INC,8556000,0.9090696587190276
1643,29444UBH8,coupon_maturity_name,1.0,1,1,EQUINIX INC,US29444UBH86,6320000.0,0.019137937258,EQUINIX INC,9602000,0.6581962091230994
1644,79466LAX2,coupon_maturity_name,1.0,1,1,SALESFORCE INC,US79466LAX29,6849000.0,0.023740420162,SALESFORCE INC,8682000,0.7888735314443677
1645,,no_coupon_maturity_candidates,,0,0,,,,,DELL INTERNATIONAL LLC,8775000,
1646,89352HBA6,coupon_maturity_name,1.0,1,1,TRANSCANADA PIPELINES,US89352HBA68,11228000.0,0.036936728746,TRANSCANADA PIPELINES LTD,8751000,1.2830533653296765
1647,56501RAN6,coupon_maturity_name,1.0,1,1,MANULIFE FINANCIAL CORP,US56501RAN61,8398000.0,0.026762162851,MANULIFE FINANCIAL CORP,9023000,0.9307325723151945
1648,87612EBT2,coupon_maturity_name,1.0,1,1,TARGET CORP,US87612EBT29,6989000.0,0.02353369383,TARGET CORPORATION,8610000,0.8117305458768873
1649,911312CJ3,coupon_maturity_name,1.0,1,1,UNITED PARCEL SERVICE,US911312CJ32,6003000.0,0.020596686436,UNITED PARCEL SERVICE INC,8473000,0.708485778354774
1650,05946KAU5,coupon_maturity_name,1.0,1,1,BANCO BILBAO VIZCAYA ARG,US05946KAU51,6741000.0,0.022025003331,BANCO BILBAO VIZCAYA ARGENTARIA SA,8798000,0.7661968629233917
1651,655844CS5,coupon_maturity_name,1.0,1,1,NORFOLK SOUTHERN CORP,US655844CS56,7292000.0,0.022994378118,NORFOLK SOUTHERN CORPORATION,9160000,0.7960698689956331
1652,23338VBB1,coupon_maturity_name,1.0,1,1,DTE ELECTRIC CO,US23338VBB18,5543000.0,0.018227256317,DTE ELECTRIC COMPANY,8762000,0.6326181237160465
1653,084664DA6,coupon_maturity_name,1.0,1,1,BERKSHIRE HATHAWAY FIN,US084664DA63,6345000.0,0.019737185891,BERKSHIRE HATHAWAY FINANCE CORP,9273000,0.684244581041734
1654,86562MDN7,coupon_maturity_name,0.6666666666666666,1,1,SUMITOMO MITSUI FINL GRP,US86562MDN74,6349000.0,0.021869801015,SUMITOMO MITSUI FINANCIAL GROUP IN,8437000,0.7525186677729051
1655,718172DQ9,coupon_maturity_name,0.5,1,1,PHILIP MORRIS INTL INC,US718172DQ97,4965000.0,0.016598690305,PHILIP MORRIS INTERNATIONAL INC,8654000,0.5737231338109545
1656,210385AF7,coupon_maturity_name,0.4,1,1,CONSTELLATION EN GEN LLC,US210385AF78,6588000.0,0.021766123019,CONSTELLATION ENERGY GENERATION LL,8810000,0.7477866061293984
1657,437076BX9,coupon_maturity_name,1.0,1,1,HOME DEPOT INC,US437076BX94,10095000.0,0.028753432189,HOME DEPOT INC,10344000,0.9759280742459396
1658,00206RMX7,coupon_maturity_name,1.0,1,1,AT&T INC,US00206RMX79,7972000.0,0.026874892743,AT&T INC,8463000,0.9419827484343614
1659,55261FAT1,coupon_maturity_name,1.0,1,1,M&T BANK CORPORATION,US55261FAT12,7959000.0,0.027913935563,M&T BANK CORPORATION MTN,8108000,0.9816230883078441
1660,12636YAJ1,coupon_maturity_name,1.0,1,1,CRH AMERICA FINANCE INC,US12636YAJ10,7787000.0,0.025670710132,CRH AMERICA FINANCE INC,8691000,0.8959843516281211
1661,29250NBY0,coupon_maturity_name,1.0,1,1,ENBRIDGE INC,US29250NBY04,5657000.0,0.020054517593,ENBRIDGE INC,8099000,0.6984812939869119
1662,842400JJ3,coupon_maturity_name,1.0,1,1,SOUTHERN CAL EDISON,US842400JJ35,6981000.0,0.023713110225,SOUTHERN CALIFORNIA EDISON COMPANY,8348000,0.8362482031624341
1663,91324PBK7,coupon_maturity_name,1.0,1,1,UNITEDHEALTH GROUP INC,US91324PBK75,7815000.0,0.029883254784,UNITEDHEALTH GROUP INC,7460000,1.0475871313672922
1664,24422EWZ8,coupon_maturity_name,1.0,1,1,JOHN DEERE CAPITAL CORP,US24422EWZ86,9184000.0,0.031117883178,JOHN DEERE CAPITAL CORP MTN,8504000,1.0799623706491064
1665,174610BJ3,coupon_maturity_name,1.0,1,1,CITIZENS FINANCIAL GROUP,US174610BJ37,6607000.0,0.022435638757,CITIZENS FINANCIAL GROUP INC,8347000,0.7915418713310172
1666,55336VAL4,coupon_maturity_name,1.0,1,1,MPLX LP,US55336VAL45,6665000.0,0.020131123543,MPLX LP,9599000,0.6943431607459111
1667,29379VAT0,coupon_maturity_name,1.0,1,1,ENTERPRISE PRODUCTS OPER,US29379VAT08,9582000.0,0.033600491805,ENTERPRISE PRODUCTS OPERATING LLC,8123000,1.1796134433091223
1668,05971KAG4,coupon_maturity_name,1.0,1,1,BANCO SANTANDER SA,US05971KAG40,7118000.0,0.021612254061,BANCO SANTANDER SA,9508000,0.7486327303323517
1669,406216BL4,coupon_maturity_name,1.0,1,1,HALLIBURTON CO,US406216BL45,13039000.0,0.041204810482,HALLIBURTON COMPANY,9031000,1.4438046727937106
1670,037833BW9,coupon_maturity_name,1.0,1,1,APPLE INC,US037833BW97,11797000.0,0.039360693823,APPLE INC,8628000,1.3672925359295318
1671,49456BBC4,coupon_maturity_name,1.0,1,1,KINDER MORGAN INC,US49456BBC46,5678000.0,0.019998973157,KINDER MORGAN INC,8236000,0.6894123360854784
1672,92826CAN2,coupon_maturity_name,1.0,1,1,VISA INC,US92826CAN20,9928000.0,0.028845206535,VISA INC,9890000,1.0038422649140546
1673,78016EYH4,coupon_maturity_name,1.0,1,1,ROYAL BANK OF CANADA,US78016EYH43,13463000.0,0.040379702102,ROYAL BANK OF CANADA MTN,9637000,1.3970115181072948
1674,43475RAR7,coupon_maturity_name,1.0,1,1,AMRIZE FINANCE US LLC,US43475RAR75,8792000.0,0.029785866813,AMRIZE FINANCE US LLC,8408000,1.0456707897240722
1675,30161NBK6,coupon_maturity_name,1.0,1,1,EXELON CORP,US30161NBK63,9494000.0,0.032613066647,EXELON CORPORATION,8339000,1.1385058160450894
1676,36267VAM5,coupon_maturity_name,1.0,1,1,GE HEALTHCARE TECH INC,US36267VAM54,7316000.0,0.026131589973,GE HEALTHCARE TECHNOLOGIES INC,8217000,0.8903492758914445
1677,68389XCV5,coupon_maturity_name,1.0,1,1,ORACLE CORP,US68389XCV55,10683000.0,0.028298823468,ORACLE CORPORATION,11744000,0.9096559945504087
1678,907818GG7,coupon_maturity_name,1.0,1,1,UNION PACIFIC CORP,US907818GG79,6844000.0,0.023383820075,UNION PACIFIC CORPORATION,8344000,0.8202301054650047
1679,05526DBN4,coupon_maturity_name,1.0,1,1,BAT CAPITAL CORP,US05526DBN49,6065000.0,0.020527678384,BAT CAPITAL CORP,8413000,0.7209081183882087
1680,87612EBP0,coupon_maturity_name,1.0,2,1,TARGET CORP,US87612EBP07,7494000.0,0.025205335569,TARGET CORPORATION,8498000,0.8818545540127088
1681,87264ADT9,coupon_maturity_name,1.0,2,1,T-MOBILE USA INC,US87264ADT97,5735000.0,0.019485408256,T-MOBILE USA INC,8533000,0.67209656627212
1682,06849RAK8,coupon_maturity_name,1.0,1,1,BARRICK NA FINANCE LLC,US06849RAK86,6698000.0,0.022794523726,BARRICK NA FINANCE LLC,8564000,0.7821111630079403
1683,,no_coupon_maturity_candidates,,0,0,,,,,ACCENTURE CAPITAL INC,8517000,
1684,161175BY9,coupon_maturity_size,0.3333333333333333,1,0,CHARTER COMM OPT LLC/CAP,US161175BY99,15317000.0,0.029815558466,CHARTER COMMUNICATIONS OPERATING L,14915000,1.0269527321488434
1685,55261FAV6,coupon_maturity_name,1.0,1,1,M&T BANK CORPORATION,US55261FAV67,6036000.0,0.020235155973,M&T BANK CORPORATION MTN,8638000,0.6987728640889095
1686,74340XCF6,coupon_maturity_name,1.0,1,1,PROLOGIS LP,US74340XCF69,5846000.0,0.018561196547,PROLOGIS LP,9265000,0.6309767943874798
1687,718172EA3,coupon_maturity_name,0.5,1,1,PHILIP MORRIS INTL INC,US718172EA37,8077000.0,0.026191604351,PHILIP MORRIS INTERNATIONAL INC,8871000,0.9104948709277421
1688,98978VAV5,coupon_maturity_name,1.0,1,1,ZOETIS INC,US98978VAV53,6249000.0,0.02183815645,ZOETIS INC,8202000,0.7618873445501098
1689,191216CW8,coupon_maturity_name,1.0,1,1,COCA-COLA CO/THE,US191216CW80,7124000.0,0.017549772299,COCA-COLA CO,11789000,0.6042921367376368
1690,539830BX6,coupon_maturity_name,1.0,1,1,LOCKHEED MARTIN CORP,US539830BX60,5557000.0,0.018725468117,LOCKHEED MARTIN CORPORATION,8673000,0.6407240862446674
1691,05526DCC7,coupon_maturity_name,1.0,1,1,BAT CAPITAL CORP,US05526DCC74,9787000.0,0.033930005675,BAT CAPITAL CORP,8165000,1.1986527862829148
1692,,no_coupon_maturity_candidates,,0,0,,,,,INTUIT INC,8607000,
1693,,name_below_threshold,0.3333333333333333,2,0,,,,,CHARTER COMMUNICATIONS OPERATING L,12471000,
1694,02665WFL0,coupon_maturity_name,1.0,1,1,AMERICAN HONDA FINANCE,US02665WFL00,7144000.0,0.024134378732,AMERICAN HONDA FINANCE CORPORATION MTN,8528000,0.8377110694183865
1695,341081GU5,coupon_maturity_name,1.0,1,1,FLORIDA POWER & LIGHT CO,US341081GU57,8193000.0,0.028228046907,FLORIDA POWER & LIGHT CO,8383000,0.977335082905881
1696,89788KAA4,coupon_maturity_name,1.0,1,1,TRUIST BANK,US89788KAA43,7972000.0,0.02442456922,TRUIST BANK,9280000,0.8590517241379311
1697,054561AM7,coupon_maturity_name,1.0,1,1,EQUITABLE HOLDINGS INC,US054561AM77,9737000.0,0.028655195201,EQUITABLE HOLDINGS INC,9877000,0.9858256555634302
1698,931142ET6,coupon_maturity_name,1.0,1,1,WALMART INC,US931142ET65,7303000.0,0.02168595544,WALMART INC,9628000,0.7585168259243872
1699,606822BM5,coupon_maturity_name,1.0,1,1,MITSUBISHI UFJ FIN GRP,US606822BM52,9084000.0,0.029243731513,MITSUBISHI UFJ FINANCIAL GROUP INC,8884000,1.0225123818099955
1700,437076BD3,coupon_maturity_name,1.0,1,1,HOME DEPOT INC,US437076BD31,8722000.0,0.026875689212,HOME DEPOT INC,9266000,0.9412907403410318
1701,05964HBK0,coupon_maturity_name,1.0,1,1,BANCO SANTANDER SA,US05964HBK05,7227000.0,0.025439743832,BANCO SANTANDER SA,8199000,0.8814489571899012
1702,341099CL1,coupon_maturity_name,1.0,1,1,DUKE ENERGY FLORIDA LLC,US341099CL11,7200000.0,0.02640000951,DUKE ENERGY FLORIDA LLC,7856000,0.9164969450101833
1703,037833EW6,coupon_maturity_name,1.0,1,1,APPLE INC,US037833EW60,6956000.0,0.021669913415,APPLE INC,9445000,0.7364743250397036
1704,65535HBV0,coupon_maturity_name,1.0,1,1,NOMURA HOLDINGS INC,US65535HBV06,4786000.0,0.016657786734,NOMURA HOLDINGS INC,8270000,0.5787182587666264
1705,70450YAM5,coupon_maturity_name,1.0,1,1,PAYPAL HOLDINGS INC,US70450YAM57,6950000.0,0.020167958904,PAYPAL HOLDINGS INC,9761000,0.7120172113512959
1706,037833DQ0,coupon_maturity_name,1.0,1,1,APPLE INC,US037833DQ02,11596000.0,0.025827308861,APPLE INC,13170000,0.8804859529233106
1707,020002BK6,coupon_maturity_name,1.0,1,1,ALLSTATE CORP,US020002BK68,7236000.0,0.024749802722,ALLSTATE CORPORATION (THE),8279000,0.8740186012803479
1708,26441CBU8,coupon_maturity_name,1.0,1,1,DUKE ENERGY CORP,US26441CBU80,8663000.0,0.025240379421,DUKE ENERGY CORP,9785000,0.885334695963209
1709,91324PFQ0,coupon_maturity_name,1.0,1,1,UNITEDHEALTH GROUP INC,US91324PFQ00,9210000.0,0.031478771054,UNITEDHEALTH GROUP INC,8374000,1.09983281585861
1710,911312CA2,coupon_maturity_name,1.0,1,1,UNITED PARCEL SERVICE,US911312CA23,7712000.0,0.023297440402,UNITED PARCEL SERVICE INC,9463000,0.8149635422170559
1711,620076CC1,coupon_maturity_name,1.0,3,1,MOTOROLA SOLUTIONS INC,US620076CC16,6708000.0,0.022978692509,MOTOROLA SOLUTIONS INC,8240000,0.8140776699029126
1712,98138HAJ0,coupon_maturity_name,1.0,1,1,WORKDAY INC,US98138HAJ05,8914000.0,0.02795195819,WORKDAY INC,9009000,0.9894549894549894
1713,76720AAP1,coupon_maturity_name,0.6666666666666666,1,1,RIO TINTO FIN USA PLC,US76720AAP12,7415000.0,0.023055885443,RIO TINTO FINANCE (USA) PLC,9226000,0.8037069152395404
1714,548661DZ7,coupon_maturity_name,0.5,1,1,LOWE'S COS INC,US548661DZ79,11589000.0,0.024504595577,LOWES COMPANIES INC,13678000,0.8472729931276503
1715,58013MGC2,coupon_maturity_name,0.5,1,1,MCDONALD'S CORP,US58013MGC29,7809000.0,0.026148909987,MCDONALDS CORPORATION MTN,8428000,0.9265543426672995
1716,68233JCS1,coupon_maturity_name,0.75,1,1,ONCOR ELECTRIC DELIVERY,US68233JCS15,5608000.0,0.019711800661,ONCOR ELECTRIC DELIVERY COMPANY LL,8118000,0.6908105444690811
1717,57636QAQ7,coupon_maturity_name,1.0,1,1,MASTERCARD INC,US57636QAQ73,10343000.0,0.026930524176,MASTERCARD INC,11073000,0.934073873385713
1718,95040QAM6,coupon_maturity_name,1.0,1,1,WELLTOWER OP LLC,US95040QAM69,6811000.0,0.021005518131,WELLTOWER OP LLC,9223000,0.7384798872384257
1719,209111GK3,coupon_maturity_name,0.6,1,1,CON EDISON CO OF NY INC,US209111GK37,7375000.0,0.024505514197,CONSOLIDATED EDISON COMPANY OF NEW,8761000,0.8417988814062322
1720,21871XAM1,coupon_maturity_name,1.0,1,1,COREBRIDGE FINANCIAL INC,US21871XAM11,8678000.0,0.023449858619,COREBRIDGE FINANCIAL INC,10730000,0.8087604846225536
1721,20030NEK3,coupon_maturity_name,1.0,1,1,COMCAST CORP,US20030NEK37,9818000.0,0.030322817562,COMCAST CORPORATION,9692000,1.0130004127115146
1722,38143VAA7,coupon_maturity_name,1.0,1,1,GOLDMAN SACHS CAPITAL I,US38143VAA70,7981000.0,0.028037700413,GOLDMAN SACHS CAPITAL I,7917000,1.0080838701528356
1723,054989AC2,coupon_maturity_name,1.0,1,1,BAT CAPITAL CORP,US054989AC24,6233000.0,0.023291377791,BAT CAPITAL CORP,7511000,0.8298495539874851
1724,49271VAQ3,coupon_maturity_name,1.0,1,1,KEURIG DR PEPPER INC,US49271VAQ32,6525000.0,0.020879898951,KEURIG DR PEPPER INC,8849000,0.7373714544016273
1725,191216DK3,coupon_maturity_name,1.0,1,1,COCA-COLA CO/THE,US191216DK34,10512000.0,0.031763184399,COCA-COLA CO,9351000,1.124157844080847
1726,055451BD9,coupon_maturity_name,0.6666666666666666,1,1,BHP BILLITON FIN USA LTD,US055451BD93,8277000.0,0.028507512852,BHP BILLITON FINANCE (USA) LTD,8117000,1.0197117161512874
1727,718172BL2,coupon_maturity_name,0.5,1,1,PHILIP MORRIS INTL INC,US718172BL29,6745000.0,0.018970738251,PHILIP MORRIS INTERNATIONAL INC,10183000,0.6623784739271334
1728,58013MFC3,coupon_maturity_name,0.5,1,1,MCDONALD'S CORP,US58013MFC38,7773000.0,0.02201944336,MCDONALDS CORPORATION MTN,10082000,0.7709779805594128
1729,91324PDU3,coupon_maturity_name,1.0,1,1,UNITEDHEALTH GROUP INC,US91324PDU30,9529000.0,0.023509286718,UNITEDHEALTH GROUP INC,11550000,0.825021645021645
1730,09261HBX4,coupon_maturity_name,0.75,1,1,BLACKSTONE PRIVATE CRE,US09261HBX44,7552000.0,0.025038738489,BLACKSTONE PRIVATE CREDIT FUND,8348000,0.9046478198370868
1731,438127AE2,coupon_maturity_name,1.0,1,1,HONDA MOTOR CO LTD,US438127AE20,4744000.0,0.015857836573,HONDA MOTOR CO LTD,8486000,0.5590384162149422
1732,695114DQ8,coupon_maturity_name,1.0,1,1,PACIFICORP,US695114DQ80,5473000.0,0.018895481709,PACIFICORP,8186000,0.6685805032983142
1733,595620AY1,coupon_maturity_name,1.0,1,1,MIDAMERICAN ENERGY CO,US595620AY17,9334000.0,0.031778262374,MIDAMERICAN ENERGY COMPANY,8410000,1.1098692033293698
1734,373334KT7,coupon_maturity_name,1.0,1,1,GEORGIA POWER CO,US373334KT78,7008000.0,0.023677726746,GEORGIA POWER COMPANY,8373000,0.8369759942672877
1735,832696AX6,coupon_maturity_size,0.25,1,0,JM SMUCKER CO,US832696AX63,5329000.0,0.019079274301,J M SMUCKER CO,7881000,0.6761832254790001
1736,05526DBW4,coupon_maturity_name,1.0,1,1,BAT CAPITAL CORP,US05526DBW48,8667000.0,0.029047356689,BAT CAPITAL CORP,8375000,1.034865671641791
1737,20826FBL9,coupon_maturity_name,1.0,2,1,CONOCOPHILLIPS COMPANY,US20826FBL94,8456000.0,0.028420676169,CONOCOPHILLIPS CO,8508000,0.9938881053126469
1738,91159HJS0,coupon_maturity_name,1.0,1,1,US BANCORP,US91159HJS04,8272000.0,0.02817539294,US BANCORP MTN,8122000,1.018468357547402
1739,06849RAG7,coupon_maturity_size,0.25,1,0,BARRICK NA FINANCE LLC,US06849RAG74,6244000.0,0.021300358767,BARRICK NORTH AMERICA FINANCE LLC,8428000,0.7408637873754153
1740,478160CX0,coupon_maturity_name,1.0,1,1,JOHNSON & JOHNSON,US478160CX03,6582000.0,0.022048294829,JOHNSON & JOHNSON,8635000,0.7622466705269253
1741,06418GAQ0,coupon_maturity_name,1.0,1,1,BANK OF NOVA SCOTIA,US06418GAQ01,8881000.0,0.030258246009,BANK OF NOVA SCOTIA (FXD-FRN) MTN,8157000,1.0887581218585265
1742,548661EF0,coupon_maturity_name,0.5,1,1,LOWE'S COS INC,US548661EF07,8362000.0,0.021765005223,LOWES COMPANIES INC,11038000,0.7575647762275775
1743,718172DE6,coupon_maturity_name,0.5,1,1,PHILIP MORRIS INTL INC,US718172DE67,5577000.0,0.019539758275,PHILIP MORRIS INTERNATIONAL INC,7980000,0.6988721804511279
1744,28622HAB7,coupon_maturity_name,1.0,1,1,ELEVANCE HEALTH INC,US28622HAB78,9266000.0,0.030720575316,ELEVANCE HEALTH INC,8408000,1.1020456707897242
1745,,no_coupon_maturity_candidates,,0,0,,,,,ACCENTURE CAPITAL INC,8383000,
1746,172967BL4,coupon_maturity_name,1.0,1,1,CITIGROUP INC,US172967BL44,8326000.0,0.030380847332,CITIGROUP INC,7737000,1.076127698074189
1747,89115A3C4,coupon_maturity_name,1.0,1,1,TORONTO-DOMINION BANK,US89115A3C46,5088000.0,0.01723541551,TORONTO-DOMINION BANK/THE MTN,8314000,0.6119797931200385
1748,478160BU7,coupon_maturity_name,1.0,1,1,JOHNSON & JOHNSON,US478160BU72,9517000.0,0.029056112775,JOHNSON & JOHNSON,9226000,1.0315412963364405
1749,65535HAS8,coupon_maturity_name,1.0,1,1,NOMURA HOLDINGS INC,US65535HAS85,8831000.0,0.027242034012,NOMURA HOLDINGS INC,9149000,0.9652421029620724
1750,449276AE4,coupon_maturity_name,1.0,1,1,IBM INTERNAT CAPITAL,US449276AE42,5680000.0,0.018925908856,IBM INTERNATIONAL CAPITAL PTE LTD,8458000,0.6715535587609364
1751,06738EBV6,coupon_maturity_name,1.0,1,1,BARCLAYS PLC,US06738EBV65,6082000.0,0.018288456014,BARCLAYS PLC,9362000,0.6496475112155522
1752,89788MAY8,coupon_maturity_name,1.0,1,1,TRUIST FINANCIAL CORP,US89788MAY84,7118000.0,0.023651360948,TRUIST FINANCIAL CORP MTN,8461000,0.8412717172911004
1753,12189LAW1,coupon_maturity_name,0.6,1,1,BURLINGTN NORTH SANTA FE,US12189LAW19,8110000.0,0.022592875675,BURLINGTON NORTHERN SANTA FE LLC,10197000,0.795331960380504
1754,26078JAF7,coupon_maturity_name,1.0,1,1,DUPONT DE NEMOURS INC,US26078JAF75,7239000.0,0.022967864818,DUPONT DE NEMOURS INC,9050000,0.799889502762431
1755,25278XAY5,coupon_maturity_name,1.0,1,1,DIAMONDBACK ENERGY INC,US25278XAY58,9032000.0,0.03095365049,DIAMONDBACK ENERGY INC,8085000,1.11713048855906
1756,25746UDW6,coupon_maturity_name,1.0,1,1,DOMINION ENERGY INC,US25746UDW62,5474000.0,0.018616423987,DOMINION ENERGY INC,8278000,0.6612708383667553
1757,760759AZ3,coupon_maturity_name,1.0,1,1,REPUBLIC SERVICES INC,US760759AZ35,7306000.0,0.02103218313,REPUBLIC SERVICES INC,9755000,0.748949256791389
1758,20030NCY5,coupon_maturity_name,1.0,1,1,COMCAST CORP,US20030NCY58,8340000.0,0.021637763557,COMCAST CORPORATION,11281000,0.7392961616877937
1759,,no_coupon_maturity_candidates,,0,0,,,,,US BANCORP MTN,8380000,
1760,22160KAQ8,coupon_maturity_name,1.0,1,1,COSTCO WHOLESALE CORP,US22160KAQ85,9210000.0,0.026859786127,COSTCO WHOLESALE CORPORATION,9663000,0.9531201490220429
1761,03740LAG7,coupon_maturity_size,0.3333333333333333,1,0,AON CORP/AON GLOBAL HOLD,US03740LAG77,6251000.0,0.021449861669,AON CORP,8098000,0.7719189923437886
1762,110122DS4,coupon_maturity_name,1.0,1,1,BRISTOL-MYERS SQUIBB CO,US110122DS47,16034000.0,0.031638440021,BRISTOL-MYERS SQUIBB CO,14633000,1.0957424998291534
1763,822905AF2,coupon_maturity_name,1.0,1,1,SHELL FINANCE US INC,US822905AF22,9308000.0,0.029265824194,SHELL FINANCE US INC,8900000,1.0458426966292136
1764,883556CW0,coupon_maturity_name,1.0,1,1,THERMO FISHER SCIENTIFIC,US883556CW07,8094000.0,0.027655904368,THERMO FISHER SCIENTIFIC INC,8097000,0.9996294924045943
1765,458140CR9,coupon_maturity_name,1.0,1,1,INTEL CORP,US458140CR99,10870000.0,0.03639195601,INTEL CORPORATION,8419000,1.291127212257988
1766,110122DK1,coupon_maturity_name,1.0,1,1,BRISTOL-MYERS SQUIBB CO,US110122DK11,11056000.0,0.030948419234,BRISTOL-MYERS SQUIBB CO,10258000,1.0777929420939754
1767,13645RBG8,coupon_maturity_name,1.0,1,1,CANADIAN PACIFIC RAILWAY,US13645RBG83,7332000.0,0.018278665334,CANADIAN PACIFIC RAILWAY COMPANY,11519000,0.6365135862488063
1768,89236TLM5,coupon_maturity_name,1.0,1,1,TOYOTA MOTOR CREDIT CORP,US89236TLM52,7747000.0,0.025887421115,TOYOTA MOTOR CREDIT CORP MTN,8489000,0.9125927671103782
1769,60687YCT4,coupon_maturity_name,1.0,1,1,MIZUHO FINANCIAL GROUP,US60687YCT47,6472000.0,0.022621156443,MIZUHO FINANCIAL GROUP INC,8048000,0.8041749502982107
1770,031162DJ6,coupon_maturity_name,1.0,1,1,AMGEN INC,US031162DJ62,7214000.0,0.023345916409,AMGEN INC,8620000,0.8368909512761021
1771,054989AF5,coupon_maturity_name,1.0,1,1,BAT CAPITAL CORP,US054989AF54,8593000.0,0.028334775297,BAT CAPITAL CORP,8473000,1.0141626342499706
1772,89236TNB7,coupon_maturity_name,1.0,1,1,TOYOTA MOTOR CREDIT CORP,US89236TNB79,4942000.0,0.017026355542,TOYOTA MOTOR CREDIT CORP MTN,8246000,0.599320882852292
1773,822905AH8,coupon_maturity_name,1.0,1,1,SHELL FINANCE US INC,US822905AH87,6925000.0,0.01799428711,SHELL FINANCE US INC,10908000,0.6348551521818848
1774,373334KR1,coupon_maturity_name,1.0,1,1,GEORGIA POWER CO,US373334KR13,5584000.0,0.017336913148,GEORGIA POWER COMPANY,9161000,0.6095404431830587
1775,532457CW6,coupon_maturity_name,1.0,1,1,ELI LILLY & CO,US532457CW67,10493000.0,0.035832427197,ELI LILLY AND COMPANY,8093000,1.2965525763005066
1776,26441CAT2,coupon_maturity_name,1.0,1,1,DUKE ENERGY CORP,US26441CAT27,10437000.0,0.026215345305,DUKE ENERGY CORP,11261000,0.9268271023887754
1777,87612GAP6,coupon_maturity_name,1.0,1,1,TARGA RESOURCES CORP,US87612GAP63,6563000.0,0.022182409005,TARGA RESOURCES CORP,8174000,0.8029116711524346
1778,88732JBD9,coupon_maturity_name,1.0,1,1,TIME WARNER CABLE LLC,US88732JBD90,9499000.0,0.02411021448,TIME WARNER CABLE LLC,11136000,0.8529992816091954
1779,693475CD5,coupon_maturity_name,1.0,1,1,PNC FINANCIAL SERVICES,US693475CD50,10609000.0,0.035878328892,PNC FINANCIAL SERVICES GROUP INC (,8213000,1.291732619018629
1780,12572QAL9,coupon_maturity_name,1.0,1,1,CME GROUP INC,US12572QAL95,5299000.0,0.017784046357,CME GROUP INC,8219000,0.6447256357221073
1781,694308JH1,coupon_maturity_name,1.0,1,1,PACIFIC GAS & ELECTRIC,US694308JH19,6689000.0,0.016868211185,PACIFIC GAS AND ELECTRIC COMPANY,11013000,0.6073731045128484
1782,58507LBC2,coupon_maturity_name,0.5,1,1,MEDTRONIC GLOBAL HLDINGS,US58507LBC28,8176000.0,0.027046873919,MEDTRONIC GLOBAL HOLDINGS SCA,8406000,0.9726385914822746
1783,456837AW3,coupon_maturity_name,1.0,1,1,ING GROEP NV,US456837AW39,5852000.0,0.017858635835,ING GROEP NV,9089000,0.6438552095940148
1784,55336VCE8,coupon_maturity_name,1.0,1,1,MPLX LP,US55336VCE83,5949000.0,0.019742926469,MPLX LP,8292000,0.717438494934877
1785,925650AK9,coupon_maturity_name,1.0,1,1,VICI PROPERTIES LP,US925650AK98,5089000.0,0.017138838345,VICI PROPERTIES LP,8253000,0.6166242578456319
1786,907818FZ6,coupon_maturity_name,1.0,1,1,UNION PACIFIC CORP,US907818FZ69,7387000.0,0.017476620434,UNION PACIFIC CORPORATION,11875000,0.6220631578947369
1787,693475BA2,coupon_maturity_name,1.0,1,1,PNC FINANCIAL SERVICES,US693475BA21,11096000.0,0.033246016105,PNC FINANCIAL SERVICES GROUP INC (,9272000,1.1967213114754098
1788,911312CL8,coupon_maturity_name,1.0,1,1,UNITED PARCEL SERVICE,US911312CL87,6242000.0,0.021411859221,UNITED PARCEL SERVICE INC,8239000,0.7576162155601408
1789,539830CB3,coupon_maturity_name,1.0,1,1,LOCKHEED MARTIN CORP,US539830CB32,7367000.0,0.023160017696,LOCKHEED MARTIN CORPORATION,8901000,0.8276598135041007
1790,718547AR3,coupon_maturity_name,1.0,1,1,PHILLIPS 66 CO,US718547AR30,7673000.0,0.026219364952,PHILLIPS 66 CO,8213000,0.9342505783513941
1791,256677AP0,coupon_maturity_name,1.0,1,1,DOLLAR GENERAL CORP,US256677AP01,9219000.0,0.031474504283,DOLLAR GENERAL CORP,8182000,1.126741627963823
1792,50076QAR7,coupon_maturity_name,1.0,1,1,KRAFT HEINZ FOODS CO,US50076QAR74,10578000.0,0.038930771605,KRAFT HEINZ FOODS CO,7462000,1.4175824175824177
1793,89788MAK8,coupon_maturity_name,1.0,1,1,TRUIST FINANCIAL CORP,US89788MAK80,4941000.0,0.017551851089,TRUIST FINANCIAL CORP MTN,7792000,0.634111909650924
1794,28622HAC5,coupon_maturity_name,1.0,1,1,ELEVANCE HEALTH INC,US28622HAC51,7332000.0,0.021950045317,ELEVANCE HEALTH INC,9316000,0.7870330613997424
1795,055451AR9,coupon_maturity_name,0.6666666666666666,1,1,BHP BILLITON FIN USA LTD,US055451AR98,7811000.0,0.022571162005,BHP BILLITON FINANCE (USA) LTD,9594000,0.8141546800083386
1796,828807EA1,coupon_maturity_name,1.0,1,1,SIMON PROPERTY GROUP LP,US828807EA11,6635000.0,0.022246233513,SIMON PROPERTY GROUP LP,8222000,0.8069812697640477
1797,097023CP8,coupon_maturity_name,1.0,1,1,BOEING CO,US097023CP81,5458000.0,0.015946493406,BOEING CO,9455000,0.5772607086197779
1798,666807CM2,coupon_maturity_name,1.0,1,1,NORTHROP GRUMMAN CORP,US666807CM21,8642000.0,0.026947990617,NORTHROP GRUMMAN CORP,9117000,0.9478995283536251
1799,,name_below_threshold,0.0,1,0,,,,,DOMINION ENERGY INC,8314000,
1800,046353AM0,coupon_maturity_name,1.0,1,1,ASTRAZENECA PLC,US046353AM00,5471000.0,0.016040036194,ASTRAZENECA PLC,9633000,0.5679435274576975
1801,00774MBU8,coupon_maturity_name,0.6,2,1,AERCAP IRELAND CAP/GLOBA,US00774MBU80,7352000.0,0.024173383406,AERCAP IRELAND CAPITAL DAC,8509000,0.8640263250675755
1802,337738BL1,coupon_maturity_name,1.0,1,1,FISERV INC,US337738BL17,6752000.0,0.022576966849,FISERV INC,8241000,0.8193180439267079
1803,674599EK7,coupon_maturity_name,0.6666666666666666,1,1,OCCIDENTAL PETROLEUM COR,US674599EK76,7480000.0,0.025807373907,OCCIDENTAL PETROLEUM CORPORATION,8113000,0.9219770738321212
1804,91324PDF6,coupon_maturity_name,1.0,1,1,UNITEDHEALTH GROUP INC,US91324PDF62,10589000.0,0.026829872062,UNITEDHEALTH GROUP INC,11091000,0.9547380759174106
1805,404119DF3,coupon_maturity_name,1.0,1,1,HCA INC,US404119DF36,7165000.0,0.023275626909,HCA INC,8569000,0.8361535768467733
1806,444859CB6,coupon_maturity_name,1.0,1,1,HUMANA INC,US444859CB64,7075000.0,0.021996746469,HUMANA INC,8932000,0.7920958351992835
1807,56501RAX4,coupon_maturity_name,1.0,1,1,MANULIFE FINANCIAL CORP,US56501RAX44,6638000.0,0.021990651389,MANULIFE FINANCIAL CORP,8444000,0.7861203221222169
1808,89115A3G5,coupon_maturity_name,1.0,1,1,TORONTO-DOMINION BANK,US89115A3G59,6459000.0,0.022191425577,TORONTO-DOMINION BANK/THE MTN,7916000,0.8159423951490652
1809,87264ADC6,coupon_maturity_name,1.0,2,1,T-MOBILE USA INC,US87264ADC62,8529000.0,0.029885362248,T-MOBILE USA INC,8002000,1.0658585353661585
1810,47214BAD0,coupon_maturity_size,0.3333333333333333,1,0,JBS NV/USA FOODS/FOOD CO,US47214BAD01,7199000.0,0.026489478962,JBS USA HOLDING LUX SARL,7678000,0.9376139619692628
1811,25746UDR7,coupon_maturity_name,1.0,1,1,DOMINION ENERGY INC,US25746UDR77,6062000.0,0.020875253773,DOMINION ENERGY INC,8045000,0.7535114978247358
1812,571903BQ5,coupon_maturity_name,1.0,1,1,MARRIOTT INTERNATIONAL,US571903BQ56,4792000.0,0.016296150908,MARRIOTT INTERNATIONAL INC,8154000,0.5876870247731175
1813,10112RBF0,coupon_maturity_name,1.0,1,1,BOSTON PROPERTIES LP,US10112RBF01,5938000.0,0.016449600864,BOSTON PROPERTIES LP,9951000,0.5967239473419756
1814,11133TAE3,coupon_maturity_name,1.0,1,1,BROADRIDGE FINANCIAL SOL,US11133TAE38,1000000.0,0.002999967809,BROADRIDGE FINANCIAL SOLUTIONS INC,9165000,0.10911074740861974
1815,03076CAM8,coupon_maturity_name,1.0,1,1,AMERIPRISE FINANCIAL INC,US03076CAM82,6068000.0,0.020733547139,AMERIPRISE FINANCIAL INC,8096000,0.7495059288537549
1816,89417EAD1,coupon_maturity_name,1.0,1,1,TRAVELERS COS INC,US89417EAD13,7526000.0,0.027572282167,TRAVELERS COMPANIES INC MTN,7636000,0.9855945521215296
1817,68389XCS2,coupon_maturity_name,1.0,1,1,ORACLE CORP,US68389XCS27,6855000.0,0.022453525777,ORACLE CORPORATION,8407000,0.8153919352920186
1818,94106BAF8,coupon_maturity_name,1.0,1,1,WASTE CONNECTIONS INC,US94106BAF85,6070000.0,0.019649453822,WASTE CONNECTIONS INC,8576000,0.7077891791044776
1819,62954HBA5,coupon_maturity_name,0.5,1,1,NXP BV/NXP FDG/NXP USA,US62954HBA59,7461000.0,0.022523561472,NXP BV,9141000,0.8162126681982278
1820,03523TBY3,coupon_maturity_name,1.0,1,1,ANHEUSER-BUSCH INBEV WOR,US03523TBY38,5898000.0,0.020008687047,ANHEUSER-BUSCH INBEV WORLDWIDE INC,8174000,0.7215561536579398
1821,756109AX2,coupon_maturity_name,1.0,1,1,REALTY INCOME CORP,US756109AX24,5345000.0,0.016875075872,REALTY INCOME CORPORATION,8754000,0.6105780214758967
1822,437076BF8,coupon_maturity_name,1.0,1,1,HOME DEPOT INC,US437076BF88,11406000.0,0.032715689837,HOME DEPOT INC,9641000,1.183072295405041
1823,494553AE0,coupon_maturity_name,1.0,1,1,KINDER MORGAN INC,US494553AE00,6545000.0,0.022508628649,KINDER MORGAN INC,7935000,0.8248267170762444
1824,70450YAP8,coupon_maturity_name,1.0,1,1,PAYPAL HOLDINGS INC,US70450YAP88,6555000.0,0.021891018995,PAYPAL HOLDINGS INC,8269000,0.7927197968315395
1825,70450YAH6,coupon_maturity_name,1.0,1,1,PAYPAL HOLDINGS INC,US70450YAH62,5712000.0,0.01753500024,PAYPAL HOLDINGS INC,8916000,0.6406460296096904
1826,02209SBJ1,coupon_maturity_name,1.0,1,1,ALTRIA GROUP INC,US02209SBJ15,7655000.0,0.024574475544,ALTRIA GROUP INC,8541000,0.8962650743472661
1827,205887CD2,coupon_maturity_name,1.0,1,1,CONAGRA BRANDS INC,US205887CD22,7031000.0,0.022161928936,CONAGRA BRANDS INC,8739000,0.804554296830301
1828,437076BS0,coupon_maturity_name,1.0,1,1,HOME DEPOT INC,US437076BS00,9038000.0,0.0236860366,HOME DEPOT INC,10695000,0.8450677886863021
1829,57636QAX2,coupon_maturity_name,1.0,1,1,MASTERCARD INC,US57636QAX25,6857000.0,0.023302934361,MASTERCARD INC,8019000,0.8550941513904476
1830,713448DD7,coupon_maturity_name,1.0,1,1,PEPSICO INC,US713448DD75,5972000.0,0.017436220421,PEPSICO INC,9468000,0.6307562315166878
1831,404121AL9,coupon_maturity_name,1.0,1,1,HCA INC,US404121AL94,7354000.0,0.023985631974,HCA INC,8471000,0.8681383543855506
1832,89236TNJ0,coupon_maturity_name,1.0,2,1,TOYOTA MOTOR CREDIT CORP,US89236TNJ06,7528000.0,0.02552908351,TOYOTA MOTOR CREDIT CORP MTN,8063000,0.9336475257348381
1833,161175CP7,coupon_maturity_size,0.3333333333333333,1,0,CHARTER COMM OPT LLC/CAP,US161175CP73,6517000.0,0.022542293379,CHARTER COMMUNICATIONS OPERATING L,7806000,0.8348706123494748
1834,86562MDJ6,coupon_maturity_name,0.6666666666666666,1,1,SUMITOMO MITSUI FINL GRP,US86562MDJ62,5554000.0,0.019538378246,SUMITOMO MITSUI FINANCIAL GROUP IN,7715000,0.7198963058976021
1835,571903BG7,coupon_maturity_name,1.0,1,1,MARRIOTT INTERNATIONAL,US571903BG74,6920000.0,0.021330090847,MARRIOTT INTERNATIONAL INC,8837000,0.7830711780015842
1836,24422EXP9,coupon_maturity_name,1.0,1,1,JOHN DEERE CAPITAL CORP,US24422EXP95,6887000.0,0.023462875264,JOHN DEERE CAPITAL CORP MTN,7992000,0.8617367367367368
1837,12505BAL4,coupon_maturity_name,1.0,1,1,CBRE SERVICES INC,US12505BAL45,7111000.0,0.023562964837,CBRE SERVICES INC,8314000,0.8553043059898966
1838,66989HAU2,coupon_maturity_name,1.0,1,1,NOVARTIS CAPITAL CORP,US66989HAU23,7462000.0,0.024552887484,NOVARTIS CAPITAL CORP,8253000,0.904156064461408
1839,983024AG5,coupon_maturity_name,1.0,1,1,WYETH LLC,US983024AG50,5052000.0,0.01866103265,WYETH LLC,7299000,0.6921496095355528
1840,031162DG2,coupon_maturity_name,1.0,1,1,AMGEN INC,US031162DG24,10158000.0,0.026662082344,AMGEN INC,10504000,0.9670601675552171
1841,03835VAJ5,coupon_maturity_name,1.0,1,1,APTIV SWISS HOLDINGS LTD,US03835VAJ52,10992000.0,0.022694316065,APTIV SWISS HOLDINGS LTD,13449000,0.8173098371626143
1842,92976GAG6,coupon_maturity_name,1.0,1,1,WELLS FARGO BANK NA,US92976GAG64,6487000.0,0.022584877109,WELLS FARGO BANK NA,7754000,0.8366004642765025
1843,404280AJ8,coupon_maturity_name,1.0,1,1,HSBC HOLDINGS PLC,US404280AJ87,6845000.0,0.025283611682,HSBC HOLDINGS PLC,7405000,0.924375422012154
1844,260543DH3,coupon_maturity_name,1.0,1,1,DOW CHEMICAL CO/THE,US260543DH36,7008000.0,0.024676202845,DOW CHEMICAL CO,7761000,0.9029764205643602
1845,29390XAA2,coupon_maturity_name,0.42857142857142855,1,1,EQUINIX EU 2 FINANCING C,US29390XAA28,4497000.0,0.015406875338,EQUINIX EUROPE 2 FINANCING CORPORA,8063000,0.5577328537765099
1846,94106LBT5,coupon_maturity_name,1.0,1,1,WASTE MANAGEMENT INC,US94106LBT52,5949000.0,0.020090889297,WASTE MANAGEMENT INC,7962000,0.7471740768651093
1847,58933YAV7,coupon_maturity_name,1.0,1,1,MERCK & CO INC,US58933YAV74,8247000.0,0.024403793007,MERCK & CO INC,9233000,0.8932091411242283
1848,620076BT5,coupon_maturity_name,1.0,1,1,MOTOROLA SOLUTIONS INC,US620076BT59,7160000.0,0.021701158756,MOTOROLA SOLUTIONS INC,8999000,0.7956439604400489
1849,023135BU9,coupon_maturity_name,1.0,1,1,AMAZON.COM INC,US023135BU94,11526000.0,0.021378267721,AMAZON.COM INC,15805000,0.7292628914900348
1850,48305QAD5,coupon_maturity_name,1.0,1,1,KAISER FOUNDATION HOSPIT,US48305QAD51,8618000.0,0.023656431137,KAISER FOUNDATION HOSPITALS,10046000,0.8578538721879355
1851,31620MBT2,coupon_maturity_name,0.6,1,1,FIDELITY NATL INFO SERV,US31620MBT27,7405000.0,0.022102112962,FIDELITY NATIONAL INFORMATION SERV,9065000,0.8168781025923884
1852,931142CK7,coupon_maturity_name,1.0,1,1,WALMART INC,US931142CK74,8686000.0,0.033368884227,WALMART INC,7038000,1.2341574310883774
1853,375558BY8,coupon_maturity_name,1.0,1,1,GILEAD SCIENCES INC,US375558BY84,11380000.0,0.033918431679,GILEAD SCIENCES INC,9093000,1.2515121522049928
1854,172967FX4,coupon_maturity_name,1.0,1,1,CITIGROUP INC,US172967FX46,7670000.0,0.026533503494,CITIGROUP INC,7779000,0.9859879161845996
1855,172967JU6,coupon_maturity_name,1.0,1,1,CITIGROUP INC,US172967JU60,7011000.0,0.020770269482,CITIGROUP INC,9164000,0.765058926233086
1856,02344AAA6,coupon_maturity_name,0.6,1,1,AMCOR FLEXIBLES NORTH AM,US02344AAA60,6419000.0,0.01951799142,AMCOR FLEXIBLES NORTH AMERICA INC,8911000,0.7203456402199528
1857,68389XCB9,coupon_maturity_name,1.0,1,1,ORACLE CORP,US68389XCB91,10645000.0,0.022698891538,ORACLE CORPORATION,13750000,0.7741818181818182
1858,03027XCD0,coupon_maturity_name,1.0,1,1,AMERICAN TOWER CORP,US03027XCD03,4944000.0,0.017101594155,AMERICAN TOWER CORPORATION,7946000,0.6221998489806192
1859,337738BQ0,coupon_maturity_name,1.0,1,1,FISERV INC,US337738BQ04,9341000.0,0.030682763112,FISERV INC,8166000,1.1438892970854764
1860,126408HZ9,coupon_maturity_name,1.0,1,1,CSX CORP,US126408HZ94,6971000.0,0.023479585596,CSX CORP,8094000,0.861255250803064
1861,254687EB8,coupon_maturity_name,1.0,1,1,WALT DISNEY COMPANY/THE,US254687EB89,5679000.0,0.021111864555,WALT DISNEY CO,7348000,0.7728633641807294
1862,92343VGT5,coupon_maturity_name,1.0,1,1,VERIZON COMMUNICATIONS,US92343VGT52,8375000.0,0.028451037574,VERIZON COMMUNICATIONS INC,8022000,1.0440039890301671
1863,89417EAH2,coupon_maturity_name,1.0,1,1,TRAVELERS COS INC,US89417EAH27,6954000.0,0.023202389525,TRAVELERS COMPANIES INC,8157000,0.852519308569327
1864,694308KU0,coupon_maturity_name,1.0,2,1,PACIFIC GAS & ELECTRIC,US694308KU01,7773000.0,0.026433959036,PACIFIC GAS AND ELECTRIC COMPANY,7874000,0.9871729743459486
1865,744448DB4,coupon_maturity_name,0.75,1,1,PUBLIC SERVICE COLORADO,US744448DB49,7804000.0,0.026275791712,PUBLIC SERVICE COMPANY OF COLORADO,8191000,0.9527530216090832
1866,958667AC1,coupon_maturity_name,1.0,1,1,WESTERN MIDSTREAM OPERAT,US958667AC17,11721000.0,0.038229813198,WESTERN MIDSTREAM OPERATING LP,8151000,1.4379830695620168
1867,65473PAJ4,coupon_maturity_name,1.0,1,1,NISOURCE INC,US65473PAJ49,7974000.0,0.025777655292,NISOURCE INC,8333000,0.9569182767310692
1868,92343VDU5,coupon_maturity_name,1.0,1,1,VERIZON COMMUNICATIONS,US92343VDU52,8609000.0,0.028699274094,VERIZON COMMUNICATIONS INC,8144000,1.0570972495088409
1869,00206RBK7,coupon_maturity_name,1.0,1,1,AT&T INC,US00206RBK77,8717000.0,0.023829214423,AT&T INC,10255000,0.8500243783520234
1870,92857WBS8,coupon_maturity_name,1.0,1,1,VODAFONE GROUP PLC,US92857WBS89,9583000.0,0.027600039679,VODAFONE GROUP PLC,9720000,0.9859053497942387
1871,60687YDJ5,coupon_maturity_name,1.0,1,1,MIZUHO FINANCIAL GROUP,US60687YDJ55,6256000.0,0.021258781057,MIZUHO FINANCIAL GROUP INC,7965000,0.7854362837413685
1872,682680BG7,coupon_maturity_name,1.0,1,1,ONEOK INC,US682680BG78,6501000.0,0.023034406842,ONEOK INC,7622000,0.8529257412752559
1873,548661DU8,coupon_maturity_name,0.5,2,1,LOWE'S COS INC,US548661DU82,12514000.0,0.041969342882,LOWES COMPANIES INC,8006000,1.5630776917312017
1874,278058DY5,coupon_maturity_name,1.0,1,1,EATON CORP,US278058DY59,11677000.0,0.038537678604,EATON CORPORATION,8146000,1.4334642769457402
1875,24703DBF7,coupon_maturity_name,0.6666666666666666,1,1,DELL INT LLC / EMC CORP,US24703DBF78,8679000.0,0.022397357019,DELL INTERNATIONAL LLC,10729000,0.8089290707428465
1876,26442CBL7,coupon_maturity_name,1.0,1,1,DUKE ENERGY CAROLINAS,US26442CBL72,5048000.0,0.016133828254,DUKE ENERGY CAROLINAS LLC,8693000,0.5806971126193489
1877,373334LA7,coupon_maturity_name,1.0,1,1,GEORGIA POWER CO,US373334LA78,8550000.0,0.029010338066,GEORGIA POWER COMPANY,7884000,1.0844748858447488
1878,20030NDL2,coupon_maturity_name,1.0,1,1,COMCAST CORP,US20030NDL29,13226000.0,0.025668501569,COMCAST CORPORATION,14971000,0.8834413198851112
1879,09581CAD3,coupon_maturity_name,1.0,1,1,BLUE OWL CREDIT INCOME,US09581CAD39,8292000.0,0.027132903322,BLUE OWL CREDIT INCOME CORP,8057000,1.0291671838153158
1880,86562MBW9,coupon_maturity_name,0.6666666666666666,1,1,SUMITOMO MITSUI FINL GRP,US86562MBW91,10399000.0,0.032651425443,SUMITOMO MITSUI FINANCIAL GROUP IN,8598000,1.2094673179809259
1881,12527GAF0,coupon_maturity_name,1.0,2,1,CF INDUSTRIES INC,US12527GAF00,5839000.0,0.019535686886,CF INDUSTRIES INC,7994000,0.7304228171128346
1882,86562MDQ0,coupon_maturity_name,0.6666666666666666,1,1,SUMITOMO MITSUI FINL GRP,US86562MDQ06,7857000.0,0.026490889444,SUMITOMO MITSUI FINANCIAL GROUP IN,8149000,0.9641673825009204
1883,53944YAE3,coupon_maturity_name,1.0,1,1,LLOYDS BANKING GROUP PLC,US53944YAE32,7349000.0,0.02010120283,LLOYDS BANKING GROUP PLC,10053000,0.7310255645081071
1884,761713BA3,coupon_maturity_name,1.0,1,1,REYNOLDS AMERICAN INC,US761713BA36,7058000.0,0.024437757811,REYNOLDS AMERICAN INC,7681000,0.9188907694310636
1885,00287YAV1,coupon_maturity_name,1.0,1,1,ABBVIE INC,US00287YAV11,6883000.0,0.021855599522,ABBVIE INC,8553000,0.8047468724424178
1886,202795KD1,coupon_maturity_name,1.0,1,1,COMMONWEALTH EDISON CO,US202795KD12,5730000.0,0.019386119954,COMMONWEALTH EDISON COMPANY,8144000,0.7035854616895875
1887,816851BH1,coupon_maturity_name,1.0,1,1,SEMPRA,US816851BH17,7201000.0,0.020519094647,SEMPRA,9385000,0.7672882258923814
1888,606822DQ4,coupon_maturity_name,1.0,1,1,MITSUBISHI UFJ FIN GRP,US606822DQ49,7784000.0,0.026072048822,MITSUBISHI UFJ FINANCIAL GROUP INC,8012000,0.9715426859710434
1889,115236AN1,coupon_maturity_name,1.0,1,1,BROWN & BROWN INC,US115236AN13,6799000.0,0.022921073748,BROWN & BROWN INC,8164000,0.8328025477707006
1890,036752BA0,coupon_maturity_name,1.0,1,1,ELEVANCE HEALTH INC,US036752BA01,6985000.0,0.022537118162,ELEVANCE HEALTH INC,8532000,0.8186826066572902
1891,084664CW9,coupon_maturity_name,1.0,1,1,BERKSHIRE HATHAWAY FIN,US084664CW92,6430000.0,0.019194059949,BERKSHIRE HATHAWAY FINANCE CORP,8998000,0.7146032451655924
1892,345397H89,coupon_maturity_name,1.0,1,1,FORD MOTOR CREDIT CO LLC,US345397H899,7328000.0,0.024239935402,FORD MOTOR CREDIT COMPANY LLC MTN,8160000,0.8980392156862745
1893,532457CZ9,coupon_maturity_name,1.0,1,1,ELI LILLY & CO,US532457CZ98,6594000.0,0.021678687465,ELI LILLY AND COMPANY,8167000,0.8073956165054488
1894,863667BL4,coupon_maturity_name,1.0,1,1,STRYKER CORP,US863667BL41,5974000.0,0.020274637198,STRYKER CORPORATION,7793000,0.7665853971512896
1895,161175CE2,coupon_maturity_size,0.3333333333333333,1,0,CHARTER COMM OPT LLC/CAP,US161175CE27,9971000.0,0.023030543662,CHARTER COMMUNICATIONS OPERATING L,11768000,0.8472977566281441
1896,89236TLZ6,coupon_maturity_name,1.0,1,1,TOYOTA MOTOR CREDIT CORP,US89236TLZ65,7523000.0,0.025798152216,TOYOTA MOTOR CREDIT CORP MTN,7763000,0.9690841169650908
1897,06418JAC5,coupon_maturity_name,1.0,1,1,BANK OF NOVA SCOTIA,US06418JAC53,6104000.0,0.021372387598,BANK OF NOVA SCOTIA,7594000,0.8037924677376876
1898,717081EV1,coupon_maturity_name,1.0,1,1,PFIZER INC,US717081EV18,10812000.0,0.028727865847,PFIZER INC,10306000,1.049097613040947
1899,03740LAE2,coupon_maturity_size,0.3333333333333333,1,0,AON CORP/AON GLOBAL HOLD,US03740LAE20,8602000.0,0.021356583598,AON CORP,10938000,0.7864326202230755
1900,29250NCK9,coupon_maturity_name,1.0,1,1,ENBRIDGE INC,US29250NCK90,7994000.0,0.02747701415,ENBRIDGE INC,7894000,1.01266784899924
1901,458140AV2,coupon_maturity_name,1.0,1,1,INTEL CORP,US458140AV20,10287000.0,0.026903049144,INTEL CORPORATION,10587000,0.9716633607254179
1902,166756BL9,coupon_maturity_name,1.0,2,1,CHEVRON USA INC,US166756BL90,8355000.0,0.028052544091,CHEVRON USA INC,7987000,1.046074871666458
1903,26442CBK9,coupon_maturity_name,1.0,1,1,DUKE ENERGY CAROLINAS,US26442CBK99,6093000.0,0.019326698269,DUKE ENERGY CAROLINAS LLC,8693000,0.700908777177039
1904,03027XCR9,coupon_maturity_name,1.0,1,1,AMERICAN TOWER CORP,US03027XCR98,8407000.0,0.027839528204,AMERICAN TOWER CORPORATION,8156000,1.03077488965179
1905,718546AW4,coupon_maturity_name,1.0,1,1,PHILLIPS 66,US718546AW42,7561000.0,0.022814356304,PHILLIPS 66,8890000,0.8505061867266591
1906,26875PAW1,coupon_maturity_name,1.0,1,1,EOG RESOURCES INC,US26875PAW14,6802000.0,0.022460885046,EOG RESOURCES INC,8292000,0.8203087313072841
1907,87612GAA9,coupon_maturity_name,1.0,1,1,TARGA RESOURCES CORP,US87612GAA94,7867000.0,0.025140668156,TARGA RESOURCES CORP,8295000,0.9484026522001205
1908,532457CV8,coupon_maturity_name,1.0,1,1,ELI LILLY & CO,US532457CV84,11298000.0,0.03848069585,ELI LILLY AND COMPANY,7750000,1.4578064516129032
1909,29390XAG9,coupon_maturity_name,0.42857142857142855,1,1,EQUINIX EU 2 FINANCING C,US29390XAG97,11906000.0,0.039619550732,EQUINIX EUROPE 2 FINANCING CORPORA,8042000,1.4804774931609053
1910,75513EAD3,coupon_maturity_size,0.0,1,0,RTX CORP,US75513EAD31,6034000.0,0.018557653384,RAYTHEON TECHNOLOGIES CORPORATION,8724000,0.6916552040348464
1911,78016FZQ0,coupon_maturity_name,1.0,1,1,ROYAL BANK OF CANADA,US78016FZQ08,10483000.0,0.03381967439,ROYAL BANK OF CANADA MTN,8322000,1.2596731554914684
1912,86562MCJ7,coupon_maturity_name,0.6666666666666666,1,1,SUMITOMO MITSUI FINL GRP,US86562MCJ71,7024000.0,0.02068754092,SUMITOMO MITSUI FINANCIAL GROUP IN,9031000,0.7777654744768021
1913,87264ADZ5,coupon_maturity_name,1.0,1,1,T-MOBILE USA INC,US87264ADZ57,10356000.0,0.034242277362,T-MOBILE USA INC,8048000,1.286779324055666
1914,29273VBL3,coupon_maturity_name,1.0,1,1,ENERGY TRANSFER LP,US29273VBL36,8588000.0,0.029100950497,ENERGY TRANSFER LP,8119000,1.0577657346963911
1915,49456BAV3,coupon_maturity_name,1.0,1,1,KINDER MORGAN INC,US49456BAV36,9845000.0,0.032825287811,KINDER MORGAN INC,7914000,1.2439979782663635
1916,05723KAF7,coupon_maturity_name,0.6666666666666666,1,1,BAKER HUGHES LLC/CO-OBL,US05723KAF75,10317000.0,0.02770009742,BAKER HUGHES HOLDINGS LLC,10240000,1.00751953125
1917,437076CF7,coupon_maturity_name,1.0,2,1,HOME DEPOT INC,US437076CF79,6758000.0,0.019661208997,HOME DEPOT INC,9156000,0.7380952380952381
1918,83272GAE1,coupon_maturity_name,0.6,1,1,SMURFIT KAPPA TREASURY,US83272GAE17,8231000.0,0.028055961308,SMURFIT KAPPA TREASURY UNLIMITED C,7782000,1.0576972500642507
1919,174610BH7,coupon_maturity_name,1.0,1,1,CITIZENS FINANCIAL GROUP,US174610BH70,7727000.0,0.026651926017,CITIZENS FINANCIAL GROUP INC,7562000,1.0218196244379794
1920,89788MAV4,coupon_maturity_name,1.0,1,1,TRUIST FINANCIAL CORP,US89788MAV46,9892000.0,0.032191773864,TRUIST FINANCIAL CORP MTN,8174000,1.2101786151211158
1921,539830CL1,coupon_maturity_name,1.0,1,1,LOCKHEED MARTIN CORP,US539830CL14,6470000.0,0.021675039141,LOCKHEED MARTIN CORPORATION,7848000,0.8244138634046891
1922,209111FY4,coupon_maturity_name,0.6,1,1,CON EDISON CO OF NY INC,US209111FY40,5992000.0,0.015677694119,CONSOLIDATED EDISON COMPANY OF NEW,10404000,0.5759323337178008
1923,191216DL1,coupon_maturity_name,1.0,1,1,COCA-COLA CO/THE,US191216DL17,13657000.0,0.030271491075,COCA-COLA CO,12186000,1.1207122927950106
1924,75513ECV1,coupon_maturity_name,1.0,1,1,RTX CORP,US75513ECV11,5895000.0,0.02094876719,RTX CORP,7408000,0.7957613390928726
1925,126650DJ6,coupon_maturity_name,1.0,1,1,CVS HEALTH CORP,US126650DJ69,8494000.0,0.027610962424,CVS HEALTH CORP,8128000,1.045029527559055
1926,055451BF4,coupon_maturity_name,0.6666666666666666,1,1,BHP BILLITON FIN USA LTD,US055451BF42,7592000.0,0.025094296188,BHP BILLITON FINANCE (USA) LTD,8093000,0.9380946496972693
1927,29250NCR4,coupon_maturity_name,1.0,1,1,ENBRIDGE INC,US29250NCR44,8533000.0,0.029036875877,ENBRIDGE INC,7812000,1.092293906810036
1928,74340XCK5,coupon_maturity_name,1.0,1,1,PROLOGIS LP,US74340XCK54,5289000.0,0.016774297208,PROLOGIS LP,8493000,0.6227481455316143
1929,22822VAR2,coupon_maturity_name,1.0,1,1,CROWN CASTLE INC,US22822VAR24,6217000.0,0.019713799606,CROWN CASTLE INC,8418000,0.7385364694701829
1930,718172DZ9,coupon_maturity_name,0.5,1,1,PHILIP MORRIS INTL INC,US718172DZ96,6665000.0,0.02174752525,PHILIP MORRIS INTERNATIONAL INC,8154000,0.8173902379200393
1931,29379VCG6,coupon_maturity_name,1.0,1,1,ENTERPRISE PRODUCTS OPER,US29379VCG68,5649000.0,0.018923283508,ENTERPRISE PRODUCTS OPERATING LLC,7887000,0.7162419170787372
1932,015271BF5,coupon_maturity_name,0.5,3,1,ALEXANDRIA REAL ESTATE E,US015271BF51,5602000.0,0.018430183969,ALEXANDRIA REAL ESTATE EQUITIES IN,8020000,0.6985037406483791
1933,437076CK6,coupon_maturity_name,1.0,1,1,HOME DEPOT INC,US437076CK64,7301000.0,0.01489262692,HOME DEPOT INC,13203000,0.5529803832462319
1934,02209SBN2,coupon_maturity_name,1.0,1,1,ALTRIA GROUP INC,US02209SBN27,9370000.0,0.021839452135,ALTRIA GROUP INC,11428000,0.81991599579979
1935,04686JAH4,coupon_maturity_name,1.0,1,1,ATHENE HOLDING LTD,US04686JAH41,7404000.0,0.023473466845,ATHENE HOLDING LTD,8594000,0.86153130090761
1936,06738ECS2,coupon_maturity_name,1.0,1,1,BARCLAYS PLC,US06738ECS28,4512000.0,0.015708168206,BARCLAYS PLC,7740000,0.5829457364341085
1937,161175CC6,coupon_maturity_size,0.3333333333333333,1,0,CHARTER COMM OPT LLC/CAP,US161175CC60,12719000.0,0.027264246226,CHARTER COMMUNICATIONS OPERATING L,12686000,1.0026012927636765
1938,68233JDL5,coupon_maturity_name,0.75,1,1,ONCOR ELECTRIC DELIVERY,US68233JDL52,8982000.0,0.029908457391,ONCOR ELECTRIC DELIVERY COMPANY LL 144A,7901000,1.1368181242880648
1939,87264ACV5,coupon_maturity_name,1.0,1,1,T-MOBILE USA INC,US87264ACV52,8263000.0,0.028227249398,T-MOBILE USA INC,7874000,1.0494030988061975
1940,20030NBU4,coupon_maturity_name,1.0,1,1,COMCAST CORP,US20030NBU46,11073000.0,0.025604931806,COMCAST CORPORATION,12272000,0.9022979139504563
1941,055451BJ6,coupon_maturity_name,0.6666666666666666,1,1,BHP BILLITON FIN USA LTD,US055451BJ63,10051000.0,0.03428758764,BHP BILLITON FINANCE (USA) LTD,7648000,1.3141997907949792
1942,842400GK3,coupon_maturity_name,1.0,1,1,SOUTHERN CAL EDISON,US842400GK35,9597000.0,0.024233907241,SOUTHERN CALIFORNIA EDISON COMPANY,10532000,0.9112229396126091
1943,969457BX7,coupon_maturity_name,1.0,1,1,WILLIAMS COMPANIES INC,US969457BX79,9804000.0,0.031325169902,WILLIAMS COMPANIES INC,8279000,1.1842009904577848
1944,134429BQ1,coupon_maturity_name,1.0,1,1,CAMPBELLS COMPANY/THE,US134429BQ17,6497000.0,0.020163762477,CAMPBELLS CO,8414000,0.7721654385547896
1945,58013MFM1,coupon_maturity_name,0.5,1,1,MCDONALD'S CORP,US58013MFM10,12562000.0,0.038754478901,MCDONALDS CORPORATION MTN,8526000,1.4733755571193994
1946,931142CB7,coupon_maturity_name,1.0,2,1,WALMART INC,US931142CB75,11337000.0,0.039526279746,WALMART INC,7571000,1.4974243825122178
1947,58013MGA6,coupon_maturity_name,0.5,1,1,MCDONALD'S CORP,US58013MGA62,9339000.0,0.031231841735,MCDONALDS CORPORATION MTN,7853000,1.189227046988412
1948,110122DL9,coupon_maturity_name,1.0,1,1,BRISTOL-MYERS SQUIBB CO,US110122DL93,8462000.0,0.02431049516,BRISTOL-MYERS SQUIBB CO,9293000,0.9105778542989347
1949,084670BK3,coupon_maturity_name,1.0,1,1,BERKSHIRE HATHAWAY INC,US084670BK32,9266000.0,0.028275908833,BERKSHIRE HATHAWAY INC,8729000,1.0615190743498684
1950,459200KU4,coupon_maturity_size,0.0,1,0,IBM CORP,US459200KU40,6124000.0,0.020127805813,INTERNATIONAL BUSINESS MACHINES CO,7999000,0.7655956994624328
1951,59156RCE6,coupon_maturity_name,1.0,1,1,METLIFE INC,US59156RCE62,7174000.0,0.02493594238,METLIFE INC,7698000,0.9319303715250714
1952,58933YBN4,coupon_maturity_name,1.0,1,1,MERCK & CO INC,US58933YBN40,7099000.0,0.021599917408,MERCK & CO INC,8893000,0.7982683009108288
1953,458140CL2,coupon_maturity_name,1.0,1,1,INTEL CORP,US458140CL20,6800000.0,0.022927762494,INTEL CORPORATION,7784000,0.8735868448098664
1954,606822CB8,coupon_maturity_name,1.0,1,1,MITSUBISHI UFJ FIN GRP,US606822CB88,5800000.0,0.017264339739,MITSUBISHI UFJ FINANCIAL GROUP INC,8844000,0.6558118498417006
1955,023135CQ7,coupon_maturity_name,1.0,1,1,AMAZON.COM INC,US023135CQ73,9978000.0,0.033844732013,AMAZON.COM INC,7777000,1.283014015687283
1956,78409VBK9,coupon_maturity_name,1.0,2,1,S&P GLOBAL INC,US78409VBK98,11821000.0,0.036178169374,S&P GLOBAL INC,8590000,1.3761350407450523
1957,25179MBH5,coupon_maturity_name,1.0,1,1,DEVON ENERGY CORPORATION,US25179MBH51,6836000.0,0.022172811759,DEVON ENERGY CORPORATION,8219000,0.8317313541793405
1958,91324PFB3,coupon_maturity_name,1.0,1,1,UNITEDHEALTH GROUP INC,US91324PFB31,8709000.0,0.029272534463,UNITEDHEALTH GROUP INC,7841000,1.1107001657951792
1959,06418GAW7,coupon_maturity_name,1.0,1,1,BANK OF NOVA SCOTIA,US06418GAW78,6704000.0,0.022120095339,BANK OF NOVA SCOTIA (FXD-FRN) MTN,7924000,0.8460373548712772
1960,718172DP1,coupon_maturity_name,0.5,1,1,PHILIP MORRIS INTL INC,US718172DP15,6948000.0,0.023436250054,PHILIP MORRIS INTERNATIONAL INC,7791000,0.8917982287254524
1961,00287YDA4,coupon_maturity_name,1.0,1,1,ABBVIE INC,US00287YDA47,6009000.0,0.018500624899,ABBVIE INC,8747000,0.6869783925917458
1962,58013MFW9,coupon_maturity_name,0.5,1,1,MCDONALD'S CORP,US58013MFW91,5608000.0,0.01798283174,MCDONALDS CORPORATION MTN,8220000,0.6822384428223844
1963,24703DBQ3,coupon_maturity_name,0.6666666666666666,1,1,DELL INT LLC / EMC CORP,US24703DBQ34,8071000.0,0.026635272161,DELL INTERNATIONAL LLC,7927000,1.0181657625835752
1964,639057AS7,coupon_maturity_name,1.0,1,1,NATWEST GROUP PLC,US639057AS70,9416000.0,0.031820373481,NATWEST GROUP PLC,7646000,1.2314935914203504
1965,375558CC5,coupon_maturity_name,1.0,1,1,GILEAD SCIENCES INC,US375558CC55,6846000.0,0.023211678336,GILEAD SCIENCES INC,7818000,0.8756715272448197
1966,24703TAM8,coupon_maturity_name,0.6666666666666666,1,1,DELL INT LLC / EMC CORP,US24703TAM80,6134000.0,0.020866401725,DELL INTERNATIONAL LLC,7670000,0.7997392438070404
1967,404119CZ0,coupon_maturity_name,1.0,1,1,HCA INC,US404119CZ09,7377000.0,0.025184923963,HCA INC,7583000,0.9728339707239879
1968,87612GAK7,coupon_maturity_name,1.0,1,1,TARGA RESOURCES CORP,US87612GAK76,7861000.0,0.026821967846,TARGA RESOURCES CORP,7639000,1.0290613954706114
1969,532457DQ8,coupon_maturity_name,1.0,1,1,ELI LILLY & CO,US532457DQ80,5994000.0,0.020196470813,ELI LILLY AND COMPANY,8017000,0.7476612199076962
1970,91324PFP2,coupon_maturity_name,1.0,1,1,UNITEDHEALTH GROUP INC,US91324PFP27,7607000.0,0.025605843543,UNITEDHEALTH GROUP INC,7841000,0.9701568677464609
1971,666807BS0,coupon_maturity_name,1.0,1,1,NORTHROP GRUMMAN CORP,US666807BS00,6937000.0,0.023201957999,NORTHROP GRUMMAN CORP,7806000,0.8886753779144247
1972,210385AQ3,coupon_maturity_name,0.4,2,1,CONSTELLATION EN GEN LLC,US210385AQ34,7852000.0,0.025999729856,CONSTELLATION ENERGY GENERATION LL,7949000,0.9877972071958737
1973,91159HJD3,coupon_maturity_name,1.0,1,1,US BANCORP,US91159HJD35,9926000.0,0.029664898316,US BANCORP MTN,8681000,1.1434166570671582
1974,03770DAL7,coupon_maturity_name,0.6,1,1,APOLLO DEBT SOLUTIONS BD,US03770DAL73,6260000.0,0.020690070105,APOLLO DEBT SOLUTIONS BDC 144A,7729000,0.8099366024065209
1975,902494BM4,coupon_maturity_name,1.0,2,1,TYSON FOODS INC,US902494BM45,9125000.0,0.031730605298,TYSON FOODS INC,7475000,1.2207357859531773
1976,14448CAS3,coupon_maturity_name,1.0,1,1,CARRIER GLOBAL CORP,US14448CAS35,10083000.0,0.024700916947,CARRIER GLOBAL CORP,10860000,0.9284530386740332
1977,341081GQ4,coupon_maturity_name,1.0,2,1,FLORIDA POWER & LIGHT CO,US341081GQ46,7961000.0,0.026766089995,FLORIDA POWER & LIGHT CO,7806000,1.0198565206251602
1978,969457CP3,coupon_maturity_name,1.0,1,1,WILLIAMS COMPANIES INC,US969457CP37,9573000.0,0.032907491034,WILLIAMS COMPANIES INC,7555000,1.2671078755790868
1979,855244BC2,coupon_maturity_name,1.0,1,1,STARBUCKS CORP,US855244BC24,7151000.0,0.021982555888,STARBUCKS CORPORATION,8421000,0.8491865574159838
1980,36828AAC5,coupon_maturity_name,1.0,1,1,GE VERNOVA INC,US36828AAC53,8506000.0,0.027634419119,GE VERNOVA INC,8070000,1.0540272614622057
1981,478160DJ0,coupon_maturity_name,1.0,1,1,JOHNSON & JOHNSON,US478160DJ00,9913000.0,0.03380109294,JOHNSON & JOHNSON,7568000,1.3098572938689217
1982,59156RBZ0,coupon_maturity_name,1.0,1,1,METLIFE INC,US59156RBZ01,9437000.0,0.031869442449,METLIFE INC,7678000,1.2290961187809326
1983,16411QAG6,coupon_maturity_name,1.0,1,1,CHENIERE ENERGY PARTNERS,US16411QAG64,6762000.0,0.022599812652,CHENIERE ENERGY PARTNERS LP,7721000,0.8757932910244787
1984,459200LK5,coupon_maturity_size,0.0,1,0,IBM CORP,US459200LK58,6319000.0,0.020371408638,INTERNATIONAL BUSINESS MACHINES CO,8399000,0.7523514704131444
1985,06051GHA0,coupon_maturity_name,1.0,1,1,BANK OF AMERICA CORP,US06051GHA04,12115000.0,0.031943165249,BANK OF AMERICA CORP MTN,9958000,1.216609760996184
1986,45866FAQ7,coupon_maturity_name,0.5,1,1,INTERCONTINENTALEXCHANGE,US45866FAQ72,13417000.0,0.026602280136,INTERCONTINENTAL EXCHANGE INC,13506000,0.9934103361468977
1987,665859AV6,coupon_maturity_name,1.0,1,1,NORTHERN TRUST CORP,US665859AV62,7089000.0,0.021685510719,NORTHERN TRUST CORPORATION,8515000,0.8325308279506752
1988,87612GAC5,coupon_maturity_name,1.0,1,1,TARGA RESOURCES CORP,US87612GAC50,6014000.0,0.021385370633,TARGA RESOURCES CORP,7269000,0.8273490163708901
1989,695114CZ9,coupon_maturity_name,1.0,1,1,PACIFICORP,US695114CZ98,7807000.0,0.023519420382,PACIFICORP,8876000,0.879562866155926
1990,37045XFJ0,coupon_maturity_name,0.6666666666666666,1,1,GENERAL MOTORS FINL CO,US37045XFJ00,9705000.0,0.033360736883,GENERAL MOTORS FINANCIAL COMPANY I,7623000,1.273120818575364
1991,816851BX6,coupon_maturity_name,1.0,3,1,SEMPRA,US816851BX66,5958000.0,0.019786866187,SEMPRA,7823000,0.7616004090502365
1992,89158TAC3,coupon_maturity_name,1.0,1,1,TOTALENERGI CAP USA LLC,US89158TAC36,7370000.0,0.024389637043,TOTALENERGIES CAPITAL USA LLC,8008000,0.9203296703296703
1993,037833EG1,coupon_maturity_name,1.0,1,1,APPLE INC,US037833EG11,13194000.0,0.025550175007,APPLE INC,13813000,0.9551871425468761
1994,03040WBF1,coupon_maturity_name,0.75,1,1,AMERICAN WATER CAPITAL C,US03040WBF14,6926000.0,0.023618899264,AMERICAN WATER CAPITAL CORP,7588000,0.9127569847127043
1995,09062XAD5,coupon_maturity_name,1.0,1,1,BIOGEN INC,US09062XAD57,7327000.0,0.022688763884,BIOGEN INC,8400000,0.8722619047619048
1996,12189LAS0,coupon_maturity_name,0.6,1,1,BURLINGTN NORTH SANTA FE,US12189LAS07,8946000.0,0.02787693346,BURLINGTON NORTHERN SANTA FE LLC,8416000,1.0629752851711027
1997,824348AX4,coupon_maturity_name,1.0,1,1,SHERWIN-WILLIAMS CO,US824348AX47,9590000.0,0.027055008638,SHERWIN-WILLIAMS COMPANY (THE),9410000,1.0191285866099893
1998,459200KY6,coupon_maturity_size,0.0,1,0,IBM CORP,US459200KY61,6320000.0,0.021191183588,INTERNATIONAL BUSINESS MACHINES CO,7735000,0.8170652876535229
1999,20030NEQ0,coupon_maturity_name,1.0,1,1,COMCAST CORP,US20030NEQ07,7714000.0,0.025554555535,COMCAST CORPORATION,8309000,0.928390901432182
2000,084659AR2,coupon_maturity_name,1.0,1,1,BERKSHIRE HATHAWAY ENERG,US084659AR23,6557000.0,0.018071000236,BERKSHIRE HATHAWAY ENERGY CO,9649000,0.6795522852109027
2001,756109BP8,coupon_maturity_name,1.0,1,1,REALTY INCOME CORP,US756109BP80,5759000.0,0.020150839141,REALTY INCOME CORPORATION,7390000,0.7792963464140731
2002,59156RAY4,coupon_maturity_name,1.0,1,1,METLIFE INC,US59156RAY45,7072000.0,0.024585983361,METLIFE INC,7419000,0.953228197870333
2003,37045XEG7,coupon_maturity_name,0.6666666666666666,1,1,GENERAL MOTORS FINL CO,US37045XEG79,9698000.0,0.033740482276,GENERAL MOTORS FINANCIAL COMPANY I,7376000,1.3148047722342733
2004,25243YBD0,coupon_maturity_name,1.0,1,1,DIAGEO CAPITAL PLC,US25243YBD04,8067000.0,0.024579394304,DIAGEO CAPITAL PLC,8467000,0.9527577654423054
2005,26875PAU5,coupon_maturity_name,1.0,1,1,EOG RESOURCES INC,US26875PAU57,6057000.0,0.020237648325,EOG RESOURCES INC,7689000,0.7877487319547405
2006,744448DC2,coupon_maturity_name,0.75,1,1,PUBLIC SERVICE COLORADO,US744448DC22,7178000.0,0.024044104787,PUBLIC SERVICE COMPANY OF COLORADO,7704000,0.931723779854621
2007,74834LBG4,coupon_maturity_name,1.0,1,1,QUEST DIAGNOSTICS INC,US74834LBG41,7210000.0,0.024084086907,QUEST DIAGNOSTICS INCORPORATED,7779000,0.9268543514590565
2008,902674A26,coupon_maturity_name,0.5,1,1,UBS AG LONDON,US902674A263,8042000.0,0.02323306863,UBS AG (LONDON BRANCH),9172000,0.8767989533362407
2009,244199BM6,coupon_maturity_name,1.0,1,1,DEERE & COMPANY,US244199BM65,6037000.0,0.020837821655,DEERE & CO,7737000,0.7802765929947008
2010,210385AU4,coupon_maturity_name,0.4,1,1,CONSTELLATION EN GEN LLC,US210385AU46,10971000.0,0.036682709677,CONSTELLATION ENERGY GENERATION LL,7751000,1.4154302670623145
2011,958667AG2,coupon_maturity_name,1.0,1,1,WESTERN MIDSTREAM OPERAT,US958667AG21,4744000.0,0.015941443161,WESTERN MIDSTREAM OPERATING LP,7701000,0.616023893000909
2012,91324PFR8,coupon_maturity_name,1.0,1,1,UNITEDHEALTH GROUP INC,US91324PFR82,5125000.0,0.017614641474,UNITEDHEALTH GROUP INC,7656000,0.6694096133751306
2013,80282KBQ8,coupon_maturity_name,1.0,1,1,SANTANDER HOLDINGS USA,US80282KBQ85,7036000.0,0.024217092755,SANTANDER HOLDINGS USA INC,7398000,0.9510678561773452
2014,907818GH5,coupon_maturity_name,1.0,1,1,UNION PACIFIC CORP,US907818GH52,9050000.0,0.030091672265,UNION PACIFIC CORPORATION,7921000,1.1425325085216513
2015,29273RBJ7,coupon_maturity_name,1.0,1,1,ENERGY TRANSFER LP,US29273RBJ77,7278000.0,0.0242821742,ENERGY TRANSFER LP,7854000,0.9266615737203973
2016,67066GAG9,coupon_maturity_name,1.0,1,1,NVIDIA CORP,US67066GAG91,7817000.0,0.021931627351,NVIDIA CORPORATION,9356000,0.8355066267635741
2017,83272GAF8,coupon_maturity_name,0.6,1,1,SMURFIT KAPPA TREASURY,US83272GAF81,8011000.0,0.026709369373,SMURFIT KAPPA TREASURY UNLIMITED C,7784000,1.0291623843782116
2018,337738BM9,coupon_maturity_name,1.0,1,1,FISERV INC,US337738BM99,4466000.0,0.01488608638,FISERV INC,7626000,0.5856281143456595
2019,83272YAB8,coupon_maturity_name,0.5,1,1,SMURFIT WESTROCK FIN,US83272YAB83,5766000.0,0.019545621609,SMURFIT WESTROCK FINANCING DAC,7669000,0.7518581301343069
2020,30040WAU2,coupon_maturity_name,1.0,1,1,EVERSOURCE ENERGY,US30040WAU27,7082000.0,0.023780832867,EVERSOURCE ENERGY,7653000,0.9253887364432248
2021,02079KAE7,coupon_maturity_name,1.0,1,1,ALPHABET INC,US02079KAE73,9047000.0,0.020207562214,ALPHABET INC,11726000,0.7715333447040764
2022,00206RDK5,coupon_maturity_name,1.0,1,1,AT&T INC,US00206RDK59,6987000.0,0.018982447124,AT&T INC,9675000,0.7221705426356589
2023,05971KAW9,coupon_maturity_name,1.0,1,1,BANCO SANTANDER SA,US05971KAW99,5686000.0,0.019061466386,BANCO SANTANDER SA,7624000,0.7458027282266527
2024,126650EJ5,coupon_maturity_name,1.0,1,1,CVS HEALTH CORP,US126650EJ50,6615000.0,0.022322400852,CVS HEALTH CORP,7550000,0.876158940397351
2025,337738BC1,coupon_maturity_name,1.0,1,1,FISERV INC,US337738BC18,9004000.0,0.027692880214,FISERV INC,8320000,1.0822115384615385
2026,58933YBL8,coupon_maturity_name,1.0,1,1,MERCK & CO INC,US58933YBL83,6435000.0,0.01997733171,MERCK & CO INC,8432000,0.7631641366223909
2027,032095AY7,coupon_maturity_name,1.0,1,1,AMPHENOL CORP,US032095AY74,5847000.0,0.019295048432,AMPHENOL CORPORATION,7768000,0.7527033985581875
2028,532457DC9,coupon_maturity_name,1.0,2,1,ELI LILLY & CO,US532457DC94,6943000.0,0.023169132984,ELI LILLY AND COMPANY,7646000,0.9080565001307873
2029,494550BU9,coupon_maturity_name,1.0,1,1,KINDER MORGAN ENER PART,US494550BU93,6775000.0,0.021833267272,KINDER MORGAN ENERGY PARTNERS LP,8015000,0.8452900810979413
2030,828807DH7,coupon_maturity_name,1.0,1,1,SIMON PROPERTY GROUP LP,US828807DH72,8530000.0,0.019724675949,SIMON PROPERTY GROUP LP,11294000,0.7552682840446254
2031,92857WCB4,coupon_maturity_name,1.0,1,1,VODAFONE GROUP PLC,US92857WCB46,6223000.0,0.020100366741,VODAFONE GROUP PLC,8344000,0.7458053691275168
2032,29379VCD3,coupon_maturity_name,1.0,1,1,ENTERPRISE PRODUCTS OPER,US29379VCD38,8940000.0,0.030918304818,ENTERPRISE PRODUCTS OPERATING LLC,7286000,1.2270107054625308
2033,251526DD8,coupon_maturity_name,0.6666666666666666,1,1,DEUTSCHE BANK NY,US251526DD89,8638000.0,0.028536479287,DEUTSCHE BANK AG (NEW YORK BRANCH),7741000,1.1158765017439607
2034,75513ECM1,coupon_maturity_size,0.0,1,0,RTX CORP,US75513ECM12,7721000.0,0.022640900346,RAYTHEON TECHNOLOGIES CORPORATION,8685000,0.8890040299366724
2035,92556VAF3,coupon_maturity_name,1.0,1,1,VIATRIS INC,US92556VAF31,10275000.0,0.023567899075,VIATRIS INC,11275000,0.9113082039911308
2036,86562MDS6,coupon_maturity_name,0.6666666666666666,1,1,SUMITOMO MITSUI FINL GRP,US86562MDS61,7091000.0,0.024249599028,SUMITOMO MITSUI FINANCIAL GROUP IN,7397000,0.9586318777882925
2037,45866FAY0,coupon_maturity_name,0.5,1,1,INTERCONTINENTALEXCHANGE,US45866FAY07,8484000.0,0.025972311602,INTERCONTINENTAL EXCHANGE INC,8678000,0.9776446185757087
2038,209111GG2,coupon_maturity_name,0.6,1,1,CON EDISON CO OF NY INC,US209111GG25,8479000.0,0.028805885906,CONSOLIDATED EDISON COMPANY OF NEW,7692000,1.1023140925637025
2039,606822CD4,coupon_maturity_name,1.0,1,1,MITSUBISHI UFJ FIN GRP,US606822CD45,8142000.0,0.02452239963,MITSUBISHI UFJ FINANCIAL GROUP INC,8503000,0.9575443960954957
2040,59156RAM0,coupon_maturity_name,1.0,1,1,METLIFE INC,US59156RAM07,7871000.0,0.027626694033,METLIFE INC,7347000,1.0713216278753233
2041,00287YEA3,coupon_maturity_name,1.0,1,1,ABBVIE INC,US00287YEA38,5828000.0,0.01992462768,ABBVIE INC,7434000,0.7839655636265805
2042,210385AE0,coupon_maturity_name,0.4,1,1,CONSTELLATION EN GEN LLC,US210385AE04,8302000.0,0.029883777907,CONSTELLATION ENERGY GENERATION LL,7124000,1.16535654126895
2043,126650DG2,coupon_maturity_name,1.0,1,1,CVS HEALTH CORP,US126650DG21,8896000.0,0.028645363256,CVS HEALTH CORP,7804000,1.1399282419272168
2044,015271AR0,coupon_maturity_name,0.5,1,1,ALEXANDRIA REAL ESTATE E,US015271AR09,5741000.0,0.017786895124,ALEXANDRIA REAL ESTATE EQUITIES IN,8145000,0.7048496009821976
2045,882508CJ1,coupon_maturity_name,1.0,1,1,TEXAS INSTRUMENTS INC,US882508CJ13,6650000.0,0.021057151238,TEXAS INSTRUMENTS INC,8144000,0.8165520628683693
2046,37045VAT7,coupon_maturity_name,1.0,1,1,GENERAL MOTORS CO,US37045VAT70,6944000.0,0.022421245709,GENERAL MOTORS CO,7920000,0.8767676767676768
2047,10112RBH6,coupon_maturity_name,1.0,1,1,BOSTON PROPERTIES LP,US10112RBH66,5812000.0,0.020688306431,BOSTON PROPERTIES LP,7212000,0.8058790904048807
2048,20030NEP2,coupon_maturity_name,1.0,2,1,COMCAST CORP,US20030NEP24,6742000.0,0.023029513568,COMCAST CORPORATION,7603000,0.886755228199395
2049,458140AK6,coupon_maturity_name,1.0,1,1,INTEL CORP,US458140AK64,6168000.0,0.018581219572,INTEL CORPORATION,8536000,0.7225866916588566
2050,314352AG0,coupon_maturity_name,1.0,3,1,FEDEX FREIGHT HOLDING CO,US314352AG01,7241000.0,0.023729940996,FEDEX FREIGHT HOLDING COMPANY INC 144A,7697000,0.9407561387553592
2051,37940XAX0,coupon_maturity_name,1.0,1,1,GLOBAL PAYMENTS INC,US37940XAX03,7129000.0,0.023481892807,GLOBAL PAYMENTS INC,7731000,0.9221316776613634
2052,06418GAZ0,coupon_maturity_name,1.0,1,1,BANK OF NOVA SCOTIA,US06418GAZ00,6295000.0,0.020848533742,BANK OF NOVA SCOTIA (FXD-FRN) MTN,7585000,0.8299274884640738
2053,037833EP1,coupon_maturity_name,1.0,1,1,APPLE INC,US037833EP10,10796000.0,0.034463514595,APPLE INC,7949000,1.3581582589004906
2054,191216CX6,coupon_maturity_name,1.0,1,1,COCA-COLA CO/THE,US191216CX63,11680000.0,0.024023140108,COCA-COLA CO,12650000,0.9233201581027668
2055,00287YDV8,coupon_maturity_name,1.0,1,1,ABBVIE INC,US00287YDV83,10414000.0,0.034191722801,ABBVIE INC,7804000,1.3344438749359302
2056,925650AH6,coupon_maturity_name,1.0,1,1,VICI PROPERTIES LP,US925650AH69,6146000.0,0.020572385091,VICI PROPERTIES LP,7583000,0.8104971647105367
2057,191216DC1,coupon_maturity_name,1.0,1,1,COCA-COLA CO/THE,US191216DC18,11973000.0,0.023880128052,COCA-COLA CO,12938000,0.9254135105889627
2058,458140AN0,coupon_maturity_name,1.0,1,1,INTEL CORP,US458140AN04,5793000.0,0.018381595917,INTEL CORPORATION,8042000,0.7203431982094006
2059,501044DG3,coupon_maturity_name,1.0,1,1,KROGER CO,US501044DG38,6458000.0,0.017950329631,KROGER CO,9131000,0.7072609790822473
2060,032654AV7,coupon_maturity_name,1.0,1,1,ANALOG DEVICES INC,US032654AV70,13088000.0,0.038796817354,ANALOG DEVICES INC,8545000,1.5316559391456992
2061,113004AA3,coupon_maturity_name,1.0,1,1,BROOKFIELD ASSET MANAGEM,US113004AA39,5939000.0,0.020387471614,BROOKFIELD ASSET MANAGEMENT LTD,7382000,0.8045245191005148
2062,219350BQ7,coupon_maturity_name,1.0,1,1,CORNING INC,US219350BQ76,7094000.0,0.022054887646,CORNING INC,8416000,0.8429182509505704
2063,053015AJ2,coupon_maturity_name,0.5,1,1,AUTOMATIC DATA PROCESSNG,US053015AJ27,9842000.0,0.033166957559,AUTOMATIC DATA PROCESSING INC,7505000,1.3113924050632912
2064,404119DA4,coupon_maturity_name,1.0,1,1,HCA INC,US404119DA49,7873000.0,0.02709004,HCA INC,7278000,1.081753228909041
2065,58013MFT6,coupon_maturity_name,0.5,1,1,MCDONALD'S CORP,US58013MFT62,5437000.0,0.016685253742,MCDONALDS CORPORATION MTN,8318000,0.6536427025727338
2066,04316JAL3,coupon_maturity_name,1.0,1,1,ARTHUR J GALLAGHER & CO,US04316JAL35,5211000.0,0.017639948302,ARTHUR J GALLAGHER & CO,7476000,0.6970304975922953
2067,13607HR53,coupon_maturity_name,0.6,1,1,CANADIAN IMPERIAL BANK,US13607HR535,4917000.0,0.015536768575,CANADIAN IMPERIAL BANK OF COMMERCE,8019000,0.6131687242798354
2068,084664CV1,coupon_maturity_name,1.0,1,1,BERKSHIRE HATHAWAY FIN,US084664CV10,12373000.0,0.026415693608,BERKSHIRE HATHAWAY FINANCE CORP,12169000,1.0167639082915605
2069,11271LAB8,coupon_maturity_name,1.0,1,1,BROOKFIELD FINANCE INC,US11271LAB80,7514000.0,0.021478835893,BROOKFIELD FINANCE INC,8985000,0.836282693377852
2070,12189LBG5,coupon_maturity_name,0.6,1,1,BURLINGTN NORTH SANTA FE,US12189LBG59,5210000.0,0.011936562162,BURLINGTON NORTHERN SANTA FE LLC,11190000,0.46559428060768543
2071,89417EAS8,coupon_maturity_name,1.0,1,1,TRAVELERS COS INC,US89417EAS81,7050000.0,0.023003562439,TRAVELERS COMPANIES INC,7968000,0.884789156626506
2072,30231GAZ5,coupon_maturity_name,1.0,1,1,EXXON MOBIL CORPORATION,US30231GAZ54,9022000.0,0.020591139091,EXXON MOBIL CORP,11274000,0.8002483590562356
2073,65535HBA6,coupon_maturity_name,1.0,1,1,NOMURA HOLDINGS INC,US65535HBA68,8179000.0,0.024832971908,NOMURA HOLDINGS INC,8396000,0.9741543592186755
2074,22822VBC4,coupon_maturity_name,1.0,1,1,CROWN CASTLE INC,US22822VBC46,6010000.0,0.020050276106,CROWN CASTLE INC,7583000,0.7925623104312277
2075,92826CAK8,coupon_maturity_name,1.0,1,1,VISA INC,US92826CAK80,9295000.0,0.023669718006,VISA INC,10015000,0.9281078382426361
2076,50540RBB7,coupon_maturity_name,1.0,1,1,LABORATORY CORP OF AMER,US50540RBB78,6960000.0,0.022816346922,LABORATORY CORPORATION OF AMERICA,7683000,0.9058961343225302
2077,40434LAN5,coupon_maturity_name,1.0,1,1,HP INC,US40434LAN55,7500000.0,0.025823592779,HP INC,7407000,1.012555690562981
2078,816851AP4,coupon_maturity_name,1.0,1,1,SEMPRA,US816851AP42,6864000.0,0.023638071091,SEMPRA,7309000,0.9391161581611711
2079,31428XDW3,coupon_maturity_name,1.0,1,1,FEDEX CORP,US31428XDW39,6087000.0,0.018876839015,FEDEX CORP,8229000,0.7397010572366023
2080,87612GAN1,coupon_maturity_name,1.0,1,1,TARGA RESOURCES CORP,US87612GAN16,7864000.0,0.026475317021,TARGA RESOURCES CORP,7635000,1.0299934512115259
2081,594918CW2,coupon_maturity_name,1.0,1,1,MICROSOFT CORP,US594918CW29,12095000.0,0.024179426643,MICROSOFT CORPORATION,13127000,0.9213834082425535
2082,797440CG7,coupon_maturity_size,0.3333333333333333,1,0,SAN DIEGO G & E,US797440CG74,7920000.0,0.027105568438,SAN DIEGO GAS & ELECTRIC CO,7362000,1.075794621026895
2083,30161NBV2,coupon_maturity_name,1.0,2,1,EXELON CORP,US30161NBV29,6119000.0,0.019990977814,EXELON CORPORATION,7686000,0.7961228207129847
2084,74340XCR0,coupon_maturity_name,1.0,2,1,PROLOGIS LP,US74340XCR08,5333000.0,0.018143401532,PROLOGIS LP,7464000,0.7144962486602358
2085,25245BAC1,coupon_maturity_name,1.0,1,1,DIAGEO INVESTMENT CORP,US25245BAC19,5523000.0,0.018881836041,DIAGEO INVESTMENT CORPORATION,7247000,0.7621084586725542
2086,026874DP9,coupon_maturity_size,0.3333333333333333,1,0,AMERICAN INTL GROUP,US026874DP97,8359000.0,0.023130920078,AMERICAN INTERNATIONAL GROUP INC,9308000,0.8980446927374302
2087,,no_coupon_maturity_candidates,,0,0,,,,,MIZUHO FINANCIAL GROUP (FXD-FXD),7550000,
2088,149123BS9,coupon_maturity_name,1.0,1,1,CATERPILLAR INC,US149123BS95,6511000.0,0.021878163417,CATERPILLAR INC,7577000,0.8593110729840306
2089,67103HAL1,coupon_maturity_size,0.25,1,0,O'REILLY AUTOMOTIVE INC,US67103HAL15,5921000.0,0.019741408273,OREILLY AUTOMOTIVE INC,7555000,0.7837193911317009
2090,375558CD3,coupon_maturity_name,1.0,1,1,GILEAD SCIENCES INC,US375558CD39,9213000.0,0.030232381408,GILEAD SCIENCES INC,7842000,1.1748278500382556
2091,037833CH1,coupon_maturity_name,1.0,1,1,APPLE INC,US037833CH12,9133000.0,0.025935001602,APPLE INC,8990000,1.0159065628476085
2092,444859CD2,coupon_maturity_name,1.0,1,1,HUMANA INC,US444859CD21,5904000.0,0.019830213245,HUMANA INC,7473000,0.7900441589723003
2093,046353AW8,coupon_maturity_name,1.0,1,1,ASTRAZENECA PLC,US046353AW81,5494000.0,0.01630070553,ASTRAZENECA PLC,8450000,0.6501775147928994
2094,49456BAG6,coupon_maturity_name,1.0,1,1,KINDER MORGAN INC,US49456BAG68,5895000.0,0.020033728016,KINDER MORGAN INC,7458000,0.7904263877715205
2095,00206RHK1,coupon_maturity_name,1.0,1,1,AT&T INC,US00206RHK14,7687000.0,0.024093047407,AT&T INC,8062000,0.9534854874720913
2096,87612BBU5,coupon_maturity_name,1.0,1,1,TARGA RESOURCES PARTNERS,US87612BBU52,7913000.0,0.025303437008,TARGA RESOURCES PARTNERS LP,7904000,1.0011386639676114
2097,91324PDL3,coupon_maturity_name,1.0,1,1,UNITEDHEALTH GROUP INC,US91324PDL31,9792000.0,0.026625645939,UNITEDHEALTH GROUP INC,9438000,1.0375079465988557
2098,,no_coupon_maturity_candidates,,0,0,,,,,MIZUHO FINANCIAL GROUP (FXD-FXD),7611000,
2099,29273VAT7,coupon_maturity_name,1.0,1,1,ENERGY TRANSFER LP,US29273VAT70,8968000.0,0.032065592881,ENERGY TRANSFER LP,7028000,1.2760387023335231
2100,694308KT3,coupon_maturity_name,1.0,1,1,PACIFIC GAS & ELECTRIC,US694308KT38,5475000.0,0.017358343868,PACIFIC GAS AND ELECTRIC COMPANY,7983000,0.6858323938369034
2101,863667BF7,coupon_maturity_name,1.0,1,1,STRYKER CORP,US863667BF72,5254000.0,0.01723085518,STRYKER CORPORATION,7605000,0.6908612754766601
2102,37940XAQ5,coupon_maturity_name,1.0,1,1,GLOBAL PAYMENTS INC,US37940XAQ51,6214000.0,0.020877643045,GLOBAL PAYMENTS INC,7358000,0.8445229681978799
2103,49271VAR1,coupon_maturity_name,1.0,1,1,KEURIG DR PEPPER INC,US49271VAR15,8835000.0,0.023590021506,KEURIG DR PEPPER INC,9451000,0.9348217119881495
2104,46590XAP1,coupon_maturity_name,0.4,1,1,JBS NV/USA FOODS/FOOD CO,US46590XAP15,7803000.0,0.023290166082,JBS USA LUX SA,8400000,0.9289285714285714
2105,29390XAH7,coupon_maturity_name,0.42857142857142855,2,1,EQUINIX EU 2 FINANCING C,US29390XAH70,8378000.0,0.027536095672,EQUINIX EUROPE 2 FINANCING CORPORA,7599000,1.1025134886169232
2106,855244AU3,coupon_maturity_name,1.0,1,1,STARBUCKS CORP,US855244AU31,7112000.0,0.019622825892,STARBUCKS CORPORATION,9144000,0.7777777777777778
2107,857477BG7,coupon_maturity_name,1.0,1,1,STATE STREET CORP,US857477BG73,3175000.0,0.00997949441,STATE STREET CORP,7906000,0.40159372628383505
2108,24703TAP1,coupon_maturity_name,0.6666666666666666,1,1,DELL INT LLC / EMC CORP,US24703TAP12,7618000.0,0.026149866448,DELL INTERNATIONAL LLC,7260000,1.0493112947658403
2109,03027XCF5,coupon_maturity_name,1.0,2,1,AMERICAN TOWER CORP,US03027XCF50,6772000.0,0.023864839452,AMERICAN TOWER CORPORATION,7147000,0.9475304323492374
2110,,no_coupon_maturity_candidates,,0,0,,,,,PNC FINANCIAL SERVICES GROUP INC,7470000,
2111,377372AQ0,coupon_maturity_name,1.0,1,1,GLAXOSMITHKLINE CAP INC,US377372AQ02,7435000.0,0.024834986735,GLAXOSMITHKLINE CAPITAL INC,7513000,0.9896179954745109
2112,94106BAG6,coupon_maturity_name,1.0,1,1,WASTE CONNECTIONS INC,US94106BAG68,7332000.0,0.024683590856,WASTE CONNECTIONS INC,7360000,0.996195652173913
2113,87264ADD4,coupon_maturity_name,1.0,1,1,T-MOBILE USA INC,US87264ADD46,9825000.0,0.032930644231,T-MOBILE USA INC,7774000,1.263828145099048
2114,548661EE3,coupon_maturity_name,0.5,1,1,LOWE'S COS INC,US548661EE32,6793000.0,0.016244529385,LOWES COMPANIES INC,10553000,0.6437032123566758
2115,14149YBS6,coupon_maturity_name,1.0,1,1,CARDINAL HEALTH INC,US14149YBS63,5748000.0,0.019514699241,CARDINAL HEALTH INC,7368000,0.7801302931596091
2116,961214EY5,coupon_maturity_name,1.0,1,1,WESTPAC BANKING CORP,US961214EY50,9095000.0,0.022532938455,WESTPAC BANKING CORP,10155000,0.8956179222058099
2117,361448BR3,coupon_maturity_name,1.0,1,1,GATX CORP,US361448BR38,7133000.0,0.024230428411,GATX CORPORATION,7533000,0.9469003053232444
2118,00774MBP9,coupon_maturity_name,0.6,1,1,AERCAP IRELAND CAP/GLOBA,US00774MBP95,7494000.0,0.025644502344,AERCAP IRELAND CAPITAL DAC,7321000,1.0236306515503346
2119,24703TAG1,coupon_maturity_name,0.6666666666666666,1,1,DELL INT LLC / EMC CORP,US24703TAG13,8438000.0,0.028925982521,DELL INTERNATIONAL LLC,7208000,1.170643729189789
2120,747525BR3,coupon_maturity_name,1.0,1,1,QUALCOMM INC,US747525BR34,6223000.0,0.0174948451,QUALCOMM INCORPORATED,9204000,0.6761190786614515
2121,11271LAL6,coupon_maturity_name,1.0,1,1,BROOKFIELD FINANCE INC,US11271LAL62,6468000.0,0.021551523798,BROOKFIELD FINANCE INC,7571000,0.8543125082551842
2122,20030NCJ8,coupon_maturity_name,1.0,1,1,COMCAST CORP,US20030NCJ81,9026000.0,0.026034152812,COMCAST CORPORATION,8829000,1.0223128327103863
2123,60687YBH1,coupon_maturity_name,1.0,1,1,MIZUHO FINANCIAL GROUP,US60687YBH18,10259000.0,0.031124210808,MIZUHO FINANCIAL GROUP INC,8227000,1.2469916129816458
2124,458140AT7,coupon_maturity_name,1.0,1,1,INTEL CORP,US458140AT73,6126000.0,0.017982133819,INTEL CORPORATION,8589000,0.7132378623821166
2125,60687YBU2,coupon_maturity_name,1.0,1,1,MIZUHO FINANCIAL GROUP,US60687YBU29,6122000.0,0.018201962886,MIZUHO FINANCIAL GROUP INC,8311000,0.7366141258572976
2126,06738EBR5,coupon_maturity_name,1.0,1,1,BARCLAYS PLC,US06738EBR53,8671000.0,0.026239008126,BARCLAYS PLC,8175000,1.0606727828746176
2127,26442UAV6,coupon_maturity_name,1.0,1,1,DUKE ENERGY PROGRESS LLC,US26442UAV61,4707000.0,0.015327609859,DUKE ENERGY PROGRESS LLC,7690000,0.6120936280884265
2128,98978VAX1,coupon_maturity_name,1.0,1,1,ZOETIS INC,US98978VAX10,6567000.0,0.021779323798,ZOETIS INC,7428000,0.8840872374798061
2129,744320BA9,coupon_maturity_name,1.0,1,1,PRUDENTIAL FINANCIAL INC,US744320BA94,6591000.0,0.016809898633,PRUDENTIAL FINANCIAL INC,9988000,0.6598918702442932
2130,58013MEC4,coupon_maturity_name,0.5,1,1,MCDONALD'S CORP,US58013MEC47,6737000.0,0.024664070606,MCDONALDS CORPORATION MTN,6784000,0.9930719339622641
2131,02344AAH1,coupon_maturity_name,0.6,1,1,AMCOR FLEXIBLES NORTH AM,US02344AAH14,8310000.0,0.028314853371,AMCOR FLEXIBLES NORTH AMERICA INC,7215000,1.1517671517671517
2132,49327V2C7,coupon_maturity_name,0.5,1,1,KEYBANK NATIONAL ASSN,US49327V2C76,7333000.0,0.024199283464,KEYBANK NATIONAL ASSOCIATION,7427000,0.9873434765046453
2133,14448CAL8,coupon_maturity_name,1.0,1,1,CARRIER GLOBAL CORP,US14448CAL81,8380000.0,0.025877314111,CARRIER GLOBAL CORP,7996000,1.048024012006003
2134,406216BE0,coupon_maturity_name,1.0,1,1,HALLIBURTON CO,US406216BE02,6040000.0,0.018041250126,HALLIBURTON COMPANY,8383000,0.7205057855183109
2135,278642AZ6,coupon_maturity_name,1.0,1,1,EBAY INC,US278642AZ62,6919000.0,0.016902425261,EBAY INC,10379000,0.6666345505347336
2136,83272YAC6,coupon_maturity_name,0.5,1,1,SMURFIT WESTROCK FIN,US83272YAC66,7512000.0,0.024926182725,SMURFIT WESTROCK FINANCING DAC,7561000,0.9935193757439492
2137,345397G98,coupon_maturity_name,1.0,1,1,FORD MOTOR CREDIT CO LLC,US345397G982,5686000.0,0.019815376954,FORD MOTOR CREDIT COMPANY LLC,7037000,0.8080147790251527
2138,666807BU5,coupon_maturity_name,1.0,1,1,NORTHROP GRUMMAN CORP,US666807BU55,8500000.0,0.026745713443,NORTHROP GRUMMAN CORP,8015000,1.0605115408608858
2139,75513ECP4,coupon_maturity_size,0.0,1,0,RTX CORP,US75513ECP43,8817000.0,0.019064368506,RAYTHEON TECHNOLOGIES CORPORATION,11702000,0.7534609468466928
2140,025816BF5,coupon_maturity_name,1.0,1,1,AMERICAN EXPRESS CO,US025816BF52,7743000.0,0.021848992199,AMERICAN EXPRESS COMPANY,8888000,0.8711746174617462
2141,053015AH6,coupon_maturity_name,0.5,1,1,AUTOMATIC DATA PROCESSNG,US053015AH60,4941000.0,0.016223962991,AUTOMATIC DATA PROCESSING INC,7525000,0.6566112956810631
2142,92343VBT0,coupon_maturity_name,1.0,1,1,VERIZON COMMUNICATIONS,US92343VBT08,6392000.0,0.023231193885,VERIZON COMMUNICATIONS INC,6904000,0.9258400926998841
2143,,no_coupon_maturity_candidates,,0,0,,,,,SBA COMMUNICATIONS CORP,7400000,
2144,12189LBJ9,coupon_maturity_name,0.6,1,1,BURLINGTN NORTH SANTA FE,US12189LBJ98,5922000.0,0.016494970069,BURLINGTON NORTHERN SANTA FE LLC,9175000,0.6454495912806539
2145,718172DN6,coupon_maturity_name,0.5,1,1,PHILIP MORRIS INTL INC,US718172DN66,4346000.0,0.014659554062,PHILIP MORRIS INTERNATIONAL INC,7289000,0.5962409109617232
2146,713448FZ6,coupon_maturity_name,1.0,1,1,PEPSICO INC,US713448FZ69,6014000.0,0.019436903071,PEPSICO INC,7878000,0.7633917237877634
2147,65339KDM9,coupon_maturity_name,0.75,1,1,NEXTERA ENERGY CAPITAL,US65339KDM99,7081000.0,0.023520007266,NEXTERA ENERGY CAPITAL HOLDINGS IN,7507000,0.9432529639003596
2148,161175CT9,coupon_maturity_size,0.3333333333333333,1,0,CHARTER COMM OPT LLC/CAP,US161175CT95,5727000.0,0.018229011161,CHARTER COMMUNICATIONS OPERATING L,7995000,0.7163227016885554
2149,89236TQB4,coupon_maturity_name,1.0,1,1,TOYOTA MOTOR CREDIT CORP,US89236TQB43,7296000.0,0.024400792609,TOYOTA MOTOR CREDIT CORP MTN,7391000,0.987146529562982
2150,126650DX5,coupon_maturity_name,1.0,1,1,CVS HEALTH CORP,US126650DX53,6207000.0,0.021249521189,CVS HEALTH CORP,7086000,0.8759525825571549
2151,036752BC6,coupon_maturity_name,1.0,1,1,ELEVANCE HEALTH INC,US036752BC66,5930000.0,0.020034095713,ELEVANCE HEALTH INC,7290000,0.813443072702332
2152,049463AG7,coupon_maturity_name,1.0,1,1,ATLAS WAREHOUSE LEND,US049463AG74,5898000.0,0.019455753369,ATLAS WAREHOUSE LENDING COMPANY LP 144A,7415000,0.7954146999325691
2153,65339KDK3,coupon_maturity_name,0.75,1,1,NEXTERA ENERGY CAPITAL,US65339KDK34,1448000.0,0.004973682668,NEXTERA ENERGY CAPITAL HOLDINGS IN,7127000,0.2031710397081521
2154,91324PDQ2,coupon_maturity_name,1.0,1,1,UNITEDHEALTH GROUP INC,US91324PDQ28,6681000.0,0.018661153022,UNITEDHEALTH GROUP INC,9014000,0.7411803860661194
2155,74340XCJ8,coupon_maturity_name,1.0,2,1,PROLOGIS LP,US74340XCJ81,7908000.0,0.026545722898,PROLOGIS LP,7321000,1.0801803032372628
2156,571903BF9,coupon_maturity_name,1.0,1,1,MARRIOTT INTERNATIONAL,US571903BF91,9207000.0,0.028526839668,MARRIOTT INTERNATIONAL INC,7945000,1.1588420390182506
2157,74834LBD1,coupon_maturity_name,1.0,1,1,QUEST DIAGNOSTICS INC,US74834LBD10,5470000.0,0.019951122412,QUEST DIAGNOSTICS INCORPORATED,6784000,0.8063089622641509
2158,87612GAT8,coupon_maturity_name,1.0,1,1,TARGA RESOURCES CORP,US87612GAT85,7565000.0,0.024869688913,TARGA RESOURCES CORP,7409000,1.0210554730732893
2159,927804GY4,coupon_maturity_name,0.75,1,1,VIRGINIA ELEC & POWER CO,US927804GY48,6040000.0,0.019968084064,VIRGINIA ELECTRIC AND POWER COMPAN,7534000,0.80169896469339
2160,29273VBJ8,coupon_maturity_name,1.0,1,1,ENERGY TRANSFER LP,US29273VBJ89,9061000.0,0.03014138775,ENERGY TRANSFER LP,7441000,1.217712673027819
2161,713448GJ1,coupon_maturity_name,1.0,1,1,PEPSICO INC,US713448GJ19,6786000.0,0.022926173922,PEPSICO INC,7179000,0.9452569995821145
2162,79466LAK0,coupon_maturity_name,1.0,1,1,SALESFORCE INC,US79466LAK08,12916000.0,0.029939318985,SALESFORCE INC,11071000,1.1666516123204769
2163,231021AW6,coupon_maturity_name,1.0,1,1,CUMMINS INC,US231021AW65,7127000.0,0.024378834502,CUMMINS INC,7134000,0.9990187832912812
2164,30161MAG8,coupon_maturity_size,0.25,1,0,CONSTELLATION EN GEN LLC,US30161MAG87,5705000.0,0.020212188253,EXELON GENERATION CO LLC,6924000,0.8239456961294049
2165,929160BC2,coupon_maturity_name,1.0,1,1,VULCAN MATERIALS CO,US929160BC27,6221000.0,0.021274890872,VULCAN MATERIALS COMPANY,7244000,0.8587796797349531
2166,20030NCN9,coupon_maturity_name,1.0,1,1,COMCAST CORP,US20030NCN93,8300000.0,0.022869076706,COMCAST CORPORATION,9461000,0.8772856991861325
2167,59156RBG2,coupon_maturity_name,1.0,1,1,METLIFE INC,US59156RBG20,6684000.0,0.020624460333,METLIFE INC,8048000,0.8305168986083499
2168,717081EC3,coupon_maturity_name,1.0,1,1,PFIZER INC,US717081EC37,6530000.0,0.020168001748,PFIZER INC,8059000,0.810274227571659
2169,031162DE7,coupon_maturity_name,1.0,1,1,AMGEN INC,US031162DE75,5427000.0,0.016942613003,AMGEN INC,7796000,0.6961262185736276
2170,49456BBB6,coupon_maturity_name,1.0,1,1,KINDER MORGAN INC,US49456BBB62,9997000.0,0.034266010325,KINDER MORGAN INC,7152000,1.3977908277404922
2171,23338VBA3,coupon_maturity_name,1.0,1,1,DTE ELECTRIC CO,US23338VBA35,6731000.0,0.022059658837,DTE ELECTRIC COMPANY,7558000,0.8905795183911087
2172,723787AQ0,coupon_maturity_name,1.0,1,1,PIONEER NATURAL RESOURCE,US723787AQ06,7071000.0,0.021423278093,PIONEER NATURAL RESOURCES COMPANY,8071000,0.8760996159088094
2173,695114DP0,coupon_maturity_name,1.0,1,1,PACIFICORP,US695114DP08,5244000.0,0.017929715726,PACIFICORP,7133000,0.7351745408663957
2174,459200HF1,coupon_maturity_size,0.0,1,0,IBM CORP,US459200HF10,7990000.0,0.022031083401,INTERNATIONAL BUSINESS MACHINES CO,9306000,0.8585858585858586
2175,62954HAU2,coupon_maturity_name,0.75,1,1,NXP BV/NXP FDG/NXP USA,US62954HAU23,5851000.0,0.014963394549,NXP BV / NXP FUNDING LLC / NXP USA,9820000,0.5958248472505092
2176,30231GAN2,coupon_maturity_name,1.0,1,1,EXXON MOBIL CORPORATION,US30231GAN25,7518000.0,0.019634899104,EXXON MOBIL CORP,9525000,0.7892913385826772
2177,29379VAY9,coupon_maturity_name,1.0,1,1,ENTERPRISE PRODUCTS OPER,US29379VAY92,7982000.0,0.023443887672,ENTERPRISE PRODUCTS OPERATING LLC,8328000,0.9584534101825168
2178,036752AP8,coupon_maturity_name,1.0,1,1,ELEVANCE HEALTH INC,US036752AP88,6642000.0,0.020232684204,ELEVANCE HEALTH INC,7997000,0.8305614605477054
2179,260543DC4,coupon_maturity_name,1.0,1,1,DOW CHEMICAL CO/THE,US260543DC49,5577000.0,0.016566660382,DOW CHEMICAL CO,8220000,0.6784671532846716
2180,06738EBM6,coupon_maturity_name,1.0,1,1,BARCLAYS PLC,US06738EBM66,11473000.0,0.035356803903,BARCLAYS PLC,7954000,1.4424189087251698
2181,459200LH2,coupon_maturity_size,0.0,1,0,IBM CORP,US459200LH20,5696000.0,0.019334716477,INTERNATIONAL BUSINESS MACHINES CO,7161000,0.7954196341293116
2182,27636AAA0,coupon_maturity_name,1.0,1,1,EASTERN ENERGY GAS,US27636AAA07,6897000.0,0.022098332547,EASTERN ENERGY GAS HOLDINGS LLC,7728000,0.8924689440993789
2183,37045XFG6,coupon_maturity_name,0.6666666666666666,1,1,GENERAL MOTORS FINL CO,US37045XFG60,5583000.0,0.019261395084,GENERAL MOTORS FINANCIAL COMPANY I,7089000,0.7875581887431231
2184,76720AAW6,coupon_maturity_name,0.6666666666666666,1,1,RIO TINTO FIN USA PLC,US76720AAW62,5050000.0,0.017334219605,RIO TINTO FINANCE (USA) PLC,7246000,0.6969362406845155
2185,797440CD4,coupon_maturity_size,0.3333333333333333,1,0,SAN DIEGO G & E,US797440CD44,5810000.0,0.018241410468,SAN DIEGO GAS & ELECTRIC CO,7893000,0.7360952742936779
2186,126650CD0,coupon_maturity_name,1.0,1,1,CVS HEALTH CORP,US126650CD09,10934000.0,0.034056920642,CVS HEALTH CORP,7957000,1.374135980897323
2187,92826CAZ5,coupon_maturity_name,1.0,1,1,VISA INC,US92826CAZ59,6264000.0,0.02090885642,VISA INC,7253000,0.8636426306355991
2188,337738BN7,coupon_maturity_name,1.0,1,1,FISERV INC,US337738BN72,7823000.0,0.025580529361,FISERV INC,7398000,1.057447958907813
2189,832696AZ1,coupon_maturity_size,0.25,1,0,JM SMUCKER CO,US832696AZ12,6416000.0,0.023221359254,J M SMUCKER CO,6788000,0.9451974071891573
2190,375558CA9,coupon_maturity_name,1.0,1,1,GILEAD SCIENCES INC,US375558CA99,6670000.0,0.022059606693,GILEAD SCIENCES INC,7507000,0.8885040628746503
2191,30212PBL8,coupon_maturity_name,1.0,2,1,EXPEDIA GROUP INC,US30212PBL85,7846000.0,0.026202054272,EXPEDIA GROUP INC,7243000,1.0832527958028442
2192,87612BBS0,coupon_maturity_name,1.0,1,1,TARGA RESOURCES PARTNERS,US87612BBS07,10008000.0,0.033595435516,TARGA RESOURCES PARTNERS LP,7132000,1.403252944475603
2193,20030NES6,coupon_maturity_name,1.0,1,1,COMCAST CORP,US20030NES62,6068000.0,0.019869428948,COMCAST CORPORATION 144A,7704000,0.7876427829698858
2194,571903BZ5,coupon_maturity_name,1.0,1,1,MARRIOTT INTERNATIONAL,US571903BZ55,7583000.0,0.02459246645,MARRIOTT INTERNATIONAL INC,7495000,1.0117411607738491
2195,12189LBE0,coupon_maturity_name,0.6,1,1,BURLINGTN NORTH SANTA FE,US12189LBE02,8017000.0,0.019575001203,BURLINGTON NORTHERN SANTA FE LLC,10054000,0.7973940720111399
2196,437076CP5,coupon_maturity_name,1.0,1,1,HOME DEPOT INC,US437076CP51,13074000.0,0.040917137393,HOME DEPOT INC,7762000,1.6843597011079618
2197,084659BC4,coupon_maturity_name,1.0,1,1,BERKSHIRE HATHAWAY ENERG,US084659BC45,9995000.0,0.020526151761,BERKSHIRE HATHAWAY ENERGY CO,12160000,0.8219572368421053
2198,882508BF0,coupon_maturity_name,1.0,1,1,TEXAS INSTRUMENTS INC,US882508BF00,8634000.0,0.025498271542,TEXAS INSTRUMENTS INC,8292000,1.041244573082489
2199,43475RAT3,coupon_maturity_name,1.0,1,1,AMRIZE FINANCE US LLC,US43475RAT32,7148000.0,0.024372733311,AMRIZE FINANCE US LLC,7098000,1.0070442378134685
2200,24422EYE3,coupon_maturity_name,1.0,1,1,JOHN DEERE CAPITAL CORP,US24422EYE30,6538000.0,0.022034328304,JOHN DEERE CAPITAL CORP MTN,7202000,0.9078033879477923
2201,0778FPAN9,coupon_maturity_name,0.4,1,1,BELL CANADA,US0778FPAN98,6326000.0,0.020117387924,BELL TELEPHONE COMPANY OF CANADA O,7689000,0.822733775523475
2202,927804GV0,coupon_maturity_name,0.75,1,1,VIRGINIA ELEC & POWER CO,US927804GV09,5960000.0,0.019691713237,VIRGINIA ELECTRIC AND POWER COMPAN,7357000,0.810112817724616
2203,369550BR8,coupon_maturity_name,1.0,1,1,GENERAL DYNAMICS CORP,US369550BR84,6230000.0,0.021001079986,GENERAL DYNAMICS CORPORATION,7154000,0.8708414872798435
2204,718172CW7,coupon_maturity_name,0.5,1,1,PHILIP MORRIS INTL INC,US718172CW74,8826000.0,0.030639275905,PHILIP MORRIS INTERNATIONAL INC,6963000,1.2675570874623008
2205,191216DR8,coupon_maturity_name,1.0,1,1,COCA-COLA CO/THE,US191216DR86,6935000.0,0.023926569759,COCA-COLA CO,7055000,0.9829907866761163
2206,682680DC4,coupon_maturity_name,1.0,1,1,ONEOK INC,US682680DC47,7757000.0,0.026103860196,ONEOK INC,7214000,1.07527030773496
2207,59156RCN6,coupon_maturity_name,1.0,1,1,METLIFE INC,US59156RCN61,5293000.0,0.018164587748,METLIFE INC,7136000,0.741732062780269
2208,444859BV3,coupon_maturity_name,1.0,1,1,HUMANA INC,US444859BV38,6321000.0,0.021859089533,HUMANA INC,6897000,0.916485428447151
2209,29379VBQ5,coupon_maturity_name,1.0,1,1,ENTERPRISE PRODUCTS OPER,US29379VBQ59,10020000.0,0.027598618854,ENTERPRISE PRODUCTS OPERATING LLC,8850000,1.1322033898305084
2210,904764BV8,coupon_maturity_name,1.0,1,1,UNILEVER CAPITAL CORP,US904764BV84,9286000.0,0.03082158277,UNILEVER CAPITAL CORP,7238000,1.2829510914617297
2211,822905AQ8,coupon_maturity_name,1.0,1,1,SHELL FINANCE US INC,US822905AQ86,5296000.0,0.017482354667,SHELL FINANCE US INC,7427000,0.7130739194829675
2212,,no_coupon_maturity_candidates,,0,0,,,,,MIZUHO FINANCIAL GROUP (FXD-FXD),7432000,
2213,244199BF1,coupon_maturity_name,1.0,1,1,DEERE & COMPANY,US244199BF15,6036000.0,0.017208531727,DEERE & CO,8666000,0.6965151165474267
2214,74340XCV1,coupon_maturity_name,1.0,1,1,PROLOGIS LP,US74340XCV10,5681000.0,0.01869904403,PROLOGIS LP,7375000,0.7703050847457628
2215,74432QCE3,coupon_maturity_name,1.0,1,1,PRUDENTIAL FINANCIAL INC,US74432QCE35,7244000.0,0.019755254359,PRUDENTIAL FINANCIAL INC MTN,8911000,0.8129278419930424
2216,112586AB8,coupon_maturity_name,1.0,1,1,BROOKFIELD ASSET MANAGEM,US112586AB85,5907000.0,0.020036061619,BROOKFIELD ASSET MANAGEMENT LTD,7208000,0.8195061043285239
2217,115236AK7,coupon_maturity_name,1.0,1,1,BROWN & BROWN INC,US115236AK73,7002000.0,0.023492384329,BROWN & BROWN INC,7217000,0.9702092282111681
2218,685218AB5,coupon_maturity_name,1.0,1,1,ORANGE SA,US685218AB52,5679000.0,0.01869588374,ORANGE SA,7378000,0.7697207915424235
2219,00108WAV2,coupon_maturity_name,1.0,1,1,AEP TEXAS INC,US00108WAV28,8808000.0,0.029129794478,AEP TEXAS INC,7254000,1.2142266335814722
2220,50247VAC3,coupon_maturity_name,0.5,1,1,LYB INTL FINANCE BV,US50247VAC37,8263000.0,0.023503416299,LYB INTERNATIONAL FINANCE BV,8535000,0.9681312243702402
2221,606822DC5,coupon_maturity_name,1.0,1,1,MITSUBISHI UFJ FIN GRP,US606822DC52,5561000.0,0.0191253975,MITSUBISHI UFJ FINANCIAL GROUP INC,7001000,0.7943150978431652
2222,80282KBL9,coupon_maturity_name,1.0,1,1,SANTANDER HOLDINGS USA,US80282KBL98,5375000.0,0.019107391484,SANTANDER HOLDINGS USA INC,6828000,0.7871997656707674
2223,00287YDB2,coupon_maturity_name,1.0,1,1,ABBVIE INC,US00287YDB20,7468000.0,0.022578454255,ABBVIE INC,8052000,0.9274714356681569
2224,013716AU9,coupon_maturity_name,1.0,1,1,RIO TINTO ALCAN INC,US013716AU93,5551000.0,0.019945434952,RIO TINTO ALCAN INC,6764000,0.8206682436428149
2225,404119DE6,coupon_maturity_name,1.0,2,1,HCA INC,US404119DE60,6646000.0,0.021762245904,HCA INC,7383000,0.9001760801842069
2226,694308KZ9,coupon_maturity_name,1.0,1,1,PACIFIC GAS & ELECTRIC,US694308KZ97,5374000.0,0.017490247937,PACIFIC GAS AND ELECTRIC COMPANY,7468000,0.7196036422067488
2227,74460WAH0,coupon_maturity_name,0.5,1,1,PUBLIC STORAGE OP CO,US74460WAH07,6988000.0,0.02245358044,PUBLIC STORAGE OPERATING CO,7558000,0.9245832230748875
2228,126650EA4,coupon_maturity_name,1.0,1,1,CVS HEALTH CORP,US126650EA42,6095000.0,0.019856710093,CVS HEALTH CORP,7534000,0.8089992036103
2229,456837BC6,coupon_maturity_name,1.0,1,1,ING GROEP NV,US456837BC65,5224000.0,0.016965888888,ING GROEP NV,7382000,0.707667298835004
2230,46590XAU0,coupon_maturity_name,0.4,1,1,JBS NV/USA FOODS/FOOD CO,US46590XAU00,8739000.0,0.027167733393,JBS USA LUX SA,7781000,1.1231204215396478
2231,94973VBB2,coupon_maturity_name,1.0,1,1,ELEVANCE HEALTH INC,US94973VBB27,7384000.0,0.02187744367,ELEVANCE HEALTH INC,8274000,0.8924341310128112
2232,084659BF7,coupon_maturity_name,1.0,1,1,BERKSHIRE HATHAWAY ENERG,US084659BF75,6825000.0,0.019143348215,BERKSHIRE HATHAWAY ENERGY CO,8782000,0.7771578228194034
2233,26442UAU8,coupon_maturity_name,1.0,1,1,DUKE ENERGY PROGRESS LLC,US26442UAU88,5602000.0,0.01886511013,DUKE ENERGY PROGRESS LLC,7127000,0.786024975445489
2234,822905AD7,coupon_maturity_name,1.0,1,1,SHELL FINANCE US INC,US822905AD73,5126000.0,0.015265971686,SHELL FINANCE US INC,8132000,0.6303492375799311
2235,06738EBW4,coupon_maturity_name,1.0,1,1,BARCLAYS PLC,US06738EBW49,5757000.0,0.014507660008,BARCLAYS PLC,9731000,0.5916144281163292
2236,25245BAE7,coupon_maturity_name,1.0,1,1,DIAGEO INVESTMENT CORP,US25245BAE74,4924000.0,0.017181318121,DIAGEO INVESTMENT CORPORATION,6891000,0.7145552169496444
2237,58933YBQ7,coupon_maturity_name,1.0,1,1,MERCK & CO INC,US58933YBQ70,6009000.0,0.020000300806,MERCK & CO INC,7173000,0.8377248013383521
2238,023135CK0,coupon_maturity_name,1.0,1,1,AMAZON.COM INC,US023135CK04,9370000.0,0.023507125599,AMAZON.COM INC,10093000,0.928366194392153
2239,23291KAJ4,coupon_maturity_name,0.75,1,1,DH EUROPE FINANCE II,US23291KAJ43,9023000.0,0.024371884161,DH EUROPE FINANCE II SARL,9043000,0.997788344575915
2240,539830BW8,coupon_maturity_name,1.0,2,1,LOCKHEED MARTIN CORP,US539830BW87,8932000.0,0.031104703989,LOCKHEED MARTIN CORPORATION,6969000,1.2816759936863251
2241,72650RBQ4,coupon_maturity_name,1.0,1,1,PLAINS ALL AMERICAN PIPE,US72650RBQ48,4739000.0,0.016462500797,PLAINS ALL AMERICAN PIPELINE LP,6946000,0.682263173049237
2242,744448CY5,coupon_maturity_name,0.75,2,1,PUBLIC SERVICE COLORADO,US744448CY50,6637000.0,0.020560150275,PUBLIC SERVICE COMPANY OF COLORADO,7831000,0.8475290512067424
2243,125523CU2,coupon_maturity_name,1.0,1,1,CIGNA GROUP/THE,US125523CU21,5217000.0,0.017837307422,CIGNA GROUP,6980000,0.7474212034383955
2244,842400GT4,coupon_maturity_name,1.0,1,1,SOUTHERN CAL EDISON,US842400GT44,9871000.0,0.022907257881,SOUTHERN CALIFORNIA EDISON COMPANY,10336000,0.9550116099071208
2245,13645RAX2,coupon_maturity_name,1.0,1,1,CANADIAN PACIFIC RAILWAY,US13645RAX26,5384000.0,0.018700379771,CANADIAN PACIFIC RAILWAY COMPANY,6973000,0.7721210382905492
2246,37045XFA9,coupon_maturity_name,0.6666666666666666,1,1,GENERAL MOTORS FINL CO,US37045XFA90,6440000.0,0.021762326185,GENERAL MOTORS FINANCIAL COMPANY I,7045000,0.9141234918381831
2247,375558BS1,coupon_maturity_name,1.0,1,1,GILEAD SCIENCES INC,US375558BS17,7932000.0,0.019377679554,GILEAD SCIENCES INC,9904000,0.8008885298869144
2248,88579YBK6,coupon_maturity_name,1.0,1,1,3M COMPANY,US88579YBK64,8616000.0,0.019911419917,3M CO,10568000,0.8152914458743377
2249,74340XCE9,coupon_maturity_name,1.0,1,1,PROLOGIS LP,US74340XCE94,6418000.0,0.021392874382,PROLOGIS LP,7211000,0.8900291221744557
2250,316773DM9,coupon_maturity_name,1.0,1,1,FIFTH THIRD BANCORP,US316773DM97,7133000.0,0.024023698016,FIFTH THIRD BANCORP,6983000,1.0214807389374194
2251,756109CG7,coupon_maturity_name,1.0,1,1,REALTY INCOME CORP,US756109CG72,7337000.0,0.024793450693,REALTY INCOME CORPORATION,6996000,1.04874213836478
2252,10112RBE3,coupon_maturity_name,1.0,1,1,BOSTON PROPERTIES LP,US10112RBE36,7527000.0,0.022026908899,BOSTON PROPERTIES LP,8119000,0.9270846163320606
2253,03027XBZ2,coupon_maturity_name,1.0,2,1,AMERICAN TOWER CORP,US03027XBZ24,5558000.0,0.019347132337,AMERICAN TOWER CORPORATION,6816000,0.8154342723004695
2254,478160CL6,coupon_maturity_name,1.0,1,1,JOHNSON & JOHNSON,US478160CL64,7180000.0,0.020938709577,JOHNSON & JOHNSON,8333000,0.8616344653786151
2255,66989HAZ1,coupon_maturity_name,1.0,1,1,NOVARTIS CAPITAL CORP,US66989HAZ10,10014000.0,0.032974147252,NOVARTIS CAPITAL CORP,7241000,1.3829581549509735
2256,742718GP8,coupon_maturity_name,1.0,1,1,PROCTER & GAMBLE CO/THE,US742718GP88,4987000.0,0.016433898232,PROCTER & GAMBLE CO,7235000,0.689288182446441
2257,46982LAA6,coupon_maturity_name,1.0,1,1,JACOBS SOLUTIONS INC,US46982LAA61,5315000.0,0.017640814408,JACOBS SOLUTIONS INC,7070000,0.7517680339462518
2258,91324PDZ2,coupon_maturity_name,1.0,1,1,UNITEDHEALTH GROUP INC,US91324PDZ27,7400000.0,0.015829439093,UNITEDHEALTH GROUP INC,11356000,0.6516379006692498
2259,05526DBK0,coupon_maturity_name,1.0,1,1,BAT CAPITAL CORP,US05526DBK00,6420000.0,0.018156899865,BAT CAPITAL CORP,8489000,0.7562728236541406
2260,113004AC9,coupon_maturity_name,1.0,1,1,BROOKFIELD ASSET MANAGEM,US113004AC94,8198000.0,0.026981977481,BROOKFIELD ASSET MANAGEMENT LTD,7334000,1.1178074720479956
2261,828807EB9,coupon_maturity_name,1.0,2,1,SIMON PROPERTY GROUP LP,US828807EB93,7992000.0,0.026450613899,SIMON PROPERTY GROUP LP,7224000,1.106312292358804
2262,205887CE0,coupon_maturity_name,1.0,1,1,CONAGRA BRANDS INC,US205887CE05,7206000.0,0.020987024652,CONAGRA BRANDS INC,8200000,0.878780487804878
2263,45687VAF3,coupon_maturity_name,1.0,2,1,INGERSOLL RAND INC,US45687VAF31,6368000.0,0.021826236918,INGERSOLL RAND INC,6955000,0.9156002875629043
2264,278642AW3,coupon_maturity_name,1.0,1,1,EBAY INC,US278642AW32,6411000.0,0.020008934003,EBAY INC,7552000,0.8489141949152542
2265,373334KW0,coupon_maturity_name,1.0,2,1,GEORGIA POWER CO,US373334KW08,6666000.0,0.022786247347,GEORGIA POWER COMPANY,6905000,0.9653874004344678
2266,172967HS3,coupon_maturity_name,1.0,1,1,CITIGROUP INC,US172967HS33,8234000.0,0.025956395993,CITIGROUP INC,7610000,1.0819973718791065
2267,29379VBW2,coupon_maturity_name,1.0,1,1,ENTERPRISE PRODUCTS OPER,US29379VBW28,9678000.0,0.026269249629,ENTERPRISE PRODUCTS OPERATING LLC,8770000,1.1035347776510833
2268,37045XFK7,coupon_maturity_name,0.6666666666666666,1,1,GENERAL MOTORS FINL CO,US37045XFK72,6457000.0,0.022658144242,GENERAL MOTORS FINANCIAL COMPANY I,6859000,0.9413908733051465
2269,682680BB8,coupon_maturity_name,1.0,1,1,ONEOK INC,US682680BB81,6883000.0,0.021842944093,ONEOK INC,7430000,0.9263795423956931
2270,573874AJ3,coupon_maturity_name,1.0,1,1,MARVELL TECHNOLOGY INC,US573874AJ32,6266000.0,0.019380586308,MARVELL TECHNOLOGY INC,7660000,0.8180156657963447
2271,053015AK9,coupon_maturity_name,0.5,1,1,AUTOMATIC DATA PROCESSNG,US053015AK99,6441000.0,0.021543915592,AUTOMATIC DATA PROCESSING INC,7126000,0.903873140611844
2272,68389XDC6,coupon_maturity_name,1.0,1,1,ORACLE CORP,US68389XDC65,7430000.0,0.021607622717,ORACLE CORPORATION,8720000,0.8520642201834863
2273,084659AV3,coupon_maturity_name,1.0,1,1,BERKSHIRE HATHAWAY ENERG,US084659AV35,5735000.0,0.018663745063,BERKSHIRE HATHAWAY ENERGY CO,7321000,0.7833629285616719
2274,55336VBU3,coupon_maturity_name,1.0,1,1,MPLX LP,US55336VBU35,9589000.0,0.032172520716,MPLX LP,6999000,1.3700528646949564
2275,341081GV3,coupon_maturity_name,1.0,1,1,FLORIDA POWER & LIGHT CO,US341081GV31,7839000.0,0.025864835463,FLORIDA POWER & LIGHT CO,7345000,1.0672566371681416
2276,694308KJ5,coupon_maturity_name,1.0,1,1,PACIFIC GAS & ELECTRIC,US694308KJ55,7236000.0,0.025465528085,PACIFIC GAS AND ELECTRIC COMPANY,6775000,1.0680442804428045
2277,06368ME67,coupon_maturity_name,1.0,1,1,BANK OF MONTREAL,US06368ME671,6183000.0,0.020438097996,BANK OF MONTREAL MTN,7195000,0.8593467685892981
2278,575718AK7,coupon_maturity_name,1.0,1,1,MASS INSTITUTE OF TECH,US575718AK75,4037000.0,0.013829793587,MASSACHUSETTS INSTITUTE OF TECHNOL,7020000,0.5750712250712251
2279,278642AY9,coupon_maturity_name,1.0,1,1,EBAY INC,US278642AY97,9184000.0,0.027868656108,EBAY INC,7809000,1.1760788833397362
2280,571748CA8,coupon_maturity_name,1.0,1,1,MARSH & MCLENNAN COS INC,US571748CA86,11016000.0,0.037062445198,MARSH & MCLENNAN COMPANIES INC,6950000,1.5850359712230215
2281,10373QBS8,coupon_maturity_name,1.0,1,1,BP CAP MARKETS AMERICA,US10373QBS84,9573000.0,0.020560795918,BP CAPITAL MARKETS AMERICA INC,11155000,0.8581801882563873
2282,776743AL0,coupon_maturity_name,1.0,1,1,ROPER TECHNOLOGIES INC,US776743AL02,7060000.0,0.020554028771,ROPER TECHNOLOGIES INC,8045000,0.877563704164077
2283,17275RBV3,coupon_maturity_name,1.0,1,1,CISCO SYSTEMS INC,US17275RBV33,6835000.0,0.021521677054,CISCO SYSTEMS INC,7632000,0.8955712788259959
2284,89236TGU3,coupon_maturity_name,1.0,1,1,TOYOTA MOTOR CREDIT CORP,US89236TGU34,7751000.0,0.023961173692,TOYOTA MOTOR CREDIT CORP,7587000,1.021615921971794
2285,68233JDJ0,coupon_maturity_name,0.75,1,1,ONCOR ELECTRIC DELIVERY,US68233JDJ07,6449000.0,0.02188724177,ONCOR ELECTRIC DELIVERY COMPANY LL 144A,6991000,0.9224717493920755
2286,251526CX5,coupon_maturity_name,0.6666666666666666,1,1,DEUTSCHE BANK NY,US251526CX52,7200000.0,0.024290210037,DEUTSCHE BANK AG (NEW YORK BRANCH),6900000,1.0434782608695652
2287,666807CL4,coupon_maturity_name,1.0,1,1,NORTHROP GRUMMAN CORP,US666807CL48,7834000.0,0.026252872712,NORTHROP GRUMMAN CORP,7092000,1.104624929498026
2288,86562MCY4,coupon_maturity_name,0.6666666666666666,1,1,SUMITOMO MITSUI FINL GRP,US86562MCY49,5834000.0,0.020819696376,SUMITOMO MITSUI FINANCIAL GROUP IN,6758000,0.8632731577389761
2289,49326EEJ8,coupon_maturity_name,1.0,1,1,KEYCORP,US49326EEJ82,6123000.0,0.019266501368,KEYCORP MTN,7455000,0.821327967806841
2290,,no_coupon_maturity_candidates,,0,0,,,,,AERCAP FUNDING DAC,7072000,
2291,149123CF6,coupon_maturity_name,1.0,1,1,CATERPILLAR INC,US149123CF65,7548000.0,0.017879504619,CATERPILLAR INC,10107000,0.746809142178688
2292,842587EA1,coupon_maturity_name,1.0,1,1,SOUTHERN CO,US842587EA18,6419000.0,0.02103956963,SOUTHERN COMPANY (THE),7139000,0.899145538590839
2293,053015AF0,coupon_maturity_name,0.5,1,1,AUTOMATIC DATA PROCESSNG,US053015AF05,6770000.0,0.019991002762,AUTOMATIC DATA PROCESSING INC,7944000,0.8522155085599195
2294,86722TAB8,coupon_maturity_name,1.0,1,1,SUNCOR ENERGY INC,US86722TAB89,5723000.0,0.021309855383,SUNCOR ENERGY INC.,6374000,0.897866331973643
2295,87264ACX1,coupon_maturity_name,1.0,2,1,T-MOBILE USA INC,US87264ACX19,5077000.0,0.016575000757,T-MOBILE USA INC,7515000,0.6755821689953426
2296,04636NAB9,coupon_maturity_name,1.0,1,1,ASTRAZENECA FINANCE LLC,US04636NAB91,8105000.0,0.024480849251,ASTRAZENECA FINANCE LLC,7810000,1.0377720870678617
2297,744533BS8,coupon_maturity_name,0.75,1,1,PUBLIC SERVICE OKLAHOMA,US744533BS89,5566000.0,0.018880596698,PUBLIC SERVICE COMPANY OF OKLAHOMA,7019000,0.7929904544806953
2298,053332AZ5,coupon_maturity_name,1.0,2,1,AUTOZONE INC,US053332AZ56,6261000.0,0.020535268895,AUTOZONE INC,7119000,0.8794774546986937
2299,92826CAJ1,coupon_maturity_name,1.0,1,1,VISA INC,US92826CAJ18,6787000.0,0.017541222205,VISA INC,9167000,0.7403730773426421
2300,60687YDL0,coupon_maturity_name,1.0,1,1,MIZUHO FINANCIAL GROUP,US60687YDL02,9770000.0,0.032741985897,MIZUHO FINANCIAL GROUP INC,7040000,1.3877840909090908
2301,92343VFD1,coupon_maturity_name,1.0,1,1,VERIZON COMMUNICATIONS,US92343VFD10,10191000.0,0.026267493274,VERIZON COMMUNICATIONS INC,9421000,1.081732300180448
2302,038222AN5,coupon_maturity_name,1.0,1,1,APPLIED MATERIALS INC,US038222AN54,5670000.0,0.017153079492,APPLIED MATERIALS INC,7761000,0.73057595670661
2303,00440KAC7,coupon_maturity_name,1.0,1,1,ACCENTURE CAPITAL INC,US00440KAC71,10999000.0,0.036382123729,ACCENTURE CAPITAL INC,7126000,1.5435026662924503
2304,37045XFM3,coupon_maturity_name,0.6666666666666666,1,1,GENERAL MOTORS FINL CO,US37045XFM39,5460000.0,0.018145625036,GENERAL MOTORS FINANCIAL COMPANY I,7089000,0.770207363520948
2305,24703TAH9,coupon_maturity_name,0.6666666666666666,1,1,DELL INT LLC / EMC CORP,US24703TAH95,5695000.0,0.0201612114,DELL INTERNATIONAL LLC,6670000,0.8538230884557722
2306,035240AR1,coupon_maturity_name,1.0,1,1,ANHEUSER-BUSCH INBEV WOR,US035240AR13,8130000.0,0.027748028715,ANHEUSER-BUSCH INBEV WORLDWIDE INC,6757000,1.203196684919343
2307,927804GW8,coupon_maturity_name,0.75,1,1,VIRGINIA ELEC & POWER CO,US927804GW81,6577000.0,0.021419766156,VIRGINIA ELECTRIC AND POWER COMPAN,7270000,0.9046767537826685
2308,931142EU3,coupon_maturity_name,1.0,1,1,WALMART INC,US931142EU39,8996000.0,0.021745519758,WALMART INC,9844000,0.9138561560341325
2309,911312BN5,coupon_maturity_name,1.0,1,1,UNITED PARCEL SERVICE,US911312BN52,6892000.0,0.0175509597,UNITED PARCEL SERVICE INC,9413000,0.7321789015191756
2310,874060BK1,coupon_maturity_name,1.0,1,1,TAKEDA PHARMACEUTICAL,US874060BK18,8733000.0,0.029761862955,TAKEDA PHARMACEUTICAL CO LTD,6935000,1.2592645998558039
2311,341081GY7,coupon_maturity_name,1.0,1,1,FLORIDA POWER & LIGHT CO,US341081GY79,6961000.0,0.023302190238,FLORIDA POWER & LIGHT CO,7066000,0.9851401075573167
2312,842587DE4,coupon_maturity_name,1.0,1,1,SOUTHERN CO,US842587DE49,6590000.0,0.021419812929,SOUTHERN COMPANY (THE),7174000,0.9185949261221076
2313,29273RBF5,coupon_maturity_name,0.6666666666666666,1,1,ENERGY TRANSFER LP,US29273RBF55,6645000.0,0.019889814834,ENERGY TRANSFER PARTNERS LP,7834000,0.8482256829206025
2314,58013MFS8,coupon_maturity_name,0.5,1,1,MCDONALD'S CORP,US58013MFS89,6378000.0,0.021496791208,MCDONALDS CORPORATION MTN,6907000,0.9234110322860866
2315,969457CN8,coupon_maturity_name,1.0,1,1,WILLIAMS COMPANIES INC,US969457CN88,6433000.0,0.021135057036,WILLIAMS COMPANIES INC,7253000,0.8869433337929132
2316,29364WBS6,coupon_maturity_name,1.0,1,1,ENTERGY LOUISIANA LLC,US29364WBS61,6767000.0,0.022169303785,ENTERGY LOUISIANA LLC,7183000,0.9420854796046221
2317,375558BZ5,coupon_maturity_name,1.0,1,1,GILEAD SCIENCES INC,US375558BZ59,8460000.0,0.029285809513,GILEAD SCIENCES INC,6752000,1.252962085308057
2318,45866FAL8,coupon_maturity_name,0.5,1,1,INTERCONTINENTALEXCHANGE,US45866FAL85,10115000.0,0.022296527084,INTERCONTINENTAL EXCHANGE INC,10941000,0.9245041586692259
2319,98978VAS2,coupon_maturity_name,1.0,2,1,ZOETIS INC,US98978VAS25,6803000.0,0.020662079438,ZOETIS INC,7646000,0.8897462725608161
2320,59562VBD8,coupon_maturity_name,1.0,1,1,BERKSHIRE HATHAWAY ENERG,US59562VBD82,7189000.0,0.022890372717,BERKSHIRE HATHAWAY ENERGY CO,7458000,0.9639313488871011
2321,037833EA4,coupon_maturity_name,1.0,1,1,APPLE INC,US037833EA41,11475000.0,0.020983354973,APPLE INC,13131000,0.8738862234407128
2322,883556DE9,coupon_maturity_name,1.0,1,1,THERMO FISHER SCIENTIFIC,US883556DE99,4677000.0,0.015455668676,THERMO FISHER SCIENTIFIC INC,7053000,0.6631220757124627
2323,015271AY5,coupon_maturity_name,0.5,1,1,ALEXANDRIA REAL ESTATE E,US015271AY59,6687000.0,0.019075808398,ALEXANDRIA REAL ESTATE EQUITIES IN,8161000,0.8193848793040068
2324,713448FA1,coupon_maturity_name,1.0,1,1,PEPSICO INC,US713448FA19,6800000.0,0.019920602862,PEPSICO INC,7919000,0.8586942795807552
2325,666807CJ9,coupon_maturity_name,1.0,1,1,NORTHROP GRUMMAN CORP,US666807CJ91,9315000.0,0.02795359518,NORTHROP GRUMMAN CORP,7847000,1.187077864151905
2326,03073EBE4,coupon_maturity_name,1.0,1,1,CENCORA INC,US03073EBE41,7530000.0,0.024656129556,CENCORA INC,7027000,1.071581044542479
2327,913017CW7,coupon_maturity_size,0.0,1,0,RTX CORP,US913017CW70,5832000.0,0.01817792572,RAYTHEON TECHNOLOGIES CORPORATION,7522000,0.7753257112470088
2328,72650RBM3,coupon_maturity_name,1.0,1,1,PLAINS ALL AMER PIPELINE,US72650RBM34,7120000.0,0.023081425057,PLAINS ALL AMERICAN PIPELINE LP,7162000,0.9941357162803686
2329,30161MAN3,coupon_maturity_size,0.25,1,0,CONSTELLATION EN GEN LLC,US30161MAN39,5785000.0,0.019198646603,EXELON GENERATION CO LLC,7142000,0.8099971996639597
2330,532457CF3,coupon_maturity_name,1.0,1,1,ELI LILLY & CO,US532457CF35,7714000.0,0.026057295196,ELI LILLY AND COMPANY,6835000,1.1286027798098024
2331,883556DK5,coupon_maturity_name,1.0,1,1,THERMO FISHER SCIENTIFIC,US883556DK59,5373000.0,0.017864028829,THERMO FISHER SCIENTIFIC INC,6997000,0.7679005287980563
2332,962166BY9,coupon_maturity_name,1.0,2,1,WEYERHAEUSER CO,US962166BY91,7205000.0,0.023561975404,WEYERHAEUSER COMPANY,7045000,1.0227111426543647
2333,717081EK5,coupon_maturity_name,1.0,1,1,PFIZER INC,US717081EK52,9947000.0,0.02734417014,PFIZER INC,8581000,1.1591889057219438
2334,717081DK6,coupon_maturity_name,1.0,1,1,PFIZER INC,US717081DK61,7144000.0,0.020924645009,PFIZER INC,8047000,0.8877842674288555
2335,694308KP1,coupon_maturity_name,1.0,1,1,PACIFIC GAS & ELECTRIC,US694308KP16,4209000.0,0.015453438121,PACIFIC GAS AND ELECTRIC COMPANY,6237000,0.6748436748436748
2336,373334JW2,coupon_maturity_name,1.0,1,1,GEORGIA POWER CO,US373334JW27,7382000.0,0.021514733227,GEORGIA POWER COMPANY,7980000,0.925062656641604
2337,478160CR3,coupon_maturity_name,1.0,1,1,JOHNSON & JOHNSON,US478160CR35,7255000.0,0.017051148751,JOHNSON & JOHNSON,9938000,0.7300261622056752
2338,12636YAE2,coupon_maturity_name,1.0,1,1,CRH AMERICA FINANCE INC,US12636YAE23,4399000.0,0.01505863275,CRH AMERICA FINANCE INC,6785000,0.6483419307295505
2339,58933YBA2,coupon_maturity_name,1.0,1,1,MERCK & CO INC,US58933YBA29,8003000.0,0.019138909029,MERCK & CO INC,9854000,0.8121574994925919
2340,406216AW1,coupon_maturity_name,1.0,1,1,HALLIBURTON CO,US406216AW19,7103000.0,0.026476613176,HALLIBURTON COMPANY,6216000,1.1426962676962678
2341,25243YBN8,coupon_maturity_name,1.0,1,1,DIAGEO CAPITAL PLC,US25243YBN85,5098000.0,0.017842850201,DIAGEO CAPITAL PLC,6578000,0.7750076010945576
2342,06368MS70,coupon_maturity_name,1.0,1,1,BANK OF MONTREAL,US06368MS705,4025000.0,0.013535535303,BANK OF MONTREAL MTN,6943000,0.5797205818810313
2343,29379VBY8,coupon_maturity_name,1.0,1,1,ENTERPRISE PRODUCTS OPER,US29379VBY83,6421000.0,0.015858423155,ENTERPRISE PRODUCTS OPERATING LLC,9375000,0.6849066666666667
2344,70450YAE3,coupon_maturity_name,1.0,1,1,PAYPAL HOLDINGS INC,US70450YAE32,7624000.0,0.024186677494,PAYPAL HOLDINGS INC,7200000,1.058888888888889
2345,42824CAX7,coupon_maturity_size,0.25,1,0,HP ENTERPRISE CO,US42824CAX74,5210000.0,0.018781402746,HEWLETT PACKARD ENTERPRISE CO,6369000,0.8180248076621134
2346,863667AY7,coupon_maturity_name,1.0,1,1,STRYKER CORP,US863667AY70,8081000.0,0.024562653753,STRYKER CORPORATION,7593000,1.064269722112472
2347,23291KAH8,coupon_maturity_name,0.75,1,1,DH EUROPE FINANCE II,US23291KAH86,7439000.0,0.023430910312,DH EUROPE FINANCE II SARL,7286000,1.0209991765028823
2348,49177JAM4,coupon_maturity_name,1.0,1,1,KENVUE INC,US49177JAM45,3869000.0,0.012415486465,KENVUE INC,7261000,0.5328467153284672
2349,49326EER0,coupon_maturity_name,1.0,1,1,KEYCORP,US49326EER09,8400000.0,0.027759372444,KEYCORP MTN,6852000,1.2259194395796849
2350,636274AE2,coupon_maturity_name,1.0,1,1,NATIONAL GRID PLC,US636274AE20,6624000.0,0.023213343732,NATIONAL GRID PLC,6604000,1.0030284675953967
2351,66989HBA5,coupon_maturity_name,1.0,1,1,NOVARTIS CAPITAL CORP,US66989HBA59,6582000.0,0.021619907091,NOVARTIS CAPITAL CORP,7039000,0.9350760051143628
2352,60687YBL2,coupon_maturity_name,1.0,1,1,MIZUHO FINANCIAL GROUP,US60687YBL20,6219000.0,0.018610779639,MIZUHO FINANCIAL GROUP INC,7645000,0.8134728580771746
2353,036752AS2,coupon_maturity_name,1.0,1,1,ELEVANCE HEALTH INC,US036752AS28,10404000.0,0.024708779293,ELEVANCE HEALTH INC,9865000,1.054637607704004
2354,539830BR9,coupon_maturity_name,1.0,1,1,LOCKHEED MARTIN CORP,US539830BR92,7735000.0,0.025164688466,LOCKHEED MARTIN CORPORATION,7126000,1.0854616895874263
2355,68389XCN3,coupon_maturity_name,1.0,1,1,ORACLE CORP,US68389XCN30,7328000.0,0.024233173997,ORACLE CORPORATION,7001000,1.0467076131981146
2356,031162CS7,coupon_maturity_name,1.0,1,1,AMGEN INC,US031162CS70,15749000.0,0.03729454991,AMGEN INC,9808000,1.6057300163132138
2357,037833ER7,coupon_maturity_name,1.0,1,1,APPLE INC,US037833ER75,10493000.0,0.027201410244,APPLE INC,9067000,1.157273629645969
2358,539830BD0,coupon_maturity_name,1.0,1,1,LOCKHEED MARTIN CORP,US539830BD07,8252000.0,0.022102071394,LOCKHEED MARTIN CORP,8665000,0.952336987882285
2359,863667BM2,coupon_maturity_name,1.0,2,1,STRYKER CORP,US863667BM24,8372000.0,0.028435035741,STRYKER CORPORATION,6684000,1.2525433871932974
2360,21871XAS8,coupon_maturity_name,1.0,2,1,COREBRIDGE FINANCIAL INC,US21871XAS80,8589000.0,0.029637440106,COREBRIDGE FINANCIAL INC,6703000,1.2813665522900195
2361,120568BC3,coupon_maturity_name,1.0,1,1,BUNGE LTD FINANCE CORP,US120568BC39,5501000.0,0.016878999423,BUNGE FINANCE LTD CORP,7470000,0.7364123159303883
2362,478160BJ2,coupon_maturity_name,1.0,1,1,JOHNSON & JOHNSON,US478160BJ28,11286000.0,0.037769414206,JOHNSON & JOHNSON,6909000,1.6335214937038645
2363,83272GAD3,coupon_maturity_name,0.6,1,1,SMURFIT KAPPA TREASURY,US83272GAD34,4239000.0,0.014486916095,SMURFIT KAPPA TREASURY UNLIMITED C,6738000,0.6291184327693677
2364,863667AJ0,coupon_maturity_name,1.0,1,1,STRYKER CORP,US863667AJ04,7515000.0,0.022043950899,STRYKER CORPORATION,7818000,0.9612432847275518
2365,694308LA3,coupon_maturity_name,1.0,1,1,PACIFIC GAS & ELECTRIC,US694308LA38,10449000.0,0.034173720243,PACIFIC GAS AND ELECTRIC COMPANY,6952000,1.5030207134637514
2366,,no_coupon_maturity_candidates,,0,0,,,,,NATIONAL GRID PLC,6888000,
2367,06849UAD7,coupon_maturity_name,0.42857142857142855,1,1,BARRICK PD AU FIN PTY LT,US06849UAD72,6780000.0,0.023778772578,BARRICK PD AUSTRALIA FINANCE PTY L,6606000,1.0263396911898275
2368,532457BT4,coupon_maturity_name,1.0,1,1,ELI LILLY & CO,US532457BT48,6368000.0,0.017009185381,ELI LILLY AND COMPANY,8672000,0.7343173431734318
2369,609207AT2,coupon_maturity_name,1.0,1,1,MONDELEZ INTERNATIONAL,US609207AT22,6111000.0,0.01919354888,MONDELEZ INTERNATIONAL INC,7249000,0.8430128293557733
2370,717081EY5,coupon_maturity_name,1.0,1,1,PFIZER INC,US717081EY56,10327000.0,0.031202761074,PFIZER INC,7585000,1.3615029663810152
2371,571748BV3,coupon_maturity_name,1.0,1,1,MARSH & MCLENNAN COS INC,US571748BV33,6014000.0,0.019951608533,MARSH & MCLENNAN COMPANIES INC,6958000,0.8643288301235987
2372,37045VAL4,coupon_maturity_name,1.0,1,1,GENERAL MOTORS CO,US37045VAL45,5955000.0,0.021088637222,GENERAL MOTORS CO,6469000,0.9205441335600556
2373,,name_below_threshold,0.3333333333333333,2,0,,,,,CHARTER COMMUNICATIONS OPERATING L,7995000,
2374,247361A32,coupon_maturity_name,1.0,1,1,DELTA AIR LINES INC,US247361A329,5157000.0,0.017514090929,DELTA AIR LINES INC,6737000,0.765474246697343
2375,654106AL7,coupon_maturity_name,1.0,1,1,NIKE INC,US654106AL77,7539000.0,0.020149357006,NIKE INC,8574000,0.8792862141357592
2376,20030NEE7,coupon_maturity_name,1.0,2,1,COMCAST CORP,US20030NEE76,7444000.0,0.024836498182,COMCAST CORPORATION,6937000,1.0730863485656623
2377,69352PAT0,coupon_maturity_name,1.0,1,1,PPL CAPITAL FUNDING INC,US69352PAT03,5508000.0,0.018610570894,PPL CAPITAL FUNDING INC,6687000,0.8236877523553163
2378,911312BY1,coupon_maturity_name,1.0,1,1,UNITED PARCEL SERVICE,US911312BY18,5851000.0,0.019720439162,UNITED PARCEL SERVICE INC,6708000,0.872242098986285
2379,717081EZ2,coupon_maturity_name,1.0,1,1,PFIZER INC,US717081EZ22,9768000.0,0.023903723183,PFIZER INC,9512000,1.0269133725820017
2380,20826FAV8,coupon_maturity_name,1.0,1,1,CONOCOPHILLIPS COMPANY,US20826FAV85,6411000.0,0.015886336898,CONOCOPHILLIPS CO,9351000,0.6855951235162014
2381,361841AX7,coupon_maturity_name,0.6666666666666666,1,1,GLP CAPITAL LP / FIN II,US361841AX75,6860000.0,0.022637923384,GLP CAPITAL LP,6852000,1.0011675423234092
2382,404119CC1,coupon_maturity_name,1.0,1,1,HCA INC,US404119CC14,7014000.0,0.020901947379,HCA INC,7683000,0.9129246388129637
2383,68389XBG9,coupon_maturity_name,1.0,1,1,ORACLE CORP,US68389XBG97,8479000.0,0.019480638342,ORACLE CORPORATION,10808000,0.7845114729829755
2384,037833EL0,coupon_maturity_name,1.0,1,1,APPLE INC,US037833EL06,10033000.0,0.019640537207,APPLE INC,11954000,0.8393006525012549
2385,573284BA3,coupon_maturity_name,1.0,1,1,MARTIN MARIETTA MATERIAL,US573284BA34,8297000.0,0.028035396694,MARTIN MARIETTA MATERIALS INC,6810000,1.2183553597650514
2386,666807BH4,coupon_maturity_name,1.0,1,1,NORTHROP GRUMMAN CORP,US666807BH45,7478000.0,0.022837579676,NORTHROP GRUMMAN CORP,7572000,0.9875858425779186
2387,927804GK4,coupon_maturity_name,0.75,1,1,VIRGINIA ELEC & POWER CO,US927804GK44,4929000.0,0.016759660194,VIRGINIA ELECTRIC AND POWER COMPAN,6694000,0.7363310427248282
2388,882508BJ2,coupon_maturity_name,1.0,1,1,TEXAS INSTRUMENTS INC,US882508BJ22,9202000.0,0.027926956573,TEXAS INSTRUMENTS INC,7476000,1.2308721241305511
2389,904764BT3,coupon_maturity_name,1.0,1,1,UNILEVER CAPITAL CORP,US904764BT39,6124000.0,0.020996444243,UNILEVER CAPITAL CORP,6680000,0.9167664670658683
2390,046353AG3,coupon_maturity_name,1.0,1,1,ASTRAZENECA PLC,US046353AG32,5717000.0,0.016297526807,ASTRAZENECA PLC,8051000,0.7100981244565893
2391,682680DB6,coupon_maturity_name,1.0,1,1,ONEOK INC,US682680DB63,7065000.0,0.023618240627,ONEOK INC,6762000,1.0448092280390417
2392,191216DY3,coupon_maturity_name,1.0,1,1,COCA-COLA CO/THE,US191216DY38,6120000.0,0.020600803254,COCA-COLA CO,6670000,0.9175412293853074
2393,437076BA9,coupon_maturity_name,1.0,1,1,HOME DEPOT INC,US437076BA91,6223000.0,0.017808449037,HOME DEPOT INC,7963000,0.7814893884214492
2394,573874AT1,coupon_maturity_name,1.0,1,1,MARVELL TECHNOLOGY INC,US573874AT14,6150000.0,0.020653744335,MARVELL TECHNOLOGY INC,6790000,0.9057437407952872
2395,29364WBB3,coupon_maturity_name,1.0,1,1,ENTERGY LOUISIANA LLC,US29364WBB37,6656000.0,0.017924613404,ENTERGY LOUISIANA LLC,8450000,0.7876923076923077
2396,89417EAU3,coupon_maturity_name,1.0,1,1,TRAVELERS COS INC,US89417EAU38,5438000.0,0.01843417239,TRAVELERS COMPANIES INC,6742000,0.8065855829130821
2397,345370CS7,coupon_maturity_name,1.0,1,1,FORD MOTOR COMPANY,US345370CS72,8241000.0,0.023141531033,FORD MOTOR COMPANY,8302000,0.9926523729221874
2398,59156RCD8,coupon_maturity_name,1.0,1,1,METLIFE INC,US59156RCD89,8056000.0,0.025417261763,METLIFE INC,7430000,1.0842530282637954
2399,88579YBD2,coupon_maturity_name,1.0,1,1,3M COMPANY,US88579YBD22,7091000.0,0.018753510357,3M CO MTN,8697000,0.8153386225135104
2400,929903AM4,coupon_maturity_size,0.0,1,0,WACHOVIA CORP,US929903AM44,6923000.0,0.023454644852,WELLS FARGO & COMPANY,6566000,1.0543710021321961
2401,25179MAN3,coupon_maturity_name,1.0,1,1,DEVON ENERGY CORPORATION,US25179MAN39,7339000.0,0.02205219867,DEVON ENERGY CORP,7655000,0.9587197909862835
2402,65163LAR0,coupon_maturity_name,0.5,1,1,NEWMONT / NEWCREST FIN,US65163LAR06,6860000.0,0.023726530191,NEWMONT CORPORATION,6510000,1.053763440860215
2403,437076BZ4,coupon_maturity_name,1.0,1,1,HOME DEPOT INC,US437076BZ43,7623000.0,0.017124169936,HOME DEPOT INC,10335000,0.7375907111756168
2404,694308KY2,coupon_maturity_name,1.0,1,1,PACIFIC GAS & ELECTRIC,US694308KY23,9312000.0,0.0310908206,PACIFIC GAS AND ELECTRIC COMPANY,6723000,1.3850959393128068
2405,,no_coupon_maturity_candidates,,0,0,,,,,ARCH CAPITAL GROUP LTD,9502000,
2406,17275RCA8,coupon_maturity_name,1.0,1,1,CISCO SYSTEMS INC,US17275RCA86,5363000.0,0.017647191564,CISCO SYSTEMS INC,6957000,0.7708782521201667
2407,718172CP2,coupon_maturity_name,0.5,1,1,PHILIP MORRIS INTL INC,US718172CP24,5130000.0,0.01571737912,PHILIP MORRIS INTERNATIONAL INC,7337000,0.699195856617146
2408,883556CX8,coupon_maturity_name,1.0,1,1,THERMO FISHER SCIENTIFIC,US883556CX89,7324000.0,0.02496335308,THERMO FISHER SCIENTIFIC INC,6533000,1.121077606000306
2409,26441CCF0,coupon_maturity_name,1.0,1,1,DUKE ENERGY CORP,US26441CCF05,5513000.0,0.017993375978,DUKE ENERGY CORP,7048000,0.7822077185017026
2410,031162DK3,coupon_maturity_name,1.0,1,1,AMGEN INC,US031162DK36,9476000.0,0.027741966138,AMGEN INC,7777000,1.2184647036132186
2411,161175CL6,coupon_maturity_size,0.3333333333333333,1,0,CHARTER COMM OPT LLC/CAP,US161175CL69,7527000.0,0.019347427273,CHARTER COMMUNICATIONS OPERATING L,8910000,0.8447811447811447
2412,969457CS7,coupon_maturity_name,1.0,1,1,WILLIAMS COMPANIES INC,US969457CS75,5484000.0,0.0184433966,WILLIAMS COMPANIES INC,6673000,0.8218192716918927
2413,037833DG2,coupon_maturity_name,1.0,1,1,APPLE INC,US037833DG20,7594000.0,0.019852403568,APPLE INC,8860000,0.8571106094808126
2414,05971KAF6,coupon_maturity_name,1.0,1,1,BANCO SANTANDER SA,US05971KAF66,9299000.0,0.029737616306,BANCO SANTANDER SA,6997000,1.3289981420608832
2415,828807DF1,coupon_maturity_name,1.0,1,1,SIMON PROPERTY GROUP LP,US828807DF17,7830000.0,0.024635097926,SIMON PROPERTY GROUP LP,7084000,1.1053077357425183
2416,822905AN5,coupon_maturity_name,1.0,1,1,SHELL FINANCE US INC,US822905AN55,13561000.0,0.044818660514,SHELL FINANCE US INC,6771000,2.002806084773298
2417,58013MFQ2,coupon_maturity_name,0.5,1,1,MCDONALD'S CORP,US58013MFQ24,6257000.0,0.020381398628,MCDONALDS CORPORATION MTN,6920000,0.9041907514450868
2418,58933YCA1,coupon_maturity_name,1.0,1,1,MERCK & CO INC,US58933YCA10,6805000.0,0.022502053123,MERCK & CO INC,6831000,0.9961938222807788
2419,161175CG7,coupon_maturity_size,0.3333333333333333,1,0,CHARTER COMM OPT LLC/CAP,US161175CG74,10010000.0,0.019725543298,CHARTER COMMUNICATIONS OPERATING L,11766000,0.8507564167941526
2420,718172AM1,coupon_maturity_name,0.5,1,1,PHILIP MORRIS INTL INC,US718172AM11,5041000.0,0.014822895092,PHILIP MORRIS INTERNATIONAL INC,7702000,0.6545053232926512
2421,009066AD3,coupon_maturity_name,1.0,1,1,AIRBNB INC,US009066AD31,9473000.0,0.031794026552,AIRBNB INC,6631000,1.4285929724023525
2422,125523CJ7,coupon_maturity_name,1.0,1,1,CIGNA GROUP/THE,US125523CJ75,9431000.0,0.024727868823,CIGNA GROUP,8600000,1.0966279069767442
2423,89788MAB8,coupon_maturity_name,1.0,1,1,TRUIST FINANCIAL CORP,US89788MAB81,7151000.0,0.021704009235,TRUIST FINANCIAL CORP MTN,7387000,0.9680519832137539
2424,369550BH0,coupon_maturity_name,1.0,1,1,GENERAL DYNAMICS CORP,US369550BH03,5103000.0,0.015370629848,GENERAL DYNAMICS CORPORATION,7443000,0.6856106408706167
2425,03027XBA7,coupon_maturity_name,1.0,1,1,AMERICAN TOWER CORP,US03027XBA72,6261000.0,0.019779735104,AMERICAN TOWER CORPORATION,7096000,0.8823280721533259
2426,883556BY7,coupon_maturity_name,1.0,1,1,THERMO FISHER SCIENTIFIC,US883556BY71,5972000.0,0.01649485188,THERMO FISHER SCIENTIFIC INC,8152000,0.7325809617271836
2427,694308KX4,coupon_maturity_name,1.0,1,1,PACIFIC GAS & ELECTRIC,US694308KX40,5966000.0,0.02068045906,PACIFIC GAS AND ELECTRIC COMPANY,6349000,0.9396755394550322
2428,437076DK5,coupon_maturity_name,1.0,1,1,HOME DEPOT INC,US437076DK55,7586000.0,0.024835511502,HOME DEPOT INC,6806000,1.1146047605054363
2429,854502AL5,coupon_maturity_name,0.75,1,1,STANLEY BLACK & DECKER I,US854502AL57,7336000.0,0.022562795742,STANLEY BLACK & DECKER INC,7210000,1.0174757281553397
2430,56585ABL5,coupon_maturity_name,1.0,2,1,MARATHON PETROLEUM CORP,US56585ABL52,7238000.0,0.025021992365,MARATHON PETROLEUM CORP,6398000,1.1312910284463895
2431,26441CCK9,coupon_maturity_name,1.0,2,1,DUKE ENERGY CORP,US26441CCK99,8006000.0,0.025764791823,DUKE ENERGY CORP,6990000,1.1453505007153075
2432,81762PAK8,coupon_maturity_name,1.0,2,1,SERVICENOW INC,US81762PAK84,2862000.0,0.009875141593,SERVICENOW INC,6711000,0.4264640143048726
2433,48251WAB0,coupon_maturity_name,1.0,1,1,KKR & CO INC,US48251WAB00,7102000.0,0.023192053394,KKR & CO INC,6757000,1.0510581619061714
2434,50249AAA1,coupon_maturity_name,1.0,1,1,LYB INT FINANCE III,US50249AAA16,9002000.0,0.022151934212,LYB INTERNATIONAL FINANCE III LLC,9140000,0.9849015317286652
2435,06368MXV1,coupon_maturity_name,1.0,1,1,BANK OF MONTREAL,US06368MXV17,8071000.0,0.026700351894,BANK OF MONTREAL MTN,6664000,1.2111344537815125
2436,174610AT2,coupon_maturity_name,1.0,1,1,CITIZENS FINANCIAL GROUP,US174610AT28,5906000.0,0.018768637085,CITIZENS FINANCIAL GROUP INC,6967000,0.8477106358547438
2437,776696AJ5,coupon_maturity_name,1.0,1,1,ROPER TECHNOLOGIES INC,US776696AJ52,6773000.0,0.021961644294,ROPER TECHNOLOGIES INC,6829000,0.9917996778444867
2438,94973VAY3,coupon_maturity_name,1.0,1,1,ELEVANCE HEALTH INC,US94973VAY39,9482000.0,0.028244056664,ELEVANCE HEALTH INC,7563000,1.2537352902287453
2439,341081GM3,coupon_maturity_name,1.0,1,1,FLORIDA POWER & LIGHT CO,US341081GM32,5997000.0,0.018976387938,FLORIDA POWER & LIGHT CO,7094000,0.8453622779813927
2440,56585AAH5,coupon_maturity_name,1.0,1,1,MARATHON PETROLEUM CORP,US56585AAH59,5331000.0,0.015649158773,MARATHON PETROLEUM CORP,7600000,0.7014473684210526
2441,120568BF6,coupon_maturity_name,1.0,1,1,BUNGE LTD FINANCE CORP,US120568BF69,6321000.0,0.020560450349,BUNGE FINANCE LTD CORP,6771000,0.9335400974745237
2442,20030NDP3,coupon_maturity_name,1.0,1,1,COMCAST CORP,US20030NDP33,10070000.0,0.017694269243,COMCAST CORPORATION,13224000,0.7614942528735632
2443,808513BG9,coupon_maturity_name,1.0,1,1,CHARLES SCHWAB CORP,US808513BG98,6416000.0,0.018845502951,CHARLES SCHWAB CORPORATION (THE),7534000,0.8516060525617202
2444,209111GP2,coupon_maturity_name,0.6,1,1,CON EDISON CO OF NY INC,US209111GP24,6477000.0,0.021527843483,CONSOLIDATED EDISON COMPANY OF NEW,6822000,0.9494283201407212
2445,437076CJ9,coupon_maturity_name,1.0,1,1,HOME DEPOT INC,US437076CJ91,7581000.0,0.02229250136,HOME DEPOT INC,7517000,1.0085140348543302
2446,74949LAF9,coupon_maturity_name,1.0,1,1,RELX CAPITAL INC,US74949LAF94,8080000.0,0.027250551704,RELX CAPITAL INC,6509000,1.241358119526809
2447,931142EZ2,coupon_maturity_name,1.0,1,1,WALMART INC,US931142EZ26,9078000.0,0.026446325505,WALMART INC,7700000,1.178961038961039
2448,717081EW9,coupon_maturity_name,1.0,1,1,PFIZER INC,US717081EW90,11383000.0,0.035769103315,PFIZER INC,7019000,1.6217409887448355
2449,026874DL8,coupon_maturity_name,1.0,1,1,AMERICAN INTERNATIONAL,US026874DL83,7716000.0,0.022774559728,AMERICAN INTERNATIONAL GROUP INC,7569000,1.0194213238208483
2450,961214GC1,coupon_maturity_name,1.0,1,1,WESTPAC BANKING CORP,US961214GC13,5217000.0,0.017493717466,WESTPAC BANKING CORP,6611000,0.7891393132657691
2451,20030NAF8,coupon_maturity_name,1.0,1,1,COMCAST CORP,US20030NAF87,5128000.0,0.017785944606,COMCAST CORPORATION,6525000,0.7859003831417625
2452,718172DY2,coupon_maturity_name,0.5,1,1,PHILIP MORRIS INTL INC,US718172DY22,6422000.0,0.02108746117,PHILIP MORRIS INTERNATIONAL INC,6725000,0.9549442379182156
2453,694308KK2,coupon_maturity_name,1.0,1,1,PACIFIC GAS & ELECTRIC,US694308KK29,8463000.0,0.029695331575,PACIFIC GAS AND ELECTRIC COMPANY,6329000,1.3371780692052457
2454,92343VDC5,coupon_maturity_name,1.0,1,1,VERIZON COMMUNICATIONS,US92343VDC54,9943000.0,0.026833138286,VERIZON COMMUNICATIONS INC,8418000,1.181159420289855
2455,12505BAM2,coupon_maturity_name,1.0,1,1,CBRE SERVICES INC,US12505BAM28,4491000.0,0.014900878418,CBRE SERVICES INC,6677000,0.6726074584394189
2456,60687YDE6,coupon_maturity_name,1.0,1,1,MIZUHO FINANCIAL GROUP,US60687YDE68,4659000.0,0.016088983749,MIZUHO FINANCIAL GROUP INC,6449000,0.7224375872228253
2457,22822VAW1,coupon_maturity_name,1.0,1,1,CROWN CASTLE INC,US22822VAW19,8533000.0,0.02520283076,CROWN CASTLE INC,7454000,1.1447544942312853
2458,655844CP1,coupon_maturity_name,1.0,1,1,NORFOLK SOUTHERN CORP,US655844CP18,8282000.0,0.023212281337,NORFOLK SOUTHERN CORPORATION,8053000,1.028436607475475
2459,25746UDL0,coupon_maturity_name,1.0,1,1,DOMINION ENERGY INC,US25746UDL08,6582000.0,0.019588431208,DOMINION ENERGY INC,7375000,0.8924745762711864
2460,55261FAY0,coupon_maturity_name,1.0,1,1,M&T BANK CORPORATION,US55261FAY07,6438000.0,0.021828311779,M&T BANK CORPORATION,6525000,0.9866666666666667
2461,233331BL0,coupon_maturity_name,1.0,1,1,DTE ENERGY CO,US233331BL01,5074000.0,0.017863338865,DTE ENERGY COMPANY,6303000,0.8050134856417579
2462,04352EAA3,coupon_maturity_name,1.0,1,1,ASCENSION HEALTH,US04352EAA38,6508000.0,0.020491989124,ASCENSION HEALTH,6979000,0.9325118211778192
2463,29364WBR8,coupon_maturity_name,1.0,1,1,ENTERGY LOUISIANA LLC,US29364WBR88,7917000.0,0.025933298836,ENTERGY LOUISIANA LLC,6680000,1.1851796407185629
2464,05724BAN9,coupon_maturity_name,0.6666666666666666,1,1,BAKER HUGHES LLC/CO-OBL,US05724BAN91,8421000.0,0.027773041245,BAKER HUGHES HOLDINGS LLC,6733000,1.25070548046933
2465,375558BT9,coupon_maturity_name,1.0,1,1,GILEAD SCIENCES INC,US375558BT99,10128000.0,0.021441978102,GILEAD SCIENCES INC,10626000,0.9531338226990401
2466,68389XCH6,coupon_maturity_name,1.0,1,1,ORACLE CORP,US68389XCH61,10558000.0,0.036702004393,ORACLE CORPORATION,6369000,1.657717067043492
2467,29250NAM7,coupon_maturity_name,1.0,1,1,ENBRIDGE INC,US29250NAM74,5842000.0,0.01890822729,ENBRIDGE INC,6919000,0.8443416678710797
2468,539830CM9,coupon_maturity_name,1.0,1,1,LOCKHEED MARTIN CORP,US539830CM96,5460000.0,0.018473024694,LOCKHEED MARTIN CORPORATION,6462000,0.8449396471680595
2469,449276AF1,coupon_maturity_name,1.0,1,1,IBM INTERNAT CAPITAL,US449276AF17,9161000.0,0.028759173237,IBM INTERNATIONAL CAPITAL PTE LTD,7164000,1.2787548855388051
2470,316773DP2,coupon_maturity_name,1.0,1,1,FIFTH THIRD BANCORP,US316773DP29,7163000.0,0.023543879739,FIFTH THIRD BANCORP,6590000,1.0869499241274658
2471,219350BF1,coupon_maturity_name,1.0,1,1,CORNING INC,US219350BF12,7507000.0,0.020222121667,CORNING INC,8406000,0.8930525814894124
2472,36962G3P7,coupon_maturity_name,1.0,1,1,GENERAL ELECTRIC CO,US36962G3P70,6191000.0,0.0221310937,GENERAL ELECTRIC CO MTN,6224000,0.9946979434447301
2473,980236AS2,coupon_maturity_name,1.0,1,1,WOODSIDE FINANCE LTD,US980236AS23,4896000.0,0.015733381826,WOODSIDE FINANCE LTD,6830000,0.7168374816983895
2474,015271AW9,coupon_maturity_name,0.5,1,1,ALEXANDRIA REAL ESTATE E,US015271AW93,6452000.0,0.018237462305,ALEXANDRIA REAL ESTATE EQUITIES IN,7762000,0.8312290646740531
2475,458140CC2,coupon_maturity_name,1.0,1,1,INTEL CORP,US458140CC21,7023000.0,0.019753463219,INTEL CORPORATION,7944000,0.8840634441087614
2476,56501RAD8,coupon_maturity_name,1.0,1,1,MANULIFE FINANCIAL CORP,US56501RAD89,5731000.0,0.018587447984,MANULIFE FINANCIAL CORP,6771000,0.8464037808300103
2477,110122DZ8,coupon_maturity_name,1.0,2,1,BRISTOL-MYERS SQUIBB CO,US110122DZ89,5775000.0,0.020672064123,BRISTOL-MYERS SQUIBB CO,6138000,0.9408602150537635
2478,125523BK5,coupon_maturity_name,1.0,1,1,CIGNA GROUP/THE,US125523BK57,6189000.0,0.015868280987,CIGNA GROUP,8676000,0.7133471645919779
2479,42250PAA1,coupon_maturity_name,1.0,1,1,HEALTHPEAK OP LLC,US42250PAA12,5279000.0,0.016717772002,HEALTHPEAK OP LLC,6909000,0.7640758431031988
2480,52532XAH8,coupon_maturity_name,1.0,1,1,LEIDOS INC,US52532XAH89,6247000.0,0.018740792611,LEIDOS INC,7247000,0.8620118669794398
2481,907818FT0,coupon_maturity_name,1.0,1,1,UNION PACIFIC CORP,US907818FT00,8658000.0,0.022629345791,UNION PACIFIC CORPORATION,8459000,1.0235252393899987
2482,92343VGL2,coupon_maturity_name,1.0,1,1,VERIZON COMMUNICATIONS,US92343VGL27,7439000.0,0.017865114425,VERIZON COMMUNICATIONS INC,9223000,0.8065705301962485
2483,,name_below_threshold,0.3333333333333333,2,0,,,,,DEVON ENERGY CORPORATION 144A,6366000,
2484,694308LB1,coupon_maturity_name,1.0,1,1,PACIFIC GAS & ELECTRIC,US694308LB11,7577000.0,0.024396587686,PACIFIC GAS AND ELECTRIC COMPANY,6758000,1.1211897010949985
2485,10373QBN9,coupon_maturity_name,1.0,1,1,BP CAP MARKETS AMERICA,US10373QBN97,12551000.0,0.026123799481,BP CAPITAL MARKETS AMERICA INC,10739000,1.1687307943011453
2486,084659AX9,coupon_maturity_name,1.0,1,1,BERKSHIRE HATHAWAY ENERG,US084659AX90,6002000.0,0.015968123974,BERKSHIRE HATHAWAY ENERGY CO,8261000,0.7265464229512165
2487,036752BF9,coupon_maturity_name,1.0,2,1,ELEVANCE HEALTH INC,US036752BF97,5813000.0,0.019051759782,ELEVANCE HEALTH INC,6749000,0.8613127870795674
2488,25243YBH1,coupon_maturity_name,1.0,1,1,DIAGEO CAPITAL PLC,US25243YBH18,5407000.0,0.018772419716,DIAGEO CAPITAL PLC,6165000,0.8770478507704785
2489,125523CS7,coupon_maturity_name,1.0,1,1,CIGNA GROUP/THE,US125523CS74,6058000.0,0.02088748889,CIGNA GROUP,6252000,0.9689699296225208
2490,04010LBN2,coupon_maturity_name,1.0,1,1,ARES CAPITAL CORP,US04010LBN29,3503000.0,0.011685084669,ARES CAPITAL CORPORATION,6435000,0.5443667443667444
2491,539830CE7,coupon_maturity_name,1.0,1,1,LOCKHEED MARTIN CORP,US539830CE70,4590000.0,0.014165892486,LOCKHEED MARTIN CORPORATION,7098000,0.6466610312764159
2492,37045VBA7,coupon_maturity_name,1.0,1,1,GENERAL MOTORS CO,US37045VBA70,6883000.0,0.023783641577,GENERAL MOTORS CO,6226000,1.1055252168326373
2493,444859BR2,coupon_maturity_name,1.0,1,1,HUMANA INC,US444859BR26,7932000.0,0.02308161275,HUMANA INC,7398000,1.0721816707218168
2494,097023CQ6,coupon_maturity_name,1.0,1,1,BOEING CO,US097023CQ64,11051000.0,0.027086609789,BOEING CO,8886000,1.2436416835471529
2495,842400HZ9,coupon_maturity_name,1.0,1,1,SOUTHERN CAL EDISON,US842400HZ94,7300000.0,0.02424177553,SOUTHERN CALIFORNIA EDISON COMPANY,6524000,1.1189454322501533
2496,02665WEZ0,coupon_maturity_name,1.0,1,1,AMERICAN HONDA FINANCE,US02665WEZ05,7366000.0,0.024379783206,AMERICAN HONDA FINANCE CORPORATION MTN,6630000,1.1110105580693816
2497,24703TAN6,coupon_maturity_name,0.6666666666666666,1,1,DELL INT LLC / EMC CORP,US24703TAN63,4979000.0,0.017071485985,DELL INTERNATIONAL LLC,6288000,0.7918256997455471
2498,26442CAH7,coupon_maturity_name,1.0,1,1,DUKE ENERGY CAROLINAS,US26442CAH79,5519000.0,0.018395690134,DUKE ENERGY CAROLINAS LLC,6469000,0.8531457721440717
2499,87264ADX0,coupon_maturity_name,1.0,1,1,T-MOBILE USA INC,US87264ADX00,8544000.0,0.028155010545,T-MOBILE USA INC,6645000,1.2857787810383747
2500,78017DAQ1,coupon_maturity_name,1.0,1,1,ROYAL BANK OF CANADA,US78017DAQ16,6935000.0,0.022879808468,ROYAL BANK OF CANADA (FXD-FRN) MTN,6540000,1.0603975535168195
2501,713448DP0,coupon_maturity_name,1.0,1,1,PEPSICO INC,US713448DP06,6842000.0,0.017109665314,PEPSICO INC,8763000,0.7807828369279927
2502,94973VBK2,coupon_maturity_name,1.0,1,1,ELEVANCE HEALTH INC,US94973VBK26,9008000.0,0.026327785935,ELEVANCE HEALTH INC,7417000,1.2145072131589592
2503,13607QFE7,coupon_maturity_name,1.0,1,1,CANADIAN IMPERIAL BANK,US13607QFE70,4989000.0,0.016600338475,CANADIAN IMPERIAL BANK (FXD-FRN),6407000,0.7786795692211643
2504,29273RBL2,coupon_maturity_name,0.6666666666666666,1,1,ENERGY TRANSFER LP,US29273RBL24,7075000.0,0.021356845092,ENERGY TRANSFER PARTNERS LP,7255000,0.9751895244658856
2505,037833DD9,coupon_maturity_name,1.0,1,1,APPLE INC,US037833DD98,11531000.0,0.030145936093,APPLE INC,8466000,1.3620363808173872
2506,29364WBQ0,coupon_maturity_name,1.0,1,1,ENTERGY LOUISIANA LLC,US29364WBQ06,5084000.0,0.017010268962,ENTERGY LOUISIANA LLC,6495000,0.7827559661277906
2507,855244BA6,coupon_maturity_name,1.0,1,1,STARBUCKS CORP,US855244BA67,9515000.0,0.022315680746,STARBUCKS CORPORATION,9411000,1.011050897885453
2508,68233JCU6,coupon_maturity_name,0.75,1,1,ONCOR ELECTRIC DELIVERY,US68233JCU60,4680000.0,0.015149282316,ONCOR ELECTRIC DELIVERY COMPANY LL,6788000,0.6894519740718916
2509,80281LAY1,coupon_maturity_name,1.0,1,1,SANTANDER UK GROUP HLDGS,US80281LAY11,5975000.0,0.019460890779,SANTANDER UK GROUP HOLDINGS PLC,6570000,0.9094368340943684
2510,47233JGT9,coupon_maturity_name,1.0,1,1,JEFFERIES FIN GROUP INC,US47233JGT97,7926000.0,0.023219111238,JEFFERIES GROUP LLC MTN,7306000,1.0848617574596222
2511,24422EXU8,coupon_maturity_name,1.0,1,1,JOHN DEERE CAPITAL CORP,US24422EXU80,6375000.0,0.021651843201,JOHN DEERE CAPITAL CORP MTN,6377000,0.9996863729026187
2512,87264ADW2,coupon_maturity_name,1.0,1,1,T-MOBILE USA INC,US87264ADW27,5981000.0,0.019755971822,T-MOBILE USA INC,6605000,0.9055261165783497
2513,91324PEL2,coupon_maturity_name,1.0,1,1,UNITEDHEALTH GROUP INC,US91324PEL22,7540000.0,0.021638963011,UNITEDHEALTH GROUP INC,7655000,0.984977139124755
2514,701094AS3,coupon_maturity_name,1.0,1,1,PARKER-HANNIFIN CORP,US701094AS32,6918000.0,0.023287513704,PARKER HANNIFIN CORPORATION,6336000,1.0918560606060606
2515,87264ADN2,coupon_maturity_name,1.0,1,1,T-MOBILE USA INC,US87264ADN28,6502000.0,0.019622901171,T-MOBILE USA INC,7435000,0.8745124411566914
2516,552081AM3,coupon_maturity_name,1.0,1,1,LYONDELLBASELL IND NV,US552081AM30,7870000.0,0.020483479725,LYONDELLBASELL INDUSTRIES NV,8362000,0.9411624013393924
2517,04636NAS2,coupon_maturity_name,1.0,1,1,ASTRAZENECA FINANCE LLC,US04636NAS27,6905000.0,0.022539138361,ASTRAZENECA FINANCE LLC,6565000,1.0517897943640517
2518,,no_coupon_maturity_candidates,,0,0,,,,,NETFLIX INC,6445000,
2519,682680AV5,coupon_maturity_name,1.0,1,1,ONEOK INC,US682680AV54,5800000.0,0.017322579833,ONEOK INC,7383000,0.7855885141541379
2520,16412XAJ4,coupon_maturity_name,0.4,1,1,CHENIERE CORP CHRISTI HD,US16412XAJ46,8027000.0,0.026146743092,CHENIERE CORPUS CHRISTI HOLDINGS L,6552000,1.2251221001221002
2521,665859AX2,coupon_maturity_name,1.0,1,1,NORTHERN TRUST CORP,US665859AX29,4556000.0,0.016390941265,NORTHERN TRUST CORPORATION,5926000,0.7688153898076274
2522,927804GF5,coupon_maturity_name,0.75,1,1,VIRGINIA ELEC & POWER CO,US927804GF58,6120000.0,0.012891567373,VIRGINIA ELECTRIC AND POWER COMPAN,10434000,0.58654399079931
2523,78081BAM5,coupon_maturity_name,1.0,1,1,ROYALTY PHARMA PLC,US78081BAM54,7114000.0,0.016634528242,ROYALTY PHARMA PLC,9235000,0.7703302652950731
2524,87612EBN5,coupon_maturity_name,1.0,2,1,TARGET CORP,US87612EBN58,10092000.0,0.021517735271,TARGET CORPORATION,10274000,0.9822853805723185
2525,58933YBR5,coupon_maturity_name,1.0,1,1,MERCK & CO INC,US58933YBR53,8566000.0,0.028674238765,MERCK & CO INC,6349000,1.3491888486375807
2526,767201AT3,coupon_maturity_name,0.6666666666666666,1,1,RIO TINTO FIN USA LTD,US767201AT32,9613000.0,0.019810084757,RIO TINTO FINANCE (USA) LTD,10564000,0.9099772813328285
2527,251526CK3,coupon_maturity_name,0.6666666666666666,1,1,DEUTSCHE BANK NY,US251526CK32,5776000.0,0.017644974473,DEUTSCHE BANK AG (NEW YORK BRANCH),6989000,0.826441551008728
2528,04351LAE0,coupon_maturity_name,1.0,1,1,ASCENSION HEALTH,US04351LAE02,3877000.0,0.012913041642,ASCENSION HEALTH,6444000,0.6016449410304159
2529,92826CAQ5,coupon_maturity_name,1.0,1,1,VISA INC,US92826CAQ50,9803000.0,0.017647732616,VISA INC,12064000,0.8125828912466844
2530,42809HAC1,coupon_maturity_name,1.0,1,1,HESS CORP,US42809HAC16,6289000.0,0.022351770809,HESS CORP,6123000,1.0271108933529316
2531,842587DR5,coupon_maturity_name,1.0,1,1,SOUTHERN CO,US842587DR51,7730000.0,0.026262366877,SOUTHERN COMPANY (THE),6303000,1.226400126923687
2532,,no_coupon_maturity_candidates,,0,0,,,,,SANTANDER HOLDINGS USA INC,6396000,
2533,482480AJ9,coupon_maturity_name,1.0,1,1,KLA CORP,US482480AJ99,7241000.0,0.016830667291,KLA CORP,9279000,0.7803642633904515
2534,49456BBA8,coupon_maturity_name,1.0,1,1,KINDER MORGAN INC,US49456BBA89,6910000.0,0.023308408946,KINDER MORGAN INC,6302000,1.0964773087908601
2535,694308JT5,coupon_maturity_name,1.0,1,1,PACIFIC GAS & ELECTRIC,US694308JT56,7178000.0,0.022260816268,PACIFIC GAS AND ELECTRIC COMPANY,6857000,1.046813475280735
2536,92343VCM4,coupon_maturity_name,1.0,1,1,VERIZON COMMUNICATIONS,US92343VCM46,6354000.0,0.018574525588,VERIZON COMMUNICATIONS INC,7430000,0.8551816958277254
2537,00287YEB1,coupon_maturity_name,1.0,1,1,ABBVIE INC,US00287YEB11,8447000.0,0.028058712602,ABBVIE INC,6481000,1.3033482487270482
2538,694308KV8,coupon_maturity_name,1.0,1,1,PACIFIC GAS & ELECTRIC,US694308KV83,6003000.0,0.019672326789,PACIFIC GAS AND ELECTRIC COMPANY,6504000,0.9229704797047971
2539,89114TZJ4,coupon_maturity_name,1.0,1,1,TORONTO-DOMINION BANK,US89114TZJ41,8329000.0,0.024751706578,TORONTO-DOMINION BANK/THE MTN,7148000,1.1652210408505876
2540,571748BN1,coupon_maturity_name,1.0,1,1,MARSH & MCLENNAN COS INC,US571748BN17,6830000.0,0.020773887319,MARSH & MCLENNAN COMPANIES INC,6981000,0.9783698610514253
2541,171239AG1,coupon_maturity_name,1.0,1,1,CHUBB INA HOLDINGS LLC,US171239AG12,11719000.0,0.034503869381,CHUBB INA HOLDINGS LLC,7204000,1.6267351471404776
2542,05964HAM7,coupon_maturity_name,1.0,1,1,BANCO SANTANDER SA,US05964HAM79,6577000.0,0.020264649391,BANCO SANTANDER SA,6862000,0.9584669192655203
2543,913017CA5,coupon_maturity_size,0.0,1,0,RTX CORP,US913017CA50,7694000.0,0.021290500128,RAYTHEON TECHNOLOGIES CORPORATION,7805000,0.9857783472133248
2544,12636YAH5,coupon_maturity_name,1.0,1,1,CRH AMERICA FINANCE INC,US12636YAH53,8724000.0,0.028903005131,CRH AMERICA FINANCE INC,6316000,1.3812539582013932
2545,404280AM1,coupon_maturity_name,1.0,1,1,HSBC HOLDINGS PLC,US404280AM17,5562000.0,0.019846116196,HSBC HOLDINGS PLC,6062000,0.9175189706367536
2546,754730AF6,coupon_maturity_name,1.0,1,1,RAYMOND JAMES FINANCIAL,US754730AF69,7344000.0,0.022148354384,RAYMOND JAMES FINANCIAL INC.,7299000,1.0061652281134401
2547,13607PHS6,coupon_maturity_name,0.6,1,1,CANADIAN IMPERIAL BANK,US13607PHS65,5002000.0,0.016779625434,CANADIAN IMPERIAL BANK OF COMMERCE,6247000,0.8007043380822795
2548,16411QAX9,coupon_maturity_name,1.0,1,1,CHENIERE ENERGY PARTNERS,US16411QAX97,1665000.0,0.005578488048,CHENIERE ENERGY PARTNERS LP 144A,6411000,0.2597098736546561
2549,87612GAB7,coupon_maturity_name,1.0,1,1,TARGA RESOURCES CORP,US87612GAB77,6123000.0,0.017657113192,TARGA RESOURCES CORP,7469000,0.8197884589637167
2550,89115KAM2,coupon_maturity_name,1.0,1,1,TORONTO-DOMINION BANK,US89115KAM27,5584000.0,0.018564156284,TORONTO-DOMINION BANK/THE MTN,6411000,0.8710029636562159
2551,636274AF9,coupon_maturity_name,1.0,1,1,NATIONAL GRID PLC,US636274AF94,5150000.0,0.017640036239,NATIONAL GRID PLC,6271000,0.8212406314782331
2552,961214EG4,coupon_maturity_name,1.0,1,1,WESTPAC BANKING CORP,US961214EG45,5212000.0,0.015710914598,WESTPAC BANKING CORP,6965000,0.7483129935391242
2553,00206RCU4,coupon_maturity_name,1.0,1,1,AT&T INC,US00206RCU41,5997000.0,0.019399353403,AT&T INC,6629000,0.904661336551516
2554,161175BM5,coupon_maturity_size,0.3333333333333333,1,0,CHARTER COMM OPT LLC/CAP,US161175BM51,6852000.0,0.020547342913,CHARTER COMMUNICATIONS OPERATING L,7088000,0.9667042889390519
2555,375558CB7,coupon_maturity_name,1.0,1,1,GILEAD SCIENCES INC,US375558CB72,5678000.0,0.01930023671,GILEAD SCIENCES INC,6196000,0.9163976759199484
2556,458140BL3,coupon_maturity_name,1.0,1,1,INTEL CORP,US458140BL39,5413000.0,0.016387358885,INTEL CORPORATION,7035000,0.7694385216773276
2557,458140BN9,coupon_maturity_name,1.0,1,1,INTEL CORP,US458140BN94,7203000.0,0.020195461705,INTEL CORPORATION,7727000,0.9321858418532418
2558,91324PEA6,coupon_maturity_name,1.0,1,1,UNITEDHEALTH GROUP INC,US91324PEA66,6309000.0,0.012854611337,UNITEDHEALTH GROUP INC,10714000,0.5888557028187419
2559,165167DH7,coupon_maturity_name,1.0,1,1,EXPAND ENERGY CORP,US165167DH73,5632000.0,0.019298799534,EXPAND ENERGY CORP,6272000,0.8979591836734694
2560,58933YBG9,coupon_maturity_name,1.0,1,1,MERCK & CO INC,US58933YBG98,11284000.0,0.021882801611,MERCK & CO INC,11282000,1.0001772735330614
2561,02209SAM5,coupon_maturity_name,1.0,1,1,ALTRIA GROUP INC,US02209SAM52,7307000.0,0.02015619181,ALTRIA GROUP INC,7636000,0.9569146149816657
2562,478160CG7,coupon_maturity_name,1.0,1,1,JOHNSON & JOHNSON,US478160CG79,8656000.0,0.023205180137,JOHNSON & JOHNSON,7996000,1.0825412706353177
2563,87264ACQ6,coupon_maturity_name,1.0,1,1,T-MOBILE USA INC,US87264ACQ67,7969000.0,0.023858181966,T-MOBILE USA INC,7033000,1.133086876155268
2564,49456BAW1,coupon_maturity_name,1.0,1,1,KINDER MORGAN INC,US49456BAW19,5841000.0,0.018423691411,KINDER MORGAN INC,6707000,0.8708811689279857
2565,049463AH5,coupon_maturity_name,1.0,2,1,ATLAS WAREHOUSE LEND,US049463AH57,5510000.0,0.018163392524,ATLAS WAREHOUSE LENDING COMPANY LP 144A,6435000,0.8562548562548562
2566,037833EE6,coupon_maturity_name,1.0,1,1,APPLE INC,US037833EE62,7545000.0,0.018030119541,APPLE INC,8924000,0.8454728821156432
2567,931142CM3,coupon_maturity_name,1.0,1,1,WALMART INC,US931142CM31,7077000.0,0.026508466755,WALMART INC,5648000,1.2530099150141643
2568,110122DR6,coupon_maturity_name,1.0,1,1,BRISTOL-MYERS SQUIBB CO,US110122DR63,9535000.0,0.022427203393,BRISTOL-MYERS SQUIBB CO,9053000,1.053242019220148
2569,023608AJ1,coupon_maturity_name,1.0,1,1,AMEREN CORP,US023608AJ15,6627000.0,0.02110414004,AMEREN CORPORATION,6625000,1.000301886792453
2570,037833DP2,coupon_maturity_name,1.0,1,1,APPLE INC,US037833DP29,8235000.0,0.02607029042,APPLE INC,6600000,1.2477272727272728
2571,12513GBJ7,coupon_maturity_name,1.0,1,1,CDW LLC/CDW FINANCE,US12513GBJ76,7217000.0,0.02210147165,CDW LLC,6827000,1.0571261168888237
2572,58933YBJ3,coupon_maturity_name,1.0,1,1,MERCK & CO INC,US58933YBJ38,6768000.0,0.022623540309,MERCK & CO INC,6256000,1.081841432225064
2573,78081BAL7,coupon_maturity_name,1.0,1,1,ROYALTY PHARMA PLC,US78081BAL71,7491000.0,0.019476626786,ROYALTY PHARMA PLC,8092000,0.925729115175482
2574,595620AU9,coupon_maturity_name,1.0,1,1,MIDAMERICAN ENERGY CO,US595620AU94,7236000.0,0.019714484097,MIDAMERICAN ENERGY COMPANY,7922000,0.9134057056298914
2575,801060AJ3,coupon_maturity_name,1.0,1,1,SANOFI SA,US801060AJ31,5146000.0,0.016953844687,SANOFI SA MTN,6361000,0.8089922968086779
2576,532457CT3,coupon_maturity_name,1.0,1,1,ELI LILLY & CO,US532457CT39,7180000.0,0.022314429449,ELI LILLY AND COMPANY,6800000,1.0558823529411765
2577,26875PBA8,coupon_maturity_name,1.0,1,1,EOG RESOURCES INC,US26875PBA84,5576000.0,0.019190197843,EOG RESOURCES INC,6268000,0.8895979578813018
2578,472140AD4,coupon_maturity_size,0.25,1,0,JBS NV/USA FOODS/FOOD CO,US472140AD49,7113000.0,0.023828946886,JBS NV,6330000,1.123696682464455
2579,12189LBN0,coupon_maturity_name,0.6,2,1,BURLINGTN NORTH SANTA FE,US12189LBN01,6597000.0,0.021610713771,BURLINGTON NORTHERN SANTA FE LLC,6430000,1.0259720062208397
2580,74340XCH2,coupon_maturity_name,1.0,1,1,PROLOGIS LP,US74340XCH26,4574000.0,0.015519188075,PROLOGIS LP,6239000,0.7331303093444462
2581,91324PDV1,coupon_maturity_name,1.0,1,1,UNITEDHEALTH GROUP INC,US91324PDV13,7569000.0,0.01810818429,UNITEDHEALTH GROUP INC,8808000,0.8593324250681199
2582,824348BJ4,coupon_maturity_name,1.0,1,1,SHERWIN-WILLIAMS CO,US824348BJ44,7622000.0,0.024390732377,SHERWIN-WILLIAMS COMPANY (THE),6449000,1.1818886649092883
2583,26078JAE0,coupon_maturity_name,1.0,1,1,DUPONT DE NEMOURS INC,US26078JAE01,6349000.0,0.021063419304,DUPONT DE NEMOURS INC,6337000,1.0018936405239072
2584,29379VAW3,coupon_maturity_name,1.0,1,1,ENTERPRISE PRODUCTS OPER,US29379VAW37,5976000.0,0.018533483659,ENTERPRISE PRODUCTS OPERATING LLC,6700000,0.8919402985074627
2585,595112BS1,coupon_maturity_name,1.0,1,1,MICRON TECHNOLOGY INC,US595112BS19,6877000.0,0.020725623179,MICRON TECHNOLOGY INC,6927000,0.992781868052548
2586,097023CN3,coupon_maturity_name,1.0,1,1,BOEING CO,US097023CN34,7308000.0,0.023128137592,BOEING CO,6510000,1.1225806451612903
2587,29379VCA9,coupon_maturity_name,1.0,1,1,ENTERPRISE PRODUCTS OPER,US29379VCA98,8190000.0,0.018265245502,ENTERPRISE PRODUCTS OPERATING LLC,9448000,0.8668501270110076
2588,91324PDY5,coupon_maturity_name,1.0,1,1,UNITEDHEALTH GROUP INC,US91324PDY51,6028000.0,0.01493438188,UNITEDHEALTH GROUP INC,8496000,0.7095103578154426
2589,58013MEZ3,coupon_maturity_name,0.5,1,1,MCDONALD'S CORP,US58013MEZ32,5806000.0,0.019098204578,MCDONALDS CORPORATION MTN,6367000,0.9118894298727815
2590,76720AAG1,coupon_maturity_name,0.6666666666666666,1,1,RIO TINTO FIN USA PLC,US76720AAG13,7100000.0,0.020347325741,RIO TINTO FINANCE (USA) PLC,7234000,0.9814763616256567
2591,036752BB8,coupon_maturity_name,1.0,1,1,ELEVANCE HEALTH INC,US036752BB83,5483000.0,0.018497404575,ELEVANCE HEALTH INC,6067000,0.9037415526619417
2592,125523DA5,coupon_maturity_name,1.0,1,1,CIGNA GROUP/THE,US125523DA57,5539000.0,0.018872957031,CIGNA GROUP,6272000,0.8831313775510204
2593,969457CA6,coupon_maturity_name,1.0,1,1,WILLIAMS COMPANIES INC,US969457CA67,6493000.0,0.019952200487,WILLIAMS COMPANIES INC,6816000,0.9526115023474179
2594,883556CM2,coupon_maturity_name,1.0,1,1,THERMO FISHER SCIENTIFIC,US883556CM25,9074000.0,0.022192324152,THERMO FISHER SCIENTIFIC INC,8585000,1.0569598136284217
2595,278865BN9,coupon_maturity_name,1.0,1,1,ECOLAB INC,US278865BN99,6505000.0,0.013317070987,ECOLAB INC,10464000,0.6216551987767585
2596,166756BF2,coupon_maturity_name,1.0,1,1,CHEVRON USA INC,US166756BF23,6180000.0,0.020993182821,CHEVRON USA INC,6112000,1.0111256544502618
2597,458140AY6,coupon_maturity_name,1.0,1,1,INTEL CORP,US458140AY68,7988000.0,0.020675778694,INTEL CORPORATION,8294000,0.9631058596575838
2598,032095AR2,coupon_maturity_name,1.0,2,1,AMPHENOL CORP,US032095AR24,5840000.0,0.019598462632,AMPHENOL CORPORATION,6260000,0.9329073482428115
2599,595017BL7,coupon_maturity_name,1.0,1,1,MICROCHIP TECHNOLOGY INC,US595017BL79,5307000.0,0.017978242971,MICROCHIP TECHNOLOGY INCORPORATED,6027000,0.880537580886013
2600,037833AT7,coupon_maturity_name,1.0,1,1,APPLE INC,US037833AT77,6060000.0,0.018158796268,APPLE INC,7058000,0.8586001700198357
2601,149123CH2,coupon_maturity_name,1.0,1,1,CATERPILLAR INC,US149123CH22,9597000.0,0.030239068038,CATERPILLAR INC,6549000,1.4654145671094823
2602,254687FR2,coupon_maturity_name,1.0,1,1,WALT DISNEY COMPANY/THE,US254687FR23,5555000.0,0.017472261463,WALT DISNEY CO,6595000,0.8423047763457164
2603,12189LAU5,coupon_maturity_name,0.6,1,1,BURLINGTN NORTH SANTA FE,US12189LAU52,6763000.0,0.020010112136,BURLINGTON NORTHERN SANTA FE LLC,7024000,0.9628416856492027
2604,58933YBB0,coupon_maturity_name,1.0,1,1,MERCK & CO INC,US58933YBB02,8038000.0,0.015757060864,MERCK & CO INC,10881000,0.7387188677511258
2605,89157XAD3,coupon_maturity_name,1.0,1,1,TOTALENERGIES CAPITAL SA,US89157XAD30,4773000.0,0.015904205015,TOTALENERGIES CAPITAL SA,6174000,0.7730806608357629
2606,58013MFH2,coupon_maturity_name,0.5,1,1,MCDONALD'S CORP,US58013MFH25,8062000.0,0.022664943992,MCDONALDS CORPORATION MTN,7416000,1.0871089536138079
2607,00440KAB9,coupon_maturity_name,1.0,1,1,ACCENTURE CAPITAL INC,US00440KAB98,5626000.0,0.018677334523,ACCENTURE CAPITAL INC,6178000,0.9106506960181289
2608,26441CBH7,coupon_maturity_name,1.0,1,1,DUKE ENERGY CORP,US26441CBH79,5797000.0,0.01795622634,DUKE ENERGY CORP,6677000,0.8682042833607908
2609,718172DT3,coupon_maturity_name,0.5,1,1,PHILIP MORRIS INTL INC,US718172DT37,6042000.0,0.020142718524,PHILIP MORRIS INTERNATIONAL INC,6168000,0.9795719844357976
2610,29250NBF1,coupon_maturity_name,1.0,1,1,ENBRIDGE INC,US29250NBF15,7671000.0,0.022027219818,ENBRIDGE INC,7160000,1.071368715083799
2611,031162DF4,coupon_maturity_name,1.0,1,1,AMGEN INC,US031162DF41,6921000.0,0.018212511791,AMGEN INC,7911000,0.8748577929465301
2612,80282KBM7,coupon_maturity_name,1.0,1,1,SANTANDER HOLDINGS USA,US80282KBM71,9229000.0,0.031303400764,SANTANDER HOLDINGS USA INC,5970000,1.5458961474036852
2613,17275RBX9,coupon_maturity_name,1.0,1,1,CISCO SYSTEMS INC,US17275RBX98,7231000.0,0.024586396923,CISCO SYSTEMS INC,5993000,1.2065743367261805
2614,438127AC6,coupon_maturity_name,1.0,1,1,HONDA MOTOR CO LTD,US438127AC63,5413000.0,0.016376404846,HONDA MOTOR CO LTD,6787000,0.797554147635185
2615,66989HAW8,coupon_maturity_name,1.0,1,1,NOVARTIS CAPITAL CORP,US66989HAW88,5344000.0,0.015801654988,NOVARTIS CAPITAL CORP,7088000,0.7539503386004515
2616,260543DN0,coupon_maturity_name,1.0,1,1,DOW CHEMICAL CO/THE,US260543DN04,7758000.0,0.025787256566,DOW CHEMICAL CO,6231000,1.2450649975926817
2617,502431AU3,coupon_maturity_name,1.0,2,1,L3HARRIS TECH INC,US502431AU32,4769000.0,0.016305746541,L3HARRIS TECHNOLOGIES INC,6046000,0.7887859741978167
2618,68233JCM4,coupon_maturity_name,0.75,2,1,ONCOR ELECTRIC DELIVERY,US68233JCM45,6548000.0,0.019484600237,ONCOR ELECTRIC DELIVERY COMPANY LL,6971000,0.9393200401664037
2619,260543CR2,coupon_maturity_name,1.0,1,1,DOW CHEMICAL CO/THE,US260543CR27,8480000.0,0.025364917337,DOW CHEMICAL CO,6944000,1.2211981566820276
2620,037833EZ9,coupon_maturity_name,1.0,1,1,APPLE INC,US037833EZ91,6596000.0,0.022202421319,APPLE INC,6113000,1.079011941763455
2621,12527GAL7,coupon_maturity_name,1.0,1,1,CF INDUSTRIES INC,US12527GAL77,4959000.0,0.016615704,CF INDUSTRIES INC,6175000,0.803076923076923
2622,11135FCF6,coupon_maturity_name,1.0,1,1,BROADCOM INC,US11135FCF62,7944000.0,0.027117692082,BROADCOM INC,5979000,1.3286502759658805
2623,87612EBR6,coupon_maturity_name,1.0,1,1,TARGET CORP,US87612EBR62,6924000.0,0.020522661347,TARGET CORPORATION,7076000,0.9785189372526851
2624,084659AF8,coupon_maturity_name,1.0,2,1,BERKSHIRE HATHAWAY ENERG,US084659AF84,4160000.0,0.01200501281,BERKSHIRE HATHAWAY ENERGY CO,7165000,0.5806001395673412
2625,69120VAZ4,coupon_maturity_name,1.0,1,1,BLUE OWL CREDIT INCOME,US69120VAZ40,6311000.0,0.021243192249,BLUE OWL CREDIT INCOME CORP,5981000,1.0551747199464971
2626,12572QAK1,coupon_maturity_name,1.0,1,1,CME GROUP INC,US12572QAK13,8118000.0,0.024640045192,CME GROUP INC,6731000,1.2060615064626357
2627,532457DD7,coupon_maturity_name,1.0,1,1,ELI LILLY & CO,US532457DD77,8167000.0,0.027320163059,ELI LILLY AND COMPANY,6117000,1.3351316004577407
2628,191216DQ0,coupon_maturity_name,1.0,1,1,COCA-COLA CO/THE,US191216DQ04,7033000.0,0.017972301873,COCA-COLA CO,8120000,0.8661330049261083
2629,931142EV1,coupon_maturity_name,1.0,1,1,WALMART INC,US931142EV12,11970000.0,0.024953802103,WALMART INC,10075000,1.1880893300248139
2630,29444UBS4,coupon_maturity_name,1.0,1,1,EQUINIX INC,US29444UBS42,8976000.0,0.027050711447,EQUINIX INC,6811000,1.3178681544560271
2631,49456BAT8,coupon_maturity_name,1.0,1,1,KINDER MORGAN INC,US49456BAT89,8238000.0,0.019544390459,KINDER MORGAN INC,8728000,0.943858845096242
2632,92556VAE6,coupon_maturity_name,1.0,1,1,VIATRIS INC,US92556VAE65,7843000.0,0.020555115039,VIATRIS INC,7843000,1.0
2633,136385BE0,coupon_maturity_name,0.5,1,1,CANADIAN NATL RESOURCES,US136385BE00,4936000.0,0.01680648709,CANADIAN NATURAL RESOURCES LTD,6047000,0.8162725318339673
2634,969457CR9,coupon_maturity_name,1.0,1,1,WILLIAMS COMPANIES INC,US969457CR92,7794000.0,0.026118209291,WILLIAMS COMPANIES INC,6124000,1.2726975832789027
2635,49456BAQ4,coupon_maturity_name,1.0,1,1,KINDER MORGAN INC,US49456BAQ41,6821000.0,0.0209816468,KINDER MORGAN INC,6713000,1.0160881870996574
2636,855244AS8,coupon_maturity_name,1.0,1,1,STARBUCKS CORP,US855244AS84,3148000.0,0.008806763669,STARBUCKS CORPORATION,7439000,0.42317515795133753
2637,035240AT7,coupon_maturity_name,1.0,1,1,ANHEUSER-BUSCH INBEV WOR,US035240AT78,6948000.0,0.020893226749,ANHEUSER-BUSCH INBEV WORLDWIDE INC,6908000,1.005790387955993
2638,80281LAU9,coupon_maturity_name,1.0,1,1,SANTANDER UK GROUP HLDGS,US80281LAU98,3872000.0,0.013006825106,SANTANDER UK GROUP HOLDINGS PLC,5979000,0.6475999330991805
2639,04010LBH5,coupon_maturity_name,1.0,1,1,ARES CAPITAL CORP,US04010LBH50,4725000.0,0.015770875086,ARES CAPITAL CORPORATION,6012000,0.7859281437125748
2640,879360AE5,coupon_maturity_name,0.6666666666666666,1,1,TELEDYNE TECHNOLOGIES IN,US879360AE54,5723000.0,0.017606883248,TELEDYNE TECHNOLOGIES INCORPORATED,6613000,0.8654166036594586
2641,046353AU2,coupon_maturity_name,1.0,1,1,ASTRAZENECA PLC,US046353AU26,7146000.0,0.020650327554,ASTRAZENECA PLC,7104000,1.005912162162162
2642,775109CJ8,coupon_maturity_name,0.6666666666666666,1,1,ROGERS COMMUNICATIONS IN,US775109CJ87,5913000.0,0.016905184378,ROGERS COMMUNICATIONS INC,7167000,0.8250313938886563
2643,37940XAR3,coupon_maturity_name,1.0,1,1,GLOBAL PAYMENTS INC,US37940XAR35,6299000.0,0.020119146629,GLOBAL PAYMENTS INC,6380000,0.9873040752351098
2644,37045VAH3,coupon_maturity_name,1.0,1,1,GENERAL MOTORS CO,US37045VAH33,5342000.0,0.017432538385,GENERAL MOTORS CO,6225000,0.858152610441767
2645,31620MBY1,coupon_maturity_name,0.6,1,1,FIDELITY NATL INFO SERV,US31620MBY12,5991000.0,0.0201674658,FIDELITY NATIONAL INFORMATION SERV,6075000,0.9861728395061728
2646,341081GE1,coupon_maturity_name,1.0,1,1,FLORIDA POWER & LIGHT CO,US341081GE16,10190000.0,0.021440544217,FLORIDA POWER & LIGHT CO,9898000,1.029500909274601
2647,377372AP2,coupon_maturity_name,1.0,2,1,GLAXOSMITHKLINE CAP INC,US377372AP29,7298000.0,0.024588704302,GLAXOSMITHKLINE CAPITAL INC,5988000,1.2187708750835002
2648,00914AAK8,coupon_maturity_name,1.0,1,1,SUMISHO AIR LEASE CORP,US00914AAK88,6982000.0,0.021685420062,SUMISHO AIR LEASE CORP,6509000,1.0726686126901215
2649,713448FG8,coupon_maturity_name,1.0,1,1,PEPSICO INC,US713448FG88,7513000.0,0.015648541972,PEPSICO INC,9949000,0.7551512714845713
2650,478160CT9,coupon_maturity_name,1.0,1,1,JOHNSON & JOHNSON,US478160CT90,9820000.0,0.017912626853,JOHNSON & JOHNSON,11387000,0.8623869324668482
2651,775109BB6,coupon_maturity_name,0.6666666666666666,1,1,ROGERS COMMUNICATIONS IN,US775109BB60,4976000.0,0.01486964362,ROGERS COMMUNICATIONS INC,6821000,0.7295118017885941
2652,958667AA5,coupon_maturity_name,1.0,1,1,WESTERN MIDSTREAM OPERAT,US958667AA50,6736000.0,0.019744771701,WESTERN MIDSTREAM OPERATING LP,6921000,0.9732697587053893
2653,370334CL6,coupon_maturity_name,1.0,1,1,GENERAL MILLS INC,US370334CL64,4894000.0,0.015376051786,GENERAL MILLS INC,6391000,0.765764356125802
2654,65339KCV0,coupon_maturity_name,0.75,2,1,NEXTERA ENERGY CAPITAL,US65339KCV08,6806000.0,0.021612184524,NEXTERA ENERGY CAPITAL HOLDINGS IN,6416000,1.060785536159601
2655,60687YCM9,coupon_maturity_name,1.0,1,1,MIZUHO FINANCIAL GROUP,US60687YCM93,4071000.0,0.01419056596,MIZUHO FINANCIAL GROUP INC,5750000,0.708
2656,65339KDJ6,coupon_maturity_name,0.75,1,1,NEXTERA ENERGY CAPITAL,US65339KDJ60,9907000.0,0.033770279125,NEXTERA ENERGY CAPITAL HOLDINGS IN,5844000,1.695242984257358
2657,96949LAE5,coupon_maturity_name,1.0,1,1,WILLIAMS COMPANIES INC,US96949LAE56,5811000.0,0.016954586627,WILLIAMS COMPANIES INC,6969000,0.8338355574687903
2658,65339KDL1,coupon_maturity_name,0.75,1,1,NEXTERA ENERGY CAPITAL,US65339KDL17,6060000.0,0.020739708062,NEXTERA ENERGY CAPITAL HOLDINGS IN,5864000,1.0334242837653478
2659,828807DK0,coupon_maturity_name,1.0,1,1,SIMON PROPERTY GROUP LP,US828807DK02,5803000.0,0.018108891714,SIMON PROPERTY GROUP LP,6476000,0.8960778258184064
2660,08576BAB8,coupon_maturity_name,1.0,1,1,BERRY GLOBAL INC,US08576BAB80,5793000.0,0.020236782017,BERRY GLOBAL INC,5766000,1.0046826222684704
2661,882508CB8,coupon_maturity_name,1.0,1,1,TEXAS INSTRUMENTS INC,US882508CB86,8460000.0,0.028942364205,TEXAS INSTRUMENTS INC,5867000,1.4419635247997273
2662,539439AN9,coupon_maturity_name,1.0,1,1,LLOYDS BANKING GROUP PLC,US539439AN92,4409000.0,0.013777536125,LLOYDS BANKING GROUP PLC,6496000,0.6787253694581281
2663,03769MAG1,coupon_maturity_name,1.0,1,1,APOLLO GLOBAL MANAGEMENT,US03769MAG15,6690000.0,0.022677595727,APOLLO GLOBAL MANAGEMENT INC,5906000,1.1327463596342702
2664,808513CA1,coupon_maturity_name,1.0,1,1,CHARLES SCHWAB CORP,US808513CA10,5287000.0,0.016106748787,CHARLES SCHWAB CORPORATION (THE),6544000,0.8079156479217604
2665,842400JG9,coupon_maturity_name,1.0,1,1,SOUTHERN CAL EDISON,US842400JG95,8164000.0,0.027375419846,SOUTHERN CALIFORNIA EDISON COMPANY,5899000,1.383963383624343
2666,03831WAD0,coupon_maturity_name,1.0,1,1,APPLOVIN CORP,US03831WAD02,4780000.0,0.0161992043,APPLOVIN CORP,5982000,0.7990638582413908
2667,25243YBE8,coupon_maturity_name,1.0,1,1,DIAGEO CAPITAL PLC,US25243YBE86,6763000.0,0.019650815619,DIAGEO CAPITAL PLC,6901000,0.9800028981307057
2668,74432QAQ8,coupon_maturity_name,1.0,1,1,PRUDENTIAL FINANCIAL INC,US74432QAQ82,7124000.0,0.024833267214,PRUDENTIAL FINANCIAL INC MTN,5822000,1.2236344898660254
2669,25468PDB9,coupon_maturity_name,1.0,1,1,TWDC ENTERPRISES 18 CORP,US25468PDB94,6744000.0,0.018784737936,TWDC ENTERPRISES 18 CORP MTN,7326000,0.9205569205569205
2670,031162DY3,coupon_maturity_name,1.0,1,1,AMGEN INC,US031162DY30,7209000.0,0.023547537297,AMGEN INC,6187000,1.1651850654598352
2671,478160CW2,coupon_maturity_name,1.0,1,1,JOHNSON & JOHNSON,US478160CW20,9238000.0,0.031942748598,JOHNSON & JOHNSON,5829000,1.5848344484474182
2672,718172EG0,coupon_maturity_name,0.5,1,1,PHILIP MORRIS INTL INC,US718172EG07,9034000.0,0.029747168222,PHILIP MORRIS INTERNATIONAL INC,6107000,1.479286065171115
2673,20030NCK5,coupon_maturity_name,1.0,2,1,COMCAST CORP,US20030NCK54,7036000.0,0.017490476761,COMCAST CORPORATION,8431000,0.8345392005693275
2674,361841AT6,coupon_maturity_name,0.6666666666666666,1,1,GLP CAPITAL LP / FIN II,US361841AT63,6777000.0,0.022695031715,GLP CAPITAL LP,5954000,1.1382264024185422
2675,11120VAJ2,coupon_maturity_name,1.0,1,1,BRIXMOR OPERATING PART,US11120VAJ26,6132000.0,0.020038431819,BRIXMOR OPERATING PARTNERSHIP LP,6142000,0.9983718658417453
2676,02344AAK4,coupon_maturity_name,0.6,1,1,AMCOR FLEXIBLES NORTH AM,US02344AAK43,5461000.0,0.017975450008,AMCOR FLEXIBLES NORTH AMERICA INC,6016000,0.9077460106382979
2677,744448CZ2,coupon_maturity_name,0.75,1,1,PUBLIC SERVICE COLORADO,US744448CZ26,5583000.0,0.019053656285,PUBLIC SERVICE COMPANY OF COLORADO,5874000,0.9504596527068437
2678,210385AR1,coupon_maturity_name,0.4,1,1,CONSTELLATION EN GEN LLC,US210385AR17,5374000.0,0.017567012636,CONSTELLATION ENERGY GENERATION LL,6276000,0.8562778840025494
2679,00817YAF5,coupon_maturity_name,1.0,1,1,AETNA INC,US00817YAF51,4584000.0,0.016781592749,AETNA INC,5474000,0.8374132261600292
2680,303901BR2,coupon_maturity_name,1.0,1,1,FAIRFAX FINL HLDGS LTD,US303901BR22,5076000.0,0.017661548383,FAIRFAX FINANCIAL HOLDINGS LTD,5876000,0.863852961198094
2681,294429AT2,coupon_maturity_name,1.0,1,1,EQUIFAX INC,US294429AT25,6927000.0,0.020515772451,EQUIFAX INC,6727000,1.029730935037907
2682,29379VCB7,coupon_maturity_name,1.0,1,1,ENTERPRISE PRODUCTS OPER,US29379VCB71,7775000.0,0.017507214289,ENTERPRISE PRODUCTS OPERATING LLC,8919000,0.8717344993833389
2683,68389XAW5,coupon_maturity_name,1.0,1,1,ORACLE CORP,US68389XAW56,7646000.0,0.019574629007,ORACLE CORPORATION,8460000,0.9037825059101655
2684,717081FB4,coupon_maturity_name,1.0,1,1,PFIZER INC,US717081FB45,10533000.0,0.030945890149,PFIZER INC,6762000,1.5576752440106478
2685,65339KBM1,coupon_maturity_name,0.75,1,1,NEXTERA ENERGY CAPITAL,US65339KBM18,8875000.0,0.028217089343,NEXTERA ENERGY CAPITAL HOLDINGS IN,6237000,1.4229597562930896
2686,299808AH8,coupon_maturity_name,0.6666666666666666,1,1,EVEREST REINSURANCE HLDG,US299808AH86,7213000.0,0.016469189006,EVEREST REINSURANCE HOLDINGS INC,8903000,0.8101763450522296
2687,052769AH9,coupon_maturity_name,1.0,1,1,AUTODESK INC,US052769AH94,6632000.0,0.019623326988,AUTODESK INC,6757000,0.9815006659760248
2688,907818FW3,coupon_maturity_name,1.0,1,1,UNION PACIFIC CORP,US907818FW39,5692000.0,0.012140415519,UNION PACIFIC CORPORATION,9452000,0.6022005924672027
2689,693475BS3,coupon_maturity_name,1.0,1,1,PNC FINANCIAL SERVICES,US693475BS39,6196000.0,0.021890163297,PNC FINANCIAL SERVICES GROUP INC (,5533000,1.1198264955720225
2690,11135FCZ2,coupon_maturity_name,1.0,2,1,BROADCOM INC,US11135FCZ27,7661000.0,0.025418443959,BROADCOM INC,6033000,1.2698491629371789
2691,49177JAS1,coupon_maturity_name,1.0,1,1,KENVUE INC,US49177JAS15,7101000.0,0.02406931985,KENVUE INC,5859000,1.2119815668202765
2692,444859BE1,coupon_maturity_name,1.0,1,1,HUMANA INC,US444859BE13,5376000.0,0.01562600195,HUMANA INC,6824000,0.7878077373974208
2693,67077MBB3,coupon_maturity_name,1.0,1,1,NUTRIEN LTD,US67077MBB37,5473000.0,0.018255105325,NUTRIEN LTD,5983000,0.9147584823667056
2694,00108WAU4,coupon_maturity_name,1.0,1,1,AEP TEXAS INC,US00108WAU45,4549000.0,0.014925921032,AEP TEXAS INC,6093000,0.7465944526505827
2695,03027XBG4,coupon_maturity_name,1.0,1,1,AMERICAN TOWER CORP,US03027XBG43,9769000.0,0.029163466931,AMERICAN TOWER CORPORATION,6606000,1.4788071450196791
2696,06051GJN0,coupon_maturity_name,1.0,1,1,BANK OF AMERICA CORP,US06051GJN07,6032000.0,0.014379095562,BANK OF AMERICA CORP,8388000,0.7191225560324273
2697,58013MFR0,coupon_maturity_name,0.5,1,1,MCDONALD'S CORP,US58013MFR07,5711000.0,0.015309165434,MCDONALDS CORPORATION MTN,7435000,0.768123739071957
2698,94106LBS7,coupon_maturity_name,1.0,2,1,WASTE MANAGEMENT INC,US94106LBS79,8893000.0,0.029157272834,WASTE MANAGEMENT INC,5960000,1.4921140939597315
2699,21688ABH4,coupon_maturity_name,0.5,1,1,COOPERAT RABOBANK UA/NY,US21688ABH41,2789000.0,0.009401407617,COOPERATIEVE RABOBANK UA (NEW YORK MTN,5786000,0.48202557898375387
2700,57636QAU8,coupon_maturity_name,1.0,1,1,MASTERCARD INC,US57636QAU85,9857000.0,0.02929523807,MASTERCARD INC,6630000,1.4867269984917044
2701,009066AE1,coupon_maturity_name,1.0,1,1,AIRBNB INC,US009066AE14,6170000.0,0.020709962182,AIRBNB INC,5845000,1.0556030795551754
2702,032095AL5,coupon_maturity_name,1.0,1,1,AMPHENOL CORP,US032095AL53,8444000.0,0.025080773142,AMPHENOL CORPORATION,6558000,1.2875876791704788
2703,126408HK2,coupon_maturity_name,1.0,1,1,CSX CORP,US126408HK26,6879000.0,0.019078554454,CSX CORP,7118000,0.9664231525709469
2704,713448EU8,coupon_maturity_name,1.0,1,1,PEPSICO INC,US713448EU81,6680000.0,0.016672469984,PEPSICO INC,7939000,0.8414157954402318
2705,7591EPAV2,coupon_maturity_name,1.0,1,1,REGIONS FINANCIAL CORP,US7591EPAV24,4734000.0,0.01603537594,REGIONS FINANCIAL CORP,5734000,0.8256016742239275
2706,29250NAZ8,coupon_maturity_name,1.0,1,1,ENBRIDGE INC,US29250NAZ87,6401000.0,0.020492061011,ENBRIDGE INC,6098000,1.0496884224335847
2707,760759BC3,coupon_maturity_name,1.0,1,1,REPUBLIC SERVICES INC,US760759BC31,5350000.0,0.018103420923,REPUBLIC SERVICES INC,5775000,0.9264069264069265
2708,25243YBB4,coupon_maturity_name,1.0,1,1,DIAGEO CAPITAL PLC,US25243YBB48,6932000.0,0.021715360921,DIAGEO CAPITAL PLC,6220000,1.1144694533762058
2709,12189LBD2,coupon_maturity_name,0.6,1,1,BURLINGTN NORTH SANTA FE,US12189LBD29,6891000.0,0.018733182323,BURLINGTON NORTHERN SANTA FE LLC,7385000,0.9331076506431957
2710,404119DH9,coupon_maturity_name,1.0,1,1,HCA INC,US404119DH91,6823000.0,0.021521394541,HCA INC,6298000,1.0833597967608766
2711,50249AAD5,coupon_maturity_name,1.0,1,1,LYB INT FINANCE III,US50249AAD54,9219000.0,0.022587693239,LYB INTERNATIONAL FINANCE III LLC,8038000,1.1469270962926101
2712,606822CR3,coupon_maturity_name,1.0,1,1,MITSUBISHI UFJ FIN GRP,US606822CR31,4678000.0,0.016136541371,MITSUBISHI UFJ FINANCIAL GROUP INC,5625000,0.8316444444444444
2713,86765BAQ2,coupon_maturity_name,1.0,1,1,ENERGY TRANSFER LP,US86765BAQ23,7988000.0,0.024440712847,ENERGY TRANSFER LP,6504000,1.2281672816728166
2714,260543DD2,coupon_maturity_name,1.0,1,1,DOW CHEMICAL CO/THE,US260543DD22,8240000.0,0.018425330012,DOW CHEMICAL CO,8811000,0.9351946430598116
2715,04010LBM4,coupon_maturity_name,1.0,1,1,ARES CAPITAL CORP,US04010LBM46,6553000.0,0.021498900989,ARES CAPITAL CORPORATION,5900000,1.110677966101695
2716,63111XAL5,coupon_maturity_name,1.0,1,1,NASDAQ INC,US63111XAL55,6754000.0,0.02332713669,NASDAQ INC,5902000,1.1443578447983733
2717,74949LAD4,coupon_maturity_name,1.0,1,1,RELX CAPITAL INC,US74949LAD47,7896000.0,0.024968684864,RELX CAPITAL INC,6178000,1.2780835221754614
2718,277432AP5,coupon_maturity_name,1.0,1,1,EASTMAN CHEMICAL CO,US277432AP52,6449000.0,0.018520215492,EASTMAN CHEMICAL CO,6864000,0.939539627039627
2719,26441CCE3,coupon_maturity_name,1.0,2,1,DUKE ENERGY CORP,US26441CCE30,5986000.0,0.020569457386,DUKE ENERGY CORP,5699000,1.0503597122302157
2720,120568BE9,coupon_maturity_name,1.0,1,1,BUNGE LTD FINANCE CORP,US120568BE94,6195000.0,0.020570433388,BUNGE FINANCE LTD CORP,5801000,1.067919324254439
2721,75513ECK5,coupon_maturity_size,0.0,1,0,RTX CORP,US75513ECK55,8046000.0,0.02254550212,RAYTHEON TECHNOLOGIES CORPORATION,7054000,1.1406294301105755
2722,98389BBE9,coupon_maturity_name,1.0,2,1,XCEL ENERGY INC,US98389BBE92,7009000.0,0.024049853961,XCEL ENERGY INC,5667000,1.2368095994353274
2723,72650RBN1,coupon_maturity_name,1.0,1,1,PLAINS ALL AMER PIPELINE,US72650RBN17,6252000.0,0.020204457561,PLAINS ALL AMERICAN PIPELINE LP,5963000,1.0484655374811336
2724,50247VAB5,coupon_maturity_name,0.5,1,1,LYB INTL FINANCE BV,US50247VAB53,5700000.0,0.016912813065,LYB INTERNATIONAL FINANCE BV,6658000,0.8561129468308801
2725,50212YAL8,coupon_maturity_name,1.0,1,1,LPL HOLDINGS INC,US50212YAL83,6385000.0,0.021605611449,LPL HOLDINGS INC,5660000,1.1280918727915195
2726,62854AAP9,coupon_maturity_name,1.0,1,1,UTAH ACQUISITION SUB,US62854AAP93,5545000.0,0.015656774835,UTAH ACQUISITION SUB INC,6945000,0.7984161267098632
2727,87612GAU5,coupon_maturity_name,1.0,1,1,TARGA RESOURCES CORP,US87612GAU58,4487000.0,0.014972918161,TARGA RESOURCES CORP,5855000,0.7663535439795047
2728,12572QAF2,coupon_maturity_name,1.0,1,1,CME GROUP INC,US12572QAF28,6333000.0,0.021122194977,CME GROUP INC,5868000,1.079243353783231
2729,893526DJ9,coupon_maturity_name,1.0,1,1,TRANSCANADA PIPELINES,US893526DJ90,7841000.0,0.027588701893,TRANSCANADA PIPELINES LTD,5569000,1.4079727060513558
2730,036752AM5,coupon_maturity_name,1.0,1,1,ELEVANCE HEALTH INC,US036752AM57,10060000.0,0.022042536186,ELEVANCE HEALTH INC,9093000,1.106345540525679
2731,87406BAB8,coupon_maturity_name,0.6666666666666666,1,1,TAKEDA US FIN,US87406BAB80,5311000.0,0.017928721827,TAKEDA US FINANCING INC,5869000,0.9049241778837962
2732,459200LV1,coupon_maturity_size,0.0,1,0,IBM CORP,US459200LV14,5904000.0,0.019327396056,INTERNATIONAL BUSINESS MACHINES CO,6141000,0.9614069369809477
2733,50077LBJ4,coupon_maturity_name,1.0,1,1,KRAFT HEINZ FOODS CO,US50077LBJ44,5528000.0,0.016879996008,KRAFT HEINZ FOODS CO,6417000,0.861461742247156
2734,79466LAM6,coupon_maturity_name,1.0,1,1,SALESFORCE INC,US79466LAM63,8136000.0,0.015636642351,SALESFORCE INC,10825000,0.751593533487298
2735,690742AP6,coupon_maturity_name,1.0,1,1,OWENS CORNING,US690742AP69,5245000.0,0.018227976298,OWENS CORNING,5615000,0.9341050756901158
2736,797440BZ6,coupon_maturity_size,0.3333333333333333,1,0,SAN DIEGO G & E,US797440BZ64,5448000.0,0.016232690436,SAN DIEGO GAS & ELECTRIC CO,6480000,0.8407407407407408
2737,04020EAD9,coupon_maturity_name,0.6,1,1,ARES STRATEGIC INCOME FU,US04020EAD94,5594000.0,0.018503812957,ARES STRATEGIC INCOME FUND,5689000,0.9833011074002461
2738,50249AAM5,coupon_maturity_name,1.0,1,1,LYB INT FINANCE III,US50249AAM53,7490000.0,0.025158031651,LYB INTERNATIONAL FINANCE III LLC,5683000,1.3179658631004751
2739,11271LAE2,coupon_maturity_name,1.0,1,1,BROOKFIELD FINANCE INC,US11271LAE20,7146000.0,0.023607686283,BROOKFIELD FINANCE INC,5794000,1.2333448394891267
2740,09261HCC9,coupon_maturity_name,0.75,1,1,BLACKSTONE PRIVATE CRE,US09261HCC97,2808000.0,0.009307684355,BLACKSTONE PRIVATE CREDIT FUND,5764000,0.4871616932685635
2741,149123CJ8,coupon_maturity_name,1.0,1,1,CATERPILLAR INC,US149123CJ87,5908000.0,0.013957170096,CATERPILLAR INC,8260000,0.7152542372881356
2742,09581CAB7,coupon_maturity_name,1.0,1,1,BLUE OWL CREDIT INCOME,US09581CAB72,6027000.0,0.020392557047,BLUE OWL CREDIT INCOME CORP,5571000,1.081852450188476
2743,842400FZ1,coupon_maturity_name,1.0,1,1,SOUTHERN CAL EDISON,US842400FZ13,7076000.0,0.019995824048,SOUTHERN CALIFORNIA EDISON CO,6818000,1.037841009093576
2744,25179MAU7,coupon_maturity_name,1.0,1,1,DEVON ENERGY CORPORATION,US25179MAU71,5727000.0,0.017291049394,DEVON ENERGY CORPORATION,6518000,0.8786437557532986
2745,14913UAU4,coupon_maturity_name,0.6666666666666666,1,1,CATERPILLAR FINL SERVICE,US14913UAU43,10009000.0,0.033960552154,CATERPILLAR FINANCIAL SERVICES COR MTN,5644000,1.7733876683203402
2746,87612GAQ4,coupon_maturity_name,1.0,1,1,TARGA RESOURCES CORP,US87612GAQ47,5715000.0,0.019618631043,TARGA RESOURCES CORP,5556000,1.0286177105831533
2747,20030NBT7,coupon_maturity_name,1.0,1,1,COMCAST CORP,US20030NBT72,5939000.0,0.016755904525,COMCAST CORPORATION,7013000,0.8468558391558534
2748,03027XBD1,coupon_maturity_name,1.0,1,1,AMERICAN TOWER CORP,US03027XBD12,8163000.0,0.017904920873,AMERICAN TOWER CORPORATION,9083000,0.8987118793350215
2749,654106AE3,coupon_maturity_name,1.0,1,1,NIKE INC,US654106AE35,6963000.0,0.018561748881,NIKE INC,7326000,0.9504504504504504
2750,025537AX9,coupon_maturity_name,0.75,1,1,AMERICAN ELECTRIC POWER,US025537AX91,6769000.0,0.02357713178,AMERICAN ELECTRIC POWER COMPANY IN,5446000,1.24293059125964
2751,36264FAN1,coupon_maturity_name,1.0,1,1,HALEON US CAPITAL LLC,US36264FAN15,7345000.0,0.019130282884,HALEON US CAPITAL LLC,7450000,0.9859060402684564
2752,91159HJY7,coupon_maturity_name,1.0,1,1,US BANCORP,US91159HJY71,5614000.0,0.018556180214,US BANCORP MTN,5730000,0.9797556719022688
2753,539830BQ1,coupon_maturity_name,1.0,1,1,LOCKHEED MARTIN CORP,US539830BQ10,6407000.0,0.013596553922,LOCKHEED MARTIN CORPORATION,9318000,0.6875939042713028
2754,67103HAP2,coupon_maturity_size,0.25,1,0,O'REILLY AUTOMOTIVE INC,US67103HAP29,6857000.0,0.022759832527,OREILLY AUTOMOTIVE INC,5752000,1.192107093184979
2755,363576AB5,coupon_maturity_name,1.0,1,1,ARTHUR J GALLAGHER & CO,US363576AB52,6111000.0,0.014141591107,ARTHUR J GALLAGHER & CO,8435000,0.7244813278008299
2756,49456BAR2,coupon_maturity_name,1.0,1,1,KINDER MORGAN INC,US49456BAR24,6394000.0,0.019040924302,KINDER MORGAN INC,6389000,1.0007825950853029
2757,962166BX1,coupon_maturity_name,1.0,1,1,WEYERHAEUSER CO,US962166BX19,7850000.0,0.02582284278,WEYERHAEUSER COMPANY,5786000,1.3567231247839613
2758,63111XAK7,coupon_maturity_name,1.0,1,1,NASDAQ INC,US63111XAK72,4935000.0,0.016892248787,NASDAQ INC,5658000,0.8722163308589608
2759,26441CCA1,coupon_maturity_name,1.0,1,1,DUKE ENERGY CORP,US26441CCA18,7078000.0,0.024128980836,DUKE ENERGY CORP,5648000,1.2531869688385269
2760,02665WFQ9,coupon_maturity_name,1.0,1,1,AMERICAN HONDA FINANCE,US02665WFQ96,5773000.0,0.019187963761,AMERICAN HONDA FINANCE CORPORATION MTN,5657000,1.0205055683224324
2761,863667BE0,coupon_maturity_name,1.0,1,1,STRYKER CORP,US863667BE08,8106000.0,0.027021810017,STRYKER CORPORATION,5650000,1.4346902654867257
2762,29379VBZ5,coupon_maturity_name,1.0,1,1,ENTERPRISE PRODUCTS OPER,US29379VBZ58,7088000.0,0.017513706982,ENTERPRISE PRODUCTS OPERATING LLC,7812000,0.9073220686123912
2763,756109DB7,coupon_maturity_name,1.0,1,1,REALTY INCOME CORP,US756109DB76,3355000.0,0.011121354895,REALTY INCOME CORPORATION,5713000,0.5872571328548923
2764,620076BU2,coupon_maturity_name,1.0,1,1,MOTOROLA SOLUTIONS INC,US620076BU23,6716000.0,0.020501121905,MOTOROLA SOLUTIONS INC,6250000,1.07456
2765,754730AK5,coupon_maturity_name,1.0,1,1,RAYMOND JAMES FINANCIAL,US754730AK54,7066000.0,0.022951053287,RAYMOND JAMES FINANCIAL INC.,5927000,1.192171418930319
2766,78081BAK9,coupon_maturity_name,1.0,1,1,ROYALTY PHARMA PLC,US78081BAK98,7650000.0,0.023218843298,ROYALTY PHARMA PLC,6239000,1.2261580381471389
2767,00206RKE1,coupon_maturity_name,1.0,1,1,AT&T INC,US00206RKE17,6898000.0,0.014828902067,AT&T INC,9076000,0.7600264433671221
2768,03769MAC0,coupon_maturity_name,1.0,1,1,APOLLO GLOBAL MANAGEMENT,US03769MAC01,5335000.0,0.017286567969,APOLLO GLOBAL MANAGEMENT INC,6027000,0.8851833416293347
2769,665772CX5,coupon_maturity_name,0.6,1,1,NORTHERN STATES PWR-MINN,US665772CX54,6718000.0,0.020627330287,NORTHERN STATES POWER COMPANY (MIN,6338000,1.0599558220258756
2770,03027XBC3,coupon_maturity_name,1.0,2,1,AMERICAN TOWER CORP,US03027XBC39,4864000.0,0.014784174409,AMERICAN TOWER CORPORATION,6271000,0.7756338701961409
2771,49177JAR3,coupon_maturity_name,1.0,1,1,KENVUE INC,US49177JAR32,8130000.0,0.024697195191,KENVUE INC,6335000,1.2833464877663772
2772,06417XAE1,coupon_maturity_name,1.0,1,1,BANK OF NOVA SCOTIA,US06417XAE13,8727000.0,0.02598706647,BANK OF NOVA SCOTIA MTN,6356000,1.3730333543108872
2773,539830BY4,coupon_maturity_name,1.0,1,1,LOCKHEED MARTIN CORP,US539830BY44,4568000.0,0.015757796358,LOCKHEED MARTIN CORPORATION,5624000,0.8122332859174964
2774,512807AV0,coupon_maturity_name,1.0,1,1,LAM RESEARCH CORP,US512807AV02,7037000.0,0.021420999422,LAM RESEARCH CORPORATION,6249000,1.1261001760281646
2775,717081FA6,coupon_maturity_name,1.0,1,1,PFIZER INC,US717081FA61,6649000.0,0.013839023505,PFIZER INC,9356000,0.7106669516887559
2776,202795JM3,coupon_maturity_name,1.0,2,1,COMMONWEALTH EDISON CO,US202795JM30,6508000.0,0.017137379209,COMMONWEALTH EDISON COMPANY,7256000,0.8969128996692393
2777,718546BA1,coupon_maturity_name,1.0,1,1,PHILLIPS 66,US718546BA13,7208000.0,0.015950797278,PHILLIPS 66,8665000,0.8318522792844778
2778,857477BP7,coupon_maturity_name,1.0,1,1,STATE STREET CORP,US857477BP72,5822000.0,0.017525559864,STATE STREET CORP,6284000,0.926479949077021
2779,91324PCQ3,coupon_maturity_name,1.0,1,1,UNITEDHEALTH GROUP INC,US91324PCQ37,8134000.0,0.026507342814,UNITEDHEALTH GROUP INC,5886000,1.381923207611281
2780,816851BJ7,coupon_maturity_name,1.0,1,1,SEMPRA,US816851BJ72,5804000.0,0.014808155333,SEMPRA,7469000,0.7770785915115812
2781,370334DB7,coupon_maturity_name,1.0,1,1,GENERAL MILLS INC,US370334DB73,5359000.0,0.017983111768,GENERAL MILLS INC,5539000,0.9675031594150568
2782,74432QCA1,coupon_maturity_name,1.0,1,1,PRUDENTIAL FINANCIAL INC,US74432QCA13,6933000.0,0.020276535279,PRUDENTIAL FINANCIAL INC MTN,6529000,1.0618777760759688
2783,22822VAY7,coupon_maturity_name,1.0,1,1,CROWN CASTLE INC,US22822VAY74,7699000.0,0.022998295122,CROWN CASTLE INC,6359000,1.2107249567542067
2784,478160CM4,coupon_maturity_name,1.0,1,1,JOHNSON & JOHNSON,US478160CM48,8661000.0,0.022095397321,JOHNSON & JOHNSON,7659000,1.1308264786525657
2785,871829BL0,coupon_maturity_name,1.0,1,1,SYSCO CORPORATION,US871829BL07,10655000.0,0.037150740177,SYSCO CORPORATION,5345000,1.9934518241347052
2786,694308HY6,coupon_maturity_name,1.0,1,1,PACIFIC GAS & ELECTRIC,US694308HY69,5740000.0,0.014169951888,PACIFIC GAS AND ELECTRIC CO,7810000,0.734955185659411
2787,44107TAZ9,coupon_maturity_name,1.0,1,1,HOST HOTELS & RESORTS LP,US44107TAZ93,6043000.0,0.019118663392,HOST HOTELS & RESORTS LP,5883000,1.0271970083290838
2788,16411RAQ2,coupon_maturity_name,1.0,1,1,CHENIERE ENERGY INC,US16411RAQ20,5767000.0,0.019289140542,CHENIERE ENERGY INC 144A,5647000,1.0212502213564725
2789,89236TMT9,coupon_maturity_name,1.0,1,1,TOYOTA MOTOR CREDIT CORP,US89236TMT96,5013000.0,0.016807599883,TOYOTA MOTOR CREDIT CORP MTN,5573000,0.8995155212632334
2790,036752AH6,coupon_maturity_name,1.0,1,1,ELEVANCE HEALTH INC,US036752AH62,4597000.0,0.01297526136,ELEVANCE HEALTH INC,6701000,0.686017012386211
2791,46590XAQ9,coupon_maturity_name,0.4,1,1,JBS NV/USA FOODS/FOOD CO,US46590XAQ97,6629000.0,0.016827412282,JBS USA LUX SA,7512000,0.8824547390841321
2792,91324PCX8,coupon_maturity_name,1.0,1,1,UNITEDHEALTH GROUP INC,US91324PCX87,8259000.0,0.022470403555,UNITEDHEALTH GROUP INC,7063000,1.1693331445561377
2793,38152BAQ4,coupon_maturity_name,0.6,1,1,GOLDMAN SACHS PRIVATE CR,US38152BAQ41,2960000.0,0.00988793341,GOLDMAN SACHS PRIVATE CREDIT CORP 144A,5525000,0.5357466063348416
2794,055451BK3,coupon_maturity_name,0.6666666666666666,1,1,BHP BILLITON FIN USA LTD,US055451BK37,4166000.0,0.014296651628,BHP BILLITON FINANCE (USA) LTD,5396000,0.7720533728687917
2795,26884LAR0,coupon_maturity_name,1.0,1,1,EQT CORP,US26884LAR06,6146000.0,0.021336759816,EQT CORP,5331000,1.1528793847308196
2796,532457BY3,coupon_maturity_name,1.0,1,1,ELI LILLY & CO,US532457BY33,11832000.0,0.022582683991,ELI LILLY AND COMPANY,10044000,1.1780167264038233
2797,051473AD8,coupon_maturity_name,0.6666666666666666,1,1,AUGUSTA SPINCO CORPORATI,US051473AD89,6912000.0,0.023054194126,AUGUSTA SPINCO CORP,5553000,1.2447325769854134
2798,59156RBN7,coupon_maturity_name,1.0,1,1,METLIFE INC,US59156RBN70,8013000.0,0.022043248243,METLIFE INC,6861000,1.1679055531263665
2799,743315AS2,coupon_maturity_name,1.0,1,1,PROGRESSIVE CORP,US743315AS29,5616000.0,0.015202954391,PROGRESSIVE CORPORATION (THE),6956000,0.8073605520414031
2800,00130HCM5,coupon_maturity_name,1.0,1,1,AES CORP/THE,US00130HCM51,5374000.0,0.018315350642,AES CORPORATION (THE),5374000,1.0
2801,209111FF5,coupon_maturity_name,0.6,1,1,CON EDISON CO OF NY INC,US209111FF50,4903000.0,0.013734289292,CONSOLIDATED EDISON COMPANY OF NEW,6822000,0.7187041923189681
2802,37045VAY6,coupon_maturity_name,1.0,1,1,GENERAL MOTORS CO,US37045VAY65,5521000.0,0.018935751781,GENERAL MOTORS CO,5371000,1.0279277601936325
2803,48305QAF0,coupon_maturity_size,0.25,1,0,KAISER FOUNDATION HOSPIT,US48305QAF00,4508000.0,0.011101223888,Kaiser Permanente,7634000,0.590516112129945
2804,126408HV8,coupon_maturity_name,1.0,1,1,CSX CORP,US126408HV80,6868000.0,0.019436371387,CSX CORP,6701000,1.0249216534845544
2805,75513ECL3,coupon_maturity_size,0.0,1,0,RTX CORP,US75513ECL39,5199000.0,0.010810183813,RAYTHEON TECHNOLOGIES CORPORATION,9054000,0.5742213386348575
2806,90261AAJ1,coupon_maturity_size,0.3333333333333333,1,0,UBS AG STAMFORD CT,US90261AAJ16,5510000.0,0.018541568852,UBS AG (STAMFORD BRANCH) MTN,5510000,1.0
2807,29446MAN2,coupon_maturity_name,1.0,1,1,EQUINOR ASA,US29446MAN20,5500000.0,0.018792958913,EQUINOR ASA,5500000,1.0
2808,174610BG9,coupon_maturity_name,1.0,1,1,CITIZENS FINANCIAL GROUP,US174610BG97,6319000.0,0.022876483586,CITIZENS FINANCIAL GROUP INC,5107000,1.2373213236733895
2809,172967MD0,coupon_maturity_name,1.0,1,1,CITIGROUP INC,US172967MD09,500000.0,0.001463259244,CITIGROUP INC,6371000,0.07848061528802386
2810,459200KV2,coupon_maturity_size,0.0,1,0,IBM CORP,US459200KV23,4641000.0,0.013300508359,INTERNATIONAL BUSINESS MACHINES CO,6657000,0.6971608832807571
2811,075887CJ6,coupon_maturity_name,1.0,1,1,BECTON DICKINSON & CO,US075887CJ64,6839000.0,0.021438426814,BECTON DICKINSON AND COMPANY,5897000,1.1597422418178736
2812,822905AV7,coupon_maturity_name,1.0,1,1,SHELL FINANCE US INC,US822905AV71,6942000.0,0.023544151776,SHELL FINANCE US INC,5462000,1.2709630172098132
2813,91324PCD2,coupon_maturity_name,1.0,1,1,UNITEDHEALTH GROUP INC,US91324PCD24,6557000.0,0.018674259753,UNITEDHEALTH GROUP INC,6526000,1.0047502298498314
2814,051473AE6,coupon_maturity_name,0.6666666666666666,1,1,AUGUSTA SPINCO CORPORATI,US051473AE62,5567000.0,0.018619397256,AUGUSTA SPINCO CORP,5488000,1.0143950437317784
2815,49271VAK6,coupon_maturity_name,1.0,1,1,KEURIG DR PEPPER INC,US49271VAK61,6446000.0,0.015392637112,KEURIG DR PEPPER INC,7836000,0.8226135783563042
2816,30231GAY8,coupon_maturity_name,1.0,1,1,EXXON MOBIL CORPORATION,US30231GAY89,11826000.0,0.031595256547,EXXON MOBIL CORP,6965000,1.6979181622397703
2817,23291KAK1,coupon_maturity_name,0.75,1,1,DH EUROPE FINANCE II,US23291KAK16,6385000.0,0.015246434883,DH EUROPE FINANCE II SARL,7960000,0.8021356783919598
2818,341081FQ5,coupon_maturity_name,1.0,1,1,FLORIDA POWER & LIGHT CO,US341081FQ54,9844000.0,0.026056588377,FLORIDA POWER & LIGHT CO,7053000,1.3957181341273217
2819,03027XBK5,coupon_maturity_name,1.0,1,1,AMERICAN TOWER CORP,US03027XBK54,8384000.0,0.017739032157,AMERICAN TOWER CORPORATION,9060000,0.9253863134657837
2820,20030NCG4,coupon_maturity_name,1.0,1,1,COMCAST CORP,US20030NCG43,7712000.0,0.018645363258,COMCAST CORPORATION,8046000,0.9584886900323142
2821,960386AT7,coupon_maturity_name,0.75,1,1,WESTINGHOUSE AIR BRAKE,US960386AT71,5566000.0,0.019111588953,WESTINGHOUSE AIR BRAKE TECHNOLOGIE,5391000,1.0324615099239474
2822,037833DZ0,coupon_maturity_name,1.0,1,1,APPLE INC,US037833DZ01,7432000.0,0.014557003565,APPLE INC,9651000,0.7700756398300694
2823,277432AZ3,coupon_maturity_name,1.0,1,1,EASTMAN CHEMICAL CO,US277432AZ35,5910000.0,0.020023413107,EASTMAN CHEMICAL COMPANY,5323000,1.1102761600601165
2824,925650AE3,coupon_maturity_name,1.0,1,1,VICI PROPERTIES LP,US925650AE39,5497000.0,0.016960016992,VICI PROPERTIES LP,6057000,0.9075449892686148
2825,717081DE0,coupon_maturity_name,1.0,1,1,PFIZER INC,US717081DE02,7486000.0,0.021665453949,PFIZER INC,6494000,1.152756390514321
2826,48305QAG8,coupon_maturity_size,0.25,1,0,KAISER FOUNDATION HOSPIT,US48305QAG82,7787000.0,0.016903135035,Kaiser Permanente,8616000,0.9037836583101208
2827,31620MBU9,coupon_maturity_name,0.6,1,1,FIDELITY NATL INFO SERV,US31620MBU99,6107000.0,0.014953657458,FIDELITY NATIONAL INFORMATION SERV,7540000,0.809946949602122
2828,361841AR0,coupon_maturity_name,0.6666666666666666,1,1,GLP CAPITAL LP / FIN II,US361841AR08,5156000.0,0.015545895816,GLP CAPITAL LP,6127000,0.8415211359556063
2829,539830BS7,coupon_maturity_name,1.0,1,1,LOCKHEED MARTIN CORP,US539830BS75,7314000.0,0.019463155918,LOCKHEED MARTIN CORPORATION,7096000,1.0307215332581736
2830,718172BD0,coupon_maturity_name,0.5,1,1,PHILIP MORRIS INTL INC,US718172BD03,6040000.0,0.018460864116,PHILIP MORRIS INTERNATIONAL INC,6067000,0.9955496950716993
2831,829932AF9,coupon_maturity_name,1.0,1,1,SIXTH STREET LENDING PAR,US829932AF99,5987000.0,0.020213843039,SIXTH STREET LENDING PARTNERS,5427000,1.1031877648793071
2832,59156RBR8,coupon_maturity_name,1.0,1,1,METLIFE INC,US59156RBR84,7223000.0,0.021240624249,METLIFE INC,6372000,1.1335530445699937
2833,14149YBR8,coupon_maturity_name,1.0,1,1,CARDINAL HEALTH INC,US14149YBR80,7691000.0,0.026133561318,CARDINAL HEALTH INC,5359000,1.4351558126516142
2834,20030NBZ3,coupon_maturity_name,1.0,1,1,COMCAST CORP,US20030NBZ33,8255000.0,0.020675610811,COMCAST CORPORATION,7605000,1.0854700854700854
2835,04020EAJ6,coupon_maturity_name,0.6,1,1,ARES STRATEGIC INCOME FU,US04020EAJ64,4052000.0,0.013548230621,ARES STRATEGIC INCOME FUND,5372000,0.7542814594192108
2836,09261HBW6,coupon_maturity_name,0.75,1,1,BLACKSTONE PRIVATE CRE,US09261HBW60,6015000.0,0.019403801923,BLACKSTONE PRIVATE CREDIT FUND,5622000,1.0699039487726787
2837,913017CJ6,coupon_maturity_size,0.0,1,0,RTX CORP,US913017CJ69,7499000.0,0.019299320675,RAYTHEON TECHNOLOGIES CORPORATION,7222000,1.0383550263085017
2838,92343VGP3,coupon_maturity_name,1.0,1,1,VERIZON COMMUNICATIONS,US92343VGP31,8837000.0,0.022002315538,VERIZON COMMUNICATIONS INC,7540000,1.1720159151193634
2839,882508BG8,coupon_maturity_name,1.0,1,1,TEXAS INSTRUMENTS INC,US882508BG82,5902000.0,0.018560398433,TEXAS INSTRUMENTS INC,5752000,1.0260778859527122
2840,89153VAU3,coupon_maturity_name,0.5,1,1,TOTALENERGIES CAP INTL,US89153VAU35,7013000.0,0.01690186967,TOTALENERGIES CAPITAL INTERNATIONA,7856000,0.892693482688391
2841,718172AW9,coupon_maturity_name,0.5,1,1,PHILIP MORRIS INTL INC,US718172AW92,5111000.0,0.014397827334,PHILIP MORRIS INTERNATIONAL INC,6475000,0.7893436293436293
2842,69349LAS7,coupon_maturity_name,1.0,1,1,PNC BANK NA,US69349LAS79,6065000.0,0.019165825046,PNC BANK NA,5726000,1.0592036325532659
2843,10112RBJ2,coupon_maturity_name,1.0,1,1,BOSTON PROPERTIES LP,US10112RBJ23,7907000.0,0.026840489665,BOSTON PROPERTIES LP,5376000,1.470796130952381
2844,126408HF3,coupon_maturity_name,1.0,1,1,CSX CORP,US126408HF31,5380000.0,0.014021786574,CSX CORP,7062000,0.7618238459359955
2845,00846UAN1,coupon_maturity_name,1.0,1,1,AGILENT TECHNOLOGIES INC,US00846UAN19,6036000.0,0.018166561141,AGILENT TECHNOLOGIES INC,5976000,1.0100401606425702
2846,03040WBA2,coupon_maturity_name,0.75,1,1,AMERICAN WATER CAPITAL C,US03040WBA27,3675000.0,0.012113809145,AMERICAN WATER CAPITAL CORP,5470000,0.6718464351005484
2847,913903AW0,coupon_maturity_name,0.5,1,1,UNIVERSAL HEALTH SVCS,US913903AW04,3881000.0,0.011769780546,UNIVERSAL HEALTH SERVICES INC,5946000,0.6527077026572485
2848,744448DA6,coupon_maturity_name,0.75,1,1,PUBLIC SERVICE COLORADO,US744448DA65,5378000.0,0.017856569502,PUBLIC SERVICE COMPANY OF COLORADO,5539000,0.9709333814768009
2849,67077MAU2,coupon_maturity_name,1.0,1,1,NUTRIEN LTD,US67077MAU27,4943000.0,0.014836895361,NUTRIEN LTD,6108000,0.8092665356908972
2850,02209SBP7,coupon_maturity_name,1.0,1,1,ALTRIA GROUP INC,US02209SBP74,6337000.0,0.014997997777,ALTRIA GROUP INC,7800000,0.8124358974358974
2851,57636QAL8,coupon_maturity_name,1.0,1,1,MASTERCARD INC,US57636QAL86,8225000.0,0.020696244257,MASTERCARD INC,7325000,1.1228668941979523
2852,437076CG5,coupon_maturity_name,1.0,1,1,HOME DEPOT INC,US437076CG52,6446000.0,0.012197632134,HOME DEPOT INC,9624000,0.6697838736492103
2853,747525BJ1,coupon_maturity_name,1.0,1,1,QUALCOMM INC,US747525BJ18,5567000.0,0.012788305289,QUALCOMM INCORPORATED,8083000,0.6887294321415316
2854,970648AN1,coupon_maturity_name,1.0,1,1,WILLIS NORTH AMERICA INC,US970648AN13,6073000.0,0.020215334474,WILLIS NORTH AMERICA INC,5423000,1.1198598561681725
2855,50540RAS1,coupon_maturity_name,1.0,1,1,LABORATORY CORP OF AMER,US50540RAS13,6006000.0,0.017949730088,LABORATORY CORPORATION OF AMERICA,5966000,1.0067046597385183
2856,744320AY8,coupon_maturity_name,1.0,1,1,PRUDENTIAL FINANCIAL INC,US744320AY89,6202000.0,0.015923446445,PRUDENTIAL FINANCIAL INC,7112000,0.8720472440944882
2857,03076CAP1,coupon_maturity_name,1.0,1,1,AMERIPRISE FINANCIAL INC,US03076CAP14,6529000.0,0.021986482965,AMERIPRISE FINANCIAL INC,5319000,1.2274863696183493
2858,907818FH6,coupon_maturity_name,1.0,1,1,UNION PACIFIC CORP,US907818FH61,6928000.0,0.02166838199,UNION PACIFIC CORPORATION,5672000,1.221438645980254
2859,609207BB0,coupon_maturity_name,1.0,1,1,MONDELEZ INTERNATIONAL,US609207BB05,6939000.0,0.021163399115,MONDELEZ INTERNATIONAL INC,5828000,1.1906314344543583
2860,036752AX1,coupon_maturity_name,1.0,1,1,ELEVANCE HEALTH INC,US036752AX13,8025000.0,0.027509325511,ELEVANCE HEALTH INC,5290000,1.5170132325141776
2861,95040QAJ3,coupon_maturity_name,1.0,1,1,WELLTOWER OP LLC,US95040QAJ31,9303000.0,0.029669306276,WELLTOWER OP LLC,5591000,1.6639241638347344
2862,191216CM0,coupon_maturity_name,1.0,2,1,COCA-COLA CO/THE,US191216CM09,6405000.0,0.020169494896,COCA-COLA CO,5613000,1.1411010154997328
2863,89236TPH2,coupon_maturity_name,1.0,1,1,TOYOTA MOTOR CREDIT CORP,US89236TPH22,5959000.0,0.019715126282,TOYOTA MOTOR CREDIT CORP MTN,5407000,1.1020898834843722
2864,092914AA8,coupon_maturity_name,1.0,1,1,BLACKSTONE REG FINANCE,US092914AA83,6147000.0,0.02042018492,BLACKSTONE REG FINANCE CO LLC,5397000,1.1389660922734852
2865,907818EM6,coupon_maturity_name,1.0,1,1,UNION PACIFIC CORP,US907818EM65,7651000.0,0.019238462217,UNION PACIFIC CORPORATION,7161000,1.0684261974584555
2866,927804GL2,coupon_maturity_name,0.75,1,1,VIRGINIA ELEC & POWER CO,US927804GL27,6006000.0,0.019179131792,VIRGINIA ELECTRIC AND POWER COMPAN,5636000,1.0656493967352731
2867,594918BL7,coupon_maturity_name,1.0,1,1,MICROSOFT CORP,US594918BL72,4521000.0,0.01354337099,MICROSOFT CORPORATION,6159000,0.7340477350219191
2868,92857WBU3,coupon_maturity_name,1.0,1,1,VODAFONE GROUP PLC,US92857WBU36,7005000.0,0.018255542793,VODAFONE GROUP PLC,6937000,1.0098025082888857
2869,52532XAN5,coupon_maturity_name,1.0,1,1,LEIDOS INC,US52532XAN57,4425000.0,0.014389686605,LEIDOS INC,5425000,0.815668202764977
2870,65473QBG7,coupon_maturity_name,1.0,1,1,NISOURCE INC,US65473QBG73,6411000.0,0.016462236785,NISOURCE INC,6978000,0.9187446259673259
2871,94106LBP3,coupon_maturity_name,1.0,1,1,WASTE MANAGEMENT INC,US94106LBP31,3729000.0,0.010882231649,WASTE MANAGEMENT INC,6039000,0.6174863387978142
2872,051473AF3,coupon_maturity_name,0.6666666666666666,1,1,AUGUSTA SPINCO CORPORATI,US051473AF38,5797000.0,0.019429084945,AUGUSTA SPINCO CORP,5231000,1.1082011087746129
2873,444859BX9,coupon_maturity_name,1.0,1,1,HUMANA INC,US444859BX93,4919000.0,0.01477278317,HUMANA INC,5848000,0.8411422708618331
2874,44644MAJ0,coupon_maturity_name,1.0,1,1,HUNTINGTON NATIONAL BANK,US44644MAJ09,3765000.0,0.01305055027,HUNTINGTON NATIONAL BANK (THE),5113000,0.7363583023665167
2875,844741BM9,coupon_maturity_name,1.0,1,1,SOUTHWEST AIRLINES CO,US844741BM99,5561000.0,0.018098336262,SOUTHWEST AIRLINES CO,5451000,1.0201797835259585
2876,06051GJM2,coupon_maturity_name,1.0,1,1,BANK OF AMERICA CORP,US06051GJM24,8988000.0,0.018902269405,BANK OF AMERICA CORP MTN,8512000,1.055921052631579
2877,126408GY3,coupon_maturity_name,1.0,1,1,CSX CORP,US126408GY39,7441000.0,0.020789334535,CSX CORP,6339000,1.1738444549613505
2878,12527GAD5,coupon_maturity_name,1.0,1,1,CF INDUSTRIES INC,US12527GAD51,6460000.0,0.019710599394,CF INDUSTRIES INC,5868000,1.1008861622358554
2879,83007CAD4,coupon_maturity_name,0.6666666666666666,1,1,SOUTH BOW USA INFRA HLDS,US83007CAD48,5638000.0,0.019046132458,SOUTH BOW USA INFRASTRUCTURE HOLDI,5124000,1.100312256049961
2880,231021AT3,coupon_maturity_name,1.0,1,1,CUMMINS INC,US231021AT37,5333000.0,0.015880352688,CUMMINS INC,5867000,0.908982444179308
2881,26884ABB8,coupon_maturity_name,1.0,1,1,ERP OPERATING LP,US26884ABB89,5930000.0,0.017516659735,ERP OPERATING LP,6085000,0.9745275267050123
2882,12527GAE3,coupon_maturity_name,1.0,1,1,CF INDUSTRIES INC,US12527GAE35,5814000.0,0.018464218411,CF INDUSTRIES INC,5532000,1.0509761388286334
2883,,name_below_threshold,0.2857142857142857,1,0,,,,,COMMONWEALTH BANK OF AUSTRALIA (NE MTN,5207000,
2884,50077LAB2,coupon_maturity_name,1.0,1,1,KRAFT HEINZ FOODS CO,US50077LAB27,4861000.0,0.013090657362,KRAFT HEINZ FOODS CO,6617000,0.7346229409097779
2885,573284BB1,coupon_maturity_name,1.0,1,1,MARTIN MARIETTA MATERIAL,US573284BB17,6336000.0,0.020511133585,MARTIN MARIETTA MATERIALS INC,5577000,1.136094674556213
2886,209111GA5,coupon_maturity_name,0.6,1,1,CON EDISON CO OF NY INC,US209111GA54,7456000.0,0.022594278569,CONSOLIDATED EDISON COMPANY OF NEW,5760000,1.2944444444444445
2887,37045VAQ3,coupon_maturity_name,1.0,1,1,GENERAL MOTORS CO,US37045VAQ32,5443000.0,0.016418161888,GENERAL MOTORS CO,5792000,0.9397444751381215
2888,031162CY4,coupon_maturity_name,1.0,1,1,AMGEN INC,US031162CY49,6794000.0,0.013573795988,AMGEN INC,8874000,0.7656073923822403
2889,30231GBE1,coupon_maturity_name,1.0,1,1,EXXON MOBIL CORPORATION,US30231GBE17,10123000.0,0.032210049365,EXXON MOBIL CORP,5393000,1.8770628592620062
2890,754730AH2,coupon_maturity_name,1.0,1,1,RAYMOND JAMES FINANCIAL,US754730AH26,4033000.0,0.009788873125,RAYMOND JAMES FINANCIAL INC.,7148000,0.5642137660884163
2891,12189LAN1,coupon_maturity_name,0.6,1,1,BURLINGTN NORTH SANTA FE,US12189LAN10,5516000.0,0.016379462694,BURLINGTON NORTHERN SANTA FE LLC,5823000,0.9472780353769534
2892,22822VAU5,coupon_maturity_name,1.0,1,1,CROWN CASTLE INC,US22822VAU52,5629000.0,0.012436059439,CROWN CASTLE INC,8063000,0.6981272479226095
2893,961214EL3,coupon_maturity_name,1.0,1,1,WESTPAC BANKING CORP,US961214EL30,7769000.0,0.024597061163,WESTPAC BANKING CORP,5442000,1.4276001470047777
2894,046353AZ1,coupon_maturity_name,1.0,1,1,ASTRAZENECA PLC,US046353AZ13,8362000.0,0.018753013727,ASTRAZENECA PLC,7853000,1.0648159938876862
2895,70450YAJ2,coupon_maturity_name,1.0,1,1,PAYPAL HOLDINGS INC,US70450YAJ29,7827000.0,0.017161073827,PAYPAL HOLDINGS INC,7419000,1.0549939344925192
2896,20030NBQ3,coupon_maturity_name,1.0,1,1,COMCAST CORP,US20030NBQ34,6100000.0,0.017177677922,COMCAST CORPORATION,6304000,0.9676395939086294
2897,21036PBP2,coupon_maturity_name,1.0,1,1,CONSTELLATION BRANDS INC,US21036PBP27,6049000.0,0.020130138005,CONSTELLATION BRANDS INC,5149000,1.1747912215964265
2898,373334KP5,coupon_maturity_name,1.0,1,1,GEORGIA POWER CO,US373334KP56,5861000.0,0.013345294843,GEORGIA POWER COMPANY,7661000,0.7650437279728495
2899,74834LBB5,coupon_maturity_name,1.0,1,1,QUEST DIAGNOSTICS INC,US74834LBB53,5365000.0,0.016889266755,QUEST DIAGNOSTICS INCORPORATED,5447000,0.984945841747751
2900,254709AS7,coupon_maturity_name,1.0,1,1,CAPITAL ONE FINANCIAL CO,US254709AS70,3692000.0,0.013505854931,CAPITAL ONE FINANCIAL CORPORATION,4682000,0.7885519008970525
2901,26875PAT8,coupon_maturity_name,1.0,1,1,EOG RESOURCES INC,US26875PAT84,5722000.0,0.017206682701,EOG RESOURCES INC,5772000,0.9913374913374914
2902,37045XEZ5,coupon_maturity_name,0.6666666666666666,1,1,GENERAL MOTORS FINL CO,US37045XEZ50,6016000.0,0.020307448884,GENERAL MOTORS FINANCIAL COMPANY I,4998000,1.2036814725890357
2903,440452AF7,coupon_maturity_name,1.0,1,1,HORMEL FOODS CORP,US440452AF79,4829000.0,0.01459060994,HORMEL FOODS CORPORATION,5649000,0.8548415648787396
2904,039482AD6,coupon_maturity_name,0.75,2,1,ARCHER-DANIELS-MIDLAND C,US039482AD67,4661000.0,0.014294587377,ARCHER DANIELS MIDLAND CO,5518000,0.8446901051105473
2905,015271AV1,coupon_maturity_name,0.5,1,1,ALEXANDRIA REAL ESTATE E,US015271AV11,8097000.0,0.022122683687,ALEXANDRIA REAL ESTATE EQUITIES IN,6188000,1.3085003232062056
2906,682680CA9,coupon_maturity_name,1.0,1,1,ONEOK INC,US682680CA99,5319000.0,0.012927193039,ONEOK INC,7032000,0.7563993174061433
2907,375558CE1,coupon_maturity_name,1.0,1,1,GILEAD SCIENCES INC,US375558CE12,5517000.0,0.018183062861,GILEAD SCIENCES INC,5303000,1.0403545163115218
2908,,no_coupon_maturity_candidates,,0,0,,,,,SUMITOMO MITSUI FINANCIAL(FXD-FRN),5072000,
2909,75513EAC5,coupon_maturity_size,0.0,1,0,RTX CORP,US75513EAC57,8078000.0,0.01802436617,RAYTHEON TECHNOLOGIES CORPORATION,7781000,1.0381699010409973
2910,03040WAR6,coupon_maturity_name,0.75,1,1,AMERICAN WATER CAPITAL C,US03040WAR60,6592000.0,0.016735439466,AMERICAN WATER CAPITAL CORP,6709000,0.9825607393054107
2911,171239AJ5,coupon_maturity_name,1.0,1,1,CHUBB INA HOLDINGS LLC,US171239AJ50,8415000.0,0.017296307377,CHUBB INA HOLDINGS LLC,8517000,0.9880239520958084
2912,718172CJ6,coupon_maturity_name,0.5,1,1,PHILIP MORRIS INTL INC,US718172CJ63,6803000.0,0.022104227477,PHILIP MORRIS INTERNATIONAL INC,5098000,1.3344448803452333
2913,89153VAX7,coupon_maturity_name,0.5,1,1,TOTALENERGIES CAP INTL,US89153VAX73,9161000.0,0.023046847281,TOTALENERGIES CAPITAL INTERNATIONA,6782000,1.3507814803892657
2914,458140BV1,coupon_maturity_name,1.0,1,1,INTEL CORP,US458140BV11,6627000.0,0.015680105316,INTEL CORPORATION,7164000,0.9250418760469011
2915,49456BAJ0,coupon_maturity_name,1.0,1,1,KINDER MORGAN INC,US49456BAJ08,6560000.0,0.019945920401,KINDER MORGAN INC,5541000,1.1839018227756724
2916,723787AR8,coupon_maturity_name,1.0,1,1,PIONEER NATURAL RESOURCE,US723787AR88,4545000.0,0.013739399001,PIONEER NATURAL RESOURCES COMPANY,5545000,0.8196573489630298
2917,244199BK0,coupon_maturity_name,1.0,1,1,DEERE & COMPANY,US244199BK00,8389000.0,0.021639042991,DEERE & CO,6566000,1.2776424002436795
2918,50249AAJ2,coupon_maturity_name,1.0,1,1,LYB INT FINANCE III,US50249AAJ25,7513000.0,0.016708111465,LYB INTERNATIONAL FINANCE III LLC,7497000,1.0021341870081366
2919,74340XBR1,coupon_maturity_name,1.0,1,1,PROLOGIS LP,US74340XBR17,7090000.0,0.020729661999,PROLOGIS LP,5699000,1.2440779084049833
2920,127387AP3,coupon_maturity_name,1.0,1,1,CADENCE DESIGN SYS INC,US127387AP39,4012000.0,0.013282760412,CADENCE DESIGN SYSTEMS INC,5012000,0.8004788507581804
2921,023608AR3,coupon_maturity_name,1.0,1,1,AMEREN CORP,US023608AR31,4955000.0,0.016844204305,AMEREN CORPORATION,4865000,1.0184994861253853
2922,48305QAE3,coupon_maturity_name,1.0,1,1,KAISER FOUNDATION HOSPIT,US48305QAE35,4491000.0,0.010444767639,KAISER FOUNDATION HOSPITALS,7268000,0.6179141441937259
2923,65473QBC6,coupon_maturity_name,1.0,1,1,NISOURCE INC,US65473QBC69,7036000.0,0.02091037475,NISOURCE INC,5557000,1.266150800791794
2924,904764BH9,coupon_maturity_name,1.0,2,1,UNILEVER CAPITAL CORP,US904764BH90,5253000.0,0.016499462877,UNILEVER CAPITAL CORP,5242000,1.0020984357115605
2925,50249AAH6,coupon_maturity_name,1.0,1,1,LYB INT FINANCE III,US50249AAH68,5911000.0,0.014694874149,LYB INTERNATIONAL FINANCE III LLC,6688000,0.8838217703349283
2926,573284AX4,coupon_maturity_name,1.0,1,1,MARTIN MARIETTA MATERIAL,US573284AX46,7169000.0,0.015958006494,MARTIN MARIETTA MATERIALS INC,7747000,0.9253904737317671
2927,60687YAX7,coupon_maturity_name,1.0,1,1,MIZUHO FINANCIAL GROUP,US60687YAX76,5152000.0,0.01654017082,MIZUHO FINANCIAL GROUP INC,5152000,1.0
2928,78409VBL7,coupon_maturity_name,1.0,1,1,S&P GLOBAL INC,US78409VBL71,7267000.0,0.018104139796,S&P GLOBAL INC,6698000,1.0849507315616602
2929,191216CY4,coupon_maturity_name,1.0,1,1,COCA-COLA CO/THE,US191216CY47,8349000.0,0.016257332987,COCA-COLA CO,8721000,0.95734434124527
2930,929160BD0,coupon_maturity_name,1.0,1,1,VULCAN MATERIALS CO,US929160BD00,4009000.0,0.01331883859,VULCAN MATERIALS COMPANY,5059000,0.7924491006127693
2931,110122DX3,coupon_maturity_name,1.0,1,1,BRISTOL-MYERS SQUIBB CO,US110122DX32,7019000.0,0.016866734993,BRISTOL-MYERS SQUIBB CO,6888000,1.0190185830429732
2932,26441CBN4,coupon_maturity_name,1.0,1,1,DUKE ENERGY CORP,US26441CBN48,4834000.0,0.011061779832,DUKE ENERGY CORP,7327000,0.6597516036577044
2933,961214EQ2,coupon_maturity_name,1.0,1,1,WESTPAC BANKING CORP,US961214EQ27,7624000.0,0.018931094381,WESTPAC BANKING CORP,6634000,1.1492312330419054
2934,66989HAS7,coupon_maturity_name,1.0,1,1,NOVARTIS CAPITAL CORP,US66989HAS76,5426000.0,0.011538974003,NOVARTIS CAPITAL CORP,7792000,0.6963552361396304
2935,009158AZ9,coupon_maturity_name,1.0,1,1,AIR PRODUCTS & CHEMICALS,US009158AZ91,6445000.0,0.016010760889,AIR PRODUCTS AND CHEMICALS INC,6628000,0.9723898611949306
2936,136385AY7,coupon_maturity_name,0.5,1,1,CANADIAN NATL RESOURCES,US136385AY72,3924000.0,0.011795493281,CANADIAN NATURAL RESOURCES LTD MTN,5587000,0.702344728834795
2937,89352HAZ2,coupon_maturity_name,1.0,1,1,TRANSCANADA PIPELINES,US89352HAZ29,3915000.0,0.012302803983,TRANSCANADA PIPELINES LTD,5193000,0.7538994800693241
2938,053332BB7,coupon_maturity_name,1.0,1,1,AUTOZONE INC,US053332BB79,5077000.0,0.016897683047,AUTOZONE INC,4802000,1.057267805081216
2939,87264ADG7,coupon_maturity_name,1.0,2,1,T-MOBILE USA INC,US87264ADG76,5819000.0,0.018230735617,T-MOBILE USA INC,5433000,1.071047303515553
2940,58013MFJ8,coupon_maturity_name,0.5,1,1,MCDONALD'S CORP,US58013MFJ80,8504000.0,0.027057140345,MCDONALDS CORPORATION MTN,5034000,1.6893126738180373
2941,20030NDQ1,coupon_maturity_name,1.0,1,1,COMCAST CORP,US20030NDQ16,8701000.0,0.014454918439,COMCAST CORPORATION,10124000,0.8594429079415251
2942,036752AK9,coupon_maturity_name,1.0,1,1,ELEVANCE HEALTH INC,US036752AK91,6469000.0,0.015755237054,ELEVANCE HEALTH INC,6732000,0.9609328579916815
2943,740816AR4,coupon_maturity_name,0.8,1,1,PRES & FELLOWS OF HARVAR,US740816AR46,3919000.0,0.012996162478,PRESIDENT AND FELLOWS OF HARVARD C,4809000,0.8149303389478062
2944,65473PAL9,coupon_maturity_name,1.0,1,1,NISOURCE INC,US65473PAL94,7691000.0,0.0225482239,NISOURCE INC,5473000,1.405262196236068
2945,87612BBQ4,coupon_maturity_name,1.0,1,1,TARGA RESOURCES PARTNERS,US87612BBQ41,4740000.0,0.016128586757,TARGA RESOURCES PARTNERS LP,4640000,1.021551724137931
2946,036752BJ1,coupon_maturity_name,1.0,1,1,ELEVANCE HEALTH INC,US036752BJ10,6164000.0,0.020344308084,ELEVANCE HEALTH INC,4835000,1.274870734229576
2947,883556BZ4,coupon_maturity_name,1.0,1,1,THERMO FISHER SCIENTIFIC,US883556BZ47,5944000.0,0.01882896255,THERMO FISHER SCIENTIFIC INC,5035000,1.1805362462760676
2948,,no_coupon_maturity_candidates,,0,0,,,,,TRUIST FINANCIAL CORP MTN,4775000,
2949,68902VAL1,coupon_maturity_name,1.0,1,1,OTIS WORLDWIDE CORP,US68902VAL18,4738000.0,0.012247867953,OTIS WORLDWIDE CORP,6202000,0.7639471138342471
2950,049560AM7,coupon_maturity_name,1.0,1,1,ATMOS ENERGY CORP,US049560AM78,5540000.0,0.015574058697,ATMOS ENERGY CORPORATION,5755000,0.9626411815812337
2951,713448EP9,coupon_maturity_name,1.0,1,1,PEPSICO INC,US713448EP96,7172000.0,0.015676783019,PEPSICO INC,7412000,0.967620075553157
2952,60687YDF3,coupon_maturity_name,1.0,1,1,MIZUHO FINANCIAL GROUP,US60687YDF34,4653000.0,0.015936090425,MIZUHO FINANCIAL GROUP INC,4653000,1.0
2953,166756AH9,coupon_maturity_name,1.0,1,1,CHEVRON USA INC,US166756AH97,5515000.0,0.010679202428,CHEVRON USA INC,8363000,0.6594523496352983
2954,142339AJ9,coupon_maturity_name,1.0,1,1,CARLISLE COS INC,US142339AJ92,5802000.0,0.018213016479,CARLISLE COMPANIES INCORPORATED,5017000,1.1564680087701813
2955,842400GY3,coupon_maturity_name,1.0,1,1,SOUTHERN CAL EDISON,US842400GY39,4750000.0,0.009576075083,SOUTHERN CALIFORNIA EDISON COMPANY,7867000,0.6037879750858014
2956,66989HAT5,coupon_maturity_name,1.0,1,1,NOVARTIS CAPITAL CORP,US66989HAT59,5657000.0,0.018664325366,NOVARTIS CAPITAL CORP,4754000,1.1899453092132941
2957,03770DAF0,coupon_maturity_name,0.6,1,1,APOLLO DEBT SOLUTIONS BD,US03770DAF06,750000.0,0.00254897021,APOLLO DEBT SOLUTIONS BDC,4584000,0.16361256544502617
2958,744573AU0,coupon_maturity_name,0.75,1,1,PUBLIC SERVICE ENTERPRIS,US744573AU04,5145000.0,0.015366103565,PUBLIC SERVICE ENTERPRISE GROUP IN,5300000,0.970754716981132
2959,98956PAV4,coupon_maturity_name,1.0,1,1,ZIMMER BIOMET HOLDINGS,US98956PAV40,4402000.0,0.013264248197,ZIMMER BIOMET HOLDINGS INC,5242000,0.8397558183899275
2960,871829BR7,coupon_maturity_name,1.0,1,1,SYSCO CORPORATION,US871829BR76,6690000.0,0.014317924036,SYSCO CORPORATION,7532000,0.8882103027084439
2961,855244AT6,coupon_maturity_name,1.0,1,1,STARBUCKS CORP,US855244AT67,5193000.0,0.017007084632,STARBUCKS CORPORATION,4738000,1.0960320810468551
2962,038222AP0,coupon_maturity_name,1.0,1,1,APPLIED MATERIALS INC,US038222AP03,7060000.0,0.015095107265,APPLIED MATERIALS INC,7543000,0.9359671218348138
2963,136385BD2,coupon_maturity_name,0.5,1,1,CANADIAN NATL RESOURCES,US136385BD27,7462000.0,0.02540529697,CANADIAN NATURAL RESOURCES LTD,4588000,1.626416739319965
2964,927804GD0,coupon_maturity_name,0.75,1,1,VIRGINIA ELEC & POWER CO,US927804GD01,6814000.0,0.013063002964,VIRGINIA ELECTRIC AND POWER COMPAN,8412000,0.8100332857822159
2965,594918CB8,coupon_maturity_name,1.0,1,1,MICROSOFT CORP,US594918CB81,5606000.0,0.016105698412,MICROSOFT CORPORATION,5591000,1.002682883205151
2966,717081EU3,coupon_maturity_name,1.0,1,1,PFIZER INC,US717081EU35,7299000.0,0.021352460703,PFIZER INC,5351000,1.364044103905812
2967,20826FBC9,coupon_maturity_name,1.0,1,1,CONOCOPHILLIPS COMPANY,US20826FBC95,5146000.0,0.014086085317,CONOCOPHILLIPS CO,5760000,0.8934027777777778
2968,136375DR0,coupon_maturity_name,0.5,1,1,CANADIAN NATL RAILWAY,US136375DR05,4804000.0,0.015637694169,CANADIAN NATIONAL RAILWAY COMPANY,4774000,1.006284038542103
2969,209111FD0,coupon_maturity_name,0.6,1,1,CON EDISON CO OF NY INC,US209111FD03,4851000.0,0.014019946983,CONSOLIDATED EDISON COMPANY OF NEW,5411000,0.8965071151358344
2970,858119BS8,coupon_maturity_name,1.0,2,1,STEEL DYNAMICS INC,US858119BS89,3381000.0,0.011427928746,STEEL DYNAMICS INC,4631000,0.7300798963506802
2971,907818FS2,coupon_maturity_name,1.0,1,1,UNION PACIFIC CORP,US907818FS27,6804000.0,0.015736775875,UNION PACIFIC CORPORATION,6859000,0.99198133838752
2972,097023CK9,coupon_maturity_name,1.0,1,1,BOEING CO,US097023CK94,4656000.0,0.011701011458,BOEING CO,6280000,0.7414012738853503
2973,42250PAE3,coupon_maturity_name,1.0,1,1,HEALTHPEAK OP LLC,US42250PAE34,4574000.0,0.015521364303,HEALTHPEAK OP LLC,4584000,0.9978184991273996
2974,37940XAC6,coupon_maturity_name,1.0,1,1,GLOBAL PAYMENTS INC,US37940XAC65,3970000.0,0.009795144012,GLOBAL PAYMENTS INC,6284000,0.6317632081476766
2975,512807AT5,coupon_maturity_name,1.0,1,1,LAM RESEARCH CORP,US512807AT55,5939000.0,0.018152279904,LAM RESEARCH CORPORATION,5133000,1.1570231833235924
2976,911312BQ8,coupon_maturity_name,1.0,1,1,UNITED PARCEL SERVICE,US911312BQ83,6805000.0,0.018480303446,UNITED PARCEL SERVICE INC,5732000,1.1871946964410327
2977,822905BB0,coupon_maturity_name,1.0,1,1,SHELL FINANCE US INC,US822905BB09,8432000.0,0.018392477632,SHELL FINANCE US INC,7243000,1.1641584978600028
2978,316773CH1,coupon_maturity_name,1.0,1,1,FIFTH THIRD BANCORP,US316773CH12,3711000.0,0.015085930465,FIFTH THIRD BANCORP,3711000,1.0
2979,718172CS6,coupon_maturity_name,0.5,1,1,PHILIP MORRIS INTL INC,US718172CS62,5848000.0,0.017424851712,PHILIP MORRIS INTERNATIONAL INC,5166000,1.132017034456059
2980,032654AX3,coupon_maturity_name,1.0,1,1,ANALOG DEVICES INC,US032654AX37,7233000.0,0.01567842602,ANALOG DEVICES INC,7303000,0.9904148979871286
2981,695114CY2,coupon_maturity_name,1.0,1,1,PACIFICORP,US695114CY24,7785000.0,0.015593353951,PACIFICORP,7942000,0.980231679677663
2982,89417EAR0,coupon_maturity_name,1.0,1,1,TRAVELERS COS INC,US89417EAR09,7995000.0,0.017627723526,TRAVELERS COMPANIES INC,7145000,1.118964310706788
2983,416515BF0,coupon_maturity_name,0.6666666666666666,1,1,HARTFORD INSUR GRP INC/T,US416515BF08,6117000.0,0.014911150215,HARTFORD INSURANCE GROUP INC,6322000,0.9675735526732047
2984,235851AW2,coupon_maturity_name,1.0,1,1,DANAHER CORP,US235851AW20,7764000.0,0.016205151575,DANAHER CORPORATION,7515000,1.0331337325349301
2985,86562MCK4,coupon_maturity_name,0.6666666666666666,1,1,SUMITOMO MITSUI FINL GRP,US86562MCK45,6667000.0,0.016224117208,SUMITOMO MITSUI FINANCIAL GROUP IN,6278000,1.0619624084103219
2986,00914AAS1,coupon_maturity_name,1.0,1,1,SUMISHO AIR LEASE CORP,US00914AAS15,5578000.0,0.016747400834,SUMISHO AIR LEASE CORP MTN,5087000,1.0965205425594653
2987,808513BT1,coupon_maturity_name,1.0,1,1,CHARLES SCHWAB CORP,US808513BT10,5656000.0,0.016550555972,CHARLES SCHWAB CORPORATION (THE),5176000,1.0927357032457496
2988,438516BU9,coupon_maturity_name,1.0,1,1,HONEYWELL INTERNATIONAL,US438516BU93,6454000.0,0.020532198053,HONEYWELL INTERNATIONAL INC,4699000,1.3734837199404129
2989,032654AW5,coupon_maturity_name,1.0,1,1,ANALOG DEVICES INC,US032654AW53,6330000.0,0.015481546473,ANALOG DEVICES INC,6270000,1.0095693779904307
2990,718172AU3,coupon_maturity_name,0.5,1,1,PHILIP MORRIS INTL INC,US718172AU37,7655000.0,0.020947891078,PHILIP MORRIS INTERNATIONAL INC,5529000,1.3845179960209804
2991,828807DJ3,coupon_maturity_name,1.0,1,1,SIMON PROPERTY GROUP LP,US828807DJ39,4914000.0,0.012367188615,SIMON PROPERTY GROUP LP,6144000,0.7998046875
2992,609207AW5,coupon_maturity_name,1.0,1,1,MONDELEZ INTERNATIONAL,US609207AW50,8355000.0,0.016919580918,MONDELEZ INTERNATIONAL INC,7530000,1.1095617529880477
2993,482480AN0,coupon_maturity_name,1.0,1,1,KLA CORP,US482480AN02,3745000.0,0.011628345277,KLA CORP,5025000,0.745273631840796
2994,038222AM7,coupon_maturity_name,1.0,1,1,APPLIED MATERIALS INC,US038222AM71,4366000.0,0.012506499194,APPLIED MATERIALS INC,5318000,0.8209853328318917
2995,74949LAG7,coupon_maturity_name,1.0,1,1,RELX CAPITAL INC,US74949LAG77,3815000.0,0.012960810863,RELX CAPITAL INC,4425000,0.8621468926553673
2996,235851AV4,coupon_maturity_name,1.0,1,1,DANAHER CORP,US235851AV47,7138000.0,0.014448196151,DANAHER CORPORATION,7586000,0.9409438439230161
2997,26441CBM6,coupon_maturity_name,1.0,1,1,DUKE ENERGY CORP,US26441CBM64,5987000.0,0.015260968482,DUKE ENERGY CORP,5967000,1.0033517680576505
2998,299808AJ4,coupon_maturity_name,0.6666666666666666,1,1,EVEREST REINSURANCE HLDG,US299808AJ43,7534000.0,0.015787733557,EVEREST REINSURANCE HOLDINGS INC,7324000,1.0286728563626433
2999,341081FX0,coupon_maturity_name,1.0,1,1,FLORIDA POWER & LIGHT CO,US341081FX06,5688000.0,0.012900757771,FLORIDA POWER & LIGHT CO,6756000,0.8419182948490231
3000,52532XAF2,coupon_maturity_name,1.0,1,1,LEIDOS INC,US52532XAF24,4523000.0,0.014944260295,LEIDOS INC,4523000,1.0
3001,857449AE2,coupon_maturity_name,0.5,1,1,STATE STREET BANK & TR,US857449AE22,3276000.0,0.01115247476,STATE STREET BANK AND TRUST COMPAN,4374000,0.7489711934156379
3002,808513BS3,coupon_maturity_name,1.0,1,1,CHARLES SCHWAB CORP,US808513BS37,7064000.0,0.021265548876,CHARLES SCHWAB CORPORATION (THE),4922000,1.4351889475822837
3003,628530BJ5,coupon_maturity_name,1.0,1,1,MYLAN INC,US628530BJ54,4345000.0,0.011995676891,MYLAN INC,5345000,0.8129092609915809
3004,37940XAH5,coupon_maturity_name,1.0,1,1,GLOBAL PAYMENTS INC,US37940XAH52,4678000.0,0.013866023766,GLOBAL PAYMENTS INC,4989000,0.9376628582882341
3005,12189LBB6,coupon_maturity_name,0.6,1,1,BURLINGTN NORTH SANTA FE,US12189LBB62,4979000.0,0.013618105014,BURLINGTON NORTHERN SANTA FE LLC,5526000,0.9010133912414042
3006,12189LBC4,coupon_maturity_name,0.6,1,1,BURLINGTN NORTH SANTA FE,US12189LBC46,5602000.0,0.015007506347,BURLINGTON NORTHERN SANTA FE LLC,5636000,0.9939673527324343
3007,501044DN8,coupon_maturity_name,1.0,1,1,KROGER CO,US501044DN88,8449000.0,0.021322649785,KROGER CO,5962000,1.4171418986917141
3008,87612EBJ4,coupon_maturity_name,1.0,1,1,TARGET CORP,US87612EBJ47,6198000.0,0.019350520242,TARGET CORPORATION,4622000,1.3409779316313284
3009,06368L8L3,coupon_maturity_name,1.0,1,1,BANK OF MONTREAL,US06368L8L34,3699000.0,0.01242900199,BANK OF MONTREAL MTN,4277000,0.8648585457096095
3010,655844CH9,coupon_maturity_name,1.0,1,1,NORFOLK SOUTHERN CORP,US655844CH91,5678000.0,0.012194083431,NORFOLK SOUTHERN CORPORATION,6946000,0.8174488914483156
3011,494368CB7,coupon_maturity_name,1.0,1,1,KIMBERLY-CLARK CORP,US494368CB71,3791000.0,0.012127470291,KIMBERLY-CLARK CORPORATION,4516000,0.8394596988485385
3012,806854AQ8,coupon_maturity_name,1.0,1,1,SCHLUMBERGER INVESTMENT,US806854AQ80,1885000.0,0.00632796037,SCHLUMBERGER INVESTMENT SA,4345000,0.43383199079401613
3013,874060BD7,coupon_maturity_name,1.0,1,1,TAKEDA PHARMACEUTICAL,US874060BD74,7035000.0,0.015065339191,TAKEDA PHARMACEUTICAL CO LTD,6955000,1.0115025161754134
3014,20826FAC0,coupon_maturity_name,1.0,1,1,CONOCOPHILLIPS COMPANY,US20826FAC05,6024000.0,0.017078978284,CONOCOPHILLIPS CO,5228000,1.152257077276205
3015,64110LBA3,coupon_maturity_name,1.0,2,1,NETFLIX INC,US64110LBA35,5142000.0,0.016774466165,NETFLIX INC,4552000,1.1296133567662565
3016,256746AJ7,coupon_maturity_name,1.0,1,1,DOLLAR TREE INC,US256746AJ71,4770000.0,0.014305744756,DOLLAR TREE INC,4815000,0.9906542056074766
3017,337932AM9,coupon_maturity_name,1.0,1,1,FIRSTENERGY CORP,US337932AM94,6493000.0,0.014826960638,FIRSTENERGY CORPORATION,6333000,1.0252644876046109
3018,337738AU2,coupon_maturity_name,1.0,1,1,FISERV INC,US337738AU25,6884000.0,0.02222378314,FISERV INC,4436000,1.551848512173129
3019,12189LAZ4,coupon_maturity_name,0.6,1,1,BURLINGTN NORTH SANTA FE,US12189LAZ40,5630000.0,0.014913481266,BURLINGTON NORTHERN SANTA FE LLC,5405000,1.0416281221091581
3020,166764CA6,coupon_maturity_name,1.0,1,1,CHEVRON CORP,US166764CA68,7984000.0,0.018033430321,CHEVRON CORP,6459000,1.2361046601641121
3021,29250NBE4,coupon_maturity_name,1.0,1,1,ENBRIDGE INC,US29250NBE40,6474000.0,0.014842625497,ENBRIDGE INC,6265000,1.0333599361532322
3022,,no_coupon_maturity_candidates,,0,0,,,,,JACKSON FINANCIAL INC,4290000,
3023,084664CX7,coupon_maturity_name,1.0,1,1,BERKSHIRE HATHAWAY FIN,US084664CX75,8280000.0,0.016436896716,BERKSHIRE HATHAWAY FINANCE CORP,7400000,1.1189189189189188
3024,69351UBB8,coupon_maturity_name,1.0,1,1,PPL ELECTRIC UTILITIES,US69351UBB89,3617000.0,0.01135726601,PPL ELECTRIC UTILITIES CORPORATION,4582000,0.7893932780445221
3025,10373QBZ2,coupon_maturity_name,1.0,1,1,BP CAP MARKETS AMERICA,US10373QBZ28,5113000.0,0.017435280043,BP CAPITAL MARKETS AMERICA INC,4088000,1.25073385518591
3026,91913YBD1,coupon_maturity_name,1.0,1,1,VALERO ENERGY CORP,US91913YBD13,6180000.0,0.01450292921,VALERO ENERGY CORPORATION,6092000,1.0144451739986868
3027,009158BA3,coupon_maturity_name,1.0,1,1,AIR PRODUCTS & CHEMICALS,US009158BA32,7490000.0,0.015769475247,AIR PRODUCTS AND CHEMICALS INC,6706000,1.116910229645094
3028,127097AN3,coupon_maturity_size,0.3333333333333333,1,0,COTERRA ENERGY INC,US127097AN32,5609000.0,0.018549525817,DEVON ENERGY CORPORATION 144A,4259000,1.31697581591923
3029,316773DG2,coupon_maturity_name,1.0,1,1,FIFTH THIRD BANCORP,US316773DG20,4162000.0,0.013970313963,FIFTH THIRD BANCORP,4087000,1.0183508686077807
3030,867224AB3,coupon_maturity_name,1.0,2,1,SUNCOR ENERGY INC,US867224AB33,3997000.0,0.010328413061,SUNCOR ENERGY INC,5534000,0.7222623780267438
3031,,no_coupon_maturity_candidates,,0,0,,,,,AUTOZONE INC,4165000,
3032,303901BN1,coupon_maturity_name,1.0,1,1,FAIRFAX FINL HLDGS LTD,US303901BN18,3953000.0,0.013907102092,FAIRFAX FINANCIAL HOLDINGS LTD,3953000,1.0
3033,59156RBD9,coupon_maturity_name,1.0,1,1,METLIFE INC,US59156RBD98,6517000.0,0.018360843644,METLIFE INC,4897000,1.3308147845619767
3034,459200KL4,coupon_maturity_size,0.0,1,0,IBM CORP,US459200KL41,6694000.0,0.014055438478,INTERNATIONAL BUSINESS MACHINES CO,6921000,0.9672012714925589
3035,532457CQ9,coupon_maturity_name,1.0,1,1,ELI LILLY & CO,US532457CQ99,5440000.0,0.018232099294,ELI LILLY AND COMPANY,4033000,1.348871807587404
3036,478160CS1,coupon_maturity_name,1.0,1,1,JOHNSON & JOHNSON,US478160CS18,6492000.0,0.01261280264,JOHNSON & JOHNSON,7185000,0.9035490605427975
3037,418056AZ0,coupon_maturity_name,1.0,1,1,HASBRO INC,US418056AZ06,3889000.0,0.012736830864,HASBRO INC,4169000,0.9328376109378748
3038,458140BK5,coupon_maturity_name,1.0,1,1,INTEL CORP,US458140BK55,6750000.0,0.013051361748,INTEL CORPORATION,7240000,0.9323204419889503
3039,,no_coupon_maturity_candidates,,0,0,,,,,SUMITOMO MITSUI FINANCIAL(FXD-FRN),4108000,
3040,87165BAR4,coupon_maturity_name,1.0,1,1,SYNCHRONY FINANCIAL,US87165BAR42,3519000.0,0.010410658288,SYNCHRONY FINANCIAL,4559000,0.77187979820136
3041,16411QAZ4,coupon_maturity_name,1.0,1,1,CHENIERE ENERGY PARTNERS,US16411QAZ46,830000.0,0.002800342979,CHENIERE ENERGY PARTNERS LP 144A,4048000,0.20503952569169961
3042,713448FF0,coupon_maturity_name,1.0,1,1,PEPSICO INC,US713448FF06,6972000.0,0.016793533502,PEPSICO INC,5633000,1.237706373158175
3043,808513CR4,coupon_maturity_name,1.0,1,1,CHARLES SCHWAB CORP,US808513CR45,4175000.0,0.014198432503,CHARLES SCHWAB CORPORATION (THE),3950000,1.0569620253164558
3044,,no_coupon_maturity_candidates,,0,0,,,,,HA SUSTAINABLE INFRASTRUCTURE CAPI 144A,3986000,
3045,254687FL5,coupon_maturity_name,1.0,1,1,WALT DISNEY COMPANY/THE,US254687FL52,7831000.0,0.02444696483,WALT DISNEY CO,4250000,1.8425882352941176
3046,00130HCG8,coupon_maturity_name,1.0,1,1,AES CORP/THE,US00130HCG83,4483000.0,0.01347226511,AES CORPORATION (THE),4483000,1.0
3047,907818FN3,coupon_maturity_name,1.0,1,1,UNION PACIFIC CORP,US907818FN30,7643000.0,0.015000030567,UNION PACIFIC CORPORATION,6858000,1.1144648585593468
3048,458140BW9,coupon_maturity_name,1.0,1,1,INTEL CORP,US458140BW93,2410000.0,0.005063125997,INTEL CORPORATION,6390000,0.37715179968701096
3049,,no_coupon_maturity_candidates,,0,0,,,,,HA SUSTAINABLE INFRASTRUCTURE CAPI,3858000,
3050,91324PDS8,coupon_maturity_name,1.0,1,1,UNITEDHEALTH GROUP INC,US91324PDS83,6205000.0,0.019875756847,UNITEDHEALTH GROUP INC,4032000,1.538938492063492
3051,867224AE7,coupon_maturity_name,1.0,1,1,SUNCOR ENERGY INC,US867224AE71,5855000.0,0.014247487504,SUNCOR ENERGY INC,5419000,1.080457649012733
3052,65473PBB0,coupon_maturity_name,1.0,1,1,NISOURCE INC,US65473PBB04,2890000.0,0.009709150637,NISOURCE INC,3891000,0.742739655615523
3053,29446MAP7,coupon_maturity_name,1.0,1,1,EQUINOR ASA,US29446MAP77,3975000.0,0.0130986475,EQUINOR ASA,3975000,1.0
3054,127387AN8,coupon_maturity_name,1.0,1,1,CADENCE DESIGN SYS INC,US127387AN80,3468000.0,0.011562732954,CADENCE DESIGN SYSTEMS INC,3803000,0.911911648698396
3055,369550BJ6,coupon_maturity_name,1.0,1,1,GENERAL DYNAMICS CORP,US369550BJ68,3133000.0,0.008873685544,GENERAL DYNAMICS CORPORATION,4626000,0.6772589710332901
3056,04351LAB6,coupon_maturity_name,0.6666666666666666,1,1,ASCENSION HEALTH,US04351LAB62,3668000.0,0.009841129614,ASCENSION HEALTH ALLIANCE,4833000,0.7589488930271053
3057,30225VAV9,coupon_maturity_name,1.0,2,1,EXTRA SPACE STORAGE LP,US30225VAV99,3975000.0,0.013233918656,EXTRA SPACE STORAGE LP,3865000,1.0284605433376455
3058,575718AA9,coupon_maturity_name,1.0,1,1,MASS INSTITUTE OF TECH,US575718AA93,4066000.0,0.013333359329,MASSACHUSETTS INSTITUTE OF TECHNOL,3956000,1.0278058645096058
3059,,no_coupon_maturity_candidates,,0,0,,,,,SBA COMMUNICATIONS CORP,3792000,
3060,532457BZ0,coupon_maturity_name,1.0,1,1,ELI LILLY & CO,US532457BZ08,7115000.0,0.012924636892,ELI LILLY AND COMPANY,7147000,0.9955225968938016
3061,291011BS2,coupon_maturity_name,1.0,1,1,EMERSON ELECTRIC CO,US291011BS25,7909000.0,0.016568055486,EMERSON ELECTRIC CO,6179000,1.279980579381777
3062,110122CP1,coupon_maturity_name,1.0,1,1,BRISTOL-MYERS SQUIBB CO,US110122CP17,4996000.0,0.016296614902,BRISTOL-MYERS SQUIBB CO,3819000,1.3081958627913066
3063,742718GG8,coupon_maturity_name,1.0,1,1,PROCTER & GAMBLE CO/THE,US742718GG89,3516000.0,0.01180410482,PROCTER & GAMBLE CO,3698000,0.950784207679827
3064,071813CV9,coupon_maturity_name,1.0,1,1,BAXTER INTERNATIONAL INC,US071813CV90,5200000.0,0.01033304417,BAXTER INTERNATIONAL INC,6410000,0.8112324492979719
3065,632525CK5,coupon_maturity_size,0.2857142857142857,1,0,NATIONAL AUSTRALIA BK/NY,US632525CK59,1942000.0,0.006553815349,NATIONAL AUSTRALIA BANK LTD (NEW Y MTN,3692000,0.5260021668472372
3066,63253QAL8,coupon_maturity_size,0.2857142857142857,1,0,NATIONAL AUSTRALIA BK/NY,US63253QAL86,2628000.0,0.008972250373,NATIONAL AUSTRALIA BANK LTD (NEW Y MTN,3631000,0.7237675571467915
3067,037833EN6,coupon_maturity_name,1.0,1,1,APPLE INC,US037833EN61,6081000.0,0.01988489631,APPLE INC,3728000,1.6311695278969958
3068,15135UAX7,coupon_maturity_name,1.0,1,1,CENOVUS ENERGY INC,US15135UAX72,4252000.0,0.010267554703,CENOVUS ENERGY INC,5142000,0.8269155970439518
3069,89236TMK8,coupon_maturity_name,1.0,1,1,TOYOTA MOTOR CREDIT CORP,US89236TMK87,5795000.0,0.019520860567,TOYOTA MOTOR CREDIT CORP MTN,3563000,1.6264383946112826
3070,036752AL7,coupon_maturity_name,1.0,1,1,ELEVANCE HEALTH INC,US036752AL74,7210000.0,0.022945986288,ELEVANCE HEALTH INC,3774000,1.9104398516163221
3071,907818FL7,coupon_maturity_name,1.0,1,1,UNION PACIFIC CORP,US907818FL73,6798000.0,0.015453776706,UNION PACIFIC CORPORATION,5321000,1.2775794023679758
3072,29446MAF9,coupon_maturity_name,1.0,1,1,EQUINOR ASA,US29446MAF95,3707000.0,0.011878646653,EQUINOR ASA,3707000,1.0
3073,52532XAJ4,coupon_maturity_name,1.0,1,1,LEIDOS INC,US52532XAJ46,2409000.0,0.008376455152,LEIDOS INC,3409000,0.7066588442358462
3074,822905AZ8,coupon_maturity_name,1.0,1,1,SHELL FINANCE US INC,US822905AZ85,5176000.0,0.011693545348,SHELL FINANCE US INC,5289000,0.978634902628096
3075,854502AN1,coupon_maturity_name,0.75,1,1,STANLEY BLACK & DECKER I,US854502AN14,5242000.0,0.010304039459,STANLEY BLACK & DECKER INC,6062000,0.8647311118442759
3076,303901BL5,coupon_maturity_name,1.0,1,1,FAIRFAX FINL HLDGS LTD,US303901BL51,2343000.0,0.008105534903,FAIRFAX FINANCIAL HOLDINGS LTD,3343000,0.7008674842955429
3077,26442CAZ7,coupon_maturity_name,1.0,1,1,DUKE ENERGY CAROLINAS,US26442CAZ77,5565000.0,0.012610275536,DUKE ENERGY CAROLINAS LLC,5206000,1.0689588935843257
3078,655844CF3,coupon_maturity_name,1.0,1,1,NORFOLK SOUTHERN CORP,US655844CF36,5014000.0,0.010947726622,NORFOLK SOUTHERN CORPORATION,5399000,0.9286904982404149
3079,458140BX7,coupon_maturity_name,1.0,1,1,INTEL CORP,US458140BX76,5254000.0,0.01032016529,INTEL CORPORATION,6035000,0.8705882352941177
3080,94106BAD3,coupon_maturity_name,1.0,2,1,WASTE CONNECTIONS INC,US94106BAD38,5234000.0,0.01122218342,WASTE CONNECTIONS INC,5514000,0.9492201668480232
3081,11271LAF9,coupon_maturity_name,1.0,1,1,BROOKFIELD FINANCE INC,US11271LAF94,5272000.0,0.012156714068,BROOKFIELD FINANCE INC,5051000,1.0437537121362106
3082,00724PAG4,coupon_maturity_name,1.0,1,1,ADOBE INC,US00724PAG46,3250000.0,0.010908914644,ADOBE INC,3350000,0.9701492537313433
3083,75886FAF4,coupon_maturity_name,1.0,1,1,REGENERON PHARMACEUTICAL,US75886FAF45,5669000.0,0.011534505706,REGENERON PHARMACEUTICALS INC.,5609000,1.010697093956142
3084,89153VAW9,coupon_maturity_name,0.5,1,1,TOTALENERGIES CAP INTL,US89153VAW90,5484000.0,0.012063629197,TOTALENERGIES CAPITAL INTERNATIONA,5284000,1.0378501135503406
3085,278642AF0,coupon_maturity_name,1.0,1,1,EBAY INC,US278642AF09,6079000.0,0.016431101643,EBAY INC,4274000,1.4223210107627515
3086,00774MBL8,coupon_maturity_name,0.6,1,1,AERCAP IRELAND CAP/GLOBA,US00774MBL81,4603000.0,0.015418123003,AERCAP IRELAND CAPITAL DAC,3280000,1.4033536585365853
3087,63307A3B9,coupon_maturity_name,1.0,1,1,NATIONAL BANK OF CANADA,US63307A3B99,2416000.0,0.008078189611,NATIONAL BANK OF CANADA MTN,3245000,0.7445300462249614
3088,209111GB3,coupon_maturity_name,0.6,1,1,CON EDISON CO OF NY INC,US209111GB38,4898000.0,0.011073934971,CONSOLIDATED EDISON COMPANY OF NEW,4881000,1.0034828928498258
3089,437076BP6,coupon_maturity_name,1.0,1,1,HOME DEPOT INC,US437076BP60,4678000.0,0.010795974026,HOME DEPOT INC,4653000,1.0053728777133033
3090,68902VAM9,coupon_maturity_name,1.0,1,1,OTIS WORLDWIDE CORP,US68902VAM90,3568000.0,0.008315077567,OTIS WORLDWIDE CORP,4543000,0.7853841074180057
3091,207597EL5,coupon_maturity_name,0.4,1,1,CONNECTICUT LIGHT & PWR,US207597EL50,3009000.0,0.008003269505,CONNECTICUT LIGHT AND POWER COMPAN,3984000,0.7552710843373494
3092,,no_coupon_maturity_candidates,,0,0,,,,,FAIRFAX FINANCIAL HOLDINGS LTD 144A,3200000,
3093,681919BD7,coupon_maturity_name,1.0,1,1,OMNICOM GROUP INC,US681919BD76,2400000.0,0.00724518336,OMNICOM GROUP INC,3390000,0.7079646017699115
3094,845467AS8,coupon_maturity_name,1.0,1,1,EXPAND ENERGY CORP,US845467AS85,3019000.0,0.010227222346,EXPAND ENERGY CORP,2994000,1.0083500334001336
3095,744448CV1,coupon_maturity_name,0.75,1,1,PUBLIC SERVICE COLORADO,US744448CV12,1405000.0,0.004121731736,PUBLIC SERVICE COMPANY OF COLORADO,3505000,0.4008559201141227
3096,701094AP9,coupon_maturity_name,1.0,1,1,PARKER-HANNIFIN CORP,US701094AP92,2883000.0,0.007732898501,PARKER HANNIFIN CORPORATION,3883000,0.7424671645634818
3097,458140BZ2,coupon_maturity_name,1.0,1,1,INTEL CORP,US458140BZ25,5600000.0,0.018484374936,INTEL CORPORATION,2997000,1.8685352018685353
3098,21036PBE7,coupon_maturity_name,1.0,1,1,CONSTELLATION BRANDS INC,US21036PBE79,4849000.0,0.015591351648,CONSTELLATION BRANDS INC,3057000,1.586195616617599
3099,797440CA0,coupon_maturity_size,0.3333333333333333,1,0,SAN DIEGO G & E,US797440CA05,4791000.0,0.010234334526,SAN DIEGO GAS & ELECTRIC CO,4709000,1.017413463580378
3100,512807AW8,coupon_maturity_name,1.0,1,1,LAM RESEARCH CORP,US512807AW84,5132000.0,0.011056088443,LAM RESEARCH CORPORATION,4647000,1.1043684097267055
3101,039482AC8,coupon_maturity_name,0.75,1,1,ARCHER-DANIELS-MIDLAND C,US039482AC84,5502000.0,0.011226427224,ARCHER DANIELS MIDLAND CO,4547000,1.210028590279305
3102,05253JB59,coupon_maturity_name,1.0,1,1,Australia & New Zealand Banking Group Ltd.,US05253JB595,2343000.0,0.007947278031,AUSTRALIA AND NEW ZEALAND BANKING MTN,2673000,0.8765432098765432
3103,031162DH0,coupon_maturity_name,1.0,1,1,AMGEN INC,US031162DH07,4519000.0,0.014981910794,AMGEN INC,2641000,1.7110942824687618
3104,20268JAB9,coupon_maturity_name,1.0,1,1,COMMONSPIRIT HEALTH,US20268JAB98,2660000.0,0.008552020388,COMMONSPIRIT HEALTH,2660000,1.0
3105,20268JAR4,coupon_maturity_name,1.0,1,1,COMMONSPIRIT HEALTH,US20268JAR41,750000.0,0.002551273627,COMMONSPIRIT HEALTH,2500000,0.3
3106,38152BAH4,coupon_maturity_name,0.6,1,1,GOLDMAN SACHS PRIVATE CR,US38152BAH42,322000.0,0.001071399778,GOLDMAN SACHS PRIVATE CREDIT CORP,2469000,0.13041717294451194
3107,20268JAC7,coupon_maturity_name,1.0,1,1,COMMONSPIRIT HEALTH,US20268JAC71,1859000.0,0.004861010091,COMMONSPIRIT HEALTH,3259000,0.5704203743479594
3108,29446MAC6,coupon_maturity_name,1.0,1,1,EQUINOR ASA,US29446MAC64,2312000.0,0.005391925829,EQUINOR ASA,3712000,0.6228448275862069
3109,983919AK7,coupon_maturity_name,1.0,1,1,XILINX INC,US983919AK78,1477000.0,0.004587275525,XILINX INC,2712000,0.5446165191740413
3110,876030AL1,coupon_maturity_name,1.0,1,1,TAPESTRY INC,US876030AL10,1402000.0,0.004741306725,TAPESTRY INC,2402000,0.5836802664446294
3111,85771PAC6,coupon_maturity_name,1.0,1,1,EQUINOR ASA,US85771PAC68,2411000.0,0.007943523772,EQUINOR ASA,2411000,1.0
3112,075887BX6,coupon_maturity_name,1.0,1,1,BECTON DICKINSON & CO,US075887BX67,1295000.0,0.003817299194,BECTON DICKINSON AND COMPANY,2695000,0.4805194805194805
3113,85771PAL6,coupon_maturity_name,1.0,1,1,EQUINOR ASA,US85771PAL67,1649000.0,0.004591105431,EQUINOR ASA,2649000,0.6224990562476406
3114,713448FX1,coupon_maturity_name,1.0,1,1,PEPSICO INC,US713448FX12,3919000.0,0.013234818071,PEPSICO INC,2116000,1.8520793950850662
3115,345397G23,coupon_maturity_name,1.0,1,1,FORD MOTOR CREDIT CO LLC,US345397G230,8474000.0,0.028482986745,FORD MOTOR CREDIT COMPANY LLC,2018000,4.199207135777998
3116,25389JAU0,coupon_maturity_name,1.0,1,1,DIGITAL REALTY TRUST LP,US25389JAU07,5598000.0,0.018258003281,DIGITAL REALTY TRUST LP,2021000,2.7699158832261257
3117,15189XBL1,coupon_maturity_name,0.75,1,1,CENTERPOINT ENER HOUSTON,US15189XBL10,1125000.0,0.00370987201,CENTERPOINT ENERGY HOUSTON ELECTRI,1975000,0.569620253164557
3118,29446MAH5,coupon_maturity_name,1.0,1,1,EQUINOR ASA,US29446MAH51,2209000.0,0.005593778461,EQUINOR ASA,2609000,0.8466845534687619
3119,85771PAQ5,coupon_maturity_name,1.0,1,1,EQUINOR ASA,US85771PAQ54,2104000.0,0.006522757466,EQUINOR ASA,2104000,1.0
3120,30303M8S4,coupon_maturity_name,1.0,1,1,META PLATFORMS INC,US30303M8S40,4190000.0,0.014083842371,META PLATFORMS INC,1831000,2.2883670125614417
3121,86944BAQ6,coupon_maturity_name,1.0,3,1,SUTTER HEALTH,US86944BAQ68,750000.0,0.002604188887,SUTTER HEALTH,1750000,0.42857142857142855
3122,17325FBK3,coupon_maturity_name,1.0,1,1,CITIBANK NA,US17325FBK30,5565000.0,0.018916712851,CITIBANK NA,1730000,3.2167630057803467
3123,11133TAD5,coupon_maturity_name,1.0,1,1,BROADRIDGE FINANCIAL SOL,US11133TAD54,435000.0,0.001369539945,BROADRIDGE FINANCIAL SOLUTIONS INC,1867000,0.2329941081949652
3124,37940XAB8,coupon_maturity_name,1.0,1,1,GLOBAL PAYMENTS INC,US37940XAB82,6276000.0,0.019945460604,GLOBAL PAYMENTS INC,1677000,3.742397137745975
3125,65473PAH8,coupon_maturity_name,1.0,1,1,NISOURCE INC,US65473PAH82,4589000.0,0.014655374624,NISOURCE INC,1575000,2.9136507936507936
3126,,no_coupon_maturity_candidates,,0,0,,,,,PUBLIC SERVICE COMPANY OF NEW HAMP,1468000,
3127,210518EA0,coupon_maturity_name,1.0,1,1,CONSUMERS ENERGY CO,US210518EA04,750000.0,0.002516835461,CONSUMERS ENERGY COMPANY,1500000,0.5
3128,001055BJ0,coupon_maturity_name,1.0,1,1,AFLAC INC,US001055BJ00,330000.0,0.001071893185,AFLAC INCORPORATED,1475000,0.22372881355932203
3129,743820AB8,coupon_maturity_name,0.5,1,1,PROV ST JOSEPH HLTH OBL,US743820AB83,2272000.0,0.004465960653,PROVIDENCE ST. JOSEPH HEALTH,2422000,0.9380677126341866
3130,29446MAK8,coupon_maturity_name,1.0,1,1,EQUINOR ASA,US29446MAK80,1449000.0,0.004499147757,EQUINOR ASA,1449000,1.0
3131,65535HBK4,coupon_maturity_name,1.0,1,1,NOMURA HOLDINGS INC,US65535HBK41,1160000.0,0.004131577112,NOMURA HOLDINGS INC,1160000,1.0
3132,876030AK3,coupon_maturity_name,1.0,1,1,TAPESTRY INC,US876030AK37,200000.0,0.00067850978,TAPESTRY INC,950000,0.21052631578947367
3133,00217GAC7,coupon_maturity_name,1.0,1,1,APTIV SWISS HOLDINGS LTD,US00217GAC78,1000000.0,0.002497174123,APTIV SWISS HOLDINGS LTD,1287000,0.777000777000777
3134,36266GAA5,coupon_maturity_name,1.0,1,1,GE HEALTHCARE TECH INC,US36266GAA58,6060000.0,0.020467305543,GE HEALTHCARE TECHNOLOGIES INC,846000,7.163120567375887
3135,31428XDS2,coupon_maturity_name,1.0,1,1,FEDEX CORP,US31428XDS27,7449000.0,0.021086140572,FEDEX CORP,1000000,7.449
3136,0778FPAA7,coupon_maturity_name,0.4,1,1,BELL CANADA,US0778FPAA77,7241000.0,0.020279583255,BELL TELEPHONE COMPANY OF CANADA O,1000000,7.241
3137,337738AV0,coupon_maturity_name,1.0,1,1,FISERV INC,US337738AV08,13227000.0,0.034076851902,FISERV INC,1000000,13.227
3138,03027XAW0,coupon_maturity_name,1.0,1,1,AMERICAN TOWER CORP,US03027XAW02,5125000.0,0.016821808394,AMERICAN TOWER CORPORATION,712000,7.198033707865169
3139,713448EL8,coupon_maturity_name,1.0,1,1,PEPSICO INC,US713448EL82,3893000.0,0.012440731277,PEPSICO INC,422000,9.225118483412322
3140,86562MDM9,coupon_maturity_name,0.6666666666666666,1,1,SUMITOMO MITSUI FINL GRP,US86562MDM91,2143000.0,0.007336497339,SUMITOMO MITSUI FINANCIAL GROUP IN,343000,6.247813411078718
3141,88579YBJ9,coupon_maturity_name,1.0,1,1,3M COMPANY,US88579YBJ91,4864000.0,0.015319438407,3M CO,352000,13.818181818181818
3142,37045XEU6,coupon_maturity_name,0.6666666666666666,1,1,GENERAL MOTORS FINL CO,US37045XEU63,6388000.0,0.02194496586,GENERAL MOTORS FINANCIAL COMPANY I,24000,266.1666666666667
