cusip,isin,name,title,balance,valUSD,pctVal,assetCat,issuerCat,maturityDt,annualizedRt,couponKind
65535HAQ2,US65535HAQ20,NOMURA HOLDINGS INC,Nomura Holdings Inc,15283000.0,14397096.45,0.04834044667,DBT,CORP,2030-01-16,3.1,Fixed
126650DT4,US126650DT42,CVS HEALTH CORP,CVS Health Corp,5983000.0,6066966.02,0.020370763532,DBT,CORP,2030-02-21,5.13,Fixed
03073EAT2,US03073EAT29,CENCORA INC,Cencora Inc,5593000.0,5104569.46,0.017139370331,DBT,CORP,2031-03-15,2.7,Fixed
00206RNF5,US00206RNF54,AT&T INC,AT&T Inc,11170000.0,11037824.27,0.037061178087,DBT,CORP,2031-04-30,4.4,Fixed
754730AK5,US754730AK54,RAYMOND JAMES FINANCIAL,Raymond James Financial Inc,7066000.0,6835446.31,0.022951053287,DBT,CORP,2055-09-11,5.65,Fixed
822905AT2,US822905AT26,SHELL FINANCE US INC,Shell Finance US Inc,13661000.0,15013654.84,0.05041063548,DBT,CORP,2038-12-15,6.38,Fixed
46647PES1,US46647PES11,JPMORGAN CHASE & CO,JPMorgan Chase & Co,15722000.0,15619008.32,0.052443202096,DBT,CORP,2045-11-29,5.53,Fixed
032654AW5,US032654AW53,ANALOG DEVICES INC,Analog Devices Inc,6330000.0,4610824.54,0.015481546473,DBT,CORP,2041-10-01,2.8,Fixed
49326EEJ8,US49326EEJ82,KEYCORP,KeyCorp,6123000.0,5738086.79,0.019266501368,DBT,CORP,2029-10-01,2.55,Fixed
12527GAD5,US12527GAD51,CF INDUSTRIES INC,CF Industries Inc,6460000.0,5870351.23,0.019710599394,DBT,CORP,2043-06-01,4.95,Fixed
126650DX5,US126650DX53,CVS HEALTH CORP,CVS Health Corp,6207000.0,6328683.89,0.021249521189,DBT,CORP,2031-01-30,5.25,Fixed
29444UBH8,US29444UBH86,EQUINIX INC,Equinix Inc,6320000.0,5699796.91,0.019137937258,DBT,,2030-07-15,2.15,Fixed
06051GML0,US06051GML04,BANK OF AMERICA CORP,Bank of America Corp,19029000.0,19342911.9,0.064946776205,DBT,CORP,2031-01-24,5.16,Fixed
68389XAW5,US68389XAW56,ORACLE CORP,Oracle Corp,7646000.0,5829855.56,0.019574629007,DBT,CORP,2044-07-08,4.5,Fixed
87612EBP0,US87612EBP07,TARGET CORP,Target Corp,7494000.0,7506832.73,0.025205335569,DBT,CORP,2032-09-15,4.5,Fixed
097023DT9,US097023DT94,BOEING CO/THE,Boeing Co/The,18001000.0,20312823.43,0.068203402064,DBT,CORP,2054-05-01,6.86,Fixed
50212YAL8,US50212YAL83,LPL HOLDINGS INC,LPL Holdings Inc,6385000.0,6434737.23,0.021605611449,DBT,CORP,2030-03-15,5.2,Fixed
88732JAJ7,US88732JAJ79,TIME WARNER CABLE LLC,Time Warner Cable LLC,11731000.0,11717949.26,0.03934480145,DBT,CORP,2037-05-01,6.55,Fixed
98978VAH6,US98978VAH69,ZOETIS INC,Zoetis Inc,9478000.0,8448776.4,0.028368055073,DBT,CORP,2043-02-01,4.7,Fixed
907818FH6,US907818FH61,UNION PACIFIC CORP,Union Pacific Corp,6928000.0,6453432.0,0.02166838199,DBT,CORP,2030-02-05,2.4,Fixed
172967HS3,US172967HS33,CITIGROUP INC,Citigroup Inc,8234000.0,7730518.9,0.025956395993,DBT,CORP,2044-05-06,5.3,Fixed
278058DZ2,US278058DZ25,EATON CORP,Eaton Corp,14151000.0,13909818.85,0.046704337825,DBT,CORP,2036-03-06,4.8,Fixed
037833DW7,US037833DW79,APPLE INC,Apple Inc,20999000.0,12986527.06,0.043604244852,DBT,CORP,2050-05-11,2.65,Fixed
12189LBG5,US12189LBG59,BURLINGTN NORTH SANTA FE,Burlington Northern Santa Fe LLC,5210000.0,3555032.04,0.011936562162,DBT,CORP,2051-09-15,3.3,Fixed
02079KBA4,US02079KBA43,ALPHABET INC,Alphabet Inc,30034000.0,28952562.76,0.097212644293,DBT,CORP,2055-11-15,5.45,Fixed
87264ADB8,US87264ADB89,T-MOBILE USA INC,T-Mobile USA Inc,8433000.0,8140485.37,0.02733292093,DBT,CORP,2054-01-15,5.75,Fixed
29379VCB7,US29379VCB71,ENTERPRISE PRODUCTS OPER,Enterprise Products Operating LLC,7775000.0,5214123.37,0.017507214289,DBT,CORP,2053-02-15,3.3,Fixed
6174468P7,US6174468P76,MORGAN STANLEY,Morgan Stanley,19123000.0,18363438.26,0.061658044104,DBT,CORP,2031-04-01,3.62,Fixed
30303M8H8,US30303M8H84,META PLATFORMS INC,Meta Platforms Inc,22172000.0,21023501.49,0.070589612018,DBT,CORP,2032-08-15,3.85,Fixed
11135FBQ3,US11135FBQ37,BROADCOM INC,Broadcom Inc,19631000.0,16429105.38,0.055163226503,DBT,CORP,2036-11-15,3.19,Fixed
90261AAJ1,US90261AAJ16,UBS AG STAMFORD CT,UBS AG/Stamford CT,5510000.0,5522182.22,0.018541568852,DBT,CORP,2030-11-29,4.68,Fixed
03027XBC3,US03027XBC39,AMERICAN TOWER CORP,American Tower Corp,4864000.0,4403128.22,0.014784174409,DBT,,2030-06-15,2.1,Fixed
595620AY1,US595620AY17,MIDAMERICAN ENERGY CO,MidAmerican Energy Co,9334000.0,9464428.65,0.031778262374,DBT,CORP,2054-09-15,5.85,Fixed
92343VBT0,US92343VBT08,VERIZON COMMUNICATIONS,Verizon Communications Inc,6392000.0,6918879.78,0.023231193885,DBT,CORP,2043-09-15,6.55,Fixed
023135CQ7,US023135CQ73,AMAZON.COM INC,Amazon.com Inc,9978000.0,10079879.37,0.033844732013,DBT,CORP,2029-12-01,4.65,Fixed
74340XCF6,US74340XCF69,PROLOGIS LP,Prologis LP,5846000.0,5528027.88,0.018561196547,DBT,,2053-06-15,5.25,Fixed
06738EBR5,US06738EBR53,BARCLAYS PLC,Barclays PLC,8671000.0,7814688.46,0.026239008126,DBT,CORP,2032-03-10,2.67,Fixed
278062AH7,US278062AH73,EATON CORP,Eaton Corp,7089000.0,6892609.89,0.023142988724,DBT,CORP,2033-03-15,4.15,Fixed
913017CJ6,US913017CJ69,RTX CORP,RTX Corp,7499000.0,5747861.27,0.019299320675,DBT,CORP,2046-11-01,3.75,Fixed
20030NBM2,US20030NBM20,COMCAST CORP,Comcast Corp,10956000.0,10310084.64,0.03461768131,DBT,CORP,2034-08-15,4.2,Fixed
404119CU1,US404119CU12,HCA INC,HCA Inc,10153000.0,10388698.85,0.034881640508,DBT,CORP,2034-04-01,5.6,Fixed
46647PDC7,US46647PDC77,JPMORGAN CHASE & CO,JPMorgan Chase & Co,16299000.0,16070677.09,0.053959748864,DBT,CORP,2033-04-26,4.59,Fixed
92343VEU4,US92343VEU44,VERIZON COMMUNICATIONS,Verizon Communications Inc,14703000.0,14488318.56,0.048646738814,DBT,CORP,2029-12-03,4.02,Fixed
051473AD8,US051473AD89,AUGUSTA SPINCO CORPORATI,Augusta SpinCo Corp,6912000.0,6866164.45,0.023054194126,DBT,CORP,2031-03-23,4.66,Fixed
03769MAG1,US03769MAG15,APOLLO GLOBAL MANAGEMENT,Apollo Global Management Inc,6690000.0,6754003.23,0.022677595727,DBT,CORP,2036-03-30,5.7,Fixed
001055BJ0,US001055BJ00,AFLAC INC,Aflac Inc,330000.0,319238.87,0.001071893185,DBT,CORP,2030-04-01,3.6,Fixed
29379VCH4,US29379VCH42,ENTERPRISE PRODUCTS OPER,Enterprise Products Operating LLC,10632000.0,10301654.19,0.034589374789,DBT,CORP,2055-02-16,5.55,Fixed
63111XAJ0,US63111XAJ00,NASDAQ INC,Nasdaq Inc,8790000.0,9075487.77,0.030472334062,DBT,CORP,2034-02-15,5.55,Fixed
125523CT5,US125523CT57,CIGNA GROUP/THE,Cigna Group/The,4429000.0,4495127.63,0.015093076456,DBT,CORP,2029-05-15,5.0,Fixed
606822BU7,US606822BU78,MITSUBISHI UFJ FIN GRP,Mitsubishi UFJ Financial Group Inc,9410000.0,8501285.71,0.028544363088,DBT,CORP,2030-07-17,2.05,Fixed
060505GQ1,US060505GQ16,BANK OF AMERICA CORP,Bank of America Corp,17548000.0,17282214.48,0.058027670392,DBT,CORP,2032-02-06,4.46,Fixed
35177PAL1,US35177PAL13,ORANGE SA,Orange SA,14675000.0,17234970.1,0.057869040182,DBT,CORP,2031-03-01,9.0,Fixed
437076CQ3,US437076CQ35,HOME DEPOT INC,Home Depot Inc/The,10668000.0,7684006.78,0.025800224458,DBT,CORP,2052-04-15,3.63,Fixed
573284BB1,US573284BB17,MARTIN MARIETTA MATERIAL,Martin Marietta Materials Inc,6336000.0,6108772.03,0.020511133585,DBT,CORP,2054-12-01,5.5,Fixed
74432QCF0,US74432QCF00,PRUDENTIAL FINANCIAL INC,Prudential Financial Inc,10328000.0,7512061.5,0.025222891961,DBT,CORP,2051-03-13,3.7,Fixed
341081GT8,US341081GT84,FLORIDA POWER & LIGHT CO,Florida Power & Light Co,2770000.0,2830450.82,0.009503670229,DBT,CORP,2029-06-15,5.15,Fixed
80282KBQ8,US80282KBQ85,SANTANDER HOLDINGS USA,Santander Holdings USA Inc,7036000.0,7212507.21,0.024217092755,DBT,CORP,2031-03-20,5.74,Fixed
11135FCY5,US11135FCY51,BROADCOM INC,Broadcom Inc,21749000.0,21146424.38,0.071002344365,DBT,CORP,2036-02-15,4.8,Fixed
458140CQ1,US458140CQ17,INTEL CORP,Intel Corp,15331000.0,15266629.73,0.051260037248,DBT,CORP,2031-06-01,4.65,Fixed
871607AC1,US871607AC15,SYNOPSYS INC,Synopsys Inc,11951000.0,12016830.89,0.040348342097,DBT,CORP,2030-04-01,4.85,Fixed
191216CM0,US191216CM09,COCA-COLA CO/THE,Coca-Cola Co/The,6405000.0,6007022.76,0.020169494896,DBT,CORP,2029-09-06,2.13,Fixed
209111GG2,US209111GG25,CON EDISON CO OF NY INC,Consolidated Edison Co of New York Inc,8479000.0,8579174.3,0.028805885906,DBT,CORP,2053-11-15,5.9,Fixed
94106LBY4,US94106LBY48,WASTE MANAGEMENT INC,Waste Management Inc,5898000.0,5998877.62,0.020142146347,DBT,CORP,2031-07-03,4.95,Fixed
478160BJ2,US478160BJ28,JOHNSON & JOHNSON,Johnson & Johnson,11286000.0,11248756.2,0.037769414206,DBT,CORP,2033-12-05,4.38,Fixed
11135FCT6,US11135FCT66,BROADCOM INC,Broadcom Inc,23762000.0,21379032.58,0.071783361865,DBT,CORP,2034-04-15,3.47,Fixed
929903AM4,US929903AM44,WACHOVIA CORP,Wachovia Corp,6923000.0,6985429.54,0.023454644852,DBT,CORP,2035-08-01,5.5,Fixed
42809HAC1,US42809HAC16,HESS CORP,Hess Corp,6289000.0,6656963.73,0.022351770809,DBT,CORP,2040-01-15,6.0,Fixed
21688ABH4,US21688ABH41,COOPERAT RABOBANK UA/NY,Cooperatieve Rabobank UA/NY,2789000.0,2799994.24,0.009401407617,DBT,CORP,2029-10-17,4.49,Fixed
961214ET6,US961214ET65,WESTPAC BANKING CORP,Westpac Banking Corp,9068000.0,8131860.49,0.02730396158,DBT,CORP,2031-06-03,2.15,Fixed
04636NAN3,US04636NAN30,ASTRAZENECA FINANCE LLC,Astrazeneca Finance LLC,10962000.0,11093619.64,0.03724851955,DBT,CORP,2034-02-26,5.0,Fixed
053015AH6,US053015AH60,AUTOMATIC DATA PROCESSNG,Automatic Data Processing Inc,4941000.0,4831936.32,0.016223962991,DBT,CORP,2034-09-09,4.45,Fixed
92343VEA8,US92343VEA89,VERIZON COMMUNICATIONS,Verizon Communications Inc,10936000.0,10628784.79,0.035687765661,DBT,CORP,2033-08-10,4.5,Fixed
478160CX0,US478160CX03,JOHNSON & JOHNSON,Johnson & Johnson,6582000.0,6566580.35,0.022048294829,DBT,CORP,2054-06-01,5.25,Fixed
46625HHF0,US46625HHF01,JPMORGAN CHASE & CO,JPMorgan Chase & Co,23521000.0,25973144.22,0.087208792229,DBT,CORP,2038-05-15,6.4,Fixed
931142FT5,US931142FT56,WALMART INC,Walmart Inc,9256000.0,9184888.0,0.030839662016,DBT,CORP,2031-04-30,4.15,Fixed
125523CL2,US125523CL22,CIGNA GROUP/THE,Cigna Group/The,10142000.0,9376562.98,0.031483239989,DBT,CORP,2030-03-15,2.4,Fixed
233835AQ0,US233835AQ08,MERCEDES-BENZ FIN NA,Mercedes-Benz Finance North America LLC,9415000.0,10856172.88,0.036451255846,DBT,CORP,2031-01-18,8.5,Fixed
244199BM6,US244199BM65,DEERE & COMPANY,Deere & Co,6037000.0,6206068.6,0.020837821655,DBT,CORP,2055-01-19,5.7,Fixed
89352HAD1,US89352HAD17,TRANSCANADA PIPELINES,TransCanada PipeLines Ltd,7237000.0,7696821.61,0.025843252204,DBT,CORP,2037-10-15,6.2,Fixed
375558BJ1,US375558BJ18,GILEAD SCIENCES INC,Gilead Sciences Inc,11523000.0,10581006.27,0.035527341994,DBT,CORP,2036-09-01,4.0,Fixed
842587DR5,US842587DR51,SOUTHERN CO,Southern Co/The,7730000.0,7821645.33,0.026262366877,DBT,CORP,2033-06-15,5.2,Fixed
718172DE6,US718172DE67,PHILIP MORRIS INTL INC,Philip Morris International Inc,5577000.0,5819470.11,0.019539758275,DBT,CORP,2033-09-07,5.63,Fixed
46647PEY8,US46647PEY88,JPMORGAN CHASE & CO,JPMorgan Chase & Co,17760000.0,18041538.62,0.060577216978,DBT,CORP,2031-04-22,5.1,Fixed
278058EA6,US278058EA64,EATON CORP,Eaton Corp,8113000.0,7970452.16,0.0267620085,DBT,CORP,2056-03-06,5.45,Fixed
46590XBC9,US46590XBC92,JBS NV/USA FOODS/FOOD CO,JBS NV/JBS USA Foods Group Holdings Inc/JBS USA Food Co Holdings,8023000.0,7968477.3,0.026755377606,DBT,CORP,2057-05-10,6.4,Fixed
16411QAK7,US16411QAK76,CHENIERE ENERGY PARTNERS,Cheniere Energy Partners LP,5808000.0,5599635.68,0.018801630655,DBT,CORP,2031-03-01,4.0,Fixed
438516BZ8,US438516BZ80,HONEYWELL INTERNATIONAL,Honeywell International Inc,7403000.0,6710949.79,0.022533037238,DBT,CORP,2030-06-01,1.95,Fixed
828807EB9,US828807EB93,SIMON PROPERTY GROUP LP,Simon Property Group LP,7992000.0,7877710.4,0.026450613899,DBT,,2031-01-15,4.3,Fixed
695114DD7,US695114DD77,PACIFICORP,PacifiCorp,8087000.0,8193077.18,0.027509505952,DBT,CORP,2034-02-15,5.45,Fixed
037833BA7,US037833BA77,APPLE INC,Apple Inc,14712000.0,11303388.49,0.03795285045,DBT,CORP,2045-02-09,3.45,Fixed
606822DH4,US606822DH40,MITSUBISHI UFJ FIN GRP,Mitsubishi UFJ Financial Group Inc,10793000.0,11075549.95,0.03718784781,DBT,CORP,2036-01-16,5.57,Fixed
191216DR8,US191216DR86,COCA-COLA CO/THE,Coca-Cola Co/The,6935000.0,7125981.58,0.023926569759,DBT,CORP,2034-05-13,5.0,Fixed
78016FZQ0,US78016FZQ08,ROYAL BANK OF CANADA,Royal Bank of Canada,10483000.0,10072416.53,0.03381967439,DBT,CORP,2032-05-04,3.88,Fixed
21036PBH0,US21036PBH01,CONSTELLATION BRANDS INC,Constellation Brands Inc,9461000.0,8350581.35,0.028038350219,DBT,CORP,2031-08-01,2.25,Fixed
67077MBB3,US67077MBB37,NUTRIEN LTD,Nutrien Ltd,5473000.0,5436865.61,0.018255105325,DBT,CORP,2053-03-27,5.8,Fixed
606822DL5,US606822DL51,MITSUBISHI UFJ FIN GRP,Mitsubishi UFJ Financial Group Inc,11808000.0,12144000.18,0.04077533238,DBT,CORP,2036-04-24,5.62,Fixed
61776NVG5,US61776NVG59,MORGAN STANLEY PVT BANK,Morgan Stanley Private Bank NA,21765000.0,21693519.39,0.072839299285,DBT,CORP,2031-07-18,4.73,Fixed
92343VGJ7,US92343VGJ70,VERIZON COMMUNICATIONS,Verizon Communications Inc,28431000.0,25912738.39,0.087005970444,DBT,CORP,2031-03-21,2.55,Fixed
11271LAB8,US11271LAB80,BROOKFIELD FINANCE INC,Brookfield Finance Inc,7514000.0,6396980.03,0.021478835893,DBT,CORP,2047-09-20,4.7,Fixed
64110LBA3,US64110LBA35,NETFLIX INC,Netflix Inc,5142000.0,4995891.1,0.016774466165,DBT,CORP,2054-08-15,5.4,Fixed
842400JG9,US842400JG95,SOUTHERN CAL EDISON,Southern California Edison Co,8164000.0,8153142.7,0.027375419846,DBT,CORP,2035-03-01,5.45,Fixed
665772CX5,US665772CX54,NORTHERN STATES PWR-MINN,Northern States Power Co/MN,6718000.0,6143378.56,0.020627330287,DBT,CORP,2053-05-15,5.1,Fixed
91159HHW3,US91159HHW34,US BANCORP,US Bancorp,4689000.0,4468320.19,0.015003066389,DBT,CORP,2029-07-30,3.0,Fixed
125523CF5,US125523CF53,CIGNA GROUP/THE,Cigna Group/The,10050000.0,8799474.48,0.029545577353,DBT,CORP,2046-07-15,4.8,Fixed
458140CJ7,US458140CJ73,INTEL CORP,Intel Corp,16618000.0,15810077.71,0.053084746708,DBT,CORP,2053-02-10,5.7,Fixed
61746BEG7,US61746BEG77,MORGAN STANLEY,Morgan Stanley,15670000.0,13142419.6,0.044127677826,DBT,CORP,2047-01-22,4.38,Fixed
09261HBW6,US09261HBW60,BLACKSTONE PRIVATE CRE,Blackstone Private Credit Fund,6015000.0,5778978.62,0.019403801923,DBT,CORP,2034-11-22,6.0,Fixed
437076AS1,US437076AS19,HOME DEPOT INC,Home Depot Inc/The,22456000.0,23853286.42,0.08009104642,DBT,CORP,2036-12-16,5.88,Fixed
341081FQ5,US341081FQ54,FLORIDA POWER & LIGHT CO,Florida Power & Light Co,9844000.0,7760358.91,0.026056588377,DBT,CORP,2048-03-01,3.95,Fixed
776696AJ5,US776696AJ52,ROPER TECHNOLOGIES INC,Roper Technologies Inc,6773000.0,6540773.47,0.021961644294,DBT,CORP,2034-10-15,4.9,Fixed
009158BA3,US009158BA32,AIR PRODUCTS & CHEMICALS,Air Products and Chemicals Inc,7490000.0,4696577.54,0.015769475247,DBT,CORP,2050-05-15,2.8,Fixed
16411RAP4,US16411RAP47,CHENIERE ENERGY INC,Cheniere Energy Inc,8660000.0,8532336.01,0.028648619205,DBT,CORP,2036-07-30,5.2,Fixed
74340XCV1,US74340XCV10,PROLOGIS LP,Prologis LP,5681000.0,5569082.6,0.01869904403,DBT,,2036-06-15,4.9,Fixed
55354GAR1,US55354GAR11,MSCI INC,MSCI Inc,9905000.0,9744305.24,0.032717990702,DBT,CORP,2035-09-01,5.25,Fixed
26442CBL7,US26442CBL72,DUKE ENERGY CAROLINAS,Duke Energy Carolinas LLC,5048000.0,4805091.75,0.016133828254,DBT,CORP,2054-01-15,5.4,Fixed
00287YCB3,US00287YCB39,ABBVIE INC,AbbVie Inc,41332000.0,33776940.25,0.113411227361,DBT,CORP,2049-11-21,4.25,Fixed
341081GU5,US341081GU57,FLORIDA POWER & LIGHT CO,Florida Power & Light Co,8193000.0,8407078.17,0.028228046907,DBT,CORP,2034-06-15,5.3,Fixed
57636QBC7,US57636QBC78,MASTERCARD INC,Mastercard Inc,10167000.0,9963176.05,0.033452882821,DBT,CORP,2035-01-15,4.55,Fixed
20030NCY5,US20030NCY58,COMCAST CORP,Comcast Corp,8340000.0,6444313.0,0.021637763557,DBT,CORP,2039-11-01,3.25,Fixed
29273VBB5,US29273VBB53,ENERGY TRANSFER LP,Energy Transfer LP,7790000.0,7593938.94,0.025497807951,DBT,CORP,2054-09-01,6.05,Fixed
53944YAU7,US53944YAU73,LLOYDS BANKING GROUP PLC,Lloyds Banking Group PLC,10274000.0,10239384.84,0.034380295951,DBT,CORP,2033-08-11,4.98,Fixed
87264ADN2,US87264ADN28,T-MOBILE USA INC,T-Mobile USA Inc,6502000.0,5844232.32,0.019622901171,DBT,CORP,2055-06-15,5.25,Fixed
816851AP4,US816851AP42,SEMPRA,Sempra,6864000.0,7040058.85,0.023638071091,DBT,CORP,2039-10-15,6.0,Fixed
02079KAD9,US02079KAD90,ALPHABET INC,Alphabet Inc,12570000.0,11049762.83,0.037101263623,DBT,CORP,2030-08-15,1.1,Fixed
26875PAY7,US26875PAY79,EOG RESOURCES INC,EOG Resources Inc,7123000.0,7207221.64,0.024199345648,DBT,CORP,2032-07-15,5.0,Fixed
031162CD0,US031162CD02,AMGEN INC,Amgen Inc,10271000.0,8678398.25,0.029139045448,DBT,CORP,2048-06-15,4.56,Fixed
747525BK8,US747525BK80,QUALCOMM INC,QUALCOMM Inc,7590000.0,6954726.11,0.023351553404,DBT,CORP,2030-05-20,2.15,Fixed
46647PDR4,US46647PDR47,JPMORGAN CHASE & CO,JPMorgan Chase & Co,33190000.0,33845519.1,0.113641491307,DBT,CORP,2034-06-01,5.35,Fixed
842587CX3,US842587CX39,SOUTHERN CO,Southern Co/The,12788000.0,10675900.67,0.035845964412,DBT,CORP,2046-07-01,4.4,Fixed
04636NAM5,US04636NAM56,ASTRAZENECA FINANCE LLC,Astrazeneca Finance LLC,6310000.0,6409166.07,0.02151975238,DBT,CORP,2031-02-26,4.9,Fixed
539830BW8,US539830BW87,LOCKHEED MARTIN CORP,Lockheed Martin Corp,8932000.0,9263824.69,0.031104703989,DBT,CORP,2033-01-15,5.25,Fixed
00206RMN9,US00206RMN97,AT&T INC,AT&T Inc,46915000.0,31849697.42,0.106940215684,DBT,CORP,2057-12-01,3.8,Fixed
89115KAM2,US89115KAM27,TORONTO-DOMINION BANK,Toronto-Dominion Bank/The,5584000.0,5528909.37,0.018564156284,DBT,CORP,2031-01-13,4.41,Fixed
38141GB29,US38141GB292,GOLDMAN SACHS GROUP INC,Goldman Sachs Group Inc/The,14951000.0,15087084.0,0.050657185081,DBT,CORP,2030-07-23,5.05,Fixed
717081EW9,US717081EW90,PFIZER INC,Pfizer Inc,11383000.0,10653009.35,0.035769103315,DBT,CORP,2030-04-01,2.63,Fixed
822905AG0,US822905AG05,SHELL FINANCE US INC,Shell Finance US Inc,12389000.0,8568317.88,0.02876943382,DBT,CORP,2050-04-06,3.25,Fixed
716973AD4,US716973AD41,PFIZER INVESTMENT ENTER,Pfizer Investment Enterprises Pte Ltd,9934000.0,9982220.63,0.033516827902,DBT,CORP,2030-05-19,4.65,Fixed
655844CP1,US655844CP18,NORFOLK SOUTHERN CORP,Norfolk Southern Corp,8282000.0,6913247.11,0.023212281337,DBT,CORP,2053-06-01,4.55,Fixed
76720AAW6,US76720AAW62,RIO TINTO FIN USA PLC,RIO TINTO FIN USA PLC,5050000.0,5162600.86,0.017334219605,DBT,CORP,2065-03-14,5.88,Fixed
61747YFJ9,US61747YFJ91,MORGAN STANLEY,Morgan Stanley,15991000.0,17460301.05,0.058625623206,DBT,CORP,2034-11-01,6.63,Fixed
404119CQ0,US404119CQ00,HCA INC,HCA Inc,9442000.0,9640888.18,0.032370752153,DBT,CORP,2033-06-01,5.5,Fixed
45866FAW4,US45866FAW41,INTERCONTINENTALEXCHANGE,Intercontinental Exchange Inc,9054000.0,8970044.07,0.03011829076,DBT,CORP,2033-03-15,4.6,Fixed
694308KQ9,US694308KQ98,PACIFIC GAS & ELECTRIC,Pacific Gas and Electric Co,1295000.0,1323812.46,0.004444902195,DBT,CORP,2029-05-15,5.55,Fixed
12189LBD2,US12189LBD29,BURLINGTN NORTH SANTA FE,Burlington Northern Santa Fe LLC,6891000.0,5579249.91,0.018733182323,DBT,CORP,2048-12-15,4.15,Fixed
125523CJ7,US125523CJ75,CIGNA GROUP/THE,Cigna Group/The,9431000.0,7364630.18,0.024727868823,DBT,CORP,2040-03-15,3.2,Fixed
12636YAF9,US12636YAF97,CRH AMERICA FINANCE INC,CRH America Finance Inc,9956000.0,10168063.8,0.034140824684,DBT,CORP,2035-01-09,5.5,Fixed
29273VBF6,US29273VBF67,ENERGY TRANSFER LP,Energy Transfer LP,9442000.0,9389944.37,0.031528170046,DBT,CORP,2055-04-01,6.2,Fixed
92343VHH0,US92343VHH06,VERIZON COMMUNICATIONS,Verizon Communications Inc,11222000.0,11037870.55,0.037061333479,DBT,CORP,2045-11-30,5.75,Fixed
72650RBQ4,US72650RBQ48,PLAINS ALL AMERICAN PIPE,Plains All American Pipeline LP,4739000.0,4902979.35,0.016462500797,DBT,CORP,2035-06-15,5.95,Fixed
31620MCE4,US31620MCE49,FIDELITY NATL INFO SERV,Fidelity National Information Services Inc,12236000.0,12137341.13,0.040752973604,DBT,CORP,2031-03-10,4.8,Fixed
29278NAQ6,US29278NAQ60,ENERGY TRANSFER LP,Energy Transfer LP,11662000.0,11267164.33,0.037831222309,DBT,CORP,2030-05-15,3.75,Fixed
55336VAL4,US55336VAL45,MPLX LP,MPLX LP,6665000.0,5995594.73,0.020131123543,DBT,CORP,2047-03-01,5.2,Fixed
037833DZ0,US037833DZ01,APPLE INC,Apple Inc,7432000.0,4335470.58,0.014557003565,DBT,CORP,2050-08-20,2.4,Fixed
458140CK4,US458140CK47,INTEL CORP,Intel Corp,7902000.0,7616797.86,0.025574560261,DBT,CORP,2063-02-10,5.9,Fixed
91324PCX8,US91324PCX87,UNITEDHEALTH GROUP INC,UnitedHealth Group Inc,8259000.0,6692295.78,0.022470403555,DBT,CORP,2047-01-15,4.2,Fixed
00287YAM1,US00287YAM12,ABBVIE INC,AbbVie Inc,25687000.0,22637891.45,0.076010172478,DBT,CORP,2042-11-06,4.4,Fixed
29379VAW3,US29379VAW37,ENTERPRISE PRODUCTS OPER,Enterprise Products Operating LLC,5976000.0,5519774.23,0.018533483659,DBT,CORP,2042-08-15,4.85,Fixed
456837BC6,US456837BC65,ING GROEP NV,ING Groep NV,5224000.0,5052901.98,0.016965888888,DBT,CORP,2033-03-28,4.25,Fixed
254687FZ4,US254687FZ49,WALT DISNEY COMPANY/THE,Walt Disney Co/The,17761000.0,13002634.51,0.043658328072,DBT,CORP,2051-01-13,3.6,Fixed
717081DK6,US717081DK61,PFIZER INC,Pfizer Inc,7144000.0,6231926.95,0.020924645009,DBT,CORP,2044-05-15,4.4,Fixed
58013MFS8,US58013MFS89,MCDONALD'S CORP,McDonald's Corp,6378000.0,6402327.61,0.021496791208,DBT,CORP,2032-09-09,4.6,Fixed
717081EZ2,US717081EZ22,PFIZER INC,Pfizer Inc,9768000.0,7119177.25,0.023903723183,DBT,CORP,2040-05-28,2.55,Fixed
06051GJW0,US06051GJW06,BANK OF AMERICA CORP,Bank of America Corp,26042000.0,20135934.82,0.067609471583,DBT,CORP,2042-04-22,3.31,Fixed
24422EXU8,US24422EXU80,JOHN DEERE CAPITAL CORP,John Deere Capital Corp,6375000.0,6448506.3,0.021651843201,DBT,CORP,2034-06-12,5.05,Fixed
911312AJ5,US911312AJ59,UNITED PARCEL SERVICE,United Parcel Service Inc,12190000.0,13239300.57,0.044452970456,DBT,CORP,2038-01-15,6.2,Fixed
345397J61,US345397J614,FORD MOTOR CREDIT CO LLC,Ford Motor Credit Co LLC,9726000.0,9693138.76,0.032546191443,DBT,CORP,2031-04-09,5.42,Fixed
404119DL0,US404119DL04,HCA INC,HCA Inc,9295000.0,9197770.58,0.030882917243,DBT,CORP,2036-05-15,5.3,Fixed
501044DW8,US501044DW87,KROGER CO,Kroger Co/The,15118000.0,14182971.35,0.047621488995,DBT,CORP,2054-09-15,5.5,Fixed
49177JAP7,US49177JAP75,KENVUE INC,Kenvue Inc,10869000.0,9907829.33,0.033267047769,DBT,CORP,2053-03-22,5.05,Fixed
74834LBB5,US74834LBB53,QUEST DIAGNOSTICS INC,Quest Diagnostics Inc,5365000.0,5030081.83,0.016889266755,DBT,CORP,2030-06-30,2.95,Fixed
66989HBH0,US66989HBH03,NOVARTIS CAPITAL CORP,Novartis Capital Corp,15223000.0,15112727.63,0.050743287479,DBT,CORP,2033-03-18,4.6,Fixed
03770DAF0,US03770DAF06,APOLLO DEBT SOLUTIONS BD,Apollo Debt Solutions BDC,750000.0,759152.48,0.00254897021,DBT,CORP,2032-03-15,6.55,Fixed
06738ECZ6,US06738ECZ60,BARCLAYS PLC,Barclays PLC,16304000.0,16630741.94,0.055840251999,DBT,CORP,2036-02-25,5.79,Fixed
06051GHS1,US06051GHS12,BANK OF AMERICA CORP,Bank of America Corp,20884000.0,17235590.26,0.057871122464,DBT,CORP,2050-03-15,4.33,Fixed
91324PBK7,US91324PBK75,UNITEDHEALTH GROUP INC,UnitedHealth Group Inc,7815000.0,8900043.98,0.029883254784,DBT,CORP,2038-02-15,6.88,Fixed
12636YAJ1,US12636YAJ10,CRH AMERICA FINANCE INC,CRH America Finance Inc,7787000.0,7645433.9,0.025670710132,DBT,CORP,2036-02-09,5.0,Fixed
92826CAJ1,US92826CAJ18,VISA INC,Visa Inc,6787000.0,5224251.85,0.017541222205,DBT,CORP,2047-09-15,3.65,Fixed
037833AT7,US037833AT77,APPLE INC,Apple Inc,6060000.0,5408182.16,0.018158796268,DBT,CORP,2044-05-06,4.45,Fixed
11135FDB4,US11135FDB40,BROADCOM INC,Broadcom Inc,6290000.0,6208401.09,0.020845653346,DBT,CORP,2036-01-15,4.95,Fixed
88732JAN8,US88732JAN81,TIME WARNER CABLE LLC,Time Warner Cable LLC,10477000.0,10909494.75,0.036630292155,DBT,CORP,2038-07-01,7.3,Fixed
78409VBK9,US78409VBK98,S&P GLOBAL INC,S&P Global Inc,11821000.0,10774840.32,0.036178169374,DBT,CORP,2032-03-01,2.9,Fixed
61747YFE0,US61747YFE05,MORGAN STANLEY,Morgan Stanley,25567000.0,25855267.93,0.086813004611,DBT,CORP,2034-04-21,5.25,Fixed
606822DS0,US606822DS05,MITSUBISHI UFJ FIN GRP,Mitsubishi UFJ Financial Group Inc,9715000.0,9570884.78,0.032135705063,DBT,CORP,2032-01-14,4.51,Fixed
694308KX4,US694308KX40,PACIFIC GAS & ELECTRIC,Pacific Gas and Electric Co,5966000.0,6159201.75,0.02068045906,DBT,CORP,2035-08-15,6.0,Fixed
406216BJ9,US406216BJ98,HALLIBURTON CO,Halliburton Co,6517000.0,6352476.38,0.021329408102,DBT,CORP,2035-11-15,4.85,Fixed
17275RBX9,US17275RBX98,CISCO SYSTEMS INC,Cisco Systems Inc,7231000.0,7322496.01,0.024586396923,DBT,CORP,2030-02-24,4.75,Fixed
95000U3V3,US95000U3V39,WELLS FARGO & COMPANY,Wells Fargo & Co,22695000.0,23165383.38,0.077781307068,DBT,CORP,2036-04-23,5.61,Fixed
913017BT5,US913017BT50,RTX CORP,RTX Corp,26739000.0,23865830.28,0.080133164342,DBT,CORP,2042-06-01,4.5,Fixed
05526DBF1,US05526DBF15,BAT CAPITAL CORP,BAT Capital Corp,14677000.0,12094869.52,0.040610368697,DBT,CORP,2047-08-15,4.54,Fixed
437076BY7,US437076BY77,HOME DEPOT INC,Home Depot Inc/The,6695000.0,6437905.31,0.021616248761,DBT,CORP,2029-06-15,2.95,Fixed
701094AN4,US701094AN45,PARKER-HANNIFIN CORP,Parker-Hannifin Corp,3858000.0,3729111.55,0.012521060662,DBT,CORP,2029-06-14,3.25,Fixed
444859BY7,US444859BY76,HUMANA INC,Humana Inc,5954000.0,6155160.65,0.020666890451,DBT,CORP,2034-03-15,5.95,Fixed
86562MCJ7,US86562MCJ71,SUMITOMO MITSUI FINL GRP,Sumitomo Mitsui Financial Group Inc,7024000.0,6161310.92,0.02068754092,DBT,CORP,2031-09-17,2.22,Fixed
92826CAN2,US92826CAN20,VISA INC,Visa Inc,9928000.0,8590885.05,0.028845206535,DBT,CORP,2031-02-15,1.1,Fixed
06849RAG7,US06849RAG74,BARRICK NA FINANCE LLC,Barrick North America Finance LLC,6244000.0,6343824.7,0.021300358767,DBT,CORP,2041-05-30,5.7,Fixed
595017BL7,US595017BL79,MICROCHIP TECHNOLOGY INC,Microchip Technology Inc,5307000.0,5354408.49,0.017978242971,DBT,CORP,2030-02-15,5.05,Fixed
404280FG9,US404280FG93,HSBC HOLDINGS PLC,HSBC Holdings PLC,15161000.0,14913061.55,0.05007287817,DBT,CORP,2036-11-06,5.13,Fixed
606822DT8,US606822DT87,MITSUBISHI UFJ FIN GRP,Mitsubishi UFJ Financial Group Inc,10003000.0,9855928.89,0.033092784128,DBT,CORP,2037-01-14,5.06,Fixed
857477DB6,US857477DB68,STATE STREET CORP,State Street Corp,7902000.0,8002759.19,0.026870484279,DBT,CORP,2030-04-24,4.83,Fixed
00774MBM6,US00774MBM64,AERCAP IRELAND CAP/GLOBA,AerCap Ireland Capital DAC / AerCap Global Aviation Trust,9540000.0,9300827.43,0.031228946331,DBT,CORP,2034-09-10,4.95,Fixed
251526CD9,US251526CD98,DEUTSCHE BANK NY,Deutsche Bank AG/New York NY,7917000.0,7461727.37,0.025053887445,DBT,CORP,2031-09-18,3.55,Fixed
747525BR3,US747525BR34,QUALCOMM INC,QUALCOMM Inc,6223000.0,5210439.49,0.0174948451,DBT,CORP,2052-05-20,4.5,Fixed
036752BF9,US036752BF97,ELEVANCE HEALTH INC,Elevance Health Inc,5813000.0,5674130.92,0.019051759782,DBT,CORP,2064-11-01,5.85,Fixed
291011BR4,US291011BR42,EMERSON ELECTRIC CO,Emerson Electric Co,7696000.0,6838651.75,0.022961816041,DBT,CORP,2031-12-21,2.2,Fixed
369550BH0,US369550BH03,GENERAL DYNAMICS CORP,General Dynamics Corp,5103000.0,4577790.56,0.015370629848,DBT,CORP,2040-04-01,4.25,Fixed
023135CJ3,US023135CJ31,AMAZON.COM INC,Amazon.com Inc,16348000.0,12586354.63,0.042260604898,DBT,CORP,2052-04-13,3.95,Fixed
58507LBC2,US58507LBC28,MEDTRONIC GLOBAL HLDINGS,Medtronic Global Holdings SCA,8176000.0,8055292.81,0.027046873919,DBT,CORP,2033-03-30,4.5,Fixed
06051GHZ5,US06051GHZ54,BANK OF AMERICA CORP,Bank of America Corp,20447000.0,18918087.84,0.063520364644,DBT,CORP,2031-02-13,2.5,Fixed
191216CW8,US191216CW80,COCA-COLA CO/THE,Coca-Cola Co/The,7124000.0,5226798.3,0.017549772299,DBT,CORP,2040-06-01,2.5,Fixed
210385AR1,US210385AR17,CONSTELLATION EN GEN LLC,Constellation Energy Generation LLC,5374000.0,5231932.94,0.017567012636,DBT,CORP,2066-01-15,5.88,Fixed
023135DK9,US023135DK94,AMAZON.COM INC,Amazon.com Inc,21399000.0,21563710.24,0.072403445269,DBT,CORP,2076-03-13,6.05,Fixed
110122DV7,US110122DV75,BRISTOL-MYERS SQUIBB CO,Bristol-Myers Squibb Co,8132000.0,6471229.29,0.021728139105,DBT,CORP,2042-03-15,3.55,Fixed
456837BH5,US456837BH52,ING GROEP NV,ING Groep NV,10904000.0,11579893.16,0.038881257043,DBT,CORP,2034-09-11,6.11,Fixed
571903BG7,US571903BG74,MARRIOTT INTERNATIONAL,Marriott International Inc/MD,6920000.0,6352679.72,0.021330090847,DBT,CORP,2031-04-15,2.85,Fixed
78017FZT3,US78017FZT38,ROYAL BANK OF CANADA,Royal Bank of Canada,14799000.0,14812359.06,0.049734754204,DBT,CORP,2030-10-18,4.65,Fixed
91324PFQ0,US91324PFQ00,UNITEDHEALTH GROUP INC,UnitedHealth Group Inc,9210000.0,9375232.01,0.031478771054,DBT,CORP,2035-06-15,5.3,Fixed
49456BAV3,US49456BAV36,KINDER MORGAN INC,Kinder Morgan Inc,9845000.0,9776261.23,0.032825287811,DBT,CORP,2033-02-01,4.8,Fixed
90353TAU4,US90353TAU43,UBER TECHNOLOGIES INC,Uber Technologies Inc,10952000.0,10655890.78,0.035778778155,DBT,CORP,2035-09-15,4.8,Fixed
49456BBB6,US49456BBB62,KINDER MORGAN INC,Kinder Morgan Inc,9997000.0,10205347.48,0.034266010325,DBT,CORP,2030-06-01,5.15,Fixed
404119DH9,US404119DH91,HCA INC,HCA Inc,6823000.0,6409655.15,0.021521394541,DBT,CORP,2055-11-15,5.7,Fixed
20030NEP2,US20030NEP24,COMCAST CORP,Comcast Corp,6742000.0,6858813.91,0.023029513568,DBT,CORP,2035-05-15,5.3,Fixed
87264ABT1,US87264ABT16,T-MOBILE USA INC,T-Mobile USA Inc,8526000.0,7864776.3,0.026407185686,DBT,CORP,2031-02-15,2.88,Fixed
361841AR0,US361841AR08,GLP CAPITAL LP / FIN II,GLP Capital LP / GLP Financing II Inc,5156000.0,4629989.52,0.015545895816,DBT,,2032-01-15,3.25,Fixed
87612GAS0,US87612GAS03,TARGA RESOURCES CORP,Targa Resources Corp,7365000.0,7368673.66,0.024741445424,DBT,CORP,2036-07-30,5.4,Fixed
65535HBZ1,US65535HBZ10,NOMURA HOLDINGS INC,Nomura Holdings Inc,7384000.0,7385543.99,0.02479809013,DBT,CORP,2030-07-01,4.9,Fixed
87612GAF8,US87612GAF81,TARGA RESOURCES CORP,Targa Resources Corp,7390000.0,8022230.02,0.02693586056,DBT,CORP,2034-03-30,6.5,Fixed
02079KAM9,US02079KAM99,ALPHABET INC,Alphabet Inc,13351000.0,12566686.16,0.042194565011,DBT,CORP,2055-05-15,5.25,Fixed
89157XAA9,US89157XAA90,TOTALENERGIES CAPITAL SA,TotalEnergies Capital SA,6413000.0,6536150.12,0.021946120691,DBT,CORP,2034-04-05,5.15,Fixed
00206RCP5,US00206RCP55,AT&T INC,AT&T Inc,16835000.0,16001403.19,0.053727151182,DBT,CORP,2035-05-15,4.5,Fixed
023135CT1,US023135CT13,AMAZON.COM INC,Amazon.com Inc,11186000.0,11032127.62,0.037042050716,DBT,CORP,2030-11-20,4.1,Fixed
00287YEA3,US00287YEA38,ABBVIE INC,AbbVie Inc,5828000.0,5934094.66,0.01992462768,DBT,CORP,2035-03-15,5.2,Fixed
38145GAR1,US38145GAR11,GOLDMAN SACHS GROUP INC,Goldman Sachs Group Inc/The,28519000.0,28063272.08,0.094226715232,DBT,CORP,2032-01-21,4.52,Fixed
718172DB2,US718172DB29,PHILIP MORRIS INTL INC,Philip Morris International Inc,14834000.0,15281258.45,0.051309155406,DBT,CORP,2033-02-15,5.38,Fixed
02209SBJ1,US02209SBJ15,ALTRIA GROUP INC,Altria Group Inc,7655000.0,7318945.5,0.024574475544,DBT,CORP,2030-05-06,3.4,Fixed
68389XCA1,US68389XCA19,ORACLE CORP,Oracle Corp,23157000.0,15198508.76,0.051031310704,DBT,CORP,2051-03-25,3.95,Fixed
278865BN9,US278865BN99,ECOLAB INC,Ecolab Inc,6505000.0,3966185.02,0.013317070987,DBT,CORP,2051-12-15,2.7,Fixed
03831WAC2,US03831WAC29,APPLOVIN CORP,AppLovin Corp,6908000.0,7021613.11,0.023576136706,DBT,CORP,2031-12-01,5.38,Fixed
30303MAF9,US30303MAF95,META PLATFORMS INC,Meta Platforms Inc,32799000.0,32687129.17,0.10975202048,DBT,CORP,2031-05-15,4.55,Fixed
63111XAL5,US63111XAL55,NASDAQ INC,Nasdaq Inc,6754000.0,6947454.15,0.02332713669,DBT,CORP,2063-06-28,6.1,Fixed
369550BM9,US369550BM97,GENERAL DYNAMICS CORP,General Dynamics Corp,9558000.0,9262789.7,0.031101228852,DBT,CORP,2030-04-01,3.63,Fixed
37940XAH5,US37940XAH52,GLOBAL PAYMENTS INC,Global Payments Inc,4678000.0,4129678.05,0.013866023766,DBT,CORP,2031-11-15,2.9,Fixed
62954HBB3,US62954HBB33,NXP BV/NXP FDG/NXP USA,NXP BV / NXP Funding LLC / NXP USA Inc,6766000.0,6763315.25,0.022708862255,DBT,CORP,2033-01-15,5.0,Fixed
57636QAX2,US57636QAX25,MASTERCARD INC,Mastercard Inc,6857000.0,6940246.04,0.023302934361,DBT,CORP,2033-03-09,4.85,Fixed
209111GP2,US209111GP24,CON EDISON CO OF NY INC,Consolidated Edison Co of New York Inc,6477000.0,6411575.82,0.021527843483,DBT,CORP,2055-11-15,5.75,Fixed
46625HLL2,US46625HLL23,JPMORGAN CHASE & CO,JPMorgan Chase & Co,12885000.0,11842752.97,0.039763848937,DBT,CORP,2045-06-01,4.95,Fixed
816851BH1,US816851BH17,SEMPRA,Sempra,7201000.0,6111143.05,0.020519094647,DBT,CORP,2038-02-01,3.8,Fixed
437076BS0,US437076BS00,HOME DEPOT INC,Home Depot Inc/The,9038000.0,7054344.28,0.0236860366,DBT,CORP,2047-06-15,3.9,Fixed
172967MP3,US172967MP39,CITIGROUP INC,Citigroup Inc,26032000.0,25740597.79,0.086427982131,DBT,CORP,2031-03-31,4.41,Fixed
718172DP1,US718172DP15,PHILIP MORRIS INTL INC,Philip Morris International Inc,6948000.0,6979951.07,0.023436250054,DBT,CORP,2031-11-01,4.75,Fixed
58013MFT6,US58013MFT62,MCDONALD'S CORP,McDonald's Corp,5437000.0,4969321.22,0.016685253742,DBT,CORP,2052-09-09,5.15,Fixed
37045XEY8,US37045XEY85,GENERAL MOTORS FINL CO,General Motors Financial Co Inc,6792000.0,6990928.85,0.023473109624,DBT,CORP,2031-06-18,5.6,Fixed
928563AF2,US928563AF20,VMWARE LLC,VMware LLC,8947000.0,8974953.11,0.030134773611,DBT,CORP,2030-05-15,4.7,Fixed
055451AR9,US055451AR98,BHP BILLITON FIN USA LTD,BHP Billiton Finance USA Ltd,7811000.0,6722304.38,0.022571162005,DBT,CORP,2042-02-24,4.13,Fixed
91324PFK3,US91324PFK30,UNITEDHEALTH GROUP INC,UnitedHealth Group Inc,11093000.0,10864579.6,0.03647948269,DBT,CORP,2044-07-15,5.5,Fixed
20030NDS7,US20030NDS71,COMCAST CORP,Comcast Corp,36908000.0,21509676.06,0.072222017271,DBT,CORP,2051-11-01,2.89,Fixed
46647PFM3,US46647PFM32,JPMORGAN CHASE & CO,JPMorgan Chase & Co,32444000.0,32168248.71,0.108009800214,DBT,CORP,2032-04-23,4.62,Fixed
38141GYJ7,US38141GYJ74,GOLDMAN SACHS GROUP INC,Goldman Sachs Group Inc/The,34612000.0,30612060.76,0.102784661877,DBT,CORP,2032-07-21,2.38,Fixed
911312BN5,US911312BN52,UNITED PARCEL SERVICE,United Parcel Service Inc,6892000.0,5227151.94,0.0175509597,DBT,CORP,2047-11-15,3.75,Fixed
134429BP3,US134429BP34,CAMPBELLS COMPANY/THE,Campbell's Company/The,7567000.0,7342821.57,0.02465464309,DBT,CORP,2034-03-21,5.4,Fixed
95000U3D3,US95000U3D31,WELLS FARGO & COMPANY,Wells Fargo & Co,26879000.0,27373049.46,0.091909187537,DBT,CORP,2034-04-24,5.39,Fixed
20030NCM1,US20030NCM11,COMCAST CORP,Comcast Corp,12976000.0,10685645.17,0.035878683057,DBT,CORP,2048-10-15,4.7,Fixed
61748UAM4,US61748UAM45,MORGAN STANLEY,Morgan Stanley,26575000.0,26073909.77,0.087547127929,DBT,CORP,2031-10-22,4.36,Fixed
37045VAP5,US37045VAP58,GENERAL MOTORS CO,General Motors Co,7224000.0,6882942.68,0.023110529592,DBT,CORP,2038-04-01,5.15,Fixed
30303MAE2,US30303MAE21,META PLATFORMS INC,Meta Platforms Inc,48663000.0,44763419.69,0.150300007352,DBT,CORP,2055-11-15,5.63,Fixed
86562MDS6,US86562MDS61,SUMITOMO MITSUI FINL GRP,Sumitomo Mitsui Financial Group Inc,7091000.0,7222188.46,0.024249599028,DBT,CORP,2030-04-15,5.24,Fixed
50249AAD5,US50249AAD54,LYB INT FINANCE III,LYB International Finance III LLC,9219000.0,6727227.83,0.022587693239,DBT,CORP,2050-05-01,4.2,Fixed
161175AZ7,US161175AZ73,CHARTER COMM OPT LLC/CAP,Charter Communications Operating LLC / Charter Communications Operating Capital,14832000.0,14916352.55,0.050083928204,DBT,CORP,2035-10-23,6.38,Fixed
17275RAF9,US17275RAF91,CISCO SYSTEMS INC,Cisco Systems Inc,13485000.0,13792381.14,0.046310022806,DBT,CORP,2040-01-15,5.5,Fixed
717081EC3,US717081EC37,PFIZER INC,Pfizer Inc,6530000.0,6006578.06,0.020168001748,DBT,CORP,2036-12-15,4.0,Fixed
06051GJB6,US06051GJB68,BANK OF AMERICA CORP,Bank of America Corp,20492000.0,18948106.08,0.063621155462,DBT,CORP,2031-04-29,2.59,Fixed
054989AB4,US054989AB41,BAT CAPITAL CORP,BAT Capital Corp,12194000.0,13217957.01,0.044381306199,DBT,CORP,2033-08-02,6.42,Fixed
459200LH2,US459200LH20,IBM CORP,International Business Machines Corp,5696000.0,5758403.1,0.019334716477,DBT,CORP,2032-02-10,5.0,Fixed
87406BAA0,US87406BAA08,TAKEDA US FIN,Takeda US Financing Inc,12667000.0,12693310.63,0.042619725977,DBT,CORP,2035-07-07,5.2,Fixed
639057AV0,US639057AV00,NATWEST GROUP PLC,NatWest Group PLC,11110000.0,11204843.85,0.037621971795,DBT,CORP,2031-05-23,5.12,Fixed
438516CF1,US438516CF18,HONEYWELL INTERNATIONAL,Honeywell International Inc,10848000.0,9429088.11,0.031659601122,DBT,CORP,2031-09-01,1.75,Fixed
532457DG0,US532457DG09,ELI LILLY & CO,Eli Lilly & Co,7720000.0,7659012.0,0.025716300673,DBT,CORP,2065-10-15,5.65,Fixed
49456BAH4,US49456BAH42,KINDER MORGAN INC,Kinder Morgan Inc,12664000.0,12232093.01,0.041071117489,DBT,CORP,2045-06-01,5.55,Fixed
60687YBH1,US60687YBH18,MIZUHO FINANCIAL GROUP,Mizuho Financial Group Inc,10259000.0,9269634.35,0.031124210808,DBT,CORP,2031-07-10,2.2,Fixed
161175CL6,US161175CL69,CHARTER COMM OPT LLC/CAP,Charter Communications Operating LLC / Charter Communications Operating Capital,7527000.0,5762188.72,0.019347427273,DBT,CORP,2063-04-01,5.5,Fixed
655844CF3,US655844CF36,NORFOLK SOUTHERN CORP,Norfolk Southern Corp,5014000.0,3260529.99,0.010947726622,DBT,CORP,2050-05-15,3.05,Fixed
06051GMA4,US06051GMA49,BANK OF AMERICA CORP,Bank of America Corp,39622000.0,40485823.0,0.135937324197,DBT,CORP,2035-01-23,5.47,Fixed
161175CK8,US161175CK86,CHARTER COMM OPT LLC/CAP,Charter Communications Operating LLC / Charter Communications Operating Capital,11531000.0,8990801.42,0.030187986728,DBT,CORP,2053-04-01,5.25,Fixed
375558CD3,US375558CD39,GILEAD SCIENCES INC,Gilead Sciences Inc,9213000.0,9004023.36,0.030232381408,DBT,CORP,2054-11-15,5.5,Fixed
6174468L6,US6174468L62,MORGAN STANLEY,Morgan Stanley,24570000.0,22874701.94,0.076805299809,DBT,CORP,2031-01-22,2.7,Fixed
25746UDR7,US25746UDR77,DOMINION ENERGY INC,Dominion Energy Inc,6062000.0,6217216.9,0.020875253773,DBT,CORP,2032-11-15,5.38,Fixed
161175CG7,US161175CG74,CHARTER COMM OPT LLC/CAP,Charter Communications Operating LLC / Charter Communications Operating Capital,10010000.0,5874801.93,0.019725543298,DBT,CORP,2062-06-30,3.95,Fixed
031162CS7,US031162CS70,AMGEN INC,Amgen Inc,15749000.0,11107328.73,0.03729454991,DBT,CORP,2050-02-21,3.38,Fixed
94106BAG6,US94106BAG68,WASTE CONNECTIONS INC,Waste Connections Inc,7332000.0,7351443.0,0.024683590856,DBT,CORP,2034-03-01,5.0,Fixed
26875PBA8,US26875PBA84,EOG RESOURCES INC,EOG Resources Inc,5576000.0,5715361.53,0.019190197843,DBT,CORP,2055-07-15,5.95,Fixed
548661DN4,US548661DN40,LOWE'S COS INC,Lowe's Cos Inc,10452000.0,7825306.83,0.026274660922,DBT,CORP,2046-04-15,3.7,Fixed
06051GHA0,US06051GHA04,BANK OF AMERICA CORP,Bank of America Corp,12115000.0,9513541.2,0.031943165249,DBT,CORP,2049-01-23,3.95,Fixed
68233JCU6,US68233JCU60,ONCOR ELECTRIC DELIVERY,Oncor Electric Delivery Co LLC,4680000.0,4511867.26,0.015149282316,DBT,CORP,2054-06-15,5.55,Fixed
539830CM9,US539830CM96,LOCKHEED MARTIN CORP,Lockheed Martin Corp,5460000.0,5501767.91,0.018473024694,DBT,CORP,2035-08-15,5.0,Fixed
037833CD0,US037833CD08,APPLE INC,Apple Inc,19908000.0,15950628.04,0.053556665873,DBT,CORP,2046-08-04,3.85,Fixed
60871RAH3,US60871RAH30,MOLSON COORS BEVERAGE,Molson Coors Beverage Co,13101000.0,10512111.39,0.035296016929,DBT,CORP,2046-07-15,4.2,Fixed
46647PEC6,US46647PEC68,JPMORGAN CHASE & CO,JPMorgan Chase & Co,24752000.0,25121198.36,0.084348254095,DBT,CORP,2035-01-23,5.34,Fixed
05964HAZ8,US05964HAZ82,BANCO SANTANDER SA,Banco Santander SA,10976000.0,12307133.06,0.0413230759,DBT,CORP,2033-11-07,6.94,Fixed
031162DW7,US031162DW73,AMGEN INC,Amgen Inc,12010000.0,11768624.22,0.039514950355,DBT,CORP,2036-02-19,4.85,Fixed
931142FE8,US931142FE87,WALMART INC,Walmart Inc,11868000.0,10352048.14,0.03475858016,DBT,CORP,2053-04-15,4.5,Fixed
171239AN6,US171239AN62,CHUBB INA HOLDINGS LLC,Chubb INA Holdings LLC,4523000.0,4582532.18,0.015386550561,DBT,CORP,2036-05-20,5.3,Fixed
674599ED3,US674599ED34,OCCIDENTAL PETROLEUM COR,Occidental Petroleum Corp,9963000.0,10622568.53,0.03566689362,DBT,CORP,2030-09-01,6.63,Fixed
115236AK7,US115236AK73,BROWN & BROWN INC,Brown & Brown Inc,7002000.0,6996669.38,0.023492384329,DBT,CORP,2030-06-23,4.9,Fixed
05971KAV1,US05971KAV17,BANCO SANTANDER SA,Banco Santander SA,9328000.0,9271748.43,0.031131309154,DBT,CORP,2031-04-15,4.87,Fixed
209111GB3,US209111GB38,CON EDISON CO OF NY INC,Consolidated Edison Co of New York Inc,4898000.0,3298118.26,0.011073934971,DBT,CORP,2061-06-15,3.6,Fixed
254687GA8,US254687GA88,WALT DISNEY COMPANY/THE,Walt Disney Co/The,10227000.0,7393685.33,0.02482542592,DBT,CORP,2060-05-13,3.8,Fixed
00287YAW9,US00287YAW93,ABBVIE INC,AbbVie Inc,16217000.0,13944404.76,0.046820465292,DBT,CORP,2046-05-14,4.45,Fixed
20030NDG3,US20030NDG34,COMCAST CORP,Comcast Corp,12609000.0,12133585.22,0.040740362564,DBT,CORP,2030-04-01,3.4,Fixed
571748CC4,US571748CC43,MARSH & MCLENNAN COS INC,Marsh & McLennan Cos Inc,16863000.0,16721419.94,0.056144717211,DBT,CORP,2035-03-15,5.0,Fixed
472140AD4,US472140AD49,JBS NV/USA FOODS/FOOD CO,JBS NV/JBS USA Foods Group Holdings Inc/JBS USA Food Co Holdings,7113000.0,7096906.84,0.023828946886,DBT,CORP,2055-02-25,6.38,Fixed
11135FBP5,US11135FBP53,BROADCOM INC,Broadcom Inc,24613000.0,20945153.51,0.070326546728,DBT,CORP,2035-11-15,3.14,Fixed
037833ED8,US037833ED89,APPLE INC,Apple Inc,7448000.0,6633707.18,0.022273683396,DBT,CORP,2031-02-08,1.65,Fixed
75513ECL3,US75513ECL39,RTX CORP,RTX Corp,5199000.0,3219566.01,0.010810183813,DBT,CORP,2051-09-01,2.82,Fixed
855244BC2,US855244BC24,STARBUCKS CORP,Starbucks Corp,7151000.0,6547001.51,0.021982555888,DBT,CORP,2032-02-14,3.0,Fixed
009158BK1,US009158BK14,AIR PRODUCTS & CHEMICALS,Air Products and Chemicals Inc,8887000.0,8904606.04,0.029898572596,DBT,CORP,2034-02-08,4.85,Fixed
94106LBS7,US94106LBS79,WASTE MANAGEMENT INC,Waste Management Inc,8893000.0,8683826.86,0.029157272834,DBT,CORP,2032-04-15,4.15,Fixed
92343VFD1,US92343VFD10,VERIZON COMMUNICATIONS,Verizon Communications Inc,10191000.0,7823172.11,0.026267493274,DBT,CORP,2050-03-22,4.0,Fixed
437076AV4,US437076AV48,HOME DEPOT INC,Home Depot Inc/The,5133000.0,5440996.94,0.018268976895,DBT,CORP,2041-04-01,5.95,Fixed
68389XCB9,US68389XCB91,ORACLE CORP,Oracle Corp,10645000.0,6760345.7,0.022698891538,DBT,CORP,2061-03-25,4.1,Fixed
79466LAL8,US79466LAL80,SALESFORCE INC,Salesforce Inc,13739000.0,8163768.76,0.027411098462,DBT,CORP,2051-07-15,2.9,Fixed
125523BK5,US125523BK57,CIGNA GROUP/THE,Cigna Group/The,6189000.0,4726004.57,0.015868280987,DBT,CORP,2047-10-15,3.88,Fixed
532457CW6,US532457CW67,ELI LILLY & CO,Eli Lilly & Co,10493000.0,10671868.92,0.035832427197,DBT,CORP,2032-02-12,4.9,Fixed
98978VAX1,US98978VAX10,ZOETIS INC,Zoetis Inc,6567000.0,6486473.48,0.021779323798,DBT,CORP,2035-08-17,5.0,Fixed
594918BL7,US594918BL72,MICROSOFT CORP,Microsoft Corp,4521000.0,4033583.3,0.01354337099,DBT,CORP,2045-11-03,4.45,Fixed
316773DN7,US316773DN70,FIFTH THIRD BANCORP,Fifth Third Bancorp,9767000.0,9610593.22,0.032269032206,DBT,CORP,2032-04-29,4.57,Fixed
50247VAB5,US50247VAB53,LYB INTL FINANCE BV,LYB International Finance BV,5700000.0,5037094.56,0.016912813065,DBT,CORP,2043-07-15,5.25,Fixed
06051GEN5,US06051GEN51,BANK OF AMERICA CORP,Bank of America Corp,13654000.0,14128424.61,0.047438339998,DBT,CORP,2042-02-07,5.88,Fixed
61747YFS9,US61747YFS90,MORGAN STANLEY,Morgan Stanley,12830000.0,12945834.37,0.04346761294,DBT,CORP,2030-07-19,5.04,Fixed
46647PFJ0,US46647PFJ03,JPMORGAN CHASE & CO,JPMorgan Chase & Co,25065000.0,24393383.33,0.081904504151,DBT,CORP,2037-01-22,4.9,Fixed
02209SBM4,US02209SBM44,ALTRIA GROUP INC,Altria Group Inc,10973000.0,8368674.76,0.028099101602,DBT,CORP,2041-02-04,3.4,Fixed
539830CE7,US539830CE70,LOCKHEED MARTIN CORP,Lockheed Martin Corp,4590000.0,4218987.09,0.014165892486,DBT,CORP,2064-02-15,5.2,Fixed
377372AE7,US377372AE71,GLAXOSMITHKLINE CAP INC,GlaxoSmithKline Capital Inc,18120000.0,20011055.75,0.067190171063,DBT,CORP,2038-05-15,6.38,Fixed
444859BR2,US444859BR26,HUMANA INC,Humana Inc,7932000.0,6874330.46,0.02308161275,DBT,CORP,2032-02-03,2.15,Fixed
682680DB6,US682680DB63,ONEOK INC,ONEOK Inc,7065000.0,7034152.8,0.023618240627,DBT,CORP,2032-10-15,4.95,Fixed
7591EPAV2,US7591EPAV24,REGIONS FINANCIAL CORP,Regions Financial Corp,4734000.0,4775769.98,0.01603537594,DBT,CORP,2035-09-06,5.5,Fixed
904764BT3,US904764BT39,UNILEVER CAPITAL CORP,Unilever Capital Corp,6124000.0,6253310.71,0.020996444243,DBT,CORP,2033-12-08,5.0,Fixed
42824CAY5,US42824CAY57,HP ENTERPRISE CO,Hewlett Packard Enterprise Co,12485000.0,12780043.02,0.042910943202,DBT,CORP,2045-10-15,6.35,Fixed
29379VAT0,US29379VAT08,ENTERPRISE PRODUCTS OPER,Enterprise Products Operating LLC,9582000.0,10007138.01,0.033600491805,DBT,CORP,2041-02-01,5.95,Fixed
00206RCQ3,US00206RCQ39,AT&T INC,AT&T Inc,11576000.0,9827876.98,0.032998595562,DBT,CORP,2046-05-15,4.75,Fixed
594918CC6,US594918CC64,MICROSOFT CORP,Microsoft Corp,45794000.0,27553572.05,0.09251531966,DBT,CORP,2050-06-01,2.53,Fixed
620076BT5,US620076BT59,MOTOROLA SOLUTIONS INC,Motorola Solutions Inc,7160000.0,6463193.81,0.021701158756,DBT,CORP,2030-11-15,2.3,Fixed
06368L8L3,US06368L8L34,BANK OF MONTREAL,Bank of Montreal,3699000.0,3701693.98,0.01242900199,DBT,CORP,2030-09-10,4.64,Fixed
718546AK0,US718546AK04,PHILLIPS 66,Phillips 66,6530000.0,6353661.27,0.021333386551,DBT,CORP,2034-11-15,4.65,Fixed
571748BV3,US571748BV33,MARSH & MCLENNAN COS INC,Marsh & McLennan Cos Inc,6014000.0,5942130.29,0.019951608533,DBT,CORP,2053-09-15,5.7,Fixed
06051GJT7,US06051GJT76,BANK OF AMERICA CORP,Bank of America Corp,35392000.0,32107275.56,0.107805073565,DBT,CORP,2032-04-22,2.69,Fixed
166756AH9,US166756AH97,CHEVRON USA INC,Chevron USA Inc,5515000.0,3180556.2,0.010679202428,DBT,CORP,2050-08-12,2.34,Fixed
113004AA3,US113004AA39,BROOKFIELD ASSET MANAGEM,Brookfield Asset Management Ltd,5939000.0,6071942.14,0.020387471614,DBT,CORP,2035-04-24,5.8,Fixed
89788MAM4,US89788MAM47,TRUIST FINANCIAL CORP,Truist Financial Corp,13909000.0,13911492.49,0.046709957327,DBT,CORP,2034-01-26,5.12,Fixed
88732JBD9,US88732JBD90,TIME WARNER CABLE LLC,Time Warner Cable LLC,9499000.0,7180675.96,0.02411021448,DBT,CORP,2042-09-15,4.5,Fixed
20030NCU3,US20030NCU37,COMCAST CORP,Comcast Corp,11005000.0,10877806.41,0.036523893722,DBT,CORP,2030-10-15,4.25,Fixed
25243YBE8,US25243YBE86,DIAGEO CAPITAL PLC,Diageo Capital PLC,6763000.0,5852546.0,0.019650815619,DBT,CORP,2032-04-29,2.13,Fixed
22822VAR2,US22822VAR24,CROWN CASTLE INC,Crown Castle Inc,6217000.0,5871304.34,0.019713799606,DBT,,2030-07-01,3.3,Fixed
20826FBL9,US20826FBL94,CONOCOPHILLIPS COMPANY,ConocoPhillips Co,8456000.0,8464448.39,0.028420676169,DBT,CORP,2035-01-15,5.0,Fixed
30161NAV3,US30161NAV38,EXELON CORP,Exelon Corp,6076000.0,5059311.43,0.016987409594,DBT,CORP,2046-04-15,4.45,Fixed
907818FK9,US907818FK90,UNION PACIFIC CORP,Union Pacific Corp,16124000.0,11070741.62,0.037171703109,DBT,CORP,2050-02-05,3.25,Fixed
446150BK9,US446150BK99,HUNTINGTON BANCSHARES,Huntington Bancshares Inc/OH,5633000.0,5556361.35,0.018656330493,DBT,CORP,2032-01-28,4.62,Fixed
59156RAJ7,US59156RAJ77,METLIFE INC,MetLife Inc,7212000.0,7856418.88,0.026379124374,DBT,CORP,2034-06-15,6.38,Fixed
404280CF4,US404280CF48,HSBC HOLDINGS PLC,HSBC Holdings PLC,21533000.0,21770887.97,0.073099076089,DBT,CORP,2030-03-31,4.95,Fixed
10373QBL3,US10373QBL32,BP CAP MARKETS AMERICA,BP Capital Markets America Inc,10670000.0,10362134.22,0.034792445712,DBT,CORP,2030-04-06,3.63,Fixed
126650DV9,US126650DV97,CVS HEALTH CORP,CVS Health Corp,9105000.0,8526566.63,0.028629247632,DBT,CORP,2053-02-21,5.63,Fixed
05253JB59,US05253JB595,Australia & New Zealand Banking Group Ltd.,Australia & New Zealand Banking Group Ltd.,2343000.0,2366915.0,0.007947278031,DBT,CORP,2029-12-16,4.62,Fixed
404119DF3,US404119DF36,HCA INC,HCA Inc,7165000.0,6932113.14,0.023275626909,DBT,CORP,2035-11-15,4.9,Fixed
023135CB0,US023135CB05,AMAZON.COM INC,Amazon.com Inc,29576000.0,19446228.87,0.065293678686,DBT,CORP,2051-05-12,3.1,Fixed
539830BR9,US539830BR92,LOCKHEED MARTIN CORP,Lockheed Martin Corp,7735000.0,7494726.92,0.025164688466,DBT,CORP,2032-06-15,3.9,Fixed
617446HD4,US617446HD43,MORGAN STANLEY,Morgan Stanley,10439000.0,11804111.16,0.039634103167,DBT,CORP,2032-04-01,7.25,Fixed
037833BW9,US037833BW97,APPLE INC,Apple Inc,11797000.0,11722682.44,0.039360693823,DBT,CORP,2036-02-23,4.5,Fixed
718172DQ9,US718172DQ97,PHILIP MORRIS INTL INC,Philip Morris International Inc,4965000.0,4943540.28,0.016598690305,DBT,CORP,2034-11-01,4.9,Fixed
29379VCK7,US29379VCK70,ENTERPRISE PRODUCTS OPER,Enterprise Products Operating LLC,6761000.0,6757457.24,0.022689193093,DBT,CORP,2031-01-15,4.6,Fixed
59156RCN6,US59156RCN61,METLIFE INC,MetLife Inc,5293000.0,5409907.02,0.018164587748,DBT,CORP,2034-12-15,5.3,Fixed
406216BK6,US406216BK61,HALLIBURTON CO,Halliburton Co,13849000.0,12559379.74,0.042170032592,DBT,CORP,2045-11-15,5.0,Fixed
00287YDT3,US00287YDT38,ABBVIE INC,AbbVie Inc,5471000.0,5561814.77,0.018674641182,DBT,CORP,2031-03-15,4.95,Fixed
149123CL3,US149123CL34,CATERPILLAR INC,Caterpillar Inc,14320000.0,14632028.5,0.049129266851,DBT,CORP,2035-05-15,5.2,Fixed
05526DBZ7,US05526DBZ78,BAT CAPITAL CORP,BAT Capital Corp,8192000.0,8658357.45,0.029071755406,DBT,CORP,2034-02-20,6.0,Fixed
43849RAK1,US43849RAK14,HONEYWELL AEROSPACE INC,Honeywell Aerospace Inc,9632000.0,9681184.84,0.032506054334,DBT,CORP,2066-03-16,5.85,Fixed
60687YBU2,US60687YBU29,MIZUHO FINANCIAL GROUP,Mizuho Financial Group Inc,6122000.0,5421038.35,0.018201962886,DBT,CORP,2031-09-13,2.56,Fixed
744448CY5,US744448CY50,PUBLIC SERVICE COLORADO,Public Service Co of Colorado,6637000.0,6123370.53,0.020560150275,DBT,CORP,2053-04-01,5.25,Fixed
037833EA4,US037833EA41,APPLE INC,Apple Inc,11475000.0,6249412.37,0.020983354973,DBT,CORP,2060-08-20,2.55,Fixed
8935268Z9,US8935268Z94,TRANSCANADA PIPELINES,TransCanada PipeLines Ltd,8810000.0,10407040.68,0.034943225999,DBT,CORP,2039-01-15,7.63,Fixed
55336VCC2,US55336VCC28,MPLX LP,MPLX LP,13063000.0,13076514.98,0.043906393015,DBT,CORP,2035-09-15,5.4,Fixed
744533BS8,US744533BS89,PUBLIC SERVICE OKLAHOMA,Public Service Co of Oklahoma,5566000.0,5623153.91,0.018880596698,DBT,CORP,2036-01-15,5.45,Fixed
191216DC1,US191216DC18,COCA-COLA CO/THE,Coca-Cola Co/The,11973000.0,7112149.98,0.023880128052,DBT,CORP,2051-03-15,2.5,Fixed
61747YGB5,US61747YGB56,MORGAN STANLEY,Morgan Stanley,29523000.0,29222671.38,0.098119575173,DBT,CORP,2032-03-12,4.71,Fixed
23291KAJ4,US23291KAJ43,DH EUROPE FINANCE II,DH Europe Finance II Sarl,9023000.0,7258608.29,0.024371884161,DBT,CORP,2039-11-15,3.25,Fixed
440452AF7,US440452AF79,HORMEL FOODS CORP,Hormel Foods Corp,4829000.0,4345479.47,0.01459060994,DBT,CORP,2030-06-11,1.8,Fixed
502431AT6,US502431AT68,L3HARRIS TECH INC,L3Harris Technologies Inc,5993000.0,6125863.01,0.020568519157,DBT,CORP,2031-06-01,5.25,Fixed
91159HJS0,US91159HJS04,US BANCORP,US Bancorp,8272000.0,8391396.39,0.02817539294,DBT,CORP,2030-07-23,5.1,Fixed
12189LBC4,US12189LBC46,BURLINGTN NORTH SANTA FE,Burlington Northern Santa Fe LLC,5602000.0,4469642.53,0.015007506347,DBT,CORP,2048-06-15,4.05,Fixed
37940XAW2,US37940XAW20,GLOBAL PAYMENTS INC,Global Payments Inc,10873000.0,10680503.32,0.035861418511,DBT,CORP,2030-11-15,4.88,Fixed
55336VCA6,US55336VCA61,MPLX LP,MPLX LP,8139000.0,8134640.75,0.027313296727,DBT,CORP,2031-02-15,4.8,Fixed
80282KBM7,US80282KBM71,SANTANDER HOLDINGS USA,Santander Holdings USA Inc,9229000.0,9323001.98,0.031303400764,DBT,CORP,2030-09-06,5.35,Fixed
251526CX5,US251526CX52,DEUTSCHE BANK NY,Deutsche Bank AG/New York NY,7200000.0,7234283.52,0.024290210037,DBT,CORP,2030-09-11,5.0,Fixed
60687YAX7,US60687YAX76,MIZUHO FINANCIAL GROUP,Mizuho Financial Group Inc,5152000.0,4926111.59,0.01654017082,DBT,CORP,2030-07-16,3.15,Fixed
58933YBK0,US58933YBK01,MERCK & CO INC,Merck & Co Inc,10654000.0,10571903.47,0.035496777955,DBT,CORP,2033-05-17,4.5,Fixed
717081EY5,US717081EY56,PFIZER INC,Pfizer Inc,10327000.0,9293028.75,0.031202761074,DBT,CORP,2030-05-28,1.7,Fixed
68233JDL5,US68233JDL52,ONCOR ELECTRIC DELIVERY,Oncor Electric Delivery Co LLC,8982000.0,8907550.0,0.029908457391,DBT,CORP,2031-03-15,4.5,Fixed
86722TAB8,US86722TAB89,SUNCOR ENERGY INC,Suncor Energy Inc,5723000.0,6346653.05,0.021309855383,DBT,CORP,2039-06-01,6.85,Fixed
91324PEQ1,US91324PEQ19,UNITEDHEALTH GROUP INC,UnitedHealth Group Inc,6841000.0,7005225.05,0.023521111296,DBT,CORP,2030-02-15,5.3,Fixed
595620AU9,US595620AU94,MIDAMERICAN ENERGY CO,MidAmerican Energy Co,7236000.0,5871508.2,0.019714484097,DBT,CORP,2049-07-15,4.25,Fixed
693475BJ3,US693475BJ30,PNC FINANCIAL SERVICES,PNC Financial Services Group Inc/The,12038000.0,12698172.35,0.042636049944,DBT,CORP,2033-10-28,6.04,Fixed
874060BD7,US874060BD74,TAKEDA PHARMACEUTICAL,Takeda Pharmaceutical Co Ltd,7035000.0,4486866.72,0.015065339191,DBT,CORP,2060-07-09,3.38,Fixed
337738BP2,US337738BP21,FISERV INC,Fiserv Inc,6251000.0,6122620.09,0.020557630558,DBT,CORP,2031-02-15,4.55,Fixed
716973AE2,US716973AE24,PFIZER INVESTMENT ENTER,Pfizer Investment Enterprises Pte Ltd,36571000.0,36343495.47,0.122028827873,DBT,CORP,2033-05-19,4.75,Fixed
24422EXP9,US24422EXP95,JOHN DEERE CAPITAL CORP,John Deere Capital Corp,6887000.0,6987880.78,0.023462875264,DBT,CORP,2034-04-11,5.1,Fixed
03770DAL7,US03770DAL73,APOLLO DEBT SOLUTIONS BD,Apollo Debt Solutions BDC,6260000.0,6162064.18,0.020690070105,DBT,CORP,2031-01-23,5.7,Fixed
459200KB6,US459200KB68,IBM CORP,International Business Machines Corp,14201000.0,12422561.91,0.041710645865,DBT,CORP,2039-05-15,4.15,Fixed
694308JN8,US694308JN86,PACIFIC GAS & ELECTRIC,Pacific Gas and Electric Co,22959000.0,19222661.52,0.064543017218,DBT,CORP,2050-07-01,4.95,Fixed
0778FPAA7,US0778FPAA77,BELL CANADA,Bell Telephone Co of Canada or Bell Canada,7241000.0,6039810.06,0.020279583255,DBT,CORP,2048-04-01,4.46,Fixed
12704PAB4,US12704PAB40,CRH SMW FINANCE DAC,CRH SMW Finance DAC,10028000.0,10186700.12,0.03420339897,DBT,CORP,2030-01-09,5.13,Fixed
532457BT4,US532457BT48,ELI LILLY & CO,Eli Lilly & Co,6368000.0,5065796.85,0.017009185381,DBT,CORP,2049-03-15,3.95,Fixed
95040QAM6,US95040QAM69,WELLTOWER OP LLC,Welltower OP LLC,6811000.0,6256013.16,0.021005518131,DBT,,2031-06-01,2.8,Fixed
92343VCV4,US92343VCV45,VERIZON COMMUNICATIONS,Verizon Communications Inc,13491000.0,12507912.18,0.041997222411,DBT,CORP,2036-01-15,4.27,Fixed
594918CF9,US594918CF95,MICROSOFT CORP,Microsoft Corp,14440000.0,8837873.48,0.02967450785,DBT,CORP,2062-03-17,3.04,Fixed
532457DC9,US532457DC94,ELI LILLY & CO,Eli Lilly & Co,6943000.0,6900396.36,0.023169132984,DBT,CORP,2031-03-15,4.25,Fixed
26441CAT2,US26441CAT27,DUKE ENERGY CORP,Duke Energy Corp,10437000.0,7807641.03,0.026215345305,DBT,CORP,2046-09-01,3.75,Fixed
26875PAW1,US26875PAW14,EOG RESOURCES INC,EOG Resources Inc,6802000.0,6689460.91,0.022460885046,DBT,CORP,2054-12-01,5.65,Fixed
16411RAQ2,US16411RAQ20,CHENIERE ENERGY INC,Cheniere Energy Inc,5767000.0,5744829.35,0.019289140542,DBT,CORP,2056-07-30,6.0,Fixed
459200KC4,US459200KC42,IBM CORP,International Business Machines Corp,22957000.0,18007700.37,0.060463599893,DBT,CORP,2049-05-15,4.25,Fixed
10112RBJ2,US10112RBJ23,BOSTON PROPERTIES LP,Boston Properties LP,7907000.0,7993825.98,0.026840489665,DBT,,2035-01-15,5.75,Fixed
594918BS2,US594918BS26,MICROSOFT CORP,Microsoft Corp,14546000.0,13064770.64,0.043866959603,DBT,CORP,2036-08-08,3.45,Fixed
373334KW0,US373334KW08,GEORGIA POWER CO,Georgia Power Co,6666000.0,6786362.63,0.022786247347,DBT,CORP,2034-03-15,5.25,Fixed
822905AC9,US822905AC90,SHELL FINANCE US INC,Shell Finance US Inc,7883000.0,7465838.73,0.025067691963,DBT,CORP,2035-05-11,4.13,Fixed
29273VAU4,US29273VAU44,ENERGY TRANSFER LP,Energy Transfer LP,9476000.0,10296065.36,0.03457060944,DBT,CORP,2033-12-01,6.55,Fixed
00817YAF5,US00817YAF51,AETNA INC,Aetna Inc,4584000.0,4998013.59,0.016781592749,DBT,CORP,2036-06-15,6.63,Fixed
25243YBH1,US25243YBH18,DIAGEO CAPITAL PLC,Diageo Capital PLC,5407000.0,5590935.87,0.018772419716,DBT,CORP,2033-01-24,5.5,Fixed
341081GG6,US341081GG63,FLORIDA POWER & LIGHT CO,Florida Power & Light Co,9593000.0,8576380.87,0.028796506539,DBT,CORP,2032-02-03,2.45,Fixed
55336VBY5,US55336VBY56,MPLX LP,MPLX LP,5970000.0,5990901.57,0.020115365543,DBT,CORP,2035-04-01,5.4,Fixed
694308KT3,US694308KT38,PACIFIC GAS & ELECTRIC,Pacific Gas and Electric Co,5475000.0,5169785.72,0.017358343868,DBT,CORP,2054-10-01,5.9,Fixed
10112RBD5,US10112RBD52,BOSTON PROPERTIES LP,Boston Properties LP,11848000.0,10999764.95,0.036933388117,DBT,,2031-01-30,3.25,Fixed
363576AB5,US363576AB52,ARTHUR J GALLAGHER & CO,Arthur J Gallagher & Co,6111000.0,4211749.48,0.014141591107,DBT,CORP,2051-05-20,3.5,Fixed
58013MFM1,US58013MFM10,MCDONALD'S CORP,McDonald's Corp,12562000.0,11542135.19,0.038754478901,DBT,CORP,2030-03-01,2.13,Fixed
25179MBG7,US25179MBG78,DEVON ENERGY CORPORATION,Devon Energy Corp,10212000.0,10280669.57,0.034518915727,DBT,CORP,2034-09-15,5.2,Fixed
14448CAQ7,US14448CAQ78,CARRIER GLOBAL CORP,Carrier Global Corp,9814000.0,9183282.68,0.030834271909,DBT,CORP,2030-02-15,2.72,Fixed
931142CB7,US931142CB75,WALMART INC,Walmart Inc,11337000.0,11771998.42,0.039526279746,DBT,CORP,2035-09-01,5.25,Fixed
65535HBA6,US65535HBA68,NOMURA HOLDINGS INC,Nomura Holdings Inc,8179000.0,7395932.73,0.024832971908,DBT,CORP,2032-01-22,3.0,Fixed
87264ADM4,US87264ADM45,T-MOBILE USA INC,T-Mobile USA Inc,8944000.0,8671772.37,0.029116798046,DBT,CORP,2035-01-15,4.7,Fixed
66989HAK4,US66989HAK41,NOVARTIS CAPITAL CORP,Novartis Capital Corp,9544000.0,7899179.4,0.02652269934,DBT,CORP,2045-11-20,4.0,Fixed
174610BG9,US174610BG97,CITIZENS FINANCIAL GROUP,Citizens Financial Group Inc,6319000.0,6813237.43,0.022876483586,DBT,CORP,2035-04-25,6.65,Fixed
79466LAV6,US79466LAV62,SALESFORCE INC,Salesforce Inc,11406000.0,11646451.03,0.03910473524,DBT,CORP,2046-03-15,6.4,Fixed
404119DE6,US404119DE60,HCA INC,HCA Inc,6646000.0,6481387.22,0.021762245904,DBT,CORP,2032-11-15,4.6,Fixed
718172DZ9,US718172DZ96,PHILIP MORRIS INTL INC,Philip Morris International Inc,6665000.0,6477003.01,0.02174752525,DBT,CORP,2032-10-29,4.25,Fixed
20030NCK5,US20030NCK54,COMCAST CORP,Comcast Corp,7036000.0,5209138.48,0.017490476761,DBT,CORP,2048-03-01,4.0,Fixed
04316JAN9,US04316JAN90,ARTHUR J GALLAGHER & CO,Arthur J Gallagher & Co,9083000.0,9011643.04,0.030257965645,DBT,CORP,2035-02-15,5.15,Fixed
92343VHF4,US92343VHF40,VERIZON COMMUNICATIONS,Verizon Communications Inc,14178000.0,14032820.12,0.047117333345,DBT,CORP,2033-01-15,4.75,Fixed
72650RBS0,US72650RBS04,PLAINS ALL AMER PIPELINE,Plains All American Pipeline LP / PAA Finance Corp,7395000.0,7452879.93,0.025024180816,DBT,CORP,2036-01-15,5.6,Fixed
628530BJ5,US628530BJ54,MYLAN INC,Mylan Inc,4345000.0,3572638.01,0.011995676891,DBT,CORP,2048-04-15,5.2,Fixed
025537AX9,US025537AX91,AMERICAN ELECTRIC POWER,American Electric Power Co Inc,6769000.0,7021909.47,0.02357713178,DBT,CORP,2033-03-01,5.63,Fixed
89153VAX7,US89153VAX73,TOTALENERGIES CAP INTL,TotalEnergies Capital International SA,9161000.0,6863976.36,0.023046847281,DBT,CORP,2041-06-29,2.99,Fixed
20030NDH1,US20030NDH17,COMCAST CORP,Comcast Corp,10795000.0,8778340.71,0.029474617497,DBT,CORP,2040-04-01,3.75,Fixed
11135FBV2,US11135FBV22,BROADCOM INC,Broadcom Inc,18756000.0,18216757.5,0.061165541085,DBT,CORP,2037-05-15,4.93,Fixed
58013MFW9,US58013MFW91,MCDONALD'S CORP,McDonald's Corp,5608000.0,5355775.15,0.01798283174,DBT,CORP,2053-08-14,5.45,Fixed
458140BR0,US458140BR09,INTEL CORP,Intel Corp,7481000.0,7274308.95,0.024424601521,DBT,CORP,2030-03-25,3.9,Fixed
29379VBY8,US29379VBY83,ENTERPRISE PRODUCTS OPER,Enterprise Products Operating LLC,6421000.0,4723068.64,0.015858423155,DBT,CORP,2051-01-31,3.7,Fixed
120568BE9,US120568BE94,BUNGE LTD FINANCE CORP,Bunge Ltd Finance Corp,6195000.0,6126433.12,0.020570433388,DBT,CORP,2029-09-17,4.2,Fixed
29364WBQ0,US29364WBQ06,ENTERGY LOUISIANA LLC,Entergy Louisiana LLC,5084000.0,5066119.57,0.017010268962,DBT,CORP,2055-03-15,5.8,Fixed
254687FL5,US254687FL52,WALT DISNEY COMPANY/THE,Walt Disney Co/The,7831000.0,7280969.35,0.02444696483,DBT,CORP,2029-09-01,2.0,Fixed
548661EW3,US548661EW30,LOWE'S COS INC,Lowe's Cos Inc,6136000.0,6015437.42,0.0201977484,DBT,CORP,2032-10-15,4.5,Fixed
83444MAR2,US83444MAR25,SOLVENTUM CORP,Solventum Corp,13356000.0,13692658.01,0.045975187191,DBT,CORP,2034-03-23,5.6,Fixed
66989HAZ1,US66989HAZ10,NOVARTIS CAPITAL CORP,Novartis Capital Corp,10014000.0,9820595.61,0.032974147252,DBT,CORP,2032-11-05,4.3,Fixed
38141GYC2,US38141GYC22,GOLDMAN SACHS GROUP INC,Goldman Sachs Group Inc/The,14705000.0,11084724.58,0.037218653029,DBT,CORP,2042-04-22,3.21,Fixed
023608AJ1,US023608AJ15,AMEREN CORP,Ameren Corp,6627000.0,6285385.44,0.02110414004,DBT,CORP,2031-01-15,3.5,Fixed
00774MBU8,US00774MBU80,AERCAP IRELAND CAP/GLOBA,AerCap Ireland Capital DAC / AerCap Global Aviation Trust,7352000.0,7199489.38,0.024173383406,DBT,CORP,2033-01-15,4.75,Fixed
62954HAU2,US62954HAU23,NXP BV/NXP FDG/NXP USA,NXP BV / NXP Funding LLC / NXP USA Inc,5851000.0,4456504.84,0.014963394549,DBT,CORP,2041-05-11,3.25,Fixed
873923AE6,US873923AE65,SUMISHO AIR LEASE CORP,Sumisho Air Lease Corp,12268000.0,12156645.82,0.040817792045,DBT,CORP,2031-03-24,4.85,Fixed
775109DF5,US775109DF56,ROGERS COMMUNICATIONS IN,Rogers Communications Inc,16423000.0,16329566.27,0.054829008763,DBT,CORP,2034-02-15,5.3,Fixed
084659BF7,US084659BF75,BERKSHIRE HATHAWAY ENERG,Berkshire Hathaway Energy Co,6825000.0,5701408.44,0.019143348215,DBT,CORP,2053-05-01,4.6,Fixed
21036PBP2,US21036PBP27,CONSTELLATION BRANDS INC,Constellation Brands Inc,6049000.0,5995301.21,0.020130138005,DBT,CORP,2033-05-01,4.9,Fixed
718546BA1,US718546BA13,PHILLIPS 66,Phillips 66,7208000.0,4750580.16,0.015950797278,DBT,CORP,2052-03-15,3.3,Fixed
125523CU2,US125523CU21,CIGNA GROUP/THE,Cigna Group/The,5217000.0,5312434.06,0.017837307422,DBT,CORP,2031-05-15,5.13,Fixed
22822VAW1,US22822VAW19,CROWN CASTLE INC,Crown Castle Inc,8533000.0,7506086.73,0.02520283076,DBT,,2031-04-01,2.1,Fixed
925650AD5,US925650AD55,VICI PROPERTIES LP,VICI Properties LP,10597000.0,10519457.51,0.035320682647,DBT,,2032-05-15,5.13,Fixed
11135FAQ4,US11135FAQ46,BROADCOM INC,Broadcom Inc,9470000.0,9294429.99,0.031207465951,DBT,CORP,2030-11-15,4.15,Fixed
718172AU3,US718172AU37,PHILIP MORRIS INTL INC,Philip Morris International Inc,7655000.0,6238850.26,0.020947891078,DBT,CORP,2042-08-21,3.88,Fixed
172967HA2,US172967HA25,CITIGROUP INC,Citigroup Inc,6988000.0,7599048.19,0.025514963037,DBT,CORP,2043-09-13,6.68,Fixed
92826CAZ5,US92826CAZ59,VISA INC,Visa Inc,6264000.0,6227224.68,0.02090885642,DBT,CORP,2031-02-12,4.1,Fixed
767201AL0,US767201AL06,RIO TINTO FIN USA LTD,Rio Tinto Finance USA Ltd,8623000.0,8499961.86,0.02853991806,DBT,CORP,2040-11-02,5.2,Fixed
61747YGC3,US61747YGC30,MORGAN STANLEY,Morgan Stanley,24818000.0,25179245.84,0.084543157361,DBT,CORP,2047-03-13,5.9,Fixed
949746RF0,US949746RF01,WELLS FARGO & COMPANY,Wells Fargo & Co,17444000.0,16829296.12,0.056506927935,DBT,CORP,2044-01-15,5.61,Fixed
92343VCX0,US92343VCX01,VERIZON COMMUNICATIONS,Verizon Communications Inc,10979000.0,9125076.18,0.03063883471,DBT,CORP,2048-09-15,4.52,Fixed
00287YAV1,US00287YAV11,ABBVIE INC,AbbVie Inc,6883000.0,6509190.46,0.021855599522,DBT,CORP,2036-05-14,4.3,Fixed
66989HAW8,US66989HAW88,NOVARTIS CAPITAL CORP,Novartis Capital Corp,5344000.0,4706161.54,0.015801654988,DBT,CORP,2054-09-18,4.7,Fixed
50249AAH6,US50249AAH68,LYB INT FINANCE III,LYB International Finance III LLC,5911000.0,4376532.18,0.014694874149,DBT,CORP,2040-10-01,3.38,Fixed
23291KAK1,US23291KAK16,DH EUROPE FINANCE II,DH Europe Finance II Sarl,6385000.0,4540801.93,0.015246434883,DBT,CORP,2049-11-15,3.4,Fixed
09581CAB7,US09581CAB72,BLUE OWL CREDIT INCOME,Blue Owl Credit Income Corp,6027000.0,6073456.72,0.020392557047,DBT,CORP,2029-09-15,6.6,Fixed
693475CC7,US693475CC77,PNC FINANCIAL SERVICES,PNC Financial Services Group Inc/The,11410000.0,11685793.39,0.039236833213,DBT,CORP,2036-01-29,5.58,Fixed
89157XAC5,US89157XAC56,TOTALENERGIES CAPITAL SA,TotalEnergies Capital SA,8500000.0,8273542.15,0.027779679358,DBT,CORP,2064-04-05,5.64,Fixed
015271AV1,US015271AV11,ALEXANDRIA REAL ESTATE E,Alexandria Real Estate Equities Inc,8097000.0,6588735.37,0.022122683687,DBT,,2033-02-01,1.88,Fixed
879360AE5,US879360AE54,TELEDYNE TECHNOLOGIES IN,Teledyne Technologies Inc,5723000.0,5243807.49,0.017606883248,DBT,CORP,2031-04-01,2.75,Fixed
494550AW6,US494550AW68,KINDER MORGAN ENER PART,Kinder Morgan Energy Partners LP,7089000.0,7950352.49,0.026694520793,DBT,CORP,2038-01-15,6.95,Fixed
61748UAT9,US61748UAT97,MORGAN STANLEY,Morgan Stanley,30252000.0,29629634.68,0.099486016508,DBT,CORP,2037-01-30,5.07,Fixed
126650DZ0,US126650DZ02,CVS HEALTH CORP,CVS Health Corp,9741000.0,9412709.79,0.031604608415,DBT,CORP,2053-06-01,5.88,Fixed
38141GB37,US38141GB375,GOLDMAN SACHS GROUP INC,Goldman Sachs Group Inc/The,21104000.0,21231198.03,0.071286984821,DBT,CORP,2035-07-23,5.33,Fixed
68389XCS2,US68389XCS27,ORACLE CORP,Oracle Corp,6855000.0,6687269.12,0.022453525777,DBT,CORP,2029-09-27,4.2,Fixed
375558CB7,US375558CB72,GILEAD SCIENCES INC,Gilead Sciences Inc,5678000.0,5748134.09,0.01930023671,DBT,CORP,2029-11-15,4.8,Fixed
606822DQ4,US606822DQ49,MITSUBISHI UFJ FIN GRP,Mitsubishi UFJ Financial Group Inc,7784000.0,7764963.45,0.026072048822,DBT,CORP,2036-09-12,5.19,Fixed
00206RNQ1,US00206RNQ10,AT&T INC,AT&T Inc,11794000.0,11832415.42,0.039729139036,DBT,CORP,2066-10-30,6.3,Fixed
42824CBT5,US42824CBT53,HP ENTERPRISE CO,Hewlett Packard Enterprise Co,11400000.0,11371121.52,0.038180274427,DBT,CORP,2029-10-15,4.55,Fixed
68389XDA0,US68389XDA00,ORACLE CORP,Oracle Corp,13545000.0,13131742.05,0.044091826324,DBT,CORP,2035-08-03,5.5,Fixed
00774MBE4,US00774MBE49,AERCAP IRELAND CAP/GLOBA,AerCap Ireland Capital DAC / AerCap Global Aviation Trust,6400000.0,6710513.28,0.022531571589,DBT,CORP,2030-09-30,6.15,Fixed
53944YBJ1,US53944YBJ10,LLOYDS BANKING GROUP PLC,Lloyds Banking Group PLC,8770000.0,8597410.79,0.028867117702,DBT,CORP,2047-02-10,5.67,Fixed
084664CW9,US084664CW92,BERKSHIRE HATHAWAY FIN,Berkshire Hathaway Finance Corp,6430000.0,5716511.77,0.019194059949,DBT,CORP,2030-10-15,1.45,Fixed
037833FB1,US037833FB15,APPLE INC,Apple Inc,10300000.0,10399586.58,0.034918197721,DBT,CORP,2035-05-12,4.75,Fixed
084659AX9,US084659AX90,BERKSHIRE HATHAWAY ENERG,Berkshire Hathaway Energy Co,6002000.0,4755740.52,0.015968123974,DBT,CORP,2050-10-15,4.25,Fixed
229917AA7,US229917AA70,CUMBERLAND COMB CYCLE GE,Cumberland Combined Cycle Generation LLC,11300000.0,11478540.0,0.038540948353,DBT,CORP,2056-05-15,5.82,Fixed
68389XBH7,US68389XBH70,ORACLE CORP,Oracle Corp,10589000.0,8899017.84,0.029879809363,DBT,CORP,2036-07-15,3.85,Fixed
74432QCE3,US74432QCE35,PRUDENTIAL FINANCIAL INC,Prudential Financial Inc,7244000.0,5883650.69,0.019755254359,DBT,CORP,2050-02-25,4.35,Fixed
46647PCE4,US46647PCE43,JPMORGAN CHASE & CO,JPMorgan Chase & Co,26018000.0,17966886.01,0.060326559456,DBT,CORP,2052-04-22,3.33,Fixed
375558BK8,US375558BK80,GILEAD SCIENCES INC,Gilead Sciences Inc,10574000.0,8654194.08,0.029057776257,DBT,CORP,2047-03-01,4.15,Fixed
931142CK7,US931142CK74,WALMART INC,Walmart Inc,8686000.0,9938158.99,0.033368884227,DBT,CORP,2037-08-15,6.5,Fixed
29273RBL2,US29273RBL24,ENERGY TRANSFER LP,Energy Transfer LP,7075000.0,6360647.86,0.021356845092,DBT,CORP,2047-04-15,5.3,Fixed
125523CZ1,US125523CZ18,CIGNA GROUP/THE,Cigna Group/The,8785000.0,8814033.55,0.02959446165,DBT,CORP,2036-01-15,5.25,Fixed
00287YEE5,US00287YEE59,ABBVIE INC,AbbVie Inc,9308000.0,9128292.31,0.030649633357,DBT,CORP,2031-03-15,4.13,Fixed
717081FD0,US717081FD01,PFIZER INC,Pfizer Inc,11011000.0,10898989.5,0.036595019177,DBT,CORP,2030-11-15,4.2,Fixed
40434LAN5,US40434LAN55,HP INC,HP Inc,7500000.0,7690966.5,0.025823592779,DBT,CORP,2033-01-15,5.5,Fixed
00206RNH1,US00206RNH11,AT&T INC,AT&T Inc,9287000.0,9165508.39,0.03077459202,DBT,CORP,2036-04-30,5.13,Fixed
031162DH0,US031162DH07,AMGEN INC,Amgen Inc,4519000.0,4462019.48,0.014981910794,DBT,CORP,2029-08-18,4.05,Fixed
125523AK6,US125523AK66,CIGNA GROUP/THE,Cigna Group/The,20776000.0,18226894.91,0.061199578985,DBT,CORP,2048-12-15,4.9,Fixed
345397E25,US345397E250,FORD MOTOR CREDIT CO LLC,Ford Motor Credit Co LLC,9205000.0,9412110.66,0.031602596745,DBT,CORP,2031-03-05,6.05,Fixed
404119BY4,US404119BY43,HCA INC,HCA Inc,8596000.0,8147035.22,0.02735491305,DBT,CORP,2039-06-15,5.13,Fixed
832696AY4,US832696AY47,JM SMUCKER CO,J M Smucker Co/The,6064000.0,6470195.22,0.021724667057,DBT,CORP,2043-11-15,6.5,Fixed
832696AX6,US832696AX63,JM SMUCKER CO,J M Smucker Co/The,5329000.0,5682325.49,0.019079274301,DBT,CORP,2033-11-15,6.2,Fixed
015271AR0,US015271AR09,ALEXANDRIA REAL ESTATE E,Alexandria Real Estate Equities Inc,5741000.0,5297419.91,0.017786895124,DBT,,2031-08-15,3.38,Fixed
25278XAZ2,US25278XAZ24,DIAMONDBACK ENERGY INC,Diamondback Energy Inc,6762000.0,6909685.46,0.023200322554,DBT,CORP,2034-04-18,5.4,Fixed
037833EG1,US037833EG11,APPLE INC,Apple Inc,13194000.0,7609535.27,0.025550175007,DBT,CORP,2061-02-08,2.8,Fixed
907818GB8,US907818GB82,UNION PACIFIC CORP,Union Pacific Corp,8642000.0,8611374.48,0.02891400292,DBT,CORP,2033-01-20,4.5,Fixed
161175CQ5,US161175CQ56,CHARTER COMM OPT LLC/CAP,Charter Communications Operating LLC / Charter Communications Operating Capital,4642000.0,4774723.14,0.016031861015,DBT,CORP,2029-06-01,6.1,Fixed
606822DF8,US606822DF83,MITSUBISHI UFJ FIN GRP,Mitsubishi UFJ Financial Group Inc,9824000.0,10006276.46,0.03359759902,DBT,CORP,2035-04-17,5.43,Fixed
57636QAZ7,US57636QAZ72,MASTERCARD INC,Mastercard Inc,8831000.0,8884070.78,0.02982962233,DBT,CORP,2034-05-09,4.88,Fixed
110122DZ8,US110122DZ89,BRISTOL-MYERS SQUIBB CO,Bristol-Myers Squibb Co,5775000.0,6156701.51,0.020672064123,DBT,CORP,2033-11-15,5.9,Fixed
57636QAU8,US57636QAU85,MASTERCARD INC,Mastercard Inc,9857000.0,8724916.65,0.02929523807,DBT,CORP,2031-11-18,2.0,Fixed
20826FBD7,US20826FBD78,CONOCOPHILLIPS COMPANY,ConocoPhillips Co,13035000.0,9522592.81,0.03197355741,DBT,CORP,2062-03-15,4.03,Fixed
25243YBN8,US25243YBN85,DIAGEO CAPITAL PLC,Diageo Capital PLC,5098000.0,5314084.85,0.017842850201,DBT,CORP,2033-10-05,5.63,Fixed
084664CV1,US084664CV10,BERKSHIRE HATHAWAY FIN,Berkshire Hathaway Finance Corp,12373000.0,7867310.19,0.026415693608,DBT,CORP,2050-10-15,2.85,Fixed
191216CX6,US191216CX63,COCA-COLA CO/THE,Coca-Cola Co/The,11680000.0,7154742.85,0.024023140108,DBT,CORP,2050-06-01,2.6,Fixed
89236TQB4,US89236TQB43,TOYOTA MOTOR CREDIT CORP,Toyota Motor Credit Corp,7296000.0,7267218.01,0.024400792609,DBT,CORP,2031-05-14,4.55,Fixed
70450YAJ2,US70450YAJ29,PAYPAL HOLDINGS INC,PayPal Holdings Inc,7827000.0,5111033.35,0.017161073827,DBT,CORP,2050-06-01,3.25,Fixed
42824CBU2,US42824CBU27,HP ENTERPRISE CO,Hewlett Packard Enterprise Co,5295000.0,5280876.12,0.017731346826,DBT,CORP,2031-10-15,4.85,Fixed
87264ADC6,US87264ADC62,T-MOBILE USA INC,T-Mobile USA Inc,8529000.0,8900671.64,0.029885362248,DBT,CORP,2034-01-15,5.75,Fixed
62954HBA5,US62954HBA59,NXP BV/NXP FDG/NXP USA,NXP BV / NXP Funding LLC / NXP USA Inc,7461000.0,6708127.65,0.022523561472,DBT,CORP,2031-05-11,2.5,Fixed
05526DBW4,US05526DBW48,BAT CAPITAL CORP,BAT Capital Corp,8667000.0,8651090.85,0.029047356689,DBT,CORP,2032-03-16,4.74,Fixed
58933YBR5,US58933YBR53,MERCK & CO INC,Merck & Co Inc,8566000.0,8539966.21,0.028674238765,DBT,CORP,2032-09-15,4.55,Fixed
205887CE0,US205887CE05,CONAGRA BRANDS INC,Conagra Brands Inc,7206000.0,6250505.3,0.020987024652,DBT,CORP,2048-11-01,5.4,Fixed
06051GFC8,US06051GFC87,BANK OF AMERICA CORP,Bank of America Corp,15501000.0,14559825.78,0.048886835209,DBT,CORP,2044-01-21,5.0,Fixed
097023CN3,US097023CN34,BOEING CO,Boeing Co/The,7308000.0,6888186.82,0.023128137592,DBT,CORP,2030-02-01,2.95,Fixed
95000U4J9,US95000U4J91,WELLS FARGO & COMPANY,Wells Fargo & Co,14925000.0,14899814.06,0.050028397702,DBT,CORP,2032-05-20,4.84,Fixed
172967MY4,US172967MY46,CITIGROUP INC,Citigroup Inc,21592000.0,19423165.65,0.065216240408,DBT,CORP,2032-05-01,2.56,Fixed
69351UBB8,US69351UBB89,PPL ELECTRIC UTILITIES,PPL Electric Utilities Corp,3617000.0,3382501.93,0.01135726601,DBT,CORP,2053-05-15,5.25,Fixed
66989HAH1,US66989HAH12,NOVARTIS CAPITAL CORP,Novartis Capital Corp,15585000.0,13704962.75,0.046016502232,DBT,CORP,2044-05-06,4.4,Fixed
06738ECY9,US06738ECY95,BARCLAYS PLC,Barclays PLC,15917000.0,16171824.8,0.054299367724,DBT,CORP,2031-02-25,5.37,Fixed
051473AE6,US051473AE62,AUGUSTA SPINCO CORPORATI,Augusta SpinCo Corp,5567000.0,5545361.63,0.018619397256,DBT,CORP,2033-03-23,4.95,Fixed
92343VCM4,US92343VCM46,VERIZON COMMUNICATIONS,Verizon Communications Inc,6354000.0,5531997.63,0.018574525588,DBT,CORP,2054-08-21,5.01,Fixed
87612EBA3,US87612EBA38,TARGET CORP,Target Corp,9581000.0,8013291.63,0.026905848553,DBT,CORP,2042-07-01,4.0,Fixed
341081GM3,US341081GM32,FLORIDA POWER & LIGHT CO,Florida Power & Light Co,5997000.0,5651683.14,0.018976387938,DBT,CORP,2053-04-01,5.3,Fixed
05526DCB9,US05526DCB91,BAT CAPITAL CORP,BAT Capital Corp,8380000.0,8613390.54,0.028920772149,DBT,CORP,2032-08-15,5.35,Fixed
03027XCN8,US03027XCN84,AMERICAN TOWER CORP,American Tower Corp,7895000.0,7964092.3,0.0267406543,DBT,,2030-03-15,4.9,Fixed
883556DG4,US883556DG48,THERMO FISHER SCIENTIFIC,Thermo Fisher Scientific Inc,5895000.0,5809954.01,0.019507806518,DBT,CORP,2031-02-12,4.22,Fixed
89236TLZ6,US89236TLZ65,TOYOTA MOTOR CREDIT CORP,Toyota Motor Credit Corp,7523000.0,7683389.61,0.025798152216,DBT,CORP,2031-03-21,5.1,Fixed
25156PAC7,US25156PAC77,DEUTSCHE TELEKOM INT FIN,Deutsche Telekom International Finance BV,18986000.0,21484363.94,0.072137027968,DBT,CORP,2030-06-15,8.75,Fixed
035240AR1,US035240AR13,ANHEUSER-BUSCH INBEV WOR,Anheuser-Busch InBev Worldwide Inc,8130000.0,8264115.73,0.027748028715,DBT,CORP,2031-01-23,4.9,Fixed
46647PBV7,US46647PBV76,JPMORGAN CHASE & CO,JPMorgan Chase & Co,11007000.0,7809367.44,0.02622114199,DBT,CORP,2041-11-19,2.53,Fixed
037833EE6,US037833EE62,APPLE INC,Apple Inc,7545000.0,5369858.74,0.018030119541,DBT,CORP,2041-02-08,2.38,Fixed
404280AM1,US404280AM17,HSBC HOLDINGS PLC,HSBC Holdings PLC,5562000.0,5910711.81,0.019846116196,DBT,CORP,2042-01-14,6.1,Fixed
49456BBC4,US49456BBC46,KINDER MORGAN INC,Kinder Morgan Inc,5678000.0,5956236.76,0.019998973157,DBT,CORP,2035-06-01,5.85,Fixed
172967QA2,US172967QA24,CITIGROUP INC,Citigroup Inc,11768000.0,11846587.88,0.039776725232,DBT,CORP,2031-05-07,4.95,Fixed
87264ADT9,US87264ADT97,T-MOBILE USA INC,T-Mobile USA Inc,5735000.0,5803283.2,0.019485408256,DBT,CORP,2035-05-15,5.3,Fixed
50249AAJ2,US50249AAJ25,LYB INT FINANCE III,LYB International Finance III LLC,7513000.0,4976128.87,0.016708111465,DBT,CORP,2051-04-01,3.63,Fixed
962166BY9,US962166BY91,WEYERHAEUSER CO,Weyerhaeuser Co,7205000.0,7017395.49,0.023561975404,DBT,,2030-04-15,4.0,Fixed
828807EA1,US828807EA11,SIMON PROPERTY GROUP LP,Simon Property Group LP,6635000.0,6625531.86,0.022246233513,DBT,,2035-10-01,5.13,Fixed
11135FCC3,US11135FCC32,BROADCOM INC,Broadcom Inc,9570000.0,9465046.77,0.031780337806,DBT,CORP,2032-02-15,4.55,Fixed
902494BM4,US902494BM45,TYSON FOODS INC,Tyson Foods Inc,9125000.0,9450235.08,0.031730605298,DBT,CORP,2034-03-15,5.7,Fixed
74340XCR0,US74340XCR08,PROLOGIS LP,Prologis LP,5333000.0,5403597.19,0.018143401532,DBT,,2035-05-15,5.25,Fixed
036752AZ6,US036752AZ60,ELEVANCE HEALTH INC,Elevance Health Inc,7778000.0,7907331.81,0.0265500723,DBT,CORP,2034-06-15,5.38,Fixed
65339KBZ2,US65339KBZ21,NEXTERA ENERGY CAPITAL,NextEra Energy Capital Holdings Inc,9626000.0,8510183.92,0.028574240185,DBT,CORP,2032-01-15,2.44,Fixed
30303MAJ1,US30303MAJ18,META PLATFORMS INC,Meta Platforms Inc,20981000.0,21198906.57,0.07117856132,DBT,CORP,2046-05-15,6.2,Fixed
961214EQ2,US961214EQ27,WESTPAC BANKING CORP,Westpac Banking Corp,7624000.0,5638193.49,0.018931094381,DBT,CORP,2040-11-16,2.96,Fixed
031162CZ1,US031162CZ14,AMGEN INC,Amgen Inc,9889000.0,8553510.33,0.028719715213,DBT,CORP,2032-01-15,2.0,Fixed
29273VBL3,US29273VBL36,ENERGY TRANSFER LP,Energy Transfer LP,8588000.0,8667052.54,0.029100950497,DBT,CORP,2056-01-15,6.3,Fixed
03740LAE2,US03740LAE20,AON CORP/AON GLOBAL HOLD,Aon Corp / Aon Global Holdings PLC,8602000.0,6360569.98,0.021356583598,DBT,CORP,2052-02-28,3.9,Fixed
902494BH5,US902494BH59,TYSON FOODS INC,Tyson Foods Inc,11190000.0,10274345.8,0.034497682705,DBT,CORP,2048-09-28,5.1,Fixed
75513EAD3,US75513EAD31,RTX CORP,RTX Corp,6034000.0,5526972.63,0.018557653384,DBT,CORP,2030-07-01,2.25,Fixed
682680CA9,US682680CA99,ONEOK INC,ONEOK Inc,5319000.0,3850068.79,0.012927193039,DBT,CORP,2050-03-01,3.95,Fixed
161175BY9,US161175BY99,CHARTER COMM OPT LLC/CAP,Charter Communications Operating LLC / Charter Communications Operating Capital,15317000.0,8879882.18,0.029815558466,DBT,CORP,2061-04-01,3.85,Fixed
883556DJ8,US883556DJ86,THERMO FISHER SCIENTIFIC,Thermo Fisher Scientific Inc,11759000.0,11620912.89,0.039018987041,DBT,CORP,2036-02-12,4.9,Fixed
14913V2D9,US14913V2D99,CATERPILLAR FINL SERVICE,Caterpillar Financial Services Corp,5499000.0,5488125.73,0.018427218994,DBT,CORP,2031-05-15,4.5,Fixed
337738BC1,US337738BC18,FISERV INC,Fiserv Inc,9004000.0,8247691.01,0.027692880214,DBT,CORP,2030-06-01,2.65,Fixed
20030NDA6,US20030NDA63,COMCAST CORP,Comcast Corp,12453000.0,11650389.21,0.03911795828,DBT,CORP,2030-02-01,2.65,Fixed
03076CAM8,US03076CAM82,AMERIPRISE FINANCIAL INC,Ameriprise Financial Inc,6068000.0,6175012.82,0.020733547139,DBT,CORP,2033-05-15,5.15,Fixed
87264ADF9,US87264ADF93,T-MOBILE USA INC,T-Mobile USA Inc,10285000.0,10363460.15,0.034796897724,DBT,CORP,2034-04-15,5.15,Fixed
404119CK3,US404119CK30,HCA INC,HCA Inc,14201000.0,13212530.87,0.044363087106,DBT,CORP,2032-03-15,3.63,Fixed
00287YCA5,US00287YCA55,ABBVIE INC,AbbVie Inc,30854000.0,27163324.74,0.09120500481,DBT,CORP,2039-11-21,4.05,Fixed
05946KAX9,US05946KAX90,BANCO BILBAO VIZCAYA ARG,Banco Bilbao Vizcaya Argentaria SA,6878000.0,6873342.91,0.023078296901,DBT,CORP,2031-05-08,4.97,Fixed
808513BS3,US808513BS37,CHARLES SCHWAB CORP,Charles Schwab Corp/The,7064000.0,6333457.37,0.021265548876,DBT,CORP,2031-05-13,2.3,Fixed
674599EK7,US674599EK76,OCCIDENTAL PETROLEUM COR,Occidental Petroleum Corp,7480000.0,7686136.08,0.025807373907,DBT,CORP,2032-01-01,5.38,Fixed
12572QAF2,US12572QAF28,CME GROUP INC,CME Group Inc,6333000.0,6290762.69,0.021122194977,DBT,CORP,2043-09-15,5.3,Fixed
723787AR8,US723787AR88,PIONEER NATURAL RESOURCE,Pioneer Natural Resources Co,4545000.0,4091965.76,0.013739399001,DBT,CORP,2031-01-15,2.15,Fixed
970648AM3,US970648AM30,WILLIS NORTH AMERICA INC,Willis North America Inc,7090000.0,7183697.19,0.02412035872,DBT,CORP,2033-05-15,5.35,Fixed
45866FAY0,US45866FAY07,INTERCONTINENTALEXCHANGE,Intercontinental Exchange Inc,8484000.0,7735259.0,0.025972311602,DBT,CORP,2062-06-15,5.2,Fixed
89114TZJ4,US89114TZJ41,TORONTO-DOMINION BANK,Toronto-Dominion Bank/The,8329000.0,7371729.71,0.024751706578,DBT,CORP,2031-09-10,2.0,Fixed
406216BE0,US406216BE02,HALLIBURTON CO,Halliburton Co,6040000.0,5373173.73,0.018041250126,DBT,CORP,2043-08-01,4.75,Fixed
42250PAE3,US42250PAE34,HEALTHPEAK OP LLC,Healthpeak OP LLC,4574000.0,4622683.37,0.015521364303,DBT,,2032-12-15,5.25,Fixed
58933YBZ7,US58933YBZ79,MERCK & CO INC,Merck & Co Inc,11772000.0,11541732.62,0.038753127211,DBT,CORP,2035-12-04,4.75,Fixed
316773DM9,US316773DM97,FIFTH THIRD BANCORP,Fifth Third Bancorp,7133000.0,7154909.01,0.024023698016,DBT,CORP,2030-09-06,4.9,Fixed
42809HAD9,US42809HAD98,HESS CORP,Hess Corp,9517000.0,9702837.51,0.032578756475,DBT,CORP,2041-02-15,5.6,Fixed
031162DQ0,US031162DQ06,AMGEN INC,Amgen Inc,14343000.0,14658148.7,0.049216969405,DBT,CORP,2030-03-02,5.25,Fixed
53944YBD4,US53944YBD40,LLOYDS BANKING GROUP PLC,Lloyds Banking Group PLC,8417000.0,8278198.62,0.027795314166,DBT,CORP,2031-11-04,4.43,Fixed
45866FAX2,US45866FAX24,INTERCONTINENTALEXCHANGE,Intercontinental Exchange Inc,9103000.0,8258204.28,0.027728180121,DBT,CORP,2052-06-15,4.95,Fixed
742718GP8,US742718GP88,PROCTER & GAMBLE CO/THE,Procter & Gamble Co/The,4987000.0,4894460.73,0.016433898232,DBT,CORP,2032-11-03,4.1,Fixed
50247VAC3,US50247VAC37,LYB INTL FINANCE BV,LYB International Finance BV,8263000.0,6999955.0,0.023503416299,DBT,CORP,2044-03-15,4.88,Fixed
46647PEQ5,US46647PEQ54,JPMORGAN CHASE & CO,JPMorgan Chase & Co,14952000.0,14931249.61,0.050133947354,DBT,CORP,2030-10-22,4.6,Fixed
06738EDK8,US06738EDK82,BARCLAYS PLC,Barclays PLC,11345000.0,11037808.03,0.037061123559,DBT,CORP,2037-02-24,5.21,Fixed
210385AE0,US210385AE04,CONSTELLATION EN GEN LLC,Constellation Energy Generation LLC,8302000.0,8900199.78,0.029883777907,DBT,CORP,2053-10-01,6.5,Fixed
704326AB3,US704326AB35,PAYCHEX INC,Paychex Inc,12749000.0,12913909.59,0.043360420624,DBT,CORP,2032-04-15,5.35,Fixed
743820AB8,US743820AB83,PROV ST JOSEPH HLTH OBL,Providence St Joseph Health Obligated Group,2272000.0,1330084.24,0.004465960653,DBT,CORP,2051-10-01,2.7,Fixed
04316JAL3,US04316JAL35,ARTHUR J GALLAGHER & CO,Arthur J Gallagher & Co,5211000.0,5253655.16,0.017639948302,DBT,CORP,2029-12-15,4.85,Fixed
852060AT9,US852060AT99,SPRINT CAPITAL CORP,Sprint Capital Corp,14509000.0,17188703.48,0.057713692951,DBT,CORP,2032-03-15,8.75,Fixed
054989AD0,US054989AD07,BAT CAPITAL CORP,BAT Capital Corp,8875000.0,9981385.9,0.033514025169,DBT,CORP,2053-08-02,7.08,Fixed
20030NEQ0,US20030NEQ07,COMCAST CORP,Comcast Corp,7714000.0,7610839.91,0.025554555535,DBT,CORP,2055-05-15,6.05,Fixed
26441CCK9,US26441CCK99,DUKE ENERGY CORP,Duke Energy Corp,8006000.0,7673453.98,0.025764791823,DBT,CORP,2055-09-15,5.7,Fixed
126650EJ5,US126650EJ50,CVS HEALTH CORP,CVS Health Corp,6615000.0,6648216.56,0.022322400852,DBT,CORP,2032-09-15,5.0,Fixed
87612GAD3,US87612GAD34,TARGA RESOURCES CORP,Targa Resources Corp,6806000.0,7175783.59,0.024093787601,DBT,CORP,2053-02-15,6.5,Fixed
606822CB8,US606822CB88,MITSUBISHI UFJ FIN GRP,Mitsubishi UFJ Financial Group Inc,5800000.0,5141788.74,0.017264339739,DBT,CORP,2032-10-13,2.49,Fixed
345397J38,US345397J382,FORD MOTOR CREDIT CO LLC,Ford Motor Credit Co LLC,6974000.0,6954951.22,0.023352309245,DBT,CORP,2033-04-06,5.75,Fixed
690742AP6,US690742AP69,OWENS CORNING,Owens Corning,5245000.0,5428785.85,0.018227976298,DBT,CORP,2034-06-15,5.7,Fixed
11135FCR0,US11135FCR01,BROADCOM INC,Broadcom Inc,17028000.0,14838389.91,0.049822156752,DBT,CORP,2033-02-15,2.6,Fixed
38141GFD1,US38141GFD16,GOLDMAN SACHS GROUP INC,Goldman Sachs Group Inc/The,40370000.0,44099824.67,0.148071885884,DBT,CORP,2037-10-01,6.75,Fixed
829932AF9,US829932AF99,SIXTH STREET LENDING PAR,Sixth Street Lending Partners,5987000.0,6020230.84,0.020213843039,DBT,CORP,2030-07-15,6.13,Fixed
713448DD7,US713448DD75,PEPSICO INC,PepsiCo Inc,5972000.0,5192979.47,0.017436220421,DBT,CORP,2046-04-14,4.45,Fixed
46982LAA6,US46982LAA61,JACOBS SOLUTIONS INC,Jacobs Solutions Inc,5315000.0,5253913.11,0.017640814408,DBT,CORP,2031-03-03,4.75,Fixed
95000U2Q5,US95000U2Q52,WELLS FARGO & COMPANY,Wells Fargo & Co,26933000.0,20466809.55,0.068720433942,DBT,CORP,2041-04-30,3.07,Fixed
713448GJ1,US713448GJ19,PEPSICO INC,PepsiCo Inc,6786000.0,6828036.56,0.022926173922,DBT,CORP,2032-07-23,4.65,Fixed
05964HAM7,US05964HAM79,BANCO SANTANDER SA,Banco Santander SA,6577000.0,6035362.35,0.020264649391,DBT,CORP,2031-03-25,2.96,Fixed
863667BE0,US863667BE08,STRYKER CORP,Stryker Corp,8106000.0,8047828.1,0.027021810017,DBT,CORP,2029-09-11,4.25,Fixed
89417EAR0,US89417EAR09,TRAVELERS COS INC,Travelers Cos Inc/The,7995000.0,5250014.29,0.017627723526,DBT,CORP,2051-06-08,3.05,Fixed
50249AAR4,US50249AAR41,LYB INT FINANCE III,LYB International Finance III LLC,9058000.0,9170243.11,0.030790489564,DBT,CORP,2036-01-15,5.88,Fixed
20030NES6,US20030NES62,COMCAST CORP,Comcast Corp,6068000.0,5917654.98,0.019869428948,DBT,CORP,2037-01-15,5.17,Fixed
02209SBE2,US02209SBE28,ALTRIA GROUP INC,Altria Group Inc,14562000.0,14755409.57,0.049543537607,DBT,CORP,2039-02-14,5.8,Fixed
98138HAJ0,US98138HAJ05,WORKDAY INC,Workday Inc,8914000.0,8324851.46,0.02795195819,DBT,CORP,2032-04-01,3.8,Fixed
06418GBF3,US06418GBF37,BANK OF NOVA SCOTIA,Bank of Nova Scotia/The,6250000.0,6264500.0,0.021034013991,DBT,CORP,2032-06-05,4.9,Fixed
929160AZ2,US929160AZ21,VULCAN MATERIALS CO,Vulcan Materials Co,10013000.0,9592210.68,0.032207310024,DBT,CORP,2030-06-01,3.5,Fixed
758750AN3,US758750AN32,REGAL REXNORD CORP,Regal Rexnord Corp,9181000.0,9577531.98,0.032158024051,DBT,CORP,2030-02-15,6.3,Fixed
571903BF9,US571903BF91,MARRIOTT INTERNATIONAL,Marriott International Inc/MD,9207000.0,8496066.76,0.028526839668,DBT,CORP,2032-10-15,3.5,Fixed
03938LBF0,US03938LBF04,ARCELORMITTAL SA,ArcelorMittal SA,6639000.0,7319807.54,0.024577369975,DBT,CORP,2032-11-29,6.8,Fixed
26441CCE3,US26441CCE30,DUKE ENERGY CORP,Duke Energy Corp,5986000.0,6126142.44,0.020569457386,DBT,CORP,2034-06-15,5.45,Fixed
11135FCB5,US11135FCB58,BROADCOM INC,Broadcom Inc,13046000.0,12960026.86,0.04351526639,DBT,CORP,2030-02-15,4.35,Fixed
89788MAV4,US89788MAV46,TRUIST FINANCIAL CORP,Truist Financial Corp,9892000.0,9587583.59,0.032191773864,DBT,CORP,2036-10-23,4.96,Fixed
83444MAQ4,US83444MAQ42,SOLVENTUM CORP,Solventum Corp,7313000.0,7507504.59,0.025207591441,DBT,CORP,2031-03-13,5.45,Fixed
36266GAA5,US36266GAA58,GE HEALTHCARE TECH INC,GE HealthCare Technologies Inc,6060000.0,6095718.85,0.020467305543,DBT,CORP,2029-08-14,4.8,Fixed
459200HF1,US459200HF10,IBM CORP,International Business Machines Corp,7990000.0,6561454.32,0.022031083401,DBT,CORP,2042-06-20,4.0,Fixed
26441CBU8,US26441CBU80,DUKE ENERGY CORP,Duke Energy Corp,8663000.0,7517269.74,0.025240379421,DBT,CORP,2052-08-15,5.0,Fixed
87264AAX3,US87264AAX37,T-MOBILE USA INC,T-Mobile USA Inc,13571000.0,12040085.35,0.040426422493,DBT,CORP,2040-04-15,4.38,Fixed
609207BB0,US609207BB05,MONDELEZ INTERNATIONAL,Mondelez International Inc,6939000.0,6303034.4,0.021163399115,DBT,CORP,2032-03-17,3.0,Fixed
115236AM3,US115236AM30,BROWN & BROWN INC,Brown & Brown Inc,7216000.0,7230263.15,0.024276711031,DBT,CORP,2035-06-23,5.55,Fixed
26875PAU5,US26875PAU57,EOG RESOURCES INC,EOG Resources Inc,6057000.0,6027320.7,0.020237648325,DBT,CORP,2030-04-15,4.38,Fixed
666807CL4,US666807CL48,NORTHROP GRUMMAN CORP,Northrop Grumman Corp,7834000.0,7818817.71,0.026252872712,DBT,CORP,2034-06-01,4.9,Fixed
693475BU8,US693475BU84,PNC FINANCIAL SERVICES,PNC Financial Services Group Inc/The,16333000.0,18076983.84,0.060696229709,DBT,CORP,2034-10-20,6.88,Fixed
29273VAW0,US29273VAW00,ENERGY TRANSFER LP,Energy Transfer LP,12997000.0,12542576.79,0.042113614125,DBT,CORP,2054-05-15,5.95,Fixed
172967EW7,US172967EW71,CITIGROUP INC,Citigroup Inc,13912000.0,17365158.73,0.058306168359,DBT,CORP,2039-07-15,8.13,Fixed
24703DBQ3,US24703DBQ34,DELL INT LLC / EMC CORP,Dell International LLC / EMC Corp,8071000.0,7932706.64,0.026635272161,DBT,CORP,2035-02-01,4.85,Fixed
38141GYN8,US38141GYN86,GOLDMAN SACHS GROUP INC,Goldman Sachs Group Inc/The,22616000.0,20114749.56,0.067538338842,DBT,CORP,2032-10-21,2.65,Fixed
084659AF8,US084659AF84,BERKSHIRE HATHAWAY ENERG,Berkshire Hathaway Energy Co,4160000.0,3575418.5,0.01200501281,DBT,CORP,2045-02-01,4.5,Fixed
00206RMY5,US00206RMY52,AT&T INC,AT&T Inc,8480000.0,8575061.65,0.028792077056,DBT,CORP,2035-08-15,5.38,Fixed
58013MFQ2,US58013MFQ24,MCDONALD'S CORP,McDonald's Corp,6257000.0,6070133.44,0.020381398628,DBT,CORP,2030-07-01,3.6,Fixed
12189LAA9,US12189LAA98,BURLINGTN NORTH SANTA FE,Burlington Northern Santa Fe LLC,7618000.0,7954624.95,0.026708866229,DBT,CORP,2040-05-01,5.75,Fixed
22822VAX9,US22822VAX91,CROWN CASTLE INC,Crown Castle Inc,9233000.0,6744810.83,0.022646730843,DBT,,2041-04-01,2.9,Fixed
682680CD3,US682680CD39,ONEOK INC,ONEOK Inc,8976000.0,8918550.91,0.029945394624,DBT,CORP,2031-10-15,4.75,Fixed
863667AY7,US863667AY70,STRYKER CORP,Stryker Corp,8081000.0,7315424.65,0.024562653753,DBT,CORP,2030-06-15,1.95,Fixed
83272GAD3,US83272GAD34,SMURFIT KAPPA TREASURY,Smurfit Kappa Treasury ULC,4239000.0,4314596.63,0.014486916095,DBT,CORP,2030-01-15,5.2,Fixed
58013MFA7,US58013MFA71,MCDONALD'S CORP,McDonald's Corp,11107000.0,10004675.79,0.033592224526,DBT,CORP,2045-12-09,4.88,Fixed
79466LAU8,US79466LAU89,SALESFORCE INC,Salesforce Inc,31571000.0,31762190.82,0.106646398931,DBT,CORP,2036-03-15,5.55,Fixed
62954HAY4,US62954HAY45,NXP BV/NXP FDG/NXP USA,NXP BV / NXP Funding LLC / NXP USA Inc,6104000.0,5832627.15,0.019583935043,DBT,CORP,2030-05-01,3.4,Fixed
824348AX4,US824348AX47,SHERWIN-WILLIAMS CO,Sherwin-Williams Co/The,9590000.0,8057715.55,0.027055008638,DBT,CORP,2047-06-01,4.5,Fixed
10373QBZ2,US10373QBZ28,BP CAP MARKETS AMERICA,BP Capital Markets America Inc,5113000.0,5192699.4,0.017435280043,DBT,CORP,2029-10-17,4.97,Fixed
458140BL3,US458140BL39,INTEL CORP,Intel Corp,5413000.0,4880600.05,0.016387358885,DBT,CORP,2040-03-25,4.6,Fixed
20030NEF4,US20030NEF42,COMCAST CORP,Comcast Corp,11147000.0,9887054.59,0.033197293411,DBT,CORP,2053-05-15,5.35,Fixed
760759AZ3,US760759AZ35,REPUBLIC SERVICES INC,Republic Services Inc,7306000.0,6263954.72,0.02103218313,DBT,CORP,2032-02-15,1.75,Fixed
871607AD9,US871607AD97,SYNOPSYS INC,Synopsys Inc,10386000.0,10445295.75,0.03507167323,DBT,CORP,2032-04-01,5.0,Fixed
031162DJ6,US031162DJ62,AMGEN INC,Amgen Inc,7214000.0,6953047.26,0.023345916409,DBT,CORP,2033-03-01,4.2,Fixed
30161NAY7,US30161NAY76,EXELON CORP,Exelon Corp,7018000.0,5923314.82,0.019888432723,DBT,CORP,2050-04-15,4.7,Fixed
758750AP8,US758750AP89,REGAL REXNORD CORP,Regal Rexnord Corp,9366000.0,9928995.88,0.033338117688,DBT,CORP,2033-04-15,6.4,Fixed
136385AL5,US136385AL51,CANADIAN NATL RESOURCES,Canadian Natural Resources Ltd,8314000.0,8825792.38,0.029633943715,DBT,CORP,2038-03-15,6.25,Fixed
00287YAR0,US00287YAR09,ABBVIE INC,AbbVie Inc,22878000.0,22096464.64,0.074192249404,DBT,CORP,2035-05-14,4.5,Fixed
172967NF4,US172967NF48,CITIGROUP INC,Citigroup Inc,9611000.0,6977709.02,0.023428722029,DBT,CORP,2042-11-03,2.9,Fixed
037833DG2,US037833DG20,APPLE INC,Apple Inc,7594000.0,5912584.36,0.019852403568,DBT,CORP,2047-11-13,3.75,Fixed
458140BH2,US458140BH27,INTEL CORP,Intel Corp,12538000.0,11675117.29,0.039200986579,DBT,CORP,2029-11-15,2.45,Fixed
74432QCK9,US74432QCK94,PRUDENTIAL FINANCIAL INC,Prudential Financial Inc,7267000.0,7310783.68,0.024547070989,DBT,CORP,2035-03-14,5.2,Fixed
69352PAT0,US69352PAT03,PPL CAPITAL FUNDING INC,PPL Capital Funding Inc,5508000.0,5542732.9,0.018610570894,DBT,CORP,2034-09-01,5.25,Fixed
166756BJ4,US166756BJ45,CHEVRON USA INC,Chevron USA Inc,8476000.0,8466401.78,0.028427234974,DBT,CORP,2030-10-15,4.3,Fixed
882926AA6,US882926AA67,TEXAS INSTRUMENTS INC,Texas Instruments Inc,10891000.0,9788098.92,0.03286503466,DBT,CORP,2063-05-18,5.05,Fixed
91324PDU3,US91324PDU30,UNITEDHEALTH GROUP INC,UnitedHealth Group Inc,9529000.0,7001703.37,0.023509286718,DBT,CORP,2049-08-15,3.7,Fixed
161175BU7,US161175BU77,CHARTER COMM OPT LLC/CAP,Charter Communications Operating LLC / Charter Communications Operating Capital,11169000.0,9973350.73,0.03348704586,DBT,CORP,2031-04-01,2.8,Fixed
031162DA5,US031162DA53,AMGEN INC,Amgen Inc,5620000.0,4073574.39,0.013677647172,DBT,CORP,2041-08-15,2.8,Fixed
91324PEX6,US91324PEX69,UNITEDHEALTH GROUP INC,UnitedHealth Group Inc,12798000.0,11375068.45,0.038193526846,DBT,CORP,2063-04-15,5.2,Fixed
031162CF5,US031162CF59,AMGEN INC,Amgen Inc,27443000.0,23256526.44,0.07808733379,DBT,CORP,2051-06-15,4.66,Fixed
20030NCE9,US20030NCE94,COMCAST CORP,Comcast Corp,13830000.0,10110566.72,0.03394776947,DBT,CORP,2049-11-01,4.0,Fixed
023135CW4,US023135CW42,AMAZON.COM INC,Amazon.com Inc,26736000.0,25504360.71,0.085634780112,DBT,CORP,2055-11-20,5.45,Fixed
17275RBZ4,US17275RBZ47,CISCO SYSTEMS INC,Cisco Systems Inc,6115000.0,6199992.39,0.020817419854,DBT,CORP,2035-02-24,5.1,Fixed
09261HBN6,US09261HBN61,BLACKSTONE PRIVATE CRE,Blackstone Private Credit Fund,7146000.0,7155359.12,0.024025209329,DBT,CORP,2029-07-16,5.95,Fixed
91159HJL5,US91159HJL50,US BANCORP,US Bancorp,13121000.0,12964058.41,0.043528802934,DBT,CORP,2034-02-01,4.84,Fixed
05971KAS8,US05971KAS87,BANCO SANTANDER SA,Banco Santander SA,10141000.0,9941939.27,0.033381577094,DBT,CORP,2035-11-06,5.13,Fixed
91324PEW8,US91324PEW86,UNITEDHEALTH GROUP INC,UnitedHealth Group Inc,12837000.0,11486964.8,0.038569235904,DBT,CORP,2053-04-15,5.05,Fixed
00206RNK4,US00206RNK40,AT&T INC,AT&T Inc,12684000.0,12432658.93,0.041744548149,DBT,CORP,2056-04-30,6.0,Fixed
11133TAE3,US11133TAE38,BROADRIDGE FINANCIAL SOL,Broadridge Financial Solutions Inc,1000000.0,893471.8,0.002999967809,DBT,CORP,2031-05-01,2.6,Fixed
06738EAV7,US06738EAV74,BARCLAYS PLC,Barclays PLC,11112000.0,9909483.81,0.033272602938,DBT,CORP,2047-01-10,4.95,Fixed
055451BM9,US055451BM92,BHP BILLITON FIN USA LTD,BHP Billiton Finance USA Ltd,7602000.0,7723727.03,0.025933591254,DBT,CORP,2055-09-05,5.75,Fixed
68389XAH8,US68389XAH89,ORACLE CORP,Oracle Corp,10219000.0,10049416.72,0.033742449021,DBT,CORP,2039-07-08,6.13,Fixed
233331BL0,US233331BL01,DTE ENERGY CO,DTE Energy Co,5074000.0,5320186.93,0.017863338865,DBT,CORP,2034-06-01,5.85,Fixed
682680CG6,US682680CG69,ONEOK INC,ONEOK Inc,7380000.0,6928688.65,0.023264128662,DBT,CORP,2064-11-01,5.85,Fixed
097023CR4,US097023CR48,BOEING CO,Boeing Co/The,6672000.0,4766395.4,0.016003899358,DBT,CORP,2059-08-01,3.95,Fixed
87612GAB7,US87612GAB77,TARGA RESOURCES CORP,Targa Resources Corp,6123000.0,5258767.33,0.017657113192,DBT,CORP,2052-04-15,4.95,Fixed
717081ED1,US717081ED10,PFIZER INC,Pfizer Inc,6538000.0,5367297.22,0.018021518847,DBT,CORP,2046-12-15,4.13,Fixed
12636YAH5,US12636YAH53,CRH AMERICA FINANCE INC,CRH America Finance Inc,8724000.0,8608099.04,0.028903005131,DBT,CORP,2031-02-09,4.4,Fixed
04352EAA3,US04352EAA38,ASCENSION HEALTH,Ascension Health,6508000.0,6103070.29,0.020491989124,DBT,CORP,2029-11-15,2.53,Fixed
03027XBA7,US03027XBA72,AMERICAN TOWER CORP,American Tower Corp,6261000.0,5890941.72,0.019779735104,DBT,,2030-01-15,2.9,Fixed
25179MAU7,US25179MAU71,DEVON ENERGY CORPORATION,Devon Energy Corp,5727000.0,5149743.6,0.017291049394,DBT,CORP,2045-06-15,5.0,Fixed
277432AP5,US277432AP52,EASTMAN CHEMICAL CO,Eastman Chemical Co,6449000.0,5515822.61,0.018520215492,DBT,CORP,2044-10-15,4.65,Fixed
126650CD0,US126650CD09,CVS HEALTH CORP,CVS Health Corp,10934000.0,10143074.9,0.034056920642,DBT,CORP,2043-12-05,5.3,Fixed
02079KAX5,US02079KAX54,ALPHABET INC,Alphabet Inc,8955000.0,8836681.17,0.029670504488,DBT,CORP,2032-11-15,4.38,Fixed
002824BT6,US002824BT63,ABBOTT LABORATORIES,Abbott Laboratories,21117000.0,20553946.87,0.069013010781,DBT,CORP,2033-03-15,4.3,Fixed
761713BB1,US761713BB19,REYNOLDS AMERICAN INC,Reynolds American Inc,14739000.0,14484192.17,0.04863288383,DBT,CORP,2045-08-15,5.85,Fixed
30231GBE1,US30231GBE17,EXXON MOBIL CORPORATION,Exxon Mobil Corp,10123000.0,9593026.53,0.032210049365,DBT,CORP,2029-08-16,2.44,Fixed
110122EG9,US110122EG99,BRISTOL-MYERS SQUIBB CO,Bristol-Myers Squibb Co,7013000.0,7175840.46,0.024093978551,DBT,CORP,2031-02-22,5.1,Fixed
47233WLL1,US47233WLL18,JEFFERIES FIN GROUP INC,Jefferies Financial Group Inc,10611000.0,10320429.44,0.034652415553,DBT,CORP,2036-02-15,5.5,Fixed
74432QCA1,US74432QCA13,PRUDENTIAL FINANCIAL INC,Prudential Financial Inc,6933000.0,6038902.29,0.020276535279,DBT,CORP,2044-05-15,4.6,Fixed
50077LAB2,US50077LAB27,KRAFT HEINZ FOODS CO,Kraft Heinz Foods Co,4861000.0,3898752.9,0.013090657362,DBT,CORP,2046-06-01,4.38,Fixed
127387AN8,US127387AN80,CADENCE DESIGN SYS INC,Cadence Design Systems Inc,3468000.0,3443695.56,0.011562732954,DBT,CORP,2029-09-10,4.3,Fixed
78409VBQ6,US78409VBQ68,S&P GLOBAL INC,S&P Global Inc,5446000.0,5596428.32,0.018790861454,DBT,CORP,2033-09-15,5.25,Fixed
37045VAK6,US37045VAK61,GENERAL MOTORS CO,General Motors Co,8326000.0,8952904.5,0.030060742041,DBT,CORP,2036-04-01,6.6,Fixed
22160KAP0,US22160KAP03,COSTCO WHOLESALE CORP,Costco Wholesale Corp,11111000.0,10067077.11,0.033801746473,DBT,CORP,2030-04-20,1.6,Fixed
023135CA2,US023135CA22,AMAZON.COM INC,Amazon.com Inc,14373000.0,10691998.52,0.035900015398,DBT,CORP,2041-05-12,2.88,Fixed
48305QAD5,US48305QAD51,KAISER FOUNDATION HOSPIT,Kaiser Foundation Hospitals,8618000.0,7045526.97,0.023656431137,DBT,CORP,2047-05-01,4.15,Fixed
210385AQ3,US210385AQ34,CONSTELLATION EN GEN LLC,Constellation Energy Generation LLC,7852000.0,7743424.9,0.025999729856,DBT,CORP,2031-01-15,4.4,Fixed
38141GC36,US38141GC365,GOLDMAN SACHS GROUP INC,Goldman Sachs Group Inc/The,18899000.0,19150507.89,0.064300750403,DBT,CORP,2031-01-28,5.21,Fixed
573284AW6,US573284AW62,MARTIN MARIETTA MATERIAL,Martin Marietta Materials Inc,6545000.0,5863139.94,0.019686386388,DBT,CORP,2031-07-15,2.4,Fixed
036752BB8,US036752BB83,ELEVANCE HEALTH INC,Elevance Health Inc,5483000.0,5509028.9,0.018497404575,DBT,CORP,2030-02-15,4.75,Fixed
126408HF3,US126408HF31,CSX CORP,CSX Corp,5380000.0,4176068.44,0.014021786574,DBT,CORP,2046-11-01,3.8,Fixed
036752AX1,US036752AX13,ELEVANCE HEALTH INC,Elevance Health Inc,8025000.0,8193023.44,0.027509325511,DBT,CORP,2052-10-15,6.1,Fixed
29379VBJ1,US29379VBJ17,ENTERPRISE PRODUCTS OPER,Enterprise Products Operating LLC,7239000.0,6545226.55,0.021976596189,DBT,CORP,2046-05-15,4.9,Fixed
002824BU3,US002824BU37,ABBOTT LABORATORIES,Abbott Laboratories,28867000.0,28045650.14,0.094167546881,DBT,CORP,2036-03-15,4.65,Fixed
037833EP1,US037833EP10,APPLE INC,Apple Inc,10796000.0,10264169.61,0.034463514595,DBT,CORP,2032-08-08,3.35,Fixed
456837BS1,US456837BS18,ING GROEP NV,ING Groep NV,7102000.0,7213360.78,0.024219958747,DBT,CORP,2036-03-25,5.53,Fixed
548661EL7,US548661EL74,LOWE'S COS INC,Lowe's Cos Inc,9778000.0,9845826.07,0.033058862369,DBT,CORP,2033-04-15,5.0,Fixed
09062XAG8,US09062XAG88,BIOGEN INC,Biogen Inc,12385000.0,8015222.74,0.026912332549,DBT,CORP,2050-05-01,3.15,Fixed
219350BQ7,US219350BQ76,CORNING INC,Corning Inc,7094000.0,6568543.87,0.022054887646,DBT,CORP,2079-11-15,5.45,Fixed
161175CJ1,US161175CJ14,CHARTER COMM OPT LLC/CAP,Charter Communications Operating LLC / Charter Communications Operating Capital,9160000.0,8459779.37,0.028404999222,DBT,CORP,2033-04-01,4.4,Fixed
00287YDW6,US00287YDW66,ABBVIE INC,AbbVie Inc,22458000.0,21610392.41,0.072560187774,DBT,CORP,2054-03-15,5.4,Fixed
58933YCA1,US58933YCA10,MERCK & CO INC,Merck & Co Inc,6805000.0,6701721.88,0.022502053123,DBT,CORP,2046-03-15,5.5,Fixed
126650CN8,US126650CN80,CVS HEALTH CORP,CVS Health Corp,23985000.0,21537829.64,0.072316547209,DBT,CORP,2045-07-20,5.13,Fixed
110122DU9,US110122DU92,BRISTOL-MYERS SQUIBB CO,Bristol-Myers Squibb Co,13047000.0,11946755.62,0.040113053693,DBT,CORP,2032-03-15,2.95,Fixed
126650EF3,US126650EF39,CVS HEALTH CORP,CVS Health Corp,10232000.0,10153978.95,0.034093532652,DBT,CORP,2054-06-01,6.05,Fixed
65339KBR0,US65339KBR05,NEXTERA ENERGY CAPITAL,NextEra Energy Capital Holdings Inc,12295000.0,11219239.14,0.037670306176,DBT,CORP,2030-06-01,2.25,Fixed
512807AW8,US512807AW84,LAM RESEARCH CORP,Lam Research Corp,5132000.0,3292803.08,0.011056088443,DBT,CORP,2050-06-15,2.88,Fixed
03040WBF1,US03040WBF14,AMERICAN WATER CAPITAL C,American Water Capital Corp,6926000.0,7034348.96,0.023618899264,DBT,CORP,2035-03-01,5.25,Fixed
00130HCG8,US00130HCG83,AES CORP/THE,AES Corp/The,4483000.0,4012406.04,0.01347226511,DBT,CORP,2031-01-15,2.45,Fixed
501044DX6,US501044DX60,KROGER CO,Kroger Co/The,9684000.0,9105624.07,0.030573521284,DBT,CORP,2064-09-15,5.65,Fixed
61747YFG5,US61747YFG52,MORGAN STANLEY,Morgan Stanley,17415000.0,17757676.7,0.059624107296,DBT,CORP,2034-07-21,5.42,Fixed
209111FY4,US209111FY40,CON EDISON CO OF NY INC,Consolidated Edison Co of New York Inc,5992000.0,4669242.63,0.015677694119,DBT,CORP,2050-04-01,3.95,Fixed
24422EXN4,US24422EXN48,JOHN DEERE CAPITAL CORP,John Deere Capital Corp,6875000.0,6981056.5,0.023439961704,DBT,CORP,2031-03-07,4.9,Fixed
314352AC9,US314352AC96,FEDEX FREIGHT HOLDING CO,Fedex Freight Holding Co Inc,6843000.0,6734581.56,0.022612384509,DBT,CORP,2031-03-15,4.65,Fixed
459200KA8,US459200KA85,IBM CORP,International Business Machines Corp,10988000.0,10705750.15,0.035946188593,DBT,CORP,2029-05-15,3.5,Fixed
458140CB4,US458140CB48,INTEL CORP,Intel Corp,11625000.0,9840678.75,0.033041579457,DBT,CORP,2052-08-05,4.9,Fixed
36164QNA2,US36164QNA21,GE CAPITAL INTL FUNDING,GE Capital International Funding Co Unlimited Co,8489000.0,8118654.64,0.027259620925,DBT,CORP,2035-11-15,4.42,Fixed
48305QAG8,US48305QAG82,KAISER FOUNDATION HOSPIT,Kaiser Foundation Hospitals,7787000.0,5034212.18,0.016903135035,DBT,CORP,2051-06-01,3.0,Fixed
092914AA8,US092914AA83,BLACKSTONE REG FINANCE,Blackstone Reg Finance Co LLC,6147000.0,6081685.05,0.02042018492,DBT,CORP,2034-12-06,5.0,Fixed
361448BR3,US361448BR38,GATX CORP,GATX Corp,7133000.0,7216478.93,0.024230428411,DBT,CORP,2054-06-05,6.05,Fixed
046353AD0,US046353AD01,ASTRAZENECA PLC,AstraZeneca PLC,20719000.0,23105203.09,0.077579242568,DBT,CORP,2037-09-15,6.45,Fixed
50249AAM5,US50249AAM53,LYB INT FINANCE III,LYB International Finance III LLC,7490000.0,7492744.34,0.025158031651,DBT,CORP,2034-03-01,5.5,Fixed
532457CQ9,US532457CQ99,ELI LILLY & CO,Eli Lilly & Co,5440000.0,5430013.79,0.018232099294,DBT,CORP,2029-08-14,4.2,Fixed
92826CAK8,US92826CAK80,VISA INC,Visa Inc,9295000.0,7049484.16,0.023669718006,DBT,CORP,2040-04-15,2.7,Fixed
620076BN8,US620076BN89,MOTOROLA SOLUTIONS INC,Motorola Solutions Inc,2583000.0,2585661.78,0.0086817537,DBT,CORP,2029-05-23,4.6,Fixed
928563AL9,US928563AL97,VMWARE LLC,VMware LLC,11429000.0,10101602.8,0.033917671742,DBT,CORP,2031-08-15,2.2,Fixed
29250NCR4,US29250NCR44,ENBRIDGE INC,Enbridge Inc,8533000.0,8647969.38,0.029036875877,DBT,CORP,2036-03-27,5.45,Fixed
16411QAW1,US16411QAW15,CHENIERE ENERGY PARTNERS,Cheniere Energy Partners LP,8459000.0,8623100.37,0.028953374384,DBT,CORP,2035-10-30,5.55,Fixed
404280EX3,US404280EX36,HSBC HOLDINGS PLC,HSBC Holdings PLC,14062000.0,14516201.19,0.048740358996,DBT,CORP,2036-05-13,5.79,Fixed
75513ECN9,US75513ECN94,RTX CORP,RTX Corp,6045000.0,5349317.22,0.017961148255,DBT,CORP,2032-03-15,2.38,Fixed
023135BM7,US023135BM78,AMAZON.COM INC,Amazon.com Inc,15927000.0,12491493.54,0.041942094324,DBT,CORP,2057-08-22,4.25,Fixed
260543DH3,US260543DH36,DOW CHEMICAL CO/THE,Dow Chemical Co/The,7008000.0,7349242.65,0.024676202845,DBT,CORP,2053-05-15,6.9,Fixed
38152BAQ4,US38152BAQ41,GOLDMAN SACHS PRIVATE CR,Goldman Sachs Private Credit Corp,2960000.0,2944894.82,0.00988793341,DBT,CORP,2031-06-16,6.15,Fixed
718172DA4,US718172DA46,PHILIP MORRIS INTL INC,Philip Morris International Inc,15088000.0,15379569.56,0.051639249949,DBT,CORP,2030-02-15,5.13,Fixed
693475BS3,US693475BS39,PNC FINANCIAL SERVICES,PNC Financial Services Group Inc/The,6196000.0,6519484.49,0.021890163297,DBT,CORP,2034-08-18,5.94,Fixed
857477BG7,US857477BG73,STATE STREET CORP,State Street Corp,3175000.0,2972164.17,0.00997949441,DBT,CORP,2030-01-24,2.4,Fixed
26441CCA1,US26441CCA18,DUKE ENERGY CORP,Duke Energy Corp,7078000.0,7186265.09,0.024128980836,DBT,CORP,2053-09-15,6.1,Fixed
89788MAX0,US89788MAX02,TRUIST FINANCIAL CORP,Truist Financial Corp,11276000.0,11155538.49,0.03745642153,DBT,CORP,2032-04-23,4.68,Fixed
17275RBV3,US17275RBV33,CISCO SYSTEMS INC,Cisco Systems Inc,6835000.0,6409739.29,0.021521677054,DBT,CORP,2064-02-26,5.35,Fixed
22822VAU5,US22822VAU52,CROWN CASTLE INC,Crown Castle Inc,5629000.0,3703795.88,0.012436059439,DBT,,2051-01-15,3.25,Fixed
958667AG2,US958667AG21,WESTERN MIDSTREAM OPERAT,Western Midstream Operating LP,4744000.0,4747794.25,0.015941443161,DBT,CORP,2034-11-15,5.45,Fixed
682680DD2,US682680DD20,ONEOK INC,ONEOK Inc,8830000.0,8862341.64,0.029756663429,DBT,CORP,2055-10-15,6.25,Fixed
532457CG1,US532457CG18,ELI LILLY & CO,Eli Lilly & Co,10059000.0,9089486.42,0.030519336664,DBT,CORP,2053-02-27,4.88,Fixed
842400FZ1,US842400FZ13,SOUTHERN CAL EDISON,Southern California Edison Co,7076000.0,5955298.87,0.019995824048,DBT,CORP,2043-10-01,4.65,Fixed
036752BK8,US036752BK82,ELEVANCE HEALTH INC,Elevance Health Inc,9571000.0,9388989.25,0.031524963085,DBT,CORP,2036-01-15,5.0,Fixed
341081HB6,US341081HB67,FLORIDA POWER & LIGHT CO,Florida Power & Light Co,6656000.0,6399612.21,0.021487673839,DBT,CORP,2066-02-15,5.6,Fixed
95000U3P6,US95000U3P60,WELLS FARGO & COMPANY,Wells Fargo & Co,15151000.0,15401133.92,0.051711655576,DBT,CORP,2031-01-24,5.24,Fixed
842400JJ3,US842400JJ35,SOUTHERN CAL EDISON,Southern California Edison Co,6981000.0,7062407.54,0.023713110225,DBT,CORP,2030-03-15,5.25,Fixed
404119CR8,US404119CR82,HCA INC,HCA Inc,7950000.0,7661504.84,0.025724670763,DBT,CORP,2053-06-01,5.9,Fixed
37045XED4,US37045XED49,GENERAL MOTORS FINL CO,General Motors Financial Co Inc,8101000.0,8648020.03,0.029037045942,DBT,CORP,2033-01-09,6.4,Fixed
023135DH6,US023135DH65,AMAZON.COM INC,Amazon.com Inc,40540000.0,40529029.88,0.136082397885,DBT,CORP,2056-03-13,5.8,Fixed
037833EZ9,US037833EZ91,APPLE INC,Apple Inc,6596000.0,6612483.4,0.022202421319,DBT,CORP,2030-05-12,4.2,Fixed
30303MAK8,US30303MAK80,META PLATFORMS INC,Meta Platforms Inc,24950000.0,25138799.15,0.084407351432,DBT,CORP,2056-05-15,6.3,Fixed
91324PDV1,US91324PDV13,UNITEDHEALTH GROUP INC,UnitedHealth Group Inc,7569000.0,5393108.54,0.01810818429,DBT,CORP,2059-08-15,3.88,Fixed
66989HBJ6,US66989HBJ68,NOVARTIS CAPITAL CORP,Novartis Capital Corp,15466000.0,15392604.55,0.051683016915,DBT,CORP,2036-03-18,4.9,Fixed
89352HBA6,US89352HBA68,TRANSCANADA PIPELINES,TransCanada PipeLines Ltd,11228000.0,11000759.88,0.036936728746,DBT,CORP,2030-04-15,4.1,Fixed
65535HAX7,US65535HAX70,NOMURA HOLDINGS INC,Nomura Holdings Inc,5853000.0,5246927.7,0.017617359829,DBT,CORP,2031-07-14,2.61,Fixed
06849UAD7,US06849UAD72,BARRICK PD AU FIN PTY LT,Barrick PD Australia Finance Pty Ltd,6780000.0,7081963.57,0.023778772578,DBT,CORP,2039-10-15,5.95,Fixed
02209SBN2,US02209SBN27,ALTRIA GROUP INC,Altria Group Inc,9370000.0,6504381.33,0.021839452135,DBT,CORP,2051-02-04,3.7,Fixed
89236TMF9,US89236TMF92,TOYOTA MOTOR CREDIT CORP,Toyota Motor Credit Corp,4499000.0,4580833.21,0.01538084601,DBT,CORP,2029-05-16,5.05,Fixed
91913YBG4,US91913YBG44,VALERO ENERGY CORP,Valero Energy Corp,7640000.0,7559784.58,0.025383129479,DBT,CORP,2036-03-10,5.15,Fixed
14149YBR8,US14149YBR80,CARDINAL HEALTH INC,Cardinal Health Inc,7691000.0,7783283.54,0.026133561318,DBT,CORP,2029-11-15,5.0,Fixed
718172BL2,US718172BL29,PHILIP MORRIS INTL INC,Philip Morris International Inc,6745000.0,5650000.51,0.018970738251,DBT,CORP,2044-11-10,4.25,Fixed
70450YAH6,US70450YAH62,PAYPAL HOLDINGS INC,PayPal Holdings Inc,5712000.0,5222398.78,0.01753500024,DBT,CORP,2030-06-01,2.3,Fixed
24703DBN0,US24703DBN03,DELL INT LLC / EMC CORP,Dell International LLC / EMC Corp,5817000.0,5946441.63,0.019966084515,DBT,CORP,2034-04-15,5.4,Fixed
26875PAT8,US26875PAT84,EOG RESOURCES INC,EOG Resources Inc,5722000.0,5124616.91,0.017206682701,DBT,CORP,2050-04-15,4.95,Fixed
02665WGF2,US02665WGF23,AMERICAN HONDA FINANCE,American Honda Finance Corp,6381000.0,6425561.71,0.021574803242,DBT,CORP,2032-07-09,5.15,Fixed
38141GA95,US38141GA955,GOLDMAN SACHS GROUP INC,Goldman Sachs Group Inc/The,16985000.0,17675674.64,0.059348772876,DBT,CORP,2035-04-25,5.85,Fixed
45866FAP9,US45866FAP99,INTERCONTINENTALEXCHANGE,Intercontinental Exchange Inc,21647000.0,15818105.82,0.053111702312,DBT,CORP,2040-09-15,2.65,Fixed
695114DE5,US695114DE50,PACIFICORP,PacifiCorp,11878000.0,11343914.04,0.038088921164,DBT,CORP,2055-01-15,5.8,Fixed
023135CK0,US023135CK04,AMAZON.COM INC,Amazon.com Inc,9370000.0,7001059.73,0.023507125599,DBT,CORP,2062-04-13,4.1,Fixed
023135BZ8,US023135BZ81,AMAZON.COM INC,Amazon.com Inc,22672000.0,20291165.67,0.068130682832,DBT,CORP,2031-05-12,2.1,Fixed
369550BR8,US369550BR84,GENERAL DYNAMICS CORP,General Dynamics Corp,6230000.0,6254691.36,0.021001079986,DBT,CORP,2035-08-15,4.95,Fixed
478160DL5,US478160DL55,JOHNSON & JOHNSON,Johnson & Johnson,8188000.0,8405421.7,0.028222485057,DBT,CORP,2035-03-01,5.0,Fixed
235851AW2,US235851AW20,DANAHER CORP,Danaher Corp,7764000.0,4826333.77,0.016205151575,DBT,CORP,2051-12-10,2.8,Fixed
95000U3N1,US95000U3N13,WELLS FARGO & COMPANY,Wells Fargo & Co,14364000.0,14367809.33,0.048242110698,DBT,CORP,2035-12-03,5.21,Fixed
876030AK3,US876030AK37,TAPESTRY INC,Tapestry Inc,200000.0,202078.62,0.00067850978,DBT,CORP,2030-03-11,5.1,Fixed
458140CG3,US458140CG35,INTEL CORP,Intel Corp,16324000.0,16533445.08,0.055513562956,DBT,CORP,2033-02-10,5.2,Fixed
65339KCU2,US65339KCU25,NEXTERA ENERGY CAPITAL,NextEra Energy Capital Holdings Inc,7823000.0,7933103.25,0.026636603839,DBT,CORP,2034-03-15,5.25,Fixed
65473PAH8,US65473PAH82,NISOURCE INC,NiSource Inc,4589000.0,4364768.15,0.014655374624,DBT,CORP,2029-09-01,2.95,Fixed
404121AK1,US404121AK12,HCA INC,HCA Inc,9785000.0,9881533.92,0.03317875692,DBT,CORP,2034-09-15,5.45,Fixed
674599DD4,US674599DD43,OCCIDENTAL PETROLEUM COR,Occidental Petroleum Corp,5402000.0,6019502.62,0.020211397929,DBT,CORP,2031-05-01,7.5,Fixed
38141GF25,US38141GF251,GOLDMAN SACHS GROUP INC,Goldman Sachs Group Inc/The,26136000.0,26055796.46,0.087486309728,DBT,CORP,2034-04-20,5.09,Fixed
694308KK2,US694308KK29,PACIFIC GAS & ELECTRIC,Pacific Gas and Electric Co,8463000.0,8844075.35,0.029695331575,DBT,CORP,2053-04-01,6.7,Fixed
035240AV2,US035240AV25,ANHEUSER-BUSCH INBEV WOR,Anheuser-Busch InBev Worldwide Inc,11584000.0,11191047.55,0.037575648614,DBT,CORP,2030-06-01,3.5,Fixed
68389XDZ5,US68389XDZ50,ORACLE CORP,Oracle Corp,35432000.0,34792870.5,0.116822368089,DBT,CORP,2036-02-04,5.7,Fixed
855244BA6,US855244BA67,STARBUCKS CORP,Starbucks Corp,9515000.0,6646215.13,0.022315680746,DBT,CORP,2050-11-15,3.5,Fixed
969457CN8,US969457CN88,WILLIAMS COMPANIES INC,Williams Cos Inc/The,6433000.0,6294593.36,0.021135057036,DBT,CORP,2054-11-15,5.8,Fixed
871607AE7,US871607AE70,SYNOPSYS INC,Synopsys Inc,16337000.0,16303765.64,0.054742379213,DBT,CORP,2035-04-01,5.15,Fixed
21871XAH2,US21871XAH26,COREBRIDGE FINANCIAL INC,Corebridge Financial Inc,7701000.0,7245054.59,0.024326375547,DBT,CORP,2032-04-05,3.9,Fixed
842587DE4,US842587DE49,SOUTHERN CO,Southern Co/The,6590000.0,6379401.39,0.021419812929,DBT,CORP,2030-04-30,3.7,Fixed
25468PDB9,US25468PDB94,TWDC ENTERPRISES 18 CORP,TWDC Enterprises 18 Corp,6744000.0,5594604.57,0.018784737936,DBT,CORP,2044-06-01,4.13,Fixed
035240AG5,US035240AG57,ANHEUSER-BUSCH INBEV WOR,Anheuser-Busch InBev Worldwide Inc,8766000.0,8270074.07,0.027768034751,DBT,CORP,2042-01-15,4.95,Fixed
68389XBX2,US68389XBX21,ORACLE CORP,Oracle Corp,32315000.0,20150399.57,0.067658039186,DBT,CORP,2050-04-01,3.6,Fixed
883556DE9,US883556DE99,THERMO FISHER SCIENTIFIC,Thermo Fisher Scientific Inc,4677000.0,4603117.43,0.015455668676,DBT,CORP,2035-10-07,4.79,Fixed
478160DJ0,US478160DJ00,JOHNSON & JOHNSON,Johnson & Johnson,9913000.0,10066882.47,0.03380109294,DBT,CORP,2030-03-01,4.7,Fixed
161175BN3,US161175BN35,CHARTER COMM OPT LLC/CAP,Charter Communications Operating LLC / Charter Communications Operating Capital,16877000.0,14185358.15,0.04762950304,DBT,CORP,2048-04-01,5.75,Fixed
58933YAJ4,US58933YAJ47,MERCK & CO INC,Merck & Co Inc,8866000.0,7541753.85,0.025322588554,DBT,CORP,2043-05-18,4.15,Fixed
21871XAM1,US21871XAM11,COREBRIDGE FINANCIAL INC,Corebridge Financial Inc,8678000.0,6984004.07,0.023449858619,DBT,CORP,2052-04-05,4.4,Fixed
95000U3W1,US95000U3W12,WELLS FARGO & COMPANY,Wells Fargo & Co,25250000.0,25607709.18,0.085981788359,DBT,CORP,2031-04-23,5.15,Fixed
10373QBQ2,US10373QBQ29,BP CAP MARKETS AMERICA,BP Capital Markets America Inc,15156000.0,9839260.04,0.033036815922,DBT,CORP,2061-02-08,3.38,Fixed
91324PFD9,US91324PFD96,UNITEDHEALTH GROUP INC,UnitedHealth Group Inc,9258000.0,8655855.98,0.029063356339,DBT,CORP,2064-04-15,5.5,Fixed
191216CT5,US191216CT51,COCA-COLA CO/THE,Coca-Cola Co/The,9130000.0,8868545.1,0.029777492492,DBT,CORP,2030-03-25,3.45,Fixed
30225VAV9,US30225VAV99,EXTRA SPACE STORAGE LP,Extra Space Storage LP,3975000.0,3941420.0,0.013233918656,DBT,,2033-01-15,4.95,Fixed
816851BJ7,US816851BJ72,SEMPRA,Sempra,5804000.0,4410270.39,0.014808155333,DBT,CORP,2048-02-01,4.0,Fixed
36828AAB7,US36828AAB70,GE VERNOVA INC,GE Vernova Inc,9462000.0,9327112.57,0.031317202697,DBT,CORP,2036-02-04,4.88,Fixed
50249AAA1,US50249AAA16,LYB INT FINANCE III,LYB International Finance III LLC,9002000.0,6597446.97,0.022151934212,DBT,CORP,2049-10-15,4.2,Fixed
501044DV0,US501044DV05,KROGER CO,Kroger Co/The,16337000.0,16157926.88,0.054252703338,DBT,CORP,2034-09-15,5.0,Fixed
89417EAD1,US89417EAD13,TRAVELERS COS INC,Travelers Cos Inc/The,7526000.0,8211773.64,0.027572282167,DBT,CORP,2037-06-15,6.25,Fixed
17275RBU5,US17275RBU59,CISCO SYSTEMS INC,Cisco Systems Inc,17108000.0,16272046.66,0.054635877901,DBT,CORP,2054-02-26,5.3,Fixed
92343VGP3,US92343VGP31,VERIZON COMMUNICATIONS,Verizon Communications Inc,8837000.0,6552886.47,0.022002315538,DBT,CORP,2052-03-01,3.88,Fixed
458140BJ8,US458140BJ82,INTEL CORP,Intel Corp,13489000.0,8843987.31,0.029695035967,DBT,CORP,2049-11-15,3.25,Fixed
025816CW7,US025816CW76,AMERICAN EXPRESS CO,American Express Co,3106000.0,3089611.81,0.010373842771,DBT,CORP,2029-05-03,4.05,Fixed
110122EH7,US110122EH72,BRISTOL-MYERS SQUIBB CO,Bristol-Myers Squibb Co,17759000.0,18180264.79,0.061043011247,DBT,CORP,2034-02-22,5.2,Fixed
717081FA6,US717081FA61,PFIZER INC,Pfizer Inc,6649000.0,4121636.64,0.013839023505,DBT,CORP,2050-05-28,2.7,Fixed
30303M8X3,US30303M8X35,META PLATFORMS INC,Meta Platforms Inc,32957000.0,30891963.82,0.103724479082,DBT,CORP,2045-11-15,5.5,Fixed
747525AV5,US747525AV54,QUALCOMM INC,QUALCOMM Inc,11501000.0,9523765.33,0.031977494325,DBT,CORP,2047-05-20,4.3,Fixed
11135FCD1,US11135FCD15,BROADCOM INC,Broadcom Inc,9852000.0,9695278.32,0.032553375342,DBT,CORP,2034-10-15,4.8,Fixed
882508BF0,US882508BF00,TEXAS INSTRUMENTS INC,Texas Instruments Inc,8634000.0,7594077.01,0.025498271542,DBT,CORP,2039-03-15,3.88,Fixed
053015AJ2,US053015AJ27,AUTOMATIC DATA PROCESSNG,Automatic Data Processing Inc,9842000.0,9878019.75,0.033166957559,DBT,CORP,2032-05-08,4.75,Fixed
02079KBL0,US02079KBL08,ALPHABET INC,Alphabet Inc,23608000.0,23224577.75,0.077980061191,DBT,CORP,2033-02-15,4.4,Fixed
876030AL1,US876030AL10,TAPESTRY INC,Tapestry Inc,1402000.0,1412089.77,0.004741306725,DBT,CORP,2035-03-11,5.5,Fixed
09581CAD3,US09581CAD39,BLUE OWL CREDIT INCOME,Blue Owl Credit Income Corp,8292000.0,8080914.7,0.027132903322,DBT,CORP,2030-03-15,5.8,Fixed
231021AW6,US231021AW65,CUMMINS INC,Cummins Inc,7127000.0,7260678.29,0.024378834502,DBT,CORP,2034-02-20,5.15,Fixed
927804GV0,US927804GV09,VIRGINIA ELEC & POWER CO,Virginia Electric and Power Co,5960000.0,5864726.42,0.019691713237,DBT,CORP,2035-09-15,4.9,Fixed
91324PDQ2,US91324PDQ28,UNITEDHEALTH GROUP INC,UnitedHealth Group Inc,6681000.0,5557797.63,0.018661153022,DBT,CORP,2048-12-15,4.45,Fixed
665859AV6,US665859AV62,NORTHERN TRUST CORP,Northern Trust Corp,7089000.0,6458533.4,0.021685510719,DBT,CORP,2030-05-01,1.95,Fixed
30303M8U9,US30303M8U95,META PLATFORMS INC,Meta Platforms Inc,23017000.0,22645827.86,0.076036820185,DBT,CORP,2034-08-15,4.75,Fixed
539830BN8,US539830BN88,LOCKHEED MARTIN CORP,Lockheed Martin Corp,13223000.0,10381965.72,0.034859032997,DBT,CORP,2052-09-15,4.09,Fixed
693475BZ7,US693475BZ71,PNC FINANCIAL SERVICES,PNC Financial Services Group Inc/The,8561000.0,8682686.91,0.029153445278,DBT,CORP,2035-07-23,5.4,Fixed
92826CAM4,US92826CAM47,VISA INC,Visa Inc,8105000.0,7459187.12,0.025045358168,DBT,CORP,2030-04-15,2.05,Fixed
29379VCF8,US29379VCF85,ENTERPRISE PRODUCTS OPER,Enterprise Products Operating LLC,9038000.0,9020744.65,0.030288525689,DBT,CORP,2034-01-31,4.85,Fixed
120568BC3,US120568BC39,BUNGE LTD FINANCE CORP,Bunge Ltd Finance Corp,5501000.0,5027023.94,0.016878999423,DBT,CORP,2031-05-14,2.75,Fixed
48126BAA1,US48126BAA17,JPMORGAN CHASE & CO,JPMorgan Chase & Co,11639000.0,11543932.65,0.038760514147,DBT,CORP,2042-01-06,5.4,Fixed
00206RDK5,US00206RDK59,AT&T INC,AT&T Inc,6987000.0,5653487.73,0.018982447124,DBT,CORP,2049-03-09,4.55,Fixed
06406YAA0,US06406YAA01,BANK OF NY MELLON CORP,Bank of New York Mellon Corp/The,1464000.0,1409559.84,0.004732812099,DBT,CORP,2029-08-23,3.3,Fixed
87612GAN1,US87612GAN16,TARGA RESOURCES CORP,Targa Resources Corp,7864000.0,7885067.66,0.026475317021,DBT,CORP,2055-05-15,6.13,Fixed
695114DP0,US695114DP08,PACIFICORP,PacifiCorp,5244000.0,5339955.76,0.017929715726,DBT,CORP,2033-04-15,5.45,Fixed
13645RBG8,US13645RBG83,CANADIAN PACIFIC RAILWAY,Canadian Pacific Railway Co,7332000.0,5443882.42,0.018278665334,DBT,CORP,2041-12-02,3.0,Fixed
58933YCC7,US58933YCC75,MERCK & CO INC,Merck & Co Inc,7546000.0,7460198.21,0.025048753057,DBT,CORP,2065-12-04,5.7,Fixed
191216DS6,US191216DS69,COCA-COLA CO/THE,Coca-Cola Co/The,6137000.0,5929756.58,0.019910061915,DBT,CORP,2054-05-13,5.3,Fixed
49326EEN9,US49326EEN94,KEYCORP,KeyCorp,7509000.0,7356982.55,0.02470219074,DBT,CORP,2033-06-01,4.79,Fixed
373334KR1,US373334KR13,GEORGIA POWER CO,Georgia Power Co,5584000.0,5163403.07,0.017336913148,DBT,CORP,2052-05-15,5.13,Fixed
91324PES7,US91324PES74,UNITEDHEALTH GROUP INC,UnitedHealth Group Inc,13425000.0,13464152.67,0.045207945668,DBT,CORP,2053-02-15,5.88,Fixed
02344AAK4,US02344AAK43,AMCOR FLEXIBLES NORTH AM,Amcor Flexibles North America Inc,5461000.0,5353576.67,0.017975450008,DBT,CORP,2036-03-12,5.13,Fixed
10373QBR0,US10373QBR02,BP CAP MARKETS AMERICA,BP Capital Markets America Inc,10368000.0,7841242.71,0.026328168069,DBT,CORP,2041-06-17,3.06,Fixed
911312CE4,US911312CE45,UNITED PARCEL SERVICE,United Parcel Service Inc,7076000.0,6814250.27,0.022879884351,DBT,CORP,2054-05-22,5.5,Fixed
46647PEJ1,US46647PEJ12,JPMORGAN CHASE & CO,JPMorgan Chase & Co,13462000.0,13585042.68,0.045613852311,DBT,CORP,2030-07-22,5.0,Fixed
11120VAH6,US11120VAH69,BRIXMOR OPERATING PART,Brixmor Operating Partnership LP,6309000.0,6224494.73,0.020899690197,DBT,,2029-05-15,4.13,Fixed
532457DM7,US532457DM76,ELI LILLY & CO,Eli Lilly & Co,6320000.0,6307440.9,0.02117819461,DBT,CORP,2033-05-20,4.65,Fixed
88732JAU2,US88732JAU25,TIME WARNER CABLE LLC,Time Warner Cable LLC,9997000.0,9910842.85,0.033277166122,DBT,CORP,2039-06-15,6.75,Fixed
539439AN9,US539439AN92,LLOYDS BANKING GROUP PLC,Lloyds Banking Group PLC,4409000.0,4103324.03,0.013777536125,DBT,CORP,2045-12-01,5.3,Fixed
406216AW1,US406216AW19,HALLIBURTON CO,Halliburton Co,7103000.0,7885453.69,0.026476613176,DBT,CORP,2038-09-15,6.7,Fixed
60687YDD8,US60687YDD85,MIZUHO FINANCIAL GROUP,Mizuho Financial Group Inc,4069000.0,4157851.09,0.013960619043,DBT,CORP,2030-05-26,5.38,Fixed
61747YFT7,US61747YFT73,MORGAN STANLEY,Morgan Stanley,23714000.0,23938151.84,0.080375995008,DBT,CORP,2035-07-19,5.32,Fixed
02079KAG2,US02079KAG22,ALPHABET INC,Alphabet Inc,14095000.0,7112831.73,0.023882417132,DBT,CORP,2060-08-15,2.25,Fixed
055451BJ6,US055451BJ63,BHP BILLITON FIN USA LTD,BHP Billiton Finance USA Ltd,10051000.0,10211773.79,0.03428758764,DBT,CORP,2030-02-21,5.0,Fixed
57636QAM6,US57636QAM69,MASTERCARD INC,Mastercard Inc,735000.0,708607.91,0.002379259109,DBT,CORP,2029-06-01,2.95,Fixed
58933YBY0,US58933YBY05,MERCK & CO INC,Merck & Co Inc,7095000.0,6997867.32,0.023496406595,DBT,CORP,2032-12-04,4.45,Fixed
61748UAX0,US61748UAX00,MORGAN STANLEY,Morgan Stanley,30595000.0,30478032.26,0.102334640751,DBT,CORP,2037-04-10,5.3,Fixed
437076DF6,US437076DF60,HOME DEPOT INC,Home Depot Inc/The,10797000.0,10165561.21,0.034132421856,DBT,CORP,2054-06-25,5.3,Fixed
907818FZ6,US907818FZ69,UNION PACIFIC CORP,Union Pacific Corp,7387000.0,5205011.69,0.017476620434,DBT,CORP,2053-02-14,3.5,Fixed
86562MCK4,US86562MCK45,SUMITOMO MITSUI FINL GRP,Sumitomo Mitsui Financial Group Inc,6667000.0,4831982.25,0.016224117208,DBT,CORP,2041-09-17,2.93,Fixed
036752AL7,US036752AL74,ELEVANCE HEALTH INC,Elevance Health Inc,7210000.0,6833937.22,0.022945986288,DBT,CORP,2029-09-15,2.88,Fixed
03835VAJ5,US03835VAJ52,APTIV SWISS HOLDINGS LTD,Aptiv Swiss Holdings Ltd,10992000.0,6758983.0,0.022694316065,DBT,CORP,2051-12-01,3.1,Fixed
02209SAM5,US02209SAM52,ALTRIA GROUP INC,Altria Group Inc,7307000.0,6003060.74,0.02015619181,DBT,CORP,2042-08-09,4.25,Fixed
404280FL8,US404280FL88,HSBC HOLDINGS PLC,HSBC Holdings PLC,19291000.0,19047269.79,0.06395411274,DBT,CORP,2032-03-10,4.68,Fixed
45866FBA1,US45866FBA12,INTERCONTINENTALEXCHANGE,Intercontinental Exchange Inc,7435000.0,7637817.13,0.025645135665,DBT,CORP,2031-06-15,5.25,Fixed
458140AV2,US458140AV20,INTEL CORP,Intel Corp,10287000.0,8012457.89,0.026903049144,DBT,CORP,2046-05-19,4.1,Fixed
92343VGT5,US92343VGT52,VERIZON COMMUNICATIONS,Verizon Communications Inc,8375000.0,8473490.84,0.028451037574,DBT,CORP,2033-05-09,5.05,Fixed
031162DF4,US031162DF41,AMGEN INC,Amgen Inc,6921000.0,5424180.1,0.018212511791,DBT,CORP,2052-02-22,4.2,Fixed
744448CZ2,US744448CZ26,PUBLIC SERVICE COLORADO,Public Service Co of Colorado,5583000.0,5674695.75,0.019053656285,DBT,CORP,2034-05-15,5.35,Fixed
828807DY0,US828807DY06,SIMON PROPERTY GROUP LP,Simon Property Group LP,7396000.0,7233761.34,0.024288456738,DBT,,2034-09-26,4.75,Fixed
437076DD1,US437076DD13,HOME DEPOT INC,Home Depot Inc/The,7172000.0,7295486.06,0.024495706897,DBT,CORP,2031-06-25,4.85,Fixed
172967JU6,US172967JU60,CITIGROUP INC,Citigroup Inc,7011000.0,6185949.73,0.020770269482,DBT,CORP,2045-07-30,4.65,Fixed
00440KAD5,US00440KAD54,ACCENTURE CAPITAL INC,Accenture Capital Inc,10397000.0,10054210.91,0.033758546245,DBT,CORP,2034-10-04,4.5,Fixed
713448EZ7,US713448EZ78,PEPSICO INC,PepsiCo Inc,11228000.0,10125039.88,0.033996365312,DBT,CORP,2030-05-01,1.63,Fixed
717081FE8,US717081FE83,PFIZER INC,Pfizer Inc,10855000.0,10712995.98,0.035970517572,DBT,CORP,2032-11-15,4.5,Fixed
42824CAX7,US42824CAX74,HP ENTERPRISE CO,Hewlett Packard Enterprise Co,5210000.0,5593611.26,0.018781402746,DBT,CORP,2035-10-15,6.2,Fixed
92857WCA6,US92857WCA62,VODAFONE GROUP PLC,Vodafone Group PLC,14549000.0,13914779.99,0.046720995609,DBT,CORP,2054-06-28,5.75,Fixed
03523TBV9,US03523TBV98,ANHEUSER-BUSCH INBEV WOR,Anheuser-Busch InBev Worldwide Inc,30209000.0,29731993.85,0.09982970303,DBT,CORP,2049-01-23,5.55,Fixed
822905AV7,US822905AV71,SHELL FINANCE US INC,Shell Finance US Inc,6942000.0,7012087.13,0.023544151776,DBT,CORP,2040-03-25,5.5,Fixed
00206RNB4,US00206RNB41,AT&T INC,AT&T Inc,10509000.0,10322659.67,0.034659903891,DBT,CORP,2032-11-01,4.55,Fixed
91324PFR8,US91324PFR82,UNITEDHEALTH GROUP INC,UnitedHealth Group Inc,5125000.0,5246118.1,0.017614641474,DBT,CORP,2055-06-15,5.95,Fixed
716973AH5,US716973AH54,PFIZER INVESTMENT ENTER,Pfizer Investment Enterprises Pte Ltd,32241000.0,29736325.67,0.099844247776,DBT,CORP,2063-05-19,5.34,Fixed
87264ACY9,US87264ACY91,T-MOBILE USA INC,T-Mobile USA Inc,20311000.0,20457137.65,0.068687959063,DBT,CORP,2033-07-15,5.05,Fixed
341099CL1,US341099CL11,DUKE ENERGY FLORIDA LLC,Duke Energy Florida LLC,7200000.0,7862639.04,0.02640000951,DBT,CORP,2038-06-15,6.4,Fixed
031162DK3,US031162DK36,AMGEN INC,Amgen Inc,9476000.0,8262310.13,0.027741966138,DBT,CORP,2053-03-01,4.88,Fixed
00774MAX3,US00774MAX39,AERCAP IRELAND CAP/GLOBA,AerCap Ireland Capital DAC / AerCap Global Aviation Trust,29522000.0,27021194.33,0.090727780285,DBT,CORP,2032-01-30,3.3,Fixed
202795JM3,US202795JM30,COMMONWEALTH EDISON CO,Commonwealth Edison Co,6508000.0,5103976.45,0.017137379209,DBT,CORP,2048-03-01,4.0,Fixed
428236BR3,US428236BR31,HP INC,HP Inc,8898000.0,9113232.83,0.030599068856,DBT,CORP,2041-09-15,6.0,Fixed
927804GW8,US927804GW81,VIRGINIA ELEC & POWER CO,Virginia Electric and Power Co,6577000.0,6379387.46,0.021419766156,DBT,CORP,2055-09-15,5.6,Fixed
548661DZ7,US548661DZ79,LOWE'S COS INC,Lowe's Cos Inc,11589000.0,7298133.35,0.024504595577,DBT,CORP,2050-10-15,3.0,Fixed
46590XAU0,US46590XAU00,JBS NV/USA FOODS/FOOD CO,JBS NV/JBS USA Foods Group Holdings Inc/JBS USA Food Co Holdings,8739000.0,8091288.04,0.027167733393,DBT,CORP,2032-01-15,3.63,Fixed
78016EYH4,US78016EYH43,ROYAL BANK OF CANADA,Royal Bank of Canada,13463000.0,12026170.75,0.040379702102,DBT,CORP,2031-11-03,2.3,Fixed
458140BV1,US458140BV11,INTEL CORP,Intel Corp,6627000.0,4669960.75,0.015680105316,DBT,CORP,2041-08-12,2.8,Fixed
797440CG7,US797440CG74,SAN DIEGO G & E,San Diego Gas & Electric Co,7920000.0,8072773.63,0.027105568438,DBT,CORP,2035-04-15,5.4,Fixed
046353AU2,US046353AU26,ASTRAZENECA PLC,AstraZeneca PLC,7146000.0,6150227.77,0.020650327554,DBT,CORP,2048-08-17,4.38,Fixed
494550BU9,US494550BU93,KINDER MORGAN ENER PART,Kinder Morgan Energy Partners LP,6775000.0,6502539.31,0.021833267272,DBT,CORP,2044-03-01,5.5,Fixed
742718GA1,US742718GA10,PROCTER & GAMBLE CO/THE,Procter & Gamble Co/The,5760000.0,5659677.5,0.019003230221,DBT,CORP,2033-01-26,4.05,Fixed
20030NDP3,US20030NDP33,COMCAST CORP,Comcast Corp,10070000.0,5269833.41,0.017694269243,DBT,CORP,2052-08-15,2.45,Fixed
14448CAS3,US14448CAS35,CARRIER GLOBAL CORP,Carrier Global Corp,10083000.0,7356603.18,0.024700916947,DBT,CORP,2050-04-05,3.58,Fixed
60687YCM9,US60687YCM93,MIZUHO FINANCIAL GROUP,Mizuho Financial Group Inc,4071000.0,4226335.52,0.01419056596,DBT,CORP,2033-09-13,5.67,Fixed
20271RAW0,US20271RAW07,COMMONWEALTH BK AUSTR NY,Commonwealth Bank of Australia/New York NY,1957000.0,1931005.17,0.006483644307,DBT,CORP,2030-10-01,4.15,Fixed
68233JCS1,US68233JCS15,ONCOR ELECTRIC DELIVERY,Oncor Electric Delivery Co LLC,5608000.0,5870709.0,0.019711800661,DBT,CORP,2033-11-15,5.65,Fixed
30212PAR6,US30212PAR64,EXPEDIA GROUP INC,Expedia Group Inc,9229000.0,8759743.19,0.029412173488,DBT,CORP,2030-02-15,3.25,Fixed
87264AEA9,US87264AEA97,T-MOBILE USA INC,T-Mobile USA Inc,7224000.0,7072423.86,0.023746741547,DBT,CORP,2056-02-15,5.85,Fixed
55261FAT1,US55261FAT12,M&T BANK CORPORATION,M&T Bank Corp,7959000.0,8313527.29,0.027913935563,DBT,CORP,2032-03-13,6.08,Fixed
842400JE4,US842400JE48,SOUTHERN CAL EDISON,Southern California Edison Co,4752000.0,4848443.74,0.016279389171,DBT,CORP,2031-06-01,5.45,Fixed
65473PAL9,US65473PAL94,NISOURCE INC,NiSource Inc,7691000.0,6715472.79,0.0225482239,DBT,CORP,2031-02-15,1.7,Fixed
91159HJR2,US91159HJR21,US BANCORP,US Bancorp,10808000.0,11157237.82,0.03746212729,DBT,CORP,2035-01-23,5.68,Fixed
66989HAT5,US66989HAT59,NOVARTIS CAPITAL CORP,Novartis Capital Corp,5657000.0,5558742.44,0.018664325366,DBT,CORP,2029-09-18,3.8,Fixed
06051GMM8,US06051GMM86,BANK OF AMERICA CORP,Bank of America Corp,25983000.0,26569277.81,0.089210401659,DBT,CORP,2036-01-24,5.51,Fixed
95041AAG3,US95041AAG31,WELLTOWER OP LLC,Welltower OP LLC,10498000.0,10543538.22,0.035401537303,DBT,,2035-07-01,5.13,Fixed
337738BN7,US337738BN72,FISERV INC,Fiserv Inc,7823000.0,7618575.62,0.025580529361,DBT,CORP,2034-08-12,5.15,Fixed
98389BBE9,US98389BBE92,XCEL ENERGY INC,Xcel Energy Inc,7009000.0,7162698.96,0.024049853961,DBT,CORP,2035-04-15,5.6,Fixed
879385AD4,US879385AD49,TELEFONICA EUROPE BV,Telefonica Europe BV,6212000.0,7007490.08,0.023528716479,DBT,CORP,2030-09-15,8.25,Fixed
06051GKY4,US06051GKY43,BANK OF AMERICA CORP,Bank of America Corp,34953000.0,35113420.29,0.117898662888,DBT,CORP,2033-07-22,5.02,Fixed
31620MBT2,US31620MBT27,FIDELITY NATL INFO SERV,Fidelity National Information Services Inc,7405000.0,6582608.85,0.022102112962,DBT,CORP,2031-03-01,2.25,Fixed
06051GKB4,US06051GKB40,BANK OF AMERICA CORP,Bank of America Corp,15418000.0,9926664.99,0.033330291369,DBT,CORP,2052-07-21,2.97,Fixed
86562MCY4,US86562MCY49,SUMITOMO MITSUI FINL GRP,Sumitomo Mitsui Financial Group Inc,5834000.0,6200670.4,0.020819696376,DBT,CORP,2043-07-13,6.18,Fixed
48305QAE3,US48305QAE35,KAISER FOUNDATION HOSPIT,Kaiser Foundation Hospitals,4491000.0,3110735.16,0.010444767639,DBT,CORP,2049-11-01,3.27,Fixed
174610BJ3,US174610BJ37,CITIZENS FINANCIAL GROUP,Citizens Financial Group Inc,6607000.0,6681941.88,0.022435638757,DBT,CORP,2031-03-05,5.25,Fixed
126650DQ0,US126650DQ03,CVS HEALTH CORP,CVS Health Corp,10537000.0,9249929.69,0.031058049408,DBT,CORP,2031-02-28,1.88,Fixed
00206RHK1,US00206RHK14,AT&T INC,AT&T Inc,7687000.0,7175563.14,0.024093047407,DBT,CORP,2039-03-01,4.85,Fixed
04020EAD9,US04020EAD94,ARES STRATEGIC INCOME FU,Ares Strategic Income Fund,5594000.0,5510937.49,0.018503812957,DBT,CORP,2030-02-15,5.6,Fixed
04010LBK8,US04010LBK89,ARES CAPITAL CORP,Ares Capital Corp,6226000.0,6164599.81,0.02069858387,DBT,CORP,2030-09-01,5.5,Fixed
08576BAB8,US08576BAB80,BERRY GLOBAL INC,Berry Global Inc,5793000.0,6027062.69,0.020236782017,DBT,CORP,2031-06-15,5.8,Fixed
694308JT5,US694308JT56,PACIFIC GAS & ELECTRIC,Pacific Gas and Electric Co,7178000.0,6629875.0,0.022260816268,DBT,CORP,2031-06-01,3.25,Fixed
842400GK3,US842400GK35,SOUTHERN CAL EDISON,Southern California Edison Co,9597000.0,7217515.02,0.024233907241,DBT,CORP,2048-03-01,4.13,Fixed
594918BC7,US594918BC73,MICROSOFT CORP,Microsoft Corp,9765000.0,9070578.63,0.030455850876,DBT,CORP,2035-02-12,3.5,Fixed
25278XAV1,US25278XAV10,DIAMONDBACK ENERGY INC,Diamondback Energy Inc,8728000.0,9358070.83,0.031421149775,DBT,CORP,2033-03-15,6.25,Fixed
60871RAD2,US60871RAD26,MOLSON COORS BEVERAGE,Molson Coors Beverage Co,9022000.0,8270278.84,0.027768722297,DBT,CORP,2042-05-01,5.0,Fixed
437076BF8,US437076BF88,HOME DEPOT INC,Home Depot Inc/The,11406000.0,9743619.98,0.032715689837,DBT,CORP,2045-03-15,4.4,Fixed
61748UAF9,US61748UAF93,MORGAN STANLEY,Morgan Stanley,23749000.0,24310364.61,0.08162575614,DBT,CORP,2036-01-18,5.59,Fixed
10373QBN9,US10373QBN97,BP CAP MARKETS AMERICA,BP Capital Markets America Inc,12551000.0,7780376.2,0.026123799481,DBT,CORP,2050-11-10,2.77,Fixed
502431AQ2,US502431AQ20,L3HARRIS TECH INC,L3Harris Technologies Inc,11549000.0,11850506.28,0.039789881857,DBT,CORP,2033-07-31,5.4,Fixed
11135FCV1,US11135FCV13,BROADCOM INC,Broadcom Inc,27712000.0,22109877.87,0.07423728637,DBT,CORP,2041-02-15,3.5,Fixed
548661EQ6,US548661EQ61,LOWE'S COS INC,Lowe's Cos Inc,7211000.0,7289624.42,0.024476025547,DBT,CORP,2033-07-01,5.15,Fixed
59562VBD8,US59562VBD82,BERKSHIRE HATHAWAY ENERG,Berkshire Hathaway Energy Co,7189000.0,6817373.99,0.022890372717,DBT,CORP,2043-11-15,5.15,Fixed
37045XFG6,US37045XFG60,GENERAL MOTORS FINL CO,General Motors Financial Co Inc,5583000.0,5736566.0,0.019261395084,DBT,CORP,2032-04-04,5.63,Fixed
858119BS8,US858119BS89,STEEL DYNAMICS INC,Steel Dynamics Inc,3381000.0,3403547.21,0.011427928746,DBT,CORP,2035-05-15,5.25,Fixed
68389XDX0,US68389XDX03,ORACLE CORP,Oracle Corp,25765000.0,25317990.13,0.085009012471,DBT,CORP,2031-02-04,4.95,Fixed
00287YDB2,US00287YDB20,ABBVIE INC,AbbVie Inc,7468000.0,6724476.21,0.022578454255,DBT,CORP,2045-03-15,4.75,Fixed
254687GE0,US254687GE01,WALT DISNEY COMPANY/THE,Walt Disney Co/The,7210000.0,7009939.8,0.023536941788,DBT,CORP,2036-03-14,4.63,Fixed
316773CH1,US316773CH12,FIFTH THIRD BANCORP,Fifth Third Bancorp,3711000.0,4492999.36,0.015085930465,DBT,CORP,2038-03-01,8.25,Fixed
655844CS5,US655844CS56,NORFOLK SOUTHERN CORP,Norfolk Southern Corp,7292000.0,6848349.62,0.022994378118,DBT,CORP,2054-08-01,5.35,Fixed
855244AS8,US855244AS84,STARBUCKS CORP,Starbucks Corp,3148000.0,2622893.14,0.008806763669,DBT,CORP,2048-11-15,4.5,Fixed
404280AQ2,US404280AQ21,HSBC HOLDINGS PLC,HSBC Holdings PLC,11288000.0,10722999.48,0.036004105849,DBT,CORP,2044-03-14,5.25,Fixed
91159HJY7,US91159HJY71,US BANCORP,US Bancorp,5614000.0,5526533.88,0.018556180214,DBT,CORP,2037-01-26,5.03,Fixed
904764BQ9,US904764BQ99,UNILEVER CAPITAL CORP,Unilever Capital Corp,10041000.0,8780731.0,0.02948264326,DBT,CORP,2031-08-12,1.75,Fixed
013716AU9,US013716AU93,RIO TINTO ALCAN INC,Rio Tinto Alcan Inc,5551000.0,5940291.63,0.019945434952,DBT,CORP,2033-12-15,6.13,Fixed
747525BT9,US747525BT99,QUALCOMM INC,QUALCOMM Inc,9170000.0,9509247.82,0.031928749571,DBT,CORP,2053-05-20,6.0,Fixed
50540RAS1,US50540RAS13,LABORATORY CORP OF AMER,Laboratory Corp of America Holdings,6006000.0,5345916.58,0.017949730088,DBT,CORP,2045-02-01,4.7,Fixed
80282KBL9,US80282KBL98,SANTANDER HOLDINGS USA,Santander Holdings USA Inc,5375000.0,5690699.55,0.019107391484,DBT,CORP,2035-05-31,6.34,Fixed
532457CF3,US532457CF35,ELI LILLY & CO,Eli Lilly & Co,7714000.0,7760569.42,0.026057295196,DBT,CORP,2033-02-27,4.7,Fixed
718172AC3,US718172AC39,PHILIP MORRIS INTL INC,Philip Morris International Inc,11181000.0,12241648.67,0.041103202075,DBT,CORP,2038-05-16,6.38,Fixed
03040WBA2,US03040WBA27,AMERICAN WATER CAPITAL C,American Water Capital Corp,3675000.0,3607821.0,0.012113809145,DBT,CORP,2032-06-01,4.45,Fixed
91324PFA5,US91324PFA57,UNITEDHEALTH GROUP INC,UnitedHealth Group Inc,6559000.0,6640603.14,0.022296837633,DBT,CORP,2031-04-15,4.9,Fixed
91159HJV3,US91159HJV33,US BANCORP,US Bancorp,6801000.0,6891200.98,0.023138258094,DBT,CORP,2031-05-15,5.08,Fixed
25278XBC2,US25278XBC20,DIAMONDBACK ENERGY INC,Diamondback Energy Inc,10037000.0,10332517.38,0.034693002655,DBT,CORP,2035-04-01,5.55,Fixed
68389XCE3,US68389XCE31,ORACLE CORP,Oracle Corp,15092000.0,13513085.52,0.045372245174,DBT,CORP,2031-03-25,2.88,Fixed
694308JM0,US694308JM04,PACIFIC GAS & ELECTRIC,Pacific Gas and Electric Co,22098000.0,21795538.04,0.073181842458,DBT,CORP,2030-07-01,4.55,Fixed
80281LAU9,US80281LAU98,SANTANDER UK GROUP HLDGS,Santander UK Group Holdings PLC,3872000.0,3873785.38,0.013006825106,DBT,CORP,2030-09-11,4.86,Fixed
337738BQ0,US337738BQ04,FISERV INC,Fiserv Inc,9341000.0,9138159.25,0.030682763112,DBT,CORP,2035-08-11,5.25,Fixed
345397B69,US345397B694,FORD MOTOR CREDI,Ford Motor Credit Co LLC,6021000.0,5532884.15,0.018577502214,DBT,CORP,2031-06-17,3.63,Fixed
49326EEP4,US49326EEP43,KEYCORP,KeyCorp,7419000.0,7912157.99,0.026566276935,DBT,CORP,2035-03-06,6.4,Fixed
55261FAR5,US55261FAR55,M&T BANK CORPORATION,M&T Bank Corp,7425000.0,7374553.07,0.02476118644,DBT,CORP,2034-01-27,5.05,Fixed
89788MAK8,US89788MAK80,TRUIST FINANCIAL CORP,Truist Financial Corp,4941000.0,5227417.42,0.017551851089,DBT,CORP,2033-10-28,6.12,Fixed
458140BW9,US458140BW93,INTEL CORP,Intel Corp,2410000.0,1507936.28,0.005063125997,DBT,CORP,2051-08-12,3.05,Fixed
04010LBM4,US04010LBM46,ARES CAPITAL CORP,Ares Capital Corp,6553000.0,6402955.96,0.021498900989,DBT,CORP,2031-04-12,5.25,Fixed
446150BD5,US446150BD56,HUNTINGTON BANCSHARES,Huntington Bancshares Inc/OH,8962000.0,9187804.76,0.030849455482,DBT,CORP,2035-02-02,5.71,Fixed
066922519,US0669225197,BlackRock Funds III,"BlackRock Cash Funds: Institutional, SL Agency Shares",2153414241.8,2154060266.07,7.232585804892,STIV,RF,,,
86562MDU1,US86562MDU18,SUMITOMO MITSUI FINL GRP,Sumitomo Mitsui Financial Group Inc,9270000.0,9595658.81,0.032218887647,DBT,CORP,2035-01-15,5.63,Fixed
682680BG7,US682680BG78,ONEOK INC,ONEOK Inc,6501000.0,6860271.26,0.023034406842,DBT,CORP,2032-11-15,6.1,Fixed
655844CH9,US655844CH91,NORFOLK SOUTHERN CORP,Norfolk Southern Corp,5678000.0,3631728.86,0.012194083431,DBT,CORP,2055-05-15,3.16,Fixed
958667AC1,US958667AC17,WESTERN MIDSTREAM OPERAT,Western Midstream Operating LP,11721000.0,11385875.51,0.038229813198,DBT,CORP,2030-02-01,4.05,Fixed
89157XAB7,US89157XAB73,TOTALENERGIES CAPITAL SA,TotalEnergies Capital SA,12665000.0,12289644.86,0.041264356602,DBT,CORP,2054-04-05,5.49,Fixed
136375DC3,US136375DC36,CANADIAN NATL RAILWAY,Canadian National Railway Co,6658000.0,6364370.88,0.021369345699,DBT,CORP,2032-08-05,3.85,Fixed
808513CA1,US808513CA10,CHARLES SCHWAB CORP,Charles Schwab Corp/The,5287000.0,4797026.75,0.016106748787,DBT,CORP,2032-03-03,2.9,Fixed
38141GC44,US38141GC449,GOLDMAN SACHS GROUP INC,Goldman Sachs Group Inc/The,19369000.0,19695541.97,0.066130785436,DBT,CORP,2036-01-28,5.54,Fixed
449276AF1,US449276AF17,IBM INTERNAT CAPITAL,IBM International Capital Pte Ltd,9161000.0,8565262.0,0.028759173237,DBT,CORP,2044-02-05,5.25,Fixed
17275RAD4,US17275RAD44,CISCO SYSTEMS INC,Cisco Systems Inc,14706000.0,15646760.47,0.052536384171,DBT,CORP,2039-02-15,5.9,Fixed
05526DCC7,US05526DCC74,BAT CAPITAL CORP,BAT Capital Corp,9787000.0,10105276.18,0.033930005675,DBT,CORP,2035-08-15,5.63,Fixed
35137LAN5,US35137LAN55,FOX CORP,Fox Corp,7208000.0,7747519.52,0.026013478167,DBT,CORP,2033-10-13,6.5,Fixed
24422EXE4,US24422EXE49,JOHN DEERE CAPITAL CORP,John Deere Capital Corp,8117000.0,8323860.93,0.027948632335,DBT,CORP,2033-09-08,5.15,Fixed
112586AB8,US112586AB85,BROOKFIELD ASSET MANAGEM,Brookfield Asset Management Ltd,5907000.0,5967282.71,0.020036061619,DBT,CORP,2055-09-15,6.08,Fixed
437076CP5,US437076CP51,HOME DEPOT INC,Home Depot Inc/The,13074000.0,12186233.56,0.040917137393,DBT,CORP,2032-04-15,3.25,Fixed
58933YBB0,US58933YBB02,MERCK & CO INC,Merck & Co Inc,8038000.0,4692880.2,0.015757060864,DBT,CORP,2050-06-24,2.45,Fixed
256677AP0,US256677AP01,DOLLAR GENERAL CORP,Dollar General Corp,9219000.0,9373961.25,0.031474504283,DBT,CORP,2033-07-05,5.45,Fixed
883556CW0,US883556CW07,THERMO FISHER SCIENTIFIC,Thermo Fisher Scientific Inc,8094000.0,8236678.6,0.027655904368,DBT,CORP,2030-08-10,4.98,Fixed
87612GAQ4,US87612GAQ47,TARGA RESOURCES CORP,Targa Resources Corp,5715000.0,5842960.56,0.019618631043,DBT,CORP,2036-02-15,5.65,Fixed
95041AAF5,US95041AAF57,WELLTOWER OP LLC,Welltower OP LLC,6107000.0,6087625.54,0.020440131021,DBT,,2030-07-01,4.5,Fixed
002824BX7,US002824BX75,ABBOTT LABORATORIES,Abbott Laboratories,14791000.0,14398880.24,0.048346436016,DBT,CORP,2066-03-15,5.6,Fixed
43475RAT3,US43475RAT32,AMRIZE FINANCE US LLC,Amrize Finance US LLC,7148000.0,7258861.19,0.024372733311,DBT,CORP,2035-04-07,5.4,Fixed
91324PCD2,US91324PCD24,UNITEDHEALTH GROUP INC,UnitedHealth Group Inc,6557000.0,5561701.17,0.018674259753,DBT,CORP,2043-03-15,4.25,Fixed
682680AV5,US682680AV54,ONEOK INC,ONEOK Inc,5800000.0,5159134.22,0.017322579833,DBT,CORP,2048-07-15,5.2,Fixed
87612GAK7,US87612GAK76,TARGA RESOURCES CORP,Targa Resources Corp,7861000.0,7988309.68,0.026821967846,DBT,CORP,2035-02-15,5.5,Fixed
38141GZM9,US38141GZM94,GOLDMAN SACHS GROUP INC,Goldman Sachs Group Inc/The,28490000.0,25807016.93,0.086650994521,DBT,CORP,2033-02-24,3.1,Fixed
03740LAG7,US03740LAG77,AON CORP/AON GLOBAL HOLD,Aon Corp / Aon Global Holdings PLC,6251000.0,6388350.72,0.021449861669,DBT,CORP,2033-02-28,5.35,Fixed
65473PAJ4,US65473PAJ49,NISOURCE INC,NiSource Inc,7974000.0,7677285.07,0.025777655292,DBT,CORP,2030-05-01,3.6,Fixed
06368L3L8,US06368L3L88,BANK OF MONTREAL,Bank of Montreal,3845000.0,3982873.63,0.01337310554,DBT,CORP,2031-06-04,5.51,Fixed
56585AAF9,US56585AAF93,MARATHON PETROLEUM CORP,Marathon Petroleum Corp,7343000.0,7904027.23,0.026538976669,DBT,CORP,2041-03-01,6.5,Fixed
037833DP2,US037833DP29,APPLE INC,Apple Inc,8235000.0,7764439.75,0.02607029042,DBT,CORP,2029-09-11,2.2,Fixed
56501RAX4,US56501RAX44,MANULIFE FINANCIAL CORP,Manulife Financial Corp,6638000.0,6549412.57,0.021990651389,DBT,CORP,2035-12-11,4.99,Fixed
86765BAQ2,US86765BAQ23,ENERGY TRANSFER LP,Energy Transfer LP,7988000.0,7279107.34,0.024440712847,DBT,CORP,2045-05-15,5.35,Fixed
620076CC1,US620076CC16,MOTOROLA SOLUTIONS INC,Motorola Solutions Inc,6708000.0,6843678.02,0.022978692509,DBT,CORP,2035-08-15,5.55,Fixed
458140CS7,US458140CS72,INTEL CORP,Intel Corp,18003000.0,17954850.98,0.060286150008,DBT,CORP,2036-05-15,5.3,Fixed
87938WAW3,US87938WAW38,TELEFONICA EMISIONES SAU,Telefonica Emisiones SA,8861000.0,7489511.26,0.025147176092,DBT,CORP,2048-03-06,4.9,Fixed
03522AAH3,US03522AAH32,ANHEUSER-BUSCH CO/INBEV,Anheuser-Busch Cos LLC / Anheuser-Busch InBev Worldwide Inc,36199000.0,35222495.78,0.118264900478,DBT,CORP,2036-02-01,4.7,Fixed
38141GF41,US38141GF418,GOLDMAN SACHS GROUP INC,Goldman Sachs Group Inc/The,13985000.0,14070867.9,0.047245084568,DBT,CORP,2037-06-03,5.43,Fixed
845467AS8,US845467AS85,EXPAND ENERGY CORP,Expand Energy Corp,3019000.0,3045944.27,0.010227222346,DBT,CORP,2030-03-15,5.38,Fixed
64110LAX4,US64110LAX47,NETFLIX INC,Netflix Inc,1191000.0,1256916.73,0.004220289581,DBT,CORP,2029-05-15,6.38,Fixed
754730AH2,US754730AH26,RAYMOND JAMES FINANCIAL,Raymond James Financial Inc,4033000.0,2915391.98,0.009788873125,DBT,CORP,2051-04-01,3.75,Fixed
17275RBS0,US17275RBS04,CISCO SYSTEMS INC,Cisco Systems Inc,15770000.0,16097661.18,0.054050352061,DBT,CORP,2031-02-26,4.95,Fixed
035242AN6,US035242AN64,ANHEUSER-BUSCH INBEV FIN,Anheuser-Busch InBev Finance Inc,10438000.0,9477426.35,0.031821904134,DBT,CORP,2046-02-01,4.9,Fixed
980236AR4,US980236AR40,WOODSIDE FINANCE LTD,Woodside Finance Ltd,9291000.0,9218976.17,0.030954118245,DBT,CORP,2034-09-12,5.1,Fixed
24422EYE3,US24422EYE30,JOHN DEERE CAPITAL CORP,John Deere Capital Corp,6538000.0,6562420.74,0.022034328304,DBT,CORP,2030-06-05,4.55,Fixed
907818GH5,US907818GH52,UNION PACIFIC CORP,Union Pacific Corp,9050000.0,8962116.36,0.030091672265,DBT,CORP,2054-12-01,5.6,Fixed
969457BX7,US969457BX79,WILLIAMS COMPANIES INC,Williams Cos Inc/The,9804000.0,9329485.42,0.031325169902,DBT,CORP,2030-11-15,3.5,Fixed
717081EK5,US717081EK52,PFIZER INC,Pfizer Inc,9947000.0,8143835.69,0.02734417014,DBT,CORP,2048-09-15,4.2,Fixed
718172DN6,US718172DN66,PHILIP MORRIS INTL INC,Philip Morris International Inc,4346000.0,4366012.9,0.014659554062,DBT,CORP,2029-11-01,4.63,Fixed
58933YAW5,US58933YAW57,MERCK & CO INC,Merck & Co Inc,12540000.0,9943381.07,0.033386418157,DBT,CORP,2049-03-07,4.0,Fixed
00287YAS8,US00287YAS81,ABBVIE INC,AbbVie Inc,19216000.0,17171947.96,0.057657433737,DBT,CORP,2045-05-14,4.7,Fixed
30303M8J4,US30303M8J41,META PLATFORMS INC,Meta Platforms Inc,18532000.0,14506953.38,0.048709308064,DBT,CORP,2052-08-15,4.45,Fixed
05946KAU5,US05946KAU51,BANCO BILBAO VIZCAYA ARG,Banco Bilbao Vizcaya Argentaria SA,6741000.0,6559643.51,0.022025003331,DBT,CORP,2036-03-03,5.13,Fixed
084664CQ2,US084664CQ25,BERKSHIRE HATHAWAY FIN,Berkshire Hathaway Finance Corp,14494000.0,11930672.33,0.040059051594,DBT,CORP,2048-08-15,4.2,Fixed
776696AM8,US776696AM81,ROPER TECHNOLOGIES INC,Roper Technologies Inc,8131000.0,7902009.09,0.026532200456,DBT,CORP,2035-09-15,5.1,Fixed
45687VAF3,US45687VAF31,INGERSOLL RAND INC,Ingersoll Rand Inc,6368000.0,6500445.48,0.021826236918,DBT,CORP,2034-06-15,5.45,Fixed
06368MXV1,US06368MXV17,BANK OF MONTREAL,Bank of Montreal,8071000.0,7952089.15,0.026700351894,DBT,CORP,2031-09-22,4.35,Fixed
907818GG7,US907818GG79,UNION PACIFIC CORP,Union Pacific Corp,6844000.0,6964336.0,0.023383820075,DBT,CORP,2035-02-20,5.1,Fixed
459200LV1,US459200LV14,IBM CORP,International Business Machines Corp,5904000.0,5756222.88,0.019327396056,DBT,CORP,2056-02-03,5.8,Fixed
459200KJ9,US459200KJ94,IBM CORP,International Business Machines Corp,10534000.0,9533729.28,0.032010949806,DBT,CORP,2030-05-15,1.95,Fixed
609207AT2,US609207AT22,MONDELEZ INTERNATIONAL,Mondelez International Inc,6111000.0,5716359.56,0.01919354888,DBT,CORP,2030-04-13,2.75,Fixed
74340XBR1,US74340XBR17,PROLOGIS LP,Prologis LP,7090000.0,6173855.72,0.020729661999,DBT,,2030-10-15,1.25,Fixed
969457BY5,US969457BY52,WILLIAMS COMPANIES INC,Williams Cos Inc/The,16289000.0,14773100.05,0.049602936091,DBT,CORP,2031-03-15,2.6,Fixed
87264ADG7,US87264ADG76,T-MOBILE USA INC,T-Mobile USA Inc,5819000.0,5429607.65,0.018230735617,DBT,CORP,2055-01-15,5.5,Fixed
38141GGM0,US38141GGM06,GOLDMAN SACHS GROUP INC,Goldman Sachs Group Inc/The,20861000.0,22168162.78,0.074432986842,DBT,CORP,2041-02-01,6.25,Fixed
037833BH2,US037833BH21,APPLE INC,Apple Inc,14321000.0,12557628.06,0.042164151059,DBT,CORP,2045-05-13,4.38,Fixed
06418GAQ0,US06418GAQ01,BANK OF NOVA SCOTIA,Bank of Nova Scotia/The,8881000.0,9011726.54,0.030258246009,DBT,CORP,2031-02-14,5.13,Fixed
29250NAZ8,US29250NAZ87,ENBRIDGE INC,Enbridge Inc,6401000.0,6103091.7,0.020492061011,DBT,CORP,2029-11-15,3.13,Fixed
341081GL5,US341081GL58,FLORIDA POWER & LIGHT CO,Florida Power & Light Co,7682000.0,7816813.72,0.02624614401,DBT,CORP,2033-04-01,5.1,Fixed
91324PFP2,US91324PFP27,UNITEDHEALTH GROUP INC,UnitedHealth Group Inc,7607000.0,7626114.87,0.025605843543,DBT,CORP,2031-01-15,4.65,Fixed
06051GGG8,US06051GGG82,BANK OF AMERICA CORP,Bank of America Corp,16640000.0,14161528.58,0.047549491625,DBT,CORP,2048-01-20,4.44,Fixed
925650AK9,US925650AK98,VICI PROPERTIES LP,VICI Properties LP,5089000.0,5104411.02,0.017138838345,DBT,,2035-04-01,5.63,Fixed
50077LAM8,US50077LAM81,KRAFT HEINZ FOODS CO,Kraft Heinz Foods Co,12049000.0,10691989.81,0.035899986153,DBT,CORP,2045-07-15,5.2,Fixed
125523CX6,US125523CX69,CIGNA GROUP/THE,Cigna Group/The,7849000.0,7818021.57,0.026250199551,DBT,CORP,2030-09-15,4.5,Fixed
00206RNP3,US00206RNP37,AT&T INC,AT&T Inc,18193000.0,18278421.59,0.06137258767,DBT,CORP,2056-10-30,6.2,Fixed
084664BL4,US084664BL47,BERKSHIRE HATHAWAY FIN,Berkshire Hathaway Finance Corp,5575000.0,5984051.13,0.020092364146,DBT,CORP,2040-01-15,5.75,Fixed
032654AV7,US032654AV70,ANALOG DEVICES INC,Analog Devices Inc,13088000.0,11554744.73,0.038796817354,DBT,CORP,2031-10-01,2.1,Fixed
693475CA1,US693475CA12,PNC FINANCIAL SERVICES,PNC Financial Services Group Inc/The,11892000.0,11862837.25,0.039831284969,DBT,CORP,2032-10-21,4.81,Fixed
207597EL5,US207597EL50,CONNECTICUT LIGHT & PWR,Connecticut Light and Power Co/The,3009000.0,2383590.78,0.008003269505,DBT,CORP,2048-04-01,4.0,Fixed
20030NDW8,US20030NDW83,COMCAST CORP,Comcast Corp,30181000.0,16149753.5,0.054225259969,DBT,CORP,2063-11-01,2.99,Fixed
30303M8R6,US30303M8R66,META PLATFORMS INC,Meta Platforms Inc,11665000.0,10718189.28,0.035987954869,DBT,CORP,2063-05-15,5.75,Fixed
20826FBF2,US20826FBF27,CONOCOPHILLIPS COMPANY,ConocoPhillips Co,8016000.0,8143524.14,0.027343124064,DBT,CORP,2033-09-15,5.05,Fixed
039482AD6,US039482AD67,ARCHER-DANIELS-MIDLAND C,Archer-Daniels-Midland Co,4661000.0,4257315.92,0.014294587377,DBT,CORP,2032-03-01,2.9,Fixed
46647PDH6,US46647PDH64,JPMORGAN CHASE & CO,JPMorgan Chase & Co,29869000.0,29946480.19,0.100549873622,DBT,CORP,2033-07-25,4.91,Fixed
37045VAJ9,US37045VAJ98,GENERAL MOTORS CO,General Motors Co,8301000.0,7359351.16,0.024710143709,DBT,CORP,2045-04-01,5.2,Fixed
30303M8M7,US30303M8M79,META PLATFORMS INC,Meta Platforms Inc,11101000.0,11257705.05,0.037799461334,DBT,CORP,2030-05-15,4.8,Fixed
06051GLH0,US06051GLH01,BANK OF AMERICA CORP,Bank of America Corp,35442000.0,35987781.99,0.120834465623,DBT,CORP,2034-04-25,5.29,Fixed
68389XCJ2,US68389XCJ28,ORACLE CORP,Oracle Corp,15462000.0,16020560.11,0.053791473462,DBT,CORP,2032-11-09,6.25,Fixed
337932AM9,US337932AM94,FIRSTENERGY CORP,FirstEnergy Corp,6493000.0,4415871.12,0.014826960638,DBT,CORP,2050-03-01,3.4,Fixed
694308KV8,US694308KV83,PACIFIC GAS & ELECTRIC,Pacific Gas and Electric Co,6003000.0,5858952.61,0.019672326789,DBT,CORP,2055-03-01,6.15,Fixed
02079KAY3,US02079KAY38,ALPHABET INC,Alphabet Inc,27756000.0,27264283.03,0.091543987663,DBT,CORP,2035-11-15,4.7,Fixed
046353AW8,US046353AW81,ASTRAZENECA PLC,AstraZeneca PLC,5494000.0,4854792.33,0.01630070553,DBT,CORP,2030-08-06,1.38,Fixed
136385AY7,US136385AY72,CANADIAN NATL RESOURCES,Canadian Natural Resources Ltd,3924000.0,3513017.9,0.011795493281,DBT,CORP,2047-06-01,4.95,Fixed
98389BBA7,US98389BBA70,XCEL ENERGY INC,Xcel Energy Inc,6969000.0,7116024.3,0.023893136673,DBT,CORP,2033-08-15,5.45,Fixed
023135AP1,US023135AP19,AMAZON.COM INC,Amazon.com Inc,7137000.0,7190516.79,0.024143256567,DBT,CORP,2034-12-05,4.8,Fixed
20030NBQ3,US20030NBQ34,COMCAST CORP,Comcast Corp,6100000.0,5115978.5,0.017177677922,DBT,CORP,2045-08-15,4.6,Fixed
91324PEV0,US91324PEV04,UNITEDHEALTH GROUP INC,UnitedHealth Group Inc,11569000.0,11303288.99,0.037952516364,DBT,CORP,2033-04-15,4.5,Fixed
00440KAC7,US00440KAC71,ACCENTURE CAPITAL INC,Accenture Capital Inc,10999000.0,10835583.46,0.036382123729,DBT,CORP,2031-10-04,4.25,Fixed
91324PEA6,US91324PEA66,UNITEDHEALTH GROUP INC,UnitedHealth Group Inc,6309000.0,3828451.99,0.012854611337,DBT,CORP,2060-05-15,3.13,Fixed
23291KAH8,US23291KAH86,DH EUROPE FINANCE II,DH Europe Finance II Sarl,7439000.0,6978360.75,0.023430910312,DBT,CORP,2029-11-15,2.6,Fixed
76720AAT3,US76720AAT34,RIO TINTO FIN USA PLC,RIO TINTO FIN USA PLC,11159000.0,11309045.03,0.037971843146,DBT,CORP,2032-03-14,5.0,Fixed
89788MAP7,US89788MAP77,TRUIST FINANCIAL CORP,Truist Financial Corp,13812000.0,14385914.84,0.048302902709,DBT,CORP,2034-06-08,5.87,Fixed
03522AAJ9,US03522AAJ97,ANHEUSER-BUSCH CO/INBEV,Anheuser-Busch Cos LLC / Anheuser-Busch InBev Worldwide Inc,66847000.0,60957625.55,0.204674522898,DBT,CORP,2046-02-01,4.9,Fixed
55336VBT6,US55336VBT61,MPLX LP,MPLX LP,10929000.0,9275987.66,0.031145543016,DBT,CORP,2052-03-14,4.95,Fixed
478160CR3,US478160CR35,JOHNSON & JOHNSON,Johnson & Johnson,7255000.0,5078294.68,0.017051148751,DBT,CORP,2040-09-01,2.1,Fixed
404119CL1,US404119CL13,HCA INC,HCA Inc,15705000.0,12647365.28,0.042465457459,DBT,CORP,2052-03-15,4.63,Fixed
713448FA1,US713448FA19,PEPSICO INC,PepsiCo Inc,6800000.0,5932895.96,0.019920602862,DBT,CORP,2031-02-25,1.4,Fixed
606822CD4,US606822CD45,MITSUBISHI UFJ FIN GRP,Mitsubishi UFJ Financial Group Inc,8142000.0,7303435.88,0.02452239963,DBT,CORP,2033-01-19,2.85,Fixed
67066GAG9,US67066GAG91,NVIDIA CORP,NVIDIA Corp,7817000.0,6531833.61,0.021931627351,DBT,CORP,2040-04-01,3.5,Fixed
594918CB8,US594918CB81,MICROSOFT CORP,Microsoft Corp,5606000.0,4796713.92,0.016105698412,DBT,CORP,2057-02-06,4.5,Fixed
23338VBA3,US23338VBA35,DTE ELECTRIC CO,DTE Electric Co,6731000.0,6569964.86,0.022059658837,DBT,CORP,2056-03-01,5.55,Fixed
110122DR6,US110122DR63,BRISTOL-MYERS SQUIBB CO,Bristol-Myers Squibb Co,9535000.0,6679429.6,0.022427203393,DBT,CORP,2040-11-13,2.35,Fixed
458140BG4,US458140BG44,INTEL CORP,Intel Corp,15548000.0,11241888.11,0.037746353546,DBT,CORP,2047-12-08,3.73,Fixed
58933YCB9,US58933YCB92,MERCK & CO INC,Merck & Co Inc,11305000.0,11092047.72,0.037243241589,DBT,CORP,2055-12-04,5.55,Fixed
05971KAF6,US05971KAF66,BANCO SANTANDER SA,Banco Santander SA,9299000.0,8856668.89,0.029737616306,DBT,CORP,2030-05-28,3.49,Fixed
822905AB1,US822905AB18,SHELL FINANCE US INC,Shell Finance US Inc,6806000.0,6402786.02,0.02149833039,DBT,CORP,2030-04-06,2.75,Fixed
404119BX6,US404119BX69,HCA INC,HCA Inc,5021000.0,4946600.33,0.016608964889,DBT,CORP,2029-06-15,4.13,Fixed
606822CR3,US606822CR31,MITSUBISHI UFJ FIN GRP,Mitsubishi UFJ Financial Group Inc,4678000.0,4805899.79,0.016136541371,DBT,CORP,2033-09-13,5.47,Fixed
039482AC8,US039482AC84,ARCHER-DANIELS-MIDLAND C,Archer-Daniels-Midland Co,5502000.0,3343534.59,0.011226427224,DBT,CORP,2051-09-15,2.7,Fixed
10373QBT6,US10373QBT67,BP CAP MARKETS AMERICA,BP Capital Markets America Inc,9574000.0,8654902.7,0.029060155556,DBT,CORP,2032-01-12,2.72,Fixed
69120VAZ4,US69120VAZ40,BLUE OWL CREDIT INCOME,Blue Owl Credit Income Corp,6311000.0,6326798.96,0.021243192249,DBT,CORP,2031-03-15,6.65,Fixed
254687EB8,US254687EB89,WALT DISNEY COMPANY/THE,Walt Disney Co/The,5679000.0,6287686.01,0.021111864555,DBT,CORP,2035-12-15,6.4,Fixed
970648AN1,US970648AN13,WILLIS NORTH AMERICA INC,Willis North America Inc,6073000.0,6020675.03,0.020215334474,DBT,CORP,2054-03-05,5.9,Fixed
56501RAD8,US56501RAD89,MANULIFE FINANCIAL CORP,Manulife Financial Corp,5731000.0,5535846.27,0.018587447984,DBT,CORP,2046-03-04,5.38,Fixed
606822DV3,US606822DV34,MITSUBISHI UFJ FIN GRP,Mitsubishi UFJ Financial Group Inc,13568000.0,13603350.07,0.045675322164,DBT,CORP,2037-04-21,5.33,Fixed
20030NDM0,US20030NDM02,COMCAST CORP,Comcast Corp,12409000.0,11011086.44,0.036971401746,DBT,CORP,2031-01-15,1.95,Fixed
038222AM7,US038222AM71,APPLIED MATERIALS INC,Applied Materials Inc,4366000.0,3724774.75,0.012506499194,DBT,CORP,2047-04-01,4.35,Fixed
375558CL5,US375558CL54,GILEAD SCIENCES INC,Gilead Sciences Inc,6806000.0,6808224.88,0.022859653185,DBT,CORP,2031-05-20,4.6,Fixed
437076BX9,US437076BX94,HOME DEPOT INC,Home Depot Inc/The,10095000.0,8563552.16,0.028753432189,DBT,CORP,2048-12-06,4.5,Fixed
87612BBS0,US87612BBS07,TARGA RESOURCES PARTNERS,Targa Resources Partners LP / Targa Resources Partners Finance Corp,10008000.0,10005632.11,0.033595435516,DBT,CORP,2031-02-01,4.88,Fixed
052769AH9,US052769AH94,AUTODESK INC,Autodesk Inc,6632000.0,5844359.14,0.019623326988,DBT,CORP,2031-12-15,2.4,Fixed
969457CA6,US969457CA67,WILLIAMS COMPANIES INC,Williams Cos Inc/The,6493000.0,5942306.59,0.019952200487,DBT,CORP,2052-08-15,5.3,Fixed
023608AR3,US023608AR31,AMEREN CORP,Ameren Corp,4955000.0,5016661.01,0.016844204305,DBT,CORP,2035-03-15,5.38,Fixed
06051GHX0,US06051GHX07,BANK OF AMERICA CORP,Bank of America Corp,14739000.0,13939515.37,0.046804048419,DBT,CORP,2030-10-22,2.88,Fixed
58013MEC4,US58013MEC47,MCDONALD'S CORP,McDonald's Corp,6737000.0,7345629.34,0.024664070606,DBT,CORP,2037-10-15,6.3,Fixed
25278XAN9,US25278XAN93,DIAMONDBACK ENERGY INC,Diamondback Energy Inc,8512000.0,8246767.78,0.027689780328,DBT,CORP,2029-12-01,3.5,Fixed
458140CA6,US458140CA64,INTEL CORP,Intel Corp,9159000.0,8805667.76,0.029566372235,DBT,CORP,2032-08-05,4.15,Fixed
53944YBA0,US53944YBA01,LLOYDS BANKING GROUP PLC,Lloyds Banking Group PLC,7598000.0,7816663.6,0.026245639959,DBT,CORP,2030-06-05,5.72,Fixed
92343VCQ5,US92343VCQ59,VERIZON COMMUNICATIONS,Verizon Communications Inc,12035000.0,11472555.11,0.038520853172,DBT,CORP,2034-11-01,4.4,Fixed
29273VBE9,US29273VBE92,ENERGY TRANSFER LP,Energy Transfer LP,9759000.0,10045070.45,0.033727855756,DBT,CORP,2035-04-01,5.7,Fixed
59156RBG2,US59156RBG20,METLIFE INC,MetLife Inc,6684000.0,6142523.81,0.020624460333,DBT,CORP,2043-11-13,4.88,Fixed
893526DJ9,US893526DJ90,TRANSCANADA PIPELINES,TransCanada PipeLines Ltd,7841000.0,8216663.88,0.027588701893,DBT,CORP,2040-06-01,6.1,Fixed
341081FX0,US341081FX06,FLORIDA POWER & LIGHT CO,Florida Power & Light Co,5688000.0,3842195.65,0.012900757771,DBT,CORP,2049-10-01,3.15,Fixed
111021AE1,US111021AE12,BRITISH TELECOMMUNICATIO,British Telecommunications PLC,15366000.0,18279107.79,0.061374891691,DBT,CORP,2030-12-15,9.63,Fixed
89236TNJ0,US89236TNJ06,TOYOTA MOTOR CREDIT CORP,Toyota Motor Credit Corp,7528000.0,7603253.65,0.02552908351,DBT,CORP,2030-05-15,4.8,Fixed
036752BA0,US036752BA01,ELEVANCE HEALTH INC,Elevance Health Inc,6985000.0,6712165.2,0.022537118162,DBT,CORP,2054-06-15,5.65,Fixed
882508BJ2,US882508BJ22,TEXAS INSTRUMENTS INC,Texas Instruments Inc,9202000.0,8317405.3,0.027926956573,DBT,CORP,2030-05-04,1.75,Fixed
20030NBU4,US20030NBU46,COMCAST CORP,Comcast Corp,11073000.0,7625843.33,0.025604931806,DBT,CORP,2046-07-15,3.4,Fixed
95000U2L6,US95000U2L65,WELLS FARGO & COMPANY,Wells Fargo & Co,17110000.0,16963196.2,0.056956517871,DBT,CORP,2031-04-04,4.48,Fixed
444859BE1,US444859BE13,HUMANA INC,Humana Inc,5376000.0,4653847.3,0.01562600195,DBT,CORP,2044-10-01,4.95,Fixed
10922NAF0,US10922NAF06,BRIGHTHOUSE FINANCIAL IN,Brighthouse Financial Inc,2473000.0,1785140.24,0.005993880562,DBT,CORP,2047-06-22,4.7,Fixed
25746UDG1,US25746UDG13,DOMINION ENERGY INC,Dominion Energy Inc,12874000.0,12321413.16,0.041371023513,DBT,CORP,2030-04-01,3.38,Fixed
29379VCG6,US29379VCG68,ENTERPRISE PRODUCTS OPER,Enterprise Products Operating LLC,5649000.0,5635867.2,0.018923283508,DBT,CORP,2035-02-15,4.95,Fixed
606822BK9,US606822BK96,MITSUBISHI UFJ FIN GRP,Mitsubishi UFJ Financial Group Inc,10841000.0,9216320.04,0.030945199883,DBT,CORP,2039-07-18,3.75,Fixed
38141GXA7,US38141GXA74,GOLDMAN SACHS GROUP INC,Goldman Sachs Group Inc/The,12990000.0,11722730.67,0.039360855763,DBT,CORP,2039-04-23,4.41,Fixed
854502AL5,US854502AL57,STANLEY BLACK & DECKER I,Stanley Black & Decker Inc,7336000.0,6719812.68,0.022562795742,DBT,CORP,2030-03-15,2.3,Fixed
20030NCG4,US20030NCG43,COMCAST CORP,Comcast Corp,7712000.0,5553095.01,0.018645363258,DBT,CORP,2052-11-01,4.05,Fixed
06738EBW4,US06738EBW49,BARCLAYS PLC,Barclays PLC,5757000.0,4320774.73,0.014507660008,DBT,CORP,2042-11-24,3.33,Fixed
02344AAA6,US02344AAA60,AMCOR FLEXIBLES NORTH AM,Amcor Flexibles North America Inc,6419000.0,5812987.35,0.01951799142,DBT,CORP,2031-05-25,2.69,Fixed
30161MAG8,US30161MAG87,CONSTELLATION EN GEN LLC,Constellation Energy Generation LLC,5705000.0,6019738.0,0.020212188253,DBT,CORP,2039-10-01,6.25,Fixed
911312CA2,US911312CA23,UNITED PARCEL SERVICE,United Parcel Service Inc,7712000.0,6938609.79,0.023297440402,DBT,CORP,2053-03-03,5.05,Fixed
822905AA3,US822905AA35,SHELL FINANCE US INC,Shell Finance US Inc,17884000.0,15284213.65,0.05131907794,DBT,CORP,2045-05-11,4.38,Fixed
125523CY4,US125523CY43,CIGNA GROUP/THE,Cigna Group/The,8239000.0,8241902.6,0.027673444744,DBT,CORP,2032-09-15,4.88,Fixed
931142ET6,US931142ET65,WALMART INC,Walmart Inc,7303000.0,6458665.85,0.02168595544,DBT,CORP,2031-09-22,1.8,Fixed
66989HAU2,US66989HAU23,NOVARTIS CAPITAL CORP,Novartis Capital Corp,7462000.0,7312515.99,0.024552887484,DBT,CORP,2031-09-18,4.0,Fixed
00287YEG0,US00287YEG08,ABBVIE INC,AbbVie Inc,9604000.0,9410582.16,0.031597464573,DBT,CORP,2036-03-15,4.75,Fixed
03769MAC0,US03769MAC01,APOLLO GLOBAL MANAGEMENT,Apollo Global Management Inc,5335000.0,5148408.91,0.017286567969,DBT,CORP,2054-05-21,5.8,Fixed
24703DBL4,US24703DBL47,DELL INT LLC / EMC CORP,Dell International LLC / EMC Corp,8318000.0,8693790.6,0.02919072761,DBT,CORP,2033-02-01,5.75,Fixed
902674A26,US902674A263,UBS AG LONDON,UBS AG/London,8042000.0,6919438.13,0.02323306863,DBT,CORP,2048-06-26,4.5,Fixed
12189LBM2,US12189LBM28,BURLINGTN NORTH SANTA FE,Burlington Northern Santa Fe LLC,6053000.0,6124846.08,0.020565104659,DBT,CORP,2056-03-15,5.8,Fixed
552081AM3,US552081AM30,LYONDELLBASELL IND NV,LyondellBasell Industries NV,7870000.0,6100535.96,0.020483479725,DBT,CORP,2055-02-26,4.63,Fixed
694308KM8,US694308KM84,PACIFIC GAS & ELECTRIC,Pacific Gas and Electric Co,9636000.0,10248694.46,0.03441155442,DBT,CORP,2033-06-15,6.4,Fixed
717081FB4,US717081FB45,PFIZER INC,Pfizer Inc,10533000.0,9216525.62,0.030945890149,DBT,CORP,2031-08-18,1.75,Fixed
38141EC31,US38141EC311,GOLDMAN SACHS GROUP INC,Goldman Sachs Group Inc/The,12998000.0,11668153.82,0.039177605667,DBT,CORP,2044-07-08,4.8,Fixed
38141GC51,US38141GC514,GOLDMAN SACHS GROUP INC,Goldman Sachs Group Inc/The,23090000.0,22761900.34,0.076426551236,DBT,CORP,2056-01-28,5.73,Fixed
161175CA0,US161175CA05,CHARTER COMM OPT LLC/CAP,Charter Communications Operating LLC / Charter Communications Operating Capital,16419000.0,10471860.87,0.035160869671,DBT,CORP,2052-06-01,3.9,Fixed
036752AP8,US036752AP88,ELEVANCE HEALTH INC,Elevance Health Inc,6642000.0,6025842.25,0.020232684204,DBT,CORP,2031-03-15,2.55,Fixed
370334CL6,US370334CL64,GENERAL MILLS INC,General Mills Inc,4894000.0,4579405.36,0.015376051786,DBT,CORP,2030-04-15,2.88,Fixed
61772BAC7,US61772BAC72,MORGAN STANLEY,Morgan Stanley,13413000.0,10238621.74,0.034377733726,DBT,CORP,2042-04-22,3.22,Fixed
097023CV5,US097023CV59,BOEING CO,Boeing Co/The,21401000.0,21804291.14,0.073211232326,DBT,CORP,2040-05-01,5.71,Fixed
055451BF4,US055451BF42,BHP BILLITON FIN USA LTD,BHP Billiton Finance USA Ltd,7592000.0,7473762.19,0.025094296188,DBT,CORP,2053-09-08,5.5,Fixed
855244AW9,US855244AW96,STARBUCKS CORP,Starbucks Corp,8330000.0,7656302.09,0.025707201737,DBT,CORP,2030-03-12,2.25,Fixed
278642AF0,US278642AF09,EBAY INC,eBay Inc,6079000.0,4893627.83,0.016431101643,DBT,CORP,2042-07-15,4.0,Fixed
86562MBP4,US86562MBP41,SUMITOMO MITSUI FINL GRP,Sumitomo Mitsui Financial Group Inc,6152000.0,5864466.59,0.019690840818,DBT,CORP,2029-07-16,3.04,Fixed
20826FAV8,US20826FAV85,CONOCOPHILLIPS COMPANY,ConocoPhillips Co,6411000.0,4731382.11,0.015886336898,DBT,CORP,2052-03-15,3.8,Fixed
20030NAC5,US20030NAC56,COMCAST CORP,Comcast Corp,6166000.0,6905027.78,0.023184683683,DBT,CORP,2033-03-15,7.05,Fixed
126408GY3,US126408GY39,CSX CORP,CSX Corp,7441000.0,6191627.82,0.020789334535,DBT,CORP,2044-03-15,4.1,Fixed
46590XAY2,US46590XAY22,JBS NV/USA FOODS/FOOD CO,JBS NV/JBS USA Foods Group Holdings Inc/JBS USA Food Co Holdings,12084000.0,12423235.34,0.041712907009,DBT,CORP,2033-04-01,5.75,Fixed
674599DF9,US674599DF90,OCCIDENTAL PETROLEUM COR,Occidental Petroleum Corp,12793000.0,13892220.61,0.046645249051,DBT,CORP,2036-09-15,6.45,Fixed
126650DU1,US126650DU15,CVS HEALTH CORP,CVS Health Corp,11949000.0,12143599.02,0.040773985424,DBT,CORP,2033-02-21,5.25,Fixed
00287YEB1,US00287YEB11,ABBVIE INC,AbbVie Inc,8447000.0,8356645.82,0.028058712602,DBT,CORP,2055-03-15,5.6,Fixed
87165BAR4,US87165BAR42,SYNCHRONY FINANCIAL,Synchrony Financial,3519000.0,3100576.47,0.010410658288,DBT,CORP,2031-10-28,2.88,Fixed
532457DQ8,US532457DQ80,ELI LILLY & CO,Eli Lilly & Co,5994000.0,6015056.92,0.020196470813,DBT,CORP,2066-05-20,5.7,Fixed
345397G49,US345397G495,FORD MOTOR CREDIT CO LLC,Ford Motor Credit Co LLC,6890000.0,7000066.37,0.023503790241,DBT,CORP,2029-11-07,5.88,Fixed
532457CM8,US532457CM85,ELI LILLY & CO,Eli Lilly & Co,11424000.0,10519555.07,0.03532101022,DBT,CORP,2054-02-09,5.0,Fixed
023135DF0,US023135DF00,AMAZON.COM INC,Amazon.com Inc,46545000.0,45976136.32,0.154371888358,DBT,CORP,2036-03-13,4.88,Fixed
693475BM6,US693475BM68,PNC FINANCIAL SERVICES,PNC Financial Services Group Inc/The,13061000.0,13093247.61,0.043962575372,DBT,CORP,2034-01-24,5.07,Fixed
30231GBG6,US30231GBG64,EXXON MOBIL CORPORATION,Exxon Mobil Corp,20517000.0,17181955.49,0.057691035545,DBT,CORP,2050-03-19,4.33,Fixed
92343VFW9,US92343VFW90,VERIZON COMMUNICATIONS,Verizon Communications Inc,27285000.0,16181696.67,0.054332514033,DBT,CORP,2056-10-30,2.99,Fixed
30231GBK7,US30231GBK76,EXXON MOBIL CORPORATION,Exxon Mobil Corp,5478000.0,5312772.56,0.017838443987,DBT,CORP,2030-03-19,3.48,Fixed
88732JBB3,US88732JBB35,TIME WARNER CABLE LLC,Time Warner Cable LLC,9892000.0,8538600.3,0.028669652514,DBT,CORP,2041-09-01,5.5,Fixed
191216DL1,US191216DL17,COCA-COLA CO/THE,Coca-Cola Co/The,13657000.0,9015671.28,0.030271491075,DBT,CORP,2051-03-05,3.0,Fixed
254687FY7,US254687FY73,WALT DISNEY COMPANY/THE,Walt Disney Co/The,13365000.0,10961390.29,0.036804539344,DBT,CORP,2040-05-13,3.5,Fixed
16411QAN1,US16411QAN16,CHENIERE ENERGY PARTNERS,Cheniere Energy Partners LP,5653000.0,5184790.84,0.017408725847,DBT,CORP,2032-01-31,3.25,Fixed
075887CJ6,US075887CJ64,BECTON DICKINSON & CO,Becton Dickinson & Co,6839000.0,6384945.11,0.021438426814,DBT,CORP,2030-05-20,2.82,Fixed
92343VHG2,US92343VHG23,VERIZON COMMUNICATIONS,Verizon Communications Inc,17026000.0,16710166.0,0.056106930392,DBT,CORP,2036-01-15,5.0,Fixed
58933YCG8,US58933YCG89,MERCK & CO INC,Merck & Co Inc,8851000.0,8958533.45,0.030079642099,DBT,CORP,2036-05-22,5.2,Fixed
38141GXG4,US38141GXG45,GOLDMAN SACHS GROUP INC,Goldman Sachs Group Inc/The,9029000.0,8413819.92,0.028250683361,DBT,CORP,2030-02-07,2.6,Fixed
742718FM6,US742718FM66,PROCTER & GAMBLE CO/THE,Procter & Gamble Co/The,9188000.0,8047836.27,0.027021837449,DBT,CORP,2030-10-29,1.2,Fixed
37940XAQ5,US37940XAQ51,GLOBAL PAYMENTS INC,Global Payments Inc,6214000.0,6217928.49,0.020877643045,DBT,CORP,2032-08-15,5.4,Fixed
29273VBJ8,US29273VBJ89,ENERGY TRANSFER LP,Energy Transfer LP,9061000.0,8976922.98,0.03014138775,DBT,CORP,2031-01-15,4.55,Fixed
68389XEB7,US68389XEB73,ORACLE CORP,Oracle Corp,39847000.0,38307407.55,0.128622962148,DBT,CORP,2056-02-04,6.7,Fixed
13645RBH6,US13645RBH66,CANADIAN PACIFIC RAILWAY,Canadian Pacific Railway Co,13115000.0,8583368.8,0.028819969579,DBT,CORP,2051-12-02,3.1,Fixed
02665WEZ0,US02665WEZ05,AMERICAN HONDA FINANCE,American Honda Finance Corp,7366000.0,7260960.84,0.024379783206,DBT,CORP,2034-01-10,4.9,Fixed
911312BQ8,US911312BQ83,UNITED PARCEL SERVICE,United Parcel Service Inc,6805000.0,5503935.72,0.018480303446,DBT,CORP,2049-03-15,4.25,Fixed
87264ADS1,US87264ADS15,T-MOBILE USA INC,T-Mobile USA Inc,8249000.0,8364308.65,0.028084441722,DBT,CORP,2032-05-15,5.13,Fixed
61748UAE2,US61748UAE29,MORGAN STANLEY,Morgan Stanley,16758000.0,17002154.01,0.057087324659,DBT,CORP,2031-01-15,5.23,Fixed
25243YBB4,US25243YBB48,DIAGEO CAPITAL PLC,Diageo Capital PLC,6932000.0,6467423.6,0.021715360921,DBT,CORP,2029-10-24,2.38,Fixed
539439BA6,US539439BA62,LLOYDS BANKING GROUP PLC,Lloyds Banking Group PLC,5335000.0,5447300.15,0.018290140884,DBT,CORP,2035-11-26,5.59,Fixed
46647PFD3,US46647PFD33,JPMORGAN CHASE & CO,JPMorgan Chase & Co,11299000.0,11081468.26,0.037207719439,DBT,CORP,2031-10-22,4.26,Fixed
927804GF5,US927804GF58,VIRGINIA ELEC & POWER CO,Virginia Electric and Power Co,6120000.0,3839458.5,0.012891567373,DBT,CORP,2051-11-15,2.95,Fixed
74340XCH2,US74340XCH26,PROLOGIS LP,Prologis LP,4574000.0,4622035.23,0.015519188075,DBT,,2034-01-15,5.13,Fixed
45866FAN4,US45866FAN42,INTERCONTINENTALEXCHANGE,Intercontinental Exchange Inc,9167000.0,7749731.38,0.026020904825,DBT,CORP,2032-09-15,1.85,Fixed
377372AP2,US377372AP29,GLAXOSMITHKLINE CAP INC,GLAXOSMITHKLINE CAPITAL,7298000.0,7323183.21,0.024588704302,DBT,CORP,2030-04-15,4.5,Fixed
87612EBJ4,US87612EBJ47,TARGET CORP,Target Corp,6198000.0,5763109.89,0.019350520242,DBT,CORP,2030-02-15,2.35,Fixed
980236AV5,US980236AV51,WOODSIDE FINANCE LTD,Woodside Finance Ltd,7118000.0,7429792.6,0.024946661585,DBT,CORP,2035-05-19,6.0,Fixed
149123CH2,US149123CH22,CATERPILLAR INC,Caterpillar Inc,9597000.0,9006014.82,0.030239068038,DBT,CORP,2030-04-09,2.6,Fixed
46590XAP1,US46590XAP15,JBS NV/USA FOODS/FOOD CO,JBS NV/JBS USA Foods Group Holdings Inc/JBS USA Food Co Holdings,7803000.0,6936443.3,0.023290166082,DBT,CORP,2032-05-15,3.0,Fixed
548661EF0,US548661EF07,LOWE'S COS INC,Lowe's Cos Inc,8362000.0,6482209.02,0.021765005223,DBT,CORP,2062-04-01,4.45,Fixed
06051GKA6,US06051GKA66,BANK OF AMERICA CORP,Bank of America Corp,30341000.0,26850726.1,0.090155407209,DBT,CORP,2032-07-21,2.3,Fixed
00287YDZ9,US00287YDZ97,ABBVIE INC,AbbVie Inc,6173000.0,6262259.73,0.021026491943,DBT,CORP,2030-03-15,4.88,Fixed
25278XBA6,US25278XBA63,DIAMONDBACK ENERGY INC,Diamondback Energy Inc,10413000.0,10219670.16,0.034314100907,DBT,CORP,2054-04-18,5.75,Fixed
70450YAL7,US70450YAL74,PAYPAL HOLDINGS INC,PayPal Holdings Inc,7518000.0,7315831.21,0.024564018841,DBT,CORP,2032-06-01,4.4,Fixed
55336VBZ2,US55336VBZ22,MPLX LP,MPLX LP,7824000.0,7601153.7,0.025522032608,DBT,CORP,2055-04-01,5.95,Fixed
89788MAY8,US89788MAY84,TRUIST FINANCIAL CORP,Truist Financial Corp,7118000.0,7044016.93,0.023651360948,DBT,CORP,2037-04-23,5.28,Fixed
31428XDS2,US31428XDS27,FEDEX CORP,FedEx Corp,7449000.0,6280024.71,0.021086140572,DBT,CORP,2046-04-01,4.55,Fixed
12636YAE2,US12636YAE23,CRH AMERICA FINANCE INC,CRH America Finance Inc,4399000.0,4484869.36,0.01505863275,DBT,CORP,2034-05-21,5.4,Fixed
595112BS1,US595112BS19,MICRON TECHNOLOGY INC,Micron Technology Inc,6877000.0,6172652.85,0.020725623179,DBT,CORP,2032-04-15,2.7,Fixed
21684AAD8,US21684AAD81,COOPERATIEVE RABOBANK UA,Cooperatieve Rabobank UA,9482000.0,8807285.53,0.029571804144,DBT,CORP,2045-08-04,5.25,Fixed
30303MAD4,US30303MAD48,META PLATFORMS INC,Meta Platforms Inc,48866000.0,47694344.8,0.160141035331,DBT,CORP,2035-11-15,4.88,Fixed
036752BC6,US036752BC66,ELEVANCE HEALTH INC,Elevance Health Inc,5930000.0,5966697.21,0.020034095713,DBT,CORP,2031-11-01,4.95,Fixed
37940XAB8,US37940XAB82,GLOBAL PAYMENTS INC,Global Payments Inc,6276000.0,5940299.27,0.019945460604,DBT,CORP,2029-08-15,3.2,Fixed
718546AH7,US718546AH74,PHILLIPS 66,Phillips 66,10532000.0,10612167.48,0.035631970508,DBT,CORP,2042-05-01,5.88,Fixed
665859AX2,US665859AX29,NORTHERN TRUST CORP,Northern Trust Corp,4556000.0,4881666.98,0.016390941265,DBT,CORP,2032-11-02,6.13,Fixed
754730AF6,US754730AF69,RAYMOND JAMES FINANCIAL,Raymond James Financial Inc,7344000.0,6596380.8,0.022148354384,DBT,CORP,2046-07-15,4.95,Fixed
89417EAS8,US89417EAS81,TRAVELERS COS INC,Travelers Cos Inc/The,7050000.0,6851084.96,0.023003562439,DBT,CORP,2053-05-25,5.45,Fixed
20030NCN9,US20030NCN93,COMCAST CORP,Comcast Corp,8300000.0,6811031.46,0.022869076706,DBT,CORP,2058-10-15,4.95,Fixed
87264ADD4,US87264ADD46,T-MOBILE USA INC,T-Mobile USA Inc,9825000.0,9807639.23,0.032930644231,DBT,CORP,2054-06-15,6.0,Fixed
13607LWW9,US13607LWW98,CANADIAN IMPERIAL BANK,Canadian Imperial Bank of Commerce,7690000.0,8216454.32,0.027587998264,DBT,CORP,2033-10-03,6.09,Fixed
191216DE7,US191216DE73,COCA-COLA CO/THE,Coca-Cola Co/The,9184000.0,8007545.21,0.026886554071,DBT,CORP,2031-03-15,1.38,Fixed
63253QAL8,US63253QAL86,NATIONAL AUSTRALIA BK/NY,National Australia Bank Ltd/New York,2628000.0,2672179.57,0.008972250373,DBT,CORP,2030-01-14,4.9,Fixed
95000U4B6,US95000U4B65,WELLS FARGO & COMPANY,Wells Fargo & Co,12353000.0,12066039.81,0.04051356855,DBT,CORP,2036-09-15,4.89,Fixed
58933YBF1,US58933YBF16,MERCK & CO INC,Merck & Co Inc,16751000.0,10242665.29,0.034391310562,DBT,CORP,2051-12-10,2.75,Fixed
023135DG8,US023135DG82,AMAZON.COM INC,Amazon.com Inc,17842000.0,17800028.48,0.059766309856,DBT,CORP,2046-03-13,5.65,Fixed
161175CS1,US161175CS13,CHARTER COMM OPT LLC/CAP,Charter Communications Operating LLC / Charter Communications Operating Capital,9169000.0,8917067.05,0.029940412338,DBT,CORP,2035-12-01,5.85,Fixed
43849RAG0,US43849RAG02,HONEYWELL AEROSPACE INC,Honeywell Aerospace Inc,26259000.0,25957060.89,0.087154789996,DBT,CORP,2036-03-16,4.95,Fixed
50540RBB7,US50540RBB78,LABORATORY CORP OF AMER,Laboratory Corp of America Holdings,6960000.0,6795327.1,0.022816346922,DBT,CORP,2034-10-01,4.8,Fixed
29446MAF9,US29446MAF95,EQUINOR ASA,Equinor ASA,3707000.0,3537783.23,0.011878646653,DBT,CORP,2030-04-06,3.13,Fixed
867224AB3,US867224AB33,SUNCOR ENERGY INC,Suncor Energy Inc,3997000.0,3076081.61,0.010328413061,DBT,CORP,2047-11-15,4.0,Fixed
11135FCX7,US11135FCX78,BROADCOM INC,Broadcom Inc,13300000.0,12821408.81,0.04304983515,DBT,CORP,2038-02-15,4.9,Fixed
87264ACX1,US87264ACX19,T-MOBILE USA INC,T-Mobile USA Inc,5077000.0,4936484.89,0.016575000757,DBT,CORP,2062-09-15,5.8,Fixed
92857WBM1,US92857WBM10,VODAFONE GROUP PLC,Vodafone Group PLC,9238000.0,8378071.53,0.02813065269,DBT,CORP,2048-05-30,5.25,Fixed
20030NBP5,US20030NBP50,COMCAST CORP,Comcast Corp,9680000.0,9143311.76,0.03070006345,DBT,CORP,2035-08-15,4.4,Fixed
097023DS1,US097023DS12,BOEING CO/THE,Boeing Co/The,18774000.0,20502957.74,0.068841807002,DBT,CORP,2034-05-01,6.53,Fixed
06051GJF7,US06051GJF72,BANK OF AMERICA CORP,Bank of America Corp,13111000.0,11710500.02,0.039319789491,DBT,CORP,2031-07-23,1.9,Fixed
50077LAZ9,US50077LAZ94,KRAFT HEINZ FOODS CO,Kraft Heinz Foods Co,10151000.0,8464368.72,0.028420408665,DBT,CORP,2049-10-01,4.88,Fixed
573874AT1,US573874AT14,MARVELL TECHNOLOGY INC,Marvell Technology Inc,6150000.0,6151245.38,0.020653744335,DBT,CORP,2036-04-15,5.3,Fixed
032095BA8,US032095BA89,AMPHENOL CORP,Amphenol Corp,12263000.0,11829141.19,0.03971814531,DBT,CORP,2036-02-15,4.63,Fixed
59156RAY4,US59156RAY45,METLIFE INC,MetLife Inc,7072000.0,7322372.84,0.024585983361,DBT,CORP,2041-02-06,5.88,Fixed
68389XCU7,US68389XCU72,ORACLE CORP,Oracle Corp,13020000.0,10434179.83,0.035034349833,DBT,CORP,2054-09-27,5.38,Fixed
67066GAN4,US67066GAN43,NVIDIA CORP,NVIDIA Corp,10308000.0,9229185.34,0.03098839709,DBT,CORP,2031-06-15,2.0,Fixed
713448EU8,US713448EU81,PEPSICO INC,PepsiCo Inc,6680000.0,4965513.87,0.016672469984,DBT,CORP,2050-03-19,3.63,Fixed
94974BGE4,US94974BGE48,WELLS FARGO & COMPANY,Wells Fargo & Co,15661000.0,13318764.33,0.044719782147,DBT,CORP,2044-11-04,4.65,Fixed
472140AB8,US472140AB82,JBS NV/USA FOODS/FOOD CO,JBS NV/JBS USA Foods Group Holdings Inc/JBS USA Food Co Holdings,9438000.0,9735591.47,0.03268873289,DBT,CORP,2035-04-20,5.95,Fixed
573874AJ3,US573874AJ32,MARVELL TECHNOLOGY INC,Marvell Technology Inc,6266000.0,5772064.38,0.019380586308,DBT,CORP,2031-04-15,2.95,Fixed
37045XEP7,US37045XEP78,GENERAL MOTORS FINL CO,General Motors Financial Co Inc,9893000.0,10363047.1,0.034795510845,DBT,CORP,2034-01-07,6.1,Fixed
91324PFM9,US91324PFM95,UNITEDHEALTH GROUP INC,UnitedHealth Group Inc,13211000.0,12820367.9,0.043046340136,DBT,CORP,2064-07-15,5.75,Fixed
78016HZZ6,US78016HZZ62,ROYAL BANK OF CANADA,Royal Bank of Canada,7802000.0,7878877.01,0.02645453097,DBT,CORP,2030-08-02,4.97,Fixed
37045VAF7,US37045VAF76,GENERAL MOTORS CO,General Motors Co,10928000.0,10995174.42,0.036917974712,DBT,CORP,2043-10-02,6.25,Fixed
142339AJ9,US142339AJ92,CARLISLE COS INC,Carlisle Cos Inc,5802000.0,5424330.41,0.018213016479,DBT,CORP,2030-03-01,2.75,Fixed
032095BB6,US032095BB62,AMPHENOL CORP,Amphenol Corp,12341000.0,11690837.86,0.03925377079,DBT,CORP,2055-11-15,5.3,Fixed
61747YGA7,US61747YGA73,MORGAN STANLEY,Morgan Stanley,21104000.0,21732793.68,0.072971168702,DBT,CORP,2036-04-17,5.66,Fixed
449276AG9,US449276AG99,IBM INTERNAT CAPITAL,IBM International Capital Pte Ltd,9441000.0,8528427.28,0.028635495048,DBT,CORP,2054-02-05,5.3,Fixed
694308JH1,US694308JH19,PACIFIC GAS & ELECTRIC,Pacific Gas and Electric Co,6689000.0,5023810.91,0.016868211185,DBT,CORP,2040-08-01,3.3,Fixed
756109CG7,US756109CG72,REALTY INCOME CORP,Realty Income Corp,7337000.0,7384162.24,0.024793450693,DBT,,2034-02-15,5.13,Fixed
36267VAH6,US36267VAH69,GE HEALTHCARE TECH INC,GE HealthCare Technologies Inc,8975000.0,9312026.51,0.03126654895,DBT,CORP,2030-03-15,5.86,Fixed
037833EJ5,US037833EJ59,APPLE INC,Apple Inc,11012000.0,9705503.28,0.032587707204,DBT,CORP,2031-08-05,1.7,Fixed
89158TAB5,US89158TAB52,TOTALENERGI CAP USA LLC,TotalEnergies Capital USA LLC,11597000.0,11450077.61,0.038445381538,DBT,CORP,2033-01-13,4.57,Fixed
37045XDS2,US37045XDS27,GENERAL MOTORS FINL CO,General Motors Financial Co Inc,9512000.0,8610522.08,0.028911140857,DBT,CORP,2032-01-12,3.1,Fixed
87264ACV5,US87264ACV52,T-MOBILE USA INC,T-Mobile USA Inc,8263000.0,8406840.65,0.028227249398,DBT,CORP,2033-01-15,5.2,Fixed
210385AU4,US210385AU46,CONSTELLATION EN GEN LLC,Constellation Energy Generation LLC,10971000.0,10925106.11,0.036682709677,DBT,CORP,2036-06-01,5.3,Fixed
12189LBE0,US12189LBE02,BURLINGTN NORTH SANTA FE,Burlington Northern Santa Fe LLC,8017000.0,5829966.41,0.019575001203,DBT,CORP,2050-02-15,3.55,Fixed
172967BL4,US172967BL44,CITIGROUP INC,Citigroup Inc,8326000.0,9048240.54,0.030380847332,DBT,CORP,2032-06-15,6.63,Fixed
278062AE4,US278062AE43,EATON CORP,Eaton Corp,6180000.0,5331500.83,0.017901327009,DBT,CORP,2042-11-02,4.15,Fixed
89236TGY5,US89236TGY55,TOYOTA MOTOR CREDIT CORP,Toyota Motor Credit Corp,7538000.0,7234995.77,0.024292601525,DBT,CORP,2030-04-01,3.38,Fixed
55336VAT7,US55336VAT70,MPLX LP,MPLX LP,10988000.0,10122215.92,0.033986883436,DBT,CORP,2049-02-15,5.5,Fixed
37045XEG7,US37045XEG79,GENERAL MOTORS FINL CO,General Motors Financial Co Inc,9698000.0,10048830.97,0.033740482276,DBT,CORP,2030-04-06,5.85,Fixed
37940XAY8,US37940XAY85,GLOBAL PAYMENTS INC,Global Payments Inc,12701000.0,12378181.22,0.041561630931,DBT,CORP,2035-11-15,5.55,Fixed
404280CY3,US404280CY37,HSBC HOLDINGS PLC,HSBC Holdings PLC,12522000.0,11255898.08,0.037793394157,DBT,CORP,2032-11-22,2.87,Fixed
94973VBB2,US94973VBB27,ELEVANCE HEALTH INC,Elevance Health Inc,7384000.0,6515696.24,0.02187744367,DBT,CORP,2043-01-15,4.65,Fixed
25243YBD0,US25243YBD04,DIAGEO CAPITAL PLC,Diageo Capital PLC,8067000.0,7320410.44,0.024579394304,DBT,CORP,2030-04-29,2.0,Fixed
89788KAA4,US89788KAA43,TRUIST BANK,Truist Bank,7972000.0,7274299.33,0.02442456922,DBT,CORP,2030-03-11,2.25,Fixed
855244AU3,US855244AU31,STARBUCKS CORP,Starbucks Corp,7112000.0,5844209.9,0.019622825892,DBT,CORP,2049-08-15,4.45,Fixed
036752BJ1,US036752BJ10,ELEVANCE HEALTH INC,Elevance Health Inc,6164000.0,6059086.87,0.020344308084,DBT,CORP,2032-09-15,4.6,Fixed
126650DR8,US126650DR85,CVS HEALTH CORP,CVS Health Corp,8094000.0,7071098.9,0.023742292792,DBT,CORP,2031-09-15,2.13,Fixed
91324PCR1,US91324PCR10,UNITEDHEALTH GROUP INC,UnitedHealth Group Inc,12951000.0,11489970.49,0.038579327966,DBT,CORP,2045-07-15,4.75,Fixed
92826CAQ5,US92826CAQ50,VISA INC,Visa Inc,9803000.0,5255973.54,0.017647732616,DBT,CORP,2050-08-15,2.0,Fixed
12189LBB6,US12189LBB62,BURLINGTN NORTH SANTA FE,Burlington Northern Santa Fe LLC,4979000.0,4055841.12,0.013618105014,DBT,CORP,2047-06-15,4.13,Fixed
65473PAX3,US65473PAX33,NISOURCE INC,NiSource Inc,6809000.0,6877490.37,0.02309222263,DBT,CORP,2035-07-15,5.35,Fixed
44107TAZ9,US44107TAZ93,HOST HOTELS & RESORTS LP,Host Hotels & Resorts LP,6043000.0,5694056.63,0.019118663392,DBT,,2030-09-15,3.5,Fixed
02079KAF4,US02079KAF49,ALPHABET INC,Alphabet Inc,21160000.0,11357263.93,0.038133745455,DBT,CORP,2050-08-15,2.05,Fixed
12189LAW1,US12189LAW19,BURLINGTN NORTH SANTA FE,Burlington Northern Santa Fe LLC,8110000.0,6728771.3,0.022592875675,DBT,CORP,2045-04-01,4.15,Fixed
125523AJ9,US125523AJ93,CIGNA GROUP/THE,Cigna Group/The,12862000.0,12179313.34,0.040893901699,DBT,CORP,2038-08-15,4.8,Fixed
89158TAA7,US89158TAA79,TOTALENERGI CAP USA LLC,TotalEnergies Capital USA LLC,12142000.0,11991736.68,0.040264084461,DBT,CORP,2031-01-13,4.25,Fixed
404280CC1,US404280CC17,HSBC HOLDINGS PLC,HSBC Holdings PLC,13757000.0,13469233.83,0.045225006438,DBT,CORP,2030-05-22,3.97,Fixed
65339KBM1,US65339KBM18,NEXTERA ENERGY CAPITAL,NextEra Energy Capital Holdings Inc,8875000.0,8403814.71,0.028217089343,DBT,CORP,2029-11-01,2.75,Fixed
88579YBJ9,US88579YBJ91,3M COMPANY,3M Co,4864000.0,4562544.36,0.015319438407,DBT,CORP,2029-08-26,2.38,Fixed
46647PBM7,US46647PBM77,JPMORGAN CHASE & CO,JPMorgan Chase & Co,12257000.0,9478947.27,0.031827010854,DBT,CORP,2041-04-22,3.11,Fixed
036752AS2,US036752AS28,ELEVANCE HEALTH INC,Elevance Health Inc,10404000.0,7358944.8,0.024708779293,DBT,CORP,2051-03-15,3.6,Fixed
247361A32,US247361A329,DELTA AIR LINES INC,Delta Air Lines Inc,5157000.0,5216171.42,0.017514090929,DBT,CORP,2030-07-10,5.25,Fixed
92826CAF9,US92826CAF95,VISA INC,Visa Inc,24103000.0,20745384.61,0.069655792184,DBT,CORP,2045-12-14,4.3,Fixed
254687FX9,US254687FX90,WALT DISNEY COMPANY/THE,Walt Disney Co/The,19755000.0,18304451.59,0.061459987365,DBT,CORP,2031-01-13,2.65,Fixed
31428XDW3,US31428XDW39,FEDEX CORP,FedEx Corp,6087000.0,5622034.77,0.018876839015,DBT,CORP,2050-05-15,5.25,Fixed
83444MAS0,US83444MAS08,SOLVENTUM CORP,Solventum Corp,8416000.0,8310630.0,0.02790420747,DBT,CORP,2054-04-30,5.9,Fixed
78081BAM5,US78081BAM54,ROYALTY PHARMA PLC,Royalty Pharma PLC,7114000.0,4954213.79,0.016634528242,DBT,CORP,2050-09-02,3.55,Fixed
231021AT3,US231021AT37,CUMMINS INC,Cummins Inc,5333000.0,4729599.85,0.015880352688,DBT,CORP,2030-09-01,1.5,Fixed
127097AM5,US127097AM58,COTERRA ENERGY INC,Coterra Energy Inc,6366000.0,6445844.28,0.021642905063,DBT,CORP,2035-02-15,5.4,Fixed
89788MAT9,US89788MAT99,TRUIST FINANCIAL CORP,Truist Financial Corp,6499000.0,6569854.7,0.022059288958,DBT,CORP,2032-08-05,5.15,Fixed
037833BX7,US037833BX70,APPLE INC,Apple Inc,24639000.0,22257389.33,0.07473257859,DBT,CORP,2046-02-23,4.65,Fixed
958667AE7,US958667AE72,WESTERN MIDSTREAM OPERAT,Western Midstream Operating LP,10044000.0,10549467.31,0.035421445127,DBT,CORP,2033-04-01,6.15,Fixed
037389BE2,US037389BE22,AON CORP,Aon Corp,9564000.0,8913494.98,0.029928418568,DBT,CORP,2030-05-15,2.8,Fixed
91324PFH0,US91324PFH01,UNITEDHEALTH GROUP INC,UnitedHealth Group Inc,10567000.0,10655931.87,0.035778916121,DBT,CORP,2032-01-15,4.95,Fixed
66989HBK3,US66989HBK32,NOVARTIS CAPITAL CORP,Novartis Capital Corp,7643000.0,7717570.46,0.025912919632,DBT,CORP,2046-03-18,5.6,Fixed
94973VBK2,US94973VBK26,ELEVANCE HEALTH INC,Elevance Health Inc,9008000.0,7841128.9,0.026327785935,DBT,CORP,2044-08-15,4.65,Fixed
87612GAA9,US87612GAA94,TARGA RESOURCES CORP,Targa Resources Corp,7867000.0,7487573.02,0.025140668156,DBT,CORP,2033-02-01,4.2,Fixed
845467AT6,US845467AT68,EXPAND ENERGY CORP,Expand Energy Corp,10989000.0,10779785.92,0.03619477498,DBT,CORP,2032-02-01,4.75,Fixed
26442CBK9,US26442CBK99,DUKE ENERGY CAROLINAS,Duke Energy Carolinas LLC,6093000.0,5756015.06,0.019326698269,DBT,CORP,2053-01-15,5.35,Fixed
58933YBX2,US58933YBX22,MERCK & CO INC,Merck & Co Inc,8832000.0,8683644.48,0.029156660465,DBT,CORP,2031-03-15,4.15,Fixed
29446MAK8,US29446MAK80,EQUINOR ASA,Equinor ASA,1449000.0,1339968.26,0.004499147757,DBT,CORP,2030-05-22,2.38,Fixed
478160BU7,US478160BU72,JOHNSON & JOHNSON,Johnson & Johnson,9517000.0,8653698.65,0.029056112775,DBT,CORP,2036-03-01,3.55,Fixed
404119CT4,US404119CT49,HCA INC,HCA Inc,12248000.0,12516203.03,0.042025060204,DBT,CORP,2031-04-01,5.45,Fixed
94106LCD9,US94106LCD91,WASTE MANAGEMENT INC,Waste Management Inc,6050000.0,6103910.95,0.020494811768,DBT,CORP,2032-03-15,4.8,Fixed
694308JG3,US694308JG36,PACIFIC GAS & ELECTRIC,Pacific Gas and Electric Co,12069000.0,10827573.0,0.036355227388,DBT,CORP,2031-02-01,2.5,Fixed
254687EH5,US254687EH59,WALT DISNEY COMPANY/THE,Walt Disney Co/The,10064000.0,11333401.51,0.038053623741,DBT,CORP,2037-11-15,6.65,Fixed
30303M8S4,US30303M8S40,META PLATFORMS INC,Meta Platforms Inc,4190000.0,4194550.34,0.014083842371,DBT,CORP,2029-08-15,4.3,Fixed
713448FX1,US713448FX12,PEPSICO INC,PepsiCo Inc,3919000.0,3941687.87,0.013234818071,DBT,CORP,2029-07-17,4.5,Fixed
742718GG8,US742718GG89,PROCTER & GAMBLE CO/THE,Procter & Gamble Co/The,3516000.0,3515582.65,0.01180410482,DBT,CORP,2034-01-29,4.55,Fixed
023135BU9,US023135BU94,AMAZON.COM INC,Amazon.com Inc,11526000.0,6367028.1,0.021378267721,DBT,CORP,2060-06-03,2.7,Fixed
126650EE6,US126650EE63,CVS HEALTH CORP,CVS Health Corp,5057000.0,5078537.76,0.017051964929,DBT,CORP,2044-06-01,6.0,Fixed
718172DY2,US718172DY22,PHILIP MORRIS INTL INC,Philip Morris International Inc,6422000.0,6280418.02,0.02108746117,DBT,CORP,2030-10-29,4.0,Fixed
46647PDF0,US46647PDF09,JPMORGAN CHASE & CO,JPMorgan Chase & Co,7055000.0,7041865.71,0.023644137899,DBT,CORP,2030-06-14,4.57,Fixed
931142FD0,US931142FD05,WALMART INC,Walmart Inc,12141000.0,11874485.62,0.039870396148,DBT,CORP,2033-04-15,4.1,Fixed
95000U4F7,US95000U4F79,WELLS FARGO & COMPANY,Wells Fargo & Co,13069000.0,12550108.42,0.042138902721,DBT,CORP,2047-01-23,5.43,Fixed
00206RNC2,US00206RNC24,AT&T INC,AT&T Inc,11261000.0,10985517.65,0.036885550634,DBT,CORP,2035-11-01,4.9,Fixed
606822DC5,US606822DC52,MITSUBISHI UFJ FIN GRP,Mitsubishi UFJ Financial Group Inc,5561000.0,5696062.23,0.0191253975,DBT,CORP,2034-04-19,5.41,Fixed
46647PBN5,US46647PBN50,JPMORGAN CHASE & CO,JPMorgan Chase & Co,14847000.0,9915889.65,0.033294111522,DBT,CORP,2051-04-22,3.11,Fixed
883556DH2,US883556DH21,THERMO FISHER SCIENTIFIC,Thermo Fisher Scientific Inc,6285000.0,6190916.06,0.020786944692,DBT,CORP,2033-06-15,4.55,Fixed
29390XAG9,US29390XAG97,EQUINIX EU 2 FINANCING C,Equinix Europe 2 Financing Corp LLC,11906000.0,11799777.05,0.039619550732,DBT,,2030-11-15,4.6,Fixed
00287YCY3,US00287YCY32,ABBVIE INC,AbbVie Inc,9789000.0,9520065.82,0.031965072656,DBT,CORP,2035-03-15,4.55,Fixed
291011BS2,US291011BS25,EMERSON ELECTRIC CO,Emerson Electric Co,7909000.0,4934416.4,0.016568055486,DBT,CORP,2051-12-21,2.8,Fixed
166756BF2,US166756BF23,CHEVRON USA INC,Chevron USA Inc,6180000.0,6252339.37,0.020993182821,DBT,CORP,2035-04-15,4.98,Fixed
682680CF8,US682680CF86,ONEOK INC,ONEOK Inc,12118000.0,11276986.56,0.037864201944,DBT,CORP,2054-11-01,5.7,Fixed
89115A2E1,US89115A2E11,TORONTO-DOMINION BANK,Toronto-Dominion Bank/The,14069000.0,13849159.21,0.046500663834,DBT,CORP,2032-06-08,4.46,Fixed
36962GXZ2,US36962GXZ26,GENERAL ELECTRIC CO,General Electric Co,8542000.0,9438529.88,0.031691303304,DBT,CORP,2032-03-15,6.75,Fixed
822905AF2,US822905AF22,SHELL FINANCE US INC,Shell Finance US Inc,9308000.0,8716156.4,0.029265824194,DBT,CORP,2029-11-07,2.38,Fixed
437076BZ4,US437076BZ43,HOME DEPOT INC,Home Depot Inc/The,7623000.0,5100042.37,0.017124169936,DBT,CORP,2049-12-15,3.13,Fixed
60687YDL0,US60687YDL02,MIZUHO FINANCIAL GROUP,Mizuho Financial Group Inc,9770000.0,9751451.66,0.032741985897,DBT,CORP,2031-07-08,4.71,Fixed
036752AK9,US036752AK91,ELEVANCE HEALTH INC,Elevance Health Inc,6469000.0,4692337.02,0.015755237054,DBT,CORP,2049-09-15,3.7,Fixed
904764BV8,US904764BV84,UNILEVER CAPITAL CORP,Unilever Capital Corp,9286000.0,9179503.51,0.03082158277,DBT,CORP,2034-08-12,4.63,Fixed
49271VAJ9,US49271VAJ98,KEURIG DR PEPPER INC,Keurig Dr Pepper Inc,7947000.0,7484241.42,0.025129481801,DBT,CORP,2030-05-01,3.2,Fixed
11135FCF6,US11135FCF62,BROADCOM INC,Broadcom Inc,7944000.0,8076384.38,0.027117692082,DBT,CORP,2030-04-15,5.05,Fixed
883556BY7,US883556BY71,THERMO FISHER SCIENTIFIC,Thermo Fisher Scientific Inc,5972000.0,4912614.38,0.01649485188,DBT,CORP,2047-08-15,4.1,Fixed
00108WAU4,US00108WAU45,AEP TEXAS INC,AEP Texas Inc,4549000.0,4445344.21,0.014925921032,DBT,CORP,2055-10-15,5.85,Fixed
03523TBU1,US03523TBU16,ANHEUSER-BUSCH INBEV WOR,Anheuser-Busch InBev Worldwide Inc,14386000.0,14671518.94,0.049261862025,DBT,CORP,2039-01-23,5.45,Fixed
87406BAB8,US87406BAB80,TAKEDA US FIN,Takeda US Financing Inc,5311000.0,5339659.75,0.017928721827,DBT,CORP,2055-07-07,5.9,Fixed
037833FA3,US037833FA32,APPLE INC,Apple Inc,10447000.0,10586219.86,0.035544847418,DBT,CORP,2032-05-12,4.5,Fixed
345397B36,US345397B363,FORD MOTOR CREDIT CO LLC,Ford Motor Credit Co LLC,12313000.0,11630027.44,0.039049590532,DBT,CORP,2030-11-13,4.0,Fixed
009158AZ9,US009158AZ91,AIR PRODUCTS & CHEMICALS,Air Products and Chemicals Inc,6445000.0,4768438.95,0.016010760889,DBT,CORP,2040-05-15,2.7,Fixed
231021BA3,US231021BA37,CUMMINS INC,Cummins Inc,9480000.0,9687108.61,0.032525944295,DBT,CORP,2035-05-09,5.3,Fixed
12189LAN1,US12189LAN10,BURLINGTN NORTH SANTA FE,Burlington Northern Santa Fe LLC,5516000.0,4878248.35,0.016379462694,DBT,CORP,2043-03-15,4.45,Fixed
61747YEL5,US61747YEL56,MORGAN STANLEY,Morgan Stanley,17910000.0,16144872.79,0.05420887224,DBT,CORP,2033-01-21,2.94,Fixed
161175BM5,US161175BM51,CHARTER COMM OPT LLC/CAP,Charter Communications Operating LLC / Charter Communications Operating Capital,6852000.0,6119556.15,0.020547342913,DBT,CORP,2038-04-01,5.38,Fixed
29379VBA0,US29379VBA08,ENTERPRISE PRODUCTS OPER,Enterprise Products Operating LLC,12408000.0,11365213.07,0.038160435905,DBT,CORP,2044-03-15,4.85,Fixed
126650ED8,US126650ED80,CVS HEALTH CORP,CVS Health Corp,6473000.0,6685506.65,0.022447608015,DBT,CORP,2034-06-01,5.7,Fixed
437076CB6,US437076CB65,HOME DEPOT INC,Home Depot Inc/The,11509000.0,10823921.02,0.036342965308,DBT,CORP,2030-04-15,2.7,Fixed
110122CR7,US110122CR72,BRISTOL-MYERS SQUIBB CO,Bristol-Myers Squibb Co,29227000.0,23687267.66,0.079533613117,DBT,CORP,2049-10-26,4.25,Fixed
03027XBD1,US03027XBD12,AMERICAN TOWER CORP,American Tower Corp,8163000.0,5332571.18,0.017904920873,DBT,,2050-06-15,3.1,Fixed
59156RBR8,US59156RBR84,METLIFE INC,MetLife Inc,7223000.0,6326034.14,0.021240624249,DBT,CORP,2046-05-13,4.6,Fixed
404119DB2,US404119DB22,HCA INC,HCA Inc,12134000.0,12474033.51,0.04188346961,DBT,CORP,2035-03-01,5.75,Fixed
74834LBD1,US74834LBD10,QUEST DIAGNOSTICS INC,Quest Diagnostics Inc,5470000.0,5941985.51,0.019951122412,DBT,CORP,2033-11-30,6.4,Fixed
06738EBM6,US06738EBM66,BARCLAYS PLC,Barclays PLC,11473000.0,10530215.4,0.035356803903,DBT,CORP,2031-06-24,2.65,Fixed
115236AN1,US115236AN13,BROWN & BROWN INC,Brown & Brown Inc,6799000.0,6826517.59,0.022921073748,DBT,CORP,2055-06-23,6.25,Fixed
882508CJ1,US882508CJ13,TEXAS INSTRUMENTS INC,Texas Instruments Inc,6650000.0,6271390.9,0.021057151238,DBT,CORP,2054-02-08,5.15,Fixed
863667BM2,US863667BM24,STRYKER CORP,Stryker Corp,8372000.0,8468725.06,0.028435035741,DBT,CORP,2035-02-10,5.2,Fixed
716973AG7,US716973AG71,PFIZER INVESTMENT ENTER,Pfizer Investment Enterprises Pte Ltd,48410000.0,45326205.54,0.15218964666,DBT,CORP,2053-05-19,5.3,Fixed
43849RAJ4,US43849RAJ41,HONEYWELL AEROSPACE INC,Honeywell Aerospace Inc,25338000.0,25312631.59,0.084991020356,DBT,CORP,2056-03-16,5.73,Fixed
161175BZ6,US161175BZ64,CHARTER COMM OPT LLC/CAP,Charter Communications Operating LLC / Charter Communications Operating Capital,10850000.0,7573054.79,0.025427686233,DBT,CORP,2041-06-01,3.5,Fixed
36266GAC1,US36266GAC15,GE HEALTHCARE TECH INC,GE HealthCare Technologies Inc,5965000.0,6066603.63,0.020369546752,DBT,CORP,2035-06-15,5.5,Fixed
45866FAK0,US45866FAK03,INTERCONTINENTALEXCHANGE,Intercontinental Exchange Inc,10645000.0,9693562.67,0.032547614786,DBT,CORP,2030-06-15,2.1,Fixed
075887CL1,US075887CL11,BECTON DICKINSON & CO,Becton Dickinson & Co,7121000.0,6294417.82,0.021134467634,DBT,CORP,2031-02-11,1.96,Fixed
404280FQ7,US404280FQ75,HSBC HOLDINGS PLC,HSBC Holdings PLC,15235000.0,15211690.45,0.051075570238,DBT,CORP,2034-05-12,5.21,Fixed
172967QH7,US172967QH76,CITIGROUP INC,Citigroup Inc,22548000.0,22414321.93,0.075259503724,DBT,CORP,2036-09-11,5.17,Fixed
437076BD3,US437076BD31,HOME DEPOT INC,Home Depot Inc/The,8722000.0,8004309.36,0.026875689212,DBT,CORP,2044-02-15,4.88,Fixed
341081HE0,US341081HE07,FLORIDA POWER & LIGHT CO,Florida Power & Light Co,6825000.0,6859593.88,0.023032132436,DBT,CORP,2066-06-01,5.9,Fixed
704326AC1,US704326AC18,PAYCHEX INC,Paychex Inc,7512000.0,7577326.61,0.02544202952,DBT,CORP,2035-04-15,5.6,Fixed
06051GGM5,US06051GGM50,BANK OF AMERICA CORP,Bank of America Corp,13184000.0,12067730.5,0.040519245299,DBT,CORP,2038-04-24,4.24,Fixed
931142EC3,US931142EC31,WALMART INC,Walmart Inc,10662000.0,8769738.09,0.029445732889,DBT,CORP,2048-06-29,4.05,Fixed
25245BAC1,US25245BAC19,DIAGEO INVESTMENT CORP,Diageo Investment Corp,5523000.0,5623523.02,0.018881836041,DBT,CORP,2030-08-15,5.13,Fixed
30231GAW2,US30231GAW24,EXXON MOBIL CORPORATION,Exxon Mobil Corp,19245000.0,16040341.85,0.05385789367,DBT,CORP,2046-03-01,4.11,Fixed
871607AG2,US871607AG29,SYNOPSYS INC,Synopsys Inc,14284000.0,13910266.28,0.04670584014,DBT,CORP,2055-04-01,5.7,Fixed
278642AZ6,US278642AZ62,EBAY INC,eBay Inc,6919000.0,5034000.79,0.016902425261,DBT,CORP,2051-05-10,3.65,Fixed
682680CE1,US682680CE12,ONEOK INC,ONEOK Inc,12128000.0,11938076.73,0.040083912996,DBT,CORP,2034-11-01,5.05,Fixed
571748CD2,US571748CD26,MARSH & MCLENNAN COS INC,Marsh & McLennan Cos Inc,10781000.0,10240128.01,0.034382791257,DBT,CORP,2055-03-15,5.4,Fixed
844741BM9,US844741BM99,SOUTHWEST AIRLINES CO,Southwest Airlines Co,5561000.0,5390175.53,0.018098336262,DBT,CORP,2035-11-15,5.25,Fixed
06051GLU1,US06051GLU12,BANK OF AMERICA CORP,Bank of America Corp,27814000.0,29132853.66,0.097817998482,DBT,CORP,2034-09-15,5.87,Fixed
03831WAB4,US03831WAB46,APPLOVIN CORP,AppLovin Corp,7931000.0,8017979.28,0.026921588052,DBT,CORP,2029-12-01,5.13,Fixed
219350BF1,US219350BF12,CORNING INC,Corning Inc,7507000.0,6022696.44,0.020222121667,DBT,CORP,2057-11-15,4.38,Fixed
110122CQ9,US110122CQ99,BRISTOL-MYERS SQUIBB CO,Bristol-Myers Squibb Co,15769000.0,14094869.92,0.04732567501,DBT,CORP,2039-06-15,4.13,Fixed
68389XAE5,US68389XAE58,ORACLE CORP,Oracle Corp,9740000.0,10009005.16,0.033606761046,DBT,CORP,2038-04-15,6.5,Fixed
10373QBW9,US10373QBW96,BP CAP MARKETS AMERICA,BP Capital Markets America Inc,10074000.0,10121529.13,0.033984577433,DBT,CORP,2034-04-10,4.99,Fixed
867224AE7,US867224AE71,SUNCOR ENERGY INC,Suncor Energy Inc,5855000.0,4243288.3,0.014247487504,DBT,CORP,2051-03-04,3.75,Fixed
52532XAH8,US52532XAH89,LEIDOS INC,Leidos Inc,6247000.0,5581516.46,0.018740792611,DBT,CORP,2031-02-15,2.3,Fixed
11135FBY6,US11135FBY60,BROADCOM INC,Broadcom Inc,10809000.0,11037340.13,0.037059552513,DBT,CORP,2031-11-15,5.15,Fixed
444859BV3,US444859BV38,HUMANA INC,Humana Inc,6321000.0,6510229.88,0.021859089533,DBT,CORP,2033-03-01,5.88,Fixed
7591EPAU4,US7591EPAU41,REGIONS FINANCIAL CORP,Regions Financial Corp,4572000.0,4688431.01,0.01574212203,DBT,CORP,2030-06-06,5.72,Fixed
053015AF0,US053015AF05,AUTOMATIC DATA PROCESSNG,Automatic Data Processing Inc,6770000.0,5953862.96,0.019991002762,DBT,CORP,2030-09-01,1.25,Fixed
03523TBF4,US03523TBF49,ANHEUSER-BUSCH INBEV WOR,Anheuser-Busch InBev Worldwide Inc,9825000.0,12378277.77,0.041561955112,DBT,CORP,2039-01-15,8.2,Fixed
23338VBB1,US23338VBB18,DTE ELECTRIC CO,DTE Electric Co,5543000.0,5428571.42,0.018227256317,DBT,CORP,2036-03-01,4.85,Fixed
717081DE0,US717081DE02,PFIZER INC,Pfizer Inc,7486000.0,6452559.95,0.021665453949,DBT,CORP,2043-06-15,4.3,Fixed
58013MFC3,US58013MFC38,MCDONALD'S CORP,McDonald's Corp,7773000.0,6557987.6,0.02201944336,DBT,CORP,2047-03-01,4.45,Fixed
907818FN3,US907818FN30,UNION PACIFIC CORP,Union Pacific Corp,7643000.0,4467416.04,0.015000030567,DBT,CORP,2062-09-16,2.97,Fixed
00206RNE8,US00206RNE89,AT&T INC,AT&T Inc,10136000.0,9537385.07,0.032023224679,DBT,CORP,2054-11-01,5.7,Fixed
874060AX4,US874060AX48,TAKEDA PHARMACEUTICAL,Takeda Pharmaceutical Co Ltd,19062000.0,17334328.97,0.058202652739,DBT,CORP,2030-03-31,2.05,Fixed
548661EE3,US548661EE32,LOWE'S COS INC,Lowe's Cos Inc,6793000.0,4838061.55,0.016244529385,DBT,CORP,2041-09-15,2.8,Fixed
775109CH2,US775109CH22,ROGERS COMMUNICATIONS IN,Rogers Communications Inc,12111000.0,11322902.11,0.038018370405,DBT,CORP,2032-03-15,3.8,Fixed
0778FPAL3,US0778FPAL33,BELL CANADA,Bell Telephone Co of Canada or Bell Canada,5831000.0,5867168.53,0.019699912993,DBT,CORP,2033-05-11,5.1,Fixed
046353AM0,US046353AM00,ASTRAZENECA PLC,AstraZeneca PLC,5471000.0,4777157.93,0.016040036194,DBT,CORP,2045-11-16,4.38,Fixed
694308KY2,US694308KY23,PACIFIC GAS & ELECTRIC,Pacific Gas and Electric Co,9312000.0,9259689.84,0.0310908206,DBT,CORP,2032-10-15,5.05,Fixed
744448DA6,US744448DA65,PUBLIC SERVICE COLORADO,Public Service Co of Colorado,5378000.0,5318170.83,0.017856569502,DBT,CORP,2054-05-15,5.75,Fixed
539830CB3,US539830CB32,LOCKHEED MARTIN CORP,Lockheed Martin Corp,7367000.0,6897681.58,0.023160017696,DBT,CORP,2055-02-15,5.2,Fixed
91159HJW1,US91159HJW16,US BANCORP,US Bancorp,12069000.0,11906603.16,0.039978235686,DBT,CORP,2032-01-26,4.48,Fixed
65339KDM9,US65339KDM99,NEXTERA ENERGY CAPITAL,NextEra Energy Capital Holdings Inc,7081000.0,7004896.24,0.023520007266,DBT,CORP,2055-03-15,5.9,Fixed
00440EAW7,US00440EAW75,CHUBB INA HOLDINGS LLC,Chubb INA Holdings LLC,10919000.0,9384353.11,0.031509396538,DBT,CORP,2045-11-03,4.35,Fixed
172967MM0,US172967MM08,CITIGROUP INC,Citigroup Inc,9216000.0,9053587.35,0.030398800062,DBT,CORP,2041-03-26,5.32,Fixed
023135DD5,US023135DD51,AMAZON.COM INC,Amazon.com Inc,37788000.0,37328316.54,0.125335514785,DBT,CORP,2031-03-13,4.25,Fixed
404280AG4,US404280AG49,HSBC HOLDINGS PLC,HSBC Holdings PLC,6097000.0,6643741.77,0.022307376062,DBT,CORP,2036-05-02,6.5,Fixed
666807BU5,US666807BU55,NORTHROP GRUMMAN CORP,Northrop Grumman Corp,8500000.0,7965599.05,0.026745713443,DBT,CORP,2050-05-01,5.25,Fixed
60687YDJ5,US60687YDJ55,MIZUHO FINANCIAL GROUP,Mizuho Financial Group Inc,6256000.0,6331441.73,0.021258781057,DBT,CORP,2036-05-13,5.42,Fixed
927804GK4,US927804GK44,VIRGINIA ELEC & POWER CO,Virginia Electric and Power Co,4929000.0,4991481.48,0.016759660194,DBT,CORP,2033-04-01,5.0,Fixed
61747YFZ3,US61747YFZ34,MORGAN STANLEY,Morgan Stanley,15665000.0,15888763.56,0.053348946448,DBT,CORP,2031-04-17,5.19,Fixed
91324PDL3,US91324PDL31,UNITEDHEALTH GROUP INC,UnitedHealth Group Inc,9792000.0,7929839.69,0.026625645939,DBT,CORP,2048-06-15,4.25,Fixed
742718FH7,US742718FH71,PROCTER & GAMBLE CO/THE,Procter & Gamble Co/The,9217000.0,8802282.01,0.029555004063,DBT,CORP,2030-03-25,3.0,Fixed
375558AS2,US375558AS26,GILEAD SCIENCES INC,Gilead Sciences Inc,7554000.0,7708150.7,0.025881291351,DBT,CORP,2041-12-01,5.65,Fixed
83272GAE1,US83272GAE17,SMURFIT KAPPA TREASURY,Smurfit Kappa Treasury ULC,8231000.0,8355826.41,0.028055961308,DBT,CORP,2034-04-03,5.44,Fixed
94106LCE7,US94106LCE74,WASTE MANAGEMENT INC,Waste Management Inc,9919000.0,9924145.98,0.033321833409,DBT,CORP,2035-03-15,4.95,Fixed
91324PDX7,US91324PDX78,UNITEDHEALTH GROUP INC,UnitedHealth Group Inc,10395000.0,9442018.62,0.031703017281,DBT,CORP,2030-05-15,2.0,Fixed
06051GHU6,US06051GHU67,BANK OF AMERICA CORP,Bank of America Corp,8744000.0,7656103.87,0.025706536183,DBT,CORP,2040-04-23,4.08,Fixed
620076BZ1,US620076BZ10,MOTOROLA SOLUTIONS INC,Motorola Solutions Inc,7069000.0,7172465.42,0.024082646339,DBT,CORP,2034-04-15,5.4,Fixed
066922477,US0669224778,BLACKROCK CASH FUNDS TREASURY SL AGENCY SHARES,"BlackRock Cash Funds: Treasury, SL Agency Shares",282440000.0,282440000.0,0.948335367821,STIV,RF,,,
126650CZ1,US126650CZ11,CVS HEALTH CORP,CVS Health Corp,57432000.0,50373251.12,0.169135871793,DBT,CORP,2048-03-25,5.05,Fixed
21871XAS8,US21871XAS80,COREBRIDGE FINANCIAL INC,Corebridge Financial Inc,8589000.0,8826833.7,0.029637440106,DBT,CORP,2034-01-15,5.75,Fixed
90353TAT7,US90353TAT79,UBER TECHNOLOGIES INC,Uber Technologies Inc,7527000.0,7366796.08,0.024735141163,DBT,CORP,2031-01-15,4.15,Fixed
345370CS7,US345370CS72,FORD MOTOR COMPANY,Ford Motor Co,8241000.0,6892175.75,0.023141531033,DBT,CORP,2046-12-08,5.29,Fixed
38145GAT7,US38145GAT76,GOLDMAN SACHS GROUP INC,Goldman Sachs Group Inc/The,24205000.0,23361230.64,0.078438894107,DBT,CORP,2047-01-21,5.54,Fixed
636274AE2,US636274AE20,NATIONAL GRID PLC,National Grid PLC,6624000.0,6913563.52,0.023213343732,DBT,CORP,2033-06-12,5.81,Fixed
031162DE7,US031162DE75,AMGEN INC,Amgen Inc,5427000.0,5045969.79,0.016942613003,DBT,CORP,2032-02-22,3.35,Fixed
911312CJ3,US911312CJ32,UNITED PARCEL SERVICE,United Parcel Service Inc,6003000.0,6134251.99,0.020596686436,DBT,CORP,2035-05-14,5.25,Fixed
694308LA3,US694308LA38,PACIFIC GAS & ELECTRIC,Pacific Gas and Electric Co,10449000.0,10177860.99,0.034173720243,DBT,CORP,2036-05-01,5.2,Fixed
92343VFE9,US92343VFE92,VERIZON COMMUNICATIONS,Verizon Communications Inc,14342000.0,13665632.71,0.045884445625,DBT,CORP,2030-03-22,3.15,Fixed
718172AW9,US718172AW92,PHILIP MORRIS INTL INC,Philip Morris International Inc,5111000.0,4288063.58,0.014397827334,DBT,CORP,2043-03-04,4.13,Fixed
055451BL1,US055451BL10,BHP BILLITON FIN USA LTD,BHP Billiton Finance USA Ltd,5987000.0,6124427.39,0.020563698844,DBT,CORP,2035-02-21,5.3,Fixed
75513ECP4,US75513ECP43,RTX CORP,RTX Corp,8817000.0,5677886.14,0.019064368506,DBT,CORP,2052-03-15,3.03,Fixed
11135FCQ2,US11135FCQ28,BROADCOM INC,Broadcom Inc,19960000.0,18116875.64,0.06083017251,DBT,CORP,2031-02-15,2.45,Fixed
458140BU3,US458140BU38,INTEL CORP,Intel Corp,9256000.0,8071344.0,0.027100768237,DBT,CORP,2031-08-12,2.0,Fixed
478160CF9,US478160CF96,JOHNSON & JOHNSON,Johnson & Johnson,7887000.0,7067352.2,0.023729712675,DBT,CORP,2037-03-03,3.63,Fixed
78081BAL7,US78081BAL71,ROYALTY PHARMA PLC,Royalty Pharma PLC,7491000.0,5800667.84,0.019476626786,DBT,CORP,2040-09-02,3.3,Fixed
046353AZ1,US046353AZ13,ASTRAZENECA PLC,AstraZeneca PLC,8362000.0,5585156.24,0.018753013727,DBT,CORP,2051-05-28,3.0,Fixed
00206RMT6,US00206RMT67,AT&T INC,AT&T Inc,18099000.0,18499471.14,0.062114795241,DBT,CORP,2034-02-15,5.4,Fixed
277432AY6,US277432AY69,EASTMAN CHEMICAL CO,Eastman Chemical Co,6543000.0,6665759.11,0.022381302639,DBT,CORP,2034-02-20,5.63,Fixed
110122EK0,US110122EK02,BRISTOL-MYERS SQUIBB CO,Bristol-Myers Squibb Co,18751000.0,18242521.63,0.06125204808,DBT,CORP,2054-02-22,5.55,Fixed
036752AM5,US036752AM57,ELEVANCE HEALTH INC,Elevance Health Inc,10060000.0,6564865.27,0.022042536186,DBT,CORP,2050-05-15,3.13,Fixed
89157XAE1,US89157XAE13,TOTALENERGIES CAPITAL SA,TotalEnergies Capital SA,8113000.0,7645762.59,0.025671813758,DBT,CORP,2054-09-10,5.28,Fixed
66989HAS7,US66989HAS76,NOVARTIS CAPITAL CORP,Novartis Capital Corp,5426000.0,3436619.5,0.011538974003,DBT,CORP,2050-08-14,2.75,Fixed
20826FBC9,US20826FBC95,CONOCOPHILLIPS COMPANY,ConocoPhillips Co,5146000.0,4195218.35,0.014086085317,DBT,CORP,2042-03-15,3.76,Fixed
30212PBM6,US30212PBM68,EXPEDIA GROUP INC,Expedia Group Inc,7853000.0,7763877.87,0.026068403822,DBT,CORP,2036-04-15,5.5,Fixed
125523CK4,US125523CK49,CIGNA GROUP/THE,Cigna Group/The,11438000.0,7901855.37,0.026531684318,DBT,CORP,2050-03-15,3.4,Fixed
74949LAF9,US74949LAF94,RELX CAPITAL INC,RELX Capital Inc,8080000.0,8115953.58,0.027250551704,DBT,CORP,2030-03-27,4.75,Fixed
126408HK2,US126408HK26,CSX CORP,CSX Corp,6879000.0,5682111.1,0.019078554454,DBT,CORP,2048-03-01,4.3,Fixed
20826FAC0,US20826FAC05,CONOCOPHILLIPS COMPANY,ConocoPhillips Co,6024000.0,5086583.07,0.017078978284,DBT,CORP,2044-11-15,4.3,Fixed
26441CBH7,US26441CBH79,DUKE ENERGY CORP,Duke Energy Corp,5797000.0,5347851.34,0.01795622634,DBT,CORP,2030-06-01,2.45,Fixed
606822CX0,US606822CX09,MITSUBISHI UFJ FIN GRP,Mitsubishi UFJ Financial Group Inc,8840000.0,9058406.34,0.030414980556,DBT,CORP,2034-02-22,5.44,Fixed
113004AC9,US113004AC94,BROOKFIELD ASSET MANAGEM,Brookfield Asset Management Ltd,8198000.0,8035964.89,0.026981977481,DBT,CORP,2036-01-15,5.3,Fixed
92343VGN8,US92343VGN82,VERIZON COMMUNICATIONS,Verizon Communications Inc,30744000.0,26989358.26,0.090620885826,DBT,CORP,2032-03-15,2.36,Fixed
65473PBB0,US65473PBB04,NISOURCE INC,NiSource Inc,2890000.0,2891648.46,0.009709150637,DBT,CORP,2036-05-18,5.3,Fixed
539830BL2,US539830BL23,LOCKHEED MARTIN CORP,Lockheed Martin Corp,9244000.0,8225091.19,0.027616997872,DBT,CORP,2046-05-15,4.7,Fixed
11135FDA6,US11135FDA66,BROADCOM INC,Broadcom Inc,9255000.0,9118389.72,0.030616383901,DBT,CORP,2033-01-15,4.6,Fixed
65473QBC6,US65473QBC69,NISOURCE INC,NiSource Inc,7036000.0,6227676.88,0.02091037475,DBT,CORP,2044-02-15,4.8,Fixed
125523DA5,US125523DA57,CIGNA GROUP/THE,Cigna Group/The,5539000.0,5620878.61,0.018872957031,DBT,CORP,2056-01-15,6.0,Fixed
149123CF6,US149123CF65,CATERPILLAR INC,Caterpillar Inc,7548000.0,5325001.53,0.017879504619,DBT,CORP,2049-09-19,3.25,Fixed
00206RND0,US00206RND07,AT&T INC,AT&T Inc,8508000.0,8081893.84,0.027136190934,DBT,CORP,2045-11-01,5.55,Fixed
00206RMX7,US00206RMX79,AT&T INC,AT&T Inc,7972000.0,8004072.15,0.026874892743,DBT,CORP,2030-08-15,4.7,Fixed
68389XCN3,US68389XCN30,ORACLE CORP,Oracle Corp,7328000.0,7217296.64,0.024233173997,DBT,CORP,2030-05-06,4.65,Fixed
502431AU3,US502431AU32,L3HARRIS TECH INC,L3Harris Technologies Inc,4769000.0,4856293.68,0.016305746541,DBT,CORP,2034-06-01,5.35,Fixed
35177PAX5,US35177PAX50,ORANGE SA,Orange SA,7186000.0,6974848.01,0.023419115752,DBT,CORP,2042-01-13,5.38,Fixed
95000U2Z5,US95000U2Z51,WELLS FARGO & COMPANY,Wells Fargo & Co,26790000.0,22537427.73,0.075672850219,DBT,CORP,2053-04-25,4.61,Fixed
375558CE1,US375558CE12,GILEAD SCIENCES INC,Gilead Sciences Inc,5517000.0,5415409.41,0.018183062861,DBT,CORP,2064-11-15,5.6,Fixed
244199BK0,US244199BK00,DEERE & COMPANY,Deere & Co,8389000.0,6444694.05,0.021639042991,DBT,CORP,2050-04-15,3.75,Fixed
94974BGQ7,US94974BGQ77,WELLS FARGO & COMPANY,Wells Fargo & Co,12733000.0,11099711.35,0.037268973395,DBT,CORP,2045-11-17,4.9,Fixed
92343VDC5,US92343VDC54,VERIZON COMMUNICATIONS,Verizon Communications Inc,9943000.0,7991636.54,0.026833138286,DBT,CORP,2046-08-15,4.13,Fixed
37045XFA9,US37045XFA90,GENERAL MOTORS FINL CO,General Motors Financial Co Inc,6440000.0,6481411.13,0.021762326185,DBT,CORP,2034-09-06,5.45,Fixed
713448FM5,US713448FM56,PEPSICO INC,PepsiCo Inc,6257000.0,6070770.41,0.020383537352,DBT,CORP,2032-07-18,3.9,Fixed
29446MAN2,US29446MAN20,EQUINOR ASA,Equinor ASA,5500000.0,5597053.0,0.018792958913,DBT,CORP,2035-06-03,5.13,Fixed
63111XAK7,US63111XAK72,NASDAQ INC,Nasdaq Inc,4935000.0,5030969.96,0.016892248787,DBT,CORP,2053-08-15,5.95,Fixed
08576PAQ4,US08576PAQ46,BERRY GLOBAL INC,Berry Global Inc,5915000.0,6033488.69,0.020258358292,DBT,CORP,2034-01-15,5.65,Fixed
023135BJ4,US023135BJ40,AMAZON.COM INC,Amazon.com Inc,24186000.0,19428062.36,0.065232681858,DBT,CORP,2047-08-22,4.05,Fixed
42824CCA5,US42824CCA53,HP ENTERPRISE CO,Hewlett Packard Enterprise Co,5667000.0,5574492.46,0.01871720846,DBT,CORP,2030-10-15,4.4,Fixed
031162DG2,US031162DG24,AMGEN INC,Amgen Inc,10158000.0,7940691.44,0.026662082344,DBT,CORP,2062-02-22,4.4,Fixed
032654AX3,US032654AX37,ANALOG DEVICES INC,Analog Devices Inc,7233000.0,4669460.61,0.01567842602,DBT,CORP,2051-10-01,2.95,Fixed
46647PEK8,US46647PEK84,JPMORGAN CHASE & CO,JPMorgan Chase & Co,22723000.0,22951402.51,0.077062833668,DBT,CORP,2035-07-22,5.29,Fixed
26441CBT1,US26441CBT18,DUKE ENERGY CORP,Duke Energy Corp,7623000.0,7508420.21,0.025210665775,DBT,CORP,2032-08-15,4.5,Fixed
002824BV1,US002824BV10,ABBOTT LABORATORIES,Abbott Laboratories,17644000.0,17014762.03,0.057129658009,DBT,CORP,2038-03-15,4.75,Fixed
46647PEH5,US46647PEH55,JPMORGAN CHASE & CO,JPMorgan Chase & Co,21559000.0,22435399.22,0.075330273939,DBT,CORP,2035-04-22,5.77,Fixed
79466LAS3,US79466LAS34,SALESFORCE INC,Salesforce Inc,25752000.0,25764618.48,0.08650863526,DBT,CORP,2031-09-15,4.9,Fixed
92343VGC2,US92343VGC28,VERIZON COMMUNICATIONS,Verizon Communications Inc,28237000.0,19126859.98,0.064221348939,DBT,CORP,2061-03-22,3.7,Fixed
61747YFL4,US61747YFL48,MORGAN STANLEY,Morgan Stanley,18097000.0,18449241.82,0.06194614264,DBT,CORP,2035-01-18,5.47,Fixed
87264ABN4,US87264ABN46,T-MOBILE USA INC,T-Mobile USA Inc,20698000.0,13688090.36,0.04595985061,DBT,CORP,2051-02-15,3.3,Fixed
89153VAT6,US89153VAT61,TOTALENERGIES CAP INTL,TotalEnergies Capital International SA,6625000.0,6270608.88,0.021054525487,DBT,CORP,2030-01-10,2.83,Fixed
654106AL7,US654106AL77,NIKE INC,NIKE Inc,7539000.0,6001025.15,0.020149357006,DBT,CORP,2040-03-27,3.25,Fixed
35671DBC8,US35671DBC83,FREEPORT-MCMORAN INC,Freeport-McMoRan Inc,12858000.0,12496361.04,0.041958437697,DBT,CORP,2043-03-15,5.45,Fixed
87264ACB9,US87264ACB98,T-MOBILE USA INC,T-Mobile USA Inc,13332000.0,12133398.54,0.040739735757,DBT,CORP,2031-02-15,2.55,Fixed
38141GA53,US38141GA534,GOLDMAN SACHS GROUP INC,Goldman Sachs Group Inc/The,8970000.0,9743218.49,0.032714341773,DBT,CORP,2034-10-24,6.56,Fixed
002824BW9,US002824BW92,ABBOTT LABORATORIES,Abbott Laboratories,32794000.0,31962314.65,0.107318345206,DBT,CORP,2056-03-15,5.5,Fixed
695114DA3,US695114DA39,PACIFICORP,PacifiCorp,8464000.0,7748465.29,0.026016653734,DBT,CORP,2054-05-15,5.5,Fixed
02209SBL6,US02209SBL60,ALTRIA GROUP INC,Altria Group Inc,7518000.0,6620138.79,0.022228125458,DBT,CORP,2032-02-04,2.45,Fixed
87264ABL8,US87264ABL89,T-MOBILE USA INC,T-Mobile USA Inc,17085000.0,12683271.86,0.042586019276,DBT,CORP,2041-02-15,3.0,Fixed
00130HCM5,US00130HCM51,AES CORP/THE,AES Corp/The,5374000.0,5454808.3,0.018315350642,DBT,CORP,2032-03-15,5.8,Fixed
17325FBG2,US17325FBG28,CITIBANK NA,Citibank NA,15705000.0,16344504.46,0.054879166013,DBT,CORP,2034-04-30,5.57,Fixed
02079KAL1,US02079KAL17,ALPHABET INC,Alphabet Inc,11117000.0,10885228.34,0.036548813983,DBT,CORP,2035-05-15,4.5,Fixed
38141GCU6,US38141GCU67,GOLDMAN SACHS GROUP INC,Goldman Sachs Group Inc/The,6704000.0,7204033.93,0.024188642426,DBT,CORP,2033-02-15,6.13,Fixed
26442CAH7,US26442CAH79,DUKE ENERGY CAROLINAS,Duke Energy Carolinas LLC,5519000.0,5478735.58,0.018395690134,DBT,CORP,2040-02-15,5.3,Fixed
92857WBS8,US92857WBS89,VODAFONE GROUP PLC,Vodafone Group PLC,9583000.0,8220040.58,0.027600039679,DBT,CORP,2049-06-19,4.88,Fixed
639057AS7,US639057AS70,NATWEST GROUP PLC,NatWest Group PLC,9416000.0,9476970.48,0.031820373481,DBT,CORP,2030-08-15,4.96,Fixed
571903BE2,US571903BE27,MARRIOTT INTERNATIONAL,Marriott International Inc/MD,7204000.0,7193348.17,0.024152763357,DBT,CORP,2030-06-15,4.63,Fixed
776743AL0,US776743AL02,ROPER TECHNOLOGIES INC,Roper Technologies Inc,7060000.0,6121547.38,0.020554028771,DBT,CORP,2031-02-15,1.75,Fixed
404119DC0,US404119DC05,HCA INC,HCA Inc,8646000.0,8677757.62,0.029136894435,DBT,CORP,2055-03-01,6.2,Fixed
883556CL4,US883556CL42,THERMO FISHER SCIENTIFIC,Thermo Fisher Scientific Inc,10906000.0,9610784.9,0.0322696758,DBT,CORP,2031-10-15,2.0,Fixed
36267VAK9,US36267VAK98,GE HEALTHCARE TECH INC,GE HealthCare Technologies Inc,13793000.0,14555766.69,0.048873206195,DBT,CORP,2032-11-22,5.91,Fixed
682680BN2,US682680BN20,ONEOK INC,ONEOK Inc,12439000.0,13060563.15,0.043852832314,DBT,CORP,2053-09-01,6.63,Fixed
26441CBN4,US26441CBN48,DUKE ENERGY CORP,Duke Energy Corp,4834000.0,3294498.13,0.011061779832,DBT,CORP,2051-06-15,3.5,Fixed
78016HZW3,US78016HZW32,ROYAL BANK OF CANADA,Royal Bank of Canada,10360000.0,10582413.66,0.035532067521,DBT,CORP,2034-02-01,5.15,Fixed
30161NBK6,US30161NBK63,EXELON CORP,Exelon Corp,9494000.0,9713056.01,0.032613066647,DBT,CORP,2033-03-15,5.3,Fixed
404280CK3,US404280CK33,HSBC HOLDINGS PLC,HSBC Holdings PLC,10866000.0,9822068.61,0.032979093074,DBT,CORP,2031-08-18,2.36,Fixed
66989HBL1,US66989HBL15,NOVARTIS CAPITAL CORP,Novartis Capital Corp,15094000.0,15314701.45,0.051421445378,DBT,CORP,2056-03-18,5.7,Fixed
59156RBD9,US59156RBD98,METLIFE INC,MetLife Inc,6517000.0,5468357.35,0.018360843644,DBT,CORP,2042-08-13,4.13,Fixed
717081EV1,US717081EV18,PFIZER INC,Pfizer Inc,10812000.0,8555937.81,0.028727865847,DBT,CORP,2049-03-15,4.0,Fixed
084659AP6,US084659AP66,BERKSHIRE HATHAWAY ENERG,Berkshire Hathaway Energy Co,8660000.0,6495532.59,0.021809741141,DBT,CORP,2048-07-15,3.8,Fixed
67066GAF1,US67066GAF19,NVIDIA CORP,NVIDIA Corp,11533000.0,10944721.28,0.036748570601,DBT,CORP,2030-04-01,2.85,Fixed
037833DU1,US037833DU14,APPLE INC,Apple Inc,10440000.0,9467831.38,0.031789687559,DBT,CORP,2030-05-11,1.65,Fixed
10373QBV1,US10373QBV14,BP CAP MARKETS AMERICA,BP Capital Markets America Inc,8550000.0,8546253.39,0.028695348931,DBT,CORP,2033-09-11,4.89,Fixed
09062XAH6,US09062XAH61,BIOGEN INC,Biogen Inc,12323000.0,11256136.28,0.03779419395,DBT,CORP,2030-05-01,2.25,Fixed
87264ADZ5,US87264ADZ57,T-MOBILE USA INC,T-Mobile USA Inc,10356000.0,10198279.16,0.034242277362,DBT,CORP,2036-02-15,5.0,Fixed
161175BS2,US161175BS22,CHARTER COMM OPT LLC/CAP,Charter Communications Operating LLC / Charter Communications Operating Capital,8079000.0,6197250.63,0.020808213977,DBT,CORP,2049-07-01,5.13,Fixed
65339KCQ1,US65339KCQ13,NEXTERA ENERGY CAPITAL,NextEra Energy Capital Holdings Inc,8522000.0,7749103.18,0.026018795547,DBT,CORP,2053-02-28,5.25,Fixed
636274AF9,US636274AF94,NATIONAL GRID PLC,National Grid PLC,5150000.0,5253681.35,0.017640036239,DBT,CORP,2034-01-11,5.42,Fixed
29379VBX0,US29379VBX01,ENTERPRISE PRODUCTS OPER,Enterprise Products Operating LLC,11296000.0,10650990.49,0.035762324684,DBT,CORP,2030-01-31,2.8,Fixed
075887BX6,US075887BX67,BECTON DICKINSON & CO,Becton Dickinson & Co,1295000.0,1136895.26,0.003817299194,DBT,CORP,2047-06-06,4.67,Fixed
682680BB8,US682680BB81,ONEOK INC,ONEOK Inc,6883000.0,6505421.33,0.021842944093,DBT,CORP,2030-03-15,3.1,Fixed
437076CC4,US437076CC49,HOME DEPOT INC,Home Depot Inc/The,10420000.0,8365776.19,0.028089369212,DBT,CORP,2040-04-15,3.3,Fixed
718172DJ5,US718172DJ54,PHILIP MORRIS INTL INC,Philip Morris International Inc,10656000.0,10851786.95,0.036436529417,DBT,CORP,2034-02-13,5.25,Fixed
369604BZ5,US369604BZ56,GENERAL ELECTRIC CO,General Electric Co,11088000.0,11023425.71,0.037012832726,DBT,CORP,2030-07-29,4.3,Fixed
00206RJZ6,US00206RJZ64,AT&T INC,AT&T Inc,18041000.0,14011797.03,0.047046745115,DBT,CORP,2041-06-01,3.5,Fixed
931142FU2,US931142FU20,WALMART INC,Walmart Inc,8610000.0,8559649.58,0.028740328681,DBT,CORP,2033-04-30,4.45,Fixed
83272YAB8,US83272YAB83,SMURFIT WESTROCK FIN,Smurfit Westrock Financing DAC,5766000.0,5821216.37,0.019545621609,DBT,CORP,2035-01-15,5.42,Fixed
02665WFQ9,US02665WFQ96,AMERICAN HONDA FINANCE,American Honda Finance Corp,5773000.0,5714696.16,0.019187963761,DBT,CORP,2029-09-05,4.4,Fixed
58933YBA2,US58933YBA29,MERCK & CO INC,Merck & Co Inc,8003000.0,5700086.33,0.019138909029,DBT,CORP,2040-06-24,2.35,Fixed
494368CB7,US494368CB71,KIMBERLY-CLARK CORP,Kimberly-Clark Corp,3791000.0,3611889.66,0.012127470291,DBT,CORP,2030-03-26,3.1,Fixed
458140AT7,US458140AT73,INTEL CORP,Intel Corp,6126000.0,5355567.29,0.017982133819,DBT,CORP,2045-07-29,4.9,Fixed
969457CP3,US969457CP37,WILLIAMS COMPANIES INC,Williams Cos Inc/The,9573000.0,9800743.58,0.032907491034,DBT,CORP,2035-03-15,5.6,Fixed
03040WAD7,US03040WAD74,AMERICAN WATER CAPITAL C,American Water Capital Corp,8696000.0,9752512.69,0.032745548467,DBT,CORP,2037-10-15,6.59,Fixed
49456BAG6,US49456BAG68,KINDER MORGAN INC,Kinder Morgan Inc,5895000.0,5966587.7,0.020033728016,DBT,CORP,2034-12-01,5.3,Fixed
75513ECM1,US75513ECM12,RTX CORP,RTX Corp,7721000.0,6743074.35,0.022640900346,DBT,CORP,2031-09-01,1.9,Fixed
191216DQ0,US191216DQ04,COCA-COLA CO/THE,Coca-Cola Co/The,7033000.0,5352639.07,0.017972301873,DBT,CORP,2041-05-05,2.88,Fixed
58013MFK5,US58013MFK53,MCDONALD'S CORP,McDonald's Corp,11962000.0,8687260.15,0.029168800629,DBT,CORP,2049-09-01,3.63,Fixed
02079KAN7,US02079KAN72,ALPHABET INC,Alphabet Inc,12873000.0,11908894.69,0.039985929847,DBT,CORP,2065-05-15,5.3,Fixed
68389XCZ6,US68389XCZ69,ORACLE CORP,Oracle Corp,13208000.0,13106779.17,0.044008009648,DBT,CORP,2032-02-03,5.25,Fixed
68389XBW4,US68389XBW48,ORACLE CORP,Oracle Corp,21311000.0,15783872.81,0.052996759761,DBT,CORP,2040-04-01,3.6,Fixed
191216DK3,US191216DK34,COCA-COLA CO/THE,Coca-Cola Co/The,10512000.0,9459938.02,0.031763184399,DBT,CORP,2031-03-05,2.0,Fixed
740816AR4,US740816AR46,PRES & FELLOWS OF HARVAR,President and Fellows of Harvard College,3919000.0,3870609.76,0.012996162478,DBT,CORP,2035-02-15,4.61,Fixed
682680BL6,US682680BL63,ONEOK INC,ONEOK Inc,12185000.0,12812979.56,0.043021532658,DBT,CORP,2033-09-01,6.05,Fixed
375558AX1,US375558AX11,GILEAD SCIENCES INC,Gilead Sciences Inc,11753000.0,10717127.01,0.035984388135,DBT,CORP,2044-04-01,4.8,Fixed
26442UAU8,US26442UAU88,DUKE ENERGY PROGRESS LLC,Duke Energy Progress LLC,5602000.0,5618541.59,0.01886511013,DBT,CORP,2035-03-15,5.05,Fixed
501044DG3,US501044DG38,KROGER CO,Kroger Co/The,6458000.0,5346095.14,0.017950329631,DBT,CORP,2047-02-01,4.45,Fixed
10373QBG4,US10373QBG47,BP CAP MARKETS AMERICA,BP Capital Markets America Inc,15838000.0,10348221.35,0.034745731129,DBT,CORP,2050-02-24,3.0,Fixed
92343VDR2,US92343VDR24,VERIZON COMMUNICATIONS,Verizon Communications Inc,7860000.0,7370844.69,0.024748734988,DBT,CORP,2039-03-15,4.81,Fixed
52532XAN5,US52532XAN57,LEIDOS INC,Leidos Inc,4425000.0,4285639.05,0.014389686605,DBT,CORP,2036-03-15,5.0,Fixed
29273VBK5,US29273VBK52,ENERGY TRANSFER LP,Energy Transfer LP,6875000.0,6864559.63,0.023048805699,DBT,CORP,2036-01-15,5.35,Fixed
931142FN8,US931142FN86,WALMART INC,Walmart Inc,7973000.0,8010297.69,0.026895795943,DBT,CORP,2030-04-28,4.35,Fixed
91324PER9,US91324PER91,UNITEDHEALTH GROUP INC,UnitedHealth Group Inc,12592000.0,12954964.4,0.043498268408,DBT,CORP,2033-02-15,5.35,Fixed
55336VCB4,US55336VCB45,MPLX LP,MPLX LP,7022000.0,6933840.9,0.023281428127,DBT,CORP,2033-01-15,5.0,Fixed
256677AG0,US256677AG02,DOLLAR GENERAL CORP,Dollar General Corp,7777000.0,7411316.91,0.024884626638,DBT,CORP,2030-04-03,3.5,Fixed
06418GAZ0,US06418GAZ00,BANK OF NOVA SCOTIA,Bank of Nova Scotia/The,6295000.0,6209258.95,0.020848533742,DBT,CORP,2034-02-02,4.81,Fixed
907818FS2,US907818FS27,UNION PACIFIC CORP,Union Pacific Corp,6804000.0,4686838.78,0.015736775875,DBT,CORP,2071-04-06,3.8,Fixed
98956PAV4,US98956PAV40,ZIMMER BIOMET HOLDINGS,Zimmer Biomet Holdings Inc,4402000.0,3950452.96,0.013264248197,DBT,CORP,2031-11-24,2.6,Fixed
65473QBG7,US65473QBG73,NISOURCE INC,NiSource Inc,6411000.0,4902900.72,0.016462236785,DBT,CORP,2048-03-30,3.95,Fixed
444859CD2,US444859CD21,HUMANA INC,Humana Inc,5904000.0,5905975.48,0.019830213245,DBT,CORP,2035-05-01,5.55,Fixed
00206RBH4,US00206RBH49,AT&T INC,AT&T Inc,9970000.0,8302969.14,0.027878484964,DBT,CORP,2042-12-15,4.3,Fixed
60871RAT7,US60871RAT77,MOLSON COORS BEVERAGE,Molson Coors Beverage Co,761000.0,766358.58,0.00257316579,DBT,CORP,2036-07-08,5.5,Fixed
855244AZ2,US855244AZ28,STARBUCKS CORP,Starbucks Corp,12344000.0,11323225.26,0.03801945543,DBT,CORP,2030-11-15,2.55,Fixed
806854AQ8,US806854AQ80,SCHLUMBERGER INVESTMENT,Schlumberger Investment SA,1885000.0,1884638.27,0.00632796037,DBT,CORP,2036-05-07,5.15,Fixed
06051GKK4,US06051GKK49,BANK OF AMERICA CORP,Bank of America Corp,27275000.0,24652737.86,0.082775326534,DBT,CORP,2033-02-04,2.97,Fixed
85771PAC6,US85771PAC68,EQUINOR ASA,Equinor ASA,2411000.0,2365796.88,0.007943523772,DBT,CORP,2040-08-17,5.1,Fixed
126650EL0,US126650EL07,CVS HEALTH CORP,CVS Health Corp,9581000.0,9730153.18,0.032670473002,DBT,CORP,2055-09-15,6.2,Fixed
31620MBU9,US31620MBU99,FIDELITY NATL INFO SERV,Fidelity National Information Services Inc,6107000.0,4453604.87,0.014953657458,DBT,CORP,2041-03-01,3.1,Fixed
404280FE4,US404280FE46,HSBC HOLDINGS PLC,HSBC Holdings PLC,19277000.0,19040536.75,0.063931505531,DBT,CORP,2031-11-06,4.62,Fixed
89153VAU3,US89153VAU35,TOTALENERGIES CAP INTL,TotalEnergies Capital International SA,7013000.0,5033835.32,0.01690186967,DBT,CORP,2049-07-12,3.46,Fixed
254687FQ4,US254687FQ40,WALT DISNEY COMPANY/THE,Walt Disney Co/The,6092000.0,5960911.13,0.020014668067,DBT,CORP,2030-03-22,3.8,Fixed
539830BD0,US539830BD07,LOCKHEED MARTIN CORP,Lockheed Martin Corp,8252000.0,6582596.47,0.022102071394,DBT,CORP,2045-03-01,3.8,Fixed
816851BX6,US816851BX66,SEMPRA,Sempra,5958000.0,5893065.55,0.019786866187,DBT,CORP,2036-03-15,5.25,Fixed
38143VAA7,US38143VAA70,GOLDMAN SACHS CAPITAL I,Goldman Sachs Capital I,7981000.0,8350387.82,0.028037700413,DBT,CORP,2034-02-15,6.35,Fixed
05971KAG4,US05971KAG40,BANCO SANTANDER SA,Banco Santander SA,7118000.0,6436715.58,0.021612254061,DBT,CORP,2030-12-03,2.75,Fixed
097023CJ2,US097023CJ22,BOEING CO,Boeing Co/The,8268000.0,7458940.65,0.025044530607,DBT,CORP,2034-05-01,3.6,Fixed
532457DE5,US532457DE50,ELI LILLY & CO,Eli Lilly & Co,10335000.0,10339388.24,0.034716072615,DBT,CORP,2035-10-15,4.9,Fixed
26884LBD0,US26884LBD01,EQT CORP,EQT Corp,8638000.0,8586327.48,0.028829903798,DBT,CORP,2031-01-15,4.75,Fixed
66989HBG2,US66989HBG20,NOVARTIS CAPITAL CORP,Novartis Capital Corp,11092000.0,11032785.36,0.037044259178,DBT,CORP,2031-03-18,4.4,Fixed
94974BGK0,US94974BGK08,WELLS FARGO & COMPANY,Wells Fargo & Co,17610000.0,13953690.29,0.046851642875,DBT,CORP,2045-05-01,3.9,Fixed
882508CB8,US882508CB86,TEXAS INSTRUMENTS INC,Texas Instruments Inc,8460000.0,8619821.24,0.028942364205,DBT,CORP,2033-03-14,4.9,Fixed
337738AU2,US337738AU25,FISERV INC,Fiserv Inc,6884000.0,6618845.53,0.02222378314,DBT,CORP,2029-07-01,3.5,Fixed
606822DY7,US606822DY72,MITSUBISHI UFJ FIN GRP,Mitsubishi UFJ Financial Group Inc,9833000.0,9956942.02,0.033431951114,DBT,CORP,2047-04-21,5.87,Fixed
06368MS62,US06368MS622,BANK OF MONTREAL,Bank of Montreal,4025000.0,4026832.58,0.013520704418,DBT,CORP,2032-06-02,4.88,Fixed
61747YDY8,US61747YDY86,MORGAN STANLEY,Morgan Stanley,19001000.0,16013695.08,0.053768423077,DBT,CORP,2045-01-27,4.3,Fixed
16411QAQ4,US16411QAQ47,CHENIERE ENERGY PARTNERS,Cheniere Energy Partners LP,11166000.0,11706844.19,0.039307514484,DBT,CORP,2033-06-30,5.95,Fixed
68389XCV5,US68389XCV55,ORACLE CORP,Oracle Corp,10683000.0,8428157.35,0.028298823468,DBT,CORP,2064-09-27,5.5,Fixed
02209SBP7,US02209SBP74,ALTRIA GROUP INC,Altria Group Inc,6337000.0,4466810.62,0.014997997777,DBT,CORP,2061-02-04,4.0,Fixed
74460WAH0,US74460WAH07,PUBLIC STORAGE OP CO,Public Storage Operating Co,6988000.0,6687285.4,0.02245358044,DBT,,2053-08-01,5.35,Fixed
60687YDF3,US60687YDF34,MIZUHO FINANCIAL GROUP,Mizuho Financial Group Inc,4653000.0,4746200.06,0.015936090425,DBT,CORP,2030-07-10,5.38,Fixed
46625HHV5,US46625HHV50,JPMORGAN CHASE & CO,JPMorgan Chase & Co,9038000.0,9223748.98,0.030970143682,DBT,CORP,2040-10-15,5.5,Fixed
29250NBF1,US29250NBF15,ENBRIDGE INC,Enbridge Inc,7671000.0,6560303.64,0.022027219818,DBT,CORP,2033-08-01,2.5,Fixed
191216CV0,US191216CV08,COCA-COLA CO/THE,Coca-Cola Co/The,9569000.0,8642194.51,0.029017485871,DBT,CORP,2030-06-01,1.65,Fixed
20030NDU2,US20030NDU28,COMCAST CORP,Comcast Corp,45750000.0,25613590.43,0.086001535553,DBT,CORP,2056-11-01,2.94,Fixed
70450YAM5,US70450YAM57,PAYPAL HOLDINGS INC,PayPal Holdings Inc,6950000.0,6006565.3,0.020167958904,DBT,CORP,2052-06-01,5.05,Fixed
713448GK8,US713448GK81,PEPSICO INC,PepsiCo Inc,10644000.0,10736149.37,0.036048258609,DBT,CORP,2035-07-23,5.0,Fixed
666807CH3,US666807CH36,NORTHROP GRUMMAN CORP,Northrop Grumman Corp,6419000.0,6380641.98,0.021423978399,DBT,CORP,2033-03-15,4.7,Fixed
172967NU1,US172967NU15,CITIGROUP INC,Citigroup Inc,15321000.0,15265894.96,0.051257570145,DBT,CORP,2033-05-24,4.91,Fixed
036752BE2,US036752BE23,ELEVANCE HEALTH INC,Elevance Health Inc,9143000.0,8829076.92,0.029644972059,DBT,CORP,2055-02-15,5.7,Fixed
38141GC93,US38141GC936,GOLDMAN SACHS GROUP INC,Goldman Sachs Group Inc/The,18355000.0,18623021.55,0.062529634582,DBT,CORP,2031-04-23,5.22,Fixed
097023DC6,US097023DC69,BOEING CO,Boeing Co/The,8682000.0,8273890.44,0.027780848795,DBT,CORP,2031-02-01,3.63,Fixed
89788MAS1,US89788MAS17,TRUIST FINANCIAL CORP,Truist Financial Corp,14671000.0,15127099.38,0.050791542821,DBT,CORP,2035-01-24,5.71,Fixed
87264ACT0,US87264ACT07,T-MOBILE USA INC,T-Mobile USA Inc,20459000.0,13584906.94,0.045613396543,DBT,CORP,2052-10-15,3.4,Fixed
822905BB0,US822905BB09,SHELL FINANCE US INC,Shell Finance US Inc,8432000.0,5477778.81,0.018392477632,DBT,CORP,2051-11-26,3.0,Fixed
345397J95,US345397J952,FORD MOTOR CREDIT CO LLC,Ford Motor Credit Co LLC,8865000.0,9095578.65,0.030539792255,DBT,CORP,2036-05-22,6.47,Fixed
11135FBT7,US11135FBT75,BROADCOM INC,Broadcom Inc,8432000.0,8150582.0,0.027366821905,DBT,CORP,2032-04-15,4.15,Fixed
13645RBF0,US13645RBF01,CANADIAN PACIFIC RAILWAY,Canadian Pacific Railway Co,10038000.0,8930975.23,0.029987111173,DBT,CORP,2031-12-02,2.45,Fixed
22822VBD2,US22822VBD29,CROWN CASTLE INC,Crown Castle Inc,2017000.0,2067347.55,0.006941434638,DBT,,2029-06-01,5.6,Fixed
6174468U6,US6174468U61,MORGAN STANLEY,Morgan Stanley,19018000.0,16542109.34,0.05554265453,DBT,CORP,2032-02-13,1.79,Fixed
75513ECK5,US75513ECK55,RTX CORP,RTX Corp,8046000.0,6714662.17,0.02254550212,DBT,CORP,2047-04-15,4.35,Fixed
46647PEV4,US46647PEV40,JPMORGAN CHASE & CO,JPMorgan Chase & Co,20588000.0,20904552.85,0.070190223821,DBT,CORP,2031-01-24,5.14,Fixed
277432AZ3,US277432AZ35,EASTMAN CHEMICAL CO,Eastman Chemical Co,5910000.0,5963515.64,0.020023413107,DBT,CORP,2029-08-01,5.0,Fixed
14149YBS6,US14149YBS63,CARDINAL HEALTH INC,Cardinal Health Inc,5748000.0,5812006.85,0.019514699241,DBT,CORP,2034-11-15,5.35,Fixed
94106LBT5,US94106LBT52,WASTE MANAGEMENT INC,Waste Management Inc,5949000.0,5983611.88,0.020090889297,DBT,CORP,2030-02-15,4.63,Fixed
46647PAK2,US46647PAK21,JPMORGAN CHASE & CO,JPMorgan Chase & Co,16462000.0,13180112.63,0.044254237922,DBT,CORP,2048-07-24,4.03,Fixed
254687FS0,US254687FS06,WALT DISNEY COMPANY/THE,Walt Disney Co/The,13372000.0,11764686.94,0.039501730337,DBT,CORP,2050-03-23,4.7,Fixed
91324PEH1,US91324PEH10,UNITEDHEALTH GROUP INC,UnitedHealth Group Inc,4521000.0,4468488.13,0.015003630273,DBT,CORP,2029-05-15,4.0,Fixed
404119DA4,US404119DA49,HCA INC,HCA Inc,7873000.0,8068148.84,0.02709004,DBT,CORP,2032-03-01,5.5,Fixed
09062XAD5,US09062XAD57,BIOGEN INC,Biogen Inc,7327000.0,6757329.41,0.022688763884,DBT,CORP,2045-09-15,5.2,Fixed
86562MCW8,US86562MCW82,SUMITOMO MITSUI FINL GRP,Sumitomo Mitsui Financial Group Inc,6223000.0,6433316.24,0.021600840259,DBT,CORP,2030-01-13,5.71,Fixed
95000U2J1,US95000U2J10,WELLS FARGO & COMPANY,Wells Fargo & Co,22754000.0,21099859.29,0.070845994975,DBT,CORP,2031-02-11,2.57,Fixed
097023DR3,US097023DR39,BOEING CO/THE,Boeing Co/The,8030000.0,8558347.5,0.028735956749,DBT,CORP,2031-05-01,6.39,Fixed
43849RAF2,US43849RAF29,HONEYWELL AEROSPACE INC,Honeywell Aerospace Inc,12475000.0,12284751.26,0.041247925593,DBT,CORP,2033-03-16,4.6,Fixed
161175CP7,US161175CP73,CHARTER COMM OPT LLC/CAP,Charter Communications Operating LLC / Charter Communications Operating Capital,6517000.0,6713706.52,0.022542293379,DBT,CORP,2034-02-01,6.65,Fixed
67103HAP2,US67103HAP29,O'REILLY AUTOMOTIVE INC,O'Reilly Automotive Inc,6857000.0,6778495.58,0.022759832527,DBT,CORP,2036-03-12,5.1,Fixed
14448CAR5,US14448CAR51,CARRIER GLOBAL CORP,Carrier Global Corp,10786000.0,8659574.62,0.02907584224,DBT,CORP,2040-04-05,3.38,Fixed
78017DAC2,US78017DAC20,ROYAL BANK OF CANADA,Royal Bank of Canada,8712000.0,8841124.04,0.029685422101,DBT,CORP,2031-02-04,5.15,Fixed
68389XCT0,US68389XCT00,ORACLE CORP,Oracle Corp,14205000.0,13218837.76,0.044384263451,DBT,CORP,2034-09-27,4.7,Fixed
91324PDS8,US91324PDS83,UNITEDHEALTH GROUP INC,UnitedHealth Group Inc,6205000.0,5919539.6,0.019875756847,DBT,CORP,2029-08-15,2.88,Fixed
38141GVS0,US38141GVS01,GOLDMAN SACHS GROUP INC,Goldman Sachs Group Inc/The,12793000.0,11300346.02,0.037942634893,DBT,CORP,2045-10-21,4.75,Fixed
404280EG0,US404280EG03,HSBC HOLDINGS PLC,HSBC Holdings PLC,11841000.0,12214809.71,0.041013086174,DBT,CORP,2032-05-17,5.73,Fixed
10112RBB9,US10112RBB96,BOSTON PROPERTIES LP,Boston Properties LP,3374000.0,3243061.13,0.010889072261,DBT,,2029-06-21,3.4,Fixed
68389XDK8,US68389XDK81,ORACLE CORP,Oracle Corp,21230000.0,20400134.16,0.068496561153,DBT,CORP,2032-09-26,4.8,Fixed
59156RCE6,US59156RCE62,METLIFE INC,MetLife Inc,7174000.0,7426600.13,0.02493594238,DBT,CORP,2033-07-15,5.38,Fixed
49456BAT8,US49456BAT89,KINDER MORGAN INC,Kinder Morgan Inc,8238000.0,5820849.7,0.019544390459,DBT,CORP,2051-02-15,3.6,Fixed
68233JDJ0,US68233JDJ07,ONCOR ELECTRIC DELIVERY,Oncor Electric Delivery Co LLC,6449000.0,6518614.38,0.02188724177,DBT,CORP,2056-03-15,5.9,Fixed
59156RBN7,US59156RBN70,METLIFE INC,MetLife Inc,8013000.0,6565077.34,0.022043248243,DBT,CORP,2045-03-01,4.05,Fixed
05964HBG9,US05964HBG92,BANCO SANTANDER SA,Banco Santander SA,12715000.0,13072975.57,0.043894508907,DBT,CORP,2031-07-15,5.44,Fixed
694308KP1,US694308KP16,PACIFIC GAS & ELECTRIC,Pacific Gas and Electric Co,4209000.0,4602453.11,0.015453438121,DBT,CORP,2034-03-15,6.95,Fixed
053332AZ5,US053332AZ56,AUTOZONE INC,AutoZone Inc,6261000.0,6115960.18,0.020535268895,DBT,CORP,2030-04-15,4.0,Fixed
345397H89,US345397H899,FORD MOTOR CREDIT CO LLC,Ford Motor Credit Co LLC,7328000.0,7219310.37,0.024239935402,DBT,CORP,2035-10-31,5.87,Fixed
78017DAH1,US78017DAH17,ROYAL BANK OF CANADA,Royal Bank of Canada,5201000.0,5250610.26,0.017629724586,DBT,CORP,2031-05-02,4.97,Fixed
458140AY6,US458140AY68,INTEL CORP,Intel Corp,7988000.0,6157807.81,0.020675778694,DBT,CORP,2047-05-11,4.1,Fixed
92343VFL3,US92343VFL36,VERIZON COMMUNICATIONS,Verizon Communications Inc,8506000.0,7501418.43,0.025187156231,DBT,CORP,2030-09-18,1.5,Fixed
67077MAU2,US67077MAU27,NUTRIEN LTD,Nutrien Ltd,4943000.0,4418829.95,0.014836895361,DBT,CORP,2049-04-01,5.0,Fixed
68389XDR3,US68389XDR35,ORACLE CORP,Oracle Corp,24307000.0,21235336.56,0.071300880567,DBT,CORP,2055-09-26,5.95,Fixed
43849RAE5,US43849RAE53,HONEYWELL AEROSPACE INC,Honeywell Aerospace Inc,12543000.0,12350172.7,0.041467588054,DBT,CORP,2031-03-16,4.3,Fixed
775109CJ8,US775109CJ87,ROGERS COMMUNICATIONS IN,Rogers Communications Inc,5913000.0,5034822.53,0.016905184378,DBT,CORP,2042-03-15,4.5,Fixed
606822BX1,US606822BX18,MITSUBISHI UFJ FIN GRP,Mitsubishi UFJ Financial Group Inc,14783000.0,13065994.46,0.043871068765,DBT,CORP,2032-07-20,2.31,Fixed
126650EB2,US126650EB25,CVS HEALTH CORP,CVS Health Corp,3163000.0,3231709.53,0.010850957533,DBT,CORP,2029-06-01,5.4,Fixed
46647PBX3,US46647PBX33,JPMORGAN CHASE & CO,JPMorgan Chase & Co,22212000.0,19580311.13,0.065743880319,DBT,CORP,2032-02-04,1.95,Fixed
842400HZ9,US842400HZ94,SOUTHERN CAL EDISON,Southern California Edison Co,7300000.0,7219858.41,0.02424177553,DBT,CORP,2034-06-01,5.2,Fixed
037833CH1,US037833CH12,APPLE INC,Apple Inc,9133000.0,7724147.07,0.025935001602,DBT,CORP,2047-02-09,4.25,Fixed
717081FF5,US717081FF58,PFIZER INC,Pfizer Inc,8232000.0,8152800.75,0.027374271696,DBT,CORP,2035-11-15,4.88,Fixed
20826FBM7,US20826FBM77,CONOCOPHILLIPS COMPANY,ConocoPhillips Co,8506000.0,8192405.05,0.027507249173,DBT,CORP,2055-01-15,5.5,Fixed
03523TBW7,US03523TBW71,ANHEUSER-BUSCH INBEV WOR,Anheuser-Busch InBev Worldwide Inc,15135000.0,15428619.0,0.051803940923,DBT,CORP,2059-01-23,5.8,Fixed
56585ABK7,US56585ABK79,MARATHON PETROLEUM CORP,Marathon Petroleum Corp,11659000.0,11861451.54,0.039826632237,DBT,CORP,2030-03-01,5.15,Fixed
92343VFV1,US92343VFV18,VERIZON COMMUNICATIONS,Verizon Communications Inc,12667000.0,7379097.52,0.024776445124,DBT,CORP,2060-11-20,3.0,Fixed
037833EK2,US037833EK23,APPLE INC,Apple Inc,13572000.0,8374435.66,0.028118444703,DBT,CORP,2051-08-05,2.7,Fixed
29273VAZ3,US29273VAZ31,ENERGY TRANSFER LP,Energy Transfer LP,4987000.0,5080382.57,0.01705815916,DBT,CORP,2029-07-01,5.25,Fixed
26442CBJ2,US26442CBJ27,DUKE ENERGY CAROLINAS,Duke Energy Carolinas LLC,8449000.0,8564445.45,0.028756431546,DBT,CORP,2033-01-15,4.95,Fixed
74340XCJ8,US74340XCJ81,PROLOGIS LP,Prologis LP,7908000.0,7906036.44,0.026545722898,DBT,,2034-03-15,5.0,Fixed
36264FAM3,US36264FAM32,HALEON US CAPITAL LLC,Haleon US Capital LLC,12507000.0,11744780.9,0.039434892772,DBT,CORP,2032-03-24,3.63,Fixed
172967NE7,US172967NE72,CITIGROUP INC,Citigroup Inc,8903000.0,7904196.47,0.026539544918,DBT,CORP,2032-11-03,2.52,Fixed
94974BFP0,US94974BFP04,WELLS FARGO & COMPANY,Wells Fargo & Co,16562000.0,15594487.71,0.052360870409,DBT,CORP,2043-11-02,5.38,Fixed
55336VAN0,US55336VAN01,MPLX LP,MPLX LP,9294000.0,7723374.41,0.025932407279,DBT,CORP,2048-04-15,4.7,Fixed
06738ECV5,US06738ECV56,BARCLAYS PLC,Barclays PLC,13281000.0,13195243.25,0.044305041286,DBT,CORP,2035-09-10,5.34,Fixed
482480AN0,US482480AN02,KLA CORP,KLA Corp,3745000.0,3463236.69,0.011628345277,DBT,CORP,2062-07-15,5.25,Fixed
21684AAB2,US21684AAB26,COOPERATIEVE RABOBANK UA,Cooperatieve Rabobank UA,8188000.0,8084752.6,0.027145789656,DBT,CORP,2043-12-01,5.75,Fixed
127097AN3,US127097AN32,COTERRA ENERGY INC,Coterra Energy Inc,5609000.0,5524552.02,0.018549525817,DBT,CORP,2055-02-15,5.9,Fixed
548661EX1,US548661EX13,LOWE'S COS INC,Lowe's Cos Inc,6406000.0,6247456.62,0.020976788244,DBT,CORP,2035-10-15,4.85,Fixed
89158TAC3,US89158TAC36,TOTALENERGI CAP USA LLC,TotalEnergies Capital USA LLC,7370000.0,7263895.58,0.024389637043,DBT,CORP,2036-01-13,4.86,Fixed
20826FBJ4,US20826FBJ49,CONOCOPHILLIPS COMPANY,ConocoPhillips Co,13092000.0,13179351.13,0.04425168107,DBT,CORP,2030-01-15,4.7,Fixed
260543DN0,US260543DN04,DOW CHEMICAL CO/THE,Dow Chemical Co/The,7758000.0,7680144.59,0.025787256566,DBT,CORP,2031-01-15,4.8,Fixed
78016FZX5,US78016FZX58,ROYAL BANK OF CANADA,Royal Bank of Canada,13168000.0,13303752.86,0.044669378848,DBT,CORP,2033-02-01,5.0,Fixed
46590XAX4,US46590XAX49,JBS NV/USA FOODS/FOOD CO,JBS NV/JBS USA Foods Group Holdings Inc/JBS USA Food Co Holdings,11311000.0,11430099.17,0.03837830088,DBT,CORP,2052-12-01,6.5,Fixed
125523CQ1,US125523CQ19,CIGNA GROUP/THE,Cigna Group/The,10765000.0,7369078.48,0.024742804669,DBT,CORP,2051-03-15,3.4,Fixed
20030NCZ2,US20030NCZ24,COMCAST CORP,Comcast Corp,15188000.0,10054812.92,0.033760567585,DBT,CORP,2050-02-01,3.45,Fixed
278865BV1,US278865BV16,ECOLAB INC,Ecolab Inc,7805000.0,7862828.03,0.026400644072,DBT,CORP,2031-06-15,4.8,Fixed
037833EN6,US037833EN61,APPLE INC,Apple Inc,6081000.0,5922261.58,0.01988489631,DBT,CORP,2029-08-08,3.25,Fixed
478160CW2,US478160CW20,JOHNSON & JOHNSON,Johnson & Johnson,9238000.0,9513417.11,0.031942748598,DBT,CORP,2034-06-01,4.95,Fixed
606822BM5,US606822BM52,MITSUBISHI UFJ FIN GRP,Mitsubishi UFJ Financial Group Inc,9084000.0,8709576.6,0.029243731513,DBT,CORP,2029-07-18,3.2,Fixed
58013MGA6,US58013MGA62,MCDONALD'S CORP,McDonald's Corp,9339000.0,9301689.76,0.031231841735,DBT,CORP,2035-03-03,4.95,Fixed
88732JAY4,US88732JAY47,TIME WARNER CABLE LLC,Time Warner Cable LLC,9448000.0,8512819.95,0.028583091058,DBT,CORP,2040-11-15,5.88,Fixed
341081GV3,US341081GV31,FLORIDA POWER & LIGHT CO,Florida Power & Light Co,7839000.0,7703249.69,0.025864835463,DBT,CORP,2054-06-15,5.6,Fixed
75513ECW9,US75513ECW93,RTX CORP,RTX Corp,12741000.0,13682999.46,0.045942757137,DBT,CORP,2034-03-15,6.1,Fixed
438127AC6,US438127AC63,HONDA MOTOR CO LTD,Honda Motor Co Ltd,5413000.0,4877337.64,0.016376404846,DBT,CORP,2032-03-10,2.97,Fixed
05971KAW9,US05971KAW99,BANCO SANTANDER SA,Banco Santander SA,5686000.0,5677021.81,0.019061466386,DBT,CORP,2036-04-15,5.44,Fixed
02209SAR4,US02209SAR40,ALTRIA GROUP INC,Altria Group Inc,12545000.0,11721251.39,0.039355888855,DBT,CORP,2044-01-31,5.38,Fixed
842587DT1,US842587DT18,SOUTHERN CO,Southern Co/The,7723000.0,8015846.12,0.026914425643,DBT,CORP,2034-03-15,5.7,Fixed
925650AH6,US925650AH69,VICI PROPERTIES LP,VICI Properties LP,6146000.0,6127014.39,0.020572385091,DBT,,2031-11-15,5.13,Fixed
37045VAZ3,US37045VAZ31,GENERAL MOTORS CO,General Motors Co,8297000.0,8535996.74,0.028660910664,DBT,CORP,2032-10-15,5.6,Fixed
11271LAE2,US11271LAE20,BROOKFIELD FINANCE INC,Brookfield Finance Inc,7146000.0,7031009.43,0.023607686283,DBT,CORP,2030-04-15,4.35,Fixed
057224AZ0,US057224AZ09,BAKER HUGHES HLDGS LLC,Baker Hughes Holdings LLC,8455000.0,8143822.18,0.027344124778,DBT,CORP,2040-09-15,5.13,Fixed
38141GD35,US38141GD355,GOLDMAN SACHS GROUP INC,Goldman Sachs Group Inc/The,19130000.0,18734037.7,0.062902388234,DBT,CORP,2031-10-21,4.37,Fixed
16411QAZ4,US16411QAZ46,CHENIERE ENERGY PARTNERS,Cheniere Energy Partners LP,830000.0,834018.11,0.002800342979,DBT,CORP,2056-11-30,6.05,Fixed
842400GG2,US842400GG23,SOUTHERN CAL EDISON,Southern California Edison Co,13695000.0,10226990.5,0.034338680064,DBT,CORP,2047-04-01,4.0,Fixed
713448GC6,US713448GC65,PEPSICO INC,PepsiCo Inc,8642000.0,8721012.08,0.02928212788,DBT,CORP,2035-02-07,5.0,Fixed
871829BN6,US871829BN62,SYSCO CORPORATION,Sysco Corp,8083000.0,8606857.61,0.02889883684,DBT,CORP,2050-04-01,6.6,Fixed
68389XBP9,US68389XBP96,ORACLE CORP,Oracle Corp,12673000.0,10308129.49,0.034611116596,DBT,CORP,2037-11-15,3.8,Fixed
60687YDE6,US60687YDE68,MIZUHO FINANCIAL GROUP,Mizuho Financial Group Inc,4659000.0,4791735.84,0.016088983749,DBT,CORP,2035-05-26,5.58,Fixed
89788MAU6,US89788MAU62,TRUIST FINANCIAL CORP,Truist Financial Corp,7785000.0,7870722.19,0.026427149918,DBT,CORP,2031-05-20,5.07,Fixed
45866FAV6,US45866FAV67,INTERCONTINENTALEXCHANGE,Intercontinental Exchange Inc,6044000.0,6021570.72,0.02021834189,DBT,CORP,2029-06-15,4.35,Fixed
13607HR53,US13607HR535,CANADIAN IMPERIAL BANK,Canadian Imperial Bank of Commerce,4917000.0,4627271.18,0.015536768575,DBT,CORP,2032-04-07,3.6,Fixed
6174468N2,US6174468N29,MORGAN STANLEY,Morgan Stanley,13250000.0,13006642.55,0.043671785677,DBT,CORP,2051-03-24,5.6,Fixed
20030NBT7,US20030NBT72,COMCAST CORP,Comcast Corp,5939000.0,4990362.94,0.016755904525,DBT,CORP,2036-07-15,3.2,Fixed
539830CL1,US539830CL14,LOCKHEED MARTIN CORP,Lockheed Martin Corp,6470000.0,6455414.68,0.021675039141,DBT,CORP,2030-08-15,4.4,Fixed
039482AB0,US039482AB02,ARCHER-DANIELS-MIDLAND C,Archer-Daniels-Midland Co,9092000.0,8690755.49,0.029180536766,DBT,CORP,2030-03-27,3.25,Fixed
456837BU6,US456837BU63,ING GROEP NV,ING Groep NV,12962000.0,12896124.52,0.043300704539,DBT,CORP,2032-03-23,4.8,Fixed
209111GK3,US209111GK37,CON EDISON CO OF NY INC,Consolidated Edison Co of New York Inc,7375000.0,7298406.94,0.024505514197,DBT,CORP,2054-05-15,5.7,Fixed
91159HJD3,US91159HJD35,US BANCORP,US Bancorp,9926000.0,8835011.5,0.029664898316,DBT,CORP,2033-01-27,2.68,Fixed
76720AAV8,US76720AAV89,RIO TINTO FIN USA PLC,RIO TINTO FIN USA PLC,13094000.0,13223186.71,0.044398865714,DBT,CORP,2055-03-14,5.75,Fixed
594918CA0,US594918CA09,MICROSOFT CORP,Microsoft Corp,7133000.0,6096660.7,0.020470467948,DBT,CORP,2047-02-06,4.25,Fixed
69349LAS7,US69349LAS79,PNC BANK NA,PNC Bank NA,6065000.0,5708102.65,0.019165825046,DBT,CORP,2029-10-22,2.7,Fixed
87264ACQ6,US87264ACQ67,T-MOBILE USA INC,T-Mobile USA Inc,7969000.0,7105613.84,0.023858181966,DBT,CORP,2032-03-15,2.7,Fixed
24422EWZ8,US24422EWZ86,JOHN DEERE CAPITAL CORP,John Deere Capital Corp,9184000.0,9267749.81,0.031117883178,DBT,CORP,2030-06-10,4.7,Fixed
370334DA9,US370334DA90,GENERAL MILLS INC,General Mills Inc,9452000.0,9515995.71,0.031951406641,DBT,CORP,2030-01-30,4.88,Fixed
666807CJ9,US666807CJ91,NORTHROP GRUMMAN CORP,Northrop Grumman Corp,9315000.0,8325339.0,0.02795359518,DBT,CORP,2053-03-15,4.95,Fixed
55336VBQ2,US55336VBQ23,MPLX LP,MPLX LP,9333000.0,8614063.14,0.028923030506,DBT,CORP,2030-08-15,2.65,Fixed
00206RMM1,US00206RMM15,AT&T INC,AT&T Inc,29467000.0,24973105.7,0.083851010408,DBT,CORP,2033-12-01,2.55,Fixed
606822DK7,US606822DK78,MITSUBISHI UFJ FIN GRP,Mitsubishi UFJ Financial Group Inc,8560000.0,8681354.26,0.029148970702,DBT,CORP,2031-04-24,5.16,Fixed
437076CK6,US437076CK64,HOME DEPOT INC,Home Depot Inc/The,7301000.0,4435428.32,0.01489262692,DBT,CORP,2051-09-15,2.75,Fixed
907818FT0,US907818FT00,UNION PACIFIC CORP,Union Pacific Corp,8658000.0,6739633.09,0.022629345791,DBT,CORP,2041-05-20,3.2,Fixed
45866FAH7,US45866FAH73,INTERCONTINENTALEXCHANGE,Intercontinental Exchange Inc,10556000.0,8708049.75,0.029238604881,DBT,CORP,2048-09-21,4.25,Fixed
437076DE9,US437076DE95,HOME DEPOT INC,Home Depot Inc/The,13150000.0,13199459.78,0.044319198929,DBT,CORP,2034-06-25,4.95,Fixed
35137LAJ4,US35137LAJ44,FOX CORP,Fox Corp,9764000.0,9599795.88,0.03223277849,DBT,CORP,2039-01-25,5.48,Fixed
62854AAP9,US62854AAP93,UTAH ACQUISITION SUB,Utah Acquisition Sub Inc,5545000.0,4663012.3,0.015656774835,DBT,CORP,2046-06-15,5.25,Fixed
969457CW8,US969457CW87,WILLIAMS COMPANIES INC,Williams Cos Inc/The,8218000.0,8156787.41,0.027387657515,DBT,CORP,2056-03-15,5.95,Fixed
06051GHV4,US06051GHV41,BANK OF AMERICA CORP,Bank of America Corp,14646000.0,14030065.4,0.047108083952,DBT,CORP,2030-07-23,3.19,Fixed
02209SAV5,US02209SAV51,ALTRIA GROUP INC,Altria Group Inc,11011000.0,8197699.41,0.027525025794,DBT,CORP,2046-09-16,3.88,Fixed
75513ECR0,US75513ECR09,RTX CORP,RTX Corp,6290000.0,6413585.92,0.021534592701,DBT,CORP,2033-02-27,5.15,Fixed
051473AF3,US051473AF38,AUGUSTA SPINCO CORPORATI,Augusta SpinCo Corp,5797000.0,5786508.59,0.019429084945,DBT,CORP,2036-03-23,5.25,Fixed
24703TAH9,US24703TAH95,DELL INT LLC / EMC CORP,Dell International LLC / EMC Corp,5695000.0,6004555.71,0.0201612114,DBT,CORP,2030-07-15,6.2,Fixed
478160DK7,US478160DK72,JOHNSON & JOHNSON,Johnson & Johnson,8116000.0,8325109.55,0.027952824767,DBT,CORP,2032-03-01,4.85,Fixed
125523CS7,US125523CS74,CIGNA GROUP/THE,Cigna Group/The,6058000.0,6220860.85,0.02088748889,DBT,CORP,2033-03-15,5.4,Fixed
20030NDL2,US20030NDL29,COMCAST CORP,Comcast Corp,13226000.0,7644776.13,0.025668501569,DBT,CORP,2051-01-15,2.8,Fixed
694308KR7,US694308KR71,PACIFIC GAS & ELECTRIC,Pacific Gas and Electric Co,8885000.0,9096402.58,0.030542558725,DBT,CORP,2034-05-15,5.8,Fixed
14913UAU4,US14913UAU43,CATERPILLAR FINL SERVICE,Caterpillar Financial Services Corp,10009000.0,10114373.75,0.033960552154,DBT,CORP,2029-11-15,4.7,Fixed
713448DP0,US713448DP06,PEPSICO INC,PepsiCo Inc,6842000.0,5095722.5,0.017109665314,DBT,CORP,2046-10-06,3.45,Fixed
00287YEH8,US00287YEH80,ABBVIE INC,AbbVie Inc,12498000.0,12286270.13,0.041253025431,DBT,CORP,2056-03-15,5.55,Fixed
06417XAP6,US06417XAP69,BANK OF NOVA SCOTIA,Bank of Nova Scotia/The,10069000.0,10155287.3,0.034097925637,DBT,CORP,2030-02-01,4.85,Fixed
59156RCC0,US59156RCC07,METLIFE INC,MetLife Inc,6490000.0,5881367.8,0.019747589208,DBT,CORP,2052-07-15,5.0,Fixed
444859BX9,US444859BX93,HUMANA INC,Humana Inc,4919000.0,4399735.6,0.01477278317,DBT,CORP,2053-03-15,5.5,Fixed
30225VAK3,US30225VAK35,EXTRA SPACE STORAGE LP,Extra Space Storage LP,7770000.0,7961313.72,0.026731324794,DBT,,2030-07-01,5.5,Fixed
87612GAU5,US87612GAU58,TARGA RESOURCES CORP,Targa Resources Corp,4487000.0,4459341.23,0.014972918161,DBT,CORP,2056-05-15,6.05,Fixed
05723KAF7,US05723KAF75,BAKER HUGHES LLC/CO-OBL,Baker Hughes Holdings LLC / Baker Hughes Co-Obligor Inc,10317000.0,8249840.49,0.02770009742,DBT,CORP,2047-12-15,4.08,Fixed
585055BU9,US585055BU98,MEDTRONIC INC,Medtronic Inc,13207000.0,11800453.18,0.039621820942,DBT,CORP,2045-03-15,4.63,Fixed
478160CQ5,US478160CQ51,JOHNSON & JOHNSON,Johnson & Johnson,13825000.0,12269122.06,0.041195448171,DBT,CORP,2030-09-01,1.3,Fixed
744320AY8,US744320AY89,PRUDENTIAL FINANCIAL INC,Prudential Financial Inc,6202000.0,4742434.34,0.015923446445,DBT,CORP,2047-12-07,3.91,Fixed
26441CCF0,US26441CCF05,DUKE ENERGY CORP,Duke Energy Corp,5513000.0,5358915.51,0.017993375978,DBT,CORP,2054-06-15,5.8,Fixed
345370DB3,US345370DB39,FORD MOTOR COMPANY,Ford Motor Co,12046000.0,12356085.72,0.04148744192,DBT,CORP,2032-08-19,6.1,Fixed
191216DZ0,US191216DZ03,COCA-COLA CO/THE,Coca-Cola Co/The,8100000.0,7706866.5,0.025876979454,DBT,CORP,2055-01-14,5.2,Fixed
49177JAM4,US49177JAM45,KENVUE INC,Kenvue Inc,3869000.0,3697668.69,0.012415486465,DBT,CORP,2043-03-22,5.1,Fixed
244199BF1,US244199BF15,DEERE & COMPANY,Deere & Co,6036000.0,5125167.6,0.017208531727,DBT,CORP,2042-06-09,3.9,Fixed
61744YAL2,US61744YAL20,MORGAN STANLEY,Morgan Stanley,14986000.0,13190764.12,0.044290001924,DBT,CORP,2038-07-22,3.97,Variable
87264ACW3,US87264ACW36,T-MOBILE USA INC,T-Mobile USA Inc,12195000.0,11617666.75,0.039008087631,DBT,CORP,2053-01-15,5.65,Fixed
37045VBA7,US37045VBA70,GENERAL MOTORS CO,General Motors Co,6883000.0,7083413.69,0.023783641577,DBT,CORP,2030-04-15,5.63,Fixed
00217GAC7,US00217GAC78,APTIV SWISS HOLDINGS LTD,Aptiv Swiss Holdings Ltd,1000000.0,743726.2,0.002497174123,DBT,CORP,2052-05-01,4.15,Fixed
904764AH0,US904764AH00,UNILEVER CAPITAL CORP,Unilever Capital Corp,7591000.0,8150171.28,0.02736544285,DBT,CORP,2032-11-15,5.9,Fixed
03027XCD0,US03027XCD03,AMERICAN TOWER CORP,American Tower Corp,4944000.0,5093318.69,0.017101594155,DBT,,2033-07-15,5.55,Fixed
29278NAE3,US29278NAE31,ENERGY TRANSFER LP,Energy Transfer LP,6574000.0,6428085.47,0.021583277151,DBT,CORP,2048-06-15,6.0,Fixed
29364WBR8,US29364WBR88,ENTERGY LOUISIANA LLC,Entergy Louisiana LLC,7917000.0,7723639.94,0.025933298836,DBT,CORP,2036-04-15,4.9,Fixed
20030NEB3,US20030NEB38,COMCAST CORP,Comcast Corp,5690000.0,5897690.12,0.019802393886,DBT,CORP,2032-11-15,5.5,Fixed
30161NAX9,US30161NAX93,EXELON CORP,Exelon Corp,7050000.0,6895344.15,0.023152169419,DBT,CORP,2030-04-15,4.05,Fixed
478160BV5,US478160BV55,JOHNSON & JOHNSON,Johnson & Johnson,14801000.0,11852438.03,0.039796368002,DBT,CORP,2046-03-01,3.7,Fixed
161175BA1,US161175BA14,CHARTER COMM OPT LLC/CAP,Charter Communications Operating LLC / Charter Communications Operating Capital,25196000.0,23252181.51,0.078072745025,DBT,CORP,2045-10-23,6.48,Fixed
718172EG0,US718172EG07,PHILIP MORRIS INTL INC,Philip Morris International Inc,9034000.0,8859513.71,0.029747168222,DBT,CORP,2036-04-29,4.88,Fixed
437076CD2,US437076CD22,HOME DEPOT INC,Home Depot Inc/The,13224000.0,9171794.81,0.030795699634,DBT,CORP,2050-04-15,3.35,Fixed
10373QBM1,US10373QBM15,BP CAP MARKETS AMERICA,BP Capital Markets America Inc,8541000.0,7653006.75,0.02569613713,DBT,CORP,2030-08-10,1.75,Fixed
89114TZV7,US89114TZV78,TORONTO-DOMINION BANK,Toronto-Dominion Bank/The,12818000.0,11815019.7,0.039670730254,DBT,CORP,2032-03-10,3.2,Fixed
30303MAB8,US30303MAB81,META PLATFORMS INC,Meta Platforms Inc,23738000.0,23420226.52,0.07863698177,DBT,CORP,2030-11-15,4.2,Fixed
95000U3F8,US95000U3F88,WELLS FARGO & COMPANY,Wells Fargo & Co,31693000.0,32577399.5,0.109383586381,DBT,CORP,2034-07-25,5.56,Fixed
46647PAN6,US46647PAN69,JPMORGAN CHASE & CO,JPMorgan Chase & Co,8406000.0,6561492.44,0.022031211395,DBT,CORP,2049-01-23,3.9,Fixed
68389XEA9,US68389XEA90,ORACLE CORP,Oracle Corp,16403000.0,15808066.47,0.053077993663,DBT,CORP,2046-02-04,6.55,Fixed
20826FBE5,US20826FBE51,CONOCOPHILLIPS COMPANY,ConocoPhillips Co,9110000.0,8506490.74,0.02856183977,DBT,CORP,2053-05-15,5.3,Fixed
90353TAN0,US90353TAN00,UBER TECHNOLOGIES INC,Uber Technologies Inc,15016000.0,14861649.03,0.049900252794,DBT,CORP,2030-01-15,4.3,Fixed
316773DP2,US316773DP29,FIFTH THIRD BANCORP,Fifth Third Bancorp,7163000.0,7012006.11,0.023543879739,DBT,CORP,2037-01-29,5.14,Fixed
27636AAA0,US27636AAA07,EASTERN ENERGY GAS,Eastern Energy Gas Holdings LLC,6897000.0,6581482.94,0.022098332547,DBT,CORP,2054-10-15,5.65,Fixed
822905AN5,US822905AN55,SHELL FINANCE US INC,Shell Finance US Inc,13561000.0,13348212.99,0.044818660514,DBT,CORP,2030-11-06,4.13,Fixed
756109DB7,US756109DB76,REALTY INCOME CORP,Realty Income Corp,3355000.0,3312241.2,0.011121354895,DBT,,2033-04-15,4.75,Fixed
94106LBW8,US94106LBW81,WASTE MANAGEMENT INC,Waste Management Inc,9486000.0,9554086.71,0.032079302982,DBT,CORP,2034-02-15,4.88,Fixed
337738BM9,US337738BM99,FISERV INC,Fiserv Inc,4466000.0,4433480.37,0.01488608638,DBT,CORP,2030-03-15,4.75,Fixed
60687YBL2,US60687YBL20,MIZUHO FINANCIAL GROUP,Mizuho Financial Group Inc,6219000.0,5542795.07,0.018610779639,DBT,CORP,2031-09-08,1.98,Fixed
036752AH6,US036752AH62,ELEVANCE HEALTH INC,Elevance Health Inc,4597000.0,3864384.84,0.01297526136,DBT,CORP,2048-03-01,4.55,Fixed
031162DY3,US031162DY30,AMGEN INC,Amgen Inc,7209000.0,7013095.43,0.023547537297,DBT,CORP,2056-02-19,5.65,Fixed
404119BV0,US404119BV04,HCA INC,HCA Inc,11593000.0,10726950.73,0.036017372773,DBT,CORP,2047-06-15,5.5,Fixed
06738ECG8,US06738ECG89,BARCLAYS PLC,Barclays PLC,16526000.0,17418073.48,0.058483837701,DBT,CORP,2034-05-09,6.22,Fixed
58933YBM6,US58933YBM66,MERCK & CO INC,Merck & Co Inc,11291000.0,10247030.75,0.03440596826,DBT,CORP,2053-05-17,5.0,Fixed
756109AX2,US756109AX24,REALTY INCOME CORP,Realty Income Corp,5345000.0,5025855.4,0.016875075872,DBT,,2031-01-15,3.25,Fixed
02079KBB2,US02079KBB26,ALPHABET INC,Alphabet Inc,21073000.0,20545622.89,0.068985061749,DBT,CORP,2075-11-15,5.7,Fixed
032095AY7,US032095AY74,AMPHENOL CORP,Amphenol Corp,5847000.0,5746588.88,0.019295048432,DBT,CORP,2030-11-15,4.13,Fixed
345397ZR7,US345397ZR75,FORD MOTOR CREDIT CO LLC,Ford Motor Credit Co LLC,5031000.0,5014519.95,0.01683701537,DBT,CORP,2029-05-03,5.11,Fixed
68389XCK9,US68389XCK90,ORACLE CORP,Oracle Corp,17563000.0,17280297.17,0.058021232731,DBT,CORP,2052-11-09,6.9,Fixed
713448FF0,US713448FF06,PEPSICO INC,PepsiCo Inc,6972000.0,5001569.87,0.016793533502,DBT,CORP,2041-10-21,2.63,Fixed
86562MDQ0,US86562MDQ06,SUMITOMO MITSUI FINL GRP,Sumitomo Mitsui Financial Group Inc,7857000.0,7889705.55,0.026490889444,DBT,CORP,2044-07-09,5.84,Fixed
05526DBK0,US05526DBK00,BAT CAPITAL CORP,BAT Capital Corp,6420000.0,5407617.36,0.018156899865,DBT,CORP,2049-09-06,4.76,Fixed
02079KBP1,US02079KBP12,ALPHABET INC,Alphabet Inc,27894000.0,27664806.16,0.092888805146,DBT,CORP,2056-02-15,5.65,Fixed
37045XFK7,US37045XFK72,GENERAL MOTORS FINL CO,General Motors Financial Co Inc,6457000.0,6748210.05,0.022658144242,DBT,CORP,2035-07-15,6.15,Fixed
95000U2U6,US95000U2U64,WELLS FARGO & COMPANY,Wells Fargo & Co,29363000.0,27028297.95,0.090751631773,DBT,CORP,2033-03-02,3.35,Fixed
797440CD4,US797440CD44,SAN DIEGO G & E,San Diego Gas & Electric Co,5810000.0,5432786.91,0.018241410468,DBT,CORP,2053-04-01,5.35,Fixed
46647PAJ5,US46647PAJ57,JPMORGAN CHASE & CO,JPMorgan Chase & Co,20405000.0,18026219.79,0.06052578167,DBT,CORP,2038-07-24,3.88,Fixed
125523CW8,US125523CW86,CIGNA GROUP/THE,Cigna Group/The,12570000.0,12071344.33,0.040531379285,DBT,CORP,2054-02-15,5.6,Fixed
30040WAU2,US30040WAU27,EVERSOURCE ENERGY,Eversource Energy,7082000.0,7082577.18,0.023780832867,DBT,CORP,2033-05-15,5.13,Fixed
89157XAF8,US89157XAF87,TOTALENERGIES CAPITAL SA,TotalEnergies Capital SA,8871000.0,8361267.9,0.02807423194,DBT,CORP,2064-09-10,5.43,Fixed
874060BK1,US874060BK18,TAKEDA PHARMACEUTICAL,Takeda Pharmaceutical Co Ltd,8733000.0,8863890.2,0.029761862955,DBT,CORP,2034-07-05,5.3,Fixed
842400HT3,US842400HT35,SOUTHERN CAL EDISON,Southern California Edison Co,6999000.0,7300556.81,0.024512732713,DBT,CORP,2032-11-01,5.95,Fixed
58933YCJ2,US58933YCJ29,MERCK & CO INC,Merck & Co Inc,4350000.0,4454769.32,0.014957567276,DBT,CORP,2056-05-22,5.85,Fixed
456837BM4,US456837BM48,ING GROEP NV,ING Groep NV,10274000.0,10475578.96,0.035173353725,DBT,CORP,2035-03-19,5.55,Fixed
38145GAS9,US38145GAS93,GOLDMAN SACHS GROUP INC,Goldman Sachs Group Inc/The,31609000.0,30897867.04,0.103744300043,DBT,CORP,2037-01-21,5.07,Fixed
548661EA1,US548661EA10,LOWE'S COS INC,Lowe's Cos Inc,13214000.0,12050772.9,0.040462307572,DBT,CORP,2031-04-01,2.63,Fixed
30161NBL4,US30161NBL47,EXELON CORP,Exelon Corp,6954000.0,6667458.34,0.022387008062,DBT,CORP,2053-03-15,5.6,Fixed
88579YBD2,US88579YBD22,3M COMPANY,3M Co,7091000.0,5585304.15,0.018753510357,DBT,CORP,2048-09-14,4.0,Fixed
06368MS70,US06368MS705,BANK OF MONTREAL,Bank of Montreal,4025000.0,4031249.62,0.013535535303,DBT,CORP,2037-06-02,5.3,Fixed
06051GMW6,US06051GMW68,BANK OF AMERICA CORP,Bank of America Corp,12730000.0,12988444.46,0.043610682815,DBT,CORP,2036-05-09,5.46,Fixed
06051GKQ1,US06051GKQ19,BANK OF AMERICA CORP,Bank of America Corp,27379000.0,26890432.7,0.090288728173,DBT,CORP,2033-04-27,4.57,Fixed
10373QCA6,US10373QCA67,BP CAP MARKETS AMERICA,BP Capital Markets America Inc,11173000.0,11366294.02,0.038164065359,DBT,CORP,2034-11-17,5.23,Fixed
61747YEU5,US61747YEU55,MORGAN STANLEY,Morgan Stanley,10461000.0,10426600.05,0.035008899566,DBT,CORP,2033-07-20,4.89,Fixed
049463AG7,US049463AG74,ATLAS WAREHOUSE LEND,Atlas Warehouse Lending Co LP,5898000.0,5794451.17,0.019455753369,DBT,CORP,2030-11-15,4.95,Fixed
10112RBH6,US10112RBH66,BOSTON PROPERTIES LP,Boston Properties LP,5812000.0,6161538.91,0.020688306431,DBT,,2034-01-15,6.5,Fixed
316773DL1,US316773DL15,FIFTH THIRD BANCORP,Fifth Third Bancorp,6132000.0,6317575.17,0.021212221967,DBT,CORP,2032-01-29,5.63,Fixed
46647PCD6,US46647PCD69,JPMORGAN CHASE & CO,JPMorgan Chase & Co,15121000.0,11512182.83,0.038653909285,DBT,CORP,2042-04-22,3.16,Fixed
532457CH9,US532457CH90,ELI LILLY & CO,Eli Lilly & Co,6384000.0,5680134.0,0.019071916039,DBT,CORP,2063-02-27,4.95,Fixed
37045XFB7,US37045XFB73,GENERAL MOTORS FINL CO,General Motors Financial Co Inc,8771000.0,8939826.84,0.030016831803,DBT,CORP,2030-01-07,5.35,Fixed
29379VBW2,US29379VBW28,ENTERPRISE PRODUCTS OPER,Enterprise Products Operating LLC,9678000.0,7823695.2,0.026269249629,DBT,CORP,2050-01-31,4.2,Fixed
13645RAX2,US13645RAX26,CANADIAN PACIFIC RAILWAY,Canadian Pacific Railway Co,5384000.0,5569480.42,0.018700379771,DBT,CORP,2115-09-15,6.13,Fixed
375558BT9,US375558BT99,GILEAD SCIENCES INC,Gilead Sciences Inc,10128000.0,6386002.78,0.021441978102,DBT,CORP,2050-10-01,2.8,Fixed
694308KZ9,US694308KZ97,PACIFIC GAS & ELECTRIC,Pacific Gas and Electric Co,5374000.0,5209070.33,0.017490247937,DBT,CORP,2055-10-15,6.1,Fixed
21685WCJ4,US21685WCJ45,COOPERATIEVE RABOBANK UA,Cooperatieve Rabobank UA,9947000.0,9787982.28,0.032864643024,DBT,CORP,2041-05-24,5.25,Fixed
10112RBF0,US10112RBF01,BOSTON PROPERTIES LP,Boston Properties LP,5938000.0,4899137.4,0.016449600864,DBT,,2033-10-01,2.45,Fixed
49327V2C7,US49327V2C76,KEYBANK NATIONAL ASSN,Keybank National Association,7333000.0,7207203.12,0.024199283464,DBT,CORP,2032-08-08,4.9,Fixed
110122DX3,US110122DX32,BRISTOL-MYERS SQUIBB CO,Bristol-Myers Squibb Co,7019000.0,5023371.26,0.016866734993,DBT,CORP,2062-03-15,3.9,Fixed
10373QBS8,US10373QBS84,BP CAP MARKETS AMERICA,BP Capital Markets America Inc,9573000.0,6123562.82,0.020560795918,DBT,CORP,2052-03-17,3.0,Fixed
161175CE2,US161175CE27,CHARTER COMM OPT LLC/CAP,Charter Communications Operating LLC / Charter Communications Operating Capital,9971000.0,6859120.7,0.023030543662,DBT,CORP,2042-03-01,3.5,Fixed
55336VBU3,US55336VBU35,MPLX LP,MPLX LP,9589000.0,9581849.48,0.032172520716,DBT,CORP,2032-09-01,4.95,Fixed
893574AU7,US893574AU73,TRANSCONT GAS PIPE LINE,Transcontinental Gas Pipe Line Co LLC,6864000.0,6811971.57,0.022872233268,DBT,CORP,2036-03-15,5.1,Fixed
517834AF4,US517834AF40,LAS VEGAS SANDS CORP,Las Vegas Sands Corp,2320000.0,2245316.88,0.007538993801,DBT,CORP,2029-08-08,3.9,Fixed
375558CA9,US375558CA99,GILEAD SCIENCES INC,Gilead Sciences Inc,6670000.0,6569949.33,0.022059606693,DBT,CORP,2053-10-15,5.55,Fixed
05724BAN9,US05724BAN91,BAKER HUGHES LLC/CO-OBL,Baker Hughes Holdings LLC / Baker Hughes Co-Obligor Inc,8421000.0,8271565.14,0.027773041245,DBT,CORP,2033-06-15,4.65,Fixed
927804GL2,US927804GL27,VIRGINIA ELEC & POWER CO,Virginia Electric and Power Co,6006000.0,5712065.76,0.019179131792,DBT,CORP,2053-04-01,5.45,Fixed
00206RMZ2,US00206RMZ28,AT&T INC,AT&T Inc,9691000.0,9582608.1,0.032175067898,DBT,CORP,2056-08-15,6.05,Fixed
718547AU6,US718547AU68,PHILLIPS 66 CO,Phillips 66 Co,5843000.0,5963719.89,0.020024098907,DBT,CORP,2031-06-15,5.25,Fixed
94106LBP3,US94106LBP31,WASTE MANAGEMENT INC,Waste Management Inc,3729000.0,3241023.81,0.010882231649,DBT,CORP,2031-03-15,1.5,Fixed
254687DZ6,US254687DZ66,WALT DISNEY COMPANY/THE,Walt Disney Co/The,8382000.0,9187029.07,0.030846850985,DBT,CORP,2034-12-15,6.2,Fixed
05964HBK0,US05964HBK05,BANCO SANTANDER SA,Banco Santander SA,7227000.0,7576645.87,0.025439743832,DBT,CORP,2035-01-17,6.03,Fixed
81762PAJ1,US81762PAJ12,SERVICENOW INC,ServiceNow Inc,6591000.0,6639193.39,0.022292104183,DBT,CORP,2036-05-15,5.4,Fixed
38148LAF3,US38148LAF31,GOLDMAN SACHS GROUP INC,Goldman Sachs Group Inc/The,14125000.0,12891503.3,0.043285188088,DBT,CORP,2045-05-22,5.15,Fixed
75886FAF4,US75886FAF45,REGENERON PHARMACEUTICAL,Regeneron Pharmaceuticals Inc,5669000.0,3435288.72,0.011534505706,DBT,CORP,2050-09-15,2.8,Fixed
04010LBG7,US04010LBG77,ARES CAPITAL CORP,Ares Capital Corp,3668000.0,3709782.92,0.012456161839,DBT,CORP,2029-07-15,5.95,Fixed
29390XAH7,US29390XAH70,EQUINIX EU 2 FINANCING C,Equinix Europe 2 Financing Corp LLC,8378000.0,8200996.32,0.027536095672,DBT,,2033-03-15,4.7,Fixed
126650CY4,US126650CY46,CVS HEALTH CORP,CVS Health Corp,37752000.0,35217191.04,0.118247089004,DBT,CORP,2038-03-25,4.78,Fixed
30303M8T2,US30303M8T23,META PLATFORMS INC,Meta Platforms Inc,14939000.0,14903064.24,0.050039310677,DBT,CORP,2031-08-15,4.55,Fixed
718172CP2,US718172CP24,PHILIP MORRIS INTL INC,Philip Morris International Inc,5130000.0,4681061.9,0.01571737912,DBT,CORP,2030-05-01,2.1,Fixed
37045VAQ3,US37045VAQ32,GENERAL MOTORS CO,General Motors Co,5443000.0,4889774.02,0.016418161888,DBT,CORP,2048-04-01,5.4,Fixed
46124HAH9,US46124HAH93,INTUIT INC,Intuit Inc,8136000.0,7346520.8,0.024667063819,DBT,CORP,2053-09-15,5.5,Fixed
68233JCM4,US68233JCM45,ONCOR ELECTRIC DELIVERY,Oncor Electric Delivery Co LLC,6548000.0,5803042.55,0.019484600237,DBT,CORP,2052-09-15,4.95,Fixed
17325FBP2,US17325FBP27,CITIBANK NA,Citibank NA,16822000.0,17034064.86,0.057194470204,DBT,CORP,2030-05-29,4.91,Fixed
91324PEL2,US91324PEL22,UNITEDHEALTH GROUP INC,UnitedHealth Group Inc,7540000.0,6444670.23,0.021638963011,DBT,CORP,2062-05-15,4.95,Fixed
89115KAB6,US89115KAB61,TORONTO-DOMINION BANK,Toronto-Dominion Bank/The,6682000.0,6722791.61,0.022572797954,DBT,CORP,2030-06-03,4.81,Fixed
11135FCW9,US11135FCW95,BROADCOM INC,Broadcom Inc,6175000.0,6082527.52,0.020423013641,DBT,CORP,2030-10-15,4.2,Fixed
695114CZ9,US695114CZ98,PACIFICORP,PacifiCorp,7807000.0,7004721.45,0.023519420382,DBT,CORP,2053-12-01,5.35,Fixed
345370DA5,US345370DA55,FORD MOTOR COMPANY,Ford Motor Co,16684000.0,14792713.44,0.049668791039,DBT,CORP,2032-02-12,3.25,Fixed
89417EAH2,US89417EAH27,TRAVELERS COS INC,Travelers Cos Inc/The,6954000.0,6910301.06,0.023202389525,DBT,CORP,2040-11-01,5.35,Fixed
532457CR7,US532457CR72,ELI LILLY & CO,Eli Lilly & Co,6542000.0,6461536.67,0.021695594655,DBT,CORP,2034-08-14,4.6,Fixed
91324PDZ2,US91324PDZ27,UNITEDHEALTH GROUP INC,UnitedHealth Group Inc,7400000.0,4714436.4,0.015829439093,DBT,CORP,2050-05-15,2.9,Fixed
756109BP8,US756109BP80,REALTY INCOME CORP,Realty Income Corp,5759000.0,6001466.57,0.020150839141,DBT,,2032-10-13,5.63,Fixed
718546AL8,US718546AL86,PHILLIPS 66,Phillips 66,12409000.0,11039623.42,0.037067219008,DBT,CORP,2044-11-15,4.88,Fixed
149123CB5,US149123CB51,CATERPILLAR INC,Caterpillar Inc,10939000.0,9102976.36,0.030564631194,DBT,CORP,2042-08-15,3.8,Fixed
925650AE3,US925650AE39,VICI PROPERTIES LP,VICI Properties LP,5497000.0,5051153.17,0.016960016992,DBT,,2052-05-15,5.63,Fixed
202795KD1,US202795KD12,COMMONWEALTH EDISON CO,Commonwealth Edison Co,5730000.0,5773712.45,0.019386119954,DBT,CORP,2056-06-01,5.85,Fixed
205887CD2,US205887CD22,CONAGRA BRANDS INC,Conagra Brands Inc,7031000.0,6600423.67,0.022161928936,DBT,CORP,2038-11-01,5.3,Fixed
233331BN6,US233331BN66,DTE ENERGY CO,DTE Energy Co,9813000.0,9972407.28,0.033483878083,DBT,CORP,2030-04-01,5.2,Fixed
373334KT7,US373334KT78,GEORGIA POWER CO,Georgia Power Co,7008000.0,7051869.38,0.023677726746,DBT,CORP,2033-05-17,4.95,Fixed
980236AS2,US980236AS23,WOODSIDE FINANCE LTD,Woodside Finance Ltd,4896000.0,4685827.94,0.015733381826,DBT,CORP,2054-09-12,5.7,Fixed
92976GAJ0,US92976GAJ04,WELLS FARGO BANK NA,Wells Fargo Bank NA,10745000.0,11796541.16,0.039608685738,DBT,CORP,2038-01-15,6.6,Fixed
94974BGU8,US94974BGU89,WELLS FARGO & COMPANY,Wells Fargo & Co,14613000.0,12433430.13,0.041747137571,DBT,CORP,2046-12-07,4.75,Fixed
29379VBC6,US29379VBC63,ENTERPRISE PRODUCTS OPER,Enterprise Products Operating LLC,8940000.0,8372638.1,0.028112409121,DBT,CORP,2045-02-15,5.1,Fixed
48251WAB0,US48251WAB00,KKR & CO INC,KKR & Co Inc,7102000.0,6907222.68,0.023192053394,DBT,CORP,2035-08-07,5.1,Fixed
06738EDJ1,US06738EDJ10,BARCLAYS PLC,Barclays PLC,10358000.0,10145233.21,0.034064167496,DBT,CORP,2032-02-24,4.52,Fixed
83007CAF9,US83007CAF95,SOUTH BOW USA INFRA HLDS,South Bow USA Infrastructure Holdings LLC,9345000.0,9341090.99,0.031364137373,DBT,CORP,2034-10-01,5.58,Fixed
337738BH0,US337738BH05,FISERV INC,Fiserv Inc,9129000.0,9248029.38,0.031051668827,DBT,CORP,2033-08-21,5.63,Fixed
76720AAP1,US76720AAP12,RIO TINTO FIN USA PLC,Rio Tinto Finance USA PLC,7415000.0,6866668.17,0.023055885443,DBT,CORP,2053-03-09,5.13,Fixed
11135FCK5,US11135FCK57,BROADCOM INC,Broadcom Inc,15581000.0,15571579.73,0.052283953373,DBT,CORP,2030-07-15,4.6,Fixed
251526CW7,US251526CW79,DEUTSCHE BANK NY,Deutsche Bank AG/New York NY,2714000.0,2784057.02,0.009347895971,DBT,CORP,2029-05-10,5.41,Fixed
53944YAE3,US53944YAE32,LLOYDS BANKING GROUP PLC,Lloyds Banking Group PLC,7349000.0,5986683.53,0.02010120283,DBT,CORP,2048-01-09,4.34,Fixed
45866FAL8,US45866FAL85,INTERCONTINENTALEXCHANGE,Intercontinental Exchange Inc,10115000.0,6640510.65,0.022296527084,DBT,CORP,2050-06-15,3.0,Fixed
30303M8W5,US30303M8W51,META PLATFORMS INC,Meta Platforms Inc,19158000.0,16971284.81,0.056983676613,DBT,CORP,2064-08-15,5.55,Fixed
49326EER0,US49326EER09,KEYCORP,KeyCorp,8400000.0,8267494.2,0.027759372444,DBT,CORP,2037-01-28,5.31,Fixed
911312BZ8,US911312BZ82,UNITED PARCEL SERVICE,United Parcel Service Inc,9440000.0,9580417.17,0.032167711516,DBT,CORP,2033-03-03,4.88,Fixed
00724PAD1,US00724PAD15,ADOBE INC,Adobe Inc,10602000.0,9818400.88,0.032966778112,DBT,CORP,2030-02-01,2.3,Fixed
58933YBE4,US58933YBE41,MERCK & CO INC,Merck & Co Inc,14775000.0,13054635.94,0.043832930802,DBT,CORP,2031-12-10,2.15,Fixed
458140BN9,US458140BN94,INTEL CORP,Intel Corp,7203000.0,6014756.38,0.020195461705,DBT,CORP,2060-03-25,4.95,Fixed
478160CS1,US478160CS18,JOHNSON & JOHNSON,Johnson & Johnson,6492000.0,3756434.8,0.01261280264,DBT,CORP,2050-09-01,2.25,Fixed
31620MBY1,US31620MBY12,FIDELITY NATL INFO SERV,Fidelity National Information Services Inc,5991000.0,6006418.44,0.0201674658,DBT,CORP,2032-07-15,5.1,Fixed
24703TAJ5,US24703TAJ51,DELL INT LLC / EMC CORP,Dell International LLC / EMC Corp,7312000.0,8785277.33,0.029497908257,DBT,CORP,2036-07-15,8.1,Fixed
260543CG6,US260543CG61,DOW CHEMICAL CO/THE,Dow Chemical Co/The,8918000.0,7221247.05,0.024246438101,DBT,CORP,2042-11-15,4.38,Fixed
822905AQ8,US822905AQ86,SHELL FINANCE US INC,Shell Finance US Inc,5296000.0,5206719.5,0.017482354667,DBT,CORP,2036-01-06,4.75,Fixed
14448CBC7,US14448CBC73,CARRIER GLOBAL CORP,Carrier Global Corp,8119000.0,8559032.75,0.02873825758,DBT,CORP,2034-03-15,5.9,Fixed
30212PBL8,US30212PBL85,EXPEDIA GROUP INC,Expedia Group Inc,7846000.0,7803682.6,0.026202054272,DBT,CORP,2035-02-15,5.4,Fixed
22822VAT8,US22822VAT89,CROWN CASTLE INC,Crown Castle Inc,7356000.0,6553456.72,0.02200423024,DBT,,2031-01-15,2.25,Fixed
11135FCU3,US11135FCU30,BROADCOM INC,Broadcom Inc,16161000.0,14749921.68,0.04952511118,DBT,CORP,2033-04-15,3.42,Fixed
071813CV9,US071813CV90,BAXTER INTERNATIONAL INC,Baxter International Inc,5200000.0,3077460.88,0.01033304417,DBT,CORP,2051-12-01,3.13,Fixed
26441CBL8,US26441CBL81,DUKE ENERGY CORP,Duke Energy Corp,7970000.0,7210153.75,0.024209190654,DBT,CORP,2031-06-15,2.55,Fixed
345397G98,US345397G982,FORD MOTOR CREDIT CO LLC,Ford Motor Credit Co LLC,5686000.0,5901556.83,0.019815376954,DBT,CORP,2032-03-19,6.53,Fixed
87612GAT8,US87612GAT85,TARGA RESOURCES CORP,Targa Resources Corp,7565000.0,7406868.05,0.024869688913,DBT,CORP,2031-04-15,4.35,Fixed
260543DD2,US260543DD22,DOW CHEMICAL CO/THE,Dow Chemical Co/The,8240000.0,5487563.14,0.018425330012,DBT,CORP,2050-11-15,3.6,Fixed
370334DB7,US370334DB73,GENERAL MILLS INC,General Mills Inc,5359000.0,5355858.55,0.017983111768,DBT,CORP,2035-01-30,5.25,Fixed
59022CAJ2,US59022CAJ27,BANK OF AMERICA CORP,Bank of America Corp,15303000.0,16141351.9,0.054197050315,DBT,CORP,2037-01-29,6.11,Fixed
91324PEE8,US91324PEE88,UNITEDHEALTH GROUP INC,UnitedHealth Group Inc,11820000.0,8894924.69,0.029866065987,DBT,CORP,2041-05-15,3.05,Fixed
874060AZ9,US874060AZ95,TAKEDA PHARMACEUTICAL,Takeda Pharmaceutical Co Ltd,14347000.0,9507587.61,0.031923175163,DBT,CORP,2050-07-09,3.18,Fixed
56501RAN6,US56501RAN61,MANULIFE FINANCIAL CORP,Manulife Financial Corp,8398000.0,7970498.13,0.026762162851,DBT,CORP,2032-03-16,3.7,Fixed
278642AW3,US278642AW32,EBAY INC,eBay Inc,6411000.0,5959203.37,0.020008934003,DBT,CORP,2030-03-11,2.7,Fixed
744448CV1,US744448CV12,PUBLIC SERVICE COLORADO,Public Service Co of Colorado,1405000.0,1227563.53,0.004121731736,DBT,CORP,2031-06-15,1.88,Fixed
548661EN3,US548661EN31,LOWE'S COS INC,Lowe's Cos Inc,8088000.0,7865938.3,0.026411087278,DBT,CORP,2062-09-15,5.8,Fixed
693475BW4,US693475BW41,PNC FINANCIAL SERVICES,PNC Financial Services Group Inc/The,12030000.0,12415364.21,0.04168647849,DBT,CORP,2035-01-22,5.68,Fixed
031162DR8,US031162DR88,AMGEN INC,Amgen Inc,31833000.0,32501639.43,0.109129210393,DBT,CORP,2033-03-02,5.25,Fixed
29364WBB3,US29364WBB37,ENTERGY LOUISIANA LLC,Entergy Louisiana LLC,6656000.0,5338436.15,0.017924613404,DBT,CORP,2048-09-01,4.2,Fixed
961214EG4,US961214EG45,WESTPAC BANKING CORP,Westpac Banking Corp,5212000.0,4679136.59,0.015710914598,DBT,CORP,2039-07-24,4.42,Fixed
38141GB86,US38141GB862,GOLDMAN SACHS GROUP INC,Goldman Sachs Group Inc/The,23742000.0,23044469.54,0.077375320413,DBT,CORP,2045-11-19,5.56,Fixed
036752AD5,US036752AD58,ELEVANCE HEALTH INC,Elevance Health Inc,10254000.0,8417795.71,0.028264032682,DBT,CORP,2047-12-01,4.38,Fixed
29273RBF5,US29273RBF55,ENERGY TRANSFER LP,Energy Transfer LP,6645000.0,5923726.45,0.019889814834,DBT,CORP,2045-03-15,5.15,Fixed
28368EAE6,US28368EAE68,KINDER MORGAN INC,Kinder Morgan Inc,6391000.0,7308289.37,0.024538695963,DBT,CORP,2032-01-15,7.75,Fixed
172967ML2,US172967ML25,CITIGROUP INC,Citigroup Inc,17308000.0,16107878.86,0.054084659479,DBT,CORP,2031-01-29,2.67,Fixed
46647PEW2,US46647PEW23,JPMORGAN CHASE & CO,JPMorgan Chase & Co,24172000.0,24713508.4,0.082979372888,DBT,CORP,2036-01-24,5.5,Fixed
539830BX6,US539830BX60,LOCKHEED MARTIN CORP,Lockheed Martin Corp,5557000.0,5576952.41,0.018725468117,DBT,CORP,2054-11-15,5.7,Fixed
969457CV0,US969457CV05,WILLIAMS COMPANIES INC,Williams Cos Inc/The,7167000.0,7065665.07,0.023724047879,DBT,CORP,2036-03-15,5.15,Fixed
89417EAU3,US89417EAU38,TRAVELERS COS INC,Travelers Cos Inc/The,5438000.0,5490196.64,0.01843417239,DBT,CORP,2055-07-24,5.7,Fixed
74340XCK5,US74340XCK54,PROLOGIS LP,Prologis LP,5289000.0,4995840.78,0.016774297208,DBT,,2054-03-15,5.25,Fixed
345397G23,US345397G230,FORD MOTOR CREDIT CO LLC,Ford Motor Credit Co LLC,8474000.0,8483006.17,0.028482986745,DBT,CORP,2029-09-06,5.3,Fixed
055451BK3,US055451BK37,BHP BILLITON FIN USA LTD,BHP Billiton Finance USA Ltd,4166000.0,4257930.71,0.014296651628,DBT,CORP,2032-02-21,5.13,Fixed
60687YDM8,US60687YDM84,MIZUHO FINANCIAL GROUP,Mizuho Financial Group Inc,7389000.0,7427803.33,0.024939982307,DBT,CORP,2036-07-08,5.32,Fixed
10373QBU3,US10373QBU31,BP CAP MARKETS AMERICA,BP Capital Markets America Inc,16071000.0,16060269.39,0.053924803424,DBT,CORP,2033-02-13,4.81,Fixed
911312BW5,US911312BW51,UNITED PARCEL SERVICE,United Parcel Service Inc,9457000.0,8949683.96,0.030049928586,DBT,CORP,2050-04-01,5.3,Fixed
084659AR2,US084659AR23,BERKSHIRE HATHAWAY ENERG,Berkshire Hathaway Energy Co,6557000.0,5382034.12,0.018071000236,DBT,CORP,2049-01-15,4.45,Fixed
92343VGY4,US92343VGY48,VERIZON COMMUNICATIONS,Verizon Communications Inc,14956000.0,14535023.0,0.048803556093,DBT,CORP,2035-02-15,4.78,Fixed
00287YBX6,US00287YBX67,ABBVIE INC,AbbVie Inc,40190000.0,38563759.88,0.129483704186,DBT,CORP,2029-11-21,3.2,Fixed
20030NEG2,US20030NEG25,COMCAST CORP,Comcast Corp,10397000.0,9175796.45,0.03080913575,DBT,CORP,2064-05-15,5.5,Fixed
53944YBE2,US53944YBE23,LLOYDS BANKING GROUP PLC,Lloyds Banking Group PLC,8950000.0,8672587.59,0.029119535271,DBT,CORP,2036-11-04,4.94,Fixed
37940XAX0,US37940XAX03,GLOBAL PAYMENTS INC,Global Payments Inc,7129000.0,6993544.72,0.023481892807,DBT,CORP,2032-11-15,5.2,Fixed
46647PCR5,US46647PCR55,JPMORGAN CHASE & CO,JPMorgan Chase & Co,21011000.0,18736178.95,0.062909577808,DBT,CORP,2032-11-08,2.55,Fixed
65339KDL1,US65339KDL17,NEXTERA ENERGY CAPITAL,NextEra Energy Capital Holdings Inc,6060000.0,6176847.71,0.020739708062,DBT,CORP,2035-03-15,5.45,Fixed
126650EA4,US126650EA42,CVS HEALTH CORP,CVS Health Corp,6095000.0,5913866.96,0.019856710093,DBT,CORP,2063-06-01,6.0,Fixed
00774MBP9,US00774MBP95,AERCAP IRELAND CAP/GLOBA,AerCap Ireland Capital DAC / AerCap Global Aviation Trust,7494000.0,7637628.51,0.025644502344,DBT,CORP,2031-12-15,5.38,Fixed
38148YAA6,US38148YAA64,GOLDMAN SACHS GROUP INC,Goldman Sachs Group Inc/The,20901000.0,18346421.26,0.061600906931,DBT,CORP,2038-10-31,4.02,Fixed
11135FCZ2,US11135FCZ27,BROADCOM INC,Broadcom Inc,7661000.0,7570302.19,0.025418443959,DBT,CORP,2031-01-15,4.3,Fixed
375558CC5,US375558CC55,GILEAD SCIENCES INC,Gilead Sciences Inc,6846000.0,6913067.52,0.023211678336,DBT,CORP,2035-06-15,5.1,Fixed
00206RKE1,US00206RKE17,AT&T INC,AT&T Inc,6898000.0,4416449.33,0.014828902067,DBT,CORP,2052-02-01,3.3,Fixed
038222AN5,US038222AN54,APPLIED MATERIALS INC,Applied Materials Inc,5670000.0,5108652.42,0.017153079492,DBT,CORP,2030-06-01,1.75,Fixed
718172DH9,US718172DH98,PHILIP MORRIS INTL INC,Philip Morris International Inc,8152000.0,8326084.33,0.027956097739,DBT,CORP,2031-02-13,5.13,Fixed
46625HJU5,US46625HJU59,JPMORGAN CHASE & CO,JPMorgan Chase & Co,4909000.0,4528744.93,0.015205951667,DBT,CORP,2044-02-01,4.85,Fixed
00206RKA9,US00206RKA94,AT&T INC,AT&T Inc,23524000.0,16252002.36,0.054568576107,DBT,CORP,2051-06-01,3.65,Fixed
742718FQ7,US742718FQ70,PROCTER & GAMBLE CO/THE,Procter & Gamble Co/The,9254000.0,8291906.96,0.027841342008,DBT,CORP,2031-04-23,1.95,Fixed
747525BP7,US747525BP77,QUALCOMM INC,QUALCOMM Inc,10947000.0,9294230.7,0.031206796804,DBT,CORP,2032-05-20,1.65,Fixed
404280DM8,US404280DM89,HSBC HOLDINGS PLC,HSBC Holdings PLC,5923000.0,6294387.5,0.02113436583,DBT,CORP,2037-09-15,6.5,Fixed
66989HBA5,US66989HBA59,NOVARTIS CAPITAL CORP,Novartis Capital Corp,6582000.0,6438994.86,0.021619907091,DBT,CORP,2035-11-05,4.6,Fixed
74432QAQ8,US74432QAQ82,PRUDENTIAL FINANCIAL INC,Prudential Financial Inc,7124000.0,7396020.68,0.024833267214,DBT,CORP,2036-12-14,5.7,Fixed
89157XAD3,US89157XAD30,TOTALENERGIES CAPITAL SA,TotalEnergies Capital SA,4773000.0,4736703.72,0.015904205015,DBT,CORP,2034-09-10,4.72,Fixed
235851AV4,US235851AV47,DANAHER CORP,Danaher Corp,7138000.0,4303064.78,0.014448196151,DBT,CORP,2050-10-01,2.6,Fixed
126650EC0,US126650EC08,CVS HEALTH CORP,CVS Health Corp,7197000.0,7415185.69,0.024897616657,DBT,CORP,2031-06-01,5.55,Fixed
89236TLE3,US89236TLE37,TOYOTA MOTOR CREDIT CORP,Toyota Motor Credit Corp,7694000.0,7995503.24,0.026846121321,DBT,CORP,2030-11-20,5.55,Fixed
00206RKH4,US00206RKH48,AT&T INC,AT&T Inc,14822000.0,12950242.27,0.043482413137,DBT,CORP,2032-02-01,2.25,Fixed
084659AV3,US084659AV35,BERKSHIRE HATHAWAY ENERG,Berkshire Hathaway Energy Co,5735000.0,5558569.61,0.018663745063,DBT,CORP,2030-07-15,3.7,Fixed
694308JJ7,US694308JJ74,PACIFIC GAS & ELECTRIC,Pacific Gas and Electric Co,13721000.0,9154556.53,0.03073781948,DBT,CORP,2050-08-01,3.5,Fixed
29250NBZ7,US29250NBZ78,ENBRIDGE INC,Enbridge Inc,8153000.0,9012736.3,0.030261636433,DBT,CORP,2053-11-15,6.7,Fixed
92343VHC1,US92343VHC19,VERIZON COMMUNICATIONS,Verizon Communications Inc,16237000.0,16292433.12,0.054704328549,DBT,CORP,2037-07-02,5.4,Fixed
86562MEF3,US86562MEF32,SUMITOMO MITSUI FINL GRP,Sumitomo Mitsui Financial Group Inc,9291000.0,9155999.91,0.030742665849,DBT,CORP,2037-01-15,5.05,Fixed
482480AL4,US482480AL46,KLA CORP,KLA Corp,9316000.0,9350166.43,0.031394609547,DBT,CORP,2032-07-15,4.65,Fixed
632525CK5,US632525CK59,NATIONAL AUSTRALIA BK/NY,National Australia Bank Ltd/New York,1942000.0,1951904.01,0.006553815349,DBT,CORP,2030-06-13,4.53,Fixed
68389XCQ6,US68389XCQ60,ORACLE CORP,Oracle Corp,16136000.0,13363078.42,0.044868573462,DBT,CORP,2053-02-06,5.55,Fixed
303901BL5,US303901BL51,FAIRFAX FINL HLDGS LTD,Fairfax Financial Holdings Ltd,2343000.0,2414048.19,0.008105534903,DBT,CORP,2032-08-16,5.63,Fixed
539830BB4,US539830BB41,LOCKHEED MARTIN CORP,Lockheed Martin Corp,10126000.0,8581957.14,0.028815229716,DBT,CORP,2042-12-15,4.07,Fixed
29273VAT7,US29273VAT70,ENERGY TRANSFER LP,Energy Transfer LP,8968000.0,9550003.47,0.032065592881,DBT,CORP,2030-12-01,6.4,Fixed
04686JAH4,US04686JAH41,ATHENE HOLDING LTD,Athene Holding Ltd,7404000.0,6991035.24,0.023473466845,DBT,CORP,2054-04-01,6.25,Fixed
172967LU3,US172967LU33,CITIGROUP INC,Citigroup Inc,21670000.0,18809583.84,0.063156045919,DBT,CORP,2039-01-24,3.88,Fixed
693475BX2,US693475BX24,PNC FINANCIAL SERVICES,PNC Financial Services Group Inc/The,9219000.0,9445558.77,0.031714903874,DBT,CORP,2030-05-14,5.49,Fixed
459200LG4,US459200LG47,IBM CORP,International Business Machines Corp,9153000.0,9233277.3,0.031002136469,DBT,CORP,2030-02-10,4.8,Fixed
341081GY7,US341081GY79,FLORIDA POWER & LIGHT CO,Florida Power & Light Co,6961000.0,6940024.42,0.023302190238,DBT,CORP,2055-03-15,5.7,Fixed
929160BC2,US929160BC27,VULCAN MATERIALS CO,Vulcan Materials Co,6221000.0,6336239.67,0.021274890872,DBT,CORP,2034-12-01,5.35,Fixed
15189XBL1,US15189XBL10,CENTERPOINT ENER HOUSTON,CenterPoint Energy Houston Electric LLC,1125000.0,1104900.53,0.00370987201,DBT,CORP,2036-04-01,4.85,Fixed
91324PCQ3,US91324PCQ37,UNITEDHEALTH GROUP INC,UnitedHealth Group Inc,8134000.0,7894605.81,0.026507342814,DBT,CORP,2035-07-15,4.63,Fixed
65339KDK3,US65339KDK34,NEXTERA ENERGY CAPITAL,NextEra Energy Capital Holdings Inc,1448000.0,1481297.63,0.004973682668,DBT,CORP,2032-03-15,5.3,Fixed
855244AT6,US855244AT67,STARBUCKS CORP,Starbucks Corp,5193000.0,5065171.19,0.017007084632,DBT,CORP,2029-08-15,3.55,Fixed
883556BZ4,US883556BZ47,THERMO FISHER SCIENTIFIC,Thermo Fisher Scientific Inc,5944000.0,5607775.86,0.01882896255,DBT,CORP,2029-10-01,2.6,Fixed
03073EBE4,US03073EBE41,CENCORA INC,Cencora Inc,7530000.0,7343264.28,0.024656129556,DBT,CORP,2036-02-13,4.9,Fixed
375558BZ5,US375558BZ59,GILEAD SCIENCES INC,Gilead Sciences Inc,8460000.0,8722108.57,0.029285809513,DBT,CORP,2033-10-15,5.25,Fixed
92857WAQ3,US92857WAQ33,VODAFONE GROUP PLC,Vodafone Group PLC,9571000.0,10272873.97,0.034492740811,DBT,CORP,2037-02-27,6.15,Fixed
472140AF9,US472140AF96,JBS NV/USA FOODS/FOOD CO,JBS NV/JBS USA Foods Group Holdings Inc/JBS USA Food Co Holdings,7154000.0,7131406.24,0.023944783882,DBT,CORP,2036-01-15,5.5,Fixed
68389XBV6,US68389XBV64,ORACLE CORP,Oracle Corp,16870000.0,15575677.93,0.052297713704,DBT,CORP,2030-04-01,2.95,Fixed
00206RCU4,US00206RCU41,AT&T INC,AT&T Inc,5997000.0,5777653.73,0.019399353403,DBT,CORP,2047-02-15,5.65,Fixed
532457BY3,US532457BY33,ELI LILLY & CO,Eli Lilly & Co,11832000.0,6725735.94,0.022582683991,DBT,CORP,2050-05-15,2.25,Fixed
171239AG1,US171239AG12,CHUBB INA HOLDINGS LLC,Chubb INA Holdings LLC,11719000.0,10276188.36,0.034503869381,DBT,CORP,2030-09-15,1.38,Fixed
983024AN0,US983024AN02,WYETH LLC,Wyeth LLC,15032000.0,15972395.91,0.053629754816,DBT,CORP,2037-04-01,5.95,Fixed
25746UDL0,US25746UDL08,DOMINION ENERGY INC,Dominion Energy Inc,6582000.0,5833966.23,0.019588431208,DBT,CORP,2031-08-15,2.25,Fixed
12527GAE3,US12527GAE35,CF INDUSTRIES INC,CF Industries Inc,5814000.0,5499145.16,0.018464218411,DBT,CORP,2044-03-15,5.38,Fixed
054989AF5,US054989AF54,BAT CAPITAL CORP,BAT Capital Corp,8593000.0,8438864.78,0.028334775297,DBT,CORP,2033-03-22,4.63,Fixed
548661DY0,US548661DY05,LOWE'S COS INC,Lowe's Cos Inc,17408000.0,15395158.22,0.051691591252,DBT,CORP,2030-10-15,1.7,Fixed
89236TGU3,US89236TGU34,TOYOTA MOTOR CREDIT CORP,Toyota Motor Credit Corp,7751000.0,7136287.57,0.023961173692,DBT,CORP,2030-02-13,2.15,Fixed
61744YAR9,US61744YAR99,MORGAN STANLEY,Morgan Stanley,8183000.0,7571307.66,0.025421819978,DBT,CORP,2039-04-22,4.46,Fixed
86562MED8,US86562MED83,SUMITOMO MITSUI FINL GRP,Sumitomo Mitsui Financial Group Inc,5541000.0,5460876.59,0.018335725851,DBT,CORP,2032-01-15,4.49,Fixed
58933YAV7,US58933YAV74,MERCK & CO INC,Merck & Co Inc,8247000.0,7268111.61,0.024403793007,DBT,CORP,2039-03-07,3.9,Fixed
404280DH9,US404280DH94,HSBC HOLDINGS PLC,HSBC Holdings PLC,17666000.0,17948087.15,0.060263439417,DBT,CORP,2033-08-11,5.4,Fixed
42250PAA1,US42250PAA12,HEALTHPEAK OP LLC,Healthpeak OP LLC,5279000.0,4979006.04,0.016717772002,DBT,,2030-01-15,3.0,Fixed
594918CW2,US594918CW29,MICROSOFT CORP,Microsoft Corp,12095000.0,7201289.22,0.024179426643,DBT,CORP,2050-09-15,2.5,Fixed
29390XAA2,US29390XAA28,EQUINIX EU 2 FINANCING C,Equinix Europe 2 Financing Corp LLC,4497000.0,4588585.45,0.015406875338,DBT,,2034-06-15,5.5,Fixed
29250NCD5,US29250NCD57,ENBRIDGE INC,Enbridge Inc,8635000.0,8704067.91,0.029225235246,DBT,CORP,2054-04-05,5.95,Fixed
110122DQ8,US110122DQ80,BRISTOL-MYERS SQUIBB CO,Bristol-Myers Squibb Co,10519000.0,9246497.64,0.031046525777,DBT,CORP,2030-11-13,1.45,Fixed
92976GAG6,US92976GAG64,WELLS FARGO BANK NA,Wells Fargo Bank NA,6487000.0,6726389.11,0.022584877109,DBT,CORP,2037-02-01,5.85,Fixed
345397C68,US345397C684,FORD MOTOR CREDIT CO LLC,Ford Motor Credit Co LLC,8523000.0,9072296.27,0.030461618114,DBT,CORP,2030-03-06,7.35,Fixed
58933YBG9,US58933YBG98,MERCK & CO INC,Merck & Co Inc,11284000.0,6517291.98,0.021882801611,DBT,CORP,2061-12-10,2.9,Fixed
251526CY3,US251526CY36,DEUTSCHE BANK NY,Deutsche Bank AG/New York NY,5937000.0,5937720.75,0.01993680283,DBT,CORP,2035-09-11,5.4,Fixed
65473QBF9,US65473QBF90,NISOURCE INC,NiSource Inc,8257000.0,6792509.58,0.022806886669,DBT,CORP,2047-05-15,4.38,Fixed
961214FP3,US961214FP35,WESTPAC BANKING CORP,Westpac Banking Corp,5988000.0,6548552.25,0.021987762734,DBT,CORP,2033-11-17,6.82,Fixed
22822VBC4,US22822VBC46,CROWN CASTLE INC,Crown Castle Inc,6010000.0,5971516.17,0.020050276106,DBT,,2033-05-01,5.1,Fixed
45687VAD8,US45687VAD82,INGERSOLL RAND INC,Ingersoll Rand Inc,4573000.0,4663458.51,0.015658273054,DBT,CORP,2029-06-15,5.18,Fixed
539830BY4,US539830BY44,LOCKHEED MARTIN CORP,Lockheed Martin Corp,4568000.0,4693099.25,0.015757796358,DBT,CORP,2063-11-15,5.9,Fixed
20030NEK3,US20030NEK37,COMCAST CORP,Comcast Corp,9818000.0,9030957.7,0.030322817562,DBT,CORP,2054-06-01,5.65,Fixed
00724PAG4,US00724PAG46,ADOBE INC,Adobe Inc,3250000.0,3248970.73,0.010908914644,DBT,CORP,2034-04-04,4.95,Fixed
68389XBQ7,US68389XBQ79,ORACLE CORP,Oracle Corp,15005000.0,10272964.68,0.034493045384,DBT,CORP,2047-11-15,4.0,Fixed
26442CAZ7,US26442CAZ77,DUKE ENERGY CAROLINAS,Duke Energy Carolinas LLC,5565000.0,3755682.16,0.012610275536,DBT,CORP,2049-08-15,3.2,Fixed
713448EL8,US713448EL82,PEPSICO INC,PepsiCo Inc,3893000.0,3705187.28,0.012440731277,DBT,CORP,2029-07-29,2.63,Fixed
10373QBP4,US10373QBP46,BP CAP MARKETS AMERICA,BP Capital Markets America Inc,16457000.0,10480102.31,0.035188541562,DBT,CORP,2051-06-04,2.94,Fixed
42824CBW8,US42824CBW82,HP ENTERPRISE CO,Hewlett Packard Enterprise Co,9704000.0,8939939.06,0.030017208599,DBT,CORP,2054-10-15,5.6,Fixed
98978VAV5,US98978VAV53,ZOETIS INC,Zoetis Inc,6249000.0,6503995.44,0.02183815645,DBT,CORP,2032-11-16,5.6,Fixed
054561AM7,US054561AM77,EQUITABLE HOLDINGS INC,Equitable Holdings Inc,9737000.0,8534294.52,0.028655195201,DBT,CORP,2048-04-20,5.0,Fixed
00846UAN1,US00846UAN19,AGILENT TECHNOLOGIES INC,Agilent Technologies Inc,6036000.0,5410494.75,0.018166561141,DBT,CORP,2031-03-12,2.3,Fixed
90353TAP5,US90353TAP57,UBER TECHNOLOGIES INC,Uber Technologies Inc,8219000.0,8043004.09,0.027005612668,DBT,CORP,2034-09-15,4.8,Fixed
12189LAS0,US12189LAS07,BURLINGTN NORTH SANTA FE,Burlington Northern Santa Fe LLC,8946000.0,8302507.06,0.02787693346,DBT,CORP,2044-04-01,4.9,Fixed
015271AW9,US015271AW93,ALEXANDRIA REAL ESTATE E,Alexandria Real Estate Equities Inc,6452000.0,5431611.04,0.018237462305,DBT,,2032-05-18,2.0,Fixed
854502AN1,US854502AN14,STANLEY BLACK & DECKER I,Stanley Black & Decker Inc,5242000.0,3068822.49,0.010304039459,DBT,CORP,2050-11-15,2.75,Fixed
46647PBJ4,US46647PBJ49,JPMORGAN CHASE & CO,JPMorgan Chase & Co,21465000.0,21355182.91,0.071703282962,DBT,CORP,2031-03-24,4.49,Fixed
375558BG7,US375558BG78,GILEAD SCIENCES INC,Gilead Sciences Inc,6448000.0,6289281.84,0.021117222798,DBT,CORP,2035-09-01,4.6,Fixed
46647PFE1,US46647PFE16,JPMORGAN CHASE & CO,JPMorgan Chase & Co,26055000.0,25281023.2,0.084884890367,DBT,CORP,2036-10-22,4.81,Fixed
91324PFB3,US91324PFB31,UNITEDHEALTH GROUP INC,UnitedHealth Group Inc,8709000.0,8718154.9,0.029272534463,DBT,CORP,2034-04-15,5.0,Fixed
68389XBE4,US68389XBE40,ORACLE CORP,Oracle Corp,10927000.0,9394722.09,0.031544211969,DBT,CORP,2035-05-15,3.9,Fixed
78017DAM0,US78017DAM02,ROYAL BANK OF CANADA,Royal Bank of Canada,5825000.0,5817228.29,0.019532231022,DBT,CORP,2031-08-06,4.7,Fixed
65339KCJ7,US65339KCJ79,NEXTERA ENERGY CAPITAL,NextEra Energy Capital Holdings Inc,5860000.0,5908253.58,0.019837862314,DBT,CORP,2032-07-15,5.0,Fixed
59562VAM9,US59562VAM90,BERKSHIRE HATHAWAY ENERG,Berkshire Hathaway Energy Co,13306000.0,14223143.99,0.04775637476,DBT,CORP,2036-04-01,6.13,Fixed
478160CG7,US478160CG79,JOHNSON & JOHNSON,Johnson & Johnson,8656000.0,6911132.18,0.023205180137,DBT,CORP,2047-03-03,3.75,Fixed
17275RCA8,US17275RCA86,CISCO SYSTEMS INC,Cisco Systems Inc,5363000.0,5255812.4,0.017647191564,DBT,CORP,2055-02-24,5.5,Fixed
25278XBB4,US25278XBB47,DIAMONDBACK ENERGY INC,Diamondback Energy Inc,6860000.0,6795907.02,0.022818294092,DBT,CORP,2064-04-18,5.9,Fixed
00774MAZ8,US00774MAZ86,AERCAP IRELAND CAP/GLOBA,AerCap Ireland Capital DAC / AerCap Global Aviation Trust,10759000.0,8685951.58,0.029164406905,DBT,CORP,2041-10-29,3.85,Fixed
00206RDJ8,US00206RDJ86,AT&T INC,AT&T Inc,11109000.0,8980556.7,0.030153588519,DBT,CORP,2048-03-09,4.5,Fixed
92343VFU3,US92343VFU35,VERIZON COMMUNICATIONS,Verizon Communications Inc,19542000.0,12052997.51,0.040469777039,DBT,CORP,2050-11-20,2.88,Fixed
83007CAD4,US83007CAD48,SOUTH BOW USA INFRA HLDS,South Bow USA Infrastructure Holdings LLC,5638000.0,5672454.95,0.019046132458,DBT,CORP,2029-10-01,5.03,Fixed
785592AX4,US785592AX43,SABINE PASS LIQUEFACTION,Sabine Pass Liquefaction LLC,13702000.0,13607913.85,0.045690645752,DBT,CORP,2030-05-15,4.5,Fixed
05964HBD6,US05964HBD61,BANCO SANTANDER SA,Banco Santander SA,8871000.0,9391576.89,0.031533651481,DBT,CORP,2034-03-14,6.35,Fixed
12189LAZ4,US12189LAZ40,BURLINGTN NORTH SANTA FE,Burlington Northern Santa Fe LLC,5630000.0,4441639.31,0.014913481266,DBT,CORP,2046-08-01,3.9,Fixed
251526DD8,US251526DD89,DEUTSCHE BANK NY,Deutsche Bank AG/New York NY,8638000.0,8498937.7,0.028536479287,DBT,CORP,2031-12-10,4.47,Fixed
744448DB4,US744448DB49,PUBLIC SERVICE COLORADO,Public Service Co of Colorado,7804000.0,7825643.61,0.026275791712,DBT,CORP,2055-05-15,5.85,Fixed
91324PFC1,US91324PFC14,UNITEDHEALTH GROUP INC,UnitedHealth Group Inc,12508000.0,11695939.36,0.039270899854,DBT,CORP,2054-04-15,5.38,Fixed
89788MAW2,US89788MAW29,TRUIST FINANCIAL CORP,Truist Financial Corp,7381000.0,7291255.16,0.024481501005,DBT,CORP,2032-01-27,4.6,Fixed
037833EL0,US037833EL06,APPLE INC,Apple Inc,10033000.0,5849484.81,0.019640537207,DBT,CORP,2061-08-05,2.85,Fixed
911312CD6,US911312CD61,UNITED PARCEL SERVICE,United Parcel Service Inc,6837000.0,6994352.19,0.02348460401,DBT,CORP,2034-05-22,5.15,Fixed
459200KU4,US459200KU40,IBM CORP,International Business Machines Corp,6124000.0,5994606.62,0.020127805813,DBT,CORP,2032-07-27,4.4,Fixed
49271VAR1,US49271VAR15,KEURIG DR PEPPER INC,Keurig Dr Pepper Inc,8835000.0,7025748.38,0.023590021506,DBT,CORP,2052-04-15,4.5,Fixed
38141GXR0,US38141GXR00,GOLDMAN SACHS GROUP INC,Goldman Sachs Group Inc/The,20402000.0,17943083.63,0.060246639336,DBT,CORP,2032-01-27,1.99,Fixed
345397D42,US345397D427,FORD MOTOR CREDIT CO LLC,Ford Motor Credit Co LLC,7153000.0,7579791.61,0.025450306133,DBT,CORP,2030-06-10,7.2,Fixed
573284BA3,US573284BA34,MARTIN MARIETTA MATERIAL,Martin Marietta Materials Inc,8297000.0,8349701.71,0.028035396694,DBT,CORP,2034-12-01,5.15,Fixed
92343VDU5,US92343VDU52,VERIZON COMMUNICATIONS,Verizon Communications Inc,8609000.0,8547422.41,0.028699274094,DBT,CORP,2037-03-16,5.25,Fixed
03740MAD2,US03740MAD20,AON NORTH AMERICA INC,Aon North America Inc,12868000.0,13142590.25,0.04412825081,DBT,CORP,2034-03-01,5.45,Fixed
438127AE2,US438127AE20,HONDA MOTOR CO LTD,Honda Motor Co Ltd,4744000.0,4722893.94,0.015857836573,DBT,CORP,2030-07-08,4.69,Fixed
913017CW7,US913017CW70,RTX CORP,RTX Corp,5832000.0,5413879.43,0.01817792572,DBT,CORP,2038-11-16,4.45,Fixed
68389XDY8,US68389XDY85,ORACLE CORP,Oracle Corp,23672000.0,23309851.54,0.078266380944,DBT,CORP,2033-05-04,5.35,Fixed
65535HBK4,US65535HBK41,NOMURA HOLDINGS INC,Nomura Holdings Inc,1160000.0,1230495.75,0.004131577112,DBT,CORP,2033-01-18,6.18,Fixed
832696AZ1,US832696AZ12,JM SMUCKER CO,J M Smucker Co/The,6416000.0,6915950.76,0.023221359254,DBT,CORP,2053-11-15,6.5,Fixed
015271BF5,US015271BF51,ALEXANDRIA REAL ESTATE E,Alexandria Real Estate Equities Inc,5602000.0,5489008.78,0.018430183969,DBT,,2036-03-15,5.25,Fixed
969457CJ7,US969457CJ76,WILLIAMS COMPANIES INC,Williams Cos Inc/The,6007000.0,6211555.17,0.020856243651,DBT,CORP,2033-03-15,5.65,Fixed
30303M8K1,US30303M8K14,META PLATFORMS INC,Meta Platforms Inc,10543000.0,8126045.72,0.027284437603,DBT,CORP,2062-08-15,4.65,Fixed
084664CR0,US084664CR08,BERKSHIRE HATHAWAY FIN,Berkshire Hathaway Finance Corp,13362000.0,11030934.96,0.037038046178,DBT,CORP,2049-01-15,4.25,Fixed
05526DBN4,US05526DBN49,BAT CAPITAL CORP,BAT Capital Corp,6065000.0,6113699.52,0.020527678384,DBT,CORP,2030-04-02,4.91,Fixed
20030NEC1,US20030NEC11,COMCAST CORP,Comcast Corp,7165000.0,7084152.29,0.023786121539,DBT,CORP,2033-02-15,4.65,Fixed
58933YCF0,US58933YCF07,MERCK & CO INC,Merck & Co Inc,9893000.0,9976494.94,0.033497603025,DBT,CORP,2033-05-22,4.95,Fixed
68389XBF1,US68389XBF15,ORACLE CORP,Oracle Corp,14809000.0,10547265.98,0.035414053826,DBT,CORP,2045-05-15,4.13,Fixed
47233JGT9,US47233JGT97,JEFFERIES FIN GROUP INC,Jefferies Financial Group Inc,7926000.0,6915281.24,0.023219111238,DBT,CORP,2031-10-15,2.63,Fixed
031162CW8,US031162CW82,AMGEN INC,Amgen Inc,6739000.0,6078020.01,0.020407878989,DBT,CORP,2031-02-25,2.3,Fixed
037833DD9,US037833DD98,APPLE INC,Apple Inc,11531000.0,8978277.6,0.030145936093,DBT,CORP,2047-09-12,3.75,Fixed
26875PAZ4,US26875PAZ45,EOG RESOURCES INC,EOG Resources Inc,6522000.0,6618406.25,0.022222308191,DBT,CORP,2036-01-15,5.35,Fixed
12505BAG5,US12505BAG59,CBRE SERVICES INC,CBRE Services Inc,6749000.0,7032505.24,0.023612708693,DBT,CORP,2034-08-15,5.95,Fixed
931142CM3,US931142CM31,WALMART INC,Walmart Inc,7077000.0,7894940.55,0.026508466755,DBT,CORP,2038-04-15,6.2,Fixed
055451BD9,US055451BD93,BHP BILLITON FIN USA LTD,BHP Billiton Finance USA Ltd,8277000.0,8490310.71,0.028507512852,DBT,CORP,2030-09-08,5.25,Fixed
94974BGT1,US94974BGT17,WELLS FARGO & COMPANY,Wells Fargo & Co,13385000.0,10887205.07,0.036555451156,DBT,CORP,2046-06-14,4.4,Fixed
37940XAD4,US37940XAD49,GLOBAL PAYMENTS INC,Global Payments Inc,9292000.0,8536874.47,0.028663857777,DBT,CORP,2030-05-15,2.9,Fixed
11135FCM1,US11135FCM14,BROADCOM INC,Broadcom Inc,16243000.0,16324279.97,0.054811259204,DBT,CORP,2035-07-15,5.2,Fixed
95000U3H4,US95000U3H45,WELLS FARGO & COMPANY,Wells Fargo & Co,21152000.0,22907620.23,0.076915827987,DBT,CORP,2034-10-23,6.49,Fixed
404280DW6,US404280DW61,HSBC HOLDINGS PLC,HSBC Holdings PLC,19520000.0,20889043.01,0.070138147168,DBT,CORP,2044-03-09,6.33,Fixed
961214EL3,US961214EL30,WESTPAC BANKING CORP,Westpac Banking Corp,7769000.0,7325672.11,0.024597061163,DBT,CORP,2030-01-16,2.65,Fixed
57636QAQ7,US57636QAQ73,MASTERCARD INC,Mastercard Inc,10343000.0,8020640.7,0.026930524176,DBT,CORP,2050-03-26,3.85,Fixed
713448FE3,US713448FE31,PEPSICO INC,PepsiCo Inc,9803000.0,8636451.82,0.028998203913,DBT,CORP,2031-10-21,1.95,Fixed
025816BF5,US025816BF52,AMERICAN EXPRESS CO,American Express Co,7743000.0,6507222.62,0.021848992199,DBT,CORP,2042-12-03,4.05,Fixed
57636QBB9,US57636QBB95,MASTERCARD INC,Mastercard Inc,8627000.0,8541803.2,0.028680406739,DBT,CORP,2032-01-15,4.35,Fixed
054989AA6,US054989AA67,BAT CAPITAL CORP,BAT Capital Corp,5134000.0,5448145.87,0.018292980518,DBT,CORP,2030-08-02,6.34,Fixed
571748BN1,US571748BN17,MARSH & MCLENNAN COS INC,Marsh & McLennan Cos Inc,6830000.0,6187027.22,0.020773887319,DBT,CORP,2030-11-15,2.25,Fixed
95000U3B7,US95000U3B74,WELLS FARGO & COMPANY,Wells Fargo & Co,31214000.0,31079920.26,0.10435557149,DBT,CORP,2033-07-25,4.9,Fixed
299808AJ4,US299808AJ43,EVEREST REINSURANCE HLDG,Everest Reinsurance Holdings Inc,7534000.0,4702015.36,0.015787733557,DBT,CORP,2052-10-15,3.13,Fixed
037833ER7,US037833ER75,APPLE INC,Apple Inc,10493000.0,8101317.92,0.027201410244,DBT,CORP,2062-08-08,4.1,Fixed
278865BW9,US278865BW98,ECOLAB INC,Ecolab Inc,6525000.0,6625462.16,0.022245999484,DBT,CORP,2033-06-15,5.15,Fixed
571903BU6,US571903BU68,MARRIOTT INTERNATIONAL,Marriott International Inc/MD,11286000.0,11393997.99,0.038257085663,DBT,CORP,2037-04-15,5.5,Fixed
06418JAC5,US06418JAC53,BANK OF NOVA SCOTIA,Bank of Nova Scotia/The,6104000.0,6365276.84,0.021372387598,DBT,CORP,2034-02-01,5.65,Fixed
46647PFG6,US46647PFG63,JPMORGAN CHASE & CO,JPMorgan Chase & Co,19206000.0,18871998.06,0.06336561118,DBT,CORP,2032-01-22,4.35,Fixed
00206RKJ0,US00206RKJ04,AT&T INC,AT&T Inc,58435000.0,38604679.55,0.129621098218,DBT,CORP,2053-09-15,3.5,Fixed
345397G56,US345397G560,FORD MOTOR CREDIT CO LLC,Ford Motor Credit Co LLC,8210000.0,8465330.18,0.028423636913,DBT,CORP,2035-02-07,6.5,Fixed
95000U2G7,US95000U2G70,WELLS FARGO & COMPANY,Wells Fargo & Co,20752000.0,19584278.73,0.065757202141,DBT,CORP,2030-10-30,2.88,Fixed
166756BD7,US166756BD74,CHEVRON USA INC,Chevron USA Inc,5582000.0,5634716.41,0.018919419555,DBT,CORP,2030-04-15,4.69,Fixed
478160AN4,US478160AN49,JOHNSON & JOHNSON,Johnson & Johnson,7706000.0,8475320.03,0.028457179358,DBT,CORP,2037-08-15,5.95,Fixed
191216DY3,US191216DY38,COCA-COLA CO/THE,Coca-Cola Co/The,6120000.0,6135478.09,0.020600803254,DBT,CORP,2034-08-14,4.65,Fixed
863667BF7,US863667BF72,STRYKER CORP,Stryker Corp,5254000.0,5131816.13,0.01723085518,DBT,CORP,2034-09-11,4.63,Fixed
161175CR3,US161175CR30,CHARTER COMM OPT LLC/CAP,Charter Communications Operating LLC / Charter Communications Operating Capital,9840000.0,10101618.05,0.033917722946,DBT,CORP,2034-06-01,6.55,Fixed
24422EXT1,US24422EXT18,JOHN DEERE CAPITAL CORP,John Deere Capital Corp,2835000.0,2875376.35,0.009654514546,DBT,CORP,2029-06-11,4.85,Fixed
666807BS0,US666807BS00,NORTHROP GRUMMAN CORP,Northrop Grumman Corp,6937000.0,6910172.54,0.023201957999,DBT,CORP,2030-05-01,4.4,Fixed
828807DK0,US828807DK02,SIMON PROPERTY GROUP LP,Simon Property Group LP,5803000.0,5393319.23,0.018108891714,DBT,,2030-07-15,2.65,Fixed
031162DU1,US031162DU18,AMGEN INC,Amgen Inc,18836000.0,18231599.85,0.061215376539,DBT,CORP,2063-03-02,5.75,Fixed
035240AT7,US035240AT78,ANHEUSER-BUSCH INBEV WOR,Anheuser-Busch InBev Worldwide Inc,6948000.0,6222569.74,0.020893226749,DBT,CORP,2050-06-01,4.5,Fixed
015271AY5,US015271AY59,ALEXANDRIA REAL ESTATE E,Alexandria Real Estate Equities Inc,6687000.0,5681293.25,0.019075808398,DBT,,2034-03-15,2.95,Fixed
68902VAK3,US68902VAK35,OTIS WORLDWIDE CORP,Otis Worldwide Corp,7307000.0,6800472.91,0.022833624764,DBT,CORP,2030-02-15,2.57,Fixed
031162DC1,US031162DC10,AMGEN INC,Amgen Inc,6968000.0,4523599.12,0.015188673825,DBT,CORP,2052-01-15,3.0,Fixed
501044DN8,US501044DN88,KROGER CO,Kroger Co/The,8449000.0,6350463.57,0.021322649785,DBT,CORP,2050-01-15,3.95,Fixed
11135FCS8,US11135FCS83,BROADCOM INC,Broadcom Inc,17467000.0,13060304.72,0.043851964596,DBT,CORP,2051-02-15,3.75,Fixed
458140CU2,US458140CU29,INTEL CORP,Intel Corp,16557000.0,16663706.55,0.055950935704,DBT,CORP,2056-05-15,6.13,Fixed
68389XDB8,US68389XDB82,ORACLE CORP,Oracle Corp,12707000.0,11105924.35,0.03728983449,DBT,CORP,2055-08-03,6.0,Fixed
718547AR3,US718547AR30,PHILLIPS 66 CO,Phillips 66 Co,7673000.0,7808838.19,0.026219364952,DBT,CORP,2033-06-30,5.3,Fixed
16411QAS0,US16411QAS03,CHENIERE ENERGY PARTNERS,Cheniere Energy Partners LP,8107000.0,8412164.5,0.028245125036,DBT,CORP,2034-08-15,5.75,Fixed
071813CS6,US071813CS61,BAXTER INTERNATIONAL INC,Baxter International Inc,9274000.0,7925606.77,0.026611433265,DBT,CORP,2032-02-01,2.54,Fixed
03027XAW0,US03027XAW02,AMERICAN TOWER CORP,American Tower Corp,5125000.0,5009990.9,0.016821808394,DBT,,2029-08-15,3.8,Fixed
713448FS2,US713448FS27,PEPSICO INC,PepsiCo Inc,6903000.0,6903106.31,0.023178232054,DBT,CORP,2033-02-15,4.45,Fixed
654106AE3,US654106AE35,NIKE INC,NIKE Inc,6963000.0,5528192.38,0.018561748881,DBT,CORP,2045-11-01,3.88,Fixed
532457CL0,US532457CL03,ELI LILLY & CO,Eli Lilly & Co,7543000.0,7513788.22,0.025228689687,DBT,CORP,2034-02-09,4.7,Fixed
75513ECX7,US75513ECX76,RTX CORP,RTX Corp,12273000.0,13383996.14,0.044938807896,DBT,CORP,2054-03-15,6.4,Fixed
808513BT1,US808513BT10,CHARLES SCHWAB CORP,Charles Schwab Corp/The,5656000.0,4929204.57,0.016550555972,DBT,CORP,2031-12-01,1.95,Fixed
95040QAJ3,US95040QAJ31,WELLTOWER OP LLC,Welltower OP LLC,9303000.0,8836324.31,0.029669306276,DBT,,2030-01-15,3.1,Fixed
78017DAV0,US78017DAV01,ROYAL BANK OF CANADA,Royal Bank of Canada,12197000.0,12089870.09,0.040593582349,DBT,CORP,2032-05-03,4.61,Fixed
571748BJ0,US571748BJ05,MARSH & MCLENNAN COS INC,Marsh & McLennan Cos Inc,8015000.0,7113996.18,0.023886326951,DBT,CORP,2049-03-15,4.9,Fixed
91324PEJ7,US91324PEJ75,UNITEDHEALTH GROUP INC,UnitedHealth Group Inc,11238000.0,10934566.13,0.036714473137,DBT,CORP,2032-05-15,4.2,Fixed
404280EN5,US404280EN53,HSBC HOLDINGS PLC,HSBC Holdings PLC,13550000.0,13745729.75,0.046153383651,DBT,CORP,2030-11-19,5.29,Fixed
037833DY3,US037833DY36,APPLE INC,Apple Inc,9703000.0,8587215.16,0.028832884319,DBT,CORP,2030-08-20,1.25,Fixed
20030NEE7,US20030NEE76,COMCAST CORP,Comcast Corp,7444000.0,7396982.95,0.024836498182,DBT,CORP,2033-05-15,4.8,Fixed
674599EA9,US674599EA94,OCCIDENTAL PETROLEUM COR,Occidental Petroleum Corp,6835000.0,7778940.16,0.026118977757,DBT,CORP,2030-07-15,8.88,Fixed
126408HZ9,US126408HZ94,CSX CORP,CSX Corp,6971000.0,6992857.57,0.023479585596,DBT,CORP,2035-06-15,5.05,Fixed
585055BT2,US585055BT26,MEDTRONIC INC,Medtronic Inc,14146000.0,13617506.85,0.045722855712,DBT,CORP,2035-03-15,4.38,Fixed
91324PFJ6,US91324PFJ66,UNITEDHEALTH GROUP INC,UnitedHealth Group Inc,16099000.0,16272466.73,0.05463728835,DBT,CORP,2034-07-15,5.15,Fixed
81762PAE2,US81762PAE25,SERVICENOW INC,ServiceNow Inc,206000.0,180734.55,0.00060684381,DBT,CORP,2030-09-01,1.4,Fixed
824348BJ4,US824348BJ44,SHERWIN-WILLIAMS CO,Sherwin-Williams Co/The,7622000.0,7264221.8,0.024390732377,DBT,CORP,2029-08-15,2.95,Fixed
418056AZ0,US418056AZ06,HASBRO INC,Hasbro Inc,3889000.0,3793373.77,0.012736830864,DBT,CORP,2029-11-19,3.9,Fixed
20268JAR4,US20268JAR41,COMMONSPIRIT HEALTH,CommonSpirit Health,750000.0,759838.5,0.002551273627,DBT,CORP,2031-12-01,5.21,Fixed
747525AK9,US747525AK99,QUALCOMM INC,QUALCOMM Inc,10277000.0,9279865.85,0.03115856463,DBT,CORP,2045-05-20,4.8,Fixed
260543CR2,US260543CR27,DOW CHEMICAL CO/THE,Dow Chemical Co/The,8480000.0,7554360.51,0.025364917337,DBT,CORP,2048-11-30,5.55,Fixed
46647PEX0,US46647PEX06,JPMORGAN CHASE & CO,JPMorgan Chase & Co,25967000.0,26707428.23,0.08967426276,DBT,CORP,2036-04-22,5.57,Fixed
12572QAK1,US12572QAK13,CME GROUP INC,CME Group Inc,8118000.0,7338473.92,0.024640045192,DBT,CORP,2032-03-15,2.65,Fixed
06051GJP5,US06051GJP54,BANK OF AMERICA CORP,Bank of America Corp,9024000.0,8195574.24,0.027517890211,DBT,CORP,2032-03-11,2.65,Fixed
161175CT9,US161175CT95,CHARTER COMM OPT LLC/CAP,Charter Communications Operating LLC / Charter Communications Operating Capital,5727000.0,5429094.06,0.018229011161,DBT,CORP,2055-12-01,6.7,Fixed
747525BJ1,US747525BJ18,QUALCOMM INC,QUALCOMM Inc,5567000.0,3808704.25,0.012788305289,DBT,CORP,2050-05-20,3.25,Fixed
983919AK7,US983919AK78,XILINX INC,Xilinx Inc,1477000.0,1366215.1,0.004587275525,DBT,CORP,2030-06-01,2.38,Fixed
969457CS7,US969457CS75,WILLIAMS COMPANIES INC,Williams Cos Inc/The,5484000.0,5492943.86,0.0184433966,DBT,CORP,2035-09-30,5.3,Fixed
52532XAF2,US52532XAF24,LEIDOS INC,Leidos Inc,4523000.0,4450806.14,0.014944260295,DBT,CORP,2030-05-15,4.38,Fixed
071813DE6,US071813DE66,BAXTER INTERNATIONAL INC,Baxter International Inc,7199000.0,7130098.37,0.023940392509,DBT,CORP,2035-12-15,5.65,Fixed
026874DS3,US026874DS37,AMERICAN INTERNATIONAL,American International Group Inc,7392000.0,7472351.04,0.025089558037,DBT,CORP,2033-03-27,5.13,Fixed
42824CBV0,US42824CBV00,HP ENTERPRISE CO,Hewlett Packard Enterprise Co,15024000.0,14734422.92,0.04947307173,DBT,CORP,2034-10-15,5.0,Fixed
026874DL8,US026874DL83,AMERICAN INTERNATIONAL,American International Group Inc,7716000.0,6782881.74,0.022774559728,DBT,CORP,2048-04-01,4.75,Fixed
12527GAF0,US12527GAF00,CF INDUSTRIES INC,CF Industries Inc,5839000.0,5818257.54,0.019535686886,DBT,CORP,2034-03-15,5.15,Fixed
61748UAS1,US61748UAS15,MORGAN STANLEY,Morgan Stanley,22709000.0,22332705.06,0.074985462638,DBT,CORP,2032-01-16,4.49,Fixed
693475BA2,US693475BA21,PNC FINANCIAL SERVICES,PNC Financial Services Group Inc/The,11096000.0,9901565.53,0.033246016105,DBT,CORP,2032-04-23,2.31,Fixed
92343VGZ1,US92343VGZ13,VERIZON COMMUNICATIONS,Verizon Communications Inc,14817000.0,14887954.17,0.049988576313,DBT,CORP,2035-04-02,5.25,Fixed
37045VAH3,US37045VAH33,GENERAL MOTORS CO,General Motors Co,5342000.0,5191882.86,0.017432538385,DBT,CORP,2035-04-01,5.0,Fixed
458140BX7,US458140BX76,INTEL CORP,Intel Corp,5254000.0,3073625.2,0.01032016529,DBT,CORP,2061-08-12,3.2,Fixed
02079KAE7,US02079KAE73,ALPHABET INC,Alphabet Inc,9047000.0,6018360.24,0.020207562214,DBT,CORP,2040-08-15,1.9,Fixed
458140CR9,US458140CR99,INTEL CORP,Intel Corp,10870000.0,10838511.78,0.03639195601,DBT,CORP,2033-08-15,5.0,Fixed
437076CT7,US437076CT73,HOME DEPOT INC,Home Depot Inc/The,8382000.0,7531259.69,0.025287352812,DBT,CORP,2052-09-15,4.95,Fixed
685218AB5,US685218AB52,ORANGE SA,Orange SA,5679000.0,5568141.38,0.01869588374,DBT,CORP,2044-02-06,5.5,Fixed
02079KBK2,US02079KBK25,ALPHABET INC,Alphabet Inc,15482000.0,15264748.84,0.051253721873,DBT,CORP,2031-02-15,4.1,Fixed
63307A3B9,US63307A3B99,NATIONAL BANK OF CANADA,National Bank of Canada,2416000.0,2405904.02,0.008078189611,DBT,CORP,2029-10-10,4.5,Fixed
110122CP1,US110122CP17,BRISTOL-MYERS SQUIBB CO,Bristol-Myers Squibb Co,4996000.0,4853574.03,0.016296614902,DBT,CORP,2029-07-26,3.4,Fixed
911312CL8,US911312CL87,UNITED PARCEL SERVICE,United Parcel Service Inc,6242000.0,6377032.56,0.021411859221,DBT,CORP,2065-05-14,6.05,Fixed
47214BAC2,US47214BAC28,JBS NV/USA FOODS/FOOD CO,JBS NV/JBS USA Foods Group Holdings Inc/JBS USA Food Co Holdings,3406000.0,3706664.65,0.012445691772,DBT,CORP,2034-03-15,6.75,Fixed
161175CC6,US161175CC60,CHARTER COMM OPT LLC/CAP,Charter Communications Operating LLC / Charter Communications Operating Capital,12719000.0,8120032.18,0.027264246226,DBT,CORP,2061-12-01,4.4,Fixed
002824BG4,US002824BG43,ABBOTT LABORATORIES,Abbott Laboratories,11894000.0,11612987.6,0.038992376671,DBT,CORP,2036-11-30,4.75,Fixed
16411RAN9,US16411RAN98,CHENIERE ENERGY INC,Cheniere Energy Inc,11481000.0,11807503.57,0.039645493701,DBT,CORP,2034-04-15,5.65,Fixed
04020EAJ6,US04020EAJ64,ARES STRATEGIC INCOME FU,Ares Strategic Income Fund,4052000.0,4035030.63,0.013548230621,DBT,CORP,2032-03-21,6.2,Fixed
86562MEG1,US86562MEG15,SUMITOMO MITSUI FINL GRP,Sumitomo Mitsui Financial Group Inc,5838000.0,5732116.19,0.019246454168,DBT,CORP,2047-01-15,5.57,Fixed
437076CF7,US437076CF79,HOME DEPOT INC,Home Depot Inc/The,6758000.0,5855641.43,0.019661208997,DBT,CORP,2031-03-15,1.38,Fixed
571748CA8,US571748CA86,MARSH & MCLENNAN COS INC,Marsh & McLennan Cos Inc,11016000.0,11038201.65,0.037062445198,DBT,CORP,2030-03-15,4.65,Fixed
539830BQ1,US539830BQ10,LOCKHEED MARTIN CORP,Lockheed Martin Corp,6407000.0,4049422.62,0.013596553922,DBT,CORP,2050-06-15,2.8,Fixed
713448ES3,US713448ES36,PEPSICO INC,PepsiCo Inc,10099000.0,9529259.87,0.031995943081,DBT,CORP,2030-03-19,2.75,Fixed
66989HAR9,US66989HAR93,NOVARTIS CAPITAL CORP,Novartis Capital Corp,16508000.0,15100790.4,0.050703206409,DBT,CORP,2030-08-14,2.2,Fixed
89236TNB7,US89236TNB79,TOYOTA MOTOR CREDIT CORP,Toyota Motor Credit Corp,4942000.0,5070910.59,0.017026355542,DBT,CORP,2035-01-09,5.35,Fixed
55336VCE8,US55336VCE83,MPLX LP,MPLX LP,5949000.0,5879979.11,0.019742926469,DBT,CORP,2036-04-01,5.3,Fixed
02079KBQ9,US02079KBQ94,ALPHABET INC,Alphabet Inc,12533000.0,12423982.95,0.041715417223,DBT,CORP,2066-02-15,5.75,Fixed
278642AY9,US278642AY97,EBAY INC,eBay Inc,9184000.0,8300041.84,0.027868656108,DBT,CORP,2031-05-10,2.6,Fixed
92343VGK4,US92343VGK44,VERIZON COMMUNICATIONS,Verizon Communications Inc,28279000.0,22038673.07,0.073998205396,DBT,CORP,2041-03-22,3.4,Fixed
002824BS8,US002824BS80,ABBOTT LABORATORIES,Abbott Laboratories,10556000.0,10313085.33,0.034627756584,DBT,CORP,2031-03-15,4.0,Fixed
126408HV8,US126408HV80,CSX CORP,CSX Corp,6868000.0,5788678.69,0.019436371387,DBT,CORP,2052-11-15,4.5,Fixed
00774MBL8,US00774MBL81,AERCAP IRELAND CAP/GLOBA,AerCap Ireland Capital DAC / AerCap Global Aviation Trust,4603000.0,4591935.31,0.015418123003,DBT,CORP,2029-09-10,4.63,Fixed
0778FPAN9,US0778FPAN98,BELL CANADA,Bell Telephone Co of Canada or Bell Canada,6326000.0,5991503.89,0.020117387924,DBT,CORP,2054-02-15,5.55,Fixed
210518EA0,US210518EA04,CONSUMERS ENERGY CO,Consumers Energy Co,750000.0,749581.88,0.002516835461,DBT,CORP,2036-05-01,5.13,Fixed
94106BAF8,US94106BAF85,WASTE CONNECTIONS INC,Waste Connections Inc,6070000.0,5852140.42,0.019649453822,DBT,CORP,2033-01-15,4.2,Fixed
6174468Y8,US6174468Y83,MORGAN STANLEY,Morgan Stanley,10956000.0,6835341.03,0.022950699794,DBT,CORP,2052-01-25,2.8,Fixed
532457CZ9,US532457CZ98,ELI LILLY & CO,Eli Lilly & Co,6594000.0,6456501.25,0.021678687465,DBT,CORP,2065-02-12,5.6,Fixed
00774MAY1,US00774MAY12,AERCAP IRELAND CAP/GLOBA,AerCap Ireland Capital DAC / AerCap Global Aviation Trust,12108000.0,10776341.58,0.036183210083,DBT,CORP,2033-10-29,3.4,Fixed
62954HAJ7,US62954HAJ77,NXP BV/NXP FDG/NXP USA,NXP BV / NXP Funding LLC / NXP USA Inc,9704000.0,8616187.42,0.0289301631,DBT,CORP,2032-02-15,2.65,Fixed
980236AT0,US980236AT06,WOODSIDE FINANCE LTD,Woodside Finance Ltd,10311000.0,10509391.89,0.035286885793,DBT,CORP,2030-05-19,5.4,Fixed
127387AP3,US127387AP39,CADENCE DESIGN SYS INC,Cadence Design Systems Inc,4012000.0,3955966.4,0.013282760412,DBT,CORP,2034-09-10,4.7,Fixed
17327CAY9,US17327CAY93,CITIGROUP INC,Citigroup Inc,15075000.0,14757969.74,0.049552133768,DBT,CORP,2056-03-04,5.61,Fixed
65339KCV0,US65339KCV08,NEXTERA ENERGY CAPITAL,NextEra Energy Capital Holdings Inc,6806000.0,6436694.87,0.021612184524,DBT,CORP,2054-03-15,5.55,Fixed
718172EA3,US718172EA37,PHILIP MORRIS INTL INC,Philip Morris International Inc,8077000.0,7800570.33,0.026191604351,DBT,CORP,2035-10-29,4.63,Fixed
718546AW4,US718546AW42,PHILLIPS 66,Phillips 66,7561000.0,6794734.24,0.022814356304,DBT,CORP,2030-12-15,2.15,Fixed
548661EM5,US548661EM57,LOWE'S COS INC,Lowe's Cos Inc,14437000.0,13867255.34,0.04656142435,DBT,CORP,2053-04-15,5.63,Fixed
174610BH7,US174610BH70,CITIZENS FINANCIAL GROUP,Citizens Financial Group Inc,7727000.0,7937666.61,0.026651926017,DBT,CORP,2032-07-23,5.72,Fixed
961214GC1,US961214GC13,WESTPAC BANKING CORP,Westpac Banking Corp,5217000.0,5210103.65,0.017493717466,DBT,CORP,2030-07-01,4.35,Fixed
701094AP9,US701094AP92,PARKER-HANNIFIN CORP,Parker-Hannifin Corp,2883000.0,2303066.96,0.007732898501,DBT,CORP,2049-06-14,4.0,Fixed
023135BT2,US023135BT22,AMAZON.COM INC,Amazon.com Inc,15447000.0,9077360.04,0.030478620494,DBT,CORP,2050-06-03,2.5,Fixed
822905AH8,US822905AH87,SHELL FINANCE US INC,Shell Finance US Inc,6925000.0,5359186.87,0.01799428711,DBT,CORP,2046-09-12,3.75,Fixed
532457DD7,US532457DD77,ELI LILLY & CO,Eli Lilly & Co,8167000.0,8136685.73,0.027320163059,DBT,CORP,2032-10-15,4.55,Fixed
74834LBG4,US74834LBG41,QUEST DIAGNOSTICS INC,Quest Diagnostics Inc,7210000.0,7172894.46,0.024084086907,DBT,CORP,2034-12-15,5.0,Fixed
209111GA5,US209111GA54,CON EDISON CO OF NY INC,Consolidated Edison Co of New York Inc,7456000.0,6729189.12,0.022594278569,DBT,CORP,2031-06-15,2.4,Fixed
361841AT6,US361841AT63,GLP CAPITAL LP / FIN II,GLP Capital LP / GLP Financing II Inc,6777000.0,6759196.14,0.022695031715,DBT,,2034-09-15,5.63,Fixed
37045XEV4,US37045XEV47,GENERAL MOTORS FINL CO,General Motors Financial Co Inc,9759000.0,10128696.29,0.034008642266,DBT,CORP,2034-04-04,5.95,Fixed
47214BAD0,US47214BAD01,JBS NV/USA FOODS/FOOD CO,JBS NV/JBS USA Foods Group Holdings Inc/JBS USA Food Co Holdings,7199000.0,7889285.47,0.026489478962,DBT,CORP,2053-11-15,7.25,Fixed
437076DK5,US437076DK55,HOME DEPOT INC,Home Depot Inc/The,7586000.0,7396689.09,0.024835511502,DBT,CORP,2035-09-15,4.65,Fixed
37045XDL7,US37045XDL73,GENERAL MOTORS FINL CO,General Motors Financial Co Inc,9847000.0,8884385.84,0.029830680192,DBT,CORP,2031-06-10,2.7,Fixed
254687FM3,US254687FM36,WALT DISNEY COMPANY/THE,Walt Disney Co/The,13540000.0,8440034.43,0.028338702576,DBT,CORP,2049-09-01,2.75,Fixed
37940XAC6,US37940XAC65,GLOBAL PAYMENTS INC,Global Payments Inc,3970000.0,2917259.62,0.009795144012,DBT,CORP,2049-08-15,4.15,Fixed
29379VAY9,US29379VAY92,ENTERPRISE PRODUCTS OPER,Enterprise Products Operating LLC,7982000.0,6982225.76,0.023443887672,DBT,CORP,2043-02-15,4.45,Fixed
166756BK1,US166756BK18,CHEVRON USA INC,Chevron USA Inc,13609000.0,13612272.96,0.045705282128,DBT,CORP,2032-10-15,4.5,Fixed
11271LAF9,US11271LAF94,BROOKFIELD FINANCE INC,Brookfield Finance Inc,5272000.0,3620599.25,0.012156714068,DBT,CORP,2051-03-30,3.5,Fixed
458140AK6,US458140AK64,INTEL CORP,Intel Corp,6168000.0,5533991.28,0.018581219572,DBT,CORP,2041-10-01,4.8,Fixed
29250NCQ6,US29250NCQ60,ENBRIDGE INC,Enbridge Inc,10529000.0,10562257.95,0.035464391651,DBT,CORP,2031-03-27,4.85,Fixed
532457DP0,US532457DP08,ELI LILLY & CO,Eli Lilly & Co,11129000.0,11147744.57,0.037430252255,DBT,CORP,2056-05-20,5.6,Fixed
842587EA1,US842587EA18,SOUTHERN CO,Southern Co/The,6419000.0,6266154.62,0.02103956963,DBT,CORP,2035-03-15,4.85,Fixed
68389XBG9,US68389XBG97,ORACLE CORP,Oracle Corp,8479000.0,5801862.59,0.019480638342,DBT,CORP,2055-05-15,4.38,Fixed
857449AE2,US857449AE22,STATE STREET BANK & TR,State Street Bank & Trust Co,3276000.0,3321509.54,0.01115247476,DBT,CORP,2029-11-23,4.78,Fixed
49177JAS1,US49177JAS15,KENVUE INC,Kenvue Inc,7101000.0,7168496.43,0.02406931985,DBT,CORP,2032-05-22,4.85,Fixed
695114CY2,US695114CY24,PACIFICORP,PacifiCorp,7785000.0,4644123.84,0.015593353951,DBT,CORP,2052-06-15,2.9,Fixed
031162BZ2,US031162BZ23,AMGEN INC,Amgen Inc,16376000.0,13858222.75,0.046531096052,DBT,CORP,2045-05-01,4.4,Fixed
06738ECU7,US06738ECU73,BARCLAYS PLC,Barclays PLC,13701000.0,13746550.34,0.046156138907,DBT,CORP,2030-09-10,4.94,Fixed
03040WAR6,US03040WAR60,AMERICAN WATER CAPITAL C,American Water Capital Corp,6592000.0,4984267.89,0.016735439466,DBT,CORP,2047-09-01,3.75,Fixed
571903BQ5,US571903BQ56,MARRIOTT INTERNATIONAL,Marriott International Inc/MD,4792000.0,4853435.84,0.016296150908,DBT,CORP,2034-05-15,5.3,Fixed
478160CV4,US478160CV47,JOHNSON & JOHNSON,Johnson & Johnson,9433000.0,9689920.02,0.032535384033,DBT,CORP,2031-06-01,4.9,Fixed
70450YAE3,US70450YAE32,PAYPAL HOLDINGS INC,PayPal Holdings Inc,7624000.0,7203448.72,0.024186677494,DBT,CORP,2029-10-01,2.85,Fixed
682680DC4,US682680DC47,ONEOK INC,ONEOK Inc,7757000.0,7774437.74,0.026103860196,DBT,CORP,2035-10-15,5.4,Fixed
345397E66,US345397E664,FORD MOTOR CREDIT CO LLC,Ford Motor Credit Co LLC,10837000.0,10984802.59,0.036883149711,DBT,CORP,2034-03-08,6.13,Fixed
87264ABW4,US87264ABW45,T-MOBILE USA INC,T-Mobile USA Inc,14047000.0,13305057.13,0.044673758133,DBT,CORP,2031-04-15,3.5,Fixed
59156RCD8,US59156RCD89,METLIFE INC,MetLife Inc,8056000.0,7569950.1,0.025417261763,DBT,CORP,2054-01-15,5.25,Fixed
85771PAQ5,US85771PAQ54,EQUINOR ASA,Equinor ASA,2104000.0,1942654.13,0.006522757466,DBT,CORP,2043-11-08,4.8,Fixed
532457CV8,US532457CV84,ELI LILLY & CO,Eli Lilly & Co,11298000.0,11460595.17,0.03848069585,DBT,CORP,2030-02-12,4.75,Fixed
780097BL4,US780097BL47,NATWEST GROUP PLC,NatWest Group PLC,7997000.0,7940865.86,0.026662667986,DBT,CORP,2030-05-08,4.45,Fixed
361841AX7,US361841AX75,GLP CAPITAL LP / FIN II,GLP Capital LP / GLP Financing II Inc,6860000.0,6742187.73,0.022637923384,DBT,,2036-03-01,5.63,Fixed
09261HBX4,US09261HBX44,BLACKSTONE PRIVATE CRE,Blackstone Private Credit Fund,7552000.0,7457215.6,0.025038738489,DBT,CORP,2032-01-29,6.0,Fixed
11271LAL6,US11271LAL62,BROOKFIELD FINANCE INC,Brookfield Finance Inc,6468000.0,6418628.46,0.021551523798,DBT,CORP,2054-03-04,5.97,Fixed
89788MAB8,US89788MAB81,TRUIST FINANCIAL CORP,Truist Financial Corp,7151000.0,6464042.76,0.021704009235,DBT,CORP,2030-06-05,1.95,Fixed
29444UBS4,US29444UBS42,EQUINIX INC,Equinix Inc,8976000.0,8056435.73,0.027050711447,DBT,,2031-05-15,2.5,Fixed
345370CQ1,US345370CQ17,FORD MOTOR COMPANY,Ford Motor Co,14089000.0,11207802.32,0.037631905309,DBT,CORP,2043-01-15,4.75,Fixed
00287YDU0,US00287YDU01,ABBVIE INC,AbbVie Inc,21710000.0,22017172.62,0.073926014356,DBT,CORP,2034-03-15,5.05,Fixed
110122DS4,US110122DS47,BRISTOL-MYERS SQUIBB CO,Bristol-Myers Squibb Co,16034000.0,9422785.76,0.031638440021,DBT,CORP,2050-11-13,2.55,Fixed
126650DG2,US126650DG21,CVS HEALTH CORP,CVS Health Corp,8896000.0,8531366.3,0.028645363256,DBT,CORP,2029-08-15,3.25,Fixed
46625HJB7,US46625HJB78,JPMORGAN CHASE & CO,JPMorgan Chase & Co,12201000.0,12379475.01,0.041565975028,DBT,CORP,2041-07-15,5.6,Fixed
17275RBT8,US17275RBT86,CISCO SYSTEMS INC,Cisco Systems Inc,15820000.0,16037923.66,0.053849774228,DBT,CORP,2034-02-26,5.05,Fixed
171232AQ4,US171232AQ41,CHUBB INA HOLDINGS LLC,Chubb INA Holdings LLC,9451000.0,10074291.56,0.033825970089,DBT,CORP,2037-05-11,6.0,Fixed
57636QAP9,US57636QAP90,MASTERCARD INC,Mastercard Inc,11933000.0,11514966.72,0.03866325662,DBT,CORP,2030-03-26,3.35,Fixed
37045XDE3,US37045XDE31,GENERAL MOTORS FINL CO,General Motors Financial Co Inc,6332000.0,5679229.05,0.019068877531,DBT,CORP,2031-01-08,2.35,Fixed
256746AJ7,US256746AJ71,DOLLAR TREE INC,Dollar Tree Inc,4770000.0,4260638.89,0.014305744756,DBT,CORP,2031-12-01,2.65,Fixed
61747YED3,US61747YED31,MORGAN STANLEY,Morgan Stanley,27801000.0,24448407.91,0.082089257569,DBT,CORP,2032-07-21,2.24,Fixed
24703TAG1,US24703TAG13,DELL INT LLC / EMC CORP,Dell International LLC / EMC Corp,8438000.0,8614942.33,0.028925982521,DBT,CORP,2029-10-01,5.3,Fixed
87938WAC7,US87938WAC73,TELEFONICA EMISIONES SAU,Telefonica Emisiones SA,15799000.0,17500302.68,0.058759934779,DBT,CORP,2036-06-20,7.05,Fixed
68389XBZ7,US68389XBZ78,ORACLE CORP,Oracle Corp,14684000.0,10742879.01,0.036070854402,DBT,CORP,2041-03-25,3.65,Fixed
29273VAY6,US29273VAY65,ENERGY TRANSFER LP,Energy Transfer LP,10603000.0,10838828.75,0.036393020285,DBT,CORP,2034-05-15,5.55,Fixed
04010LBH5,US04010LBH50,ARES CAPITAL CORP,Ares Capital Corp,4725000.0,4696994.45,0.015770875086,DBT,CORP,2032-03-08,5.8,Fixed
11120VAJ2,US11120VAJ26,BRIXMOR OPERATING PART,Brixmor Operating Partnership LP,6132000.0,5967988.62,0.020038431819,DBT,,2030-07-01,4.05,Fixed
023135CY0,US023135CY08,AMAZON.COM INC,Amazon.com Inc,16651000.0,15770190.41,0.052950819016,DBT,CORP,2065-11-20,5.55,Fixed
38141GB60,US38141GB607,GOLDMAN SACHS GROUP INC,Goldman Sachs Group Inc/The,9722000.0,9701445.75,0.032574083429,DBT,CORP,2030-10-23,4.69,Fixed
46647PFP6,US46647PFP62,JPMORGAN CHASE & CO,JPMorgan Chase & Co,28541000.0,28347820.24,0.095182129069,DBT,CORP,2037-04-23,5.15,Fixed
87264AAZ8,US87264AAZ84,T-MOBILE USA INC,T-Mobile USA Inc,25713000.0,20959589.4,0.07037501743,DBT,CORP,2050-04-15,4.5,Fixed
91324PEF5,US91324PEF53,UNITEDHEALTH GROUP INC,UnitedHealth Group Inc,18331000.0,12295476.09,0.041283935846,DBT,CORP,2051-05-15,3.25,Fixed
47233WEJ4,US47233WEJ45,JEFFERIES FIN GROUP INC,Jefferies Financial Group Inc,10463000.0,10804035.21,0.036276195669,DBT,CORP,2034-04-14,6.2,Fixed
65535HBV0,US65535HBV06,NOMURA HOLDINGS INC,Nomura Holdings Inc,4786000.0,4961140.8,0.016657786734,DBT,CORP,2034-07-03,5.78,Fixed
78409VBG8,US78409VBG86,S&P GLOBAL INC,S&P Global Inc,1318000.0,1311297.97,0.004402882887,DBT,CORP,2029-05-01,4.25,Fixed
459200LK5,US459200LK58,IBM CORP,International Business Machines Corp,6319000.0,6067158.15,0.020371408638,DBT,CORP,2055-02-10,5.7,Fixed
20268JAB9,US20268JAB98,COMMONSPIRIT HEALTH,CommonSpirit Health,2660000.0,2547023.68,0.008552020388,DBT,CORP,2029-10-01,3.35,Fixed
58013MGC2,US58013MGC29,MCDONALD'S CORP,McDonald's Corp,7809000.0,7787854.79,0.026148909987,DBT,CORP,2036-02-13,5.0,Fixed
49456BAW1,US49456BAW19,KINDER MORGAN INC,Kinder Morgan Inc,5841000.0,5487075.12,0.018423691411,DBT,CORP,2052-08-01,5.45,Fixed
049463AH5,US049463AH57,ATLAS WAREHOUSE LEND,Atlas Warehouse Lending Co LP,5510000.0,5409551.05,0.018163392524,DBT,CORP,2033-01-15,5.25,Fixed
110122DY1,US110122DY15,BRISTOL-MYERS SQUIBB CO,Bristol-Myers Squibb Co,6715000.0,7041889.56,0.023644217979,DBT,CORP,2031-02-01,5.75,Fixed
12189LBN0,US12189LBN01,BURLINGTN NORTH SANTA FE,Burlington Northern Santa Fe LLC,6597000.0,6436256.84,0.021610713771,DBT,CORP,2056-03-15,5.55,Fixed
02079KAZ0,US02079KAZ03,ALPHABET INC,Alphabet Inc,18855000.0,18377534.84,0.06170537552,DBT,CORP,2045-11-15,5.35,Fixed
50076QAE6,US50076QAE61,KRAFT HEINZ FOODS CO,Kraft Heinz Foods Co,12764000.0,11410594.79,0.03831281195,DBT,CORP,2042-06-04,5.0,Fixed
87264ADY8,US87264ADY82,T-MOBILE USA INC,T-Mobile USA Inc,7994000.0,7670611.52,0.02575524783,DBT,CORP,2056-01-15,5.7,Fixed
49456BAR2,US49456BAR24,KINDER MORGAN INC,Kinder Morgan Inc,6394000.0,5670903.82,0.019040924302,DBT,CORP,2031-02-15,2.0,Fixed
251526DA4,US251526DA41,DEUTSCHE BANK NY,Deutsche Bank AG/New York NY,12546000.0,12662914.92,0.042517667746,DBT,CORP,2031-05-09,5.3,Fixed
03027XBG4,US03027XBG43,AMERICAN TOWER CORP,American Tower Corp,9769000.0,8685671.63,0.029163466931,DBT,,2030-10-15,1.88,Fixed
78409VBL7,US78409VBL71,S&P GLOBAL INC,S&P Global Inc,7267000.0,5391903.98,0.018104139796,DBT,CORP,2052-03-01,3.7,Fixed
404119CC1,US404119CC14,HCA INC,HCA Inc,7014000.0,6225166.98,0.020901947379,DBT,CORP,2031-07-15,2.38,Fixed
91159HJT8,US91159HJT86,US BANCORP,US Bancorp,8575000.0,8687166.15,0.029168485009,DBT,CORP,2031-02-12,5.05,Fixed
00287YBD0,US00287YBD04,ABBVIE INC,AbbVie Inc,10102000.0,9094782.11,0.03053711775,DBT,CORP,2048-11-14,4.88,Fixed
00206RLJ9,US00206RLJ94,AT&T INC,AT&T Inc,59231000.0,38651538.51,0.129778434321,DBT,CORP,2055-09-15,3.55,Fixed
68389XDH5,US68389XDH52,ORACLE CORP,Oracle Corp,23754000.0,23014295.69,0.07727400711,DBT,CORP,2030-09-26,4.45,Fixed
801060AJ3,US801060AJ31,SANOFI SA,Sanofi SA,5146000.0,5049314.89,0.016953844687,DBT,CORP,2032-11-03,4.2,Fixed
89115A3C4,US89115A3C46,TORONTO-DOMINION BANK,Toronto-Dominion Bank/The,5088000.0,5133174.32,0.01723541551,DBT,CORP,2029-12-17,4.78,Fixed
744573AU0,US744573AU04,PUBLIC SERVICE ENTERPRIS,Public Service Enterprise Group Inc,5145000.0,4576442.51,0.015366103565,DBT,CORP,2031-11-15,2.45,Fixed
03040WBG9,US03040WBG96,AMERICAN WATER CAPITAL C,American Water Capital Corp,7456000.0,7362430.93,0.024720484506,DBT,CORP,2055-09-01,5.7,Fixed
06418GAW7,US06418GAW78,BANK OF NOVA SCOTIA,Bank of Nova Scotia/The,6704000.0,6587964.49,0.022120095339,DBT,CORP,2031-09-15,4.34,Fixed
49271VAK6,US49271VAK61,KEURIG DR PEPPER INC,Keurig Dr Pepper Inc,6446000.0,4584344.92,0.015392637112,DBT,CORP,2050-05-01,3.8,Fixed
032095AJ0,US032095AJ08,AMPHENOL CORP,Amphenol Corp,7108000.0,6686853.84,0.022452131411,DBT,CORP,2030-02-15,2.8,Fixed
26441CBM6,US26441CBM64,DUKE ENERGY CORP,Duke Energy Corp,5987000.0,4545130.43,0.015260968482,DBT,CORP,2041-06-15,3.3,Fixed
89115KAJ9,US89115KAJ97,TORONTO-DOMINION BANK,Toronto-Dominion Bank/The,10229000.0,10040853.91,0.03371369808,DBT,CORP,2035-10-15,4.93,Fixed
032095AR2,US032095AR24,AMPHENOL CORP,Amphenol Corp,5840000.0,5836953.86,0.019598462632,DBT,CORP,2035-01-15,5.0,Fixed
693475CB9,US693475CB94,PNC FINANCIAL SERVICES,PNC Financial Services Group Inc/The,6688000.0,6812338.61,0.022873465661,DBT,CORP,2031-01-29,5.22,Fixed
20030NBZ3,US20030NBZ33,COMCAST CORP,Comcast Corp,8255000.0,6157757.81,0.020675610811,DBT,CORP,2047-08-15,4.0,Fixed
30303M8N5,US30303M8N52,META PLATFORMS INC,Meta Platforms Inc,15191000.0,15260401.6,0.051239125352,DBT,CORP,2033-05-15,4.95,Fixed
49456BBA8,US49456BBA89,KINDER MORGAN INC,Kinder Morgan Inc,6910000.0,6941876.52,0.023308408946,DBT,CORP,2054-08-01,5.95,Fixed
04636NAS2,US04636NAS27,ASTRAZENECA FINANCE LLC,Astrazeneca Finance LLC,6905000.0,6712766.87,0.022539138361,DBT,CORP,2036-03-02,4.6,Fixed
482480AM2,US482480AM29,KLA CORP,KLA Corp,11062000.0,10035304.81,0.033695066131,DBT,CORP,2052-07-15,4.95,Fixed
68389XCH6,US68389XCH61,ORACLE CORP,Oracle Corp,10558000.0,10930852.6,0.036702004393,DBT,CORP,2029-11-09,6.15,Fixed
65339KDJ6,US65339KDJ60,NEXTERA ENERGY CAPITAL,NextEra Energy Capital Holdings Inc,9907000.0,10057705.28,0.033770279125,DBT,CORP,2030-03-15,5.05,Fixed
373334JW2,US373334JW27,GEORGIA POWER CO,Georgia Power Co,7382000.0,6407671.23,0.021514733227,DBT,CORP,2042-03-15,4.3,Fixed
94106LCF4,US94106LCF40,WASTE MANAGEMENT INC,Waste Management Inc,9863000.0,9484676.03,0.03184624604,DBT,CORP,2054-10-15,5.35,Fixed
88579YBK6,US88579YBK64,3M COMPANY,3M Co,8616000.0,5930161.03,0.019911419917,DBT,CORP,2049-08-26,3.25,Fixed
78017DAQ1,US78017DAQ16,ROYAL BANK OF CANADA,Royal Bank of Canada,6935000.0,6814227.67,0.022879808468,DBT,CORP,2031-11-03,4.31,Fixed
61776NZW6,US61776NZW63,MORGAN STANLEY PVT BANK,Morgan Stanley Private Bank NA,16276000.0,16023354.16,0.053800854911,DBT,CORP,2031-11-19,4.47,Fixed
38141GZN7,US38141GZN77,GOLDMAN SACHS GROUP INC,Goldman Sachs Group Inc/The,13891000.0,10627062.29,0.035681982104,DBT,CORP,2043-02-24,3.44,Fixed
694308JQ1,US694308JQ18,PACIFIC GAS & ELECTRIC,Pacific Gas and Electric Co,13589000.0,11715825.65,0.039337671105,DBT,CORP,2040-07-01,4.5,Fixed
695114DQ8,US695114DQ80,PACIFICORP,PacifiCorp,5473000.0,5627587.07,0.018895481709,DBT,CORP,2036-04-15,5.8,Fixed
084670BK3,US084670BK32,BERKSHIRE HATHAWAY INC,Berkshire Hathaway Inc,9266000.0,8421332.75,0.028275908833,DBT,CORP,2043-02-11,4.5,Fixed
92343VHJ6,US92343VHJ61,VERIZON COMMUNICATIONS,Verizon Communications Inc,22877000.0,22492842.55,0.075523148679,DBT,CORP,2055-11-30,5.88,Fixed
110122DW5,US110122DW58,BRISTOL-MYERS SQUIBB CO,Bristol-Myers Squibb Co,15347000.0,11198477.23,0.037600594897,DBT,CORP,2052-03-15,3.7,Fixed
59156RAM0,US59156RAM07,METLIFE INC,MetLife Inc,7871000.0,8227978.97,0.027626694033,DBT,CORP,2035-06-15,5.7,Fixed
92857WCB4,US92857WCB46,VODAFONE GROUP PLC,Vodafone Group PLC,6223000.0,5986434.52,0.020100366741,DBT,CORP,2064-06-28,5.88,Fixed
24703DBS9,US24703DBS99,DELL INT LLC / EMC CORP,Dell International LLC / EMC Corp,5169000.0,5124729.58,0.017207061008,DBT,CORP,2031-02-15,4.5,Fixed
606822DN1,US606822DN18,MITSUBISHI UFJ FIN GRP,Mitsubishi UFJ Financial Group Inc,8186000.0,8094687.63,0.027179148034,DBT,CORP,2031-09-12,4.53,Fixed
023135CV6,US023135CV68,AMAZON.COM INC,Amazon.com Inc,25298000.0,24702391.48,0.082942046134,DBT,CORP,2035-11-20,4.65,Fixed
857477BP7,US857477BP72,STATE STREET CORP,State Street Corp,5822000.0,5219587.18,0.017525559864,DBT,CORP,2031-03-03,2.2,Fixed
67103HAL1,US67103HAL15,O'REILLY AUTOMOTIVE INC,O'Reilly Automotive Inc,5921000.0,5879526.95,0.019741408273,DBT,CORP,2032-06-15,4.7,Fixed
172967FX4,US172967FX46,CITIGROUP INC,Citigroup Inc,7670000.0,7902397.17,0.026533503494,DBT,CORP,2042-01-30,5.88,Fixed
03027XCF5,US03027XCF50,AMERICAN TOWER CORP,American Tower Corp,6772000.0,7107596.62,0.023864839452,DBT,,2033-11-15,5.9,Fixed
61748UAN2,US61748UAN28,MORGAN STANLEY,Morgan Stanley,24744000.0,24007692.79,0.080609489351,DBT,CORP,2036-10-22,4.89,Fixed
89236TMK8,US89236TMK87,TOYOTA MOTOR CREDIT CORP,Toyota Motor Credit Corp,5795000.0,5813841.86,0.019520860567,DBT,CORP,2029-08-09,4.55,Fixed
032095AL5,US032095AL53,AMPHENOL CORP,Amphenol Corp,8444000.0,7469734.66,0.025080773142,DBT,CORP,2031-09-15,2.2,Fixed
46590XAQ9,US46590XAQ97,JBS NV/USA FOODS/FOOD CO,JBS NV/JBS USA Foods Group Holdings Inc/JBS USA Food Co Holdings,6629000.0,5011659.89,0.016827412282,DBT,CORP,2052-02-02,4.38,Fixed
037833EV8,US037833EV87,APPLE INC,Apple Inc,8696000.0,8690143.24,0.029178481043,DBT,CORP,2033-05-10,4.3,Fixed
438127AF9,US438127AF94,HONDA MOTOR CO LTD,Honda Motor Co Ltd,6764000.0,6783240.87,0.022775765562,DBT,CORP,2035-07-08,5.34,Fixed
22822VBE0,US22822VBE02,CROWN CASTLE INC,Crown Castle Inc,8041000.0,8293340.25,0.027846154498,DBT,,2034-03-01,5.8,Fixed
254687FR2,US254687FR23,WALT DISNEY COMPANY/THE,Walt Disney Co/The,5555000.0,5203713.47,0.017472261463,DBT,CORP,2040-03-23,4.63,Fixed
44644MAJ0,US44644MAJ09,HUNTINGTON NATIONAL BANK,Huntington National Bank/The,3765000.0,3886807.92,0.01305055027,DBT,CORP,2030-01-10,5.65,Fixed
29446MAP7,US29446MAP77,EQUINOR ASA,Equinor ASA,3975000.0,3901132.58,0.0130986475,DBT,CORP,2035-11-14,4.75,Fixed
594918CE2,US594918CE21,MICROSOFT CORP,Microsoft Corp,46290000.0,29827956.74,0.100151913066,DBT,CORP,2052-03-17,2.92,Fixed
47233WMK2,US47233WMK26,JEFFERIES FIN GROUP INC,Jefferies Financial Group Inc,11791000.0,11651082.1,0.039120284764,DBT,CORP,2031-04-28,5.13,Fixed
136385BE0,US136385BE00,CANADIAN NATL RESOURCES,Canadian Natural Resources Ltd,4936000.0,5005427.8,0.01680648709,DBT,CORP,2034-12-15,5.4,Fixed
278058DX7,US278058DX76,EATON CORP,Eaton Corp,12309000.0,12109178.16,0.040658412138,DBT,CORP,2031-03-06,4.2,Fixed
68389XDC6,US68389XDC65,ORACLE CORP,Oracle Corp,7430000.0,6435336.24,0.021607622717,DBT,CORP,2065-08-03,6.13,Fixed
00287YDX4,US00287YDX40,ABBVIE INC,AbbVie Inc,11801000.0,11357610.47,0.038134909016,DBT,CORP,2064-03-15,5.5,Fixed
482480AJ9,US482480AJ99,KLA CORP,KLA Corp,7241000.0,5012629.32,0.016830667291,DBT,CORP,2050-03-01,3.3,Fixed
054989AC2,US054989AC24,BAT CAPITAL CORP,BAT Capital Corp,6233000.0,6936804.18,0.023291377791,DBT,CORP,2043-08-02,7.08,Fixed
404280EW5,US404280EW52,HSBC HOLDINGS PLC,HSBC Holdings PLC,14476000.0,14660065.24,0.049223404481,DBT,CORP,2031-05-13,5.24,Fixed
49177JAK8,US49177JAK88,KENVUE INC,Kenvue Inc,9260000.0,9315811.87,0.031279258873,DBT,CORP,2033-03-22,4.9,Fixed
38152BAH4,US38152BAH42,GOLDMAN SACHS PRIVATE CR,Goldman Sachs Private Credit Corp,322000.0,319091.92,0.001071399778,DBT,CORP,2031-01-31,5.88,Fixed
209111FF5,US209111FF50,CON EDISON CO OF NY INC,Consolidated Edison Co of New York Inc,4903000.0,4090443.95,0.013734289292,DBT,CORP,2054-12-01,4.63,Fixed
25245BAE7,US25245BAE74,DIAGEO INVESTMENT CORP,Diageo Investment Corp,4924000.0,5117062.65,0.017181318121,DBT,CORP,2035-04-15,5.63,Fixed
25160PAS6,US25160PAS65,DEUTSCHE BANK NY,Deutsche Bank AG/New York NY,10995000.0,10971238.71,0.036837606916,DBT,CORP,2032-04-14,5.06,Fixed
91159HJN1,US91159HJN17,US BANCORP,US Bancorp,12085000.0,12604480.98,0.042321466882,DBT,CORP,2034-06-12,5.84,Fixed
458140BK5,US458140BK55,INTEL CORP,Intel Corp,6750000.0,3887049.6,0.013051361748,DBT,CORP,2060-02-15,3.1,Fixed
58013MEZ3,US58013MEZ32,MCDONALD'S CORP,McDonald's Corp,5806000.0,5687963.44,0.019098204578,DBT,CORP,2035-12-09,4.7,Fixed
81762PAK8,US81762PAK84,SERVICENOW INC,ServiceNow Inc,2862000.0,2941085.07,0.009875141593,DBT,CORP,2056-05-15,6.3,Fixed
023135CR5,US023135CR56,AMAZON.COM INC,Amazon.com Inc,16357000.0,16500773.12,0.055403861868,DBT,CORP,2032-12-01,4.7,Fixed
166756BL9,US166756BL90,CHEVRON USA INC,Chevron USA Inc,8355000.0,8354808.67,0.028052544091,DBT,CORP,2035-10-15,4.85,Fixed
58013MFJ8,US58013MFJ80,MCDONALD'S CORP,McDonald's Corp,8504000.0,8058350.43,0.027057140345,DBT,CORP,2029-09-01,2.63,Fixed
126650DY3,US126650DY37,CVS HEALTH CORP,CVS Health Corp,11038000.0,11189594.79,0.037570770751,DBT,CORP,2033-06-01,5.3,Fixed
718172DT3,US718172DT37,PHILIP MORRIS INTL INC,Philip Morris International Inc,6042000.0,5999048.03,0.020142718524,DBT,CORP,2030-04-30,4.38,Fixed
345397H48,US345397H485,FORD MOTOR CREDIT CO LLC,Ford Motor Credit Co LLC,10419000.0,10531358.5,0.035360642036,DBT,CORP,2030-09-05,5.73,Fixed
04010LBN2,US04010LBN29,ARES CAPITAL CORP,Ares Capital Corp,3503000.0,3480135.22,0.011685084669,DBT,CORP,2030-01-15,5.55,Fixed
60687YDB2,US60687YDB20,MIZUHO FINANCIAL GROUP,Mizuho Financial Group Inc,6829000.0,7106810.55,0.023862200102,DBT,CORP,2034-07-06,5.75,Fixed
314352AG0,US314352AG01,FEDEX FREIGHT HOLDING CO,Fedex Freight Holding Co Inc,7241000.0,7067420.2,0.023729940996,DBT,CORP,2036-03-15,5.25,Fixed
25389JAU0,US25389JAU07,DIGITAL REALTY TRUST LP,Digital Realty Trust LP,5598000.0,5437728.7,0.018258003281,DBT,,2029-07-01,3.6,Fixed
20030NCC3,US20030NCC39,COMCAST CORP,Comcast Corp,14232000.0,10556499.18,0.035445055703,DBT,CORP,2047-11-01,3.97,Fixed
723787AQ0,US723787AQ06,PIONEER NATURAL RESOURCE,Pioneer Natural Resources Co,7071000.0,6380433.41,0.021423278093,DBT,CORP,2030-08-15,1.9,Fixed
126650DJ6,US126650DJ69,CVS HEALTH CORP,CVS Health Corp,8494000.0,8223293.67,0.027610962424,DBT,CORP,2030-04-01,3.75,Fixed
171239AK2,US171239AK24,CHUBB INA HOLDINGS LLC,Chubb INA Holdings LLC,6142000.0,6163939.22,0.020696365838,DBT,CORP,2034-03-15,5.0,Fixed
79466LAK0,US79466LAK08,SALESFORCE INC,Salesforce Inc,12916000.0,8916741.42,0.029939318985,DBT,CORP,2041-07-15,2.7,Fixed
74762EAF9,US74762EAF97,QUANTA SERVICES INC,Quanta Services Inc,9765000.0,9098022.18,0.030547996779,DBT,CORP,2030-10-01,2.9,Fixed
13607PVQ4,US13607PVQ44,CANADIAN IMPERIAL BANK,Canadian Imperial Bank of Commerce,7986000.0,8130013.93,0.027297761473,DBT,CORP,2031-01-13,5.25,Fixed
46124HAG1,US46124HAG11,INTUIT INC,Intuit Inc,6803000.0,6871519.14,0.023072173315,DBT,CORP,2033-09-15,5.2,Fixed
651639AZ9,US651639AZ99,NEWMONT CORP,Newmont Corp,6068000.0,5472431.26,0.018374522418,DBT,CORP,2032-07-15,2.6,Fixed
37045XCY0,US37045XCY04,GENERAL MOTORS FINL CO,General Motors Financial Co Inc,9611000.0,9182803.04,0.030832661445,DBT,CORP,2030-06-21,3.6,Fixed
13607QFE7,US13607QFE70,CANADIAN IMPERIAL BANK,Canadian Imperial Bank of Commerce,4989000.0,4944031.15,0.016600338475,DBT,CORP,2031-09-08,4.58,Fixed
548661EJ2,US548661EJ29,LOWE'S COS INC,Lowe's Cos Inc,9389000.0,7336318.61,0.02463280841,DBT,CORP,2052-04-01,4.25,Fixed
532457CS5,US532457CS55,ELI LILLY & CO,Eli Lilly & Co,7036000.0,6509553.11,0.021856817175,DBT,CORP,2054-08-14,5.05,Fixed
037389BC6,US037389BC65,AON CORP,Aon Corp,3517000.0,3442488.84,0.011558681207,DBT,CORP,2029-05-02,3.75,Fixed
65339KCP3,US65339KCP30,NEXTERA ENERGY CAPITAL,NextEra Energy Capital Holdings Inc,11611000.0,11706375.08,0.039305939375,DBT,CORP,2033-02-28,5.05,Fixed
983024AG5,US983024AG50,WYETH LLC,Wyeth LLC,5052000.0,5557761.78,0.01866103265,DBT,CORP,2034-02-01,6.5,Fixed
61748UAW2,US61748UAW27,MORGAN STANLEY,Morgan Stanley,24163000.0,24030632.67,0.080686513497,DBT,CORP,2032-04-16,4.81,Fixed
929160BD0,US929160BD00,VULCAN MATERIALS CO,Vulcan Materials Co,4009000.0,3966711.46,0.01331883859,DBT,CORP,2054-12-01,5.7,Fixed
59156RBZ0,US59156RBZ01,METLIFE INC,MetLife Inc,9437000.0,9491584.55,0.031869442449,DBT,CORP,2030-03-23,4.55,Fixed
023135DJ2,US023135DJ22,AMAZON.COM INC,Amazon.com Inc,23856000.0,23986043.83,0.080536799667,DBT,CORP,2066-03-13,5.95,Fixed
91324PDT6,US91324PDT66,UNITEDHEALTH GROUP INC,UnitedHealth Group Inc,8694000.0,7142713.93,0.023982751175,DBT,CORP,2039-08-15,3.5,Fixed
91913YAL4,US91913YAL48,VALERO ENERGY CORP,Valero Energy Corp,10423000.0,11490826.97,0.038582203728,DBT,CORP,2037-06-15,6.63,Fixed
28622HAC5,US28622HAC51,ELEVANCE HEALTH INC,Elevance Health Inc,7332000.0,6537318.98,0.021950045317,DBT,CORP,2053-02-15,5.13,Fixed
92343VFT6,US92343VFT61,VERIZON COMMUNICATIONS,Verizon Communications Inc,23090000.0,16450036.41,0.055233505627,DBT,CORP,2040-11-20,2.65,Fixed
907818FX1,US907818FX12,UNION PACIFIC CORP,Union Pacific Corp,8712000.0,7943194.75,0.02667048759,DBT,CORP,2032-02-14,2.8,Fixed
00206RDR0,US00206RDR03,AT&T INC,AT&T Inc,6542000.0,6492308.93,0.021798917211,DBT,CORP,2037-03-01,5.25,Fixed
74340XCE9,US74340XCE94,PROLOGIS LP,Prologis LP,6418000.0,6371378.36,0.021392874382,DBT,,2033-06-15,4.75,Fixed
24703TAP1,US24703TAP12,DELL INT LLC / EMC CORP,Dell International LLC / EMC Corp,7618000.0,7788139.65,0.026149866448,DBT,CORP,2035-04-01,5.5,Fixed
808513CR4,US808513CR45,CHARLES SCHWAB CORP,Charles Schwab Corp/The,4175000.0,4228678.39,0.014198432503,DBT,CORP,2037-05-21,5.49,Fixed
45687VAB2,US45687VAB27,INGERSOLL RAND INC,Ingersoll Rand Inc,7879000.0,8185864.2,0.027485287271,DBT,CORP,2033-08-14,5.7,Fixed
16412XAJ4,US16412XAJ46,CHENIERE CORP CHRISTI HD,Cheniere Corpus Christi Holdings LLC,8027000.0,7787209.43,0.026146743092,DBT,CORP,2029-11-15,3.7,Fixed
58933YAZ8,US58933YAZ88,MERCK & CO INC,Merck & Co Inc,6690000.0,5946610.55,0.019966651689,DBT,CORP,2030-06-24,1.45,Fixed
87264ABY0,US87264ABY01,T-MOBILE USA INC,T-Mobile USA Inc,13115000.0,8648108.38,0.029037342591,DBT,CORP,2060-11-15,3.6,Fixed
38141GD43,US38141GD439,GOLDMAN SACHS GROUP INC,Goldman Sachs Group Inc/The,26168000.0,25385527.08,0.085235778079,DBT,CORP,2036-10-21,4.94,Fixed
11135FCG4,US11135FCG46,BROADCOM INC,Broadcom Inc,5303000.0,5411558.24,0.018170131971,DBT,CORP,2032-04-15,5.2,Fixed
79466LAJ3,US79466LAJ35,SALESFORCE INC,Salesforce Inc,14101000.0,12323528.06,0.041378124612,DBT,CORP,2031-07-15,1.95,Fixed
25160PAR8,US25160PAR82,DEUTSCHE BANK NY,Deutsche Bank AG/New York NY,8227000.0,8102212.86,0.027204415142,DBT,CORP,2032-02-06,4.73,Fixed
874060BL9,US874060BL90,TAKEDA PHARMACEUTICAL,Takeda Pharmaceutical Co Ltd,5319000.0,5264930.77,0.017677807882,DBT,CORP,2044-07-05,5.65,Fixed
03076CAP1,US03076CAP14,AMERIPRISE FINANCIAL INC,Ameriprise Financial Inc,6529000.0,6548171.1,0.021986482965,DBT,CORP,2035-04-15,5.2,Fixed
036752AN3,US036752AN31,ELEVANCE HEALTH INC,Elevance Health Inc,8376000.0,7659599.04,0.025718271749,DBT,CORP,2030-05-15,2.25,Fixed
00287YEF2,US00287YEF25,ABBVIE INC,AbbVie Inc,12880000.0,12632264.79,0.042414755261,DBT,CORP,2033-03-15,4.4,Fixed
172967MD0,US172967MD09,CITIGROUP INC,Citigroup Inc,500000.0,435798.3,0.001463259244,DBT,CORP,2048-07-23,4.65,Fixed
02209SBF9,US02209SBF92,ALTRIA GROUP INC,Altria Group Inc,19267000.0,18951949.87,0.063634061573,DBT,CORP,2049-02-14,5.95,Fixed
00108WAV2,US00108WAV28,AEP TEXAS INC,AEP Texas Inc,8808000.0,8675643.06,0.029129794478,DBT,CORP,2036-04-15,5.2,Fixed
767201AT3,US767201AT32,RIO TINTO FIN USA LTD,Rio Tinto Finance USA Ltd,9613000.0,5899980.67,0.019810084757,DBT,CORP,2051-11-02,2.75,Fixed
02079KAW7,US02079KAW71,ALPHABET INC,Alphabet Inc,13841000.0,13692115.13,0.045973364389,DBT,CORP,2030-11-15,4.1,Fixed
084659BC4,US084659BC45,BERKSHIRE HATHAWAY ENERG,Berkshire Hathaway Energy Co,9995000.0,6113244.85,0.020526151761,DBT,CORP,2051-05-15,2.85,Fixed
055451BE7,US055451BE76,BHP BILLITON FIN USA LTD,BHP Billiton Finance USA Ltd,6196000.0,6346948.81,0.021310848443,DBT,CORP,2033-09-08,5.25,Fixed
72650RBR2,US72650RBR21,PLAINS ALL AMER PIPELINE,Plains All American Pipeline LP / PAA Finance Corp,10247000.0,10196484.34,0.03423625098,DBT,CORP,2031-01-15,4.7,Fixed
377372AQ0,US377372AQ02,GLAXOSMITHKLINE CAP INC,GLAXOSMITHKLINE CAPITAL,7435000.0,7396532.8,0.024834986735,DBT,CORP,2035-04-15,4.88,Fixed
45866FAQ7,US45866FAQ72,INTERCONTINENTALEXCHANGE,Intercontinental Exchange Inc,13417000.0,7922880.72,0.026602280136,DBT,CORP,2060-09-15,3.0,Fixed
20825CAQ7,US20825CAQ78,CONOCOPHILLIPS,ConocoPhillips,12805000.0,14182565.74,0.047620127098,DBT,CORP,2039-02-01,6.5,Fixed
25179MAN3,US25179MAN39,DEVON ENERGY CORPORATION,Devon Energy Corp,7339000.0,6567743.02,0.02205219867,DBT,CORP,2042-05-15,4.75,Fixed
95000U2M4,US95000U2M49,WELLS FARGO & COMPANY,Wells Fargo & Co,40580000.0,36395706.92,0.122204135777,DBT,CORP,2051-04-04,5.01,Fixed
231021AX4,US231021AX49,CUMMINS INC,Cummins Inc,5780000.0,5660498.5,0.019005986854,DBT,CORP,2054-02-20,5.45,Fixed
75886FAE7,US75886FAE79,REGENERON PHARMACEUTICAL,Regeneron Pharmaceuticals Inc,9328000.0,8262394.47,0.027742249323,DBT,CORP,2030-09-15,1.75,Fixed
00206RJY9,US00206RJY99,AT&T INC,AT&T Inc,16141000.0,14715901.43,0.049410883003,DBT,CORP,2031-06-01,2.75,Fixed
61747YFU4,US61747YFU47,MORGAN STANLEY,Morgan Stanley,19336000.0,19267863.8,0.064694790765,DBT,CORP,2030-10-18,4.65,Fixed
406216BL4,US406216BL45,HALLIBURTON CO,Halliburton Co,13039000.0,12271910.41,0.041204810482,DBT,CORP,2030-03-01,2.92,Fixed
166764BY5,US166764BY53,CHEVRON CORP,Chevron Corp,6546000.0,6044654.3,0.02029584853,DBT,CORP,2030-05-11,2.24,Fixed
06738EAJ4,US06738EAJ47,BARCLAYS PLC,Barclays PLC,10413000.0,9763311.06,0.032781805641,DBT,CORP,2045-08-17,5.25,Fixed
03027XBZ2,US03027XBZ24,AMERICAN TOWER CORP,American Tower Corp,5558000.0,5762100.88,0.019347132337,DBT,,2033-03-15,5.65,Fixed
79466LAM6,US79466LAM63,SALESFORCE INC,Salesforce Inc,8136000.0,4657016.3,0.015636642351,DBT,CORP,2061-07-15,3.05,Fixed
58013MFH2,US58013MFH25,MCDONALD'S CORP,McDonald's Corp,8062000.0,6750235.2,0.022664943992,DBT,CORP,2048-09-01,4.45,Fixed
30303M8V7,US30303M8V78,META PLATFORMS INC,Meta Platforms Inc,23025000.0,20562996.62,0.069043396697,DBT,CORP,2054-08-15,5.4,Fixed
22822VAY7,US22822VAY74,CROWN CASTLE INC,Crown Castle Inc,7699000.0,6849516.21,0.022998295122,DBT,,2031-07-15,2.5,Fixed
797440BZ6,US797440BZ64,SAN DIEGO G & E,San Diego Gas & Electric Co,5448000.0,4834535.59,0.016232690436,DBT,CORP,2030-10-01,1.7,Fixed
458140CC2,US458140CC21,INTEL CORP,Intel Corp,7023000.0,5883117.24,0.019753463219,DBT,CORP,2062-08-05,5.05,Fixed
713448EP9,US713448EP96,PEPSICO INC,PepsiCo Inc,7172000.0,4668971.28,0.015676783019,DBT,CORP,2049-10-15,2.88,Fixed
303901BN1,US303901BN18,FAIRFAX FINL HLDGS LTD,Fairfax Financial Holdings Ltd,3953000.0,4141912.29,0.013907102092,DBT,CORP,2033-12-07,6.0,Fixed
87264ADU6,US87264ADU60,T-MOBILE USA INC,T-Mobile USA Inc,9424000.0,9273433.69,0.031136967672,DBT,CORP,2055-11-15,5.88,Fixed
24703DBF7,US24703DBF78,DELL INT LLC / EMC CORP,Dell International LLC / EMC Corp,8679000.0,6670540.54,0.022397357019,DBT,CORP,2041-12-15,3.38,Fixed
606822CK8,US606822CK87,MITSUBISHI UFJ FIN GRP,Mitsubishi UFJ Financial Group Inc,7992000.0,8059780.15,0.027061940848,DBT,CORP,2033-07-20,5.13,Fixed
83272YAC6,US83272YAC66,SMURFIT WESTROCK FIN,Smurfit Westrock Financing DAC,7512000.0,7423693.44,0.024926182725,DBT,CORP,2036-01-15,5.19,Fixed
20030NCJ8,US20030NCJ81,COMCAST CORP,Comcast Corp,9026000.0,7753676.99,0.026034152812,DBT,CORP,2038-03-01,3.9,Fixed
12505BAL4,US12505BAL45,CBRE SERVICES INC,CBRE Services Inc,7111000.0,7017690.17,0.023562964837,DBT,CORP,2033-01-15,4.9,Fixed
68902VAL1,US68902VAL18,OTIS WORLDWIDE CORP,Otis Worldwide Corp,4738000.0,3647747.35,0.012247867953,DBT,CORP,2040-02-15,3.11,Fixed
620076BU2,US620076BU23,MOTOROLA SOLUTIONS INC,Motorola Solutions Inc,6716000.0,6105790.28,0.020501121905,DBT,CORP,2031-05-24,2.75,Fixed
55336VBV1,US55336VBV18,MPLX LP,MPLX LP,6297000.0,6281593.76,0.021091408897,DBT,CORP,2033-03-01,5.0,Fixed
023135DE3,US023135DE35,AMAZON.COM INC,Amazon.com Inc,32078000.0,31730839.05,0.106541130582,DBT,CORP,2033-03-13,4.55,Fixed
92840VBA9,US92840VBA98,VISTRA OPERATIONS CO LLC,Vistra Operations Co LLC,5158000.0,5129096.12,0.017221722332,DBT,CORP,2031-04-30,5.0,Fixed
316773DG2,US316773DG20,FIFTH THIRD BANCORP,Fifth Third Bancorp,4162000.0,4160738.5,0.013970313963,DBT,CORP,2030-07-28,4.77,Fixed
61747YFR1,US61747YFR18,MORGAN STANLEY,Morgan Stanley,21402000.0,22282848.53,0.074818061736,DBT,CORP,2035-04-19,5.83,Fixed
46625HJM3,US46625HJM34,JPMORGAN CHASE & CO,JPMorgan Chase & Co,9536000.0,9590026.21,0.032199975333,DBT,CORP,2043-08-16,5.63,Fixed
46647PER3,US46647PER38,JPMORGAN CHASE & CO,JPMorgan Chase & Co,17467000.0,17243560.39,0.057897883391,DBT,CORP,2035-10-22,4.95,Fixed
61747YEY7,US61747YEY77,MORGAN STANLEY,Morgan Stanley,19815000.0,21205188.7,0.07119965453,DBT,CORP,2033-10-18,6.34,Fixed
902494BD4,US902494BD46,TYSON FOODS INC,Tyson Foods Inc,5131000.0,4381264.95,0.014710765146,DBT,CORP,2047-06-02,4.55,Fixed
512807AT5,US512807AT55,LAM RESEARCH CORP,Lam Research Corp,5939000.0,5406241.41,0.018152279904,DBT,CORP,2049-03-15,4.88,Fixed
512807AV0,US512807AV02,LAM RESEARCH CORP,Lam Research Corp,7037000.0,6379754.76,0.021420999422,DBT,CORP,2030-06-15,1.9,Fixed
03027XCR9,US03027XCR98,AMERICAN TOWER CORP,American Tower Corp,8407000.0,8291366.76,0.027839528204,DBT,,2032-12-15,4.7,Fixed
68389XAM7,US68389XAM74,ORACLE CORP,Oracle Corp,14745000.0,13231220.79,0.044425841363,DBT,CORP,2040-07-15,5.38,Fixed
037833EF3,US037833EF38,APPLE INC,Apple Inc,22185000.0,13602905.79,0.045673830427,DBT,CORP,2051-02-08,2.65,Fixed
161175BX1,US161175BX17,CHARTER COMM OPT LLC/CAP,Charter Communications Operating LLC / Charter Communications Operating Capital,7780000.0,6627393.0,0.022252482574,DBT,CORP,2032-02-01,2.3,Fixed
55261FAY0,US55261FAY07,M&T BANK CORPORATION,M&T Bank Corp,6438000.0,6501063.43,0.021828311779,DBT,CORP,2031-07-08,5.18,Fixed
29379VBZ5,US29379VBZ58,ENTERPRISE PRODUCTS OPER,Enterprise Products Operating LLC,7088000.0,5216057.07,0.017513706982,DBT,CORP,2060-01-31,3.95,Fixed
459200KV2,US459200KV23,IBM CORP,International Business Machines Corp,4641000.0,3961252.22,0.013300508359,DBT,CORP,2052-07-27,4.9,Fixed
88731EAJ9,US88731EAJ91,TIME WARNER CABLE ENTRMN,Time Warner Cable Enterprises LLC,7885000.0,8875240.09,0.029799971941,DBT,CORP,2033-07-15,8.38,Fixed
278865BX7,US278865BX71,ECOLAB INC,Ecolab Inc,7275000.0,7392390.86,0.02482107954,DBT,CORP,2036-06-15,5.35,Fixed
931142FV0,US931142FV03,WALMART INC,Walmart Inc,7660000.0,7609150.62,0.025548883486,DBT,CORP,2036-04-30,4.75,Fixed
05964HAV7,US05964HAV78,BANCO SANTANDER SA,Banco Santander SA,15029000.0,16325732.18,0.054816135221,DBT,CORP,2033-08-08,6.92,Fixed
053332BB7,US053332BB79,AUTOZONE INC,AutoZone Inc,5077000.0,5032588.43,0.016897683047,DBT,CORP,2032-08-01,4.75,Fixed
58933YAT2,US58933YAT29,MERCK & CO INC,Merck & Co Inc,12393000.0,9711447.27,0.032607665057,DBT,CORP,2045-02-10,3.7,Fixed
458140CM0,US458140CM03,INTEL CORP,Intel Corp,9108000.0,8575507.16,0.028793572924,DBT,CORP,2054-02-21,5.6,Fixed
404280EE5,US404280EE54,HSBC HOLDINGS PLC,HSBC Holdings PLC,10137000.0,10440210.85,0.035054599902,DBT,CORP,2035-03-04,5.72,Fixed
925650AC7,US925650AC72,VICI PROPERTIES LP,VICI Properties LP,6476000.0,6474882.24,0.021740404442,DBT,,2030-02-15,4.95,Fixed
191216CY4,US191216CY47,COCA-COLA CO/THE,Coca-Cola Co/The,8349000.0,4841874.81,0.016257332987,DBT,CORP,2060-06-01,2.75,Fixed
097023CY9,US097023CY98,BOEING CO,Boeing Co/The,26113000.0,26528120.97,0.089072211293,DBT,CORP,2030-05-01,5.15,Fixed
72650RBM3,US72650RBM34,PLAINS ALL AMER PIPELINE,Plains All American Pipeline LP / PAA Finance Corp,7120000.0,6874274.56,0.023081425057,DBT,CORP,2029-12-15,3.55,Fixed
17275RBY7,US17275RBY71,CISCO SYSTEMS INC,Cisco Systems Inc,9194000.0,9349589.14,0.031392671208,DBT,CORP,2032-02-24,4.95,Fixed
43849RAH8,US43849RAH84,HONEYWELL AEROSPACE INC,Honeywell Aerospace Inc,9265000.0,9234717.35,0.031006971657,DBT,CORP,2046-03-16,5.62,Fixed
744448DC2,US744448DC22,PUBLIC SERVICE COLORADO,Public Service Co of Colorado,7178000.0,7160986.7,0.024044104787,DBT,CORP,2035-09-15,5.15,Fixed
718172CS6,US718172CS62,PHILIP MORRIS INTL INC,Philip Morris International Inc,5848000.0,5189593.56,0.017424851712,DBT,CORP,2030-11-01,1.75,Fixed
12527GAL7,US12527GAL77,CF INDUSTRIES INC,CF Industries Inc,4959000.0,4948607.42,0.016615704,DBT,CORP,2035-11-26,5.3,Fixed
097023CX1,US097023CX16,BOEING CO,Boeing Co/The,24372000.0,24079999.07,0.080852268712,DBT,CORP,2060-05-01,5.93,Fixed
74340XBM2,US74340XBM20,PROLOGIS LP,Prologis LP,14769000.0,13593886.79,0.045643547759,DBT,,2030-04-15,2.25,Fixed
50077LBJ4,US50077LBJ44,KRAFT HEINZ FOODS CO,Kraft Heinz Foods Co,5528000.0,5027320.75,0.016879996008,DBT,CORP,2050-06-01,5.5,Fixed
639057AH1,US639057AH16,NATWEST GROUP PLC,NatWest Group PLC,4886000.0,5140477.54,0.017259937185,DBT,CORP,2034-03-02,6.02,Fixed
49177JAR3,US49177JAR32,KENVUE INC,Kenvue Inc,8130000.0,7355494.74,0.024697195191,DBT,CORP,2063-03-22,5.2,Fixed
92343VGL2,US92343VGL27,VERIZON COMMUNICATIONS,Verizon Communications Inc,7439000.0,5320715.74,0.017865114425,DBT,CORP,2041-09-03,2.85,Fixed
55336VBX7,US55336VBX73,MPLX LP,MPLX LP,9353000.0,9493819.7,0.031876947306,DBT,CORP,2034-06-01,5.5,Fixed
55261FAV6,US55261FAV67,M&T BANK CORPORATION,M&T Bank Corp,6036000.0,6026578.41,0.020235155973,DBT,CORP,2036-01-16,5.39,Fixed
09261HCC9,US09261HCC97,BLACKSTONE PRIVATE CRE,Blackstone Private Credit Fund,2808000.0,2772080.91,0.009307684355,DBT,CORP,2031-05-15,5.95,Fixed
097023CQ6,US097023CQ64,BOEING CO,Boeing Co/The,11051000.0,8067127.23,0.027086609789,DBT,CORP,2050-02-01,3.75,Fixed
43475RAR7,US43475RAR75,AMRIZE FINANCE US LLC,Amrize Finance US LLC,8792000.0,8871039.2,0.029785866813,DBT,CORP,2030-04-07,4.95,Fixed
37045VAY6,US37045VAY65,GENERAL MOTORS CO,General Motors Co,5521000.0,5639580.59,0.018935751781,DBT,CORP,2029-10-15,5.4,Fixed
37045XFM3,US37045XFM39,GENERAL MOTORS FINL CO,General Motors Financial Co Inc,5460000.0,5404259.41,0.018145625036,DBT,CORP,2031-01-08,4.6,Fixed
166764CA6,US166764CA68,CHEVRON CORP,Chevron Corp,7984000.0,5370844.78,0.018033430321,DBT,CORP,2050-05-11,3.08,Fixed
04316JAP4,US04316JAP49,ARTHUR J GALLAGHER & CO,Arthur J Gallagher & Co,9664000.0,9130495.98,0.030657032515,DBT,CORP,2055-02-15,5.55,Fixed
904764BH9,US904764BH90,UNILEVER CAPITAL CORP,Unilever Capital Corp,5253000.0,4913987.66,0.016499462877,DBT,CORP,2029-09-06,2.13,Fixed
79466LAT1,US79466LAT17,SALESFORCE INC,Salesforce Inc,19891000.0,19999441.75,0.067151175287,DBT,CORP,2033-03-15,5.2,Fixed
75513EAC5,US75513EAC57,RTX CORP,RTX Corp,8078000.0,5368145.23,0.01802436617,DBT,CORP,2050-07-01,3.13,Fixed
126650EK2,US126650EK24,CVS HEALTH CORP,CVS Health Corp,13044000.0,13194422.1,0.04430228415,DBT,CORP,2035-09-15,5.45,Fixed
17308CC53,US17308CC539,CITIGROUP INC,Citigroup Inc,15025000.0,14208780.4,0.047708146816,DBT,CORP,2030-11-05,2.98,Fixed
375558BS1,US375558BS17,GILEAD SCIENCES INC,Gilead Sciences Inc,7932000.0,5771198.67,0.019377679554,DBT,CORP,2040-10-01,2.6,Fixed
693475CD5,US693475CD50,PNC FINANCIAL SERVICES,PNC Financial Services Group Inc/The,10609000.0,10685539.69,0.035878328892,DBT,CORP,2031-05-13,4.9,Fixed
161175BV5,US161175BV50,CHARTER COMM OPT LLC/CAP,Charter Communications Operating LLC / Charter Communications Operating Capital,14496000.0,8918156.64,0.029944070802,DBT,CORP,2051-04-01,3.7,Fixed
66989HAY4,US66989HAY45,NOVARTIS CAPITAL CORP,Novartis Capital Corp,7880000.0,7756250.9,0.026042795107,DBT,CORP,2030-11-05,4.1,Fixed
13607PHS6,US13607PHS65,CANADIAN IMPERIAL BANK,Canadian Imperial Bank of Commerce,5002000.0,4997427.67,0.016779625434,DBT,CORP,2030-09-11,4.63,Fixed
29279FAA7,US29279FAA75,ENERGY TRANSFER LP,Energy Transfer LP,12508000.0,12527772.65,0.042063906967,DBT,CORP,2049-04-15,6.25,Fixed
06738EDE2,US06738EDE23,BARCLAYS PLC,Barclays PLC,8889000.0,8863542.79,0.029760696473,DBT,CORP,2046-08-11,5.86,Fixed
29273RAR0,US29273RAR03,ENERGY TRANSFER LP,Energy Transfer LP,7120000.0,7533970.33,0.025296454199,DBT,CORP,2042-02-01,6.5,Fixed
17325FBK3,US17325FBK30,CITIBANK NA,Citibank NA,5565000.0,5633910.28,0.018916712851,DBT,CORP,2029-08-06,4.84,Fixed
36264FAN1,US36264FAN15,HALEON US CAPITAL LLC,Haleon US Capital LLC,7345000.0,5697517.23,0.019130282884,DBT,CORP,2052-03-24,4.0,Fixed
575718AA9,US575718AA93,MASS INSTITUTE OF TECH,Massachusetts Institute of Technology,4066000.0,3971036.13,0.013333359329,DBT,CORP,2111-07-01,5.6,Fixed
46647PDY9,US46647PDY97,JPMORGAN CHASE & CO,JPMorgan Chase & Co,20650000.0,22136345.7,0.074326156145,DBT,CORP,2034-10-23,6.25,Fixed
210385AF7,US210385AF78,CONSTELLATION EN GEN LLC,Constellation Energy Generation LLC,6588000.0,6482541.93,0.021766123019,DBT,CORP,2054-03-15,5.75,Fixed
882508BG8,US882508BG82,TEXAS INSTRUMENTS INC,Texas Instruments Inc,5902000.0,5527790.18,0.018560398433,DBT,CORP,2029-09-04,2.25,Fixed
92840VBC5,US92840VBC54,VISTRA OPERATIONS CO LLC,Vistra Operations Co LLC,7609000.0,7562163.56,0.025391117268,DBT,CORP,2036-04-30,5.55,Fixed
744320BA9,US744320BA94,PRUDENTIAL FINANCIAL INC,Prudential Financial Inc,6591000.0,5006443.85,0.016809898633,DBT,CORP,2049-12-07,3.94,Fixed
68389XCP8,US68389XCP87,ORACLE CORP,Oracle Corp,12010000.0,11541044.33,0.038750816172,DBT,CORP,2033-02-06,4.9,Fixed
134429BQ1,US134429BQ17,CAMPBELLS COMPANY/THE,Campbell's Company/The,6497000.0,6005315.49,0.020163762477,DBT,CORP,2035-03-23,4.75,Fixed
377373AH8,US377373AH85,GLAXOSMITHKLINE CAPITAL,GlaxoSmithKline Capital PLC,4609000.0,4485266.79,0.015059967182,DBT,CORP,2029-06-01,3.38,Fixed
20030NBH3,US20030NBH35,COMCAST CORP,Comcast Corp,13974000.0,13458444.64,0.045188780087,DBT,CORP,2033-01-15,4.25,Fixed
459200KL4,US459200KL41,IBM CORP,International Business Machines Corp,6694000.0,4186090.89,0.014055438478,DBT,CORP,2050-05-15,2.95,Fixed
446150BE3,US446150BE30,HUNTINGTON BANCSHARES,Huntington Bancshares Inc/OH,5766000.0,5850386.56,0.01964356497,DBT,CORP,2031-01-15,5.27,Fixed
026874DP9,US026874DP97,AMERICAN INTL GROUP,American International Group Inc,8359000.0,6889015.52,0.023130920078,DBT,CORP,2050-06-30,4.38,Fixed
573284AX4,US573284AX46,MARTIN MARIETTA MATERIAL,Martin Marietta Materials Inc,7169000.0,4752727.26,0.015958006494,DBT,CORP,2051-07-15,3.2,Fixed
136375DR0,US136375DR05,CANADIAN NATL RAILWAY,Canadian National Railway Co,4804000.0,4657329.56,0.015637694169,DBT,CORP,2034-09-18,4.38,Fixed
718172CX5,US718172CX57,PHILIP MORRIS INTL INC,Philip Morris International Inc,10371000.0,10887231.04,0.036555538354,DBT,CORP,2032-11-17,5.75,Fixed
58013MFR0,US58013MFR07,MCDONALD'S CORP,McDonald's Corp,5711000.0,4559484.79,0.015309165434,DBT,CORP,2050-04-01,4.2,Fixed
94106BAD3,US94106BAD38,WASTE CONNECTIONS INC,Waste Connections Inc,5234000.0,3342270.67,0.01122218342,DBT,CORP,2052-01-15,2.95,Fixed
126408HU0,US126408HU08,CSX CORP,CSX Corp,7624000.0,7397680.8,0.02483884132,DBT,CORP,2032-11-15,4.1,Fixed
86562MBW9,US86562MBW91,SUMITOMO MITSUI FINL GRP,Sumitomo Mitsui Financial Group Inc,10399000.0,9724480.3,0.032651425443,DBT,CORP,2030-01-15,2.75,Fixed
097023CP8,US097023CP81,BOEING CO,Boeing Co/The,5458000.0,4749298.35,0.015946493406,DBT,CORP,2035-02-01,3.25,Fixed
03523TBT4,US03523TBT43,ANHEUSER-BUSCH INBEV WOR,Anheuser-Busch InBev Worldwide Inc,12153000.0,10292629.7,0.034559073687,DBT,CORP,2048-10-06,4.44,Fixed
30303MAC6,US30303MAC64,META PLATFORMS INC,Meta Platforms Inc,28750000.0,28365333.63,0.095240932946,DBT,CORP,2032-11-15,4.6,Fixed
097023DU6,US097023DU67,BOEING CO/THE,Boeing Co/The,10377000.0,11851131.72,0.039791981867,DBT,CORP,2064-05-01,7.01,Fixed
023135BF2,US023135BF28,AMAZON.COM INC,Amazon.com Inc,18658000.0,16804109.4,0.056422359682,DBT,CORP,2037-08-22,3.88,Fixed
00287YDA4,US00287YDA47,ABBVIE INC,AbbVie Inc,6009000.0,5509988.0,0.018500624899,DBT,CORP,2044-06-15,4.85,Fixed
666807CM2,US666807CM21,NORTHROP GRUMMAN CORP,Northrop Grumman Corp,8642000.0,8025842.68,0.026947990617,DBT,CORP,2054-06-01,5.2,Fixed
369550BJ6,US369550BJ68,GENERAL DYNAMICS CORP,General Dynamics Corp,3133000.0,2642824.29,0.008873685544,DBT,CORP,2050-04-01,4.25,Fixed
78016HZQ6,US78016HZQ63,ROYAL BANK OF CANADA,Royal Bank of Canada,6012000.0,6072739.24,0.020390147999,DBT,CORP,2033-05-02,5.0,Fixed
00914AAK8,US00914AAK88,SUMISHO AIR LEASE CORP,Sumisho Air Lease Corp,6982000.0,6458506.4,0.021685420062,DBT,CORP,2030-12-01,3.13,Fixed
12189LAU5,US12189LAU52,BURLINGTN NORTH SANTA FE,Burlington Northern Santa Fe LLC,6763000.0,5959554.25,0.020010112136,DBT,CORP,2044-09-01,4.55,Fixed
502431AS8,US502431AS85,L3HARRIS TECH INC,L3Harris Technologies Inc,4944000.0,5012688.48,0.01683086593,DBT,CORP,2029-06-01,5.05,Fixed
478160CU6,US478160CU63,JOHNSON & JOHNSON,Johnson & Johnson,2950000.0,3005712.23,0.010092137137,DBT,CORP,2029-06-01,4.8,Fixed
89236TPH2,US89236TPH22,TOYOTA MOTOR CREDIT CORP,Toyota Motor Credit Corp,5959000.0,5871699.46,0.019715126282,DBT,CORP,2031-01-10,4.2,Fixed
609207AW5,US609207AW50,MONDELEZ INTERNATIONAL,Mondelez International Inc,8355000.0,5039110.21,0.016919580918,DBT,CORP,2050-09-04,2.63,Fixed
808513BG9,US808513BG98,CHARLES SCHWAB CORP,Charles Schwab Corp/The,6416000.0,5612702.04,0.018845502951,DBT,CORP,2031-03-11,1.65,Fixed
548661DU8,US548661DU82,LOWE'S COS INC,Lowe's Cos Inc,12514000.0,12499608.9,0.041969342882,DBT,CORP,2030-04-15,4.5,Fixed
191216DP2,US191216DP21,COCA-COLA CO/THE,Coca-Cola Co/The,14689000.0,13142515.64,0.044128000295,DBT,CORP,2032-01-05,2.25,Fixed
459200LT6,US459200LT67,IBM CORP,International Business Machines Corp,7318000.0,7183375.88,0.024119279873,DBT,CORP,2036-02-03,4.95,Fixed
92857WBU3,US92857WBU36,VODAFONE GROUP PLC,Vodafone Group PLC,7005000.0,5436995.9,0.018255542793,DBT,CORP,2050-09-17,4.25,Fixed
75513ECS8,US75513ECS81,RTX CORP,RTX Corp,12194000.0,11603043.4,0.038958987503,DBT,CORP,2053-02-27,5.38,Fixed
822905AD7,US822905AD73,SHELL FINANCE US INC,Shell Finance US Inc,5126000.0,4546620.52,0.015265971686,DBT,CORP,2043-08-12,4.55,Fixed
828807DJ3,US828807DJ39,SIMON PROPERTY GROUP LP,Simon Property Group LP,4914000.0,3683284.28,0.012367188615,DBT,,2050-07-15,3.8,Fixed
00206RNN8,US00206RNN88,AT&T INC,AT&T Inc,19283000.0,19079182.55,0.064061264697,DBT,CORP,2036-10-30,5.25,Fixed
37045VAT7,US37045VAT70,GENERAL MOTORS CO,General Motors Co,6944000.0,6677655.24,0.022421245709,DBT,CORP,2049-04-01,5.95,Fixed
87612GAC5,US87612GAC50,TARGA RESOURCES CORP,Targa Resources Corp,6014000.0,6369143.54,0.021385370633,DBT,CORP,2033-03-15,6.13,Fixed
717081EU3,US717081EU35,PFIZER INC,Pfizer Inc,7299000.0,6359342.07,0.021352460703,DBT,CORP,2039-03-15,3.9,Fixed
00206RBK7,US00206RBK77,AT&T INC,AT&T Inc,8717000.0,7096986.52,0.023829214423,DBT,CORP,2045-06-15,4.35,Fixed
60687YCT4,US60687YCT47,MIZUHO FINANCIAL GROUP,Mizuho Financial Group Inc,6472000.0,6737194.08,0.022621156443,DBT,CORP,2034-05-27,5.75,Fixed
87612EBS4,US87612EBS46,TARGET CORP,Target Corp,6537000.0,6361178.23,0.02135862589,DBT,CORP,2034-09-15,4.5,Fixed
92556VAF3,US92556VAF31,VIATRIS INC,Viatris Inc,10275000.0,7019159.72,0.023567899075,DBT,CORP,2050-06-22,4.0,Fixed
037833EQ9,US037833EQ92,APPLE INC,Apple Inc,15317000.0,11964698.4,0.040173299313,DBT,CORP,2052-08-08,3.95,Fixed
458140CL2,US458140CL20,INTEL CORP,Intel Corp,6800000.0,6828509.68,0.022927762494,DBT,CORP,2034-02-21,5.15,Fixed
548661DQ7,US548661DQ70,LOWE'S COS INC,Lowe's Cos Inc,13045000.0,10188879.43,0.034210716336,DBT,CORP,2047-05-03,4.05,Fixed
775109CK5,US775109CK50,ROGERS COMMUNICATIONS IN,Rogers Communications Inc,12861000.0,10229418.19,0.034346831404,DBT,CORP,2052-03-15,4.55,Fixed
742718FW4,US742718FW49,PROCTER & GAMBLE CO/THE,Procter & Gamble Co/The,8036000.0,7260374.92,0.024377815891,DBT,CORP,2032-02-01,2.3,Fixed
404119DK2,US404119DK21,HCA INC,HCA Inc,10498000.0,10391008.58,0.034889395778,DBT,CORP,2033-05-15,5.0,Fixed
097023DQ5,US097023DQ55,BOEING CO/THE,Boeing Co/The,1939000.0,2028168.79,0.006809885977,DBT,CORP,2029-05-01,6.3,Fixed
04351LAE0,US04351LAE02,ASCENSION HEALTH,Ascension Health,3877000.0,3845854.12,0.012913041642,DBT,CORP,2035-11-15,4.92,Fixed
87938WAX1,US87938WAX11,TELEFONICA EMISIONES SAU,Telefonica Emisiones SA,8951000.0,8228645.35,0.027628931506,DBT,CORP,2049-03-01,5.52,Fixed
85771PAL6,US85771PAL67,EQUINOR ASA,Equinor ASA,1649000.0,1367355.75,0.004591105431,DBT,CORP,2043-05-15,3.95,Fixed
30161MAN3,US30161MAN39,CONSTELLATION EN GEN LLC,Constellation Energy Generation LLC,5785000.0,5717877.8,0.019198646603,DBT,CORP,2042-06-15,5.6,Fixed
053015AK9,US053015AK99,AUTOMATIC DATA PROCESSNG,Automatic Data Processing Inc,6441000.0,6416362.53,0.021543915592,DBT,CORP,2036-05-07,5.0,Fixed
64110LAZ9,US64110LAZ94,NETFLIX INC,Netflix Inc,9947000.0,9990318.19,0.033544016695,DBT,CORP,2034-08-15,4.9,Fixed
59023VAA8,US59023VAA89,BANK OF AMERICA CORP,Bank of America Corp,14567000.0,17392791.15,0.058398948423,DBT,CORP,2038-05-14,7.75,Fixed
049560AM7,US049560AM78,ATMOS ENERGY CORP,Atmos Energy Corp,5540000.0,4638377.19,0.015574058697,DBT,CORP,2044-10-15,4.13,Fixed
37045XER3,US37045XER35,GENERAL MOTORS FINL CO,General Motors Financial Co Inc,4987000.0,5158630.6,0.017320888852,DBT,CORP,2031-02-08,5.75,Fixed
701094AS3,US701094AS32,PARKER-HANNIFIN CORP,Parker-Hannifin Corp,6918000.0,6935653.35,0.023287513704,DBT,CORP,2029-09-15,4.5,Fixed
718172BD0,US718172BD03,PHILIP MORRIS INTL INC,Philip Morris International Inc,6040000.0,5498146.16,0.018460864116,DBT,CORP,2043-11-15,4.88,Fixed
26875PBB6,US26875PBB67,EOG RESOURCES INC,EOG Resources Inc,10638000.0,10528158.39,0.035349897179,DBT,CORP,2031-01-15,4.4,Fixed
86562MCS7,US86562MCS70,SUMITOMO MITSUI FINL GRP,Sumitomo Mitsui Financial Group Inc,9859000.0,10297881.27,0.034576706634,DBT,CORP,2033-01-13,5.77,Fixed
89236TLM5,US89236TLM52,TOYOTA MOTOR CREDIT CORP,Toyota Motor Credit Corp,7747000.0,7709976.31,0.025887421115,DBT,CORP,2034-01-05,4.8,Fixed
532457CN6,US532457CN68,ELI LILLY & CO,Eli Lilly & Co,11604000.0,10571409.94,0.035495120853,DBT,CORP,2064-02-09,5.1,Fixed
91324PET5,US91324PET57,UNITEDHEALTH GROUP INC,UnitedHealth Group Inc,9988000.0,10164575.85,0.03412911336,DBT,CORP,2063-02-15,6.05,Fixed
50076QAR7,US50076QAR74,KRAFT HEINZ FOODS CO,Kraft Heinz Foods Co,10578000.0,11594639.94,0.038930771605,DBT,CORP,2039-01-26,6.88,Fixed
375558BD4,US375558BD48,GILEAD SCIENCES INC,Gilead Sciences Inc,17566000.0,15771192.19,0.052954182645,DBT,CORP,2046-03-01,4.75,Fixed
38141GXH2,US38141GXH28,GOLDMAN SACHS GROUP INC,Goldman Sachs Group Inc/The,12786000.0,12402706.41,0.041643977996,DBT,CORP,2030-03-15,3.8,Fixed
438516CM6,US438516CM68,HONEYWELL INTERNATIONAL,Honeywell International Inc,8461000.0,8277360.76,0.027792500923,DBT,CORP,2034-01-15,4.5,Fixed
24703TAN6,US24703TAN63,DELL INT LLC / EMC CORP,Dell International LLC / EMC Corp,4979000.0,5084351.66,0.017071485985,DBT,CORP,2032-04-01,5.3,Fixed
02079KBN6,US02079KBN63,ALPHABET INC,Alphabet Inc,11373000.0,11258434.08,0.037801909164,DBT,CORP,2046-02-15,5.5,Fixed
26078JAE0,US26078JAE01,DUPONT DE NEMOURS INC,DuPont de Nemours Inc,6349000.0,6273257.7,0.021063419304,DBT,CORP,2038-11-15,5.32,Fixed
299808AH8,US299808AH86,EVEREST REINSURANCE HLDG,Everest Reinsurance Holdings Inc,7213000.0,4904971.28,0.016469189006,DBT,CORP,2050-10-15,3.5,Fixed
79466LAX2,US79466LAX29,SALESFORCE INC,Salesforce Inc,6849000.0,7070541.18,0.023740420162,DBT,CORP,2066-03-15,6.7,Fixed
03027XBK5,US03027XBK54,AMERICAN TOWER CORP,American Tower Corp,8384000.0,5283165.02,0.017739032157,DBT,,2051-01-15,2.95,Fixed
76720AAG1,US76720AAG13,RIO TINTO FIN USA PLC,Rio Tinto Finance USA PLC,7100000.0,6059985.61,0.020347325741,DBT,CORP,2042-08-21,4.13,Fixed
62954HAV0,US62954HAV06,NXP BV/NXP FDG/NXP USA,NXP BV / NXP Funding LLC / NXP USA Inc,4713000.0,4673864.66,0.015693213289,DBT,CORP,2029-06-18,4.3,Fixed
36828AAC5,US36828AAC53,GE VERNOVA INC,GE Vernova Inc,8506000.0,8230279.71,0.027634419119,DBT,CORP,2056-02-04,5.5,Fixed
87612EBT2,US87612EBT29,TARGET CORP,Target Corp,6989000.0,7008972.47,0.02353369383,DBT,CORP,2035-04-15,5.0,Fixed
49456BAX9,US49456BAX91,KINDER MORGAN INC,Kinder Morgan Inc,11928000.0,12142269.82,0.040769522432,DBT,CORP,2033-06-01,5.2,Fixed
86562MDM9,US86562MDM91,SUMITOMO MITSUI FINL GRP,Sumitomo Mitsui Financial Group Inc,2143000.0,2185007.94,0.007336497339,DBT,CORP,2029-07-09,5.32,Fixed
060505GR9,US060505GR98,BANK OF AMERICA CORP,Bank of America Corp,39290000.0,38705525.89,0.129959705182,DBT,CORP,2037-02-06,5.05,Fixed
172967KR1,US172967KR13,CITIGROUP INC,Citigroup Inc,17333000.0,14762074.11,0.049565914817,DBT,CORP,2046-05-18,4.75,Fixed
341081GQ4,US341081GQ46,FLORIDA POWER & LIGHT CO,Florida Power & Light Co,7961000.0,7971667.74,0.026766089995,DBT,CORP,2033-05-15,4.8,Fixed
03831WAD0,US03831WAD02,APPLOVIN CORP,AppLovin Corp,4780000.0,4824562.51,0.0161992043,DBT,CORP,2034-12-01,5.5,Fixed
165167DH7,US165167DH73,EXPAND ENERGY CORP,Expand Energy Corp,5632000.0,5747706.06,0.019298799534,DBT,CORP,2035-01-15,5.7,Fixed
68389XBJ3,US68389XBJ37,ORACLE CORP,Oracle Corp,21398000.0,14870413.85,0.049929682014,DBT,CORP,2046-07-15,4.0,Fixed
962166BX1,US962166BX19,WEYERHAEUSER CO,Weyerhaeuser Co,7850000.0,7690743.13,0.02582284278,DBT,CORP,2029-11-15,4.0,Fixed
37045VAL4,US37045VAL45,GENERAL MOTORS CO,General Motors Co,5955000.0,6280768.28,0.021088637222,DBT,CORP,2046-04-01,6.75,Fixed
36267VAM5,US36267VAM54,GE HEALTHCARE TECH INC,GE HealthCare Technologies Inc,7316000.0,7782696.42,0.026131589973,DBT,CORP,2052-11-22,6.38,Fixed
96949LAC9,US96949LAC90,WILLIAMS COMPANIES INC,Williams Cos Inc/The,8184000.0,7515525.97,0.025234524448,DBT,CORP,2045-09-15,5.1,Fixed
26884ABB8,US26884ABB89,ERP OPERATING LP,ERP Operating LP,5930000.0,5216936.48,0.017516659735,DBT,CORP,2044-07-01,4.5,Fixed
06051GKD0,US06051GKD06,BANK OF AMERICA CORP,Bank of America Corp,23043000.0,20550364.95,0.069000983939,DBT,CORP,2032-10-20,2.57,Fixed
674599EM3,US674599EM33,OCCIDENTAL PETROLEUM COR,Occidental Petroleum Corp,6386000.0,6465613.62,0.021709283637,DBT,CORP,2054-10-01,6.05,Fixed
913903AW0,US913903AW04,UNIVERSAL HEALTH SVCS,Universal Health Services Inc,3881000.0,3505359.95,0.011769780546,DBT,CORP,2030-10-15,2.65,Fixed
86562MCB4,US86562MCB46,SUMITOMO MITSUI FINL GRP,Sumitomo Mitsui Financial Group Inc,13583000.0,12275503.14,0.04121687362,DBT,CORP,2030-07-08,2.13,Fixed
11133TAD5,US11133TAD54,BROADRIDGE FINANCIAL SOL,Broadridge Financial Solutions Inc,435000.0,407886.15,0.001369539945,DBT,CORP,2029-12-01,2.9,Fixed
87612GAP6,US87612GAP63,TARGA RESOURCES CORP,Targa Resources Corp,6563000.0,6606523.19,0.022182409005,DBT,CORP,2030-09-15,4.9,Fixed
96949LAE5,US96949LAE56,WILLIAMS COMPANIES INC,Williams Cos Inc/The,5811000.0,5049535.86,0.016954586627,DBT,CORP,2048-03-01,4.85,Fixed
037833DQ0,US037833DQ02,APPLE INC,Apple Inc,11596000.0,7692073.25,0.025827308861,DBT,CORP,2049-09-11,2.95,Fixed
87612EBR6,US87612EBR62,TARGET CORP,Target Corp,6924000.0,6112205.31,0.020522661347,DBT,CORP,2053-01-15,4.8,Fixed
89153VAW9,US89153VAW90,TOTALENERGIES CAP INTL,TotalEnergies Capital International SA,5484000.0,3592876.05,0.012063629197,DBT,CORP,2060-06-29,3.39,Fixed
03740MAF7,US03740MAF77,AON NORTH AMERICA INC,Aon North America Inc,13341000.0,13077221.75,0.043908766103,DBT,CORP,2054-03-01,5.75,Fixed
38141GF33,US38141GF335,GOLDMAN SACHS GROUP INC,Goldman Sachs Group Inc/The,22075000.0,22139017.5,0.074335127121,DBT,CORP,2032-06-03,4.97,Fixed
87264ABX2,US87264ABX28,T-MOBILE USA INC,T-Mobile USA Inc,5746000.0,5056720.18,0.016978709077,DBT,CORP,2031-11-15,2.25,Fixed
29250NCK9,US29250NCK90,ENBRIDGE INC,Enbridge Inc,7994000.0,8183400.24,0.02747701415,DBT,CORP,2035-06-20,5.55,Fixed
172967MS7,US172967MS77,CITIGROUP INC,Citigroup Inc,25172000.0,23154371.06,0.077744331524,DBT,CORP,2031-06-03,2.57,Fixed
911312BY1,US911312BY18,UNITED PARCEL SERVICE,United Parcel Service Inc,5851000.0,5873281.78,0.019720439162,DBT,CORP,2030-04-01,4.45,Fixed
404280ES4,US404280ES41,HSBC HOLDINGS PLC,HSBC Holdings PLC,15616000.0,15748657.92,0.052878520398,DBT,CORP,2036-03-03,5.45,Fixed
110122DK1,US110122DK11,BRISTOL-MYERS SQUIBB CO,Bristol-Myers Squibb Co,11056000.0,9217278.85,0.030948419234,DBT,CORP,2047-11-15,4.35,Fixed
26441CCJ2,US26441CCJ27,DUKE ENERGY CORP,Duke Energy Corp,8071000.0,7921341.06,0.026597110493,DBT,CORP,2035-09-15,4.95,Fixed
91159HJJ0,US91159HJJ05,US BANCORP,US Bancorp,9909000.0,10362936.24,0.034795138616,DBT,CORP,2033-10-21,5.85,Fixed
58933YBT1,US58933YBT10,MERCK & CO INC,Merck & Co Inc,9716000.0,9745389.93,0.032721632714,DBT,CORP,2055-09-15,5.7,Fixed
47233JBH0,US47233JBH05,JEFFERIES FIN GROUP INC,Jefferies Financial Group Inc,7058000.0,6841709.0,0.022972081224,DBT,CORP,2030-01-23,4.15,Fixed
72650RBN1,US72650RBN17,PLAINS ALL AMER PIPELINE,Plains All American Pipeline LP / PAA Finance Corp,6252000.0,6017435.59,0.020204457561,DBT,CORP,2030-09-15,3.8,Fixed
842400GT4,US842400GT44,SOUTHERN CAL EDISON,Southern California Edison Co,9871000.0,6822402.85,0.022907257881,DBT,CORP,2050-02-01,3.65,Fixed
713448FG8,US713448FG88,PEPSICO INC,PepsiCo Inc,7513000.0,4660560.33,0.015648541972,DBT,CORP,2051-10-21,2.75,Fixed
038222AP0,US038222AP03,APPLIED MATERIALS INC,Applied Materials Inc,7060000.0,4495732.46,0.015095107265,DBT,CORP,2050-06-01,2.75,Fixed
53944YAX1,US53944YAX13,LLOYDS BANKING GROUP PLC,Lloyds Banking Group PLC,15637000.0,16080743.66,0.053993548908,DBT,CORP,2035-01-05,5.68,Fixed
172967PA3,US172967PA33,CITIGROUP INC,Citigroup Inc,17115000.0,18301581.24,0.061450349727,DBT,CORP,2033-11-17,6.27,Fixed
68389XDP7,US68389XDP78,ORACLE CORP,Oracle Corp,19172000.0,17127494.09,0.05750817309,DBT,CORP,2045-09-26,5.88,Fixed
49177JAH5,US49177JAH59,KENVUE INC,Kenvue Inc,7458000.0,7579348.37,0.025448817888,DBT,CORP,2030-03-22,5.0,Fixed
46647PAL0,US46647PAL04,JPMORGAN CHASE & CO,JPMorgan Chase & Co,31274000.0,24786752.87,0.083225302365,DBT,CORP,2048-11-15,3.96,Fixed
404280FM6,US404280FM61,HSBC HOLDINGS PLC,HSBC Holdings PLC,23101000.0,22837126.52,0.076679134606,DBT,CORP,2037-03-10,5.28,Fixed
29250NBE4,US29250NBE40,ENBRIDGE INC,Enbridge Inc,6474000.0,4420536.54,0.014842625497,DBT,CORP,2051-08-01,3.4,Fixed
863667BL4,US863667BL41,STRYKER CORP,Stryker Corp,5974000.0,6038336.99,0.020274637198,DBT,CORP,2030-02-10,4.85,Fixed
337738BE7,US337738BE73,FISERV INC,Fiserv Inc,6320000.0,6406188.37,0.021509754298,DBT,CORP,2033-03-02,5.6,Fixed
761713BA3,US761713BA36,REYNOLDS AMERICAN INC,Reynolds American Inc,7058000.0,7278227.25,0.024437757811,DBT,CORP,2035-08-15,5.7,Fixed
12189LBJ9,US12189LBJ98,BURLINGTN NORTH SANTA FE,Burlington Northern Santa Fe LLC,5922000.0,4912649.58,0.016494970069,DBT,CORP,2053-01-15,4.45,Fixed
05526DBY0,US05526DBY04,BAT CAPITAL CORP,BAT Capital Corp,6060000.0,6328666.46,0.021249462665,DBT,CORP,2031-02-20,5.83,Fixed
89153VAV1,US89153VAV18,TOTALENERGIES CAP INTL,TotalEnergies Capital International SA,19161000.0,12846323.83,0.043133491129,DBT,CORP,2050-05-29,3.13,Fixed
149123CJ8,US149123CJ87,CATERPILLAR INC,Caterpillar Inc,5908000.0,4156823.9,0.013957170096,DBT,CORP,2050-04-09,3.25,Fixed
25179MAL7,US25179MAL72,DEVON ENERGY CORPORATION,Devon Energy Corp,9090000.0,8985413.19,0.030169894924,DBT,CORP,2041-07-15,5.6,Fixed
30231GAY8,US30231GAY89,EXXON MOBIL CORPORATION,Exxon Mobil Corp,11826000.0,9409924.55,0.031595256547,DBT,CORP,2039-08-16,3.0,Fixed
87612BBU5,US87612BBU52,TARGA RESOURCES PARTNERS,Targa Resources Partners LP / Targa Resources Partners Finance Corp,7913000.0,7536050.0,0.025303437008,DBT,CORP,2032-01-15,4.0,Fixed
031162CY4,US031162CY49,AMGEN INC,Amgen Inc,6794000.0,4042644.69,0.013573795988,DBT,CORP,2053-09-01,2.77,Fixed
373334LA7,US373334LA78,GEORGIA POWER CO,Georgia Power Co,8550000.0,8640065.7,0.029010338066,DBT,CORP,2031-03-15,4.85,Fixed
91913YBD1,US91913YBD13,VALERO ENERGY CORP,Valero Energy Corp,6180000.0,4319365.77,0.01450292921,DBT,CORP,2051-12-01,3.65,Fixed
17327CAQ6,US17327CAQ69,CITIGROUP INC,Citigroup Inc,18455000.0,16727994.02,0.056166790687,DBT,CORP,2033-01-25,3.06,Fixed
65535HAS8,US65535HAS85,NOMURA HOLDINGS INC,Nomura Holdings Inc,8831000.0,8113416.78,0.027242034012,DBT,CORP,2030-07-16,2.68,Fixed
911312CK0,US911312CK05,UNITED PARCEL SERVICE,United Parcel Service Inc,8862000.0,9087345.59,0.0305121485,DBT,CORP,2055-05-14,5.95,Fixed
55336VCD0,US55336VCD01,MPLX LP,MPLX LP,8862000.0,8898159.62,0.029876927758,DBT,CORP,2055-09-15,6.2,Fixed
29379VBQ5,US29379VBQ59,ENTERPRISE PRODUCTS OPER,Enterprise Products Operating LLC,10020000.0,8219617.42,0.027598618854,DBT,CORP,2048-02-15,4.25,Fixed
931142FP3,US931142FP35,WALMART INC,Walmart Inc,8710000.0,8815938.86,0.029600859019,DBT,CORP,2035-04-28,4.9,Fixed
86562MDN7,US86562MDN74,SUMITOMO MITSUI FINL GRP,Sumitomo Mitsui Financial Group Inc,6349000.0,6513420.05,0.021869801015,DBT,CORP,2031-07-09,5.42,Fixed
337738AV0,US337738AV08,FISERV INC,Fiserv Inc,13227000.0,10149010.97,0.034076851902,DBT,CORP,2049-07-01,4.4,Fixed
743315BD4,US743315BD41,PROGRESSIVE CORP,Progressive Corp/The,7333000.0,7333195.06,0.024622320615,DBT,CORP,2036-03-26,5.15,Fixed
375558BA0,US375558BA09,GILEAD SCIENCES INC,Gilead Sciences Inc,12731000.0,11111648.63,0.037309054633,DBT,CORP,2045-02-01,4.5,Fixed
639057AN8,US639057AN83,NATWEST GROUP PLC,NatWest Group PLC,9068000.0,9399633.08,0.031560701367,DBT,CORP,2035-03-01,5.78,Fixed
91324PDF6,US91324PDF62,UNITEDHEALTH GROUP INC,UnitedHealth Group Inc,10589000.0,7990663.77,0.026829872062,DBT,CORP,2047-10-15,3.75,Fixed
90261AAH5,US90261AAH59,UBS AG STAMFORD CT,UBS AG/Stamford CT,5293000.0,5270484.11,0.017696454068,DBT,CORP,2032-02-16,4.63,Fixed
594918BZ6,US594918BZ68,MICROSOFT CORP,Microsoft Corp,9340000.0,8871190.84,0.029786375967,DBT,CORP,2037-02-06,4.1,Fixed
031162DT4,US031162DT45,AMGEN INC,Amgen Inc,30682000.0,29830408.82,0.100160146298,DBT,CORP,2053-03-02,5.65,Fixed
606822DG6,US606822DG66,MITSUBISHI UFJ FIN GRP,Mitsubishi UFJ Financial Group Inc,8579000.0,8708131.11,0.029238878059,DBT,CORP,2031-01-16,5.2,Fixed
345397G31,US345397G313,FORD MOTOR CREDIT CO LLC,Ford Motor Credit Co LLC,9660000.0,9843977.6,0.033052655849,DBT,CORP,2031-11-05,6.05,Fixed
06050TJZ6,US06050TJZ66,BANK OF AMERICA NA,Bank of America NA,6247000.0,6618812.69,0.022223672875,DBT,CORP,2036-10-15,6.0,Fixed
10112RBE3,US10112RBE36,BOSTON PROPERTIES LP,Boston Properties LP,7527000.0,6560211.04,0.022026908899,DBT,,2032-04-01,2.55,Fixed
718172CJ6,US718172CJ63,PHILIP MORRIS INTL INC,Philip Morris International Inc,6803000.0,6583238.61,0.022104227477,DBT,CORP,2029-08-15,3.38,Fixed
25278XAR0,US25278XAR08,DIAMONDBACK ENERGY INC,Diamondback Energy Inc,8212000.0,7694548.74,0.025835620696,DBT,CORP,2031-03-24,3.13,Fixed
91324PED0,US91324PED06,UNITEDHEALTH GROUP INC,UnitedHealth Group Inc,13534000.0,12136345.17,0.040749629517,DBT,CORP,2031-05-15,2.3,Fixed
29379VBV4,US29379VBV45,ENTERPRISE PRODUCTS OPER,Enterprise Products Operating LLC,5032000.0,4840979.74,0.016254327653,DBT,CORP,2029-07-31,3.13,Fixed
907818FU7,US907818FU72,UNION PACIFIC CORP,Union Pacific Corp,8685000.0,7867545.22,0.026416482757,DBT,CORP,2031-05-20,2.38,Fixed
04351LAB6,US04351LAB62,ASCENSION HEALTH,Ascension Health,3668000.0,2930955.38,0.009841129614,DBT,CORP,2046-11-15,3.95,Fixed
907818FL7,US907818FL73,UNION PACIFIC CORP,Union Pacific Corp,6798000.0,4602553.95,0.015453776706,DBT,CORP,2070-02-05,3.75,Fixed
96950FAF1,US96950FAF18,WILLIAMS COMPANIES INC,Williams Cos Inc/The,9196000.0,9761876.78,0.032776989827,DBT,CORP,2040-04-15,6.3,Fixed
02079KBM8,US02079KBM80,ALPHABET INC,Alphabet Inc,33051000.0,32670675.53,0.109696774875,DBT,CORP,2036-02-15,4.8,Fixed
674599EL5,US674599EL59,OCCIDENTAL PETROLEUM COR,Occidental Petroleum Corp,9741000.0,10033696.59,0.033689666287,DBT,CORP,2034-10-01,5.55,Fixed
404280CT4,US404280CT42,HSBC HOLDINGS PLC,HSBC Holdings PLC,22440000.0,20293447.94,0.068138345901,DBT,CORP,2032-05-24,2.8,Fixed
842400GY3,US842400GY39,SOUTHERN CAL EDISON,Southern California Edison Co,4750000.0,2852014.95,0.009576075083,DBT,CORP,2051-02-01,2.95,Fixed
907818EM6,US907818EM65,UNION PACIFIC CORP,Union Pacific Corp,7651000.0,5729735.97,0.019238462217,DBT,CORP,2051-10-01,3.8,Fixed
913017CA5,US913017CA50,RTX CORP,RTX Corp,7694000.0,6340888.53,0.021290500128,DBT,CORP,2045-05-15,4.15,Fixed
91324PFL1,US91324PFL13,UNITEDHEALTH GROUP INC,UnitedHealth Group Inc,20787000.0,20150150.76,0.067657203769,DBT,CORP,2054-07-15,5.63,Fixed
694308HY6,US694308HY69,PACIFIC GAS & ELECTRIC,Pacific Gas and Electric Co,5740000.0,4220196.09,0.014169951888,DBT,CORP,2047-12-01,3.95,Fixed
06051GJN0,US06051GJN07,BANK OF AMERICA CORP,Bank of America Corp,6032000.0,4282484.75,0.014379095562,DBT,CORP,2052-03-13,3.48,Fixed
91324PDY5,US91324PDY51,UNITEDHEALTH GROUP INC,UnitedHealth Group Inc,6028000.0,4447864.08,0.01493438188,DBT,CORP,2040-05-15,2.75,Fixed
437076BA9,US437076BA91,HOME DEPOT INC,Home Depot Inc/The,6223000.0,5303839.25,0.017808449037,DBT,CORP,2043-04-01,4.2,Fixed
79466LAW4,US79466LAW46,SALESFORCE INC,Salesforce Inc,27262000.0,27748659.41,0.093170355219,DBT,CORP,2056-03-15,6.55,Fixed
88339WAC0,US88339WAC01,WILLIAMS COMPANIES INC,Williams Cos Inc/The,8862000.0,8877543.06,0.029807704514,DBT,CORP,2034-03-15,5.15,Fixed
65473PAU9,US65473PAU93,NISOURCE INC,NiSource Inc,10589000.0,10472272.16,0.03516225064,DBT,CORP,2055-04-01,5.85,Fixed
704326AA5,US704326AA51,PAYCHEX INC,Paychex Inc,10932000.0,11058614.42,0.037130984186,DBT,CORP,2030-04-15,5.1,Fixed
56585ABL5,US56585ABL52,MARATHON PETROLEUM CORP,Marathon Petroleum Corp,7238000.0,7452228.15,0.025021992365,DBT,CORP,2035-03-01,5.7,Fixed
06051GNA3,US06051GNA30,BANK OF AMERICA CORP,Bank of America Corp,31570000.0,31369514.72,0.105327929048,DBT,CORP,2032-04-23,4.7,Fixed
002824BH2,US002824BH26,ABBOTT LABORATORIES,Abbott Laboratories,21412000.0,19599178.71,0.065807231096,DBT,CORP,2046-11-30,4.9,Fixed
49456BAJ0,US49456BAJ08,KINDER MORGAN INC,Kinder Morgan Inc,6560000.0,5940436.21,0.019945920401,DBT,CORP,2046-02-15,5.05,Fixed
575718AK7,US575718AK75,MASS INSTITUTE OF TECH,Massachusetts Institute of Technology,4037000.0,4118887.72,0.013829793587,DBT,CORP,2055-06-01,5.62,Fixed
458140BM1,US458140BM12,INTEL CORP,Intel Corp,17002000.0,14133652.09,0.04745589206,DBT,CORP,2050-03-25,4.75,Fixed
020002BK6,US020002BK68,ALLSTATE CORP,Allstate Corp/The,7236000.0,7371162.69,0.024749802722,DBT,CORP,2033-03-30,5.25,Fixed
037833AL4,US037833AL42,APPLE INC,Apple Inc,23005000.0,19156219.79,0.064319928978,DBT,CORP,2043-05-04,3.85,Fixed
084664CX7,US084664CX75,BERKSHIRE HATHAWAY FIN,Berkshire Hathaway Finance Corp,8280000.0,4895353.76,0.016436896716,DBT,CORP,2051-01-15,2.5,Fixed
404119CZ0,US404119CZ09,HCA INC,HCA Inc,7377000.0,7500753.6,0.025184923963,DBT,CORP,2030-03-01,5.25,Fixed
548661EH6,US548661EH62,LOWE'S COS INC,Lowe's Cos Inc,12089000.0,11458114.98,0.038472368234,DBT,CORP,2032-04-01,3.75,Fixed
539830CA5,US539830CA58,LOCKHEED MARTIN CORP,Lockheed Martin Corp,6587000.0,6565752.31,0.022045514558,DBT,CORP,2034-02-15,4.75,Fixed
91159HJA9,US91159HJA95,US BANCORP,US Bancorp,11796000.0,10384050.65,0.034866033467,DBT,CORP,2030-07-22,1.38,Fixed
30303M8Q8,US30303M8Q83,META PLATFORMS INC,Meta Platforms Inc,20719000.0,19144786.96,0.064281541508,DBT,CORP,2053-05-15,5.6,Fixed
89236TKD6,US89236TKD62,TOYOTA MOTOR CREDIT CORP,Toyota Motor Credit Corp,3968000.0,3970972.03,0.013333144103,DBT,CORP,2029-06-29,4.45,Fixed
29250NAM7,US29250NAM74,ENBRIDGE INC,Enbridge Inc,5842000.0,5631383.05,0.01890822729,DBT,CORP,2046-12-01,5.5,Fixed
718172AM1,US718172AM11,PHILIP MORRIS INTL INC,Philip Morris International Inc,5041000.0,4414660.29,0.014822895092,DBT,CORP,2041-11-15,4.38,Fixed
06738ECL7,US06738ECL74,BARCLAYS PLC,Barclays PLC,11121000.0,12036785.44,0.040415342542,DBT,CORP,2034-09-13,6.69,Fixed
40434LAJ4,US40434LAJ44,HP INC,HP Inc,9912000.0,8905689.16,0.029902209337,DBT,CORP,2031-06-17,2.65,Fixed
110122DL9,US110122DL93,BRISTOL-MYERS SQUIBB CO,Bristol-Myers Squibb Co,8462000.0,7240324.98,0.02431049516,DBT,CORP,2048-02-20,4.55,Fixed
94973VAY3,US94973VAY39,ELEVANCE HEALTH INC,Elevance Health Inc,9482000.0,8411846.31,0.028244056664,DBT,CORP,2042-05-15,4.63,Fixed
68389XDM4,US68389XDM48,ORACLE CORP,Oracle Corp,30340000.0,28852220.45,0.096875729687,DBT,CORP,2035-09-26,5.2,Fixed
9612EVAB5,US9612EVAB54,WESTPAC BANKING CORP NY,Westpac Banking Corp/NY,6112000.0,6083212.48,0.020425313499,DBT,CORP,2031-06-12,4.45,Fixed
16411QAG6,US16411QAG64,CHENIERE ENERGY PARTNERS,Cheniere Energy Partners LP,6762000.0,6730837.32,0.022599812652,DBT,CORP,2029-10-01,4.5,Fixed
369604CA9,US369604CA96,GENERAL ELECTRIC CO,General Electric Co,8436000.0,8419440.98,0.028269556927,DBT,CORP,2036-01-29,4.9,Fixed
406216AY7,US406216AY74,HALLIBURTON CO,Halliburton Co,7449000.0,8760247.47,0.029413866685,DBT,CORP,2039-09-15,7.45,Fixed
797440CA0,US797440CA05,SAN DIEGO G & E,San Diego Gas & Electric Co,4791000.0,3048062.47,0.010234334526,DBT,CORP,2051-08-15,2.95,Fixed
961214EY5,US961214EY50,WESTPAC BANKING CORP,Westpac Banking Corp,9095000.0,6710920.37,0.022532938455,DBT,CORP,2041-11-18,3.13,Fixed
30161NBV2,US30161NBV29,EXELON CORP,Exelon Corp,6119000.0,5953855.53,0.019990977814,DBT,CORP,2036-03-15,4.95,Fixed
92556VAE6,US92556VAE65,VIATRIS INC,Viatris Inc,7843000.0,6121870.9,0.020555115039,DBT,CORP,2040-06-22,3.85,Fixed
539830BS7,US539830BS75,LOCKHEED MARTIN CORP,Lockheed Martin Corp,7314000.0,5796655.85,0.019463155918,DBT,CORP,2053-06-15,4.15,Fixed
91159HJU5,US91159HJU59,US BANCORP,US Bancorp,9893000.0,10077555.89,0.033836930575,DBT,CORP,2036-02-12,5.42,Fixed
032095AZ4,US032095AZ40,AMPHENOL CORP,Amphenol Corp,8257000.0,8054918.18,0.027045616042,DBT,CORP,2033-02-15,4.4,Fixed
68389XDT9,US68389XDT90,ORACLE CORP,Oracle Corp,17415000.0,14997820.64,0.050357469739,DBT,CORP,2065-09-26,6.1,Fixed
68902VAM9,US68902VAM90,OTIS WORLDWIDE CORP,Otis Worldwide Corp,3568000.0,2476455.68,0.008315077567,DBT,CORP,2050-02-15,3.36,Fixed
548661EV5,US548661EV56,LOWE'S COS INC,Lowe's Cos Inc,6679000.0,6557565.09,0.022018024719,DBT,CORP,2031-03-15,4.25,Fixed
25278XAY5,US25278XAY58,DIAMONDBACK ENERGY INC,Diamondback Energy Inc,9032000.0,9218836.86,0.03095365049,DBT,CORP,2030-01-30,5.15,Fixed
136385BD2,US136385BD27,CANADIAN NATL RESOURCES,Canadian Natural Resources Ltd,7462000.0,7566386.66,0.02540529697,DBT,CORP,2029-12-15,5.0,Fixed
494553AE0,US494553AE00,KINDER MORGAN INC,Kinder Morgan Inc,6545000.0,6703680.25,0.022508628649,DBT,CORP,2034-02-01,5.4,Fixed
02344AAH1,US02344AAH14,AMCOR FLEXIBLES NORTH AM,Amcor Flexibles North America Inc,8310000.0,8432931.49,0.028314853371,DBT,CORP,2035-03-17,5.5,Fixed
717081CY7,US717081CY74,PFIZER INC,Pfizer Inc,17473000.0,20427160.11,0.068587304901,DBT,CORP,2039-03-15,7.2,Fixed
532457CY2,US532457CY24,ELI LILLY & CO,Eli Lilly & Co,9466000.0,9385833.39,0.031514366804,DBT,CORP,2055-02-12,5.5,Fixed
097023CW3,US097023CW33,BOEING CO,Boeing Co/The,42146000.0,41706193.85,0.140034905414,DBT,CORP,2050-05-01,5.81,Fixed
46647PBE5,US46647PBE51,JPMORGAN CHASE & CO,JPMorgan Chase & Co,25360000.0,23850293.84,0.080080998376,DBT,CORP,2030-10-15,2.74,Fixed
174610AT2,US174610AT28,CITIZENS FINANCIAL GROUP,Citizens Financial Group Inc,5906000.0,5589809.3,0.018768637085,DBT,CORP,2030-04-30,3.25,Fixed
46647PCU8,US46647PCU84,JPMORGAN CHASE & CO,JPMorgan Chase & Co,31740000.0,28786081.99,0.096653659722,DBT,CORP,2033-01-25,2.96,Fixed
404280ER6,US404280ER67,HSBC HOLDINGS PLC,HSBC Holdings PLC,18159000.0,18318348.86,0.061506649568,DBT,CORP,2031-03-03,5.13,Fixed
29250NBY0,US29250NBY04,ENBRIDGE INC,Enbridge Inc,5657000.0,5972779.4,0.020054517593,DBT,CORP,2030-11-15,6.2,Fixed
459200KY6,US459200KY61,IBM CORP,International Business Machines Corp,6320000.0,6311309.37,0.021191183588,DBT,CORP,2033-02-06,4.75,Fixed
458140AN0,US458140AN04,INTEL CORP,Intel Corp,5793000.0,5474537.94,0.018381595917,DBT,CORP,2032-12-15,4.0,Fixed
00914AAS1,US00914AAS15,SUMISHO AIR LEASE CORP,Sumisho Air Lease Corp,5578000.0,4987830.31,0.016747400834,DBT,CORP,2032-01-15,2.88,Fixed
67066GAH7,US67066GAH74,NVIDIA CORP,NVIDIA Corp,11613000.0,8666848.09,0.029100264025,DBT,CORP,2050-04-01,3.5,Fixed
571903BZ5,US571903BZ55,MARRIOTT INTERNATIONAL,Marriott International Inc/MD,7583000.0,7324303.68,0.02459246645,DBT,CORP,2038-05-01,5.1,Fixed
37045XFC5,US37045XFC56,GENERAL MOTORS FINL CO,General Motors Financial Co Inc,5637000.0,5811609.46,0.019513364944,DBT,CORP,2035-01-07,5.9,Fixed
055451AV0,US055451AV01,BHP BILLITON FIN USA LTD,BHP Billiton Finance USA Ltd,17409000.0,16409458.78,0.055097260047,DBT,CORP,2043-09-30,5.0,Fixed
654106AK9,US654106AK94,NIKE INC,NIKE Inc,12185000.0,11505803.23,0.038632488805,DBT,CORP,2030-03-27,2.85,Fixed
05526DBD6,US05526DBD66,BAT CAPITAL CORP,BAT Capital Corp,15073000.0,13774542.44,0.046250126651,DBT,CORP,2037-08-15,4.39,Fixed
404119CA5,US404119CA57,HCA INC,HCA Inc,18253000.0,17333112.69,0.058198568893,DBT,CORP,2030-09-01,3.5,Fixed
969457BZ2,US969457BZ28,WILLIAMS COMPANIES INC,Williams Cos Inc/The,6822000.0,6749031.89,0.022660903695,DBT,CORP,2032-08-15,4.65,Fixed
191216DT4,US191216DT43,COCA-COLA CO/THE,Coca-Cola Co/The,11426000.0,10993899.53,0.036913694075,DBT,CORP,2064-05-13,5.4,Fixed
20268JAC7,US20268JAC71,COMMONSPIRIT HEALTH,CommonSpirit Health,1859000.0,1447740.68,0.004861010091,DBT,CORP,2049-10-01,4.19,Fixed
87612GAM3,US87612GAM33,TARGA RESOURCES CORP,Targa Resources Corp,7394000.0,7511268.84,0.025220230485,DBT,CORP,2035-08-15,5.55,Fixed
16411QAX9,US16411QAX97,CHENIERE ENERGY PARTNERS,Cheniere Energy Partners LP,1665000.0,1661425.08,0.005578488048,DBT,CORP,2036-11-30,5.35,Fixed
775109BB6,US775109BB60,ROGERS COMMUNICATIONS IN,Rogers Communications Inc,4976000.0,4428583.27,0.01486964362,DBT,CORP,2044-03-15,5.0,Fixed
92840VBB7,US92840VBB71,VISTRA OPERATIONS CO LLC,Vistra Operations Co LLC,8082000.0,8025276.48,0.026946089514,DBT,CORP,2033-04-30,5.25,Fixed
03523TBY3,US03523TBY38,ANHEUSER-BUSCH INBEV WOR,Anheuser-Busch InBev Worldwide Inc,5898000.0,5959129.82,0.020008687047,DBT,CORP,2034-06-15,5.0,Fixed
06417XAE1,US06417XAE13,BANK OF NOVA SCOTIA,Bank of Nova Scotia/The,8727000.0,7739653.4,0.02598706647,DBT,CORP,2032-02-02,2.45,Fixed
46647PBD7,US46647PBD78,JPMORGAN CHASE & CO,JPMorgan Chase & Co,8511000.0,8298999.5,0.027865156292,DBT,CORP,2030-05-06,3.7,Fixed
907818FW3,US907818FW39,UNION PACIFIC CORP,Union Pacific Corp,5692000.0,3615745.1,0.012140415519,DBT,CORP,2052-03-10,2.95,Fixed
478160CT9,US478160CT90,JOHNSON & JOHNSON,Johnson & Johnson,9820000.0,5334866.23,0.017912626853,DBT,CORP,2060-09-01,2.45,Fixed
86765BAV1,US86765BAV18,ENERGY TRANSFER LP,Energy Transfer LP,11067000.0,10048359.01,0.033738897598,DBT,CORP,2047-10-01,5.4,Fixed
70450YAV5,US70450YAV56,PAYPAL HOLDINGS INC,PayPal Holdings Inc,5098000.0,5101481.93,0.017129003478,DBT,CORP,2031-06-01,4.95,Fixed
278058DY5,US278058DY59,EATON CORP,Eaton Corp,11677000.0,11477566.18,0.038537678604,DBT,CORP,2033-03-06,4.5,Fixed
031162CU2,US031162CU27,AMGEN INC,Amgen Inc,7515000.0,6976771.19,0.023425573122,DBT,CORP,2030-02-21,2.45,Fixed
12505BAM2,US12505BAM28,CBRE SERVICES INC,CBRE Services Inc,4491000.0,4437885.84,0.014900878418,DBT,CORP,2036-06-01,5.25,Fixed
00440KAB9,US00440KAB98,ACCENTURE CAPITAL INC,Accenture Capital Inc,5626000.0,5562616.92,0.018677334523,DBT,CORP,2029-10-04,4.05,Fixed
00206RNJ7,US00206RNJ76,AT&T INC,AT&T Inc,11420000.0,11132509.49,0.037379098151,DBT,CORP,2046-04-30,5.85,Fixed
472140AH5,US472140AH52,JBS NV/USA FOODS/FOOD CO,JBS NV/JBS USA Foods Group Holdings Inc/JBS USA Food Co Holdings,9862000.0,9636134.56,0.032354791149,DBT,CORP,2056-03-01,6.25,Fixed
716973AF9,US716973AF98,PFIZER INVESTMENT ENTER,Pfizer Investment Enterprises Pte Ltd,21175000.0,20094990.3,0.067471994113,DBT,CORP,2043-05-19,5.11,Fixed
29250NCC7,US29250NCC74,ENBRIDGE INC,Enbridge Inc,8914000.0,9230651.13,0.030993318703,DBT,CORP,2034-04-05,5.63,Fixed
30231GAN2,US30231GAN25,EXXON MOBIL CORPORATION,Exxon Mobil Corp,7518000.0,5847805.63,0.019634899104,DBT,CORP,2045-03-06,3.57,Fixed
75513ECV1,US75513ECV11,RTX CORP,RTX Corp,5895000.0,6239111.19,0.02094876719,DBT,CORP,2031-03-15,6.0,Fixed
694308KJ5,US694308KJ55,PACIFIC GAS & ELECTRIC,Pacific Gas and Electric Co,7236000.0,7584325.12,0.025465528085,DBT,CORP,2033-01-15,6.15,Fixed
244199BL8,US244199BL82,DEERE & COMPANY,Deere & Co,8990000.0,9323234.13,0.031304180243,DBT,CORP,2035-01-16,5.45,Fixed
12704PAA6,US12704PAA66,CRH SMW FINANCE DAC,CRH SMW Finance DAC,1333000.0,1359010.7,0.004563085653,DBT,CORP,2029-05-21,5.2,Fixed
83272GAF8,US83272GAF81,SMURFIT KAPPA TREASURY,Smurfit Kappa Treasury ULC,8011000.0,7954774.8,0.026709369373,DBT,CORP,2054-04-03,5.78,Fixed
24422EXX2,US24422EXX20,JOHN DEERE CAPITAL CORP,John Deere Capital Corp,7725000.0,7677641.89,0.025778853369,DBT,CORP,2031-09-08,4.4,Fixed
29444UBE5,US29444UBE55,EQUINIX INC,Equinix Inc,7551000.0,7202281.98,0.024182759986,DBT,,2029-11-18,3.2,Fixed
21036PBE7,US21036PBE79,CONSTELLATION BRANDS INC,Constellation Brands Inc,4849000.0,4643527.5,0.015591351648,DBT,CORP,2029-08-01,3.15,Fixed
031162CR9,US031162CR97,AMGEN INC,Amgen Inc,15074000.0,11724505.95,0.039366816536,DBT,CORP,2040-02-21,3.15,Fixed
532457DF2,US532457DF26,ELI LILLY & CO,Eli Lilly & Co,7239000.0,7220336.41,0.024243380488,DBT,CORP,2055-10-15,5.55,Fixed
35137LAK1,US35137LAK17,FOX CORP,Fox Corp,11215000.0,10571453.02,0.035495265501,DBT,CORP,2049-01-25,5.58,Fixed
05971KAC3,US05971KAC36,BANCO SANTANDER SA,Banco Santander SA,3410000.0,3290507.12,0.011048379407,DBT,CORP,2029-06-27,3.31,Fixed
437076CJ9,US437076CJ91,HOME DEPOT INC,Home Depot Inc/The,7581000.0,6639311.68,0.02229250136,DBT,CORP,2031-09-15,1.88,Fixed
902613AY4,US902613AY48,UBS GROUP AG,UBS Group AG,13709000.0,12409304.55,0.041666132257,DBT,CORP,2045-05-15,4.88,Fixed
874060AY2,US874060AY21,TAKEDA PHARMACEUTICAL,Takeda Pharmaceutical Co Ltd,10891000.0,8251544.37,0.027705818457,DBT,CORP,2040-07-09,3.03,Fixed
294429AT2,US294429AT25,EQUIFAX INC,Equifax Inc,6927000.0,6110153.61,0.020515772451,DBT,CORP,2031-09-15,2.35,Fixed
29379VCA9,US29379VCA98,ENTERPRISE PRODUCTS OPER,Enterprise Products Operating LLC,8190000.0,5439885.63,0.018265245502,DBT,CORP,2052-02-15,3.2,Fixed
86944BAQ6,US86944BAQ68,SUTTER HEALTH,Sutter Health,750000.0,775598.1,0.002604188887,DBT,CORP,2035-08-15,5.54,Fixed
125523CV0,US125523CV04,CIGNA GROUP/THE,Cigna Group/The,7095000.0,7188981.08,0.024138100186,DBT,CORP,2034-02-15,5.25,Fixed
031162DS6,US031162DS61,AMGEN INC,Amgen Inc,18600000.0,18446618.82,0.061937335518,DBT,CORP,2043-03-02,5.6,Fixed
00206RLV2,US00206RLV23,AT&T INC,AT&T Inc,48644000.0,31603106.89,0.106112250378,DBT,CORP,2059-09-15,3.65,Fixed
49456BAQ4,US49456BAQ41,KINDER MORGAN INC,Kinder Morgan Inc,6821000.0,6248903.63,0.0209816468,DBT,CORP,2048-03-01,5.2,Fixed
404119CV9,US404119CV94,HCA INC,HCA Inc,13531000.0,13222512.14,0.044396600742,DBT,CORP,2054-04-01,6.0,Fixed
29273VBA7,US29273VBA70,ENERGY TRANSFER LP,Energy Transfer LP,9629000.0,9851004.3,0.033076249066,DBT,CORP,2034-09-01,5.6,Fixed
06051GJA8,US06051GJA85,BANK OF AMERICA CORP,Bank of America Corp,44614000.0,35175743.23,0.118107921662,DBT,CORP,2051-03-20,4.08,Fixed
02665WFL0,US02665WFL00,AMERICAN HONDA FINANCE,American Honda Finance Corp,7144000.0,7187872.73,0.024134378732,DBT,CORP,2031-07-10,5.05,Fixed
26884LAR0,US26884LAR06,EQT CORP,EQT Corp,6146000.0,6354665.92,0.021336759816,DBT,CORP,2034-02-01,5.75,Fixed
91324PFG2,US91324PFG28,UNITEDHEALTH GROUP INC,UnitedHealth Group Inc,9056000.0,9143404.89,0.030700376148,DBT,CORP,2030-01-15,4.8,Fixed
681919BD7,US681919BD76,OMNICOM GROUP INC,Omnicom Group Inc,2400000.0,2157812.16,0.00724518336,DBT,CORP,2031-08-01,2.6,Fixed
375558BY8,US375558BY84,GILEAD SCIENCES INC,Gilead Sciences Inc,11380000.0,10101829.13,0.033918431679,DBT,CORP,2030-10-01,1.65,Fixed
036752BD4,US036752BD40,ELEVANCE HEALTH INC,Elevance Health Inc,6599000.0,6612748.36,0.022203310962,DBT,CORP,2035-02-15,5.2,Fixed
25179MBH5,US25179MBH51,DEVON ENERGY CORPORATION,Devon Energy Corp,6836000.0,6603664.87,0.022172811759,DBT,CORP,2054-09-15,5.75,Fixed
437076BH4,US437076BH45,HOME DEPOT INC,Home Depot Inc/The,11228000.0,9357151.34,0.031418062447,DBT,CORP,2046-04-01,4.25,Fixed
404119CB3,US404119CB31,HCA INC,HCA Inc,10477000.0,7011299.55,0.023541507356,DBT,CORP,2051-07-15,3.5,Fixed
863667AJ0,US863667AJ04,STRYKER CORP,Stryker Corp,7515000.0,6565286.61,0.022043950899,DBT,CORP,2046-03-15,4.63,Fixed
11135FAS0,US11135FAS02,BROADCOM INC,Broadcom Inc,15126000.0,14691262.12,0.049328152762,DBT,CORP,2032-11-15,4.3,Fixed
694308LB1,US694308LB11,PACIFIC GAS & ELECTRIC,Pacific Gas and Electric Co,7577000.0,7265965.67,0.024396587686,DBT,CORP,2056-05-01,6.0,Fixed
68389XAV7,US68389XAV73,ORACLE CORP,Oracle Corp,12533000.0,11325316.36,0.038026476617,DBT,CORP,2034-07-08,4.3,Fixed
907818FG8,US907818FG88,UNION PACIFIC CORP,Union Pacific Corp,13640000.0,9824210.0,0.032986283118,DBT,CORP,2060-03-20,3.84,Fixed
30231GBN1,US30231GBN16,EXXON MOBIL CORPORATION,Exxon Mobil Corp,15766000.0,14691430.43,0.049328717889,DBT,CORP,2030-10-15,2.61,Fixed
30303MAL6,US30303MAL63,META PLATFORMS INC,Meta Platforms Inc,21195000.0,21295144.26,0.071501694039,DBT,CORP,2066-05-15,6.45,Fixed
00206RGQ9,US00206RGQ92,AT&T INC,AT&T Inc,16075000.0,15926092.45,0.053474283888,DBT,CORP,2030-02-15,4.3,Fixed
20826FBG0,US20826FBG00,CONOCOPHILLIPS COMPANY,ConocoPhillips Co,6541000.0,6349747.7,0.021320246143,DBT,CORP,2054-03-15,5.55,Fixed
56585AAH5,US56585AAH59,MARATHON PETROLEUM CORP,Marathon Petroleum Corp,5331000.0,4660744.03,0.015649158773,DBT,CORP,2044-09-15,4.75,Fixed
46647PBL9,US46647PBL94,JPMORGAN CHASE & CO,JPMorgan Chase & Co,19975000.0,18432722.26,0.061890675698,DBT,CORP,2031-04-22,2.52,Fixed
023135CC8,US023135CC87,AMAZON.COM INC,Amazon.com Inc,14517000.0,9048997.75,0.03038338978,DBT,CORP,2061-05-12,3.25,Fixed
120568BF6,US120568BF69,BUNGE LTD FINANCE CORP,Bunge Ltd Finance Corp,6321000.0,6123459.9,0.020560450349,DBT,CORP,2034-09-17,4.65,Fixed
45115AAB0,US45115AAB08,ICON INVESTMENTS SIX DAC,Icon Investments Six DAC,2458000.0,2501134.46,0.008397940334,DBT,CORP,2029-05-08,5.85,Fixed
12572QAL9,US12572QAL95,CME GROUP INC,CME Group Inc,5299000.0,5296571.47,0.017784046357,DBT,CORP,2030-03-15,4.4,Fixed
95000U3K7,US95000U3K73,WELLS FARGO & COMPANY,Wells Fargo & Co,20103000.0,20527346.19,0.068923694942,DBT,CORP,2035-01-23,5.5,Fixed
05946KAR2,US05946KAR23,BANCO BILBAO VIZCAYA ARG,Banco Bilbao Vizcaya Argentaria SA,7099000.0,7406423.61,0.024868196637,DBT,CORP,2035-03-13,6.03,Fixed
404280AH2,US404280AH22,HSBC HOLDINGS PLC,HSBC Holdings PLC,10614000.0,11415627.66,0.038329710578,DBT,CORP,2037-09-15,6.5,Fixed
46647PAA4,US46647PAA49,JPMORGAN CHASE & CO,JPMorgan Chase & Co,15829000.0,13131263.53,0.04409021962,DBT,CORP,2048-02-22,4.26,Fixed
693475CE3,US693475CE34,PNC FINANCIAL SERVICES,PNC Financial Services Group Inc/The,9284000.0,9366320.3,0.031448848629,DBT,CORP,2036-07-21,5.37,Fixed
571748CB6,US571748CB69,MARSH & MCLENNAN COS INC,Marsh & McLennan Cos Inc,4882000.0,4909794.69,0.01648538434,DBT,CORP,2031-11-15,4.85,Fixed
06368ME67,US06368ME671,BANK OF MONTREAL,Bank of Montreal,6183000.0,6087020.05,0.020438097996,DBT,CORP,2032-01-14,4.44,Fixed
87938WAU7,US87938WAU71,TELEFONICA EMISIONES SAU,Telefonica Emisiones SA,18183000.0,16140941.82,0.054195673409,DBT,CORP,2047-03-08,5.21,Fixed
06051GJL4,US06051GJL41,BANK OF AMERICA CORP,Bank of America Corp,18036000.0,15999327.99,0.053720183381,DBT,CORP,2031-10-24,1.92,Fixed
29273RBJ7,US29273RBJ77,ENERGY TRANSFER LP,Energy Transfer LP,7278000.0,7231890.23,0.0242821742,DBT,CORP,2045-12-15,6.13,Fixed
68389XBY0,US68389XBY04,ORACLE CORP,Oracle Corp,26545000.0,16017412.27,0.053780904109,DBT,CORP,2060-04-01,3.85,Fixed
37940XAR3,US37940XAR35,GLOBAL PAYMENTS INC,Global Payments Inc,6299000.0,5992027.68,0.020119146629,DBT,CORP,2052-08-15,5.95,Fixed
12513GBJ7,US12513GBJ76,CDW LLC/CDW FINANCE,CDW LLC / CDW Finance Corp,7217000.0,6582417.85,0.02210147165,DBT,CORP,2031-12-01,3.57,Fixed
478160CM4,US478160CM48,JOHNSON & JOHNSON,Johnson & Johnson,8661000.0,6580608.75,0.022095397321,DBT,CORP,2048-01-15,3.5,Fixed
78081BAU7,US78081BAU70,ROYALTY PHARMA PLC,Royalty Pharma PLC,6670000.0,6619923.64,0.022227403059,DBT,CORP,2035-09-25,5.2,Fixed
92343VGB4,US92343VGB45,VERIZON COMMUNICATIONS,Verizon Communications Inc,36675000.0,25811043.48,0.086664514277,DBT,CORP,2051-03-22,3.55,Fixed
00206RKB7,US00206RKB77,AT&T INC,AT&T Inc,11825000.0,7986846.23,0.02681705409,DBT,CORP,2060-06-01,3.85,Fixed
20030NCL3,US20030NCL38,COMCAST CORP,Comcast Corp,5984000.0,5474927.36,0.018382903454,DBT,CORP,2038-10-15,4.6,Fixed
15135UAX7,US15135UAX72,CENOVUS ENERGY INC,Cenovus Energy Inc,4252000.0,3057956.34,0.010267554703,DBT,CORP,2052-02-15,3.75,Fixed
24703DBT7,US24703DBT72,DELL INT LLC / EMC CORP,Dell International LLC / EMC Corp,6462000.0,6416254.21,0.021543551891,DBT,CORP,2032-10-06,4.75,Fixed
927804GX6,US927804GX64,VIRGINIA ELEC & POWER CO,Virginia Electric and Power Co,11554000.0,11352126.2,0.038116494743,DBT,CORP,2036-03-15,4.95,Fixed
66989HAV0,US66989HAV06,NOVARTIS CAPITAL CORP,Novartis Capital Corp,8252000.0,7954924.7,0.026709872685,DBT,CORP,2034-09-18,4.2,Fixed
674599DL6,US674599DL68,OCCIDENTAL PETROLEUM COR,Occidental Petroleum Corp,7217000.0,7736219.13,0.025975535385,DBT,CORP,2046-03-15,6.6,Fixed
149123BS9,US149123BS95,CATERPILLAR INC,Caterpillar Inc,6511000.0,6515910.6,0.021878163417,DBT,CORP,2041-05-27,5.2,Fixed
037833EW6,US037833EW60,APPLE INC,Apple Inc,6956000.0,6453888.1,0.021669913415,DBT,CORP,2053-05-10,4.85,Fixed
92556VAD8,US92556VAD82,VIATRIS INC,Viatris Inc,8467000.0,7738456.14,0.025983046487,DBT,CORP,2030-06-22,2.7,Fixed
38141GYB4,US38141GYB49,GOLDMAN SACHS GROUP INC,Goldman Sachs Group Inc/The,24322000.0,21896585.84,0.073521125855,DBT,CORP,2032-04-22,2.62,Fixed
05971KAR0,US05971KAR05,BANCO SANTANDER SA,Banco Santander SA,9756000.0,9608626.84,0.032262429785,DBT,CORP,2030-11-06,4.55,Fixed
458140CF5,US458140CF51,INTEL CORP,Intel Corp,8815000.0,8948592.21,0.030046262869,DBT,CORP,2030-02-10,5.13,Fixed
04686JAL5,US04686JAL52,ATHENE HOLDING LTD,Athene Holding Ltd,8177000.0,8074909.34,0.02711273941,DBT,CORP,2055-05-19,6.63,Fixed
29379VCD3,US29379VCD38,ENTERPRISE PRODUCTS OPER,Enterprise Products Operating LLC,8940000.0,9208309.96,0.030918304818,DBT,CORP,2033-01-31,5.35,Fixed
571903BS1,US571903BS13,MARRIOTT INTERNATIONAL,Marriott International Inc/MD,7306000.0,7398401.9,0.024841262523,DBT,CORP,2035-03-15,5.35,Fixed
61747YEH4,US61747YEH45,MORGAN STANLEY,Morgan Stanley,21315000.0,18891878.83,0.063432363897,DBT,CORP,2032-10-20,2.51,Fixed
58013MEF7,US58013MEF77,MCDONALD'S CORP,McDonald's Corp,6338000.0,6906694.8,0.023190280957,DBT,CORP,2038-03-01,6.3,Fixed
65163LAR0,US65163LAR06,NEWMONT / NEWCREST FIN,Newmont Corp / Newcrest Finance Pty Ltd,6860000.0,7066404.37,0.023726530191,DBT,CORP,2034-03-15,5.35,Fixed
437076CS9,US437076CS90,HOME DEPOT INC,Home Depot Inc/The,8128000.0,8095807.43,0.027182907934,DBT,CORP,2032-09-15,4.5,Fixed
90353TAQ3,US90353TAQ31,UBER TECHNOLOGIES INC,Uber Technologies Inc,8615000.0,8022189.79,0.026935725482,DBT,CORP,2054-09-15,5.35,Fixed
743315AS2,US743315AS29,PROGRESSIVE CORP,Progressive Corp/The,5616000.0,4527852.26,0.015202954391,DBT,CORP,2047-04-15,4.13,Fixed
927804GY4,US927804GY48,VIRGINIA ELEC & POWER CO,Virginia Electric and Power Co,6040000.0,5947037.15,0.019968084064,DBT,CORP,2056-03-15,5.7,Fixed
38141GB78,US38141GB789,GOLDMAN SACHS GROUP INC,Goldman Sachs Group Inc/The,24219000.0,23860989.9,0.080116912028,DBT,CORP,2035-10-23,5.02,Fixed
341081GE1,US341081GE16,FLORIDA POWER & LIGHT CO,Florida Power & Light Co,10190000.0,6385575.73,0.021440544217,DBT,CORP,2051-12-04,2.88,Fixed
89115A3G5,US89115A3G59,TORONTO-DOMINION BANK,Toronto-Dominion Bank/The,6459000.0,6609208.57,0.022191425577,DBT,CORP,2032-01-30,5.3,Fixed
30303MAH5,US30303MAH51,META PLATFORMS INC,Meta Platforms Inc,20060000.0,20023302.24,0.067231290521,DBT,CORP,2036-05-15,5.25,Fixed
046353AG3,US046353AG32,ASTRAZENECA PLC,AstraZeneca PLC,5717000.0,4853845.62,0.016297526807,DBT,CORP,2042-09-18,4.0,Fixed
161175BT0,US161175BT05,CHARTER COMM OPT LLC/CAP,Charter Communications Operating LLC / Charter Communications Operating Capital,21115000.0,15650917.31,0.052550341396,DBT,CORP,2050-03-01,4.8,Fixed
58933YBN4,US58933YBN40,MERCK & CO INC,Merck & Co Inc,7099000.0,6433041.39,0.021599917408,DBT,CORP,2063-05-17,5.15,Fixed
29379VCL5,US29379VCL53,ENTERPRISE PRODUCTS OPER,Enterprise Products Operating LLC,11280000.0,11347775.88,0.038101887881,DBT,CORP,2036-01-15,5.2,Fixed
92343VHK3,US92343VHK35,VERIZON COMMUNICATIONS,Verizon Communications Inc,14253000.0,14016340.34,0.047061999971,DBT,CORP,2065-11-30,6.0,Fixed
449276AE4,US449276AE42,IBM INTERNAT CAPITAL,IBM International Capital Pte Ltd,5680000.0,5636649.1,0.018925908856,DBT,CORP,2034-02-05,4.9,Fixed
172967PL9,US172967PL97,CITIGROUP INC,Citigroup Inc,19370000.0,19711376.88,0.066183953561,DBT,CORP,2035-06-11,5.45,Fixed
76720AAS5,US76720AAS50,RIO TINTO FIN USA PLC,Rio Tinto Finance USA PLC,10500000.0,10628177.7,0.035685727263,DBT,CORP,2030-03-14,4.88,Fixed
37045XEU6,US37045XEU63,GENERAL MOTORS FINL CO,General Motors Financial Co Inc,6388000.0,6535806.18,0.02194496586,DBT,CORP,2029-07-15,5.55,Fixed
437076DC3,US437076DC30,HOME DEPOT INC,Home Depot Inc/The,4781000.0,4839655.22,0.016249880375,DBT,CORP,2029-06-25,4.75,Fixed
05724BAM1,US05724BAM19,BAKER HUGHES LLC/CO-OBL,Baker Hughes Holdings LLC / Baker Hughes Co-Obligor Inc,8142000.0,8008325.46,0.02688917388,DBT,CORP,2031-06-15,4.35,Fixed
49271VAQ3,US49271VAQ32,KEURIG DR PEPPER INC,Keurig Dr Pepper Inc,6525000.0,6218600.36,0.020879898951,DBT,CORP,2032-04-15,4.05,Fixed
29273VAQ3,US29273VAQ32,ENERGY TRANSFER LP,Energy Transfer LP,11089000.0,11548438.34,0.038775642688,DBT,CORP,2033-02-15,5.75,Fixed
91324PAR3,US91324PAR38,UNITEDHEALTH GROUP INC,UnitedHealth Group Inc,5708000.0,5997149.01,0.020136342275,DBT,CORP,2036-03-15,5.8,Fixed
260543DC4,US260543DC49,DOW CHEMICAL CO/THE,Dow Chemical Co/The,5577000.0,4934000.9,0.016566660382,DBT,CORP,2030-11-15,2.1,Fixed
92826CAE2,US92826CAE21,VISA INC,Visa Inc,10706000.0,10212606.5,0.034290383591,DBT,CORP,2035-12-14,4.15,Fixed
20030NEJ6,US20030NEJ63,COMCAST CORP,Comcast Corp,5731000.0,5819647.11,0.019540352579,DBT,CORP,2034-06-01,5.3,Fixed
49327M3H5,US49327M3H53,KEYBANK NATIONAL ASSN,Keybank National Association,5727000.0,5673281.89,0.019048909035,DBT,CORP,2033-01-26,5.0,Fixed
6174468X0,US6174468X01,MORGAN STANLEY,Morgan Stanley,22029000.0,19188939.81,0.064429791434,DBT,CORP,2032-04-28,1.93,Fixed
04351LAD2,US04351LAD29,ASCENSION HEALTH,Ascension Health,6081000.0,5999909.87,0.020145612283,DBT,CORP,2030-11-15,4.29,Fixed
370334CT9,US370334CT90,GENERAL MILLS INC,General Mills Inc,7060000.0,7020932.08,0.023573850044,DBT,CORP,2033-03-29,4.95,Fixed
913017CX5,US913017CX53,RTX CORP,RTX Corp,11468000.0,9900756.74,0.033243300469,DBT,CORP,2048-11-16,4.63,Fixed
17327CAT0,US17327CAT09,CITIGROUP INC,Citigroup Inc,20485000.0,20393339.87,0.068473748288,DBT,CORP,2030-09-19,4.54,Fixed
26078JAF7,US26078JAF75,DUPONT DE NEMOURS INC,DuPont de Nemours Inc,7239000.0,6840453.24,0.022967864818,DBT,CORP,2048-11-15,5.42,Fixed
694308KU0,US694308KU01,PACIFIC GAS & ELECTRIC,Pacific Gas and Electric Co,7773000.0,7872750.13,0.026433959036,DBT,CORP,2035-03-01,5.7,Fixed
404280DV8,US404280DV88,HSBC HOLDINGS PLC,HSBC Holdings PLC,11943000.0,12703538.6,0.042654067946,DBT,CORP,2034-03-09,6.25,Fixed
46590XBA3,US46590XBA37,JBS NV/USA FOODS/FOOD CO,JBS NV/JBS USA Foods Group Holdings Inc/JBS USA Food Co Holdings,9623000.0,9625886.9,0.032320383068,DBT,CORP,2037-03-10,5.63,Fixed
437076CG5,US437076CG52,HOME DEPOT INC,Home Depot Inc/The,6446000.0,3632785.76,0.012197632134,DBT,CORP,2051-03-15,2.38,Fixed
478160CL6,US478160CL64,JOHNSON & JOHNSON,Johnson & Johnson,7180000.0,6236115.76,0.020938709577,DBT,CORP,2038-01-15,3.4,Fixed
458140BZ2,US458140BZ25,INTEL CORP,Intel Corp,5600000.0,5505148.32,0.018484374936,DBT,CORP,2029-08-05,4.0,Fixed
404119DJ5,US404119DJ57,HCA INC,HCA Inc,12215000.0,12108297.09,0.040655453811,DBT,CORP,2031-05-15,4.7,Fixed
86562MDJ6,US86562MDJ62,SUMITOMO MITSUI FINL GRP,Sumitomo Mitsui Financial Group Inc,5554000.0,5819059.1,0.019538378246,DBT,CORP,2033-09-14,5.81,Fixed
532457CT3,US532457CT39,ELI LILLY & CO,Eli Lilly & Co,7180000.0,6645842.46,0.022314429449,DBT,CORP,2064-08-14,5.2,Fixed
20030NAF8,US20030NAF87,COMCAST CORP,Comcast Corp,5128000.0,5297136.82,0.017785944606,DBT,CORP,2035-06-15,5.65,Fixed
171239AJ5,US171239AJ50,CHUBB INA HOLDINGS LLC,Chubb INA Holdings LLC,8415000.0,5151309.57,0.017296307377,DBT,CORP,2061-12-15,3.05,Fixed
58933YBL8,US58933YBL83,MERCK & CO INC,Merck & Co Inc,6435000.0,5949791.35,0.01997733171,DBT,CORP,2044-05-17,4.9,Fixed
958667AA5,US958667AA50,WESTERN MIDSTREAM OPERAT,Western Midstream Operating LP,6736000.0,5880528.67,0.019744771701,DBT,CORP,2050-02-01,5.25,Fixed
70450YAP8,US70450YAP88,PAYPAL HOLDINGS INC,PayPal Holdings Inc,6555000.0,6519739.34,0.021891018995,DBT,CORP,2034-06-01,5.15,Fixed
06051GJM2,US06051GJM24,BANK OF AMERICA CORP,Bank of America Corp,8988000.0,5629608.63,0.018902269405,DBT,CORP,2051-10-24,2.83,Fixed
89236TMT9,US89236TMT96,TOYOTA MOTOR CREDIT CORP,Toyota Motor Credit Corp,5013000.0,5005759.22,0.016807599883,DBT,CORP,2031-10-10,4.6,Fixed
89352HAM1,US89352HAM16,TRANSCANADA PIPELINES,TransCanada PipeLines Ltd,7147000.0,6925317.93,0.023252810956,DBT,CORP,2034-03-01,4.63,Fixed
617482V92,US617482V925,MORGAN STANLEY,Morgan Stanley,14911000.0,16215798.98,0.054447017739,DBT,CORP,2042-07-24,6.38,Fixed
097023CK9,US097023CK94,BOEING CO,Boeing Co/The,4656000.0,3484878.65,0.011701011458,DBT,CORP,2049-05-01,3.9,Fixed
883556CM2,US883556CM25,THERMO FISHER SCIENTIFIC,Thermo Fisher Scientific Inc,9074000.0,6609476.19,0.022192324152,DBT,CORP,2041-10-15,2.8,Fixed
87264ABF1,US87264ABF12,T-MOBILE USA INC,T-Mobile USA Inc,49440000.0,48097090.94,0.161493316908,DBT,CORP,2030-04-15,3.88,Fixed
11135FCL3,US11135FCL31,BROADCOM INC,Broadcom Inc,8300000.0,8341116.54,0.028006570676,DBT,CORP,2032-07-15,4.9,Fixed
927804GD0,US927804GD01,VIRGINIA ELEC & POWER CO,Virginia Electric and Power Co,6814000.0,3890516.67,0.013063002964,DBT,CORP,2050-12-15,2.45,Fixed
17327CBA0,US17327CBA09,CITIGROUP INC,Citigroup Inc,17257000.0,17378898.27,0.05835230096,DBT,CORP,2036-03-27,5.33,Fixed
91324PEK4,US91324PEK49,UNITEDHEALTH GROUP INC,UnitedHealth Group Inc,13375000.0,11465646.53,0.038497656561,DBT,CORP,2052-05-15,4.75,Fixed
92343VCK8,US92343VCK89,VERIZON COMMUNICATIONS,Verizon Communications Inc,16432000.0,14439003.8,0.048481156987,DBT,CORP,2046-08-21,4.86,Fixed
125523CM0,US125523CM05,CIGNA GROUP/THE,Cigna Group/The,11148000.0,10043591.05,0.033722888445,DBT,CORP,2031-03-15,2.38,Fixed
345397D67,US345397D674,FORD MOTOR CREDIT CO LLC,Ford Motor Credit Co LLC,7742000.0,8303744.04,0.027881086809,DBT,CORP,2033-11-07,7.12,Fixed
437076BP6,US437076BP60,HOME DEPOT INC,Home Depot Inc/The,4678000.0,3215333.95,0.010795974026,DBT,CORP,2056-09-15,3.5,Fixed
95000U4E0,US95000U4E05,WELLS FARGO & COMPANY,Wells Fargo & Co,34837000.0,34000657.69,0.114162392779,DBT,CORP,2037-01-23,4.96,Fixed
80281LAV7,US80281LAV71,SANTANDER UK GROUP HLDGS,Santander UK Group Holdings PLC,12606000.0,12924935.58,0.043397442066,DBT,CORP,2031-04-15,5.69,Fixed
456837AW3,US456837AW39,ING GROEP NV,ING Groep NV,5852000.0,5318786.24,0.017858635835,DBT,CORP,2032-04-01,2.73,Fixed
86562MDP2,US86562MDP23,SUMITOMO MITSUI FINL GRP,Sumitomo Mitsui Financial Group Inc,8451000.0,8707106.71,0.02923543848,DBT,CORP,2034-07-09,5.56,Fixed
31428XDR4,US31428XDR44,FEDEX CORP,FedEx Corp,7118000.0,6212480.07,0.020859349144,DBT,CORP,2045-11-15,4.75,Fixed
251526CK3,US251526CK32,DEUTSCHE BANK NY,Deutsche Bank AG/New York NY,5776000.0,5255152.09,0.017644974473,DBT,CORP,2032-05-28,3.04,Fixed
58933YBQ7,US58933YBQ70,MERCK & CO INC,Merck & Co Inc,6009000.0,5956632.17,0.020000300806,DBT,CORP,2030-09-15,4.15,Fixed
58933YBS3,US58933YBS37,MERCK & CO INC,Merck & Co Inc,9933000.0,9927745.44,0.033333919145,DBT,CORP,2035-09-15,4.95,Fixed
532457DR6,US532457DR63,ELI LILLY & CO,Eli Lilly & Co,17020000.0,16892053.85,0.056717646583,DBT,CORP,2036-05-20,4.85,Fixed
11135FBX8,US11135FBX87,BROADCOM INC,Broadcom Inc,3596000.0,3657739.72,0.012281418859,DBT,CORP,2029-07-12,5.05,Fixed
87264ADX0,US87264ADX00,T-MOBILE USA INC,T-Mobile USA Inc,8544000.0,8385325.96,0.028155010545,DBT,CORP,2035-11-15,4.95,Fixed
404119BZ1,US404119BZ18,HCA INC,HCA Inc,14501000.0,12938950.83,0.043444500405,DBT,CORP,2049-06-15,5.25,Fixed
171239AM8,US171239AM89,CHUBB INA HOLDINGS LLC,Chubb INA Holdings LLC,8652000.0,8537085.87,0.028664567584,DBT,CORP,2035-08-15,4.9,Fixed
084664DB4,US084664DB47,BERKSHIRE HATHAWAY FIN,Berkshire Hathaway Finance Corp,17956000.0,13661815.42,0.045871628492,DBT,CORP,2052-03-15,3.85,Fixed
98978VAS2,US98978VAS25,ZOETIS INC,Zoetis Inc,6803000.0,6153727.8,0.020662079438,DBT,CORP,2030-05-15,2.0,Fixed
084664DA6,US084664DA63,BERKSHIRE HATHAWAY FIN,Berkshire Hathaway Finance Corp,6345000.0,5878269.41,0.019737185891,DBT,CORP,2032-03-15,2.88,Fixed
03770DAD5,US03770DAD57,APOLLO DEBT SOLUTIONS BD,Apollo Debt Solutions BDC,8474000.0,8663515.93,0.029089075789,DBT,CORP,2031-07-29,6.7,Fixed
46647PCC8,US46647PCC86,JPMORGAN CHASE & CO,JPMorgan Chase & Co,25699000.0,23205382.34,0.077915609675,DBT,CORP,2032-04-22,2.58,Fixed
693475AZ8,US693475AZ80,PNC FINANCIAL SERVICES,PNC Financial Services Group Inc/The,14819000.0,13826986.5,0.046426215579,DBT,CORP,2030-01-22,2.55,Fixed
30303MAG7,US30303MAG78,META PLATFORMS INC,Meta Platforms Inc,28631000.0,28533236.59,0.095804692737,DBT,CORP,2033-05-15,4.88,Fixed
68389XEC5,US68389XEC56,ORACLE CORP,Oracle Corp,19771000.0,18943395.83,0.06360534008,DBT,CORP,2066-02-04,6.85,Fixed
06738ECA1,US06738ECA10,BARCLAYS PLC,Barclays PLC,7535000.0,7754622.65,0.026037328009,DBT,CORP,2033-08-09,5.75,Fixed
345370CA6,US345370CA64,FORD MOTOR COMPANY,Ford Motor Co,7483000.0,8173951.78,0.027445289505,DBT,CORP,2031-07-16,7.45,Fixed
05526DBS3,US05526DBS36,BAT CAPITAL CORP,BAT Capital Corp,7682000.0,7018865.18,0.023566910112,DBT,CORP,2031-03-25,2.73,Fixed
713448GB8,US713448GB82,PEPSICO INC,PepsiCo Inc,6496000.0,6563090.04,0.022036575581,DBT,CORP,2030-02-07,4.6,Fixed
303901BR2,US303901BR22,FAIRFAX FINL HLDGS LTD,Fairfax Financial Holdings Ltd,5076000.0,5260088.25,0.017661548383,DBT,CORP,2054-03-22,6.35,Fixed
606822BR4,US606822BR40,MITSUBISHI UFJ FIN GRP,Mitsubishi UFJ Financial Group Inc,7991000.0,7412115.18,0.024887306952,DBT,CORP,2030-02-25,2.56,Fixed
023135CU8,US023135CU85,AMAZON.COM INC,Amazon.com Inc,11356000.0,11124577.21,0.037352464312,DBT,CORP,2033-03-20,4.35,Fixed
666807BP6,US666807BP60,NORTHROP GRUMMAN CORP,Northrop Grumman Corp,14914000.0,11859530.77,0.039820182959,DBT,CORP,2047-10-15,4.03,Fixed
472140AK8,US472140AK81,JBS NV/USA FOODS/FOOD CO,JBS NV/JBS USA Foods Group Holdings Inc/JBS USA Food Co Holdings,8594000.0,8383397.15,0.028148534272,DBT,CORP,2066-04-15,6.38,Fixed
654106AM5,US654106AM50,NIKE INC,NIKE Inc,11011000.0,7777502.03,0.026114149016,DBT,CORP,2050-03-27,3.38,Fixed
20030NDN8,US20030NDN84,COMCAST CORP,Comcast Corp,14781000.0,12824622.31,0.043060624966,DBT,CORP,2031-02-15,1.5,Fixed
61747YFV2,US61747YFV20,MORGAN STANLEY,Morgan Stanley,21546000.0,20843830.94,0.069986340749,DBT,CORP,2055-11-19,5.52,Fixed
883556DD1,US883556DD17,THERMO FISHER SCIENTIFIC,Thermo Fisher Scientific Inc,8755000.0,8614884.1,0.028925787005,DBT,CORP,2032-10-07,4.47,Fixed
29446MAH5,US29446MAH51,EQUINOR ASA,Equinor ASA,2209000.0,1665978.98,0.005593778461,DBT,CORP,2050-04-06,3.7,Fixed
254687GD2,US254687GD28,WALT DISNEY COMPANY/THE,Walt Disney Co/The,13051000.0,12792671.12,0.042953343973,DBT,CORP,2031-03-14,4.0,Fixed
80281LAY1,US80281LAY11,SANTANDER UK GROUP HLDGS,Santander UK Group Holdings PLC,5975000.0,5795981.23,0.019460890779,DBT,CORP,2036-09-22,5.14,Fixed
404280AJ8,US404280AJ87,HSBC HOLDINGS PLC,HSBC Holdings PLC,6845000.0,7530145.48,0.025283611682,DBT,CORP,2038-06-01,6.8,Fixed
78081BAK9,US78081BAK98,ROYALTY PHARMA PLC,Royalty Pharma PLC,7650000.0,6915201.44,0.023218843298,DBT,CORP,2030-09-02,2.2,Fixed
828807DF1,US828807DF17,SIMON PROPERTY GROUP LP,Simon Property Group LP,7830000.0,7337000.49,0.024635097926,DBT,,2029-09-13,2.45,Fixed
29364WBS6,US29364WBS61,ENTERGY LOUISIANA LLC,Entergy Louisiana LLC,6767000.0,6602620.1,0.022169303785,DBT,CORP,2056-04-15,5.65,Fixed
438516BU9,US438516BU93,HONEYWELL INTERNATIONAL,Honeywell International Inc,6454000.0,6115045.6,0.020532198053,DBT,CORP,2029-08-15,2.7,Fixed
26442UAV6,US26442UAV61,DUKE ENERGY PROGRESS LLC,Duke Energy Progress LLC,4707000.0,4564978.04,0.015327609859,DBT,CORP,2055-03-15,5.55,Fixed
606822DW1,US606822DW17,MITSUBISHI UFJ FIN GRP,Mitsubishi UFJ Financial Group Inc,4502000.0,4497981.97,0.015102660338,DBT,CORP,2032-04-21,4.85,Fixed
29444UBU9,US29444UBU97,EQUINIX INC,Equinix Inc,9034000.0,8566620.59,0.02876373491,DBT,,2032-04-15,3.9,Fixed
594918BT0,US594918BT09,MICROSOFT CORP,Microsoft Corp,12373000.0,9795560.57,0.032890088288,DBT,CORP,2046-08-08,3.7,Fixed
06738ECE3,US06738ECE32,BARCLAYS PLC,Barclays PLC,12747000.0,14258999.43,0.047876764867,DBT,CORP,2033-11-02,7.44,Fixed
74949LAG7,US74949LAG77,RELX CAPITAL INC,RELX Capital Inc,3815000.0,3860081.09,0.012960810863,DBT,CORP,2035-03-27,5.25,Fixed
63307A3Q6,US63307A3Q68,NATIONAL BANK OF CANADA,National Bank of Canada,4165000.0,4165213.25,0.013985338618,DBT,CORP,2032-06-04,4.93,Fixed
87612EBN5,US87612EBN58,TARGET CORP,Target Corp,10092000.0,6408565.32,0.021517735271,DBT,CORP,2052-01-15,2.95,Fixed
89115KAR1,US89115KAR14,TORONTO-DOMINION BANK,Toronto-Dominion Bank/The,9189000.0,9119567.0,0.030620336798,DBT,CORP,2033-04-22,4.87,Fixed
172967NN7,US172967NN71,CITIGROUP INC,Citigroup Inc,20605000.0,19404960.68,0.065155114445,DBT,CORP,2033-03-17,3.79,Fixed
532457BZ0,US532457BZ08,ELI LILLY & CO,Eli Lilly & Co,7115000.0,3849307.5,0.012924636892,DBT,CORP,2060-09-15,2.5,Fixed
694308KH9,US694308KH99,PACIFIC GAS & ELECTRIC,Pacific Gas and Electric Co,10943000.0,11498299.25,0.038607293048,DBT,CORP,2053-01-15,6.75,Fixed
29250NBR5,US29250NBR52,ENBRIDGE INC,Enbridge Inc,15419000.0,16036113.1,0.053843694997,DBT,CORP,2033-03-08,5.7,Fixed
009066AE1,US009066AE14,AIRBNB INC,Airbnb Inc,6170000.0,6167988.58,0.020709962182,DBT,CORP,2036-03-16,5.25,Fixed
12189LBK6,US12189LBK61,BURLINGTN NORTH SANTA FE,Burlington Northern Santa Fe LLC,10160000.0,9434876.74,0.03167903733,DBT,CORP,2054-04-15,5.2,Fixed
29379VBU6,US29379VBU61,ENTERPRISE PRODUCTS OPER,Enterprise Products Operating LLC,6698000.0,5916232.21,0.01986465178,DBT,CORP,2049-02-01,4.8,Fixed
30231GBF8,US30231GBF81,EXXON MOBIL CORPORATION,Exxon Mobil Corp,15674000.0,14181098.52,0.047615200683,DBT,CORP,2040-03-19,4.23,Fixed
37045XFJ0,US37045XFJ00,GENERAL MOTORS FINL CO,General Motors Financial Co Inc,9705000.0,9935732.49,0.033360736883,DBT,CORP,2030-07-15,5.45,Fixed
931142EZ2,US931142EZ26,WALMART INC,Walmart Inc,9078000.0,7876433.2,0.026446325505,DBT,CORP,2052-09-09,4.5,Fixed
12189LBL4,US12189LBL45,BURLINGTN NORTH SANTA FE,Burlington Northern Santa Fe LLC,8895000.0,8659104.6,0.029074264076,DBT,CORP,2055-03-15,5.5,Fixed
74949LAD4,US74949LAD47,RELX CAPITAL INC,RELX Capital Inc,7896000.0,7436351.73,0.024968684864,DBT,CORP,2030-05-22,3.0,Fixed
28622HAB7,US28622HAB78,ELEVANCE HEALTH INC,Elevance Health Inc,9266000.0,9149420.75,0.030720575316,DBT,CORP,2033-02-15,4.75,Fixed
58933YBJ3,US58933YBJ38,MERCK & CO INC,Merck & Co Inc,6768000.0,6737904.06,0.022623540309,DBT,CORP,2030-05-17,4.3,Fixed
023135CH7,US023135CH74,AMAZON.COM INC,Amazon.com Inc,13882000.0,13220661.52,0.044390387004,DBT,CORP,2032-04-13,3.6,Fixed
161175BL7,US161175BL78,CHARTER COMM OPT LLC/CAP,Charter Communications Operating LLC / Charter Communications Operating Capital,17779000.0,14328990.38,0.048111770154,DBT,CORP,2047-05-01,5.38,Fixed
444859CA8,US444859CA81,HUMANA INC,Humana Inc,10613000.0,10771980.62,0.036168567495,DBT,CORP,2031-04-15,5.38,Fixed
03769MAE6,US03769MAE66,APOLLO GLOBAL MANAGEMENT,Apollo Global Management Inc,7476000.0,7318781.22,0.024573923949,DBT,CORP,2035-08-12,5.15,Fixed
06738EBV6,US06738EBV65,BARCLAYS PLC,Barclays PLC,6082000.0,5446798.35,0.018288456014,DBT,CORP,2032-11-24,2.89,Fixed
009066AD3,US009066AD31,AIRBNB INC,Airbnb Inc,9473000.0,9469123.65,0.031794026552,DBT,CORP,2031-03-16,4.65,Fixed
92343VGW8,US92343VGW81,VERIZON COMMUNICATIONS,Verizon Communications Inc,7162000.0,6838226.03,0.022960386621,DBT,CORP,2054-02-23,5.5,Fixed
209111FD0,US209111FD03,CON EDISON CO OF NY INC,Consolidated Edison Co of New York Inc,4851000.0,4175520.56,0.014019946983,DBT,CORP,2044-03-15,4.45,Fixed
337738BL1,US337738BL17,FISERV INC,Fiserv Inc,6752000.0,6724033.22,0.022576966849,DBT,CORP,2034-03-15,5.45,Fixed
882508BD5,US882508BD51,TEXAS INSTRUMENTS INC,Texas Instruments Inc,12260000.0,10167323.44,0.034138338812,DBT,CORP,2048-05-15,4.15,Fixed
594918CD4,US594918CD48,MICROSOFT CORP,Microsoft Corp,26143000.0,14669998.05,0.049256755405,DBT,CORP,2060-06-01,2.68,Fixed
931142EY5,US931142EY50,WALMART INC,Walmart Inc,10835000.0,10730138.87,0.036028077439,DBT,CORP,2032-09-09,4.15,Fixed
456837BV4,US456837BV47,ING GROEP NV,ING Groep NV,12012000.0,12032510.49,0.040400988745,DBT,CORP,2037-03-23,5.42,Fixed
254709AS7,US254709AS70,CAPITAL ONE FINANCIAL CO,Capital One Financial Corp,3692000.0,4022410.0,0.013505854931,DBT,CORP,2032-11-29,6.7,Fixed
25746UDW6,US25746UDW62,DOMINION ENERGY INC,Dominion Energy Inc,5474000.0,5544476.11,0.018616423987,DBT,CORP,2030-06-15,5.0,Fixed
36186CBY8,US36186CBY84,ALLY FINANCIAL INC,Ally Financial Inc,13273000.0,14811587.58,0.049732163842,DBT,CORP,2031-11-01,8.0,Fixed
30231GBM3,US30231GBM33,EXXON MOBIL CORPORATION,Exxon Mobil Corp,19793000.0,14182011.08,0.047618264742,DBT,CORP,2051-04-15,3.45,Fixed
92343VFR0,US92343VFR06,VERIZON COMMUNICATIONS,Verizon Communications Inc,11960000.0,10553475.3,0.035434902564,DBT,CORP,2031-01-20,1.75,Fixed
22160KAQ8,US22160KAQ85,COSTCO WHOLESALE CORP,Costco Wholesale Corp,9210000.0,7999572.99,0.026859786127,DBT,CORP,2032-04-20,1.75,Fixed
126650DN7,US126650DN71,CVS HEALTH CORP,CVS Health Corp,11556000.0,10233764.79,0.034361425776,DBT,CORP,2030-08-21,1.75,Fixed
05964HBJ3,US05964HBJ32,BANCO SANTANDER SA,Banco Santander SA,6522000.0,6682389.68,0.022437142313,DBT,CORP,2030-01-17,5.57,Fixed
30303M8Y1,US30303M8Y18,META PLATFORMS INC,Meta Platforms Inc,32349000.0,29532443.74,0.099159683107,DBT,CORP,2065-11-15,5.75,Fixed
04636NAB9,US04636NAB91,ASTRAZENECA FINANCE LLC,Astrazeneca Finance LLC,8105000.0,7291061.05,0.024480849251,DBT,CORP,2031-05-28,2.25,Fixed
87264ADW2,US87264ADW27,T-MOBILE USA INC,T-Mobile USA Inc,5981000.0,5883864.37,0.019755971822,DBT,CORP,2033-01-15,4.63,Fixed
747525AJ2,US747525AJ27,QUALCOMM INC,QUALCOMM Inc,8089000.0,7987692.56,0.026819895772,DBT,CORP,2035-05-20,4.65,Fixed
98389BBB5,US98389BBB53,XCEL ENERGY INC,Xcel Energy Inc,5767000.0,5889342.29,0.019774364774,DBT,CORP,2034-03-15,5.5,Fixed
52532XAJ4,US52532XAJ46,LEIDOS INC,Leidos Inc,2409000.0,2494735.59,0.008376455152,DBT,CORP,2033-03-15,5.75,Fixed
023135BS4,US023135BS49,AMAZON.COM INC,Amazon.com Inc,15916000.0,14243863.45,0.047825943506,DBT,CORP,2030-06-03,1.5,Fixed
76720AAU0,US76720AAU07,RIO TINTO FIN USA PLC,RIO TINTO FIN USA PLC,10325000.0,10518743.46,0.035318285115,DBT,CORP,2035-03-14,5.25,Fixed
87612BBQ4,US87612BBQ41,TARGA RESOURCES PARTNERS,Targa Resources Partners LP / Targa Resources Partners Finance Corp,4740000.0,4803530.69,0.016128586757,DBT,CORP,2030-03-01,5.5,Fixed
931142EV1,US931142EV12,WALMART INC,Walmart Inc,11970000.0,7431919.24,0.024953802103,DBT,CORP,2051-09-22,2.65,Fixed
89352HAZ2,US89352HAZ29,TRANSCANADA PIPELINES,TransCanada PipeLines Ltd,3915000.0,3664108.79,0.012302803983,DBT,CORP,2049-03-15,5.1,Fixed
03938LBM5,US03938LBM54,ARCELORMITTAL SA,ArcelorMittal SA,6990000.0,6942973.38,0.023312091821,DBT,CORP,2036-05-19,5.38,Fixed
57636QAL8,US57636QAL86,MASTERCARD INC,Mastercard Inc,8225000.0,6163903.01,0.020696244257,DBT,CORP,2049-06-01,3.65,Fixed
718172CW7,US718172CW74,PHILIP MORRIS INTL INC,Philip Morris International Inc,8826000.0,9125207.58,0.030639275905,DBT,CORP,2029-11-17,5.63,Fixed
532457CX4,US532457CX41,ELI LILLY & CO,Eli Lilly & Co,7838000.0,7987220.63,0.026818311195,DBT,CORP,2035-02-12,5.1,Fixed
92343VFX7,US92343VFX73,VERIZON COMMUNICATIONS,Verizon Communications Inc,5699000.0,5042768.13,0.016931862942,DBT,CORP,2030-10-30,1.68,Fixed
009158BC9,US009158BC97,AIR PRODUCTS & CHEMICALS,Air Products and Chemicals Inc,9826000.0,8956563.09,0.030073026314,DBT,CORP,2030-05-15,2.05,Fixed
172967QF1,US172967QF11,CITIGROUP INC,Citigroup Inc,18850000.0,18631487.03,0.062558058722,DBT,CORP,2031-09-11,4.5,Fixed
871829BR7,US871829BR76,SYSCO CORPORATION,Sysco Corp,6690000.0,4264266.21,0.014317924036,DBT,CORP,2051-12-14,3.15,Fixed
760759BC3,US760759BC31,REPUBLIC SERVICES INC,Republic Services Inc,5350000.0,5391689.88,0.018103420923,DBT,CORP,2034-04-01,5.0,Fixed
404280CH0,US404280CH04,HSBC HOLDINGS PLC,HSBC Holdings PLC,8865000.0,8209532.54,0.027564757332,DBT,CORP,2031-06-04,2.85,Fixed
458140CH1,US458140CH18,INTEL CORP,Intel Corp,6163000.0,5998766.53,0.020141773345,DBT,CORP,2043-02-10,5.63,Fixed
48305QAF0,US48305QAF00,KAISER FOUNDATION HOSPIT,Kaiser Foundation Hospitals,4508000.0,3306245.64,0.011101223888,DBT,CORP,2041-06-01,2.81,Fixed
822905AE5,US822905AE56,SHELL FINANCE US INC,Shell Finance US Inc,13442000.0,10755831.37,0.036114343926,DBT,CORP,2046-05-10,4.0,Fixed
36962G3P7,US36962G3P70,GENERAL ELECTRIC CO,General Electric Co,6191000.0,6591240.1,0.0221310937,DBT,CORP,2038-01-14,5.88,Fixed
37045XEZ5,US37045XEZ50,GENERAL MOTORS FINL CO,General Motors Financial Co Inc,6016000.0,6048109.2,0.020307448884,DBT,CORP,2029-10-06,4.9,Fixed
24703TAM8,US24703TAM80,DELL INT LLC / EMC CORP,Dell International LLC / EMC Corp,6134000.0,6214580.52,0.020866401725,DBT,CORP,2030-04-01,5.0,Fixed
883556DK5,US883556DK59,THERMO FISHER SCIENTIFIC,Thermo Fisher Scientific Inc,5373000.0,5320392.42,0.017864028829,DBT,CORP,2046-02-12,5.55,Fixed
023135AQ9,US023135AQ91,AMAZON.COM INC,Amazon.com Inc,13412000.0,12611072.91,0.042343600292,DBT,CORP,2044-12-05,4.95,Fixed
960386AT7,US960386AT71,WESTINGHOUSE AIR BRAKE,Westinghouse Air Brake Technologies Corp,5566000.0,5691949.67,0.019111588953,DBT,CORP,2035-05-29,5.5,Fixed
404121AL9,US404121AL94,HCA INC,HCA Inc,7354000.0,7143571.91,0.023985631974,DBT,CORP,2054-09-15,5.95,Fixed
30231GAZ5,US30231GAZ54,EXXON MOBIL CORPORATION,Exxon Mobil Corp,9022000.0,6132599.84,0.020591139091,DBT,CORP,2049-08-16,3.1,Fixed
38141GYK4,US38141GYK48,GOLDMAN SACHS GROUP INC,Goldman Sachs Group Inc/The,14710000.0,10617452.94,0.035649717246,DBT,CORP,2042-07-21,2.91,Fixed
822905AZ8,US822905AZ85,SHELL FINANCE US INC,Shell Finance US Inc,5176000.0,3482655.04,0.011693545348,DBT,CORP,2049-11-07,3.13,Fixed
20030NDQ1,US20030NDQ16,COMCAST CORP,Comcast Corp,8701000.0,4305066.86,0.014454918439,DBT,CORP,2062-08-15,2.65,Fixed
00287YDV8,US00287YDV83,ABBVIE INC,AbbVie Inc,10414000.0,10183222.64,0.034191722801,DBT,CORP,2044-03-15,5.35,Fixed
713448FZ6,US713448FZ69,PEPSICO INC,PepsiCo Inc,6014000.0,5788837.04,0.019436903071,DBT,CORP,2054-07-17,5.25,Fixed
14448CAL8,US14448CAL81,CARRIER GLOBAL CORP,Carrier Global Corp,8380000.0,7706966.17,0.025877314111,DBT,CORP,2031-02-15,2.7,Fixed
06051GJE0,US06051GJE08,BANK OF AMERICA CORP,Bank of America Corp,36594000.0,26501019.84,0.088981215116,DBT,CORP,2041-06-19,2.68,Fixed
29446MAC6,US29446MAC64,EQUINOR ASA,Equinor ASA,2312000.0,1605861.79,0.005391925829,DBT,CORP,2049-11-18,3.25,Fixed
969457CR9,US969457CR92,WILLIAMS COMPANIES INC,Williams Cos Inc/The,7794000.0,7778711.29,0.026118209291,DBT,CORP,2030-06-30,4.63,Fixed
416515BF0,US416515BF08,HARTFORD INSUR GRP INC/T,Hartford Insurance Group Inc/The,6117000.0,4440945.06,0.014911150215,DBT,CORP,2049-08-19,3.6,Fixed
29278NAR4,US29278NAR44,ENERGY TRANSFER LP,Energy Transfer LP,14180000.0,12090184.21,0.040594637055,DBT,CORP,2050-05-15,5.0,Fixed
02079KAK3,US02079KAK34,ALPHABET INC,Alphabet Inc,7354000.0,7266413.86,0.024398092552,DBT,CORP,2030-05-15,4.0,Fixed
11135FDD0,US11135FDD06,BROADCOM INC,Broadcom Inc,10341000.0,10296010.45,0.034570425071,DBT,CORP,2056-01-15,5.7,Fixed
883556CX8,US883556CX89,THERMO FISHER SCIENTIFIC,Thermo Fisher Scientific Inc,7324000.0,7434763.78,0.02496335308,DBT,CORP,2033-08-10,5.09,Fixed
055451BA5,US055451BA54,BHP BILLITON FIN USA LTD,BHP Billiton Finance USA Ltd,7684000.0,7727794.19,0.025947247364,DBT,CORP,2033-02-28,4.9,Fixed
871829BL0,US871829BL07,SYSCO CORPORATION,Sysco Corp,10655000.0,11064498.29,0.037150740177,DBT,CORP,2030-04-01,5.95,Fixed
06738ECS2,US06738ECS28,BARCLAYS PLC,Barclays PLC,4512000.0,4678318.64,0.015708168206,DBT,CORP,2055-03-12,6.04,Fixed
666807BH4,US666807BH45,NORTHROP GRUMMAN CORP,Northrop Grumman Corp,7478000.0,6801650.79,0.022837579676,DBT,CORP,2043-06-01,4.75,Fixed
24703DBU4,US24703DBU46,DELL INT LLC / EMC CORP,Dell International LLC / EMC Corp,7326000.0,7271607.38,0.024415530588,DBT,CORP,2036-02-15,5.1,Fixed
46647PBU9,US46647PBU93,JPMORGAN CHASE & CO,JPMorgan Chase & Co,9765000.0,8598869.56,0.028872015745,DBT,CORP,2031-11-19,1.76,Fixed
55336VAM2,US55336VAM28,MPLX LP,MPLX LP,15870000.0,14409137.93,0.048380877775,DBT,CORP,2038-04-15,4.5,Fixed
373334KP5,US373334KP56,GEORGIA POWER CO,Georgia Power Co,5861000.0,3974590.85,0.013345294843,DBT,CORP,2051-03-15,3.25,Fixed
459200LJ8,US459200LJ85,IBM CORP,International Business Machines Corp,8695000.0,8772259.42,0.029454198639,DBT,CORP,2035-02-10,5.2,Fixed
05724BAQ2,US05724BAQ23,BAKER HUGHES LLC/CO-OBL,Baker Hughes Holdings LLC / Baker Hughes Co-Obligor Inc,13480000.0,13432168.92,0.045100555351,DBT,CORP,2056-06-15,5.85,Fixed
446150AS3,US446150AS35,HUNTINGTON BANCSHARES,Huntington Bancshares Inc/OH,7348000.0,6808126.27,0.022859322087,DBT,CORP,2030-02-04,2.55,Fixed
89236TPS8,US89236TPS86,TOYOTA MOTOR CREDIT CORP,Toyota Motor Credit Corp,8624000.0,8491467.23,0.028511396044,DBT,CORP,2033-03-11,4.6,Fixed
05724BAP4,US05724BAP40,BAKER HUGHES LLC/CO-OBL,Baker Hughes Holdings LLC / Baker Hughes Co-Obligor Inc,14743000.0,14499912.99,0.048685668881,DBT,CORP,2036-06-15,5.0,Fixed
444859CB6,US444859CB64,HUMANA INC,Humana Inc,7075000.0,6551227.85,0.021996746469,DBT,CORP,2054-04-15,5.75,Fixed
06849RAK8,US06849RAK86,BARRICK NA FINANCE LLC,Barrick North America Finance LLC,6698000.0,6788827.56,0.022794523726,DBT,CORP,2043-05-01,5.75,Fixed
456837BR3,US456837BR35,ING GROEP NV,ING Groep NV,6368000.0,6430129.39,0.021590139924,DBT,CORP,2031-03-25,5.07,Fixed
532457DL9,US532457DL93,ELI LILLY & CO,Eli Lilly & Co,11646000.0,11588762.24,0.038911036331,DBT,CORP,2031-05-20,4.38,Fixed
031162DV9,US031162DV90,AMGEN INC,Amgen Inc,9776000.0,9603848.55,0.032246385948,DBT,CORP,2031-02-19,4.2,Fixed
828807DH7,US828807DH72,SIMON PROPERTY GROUP LP,Simon Property Group LP,8530000.0,5874543.61,0.019724675949,DBT,,2049-09-13,3.25,Fixed
931142EU3,US931142EU39,WALMART INC,Walmart Inc,8996000.0,6476405.72,0.021745519758,DBT,CORP,2041-09-22,2.5,Fixed
