Name,Sector,Asset Class,Market Value,Weight (%),Notional Value,Par Value,Price,Location,Exchange,Currency,Duration,YTM (%),FX Rate,Maturity,Coupon (%),Mod. Duration,Yield to Call (%),Yield to Worst (%),Real Duration,Real YTM (%),Market Currency,Accrual Date,Effective Date
BLK CSH FND TREASURY SL AGENCY,Cash and/or Derivatives,Money Market,194080000.23,0.56385,194080000.23,194080000,1.0,United States,--,USD,0.09,3.56,1,,3.7,0.1,,3.56,0.1,3.56,USD,,2009-02-04
ANHEUSER-BUSCH COMPANIES LLC,Consumer Non-Cyclical,Fixed Income,63189211.34,0.18358,63189211.34,69707000,88.32,Belgium,--,USD,11.46,5.92,1,2046-02-01,4.9,11.65,,5.92,11.65,5.92,USD,2019-02-01,2019-05-13
USD CASH,Cash and/or Derivatives,Cash,61275600.05,0.17802,61275600.05,61275600,100.0,United States,--,USD,0.0,3.7,1,,0.0,0.0,,3.7,0.0,3.7,USD,,1989-01-01
CVS HEALTH CORP,Consumer Non-Cyclical,Fixed Income,54377690.51,0.15798,54377690.51,62588000,85.24,United States,--,USD,11.85,6.31,1,2048-03-25,5.05,12.06,,6.31,12.06,6.31,USD,2018-03-09,2018-03-09
T-MOBILE USA INC,Communications,Fixed Income,53183769.49,0.15451,53183769.49,54674000,96.23,United States,--,USD,3.35,4.99,1,2030-04-15,3.88,3.38,,4.99,3.38,4.99,USD,2021-04-15,2021-05-21
GOLDMAN SACHS GROUP INC/THE,Banking,Fixed Income,50855629.54,0.14775,50855629.54,46448000,107.41,United States,--,USD,7.8,5.84,1,2037-10-01,6.75,7.78,,5.84,7.78,5.84,USD,2007-10-03,2007-10-03
META PLATFORMS INC,Communications,Fixed Income,50640914.31,0.14712,50640914.31,52873000,94.87,United States,--,USD,7.25,5.59,1,2035-11-15,4.88,7.27,,5.59,7.27,5.59,USD,2025-11-03,2025-11-03
AMAZON.COM INC,Consumer Cyclical,Fixed Income,49900750.86,0.14497,49900750.86,51138000,95.83,United States,--,USD,7.4,5.43,1,2036-03-13,4.88,7.42,,5.43,7.42,5.43,USD,2026-03-13,2026-03-13
META PLATFORMS INC,Communications,Fixed Income,48370814.76,0.14053,48370814.76,50469000,94.48,United States,--,USD,12.53,6.73,1,2056-05-15,6.3,12.76,,6.73,12.76,6.73,USD,2026-05-04,2026-05-04
META PLATFORMS INC,Communications,Fixed Income,48299195.47,0.14032,48299195.47,55418000,86.11,United States,--,USD,12.78,6.71,1,2055-11-15,5.63,13.01,,6.71,13.01,6.71,USD,2025-11-03,2025-11-03
PFIZER INVESTMENT ENTERPRISES PTE,Consumer Non-Cyclical,Fixed Income,48153763.5,0.1399,48153763.5,52677000,90.49,United States,--,USD,13.17,6.02,1,2053-05-19,5.3,13.44,,6.02,13.44,6.02,USD,2023-05-19,2023-05-19
SPACE EXPLORATION TECHNOLOGIES COR 144A,Communications,Fixed Income,46744203.79,0.1358,46744203.79,49359000,94.28,United States,--,USD,7.36,6.67,1,2036-07-15,5.88,7.33,,6.67,7.33,6.67,USD,2026-06-26,2026-06-26
PFIZER INVESTMENT ENTERPRISES PTE,Consumer Non-Cyclical,Fixed Income,45419050.15,0.13195,45419050.15,46047000,97.81,United States,--,USD,5.65,5.13,1,2033-05-19,4.75,5.7,,5.13,5.7,5.13,USD,2023-05-19,2023-05-19
BOEING CO,Capital Goods,Fixed Income,44972168.09,0.13065,44972168.09,46462000,95.49,United States,--,USD,12.13,6.17,1,2050-05-01,5.8,12.38,,6.17,12.38,6.17,USD,2020-05-04,2020-05-04
SPACE EXPLORATION TECHNOLOGIES COR 144A,Communications,Fixed Income,44706868.84,0.12988,44706868.84,46263000,96.23,United States,--,USD,5.65,6.32,1,2033-07-15,5.65,5.64,,6.32,5.64,6.32,USD,2026-06-26,2026-06-26
META PLATFORMS INC,Communications,Fixed Income,44205043.32,0.12843,44205043.32,45231000,96.59,United States,--,USD,7.44,5.71,1,2036-05-15,5.25,7.45,,5.71,7.45,5.71,USD,2026-05-04,2026-05-04
ANHEUSER-BUSCH COMPANIES LLC,Consumer Non-Cyclical,Fixed Income,44087807.56,0.12809,44087807.56,45138000,95.44,Belgium,--,USD,7.29,5.32,1,2036-02-01,4.7,7.37,,5.32,7.37,5.32,USD,2019-02-01,2019-05-13
SPACE EXPLORATION TECHNOLOGIES COR 144A,Communications,Fixed Income,43248182.56,0.12565,43248182.56,44200000,97.46,United States,--,USD,4.3,5.94,1,2031-07-15,5.35,4.29,,5.94,4.29,5.94,USD,2026-06-26,2026-06-26
BANK OF AMERICA CORP MTN,Banking,Fixed Income,42759939.04,0.12423,42759939.04,41367000,100.65,United States,--,USD,5.84,5.36,1,2035-01-23,5.47,5.93,,5.36,5.93,5.36,USD,2024-01-23,2024-01-23
AT&T INC,Communications,Fixed Income,42555088.93,0.12363,42555088.93,67814000,61.5,United States,--,USD,14.2,6.52,1,2055-09-15,3.55,14.43,,6.52,14.43,6.52,USD,2021-03-15,2021-09-03
WELLS FARGO & COMPANY MTN,Banking,Fixed Income,41763058.8,0.12133,41763058.8,47384000,86.63,United States,--,USD,11.74,6.13,1,2051-04-04,5.01,12.8,,6.08,12.76,6.08,USD,2020-03-30,2020-03-30
WELLS FARGO & COMPANY MTN,Banking,Fixed Income,41479003.63,0.12051,41479003.63,41234000,98.19,United States,--,USD,4.94,5.32,1,2033-07-25,4.9,5.01,,5.25,5.01,5.25,USD,2022-07-25,2022-07-25
AMAZON.COM INC,Consumer Cyclical,Fixed Income,41107707.27,0.11943,41107707.27,43019000,93.48,United States,--,USD,13.01,6.29,1,2056-03-13,5.8,13.28,,6.29,13.28,6.29,USD,2026-03-13,2026-03-13
BANK OF AMERICA CORP MTN,Banking,Fixed Income,40374097.89,0.1173,40374097.89,39821000,100.11,United States,--,USD,5.48,5.3,1,2034-04-25,5.29,5.55,,5.27,5.55,5.27,USD,2023-04-25,2023-04-25
NVIDIA CORPORATION,Technology,Fixed Income,40104196.58,0.11651,40104196.58,41186000,96.91,United States,--,USD,7.64,5.36,1,2036-06-15,4.95,7.66,,5.36,7.66,5.36,USD,2026-06-18,2026-06-18
ORACLE CORPORATION,Technology,Fixed Income,39617615.04,0.1151,39617615.04,41827000,92.06,United States,--,USD,6.98,6.85,1,2036-02-04,5.7,6.94,,6.85,6.94,6.85,USD,2026-02-04,2026-02-04
BANK OF AMERICA CORP MTN,Banking,Fixed Income,39613357.88,0.11509,39613357.88,50840000,76.53,United States,--,USD,12.35,5.97,1,2051-03-20,4.08,13.47,,5.94,13.44,5.94,USD,2020-03-20,2020-03-20
ABBVIE INC,Consumer Non-Cyclical,Fixed Income,39381619.22,0.11441,39381619.22,41125000,95.22,United States,--,USD,3.07,4.77,1,2029-11-21,3.2,3.09,,4.77,3.09,4.77,USD,2020-05-21,2020-11-17
ANHEUSER-BUSCH INBEV WORLDWIDE INC,Consumer Non-Cyclical,Fixed Income,39050633.42,0.11345,39050633.42,39922000,95.06,Belgium,--,USD,11.9,5.95,1,2049-01-23,5.55,12.14,,5.95,12.14,5.95,USD,2019-01-23,2019-01-23
AT&T INC,Communications,Fixed Income,39032666.17,0.1134,39032666.17,61689000,62.04,United States,--,USD,13.97,6.49,1,2053-09-15,3.5,14.19,,6.49,14.19,6.49,USD,2021-03-15,2021-09-03
AMAZON.COM INC,Consumer Cyclical,Fixed Income,38886050.33,0.11297,38886050.33,39366000,97.26,United States,--,USD,4.08,4.92,1,2031-03-13,4.25,4.09,,4.92,4.09,4.92,USD,2026-03-13,2026-03-13
ORACLE CORPORATION,Technology,Fixed Income,38775425.7,0.11265,38775425.7,43322000,86.38,United States,--,USD,11.12,7.9,1,2056-02-04,6.7,11.27,,7.9,11.27,7.9,USD,2026-02-04,2026-02-04
BANK OF AMERICA CORP MTN,Banking,Fixed Income,38762200.75,0.11261,38762200.75,39178000,98.94,United States,--,USD,5.06,5.3,1,2033-07-22,5.01,5.11,,5.22,5.12,5.22,USD,2022-07-22,2022-07-22
NVIDIA CORPORATION,Technology,Fixed Income,38616198.69,0.11219,38616198.69,38988000,98.62,United States,--,USD,4.31,4.82,1,2031-06-15,4.5,4.32,,4.82,4.32,4.82,USD,2026-06-18,2026-06-18
SALESFORCE INC,Technology,Fixed Income,38508258.77,0.11188,38508258.77,38633000,97.69,United States,--,USD,7.2,5.87,1,2036-03-15,5.55,7.21,,5.87,7.21,5.87,USD,2026-03-13,2026-03-13
CVS HEALTH CORP,Consumer Non-Cyclical,Fixed Income,38336308.19,0.11138,38336308.19,41148000,91.61,United States,--,USD,8.5,5.78,1,2038-03-25,4.78,8.55,,5.78,8.55,5.78,USD,2018-03-09,2018-03-09
BANK OF AMERICA CORP,Banking,Fixed Income,37556951.73,0.10911,37556951.73,42946000,87.45,United States,--,USD,4.59,5.13,1,2032-07-21,2.3,4.61,,5.13,4.61,5.13,USD,2021-07-21,2021-07-21
MORGAN STANLEY MTN,Banking,Fixed Income,37317341.67,0.10842,37317341.67,37795000,97.34,United States,--,USD,7.18,5.63,1,2037-04-10,5.3,7.36,,5.63,7.36,5.63,USD,2026-04-17,2026-04-17
ABBVIE INC,Consumer Non-Cyclical,Fixed Income,36944700.59,0.10733,36944700.59,46644000,78.49,United States,--,USD,13.08,5.97,1,2049-11-21,4.25,13.33,,5.97,13.33,5.97,USD,2020-05-21,2020-11-17
AMGEN INC,Consumer Non-Cyclical,Fixed Income,36549405.08,0.10618,36549405.08,35637000,100.52,United States,--,USD,5.36,5.16,1,2033-03-02,5.25,5.42,,5.15,5.25,5.15,USD,2023-03-02,2023-03-02
BANK OF AMERICA CORP MTN,Banking,Fixed Income,36534738.0,0.10614,36534738.0,40405000,89.75,United States,--,USD,4.31,5.11,1,2032-04-22,2.69,4.33,,5.11,4.33,5.11,USD,2021-04-22,2021-04-22
JPMORGAN CHASE & CO,Banking,Fixed Income,36039477.82,0.1047,36039477.82,39686000,89.35,United States,--,USD,4.86,5.17,1,2033-01-25,2.96,4.88,,5.17,4.89,5.17,USD,2022-01-25,2022-01-25
JPMORGAN CHASE & CO,Banking,Fixed Income,35919989.13,0.10436,35919989.13,35524000,100.36,United States,--,USD,5.58,5.31,1,2034-06-01,5.35,5.64,,5.29,5.64,5.29,USD,2023-06-01,2023-06-01
WELLS FARGO & COMPANY MTN,Banking,Fixed Income,35840670.47,0.10413,35840670.47,34513000,101.11,United States,--,USD,5.51,5.39,1,2034-07-25,5.56,5.6,,5.36,5.6,5.36,USD,2023-07-25,2023-07-25
GOLDMAN SACHS GROUP INC/THE MTN,Banking,Fixed Income,35784410.16,0.10396,35784410.16,35793000,99.96,United States,--,USD,7.37,5.62,1,2037-07-21,5.66,7.56,,5.62,7.56,5.62,USD,2026-07-21,2026-07-21
META PLATFORMS INC,Communications,Fixed Income,35377235.16,0.10278,35377235.16,36378000,95.91,United States,--,USD,10.8,6.57,1,2046-05-15,6.2,10.98,,6.57,10.98,6.57,USD,2026-05-04,2026-05-04
GOLDMAN SACHS GROUP INC/THE MTN,Banking,Fixed Income,35310675.03,0.10259,35310675.03,35368000,99.82,United States,--,USD,4.32,5.22,1,2032-07-21,5.24,4.34,,5.22,4.34,5.22,USD,2026-07-21,2026-07-21
GOLDMAN SACHS GROUP INC/THE,Banking,Fixed Income,35114550.07,0.10202,35114550.07,36775000,95.47,United States,--,USD,7.21,5.63,1,2037-01-21,5.07,7.39,,5.63,7.39,5.63,USD,2026-01-21,2026-01-21
META PLATFORMS INC,Communications,Fixed Income,34859091.33,0.10127,34859091.33,40631000,84.72,United States,--,USD,13.44,6.88,1,2065-11-15,5.75,13.68,,6.88,13.68,6.88,USD,2025-11-03,2025-11-03
ALPHABET INC,Technology,Fixed Income,34766208.4,0.101,34766208.4,35445000,95.96,United States,--,USD,7.35,5.34,1,2036-02-15,4.8,7.37,,5.34,7.37,5.34,USD,2026-02-13,2026-02-13
VERIZON COMMUNICATIONS INC,Communications,Fixed Income,34579220.74,0.10046,34579220.74,39648000,86.38,United States,--,USD,5.12,5.16,1,2032-03-15,2.36,5.11,,5.16,5.11,5.16,USD,2022-03-15,2022-04-28
CITIGROUP INC,Banking,Fixed Income,34486032.74,0.10019,34486032.74,34782000,97.78,United States,--,USD,3.29,5.56,1,2031-03-31,4.41,3.3,,5.08,3.31,5.08,USD,2020-03-31,2020-03-31
MORGAN STANLEY MTN,Banking,Fixed Income,34179000.58,0.0993,34179000.58,34798000,95.83,United States,--,USD,7.06,5.59,1,2037-01-30,5.07,7.23,,5.59,7.23,5.59,USD,2026-02-02,2026-02-02
META PLATFORMS INC,Communications,Fixed Income,34115280.43,0.09911,34115280.43,38062000,88.61,United States,--,USD,11.0,6.55,1,2045-11-15,5.5,11.15,,6.55,11.15,6.55,USD,2025-11-03,2025-11-03
BANK OF AMERICA CORP MTN,Banking,Fixed Income,34103626.64,0.09908,34103626.64,34476000,96.59,United States,--,USD,7.13,5.46,1,2037-02-06,5.04,7.27,,5.46,7.27,5.46,USD,2026-02-06,2026-02-06
ABBOTT LABORATORIES,Consumer Non-Cyclical,Fixed Income,33988894.4,0.09875,33988894.4,35279000,94.31,United States,--,USD,13.52,5.91,1,2056-03-15,5.5,13.81,,5.91,13.81,5.91,USD,2026-03-09,2026-03-09
AT&T INC,Communications,Fixed Income,33960466.73,0.09866,33960466.73,54458000,61.07,United States,--,USD,14.53,6.54,1,2059-09-15,3.65,14.77,,6.54,14.77,6.54,USD,2021-03-15,2021-09-03
JPMORGAN CHASE & CO MTN,Banking,Fixed Income,33895803.25,0.09848,33895803.25,34253000,97.81,United States,--,USD,4.14,5.07,1,2032-04-23,4.62,4.16,,5.07,4.16,5.07,USD,2026-04-23,2026-04-23
PFIZER INVESTMENT ENTERPRISES PTE,Consumer Non-Cyclical,Fixed Income,33670173.41,0.09782,33670173.41,37729000,88.31,United States,--,USD,14.42,6.14,1,2063-05-19,5.34,14.71,,6.14,14.71,6.14,USD,2023-05-19,2023-05-19
AMGEN INC,Consumer Non-Cyclical,Fixed Income,33662638.61,0.0978,33662638.61,35077000,93.77,United States,--,USD,12.7,6.13,1,2053-03-02,5.65,12.96,,6.13,12.96,6.13,USD,2023-03-02,2023-03-02
WELLS FARGO & COMPANY MTN,Banking,Fixed Income,33240361.93,0.09657,33240361.93,36057000,90.89,United States,--,USD,4.88,5.23,1,2033-03-02,3.35,4.93,,5.23,4.93,5.23,USD,2022-03-02,2022-03-02
SALESFORCE INC,Technology,Fixed Income,33167840.68,0.09636,33167840.68,33070000,98.54,United States,--,USD,4.43,5.23,1,2031-09-15,4.9,4.41,,5.23,4.41,5.23,USD,2026-03-13,2026-03-13
ALPHABET INC,Technology,Fixed Income,32732457.23,0.0951,32732457.23,34116000,93.45,United States,--,USD,13.16,6.13,1,2056-02-15,5.65,13.43,,6.13,13.43,6.13,USD,2026-02-13,2026-02-13
ORACLE CORPORATION,Technology,Fixed Income,32702881.67,0.09501,32702881.67,35886000,89.45,United States,--,USD,6.96,6.76,1,2035-09-26,5.2,6.93,,6.76,6.93,6.76,USD,2025-09-26,2025-09-26
NVIDIA CORPORATION,Technology,Fixed Income,32691817.78,0.09498,32691817.78,34617000,93.91,United States,--,USD,13.56,6.07,1,2056-06-15,5.63,13.84,,6.07,13.84,6.07,USD,2026-06-18,2026-06-18
ABBOTT LABORATORIES,Consumer Non-Cyclical,Fixed Income,32684773.25,0.09496,32684773.25,33695000,95.28,United States,--,USD,7.47,5.28,1,2036-03-15,4.65,7.5,,5.28,7.5,5.28,USD,2026-03-09,2026-03-09
AMAZON.COM INC,Consumer Cyclical,Fixed Income,32353099.08,0.09399,32353099.08,32904000,96.7,United States,--,USD,5.53,5.14,1,2033-03-13,4.55,5.55,,5.14,5.55,5.14,USD,2026-03-13,2026-03-13
MORGAN STANLEY MTN,Banking,Fixed Income,32218686.25,0.0936,32218686.25,32394000,97.77,United States,--,USD,4.02,5.2,1,2032-03-12,4.71,4.04,,5.2,4.04,5.2,USD,2026-03-13,2026-03-13
WELLS FARGO & COMPANY (FXD-FRN) MTN,Banking,Fixed Income,32170446.23,0.09346,32170446.23,32742000,95.79,United States,--,USD,7.1,5.46,1,2037-01-23,4.96,7.25,,5.46,7.25,5.46,USD,2026-01-23,2026-01-23
GOLDMAN SACHS GROUP INC/THE,Banking,Fixed Income,31990860.52,0.09294,31990860.52,35247000,89.49,United States,--,USD,4.89,5.27,1,2033-02-24,3.1,4.94,,5.27,4.94,5.27,USD,2022-01-24,2022-01-24
ALPHABET INC,Technology,Fixed Income,31956644.93,0.09284,31956644.93,34804000,90.8,United States,--,USD,13.42,6.13,1,2055-11-15,5.45,13.7,,6.13,13.7,6.13,USD,2025-11-06,2025-11-06
JPMORGAN CHASE & CO MTN,Banking,Fixed Income,31956869.78,0.09284,31956869.78,32394000,97.38,United States,--,USD,7.3,5.46,1,2037-04-23,5.15,7.45,,5.46,7.45,5.46,USD,2026-04-23,2026-04-23
WELLS FARGO & COMPANY,Banking,Fixed Income,31935920.74,0.09278,31935920.74,29489000,106.69,United States,--,USD,5.63,5.4,1,2034-10-23,6.49,5.71,,5.36,5.71,5.36,USD,2023-10-23,2023-10-23
SALESFORCE INC,Technology,Fixed Income,31800915.27,0.09239,31800915.27,32352000,95.95,United States,--,USD,12.17,6.87,1,2056-03-15,6.55,12.4,,6.87,12.4,6.87,USD,2026-03-13,2026-03-13
BOEING CO,Capital Goods,Fixed Income,31704086.78,0.09211,31704086.78,31198000,100.46,United States,--,USD,3.27,5.01,1,2030-05-01,5.15,3.36,,5.0,3.15,5.0,USD,2020-05-04,2020-05-04
JPMORGAN CHASE & CO,Banking,Fixed Income,31663792.47,0.09199,31663792.47,31337000,98.63,United States,--,USD,4.95,5.25,1,2033-07-25,4.91,5.01,,5.18,5.01,5.18,USD,2022-07-25,2022-07-25
GOLDMAN SACHS GROUP INC/THE MTN,Banking,Fixed Income,31648722.13,0.09195,31648722.13,31545000,100.31,United States,--,USD,12.39,6.18,1,2057-07-21,6.21,13.55,,6.18,13.55,6.18,USD,2026-07-21,2026-07-21
MICROSOFT CORPORATION,Technology,Fixed Income,31556985.08,0.09168,31556985.08,51428000,60.35,United States,--,USD,14.8,5.96,1,2052-03-17,2.92,15.03,,5.96,15.03,5.96,USD,2021-03-17,2021-03-17
AT&T INC,Communications,Fixed Income,31323998.68,0.091,31323998.68,48890000,63.53,United States,--,USD,14.38,6.55,1,2057-12-01,3.8,14.62,,6.55,14.62,6.55,USD,2021-06-01,2021-09-03
ORACLE CORPORATION,Technology,Fixed Income,31174479.15,0.09057,31174479.15,31830000,95.63,United States,--,USD,3.91,6.07,1,2031-02-04,4.95,3.89,,6.07,3.89,6.07,USD,2026-02-04,2026-02-04
JPMORGAN CHASE & CO,Banking,Fixed Income,31176245.3,0.09057,31176245.3,28640000,107.66,United States,--,USD,8.28,5.51,1,2038-05-15,6.4,8.28,,5.51,8.28,5.51,USD,2008-05-22,2008-05-22
DEUTSCHE TELEKOM INTERNATIONAL FIN,Communications,Fixed Income,31085919.42,0.09031,31085919.42,27672000,111.44,Germany,--,USD,3.32,5.45,1,2030-06-15,8.75,3.3,,5.45,3.3,5.45,USD,2000-07-06,2000-07-06
AMAZON.COM INC,Consumer Cyclical,Fixed Income,31055890.28,0.09022,31055890.28,31366000,98.82,United States,--,USD,7.6,5.45,1,2036-07-09,5.3,7.63,,5.45,7.63,5.45,USD,2026-07-09,2026-07-09
AMAZON.COM INC,Consumer Cyclical,Fixed Income,30926106.29,0.08985,30926106.29,31640000,97.52,United States,--,USD,13.2,6.28,1,2056-07-09,6.1,13.46,,6.28,13.46,6.28,USD,2026-07-09,2026-07-09
META PLATFORMS INC,Communications,Fixed Income,30889912.34,0.08974,30889912.34,31647000,96.75,United States,--,USD,5.33,5.21,1,2032-11-15,4.6,5.35,,5.21,5.35,5.21,USD,2025-11-03,2025-11-03
BANK OF AMERICA CORP MTN,Banking,Fixed Income,30876418.89,0.0897,30876418.89,29324000,103.22,United States,--,USD,5.62,5.34,1,2034-09-15,5.87,5.69,,5.32,5.69,5.32,USD,2023-09-15,2023-09-15
WELLS FARGO & COMPANY MTN,Banking,Fixed Income,30605750.56,0.08892,30605750.56,30117000,100.35,United States,--,USD,3.3,5.07,1,2031-04-23,5.15,3.33,,5.04,3.34,5.04,USD,2025-04-23,2025-04-23
META PLATFORMS INC,Communications,Fixed Income,30551650.38,0.08876,30551650.38,32050000,93.93,United States,--,USD,13.21,6.9,1,2066-05-15,6.45,13.44,,6.9,13.44,6.9,USD,2026-05-04,2026-05-04
JPMORGAN CHASE & CO,Banking,Fixed Income,30348847.4,0.08817,30348847.4,29672000,100.89,United States,--,USD,6.65,5.44,1,2036-04-22,5.57,6.77,,5.44,6.77,5.44,USD,2025-04-22,2025-04-22
MICROSOFT CORPORATION,Technology,Fixed Income,30217100.1,0.08779,30217100.1,53079000,56.57,United States,--,USD,14.98,5.96,1,2050-06-01,2.52,15.19,,5.96,15.19,5.96,USD,2020-06-01,2020-06-01
HONEYWELL AEROSPACE INC 144A,Capital Goods,Fixed Income,30128903.97,0.08753,30128903.97,30725000,96.05,United States,--,USD,13.32,6.02,1,2056-03-16,5.73,13.6,,6.02,13.6,6.02,USD,2026-03-16,2026-03-16
HONEYWELL AEROSPACE INC 144A,Capital Goods,Fixed Income,29940204.06,0.08698,29940204.06,30460000,96.56,United States,--,USD,7.39,5.41,1,2036-03-16,4.95,7.41,,5.41,7.41,5.41,USD,2026-03-16,2026-03-16
BANK OF AMERICA CORP MTN,Banking,Fixed Income,29931481.49,0.08696,29931481.49,42114000,70.83,United States,--,USD,10.32,5.74,1,2041-06-19,2.68,10.83,,5.74,10.83,5.74,USD,2020-06-19,2020-06-19
BANK OF AMERICA CORP MTN,Banking,Fixed Income,29883370.81,0.08682,29883370.81,28936000,100.55,United States,--,USD,6.44,5.39,1,2036-01-24,5.51,6.55,,5.39,6.55,5.39,USD,2025-01-24,2025-01-24
GOLDMAN SACHS GROUP INC (FXD-FRN),Banking,Fixed Income,29844601.18,0.08671,29844601.18,30781000,96.95,United States,--,USD,3.99,5.18,1,2032-01-21,4.52,4.01,,5.18,4.01,5.18,USD,2026-01-21,2026-01-21
GOLDMAN SACHS GROUP INC/THE MTN,Banking,Fixed Income,29485343.85,0.08566,29485343.85,29686000,98.65,United States,--,USD,4.21,5.2,1,2032-06-03,4.97,4.23,,5.2,4.24,5.2,USD,2026-06-03,2026-06-03
NVIDIA CORPORATION,Technology,Fixed Income,29474448.12,0.08563,29474448.12,29938000,98.0,United States,--,USD,5.75,5.1,1,2033-06-15,4.75,5.78,,5.1,5.78,5.1,USD,2026-06-18,2026-06-18
BOEING CO,Capital Goods,Fixed Income,29406418.23,0.08543,29406418.23,30633000,94.66,United States,--,USD,13.59,6.31,1,2060-05-01,5.93,13.86,,6.31,13.86,6.31,USD,2020-05-04,2020-05-04
ASTRAZENECA PLC,Consumer Non-Cyclical,Fixed Income,29353688.02,0.08528,29353688.02,26456000,108.68,United Kingdom,--,USD,7.88,5.4,1,2037-09-15,6.45,7.88,,5.4,7.88,5.4,USD,2007-09-12,2007-09-12
META PLATFORMS INC,Communications,Fixed Income,29340910.55,0.08524,29340910.55,29899000,97.35,United States,--,USD,3.85,4.89,1,2030-11-15,4.2,3.86,,4.89,3.86,4.89,USD,2025-11-03,2025-11-03
JPMORGAN CHASE & CO,Banking,Fixed Income,29313773.71,0.08516,29313773.71,28197000,102.52,United States,--,USD,6.04,5.35,1,2035-04-22,5.77,6.13,,5.35,6.13,5.35,USD,2024-04-22,2024-04-22
MORGAN STANLEY MTN,Banking,Fixed Income,29302188.23,0.08513,29302188.23,29597000,98.96,United States,--,USD,6.31,5.46,1,2035-07-19,5.32,6.43,,5.46,6.43,5.46,USD,2024-07-19,2024-07-19
NVIDIA CORPORATION,Technology,Fixed Income,29267707.51,0.08503,29267707.51,30710000,94.78,United States,--,USD,11.44,6.0,1,2046-06-15,5.55,11.65,,6.0,11.65,6.0,USD,2026-06-18,2026-06-18
ABBVIE INC,Consumer Non-Cyclical,Fixed Income,29116189.74,0.08459,29116189.74,33691000,85.74,United States,--,USD,9.74,5.58,1,2039-11-21,4.05,9.8,,5.58,9.8,5.58,USD,2020-05-21,2020-11-17
ALPHABET INC,Technology,Fixed Income,28984016.33,0.08421,28984016.33,30015000,95.69,United States,--,USD,7.31,5.29,1,2035-11-15,4.7,7.34,,5.29,7.34,5.29,USD,2025-11-06,2025-11-06
AMAZON.COM INC,Consumer Cyclical,Fixed Income,28902299.04,0.08397,28902299.04,30193000,94.92,United States,--,USD,7.34,5.35,1,2035-11-20,4.65,7.36,,5.35,7.36,5.35,USD,2025-11-20,2025-11-20
WELLS FARGO & COMPANY MTN,Banking,Fixed Income,28899598.91,0.08396,28899598.91,28427000,100.35,United States,--,USD,5.46,5.36,1,2034-04-24,5.39,5.53,,5.33,5.53,5.33,USD,2023-04-24,2023-04-24
BANK OF AMERICA CORP MTN,Banking,Fixed Income,28893913.49,0.08394,28893913.49,29487000,96.91,United States,--,USD,4.89,5.23,1,2033-04-27,4.57,4.93,,5.2,4.94,5.2,USD,2022-04-27,2022-04-27
AT&T INC,Communications,Fixed Income,28802128.5,0.08368,28802128.5,34613000,82.85,United States,--,USD,6.49,5.41,1,2033-12-01,2.55,6.48,,5.41,6.48,5.41,USD,2021-06-01,2021-09-03
AMAZON.COM INC,Consumer Cyclical,Fixed Income,28762361.09,0.08356,28762361.09,28926000,99.26,United States,--,USD,4.34,4.97,1,2031-07-09,4.8,4.36,,4.97,4.36,4.97,USD,2026-07-09,2026-07-09
BANK OF AMERICA CORP (FXD-FRN) MTN,Banking,Fixed Income,28760102.34,0.08355,28760102.34,28978000,98.09,United States,--,USD,4.14,5.08,1,2032-04-23,4.7,4.15,,5.08,4.15,5.08,USD,2026-04-23,2026-04-23
GOLDMAN SACHS GROUP INC/THE,Banking,Fixed Income,28660424.08,0.08327,28660424.08,29316000,96.52,United States,--,USD,6.43,5.51,1,2035-10-23,5.02,6.56,,5.51,6.56,5.51,USD,2024-10-23,2024-10-23
PFIZER INC,Consumer Non-Cyclical,Fixed Income,28279662.8,0.08216,28279662.8,24084000,114.88,United States,--,USD,8.38,5.55,1,2039-03-15,7.2,8.39,,5.55,8.39,5.55,USD,2009-03-24,2009-03-24
MORGAN STANLEY MTN,Banking,Fixed Income,27987704.08,0.08131,27987704.08,27830000,99.24,United States,--,USD,5.47,5.4,1,2034-04-21,5.25,5.54,,5.38,5.54,5.38,USD,2023-04-21,2023-04-21
WELLS FARGO & COMPANY MTN,Banking,Fixed Income,27980338.28,0.08129,27980338.28,37290000,74.34,United States,--,USD,9.94,5.82,1,2041-04-30,3.07,10.45,,5.8,10.45,5.8,USD,2020-04-30,2020-04-30
META PLATFORMS INC,Communications,Fixed Income,27826635.83,0.08084,27826635.83,28091000,98.07,United States,--,USD,4.21,5.0,1,2031-05-15,4.55,4.22,,5.0,4.22,5.0,USD,2026-05-04,2026-05-04
AERCAP IRELAND CAPITAL DAC,Finance Companies,Fixed Income,27717305.94,0.08053,27717305.94,30084000,90.56,Ireland,--,USD,4.85,5.29,1,2032-01-30,3.3,4.85,,5.29,4.85,5.29,USD,2021-10-29,2021-10-29
BANK OF AMERICA CORP MTN,Banking,Fixed Income,27681930.59,0.08042,27681930.59,29793000,91.81,United States,--,USD,3.3,4.98,1,2031-02-13,2.5,3.3,,4.98,3.3,4.98,USD,2020-02-13,2020-02-13
JPMORGAN CHASE & CO,Banking,Fixed Income,27533417.17,0.07999,27533417.17,27687000,99.45,United States,--,USD,6.48,5.36,1,2035-07-22,5.29,6.45,,5.36,6.45,5.36,USD,2024-07-22,2024-07-22
GOLDMAN SACHS GROUP INC/THE,Banking,Fixed Income,27528014.9,0.07998,27528014.9,31513000,87.35,United States,--,USD,4.57,5.23,1,2032-07-21,2.38,4.59,,5.23,4.6,5.23,USD,2021-07-21,2021-07-21
JPMORGAN CHASE & CO,Banking,Fixed Income,27511799.58,0.07993,27511799.58,31115000,87.9,United States,--,USD,4.79,5.13,1,2032-11-08,2.54,4.81,,5.13,4.81,5.13,USD,2021-11-08,2021-11-08
MORGAN STANLEY MTN,Banking,Fixed Income,27461255.57,0.07978,27461255.57,25315000,106.99,United States,--,USD,5.62,5.47,1,2034-11-01,6.63,5.71,,5.45,5.71,5.45,USD,2023-11-01,2023-11-01
JPMORGAN CHASE & CO MTN,Banking,Fixed Income,27432531.98,0.0797,27432531.98,27583000,99.45,United States,--,USD,4.35,5.09,1,2032-07-23,5.04,4.37,,5.09,4.37,5.09,USD,2026-07-23,2026-07-23
HSBC HOLDINGS PLC,Banking,Fixed Income,27326267.15,0.07939,27326267.15,25829000,103.46,United Kingdom,--,USD,9.61,6.01,1,2044-03-09,6.33,10.1,,6.0,10.09,6.0,USD,2023-03-09,2023-03-09
VERIZON COMMUNICATIONS INC,Communications,Fixed Income,27220559.62,0.07908,27220559.62,28981000,93.08,United States,--,USD,13.0,6.4,1,2055-11-30,5.88,13.26,,6.4,13.26,6.4,USD,2025-11-24,2025-11-24
MORGAN STANLEY MTN,Banking,Fixed Income,27177681.25,0.07896,27177681.25,28278000,94.89,United States,--,USD,7.03,5.56,1,2036-10-22,4.89,7.2,,5.56,7.2,5.56,USD,2025-10-22,2025-10-22
CITIBANK NA (FXD-FRN),Banking,Fixed Income,27109607.71,0.07876,27109607.71,27298000,98.85,United States,--,USD,4.33,5.03,1,2032-06-18,4.85,4.29,,5.03,4.29,5.03,USD,2026-06-18,2026-06-18
MORGAN STANLEY MTN,Banking,Fixed Income,27082259.85,0.07868,27082259.85,31207000,86.78,United States,--,USD,4.59,5.21,1,2032-07-21,2.24,4.61,,5.21,4.61,5.21,USD,2021-07-20,2021-07-20
JPMORGAN CHASE & CO,Banking,Fixed Income,27045581.39,0.07857,27045581.39,30061000,89.32,United States,--,USD,4.37,5.12,1,2032-04-22,2.58,4.34,,5.12,4.34,5.12,USD,2021-04-22,2021-04-22
MORGAN STANLEY (FXD-FRN) MTN,Banking,Fixed Income,26920081.22,0.07821,26920081.22,27699000,97.11,United States,--,USD,3.98,5.12,1,2032-01-16,4.49,4.0,,5.12,4.0,5.12,USD,2026-01-20,2026-01-20
BANK OF AMERICA CORP MTN,Banking,Fixed Income,26910916.91,0.07818,26910916.91,29703000,89.21,United States,--,USD,4.87,5.2,1,2033-02-04,2.97,4.91,,5.2,4.91,5.2,USD,2022-02-04,2022-02-04
MORGAN STANLEY PRIVATE BANK NA,Banking,Fixed Income,26802577.46,0.07787,26802577.46,27317000,97.34,United States,--,USD,3.87,5.08,1,2031-11-19,4.46,3.84,,5.08,3.85,5.08,USD,2025-11-19,2025-11-19
VERIZON COMMUNICATIONS INC,Communications,Fixed Income,26804081.23,0.07787,26804081.23,29561000,89.82,United States,--,USD,4.26,5.03,1,2031-03-21,2.55,4.26,,5.03,4.26,5.03,USD,2021-03-22,2021-03-22
ORACLE CORPORATION,Technology,Fixed Income,26738975.58,0.07768,26738975.58,27768000,93.8,United States,--,USD,5.44,6.49,1,2033-05-04,5.35,5.42,,6.49,5.42,6.49,USD,2026-02-04,2026-02-04
ORACLE CORPORATION,Technology,Fixed Income,26725889.68,0.07764,26725889.68,29306000,90.29,United States,--,USD,3.4,5.92,1,2030-04-01,2.95,3.38,,5.92,3.38,5.92,USD,2020-04-01,2020-04-01
SPACE EXPLORATION TECHNOLOGIES COR 144A,Communications,Fixed Income,26685768.1,0.07753,26685768.1,29875000,88.84,United States,--,USD,11.77,7.6,1,2056-07-15,6.65,11.95,,7.6,11.95,7.6,USD,2026-06-26,2026-06-26
CHARTER COMMUNICATIONS OPERATING L,Communications,Fixed Income,26540972.02,0.07711,26540972.02,29598000,88.07,United States,--,USD,10.05,7.68,1,2045-10-23,6.48,10.14,,7.68,10.14,7.68,USD,2016-10-23,2016-12-01
GOLDMAN SACHS GROUP INC/THE,Banking,Fixed Income,26528459.97,0.07707,26528459.97,27558000,95.02,United States,--,USD,7.01,5.59,1,2036-10-21,4.94,7.18,,5.59,7.18,5.59,USD,2025-10-21,2025-10-21
JPMORGAN CHASE & CO,Banking,Fixed Income,26512267.48,0.07702,26512267.48,25827000,100.0,United States,--,USD,5.87,5.33,1,2035-01-23,5.34,5.96,,5.33,5.96,5.33,USD,2024-01-23,2024-01-23
MORGAN STANLEY MTN,Banking,Fixed Income,26432040.53,0.07679,26432040.53,25509000,102.11,United States,--,USD,6.0,5.47,1,2035-04-19,5.83,6.1,,5.47,6.1,5.47,USD,2024-04-19,2024-04-19
CITIGROUP INC (FXD-FRN),Banking,Fixed Income,26258474.48,0.07629,26258474.48,26417000,97.76,United States,--,USD,3.65,5.06,1,2031-09-11,4.5,3.66,,5.06,3.66,5.06,USD,2025-09-11,2025-09-11
MORGAN STANLEY MTN,Banking,Fixed Income,26213233.05,0.07616,26213233.05,28393000,92.32,United States,--,USD,3.27,5.06,1,2031-01-22,2.7,3.27,,5.06,3.27,5.06,USD,2020-01-22,2020-01-22
MORGAN STANLEY MTN,Banking,Fixed Income,26215805.47,0.07616,26215805.47,26366000,98.16,United States,--,USD,4.1,5.19,1,2032-04-16,4.81,4.12,,5.19,4.12,5.19,USD,2026-04-17,2026-04-17
GOLDMAN SACHS GROUP INC/THE,Banking,Fixed Income,26210456.8,0.07615,26210456.8,25593000,99.74,United States,--,USD,6.41,5.53,1,2036-01-28,5.54,6.54,,5.53,6.54,5.53,USD,2025-01-28,2025-01-28
GOLDMAN SACHS GROUP INC/THE,Banking,Fixed Income,26184470.92,0.07607,26184470.92,24596000,103.49,United States,--,USD,9.27,5.89,1,2041-02-01,6.25,9.29,,5.89,9.29,5.89,USD,2011-01-28,2011-01-28
WELLS FARGO & COMPANY MTN,Banking,Fixed Income,26106717.09,0.07585,26106717.09,25280000,100.68,United States,--,USD,3.09,4.93,1,2031-01-24,5.24,3.09,,4.93,3.09,4.93,USD,2025-01-24,2025-01-24
JPMORGAN CHASE & CO,Banking,Fixed Income,26067672.93,0.07573,26067672.93,25244000,100.54,United States,--,USD,6.45,5.39,1,2036-01-24,5.5,6.55,,5.39,6.55,5.39,USD,2025-01-24,2025-01-24
VERIZON COMMUNICATIONS INC,Communications,Fixed Income,26047675.02,0.07567,26047675.02,38502000,66.47,United States,--,USD,13.67,6.23,1,2051-03-22,3.55,13.9,,6.23,13.9,6.23,USD,2021-03-22,2021-03-22
SALESFORCE INC,Technology,Fixed Income,25969922.64,0.07545,25969922.64,25907000,98.38,United States,--,USD,5.42,5.49,1,2033-03-15,5.2,5.44,,5.49,5.44,5.49,USD,2026-03-13,2026-03-13
ORACLE CORPORATION,Technology,Fixed Income,25963088.22,0.07543,25963088.22,27732000,92.07,United States,--,USD,5.16,6.37,1,2032-09-26,4.8,5.13,,6.37,5.13,6.37,USD,2025-09-26,2025-09-26
BANK OF AMERICA CORP (FXD-FRN) MTN,Banking,Fixed Income,25836019.31,0.07506,25836019.31,26001000,97.31,United States,--,USD,3.96,5.03,1,2032-02-06,4.46,3.97,,5.03,3.97,5.03,USD,2026-02-06,2026-02-06
COMCAST CORPORATION,Communications,Fixed Income,25816022.17,0.075,25816022.17,49778000,51.2,United States,--,USD,14.89,6.73,1,2056-11-01,2.94,15.1,,6.73,15.1,6.73,USD,2022-05-01,2022-06-06
JPMORGAN CHASE & CO,Banking,Fixed Income,25773447.77,0.07488,25773447.77,24095000,105.42,United States,--,USD,5.67,5.36,1,2034-10-23,6.25,5.74,,5.34,5.74,5.34,USD,2023-10-23,2023-10-23
GOLDMAN SACHS GROUP INC/THE,Banking,Fixed Income,25628931.66,0.07446,25628931.66,25844000,97.87,United States,--,USD,5.48,5.43,1,2034-04-20,5.09,5.55,,5.43,5.55,5.43,USD,2026-04-20,2026-04-20
CITIGROUP INC,Banking,Fixed Income,25609351.57,0.0744,25609351.57,24056000,105.33,United States,--,USD,5.11,5.35,1,2033-11-17,6.27,5.15,,5.27,5.15,5.27,USD,2022-11-17,2022-11-17
MORGAN STANLEY (FXD-FRN) MTN,Banking,Fixed Income,25524179.78,0.07415,25524179.78,23844000,105.39,United States,--,USD,5.0,5.41,1,2033-10-18,6.34,5.06,,5.31,5.07,5.31,USD,2022-10-18,2022-10-18
WELLS FARGO & COMPANY MTN,Banking,Fixed Income,25516311.09,0.07413,25516311.09,24701000,100.57,United States,--,USD,5.83,5.41,1,2035-01-23,5.5,5.93,,5.41,5.93,5.41,USD,2024-01-23,2024-01-23
MORGAN STANLEY MTN,Banking,Fixed Income,25501956.11,0.07409,25501956.11,25418000,100.27,United States,--,USD,6.56,5.51,1,2036-01-18,5.59,6.69,,5.51,6.69,5.51,USD,2025-01-21,2025-01-21
MORGAN STANLEY PRIVATE BANK NA,Banking,Fixed Income,25488850.71,0.07405,25488850.71,25818000,98.67,United States,--,USD,3.58,5.04,1,2031-07-18,4.73,3.58,,5.04,3.59,5.04,USD,2025-07-21,2025-07-21
JPMORGAN CHASE & CO,Banking,Fixed Income,25426678.14,0.07387,25426678.14,26596000,95.6,United States,--,USD,7.31,5.44,1,2037-01-22,4.9,7.45,,5.44,7.45,5.44,USD,2026-01-22,2026-01-22
CITIGROUP INC (FX-FRN),Banking,Fixed Income,25331997.19,0.0736,25331997.19,26877000,92.94,United States,--,USD,4.94,5.29,1,2033-03-17,3.79,4.92,,5.24,4.92,5.24,USD,2022-03-17,2022-03-17
APPLE INC,Technology,Fixed Income,25231217.41,0.0733,25231217.41,28430000,86.82,United States,--,USD,11.71,5.78,1,2046-02-23,4.65,11.92,,5.78,11.92,5.78,USD,2016-02-23,2016-02-23
JPMORGAN CHASE & CO,Banking,Fixed Income,25159964.81,0.0731,25159964.81,32718000,76.16,United States,--,USD,12.01,5.94,1,2048-11-15,3.96,13.31,,5.94,13.31,5.94,USD,2017-11-10,2017-11-10
MORGAN STANLEY MTN,Banking,Fixed Income,25121368.73,0.07298,25121368.73,25133000,98.74,United States,--,USD,2.93,5.01,1,2030-10-18,4.65,2.93,,5.01,2.93,5.01,USD,2024-10-18,2024-10-18
CITIGROUP INC,Banking,Fixed Income,25055750.46,0.07279,25055750.46,27390000,91.13,United States,--,USD,3.56,5.26,1,2031-06-03,2.57,3.58,,5.13,3.59,5.13,USD,2020-06-03,2020-06-03
BRISTOL-MYERS SQUIBB CO,Consumer Non-Cyclical,Fixed Income,25031086.45,0.07272,25031086.45,31696000,77.96,United States,--,USD,12.98,6.02,1,2049-10-26,4.25,13.22,,6.02,13.22,6.02,USD,2020-04-26,2020-07-15
ORACLE CORPORATION,Technology,Fixed Income,25018096.12,0.07268,25018096.12,28362000,87.28,United States,--,USD,4.24,6.04,1,2031-03-25,2.88,4.21,,6.04,4.21,6.04,USD,2021-03-24,2021-03-24
CVS HEALTH CORP,Consumer Non-Cyclical,Fixed Income,25014698.32,0.07267,25014698.32,28548000,87.59,United States,--,USD,11.33,6.25,1,2045-07-20,5.13,11.5,,6.25,11.5,6.25,USD,2015-07-20,2015-07-20
GOLDMAN SACHS GROUP INC/THE,Banking,Fixed Income,24979137.77,0.07257,24979137.77,27867000,88.98,United States,--,USD,4.31,5.21,1,2032-04-22,2.62,4.33,,5.21,4.33,5.21,USD,2021-04-22,2021-04-22
MORGAN STANLEY MTN,Banking,Fixed Income,24918918.41,0.0724,24918918.41,24381000,100.71,United States,--,USD,6.59,5.55,1,2036-04-17,5.66,6.73,,5.55,6.73,5.55,USD,2025-04-17,2025-04-17
AT&T INC,Communications,Fixed Income,24920462.47,0.0724,24920462.47,24388000,99.83,United States,--,USD,5.96,5.43,1,2034-02-15,5.4,6.0,,5.43,6.0,5.43,USD,2023-06-02,2023-06-02
ORANGE SA,Communications,Fixed Income,24917139.39,0.07239,24917139.39,20934000,115.5,France,--,USD,3.74,5.17,1,2031-03-01,8.5,3.72,,5.17,3.72,5.17,USD,2001-09-01,2002-02-11
GOLDMAN SACHS GROUP INC/THE,Banking,Fixed Income,24894558.83,0.07232,24894558.83,26246000,93.88,United States,--,USD,10.37,6.1,1,2045-11-19,5.56,11.03,,6.1,11.03,6.1,USD,2024-11-19,2024-11-19
HOME DEPOT INC,Consumer Cyclical,Fixed Income,24855395.35,0.07221,24855395.35,23705000,104.27,United States,--,USD,7.75,5.33,1,2036-12-16,5.88,7.74,,5.33,7.74,5.33,USD,2006-12-19,2006-12-19
HSBC HOLDINGS PLC,Banking,Fixed Income,24831559.4,0.07214,24831559.4,25097000,97.01,United Kingdom,--,USD,7.1,5.65,1,2037-03-10,5.28,7.28,,5.65,7.28,5.65,USD,2026-03-10,2026-03-10
ABBVIE INC,Consumer Non-Cyclical,Fixed Income,24832583.45,0.07214,24832583.45,26293000,92.54,United States,--,USD,13.19,5.95,1,2054-03-15,5.4,13.47,,5.95,13.47,5.95,USD,2024-02-26,2024-02-26
BANK OF AMERICA CORP MTN,Banking,Fixed Income,24788628.78,0.07202,24788628.78,27934000,88.08,United States,--,USD,4.72,5.14,1,2032-10-20,2.57,4.75,,5.14,4.76,5.14,USD,2021-10-20,2021-10-20
RAYTHEON TECHNOLOGIES CORPORATION,Capital Goods,Fixed Income,24774927.81,0.07198,24774927.81,28314000,86.86,United States,--,USD,10.69,5.78,1,2042-06-01,4.5,10.75,,5.78,10.75,5.78,USD,2012-06-01,2012-06-01
META PLATFORMS INC,Communications,Fixed Income,24746601.41,0.07189,24746601.41,25116000,97.47,United States,--,USD,5.64,5.32,1,2033-05-15,4.88,5.65,,5.32,5.65,5.32,USD,2026-05-04,2026-05-04
BRITISH TELECOMMUNICATIONS PLC,Communications,Fixed Income,24723994.37,0.07183,24723994.37,20943000,117.06,United Kingdom,--,USD,3.64,5.23,1,2030-12-15,9.63,3.62,,5.23,3.62,5.23,USD,2000-12-12,2000-12-12
AMAZON.COM INC,Consumer Cyclical,Fixed Income,24696393.99,0.07175,24696393.99,25842000,93.43,United States,--,USD,13.89,6.41,1,2066-03-13,5.95,14.16,,6.41,14.16,6.41,USD,2026-03-13,2026-03-13
GLAXOSMITHKLINE CAPITAL INC,Consumer Non-Cyclical,Fixed Income,24660370.69,0.07164,24660370.69,22630000,107.79,United Kingdom,--,USD,8.3,5.47,1,2038-05-15,6.38,8.3,,5.47,8.3,5.47,USD,2008-05-13,2008-05-13
JPMORGAN CHASE & CO,Banking,Fixed Income,24621292.27,0.07153,24621292.27,24671000,98.33,United States,--,USD,3.25,5.5,1,2031-03-24,4.49,3.28,,5.0,3.29,5.0,USD,2020-03-24,2020-03-24
AMGEN INC,Consumer Non-Cyclical,Fixed Income,24603863.59,0.07148,24603863.59,29903000,81.8,United States,--,USD,13.14,6.09,1,2051-06-15,4.66,13.39,,6.09,13.39,6.09,USD,2016-12-15,2017-01-10
GOLDMAN SACHS GROUP INC (FXD-FRN),Banking,Fixed Income,24503024.85,0.07119,24503024.85,25038000,96.76,United States,--,USD,3.75,5.14,1,2031-10-21,4.37,3.77,,5.14,3.77,5.14,USD,2025-10-21,2025-10-21
BOEING CO,Capital Goods,Fixed Income,24441164.35,0.07101,24441164.35,24343000,99.12,United States,--,USD,9.22,5.8,1,2040-05-01,5.71,9.31,,5.8,9.31,5.8,USD,2020-05-04,2020-05-04
ALPHABET INC,Technology,Fixed Income,24441879.0,0.07101,24441879.0,24633000,97.41,United States,--,USD,4.03,4.74,1,2031-02-15,4.1,4.03,,4.74,4.03,4.74,USD,2026-02-13,2026-02-13
GOLDMAN SACHS GROUP INC/THE,Banking,Fixed Income,24427087.51,0.07097,24427087.51,24073000,100.18,United States,--,USD,3.29,5.19,1,2031-04-23,5.22,3.33,,5.16,3.33,5.16,USD,2025-04-23,2025-04-23
META PLATFORMS INC,Communications,Fixed Income,24381002.3,0.07083,24381002.3,28380000,83.55,United States,--,USD,12.52,6.71,1,2054-08-15,5.4,12.74,,6.71,12.74,6.71,USD,2024-08-09,2024-08-09
JPMORGAN CHASE & CO,Banking,Fixed Income,24321855.04,0.07066,24321855.04,24746000,97.05,United States,--,USD,6.48,5.36,1,2035-10-22,4.95,6.59,,5.36,6.59,5.36,USD,2024-10-22,2024-10-22
JPMORGAN CHASE & CO,Banking,Fixed Income,24264285.09,0.07049,24264285.09,25137000,95.33,United States,--,USD,7.1,5.41,1,2036-10-22,4.81,7.24,,5.41,7.24,5.41,USD,2025-10-22,2025-10-22
VERIZON COMMUNICATIONS INC,Communications,Fixed Income,24247003.03,0.07044,24247003.03,31903000,74.87,United States,--,USD,10.57,6.0,1,2041-03-22,3.4,10.62,,6.0,10.62,6.0,USD,2021-03-22,2021-03-22
BP CAPITAL MARKETS AMERICA INC,Energy,Fixed Income,24213625.54,0.07035,24213625.54,24118000,98.27,United Kingdom,--,USD,5.39,5.13,1,2033-02-13,4.81,5.43,,5.13,5.43,5.13,USD,2023-02-13,2023-02-13
WELLS FARGO & COMPANY MTN,Banking,Fixed Income,24162248.98,0.0702,24162248.98,23653000,100.77,United States,--,USD,6.63,5.49,1,2036-04-23,5.61,6.77,,5.49,6.76,5.49,USD,2025-04-23,2025-04-23
MORGAN STANLEY (FXD-FRN) MTN,Banking,Fixed Income,24122194.56,0.07008,24122194.56,24621000,96.88,United States,--,USD,3.76,5.11,1,2031-10-22,4.36,3.78,,5.11,3.78,5.11,USD,2025-10-22,2025-10-22
GOLDMAN SACHS GROUP INC/THE,Banking,Fixed Income,24123628.82,0.07008,24123628.82,24842000,94.34,United States,--,USD,12.01,6.15,1,2056-01-28,5.73,13.16,,6.15,13.16,6.15,USD,2025-01-28,2025-01-28
VERIZON COMMUNICATIONS INC,Communications,Fixed Income,24015109.07,0.06977,24015109.07,24491000,97.51,United States,--,USD,3.04,4.83,1,2029-12-03,4.02,3.09,,4.83,3.09,4.83,USD,2019-06-03,2019-09-10
CITIGROUP INC,Banking,Fixed Income,24004022.27,0.06974,24004022.27,24127000,97.61,United States,--,USD,6.89,5.48,1,2036-09-11,5.17,7.04,,5.48,7.04,5.48,USD,2025-09-11,2025-09-11
ORACLE CORPORATION,Technology,Fixed Income,24000340.41,0.06973,24000340.41,29917000,78.31,United States,--,USD,11.49,7.85,1,2055-09-26,5.95,11.65,,7.85,11.65,7.85,USD,2025-09-26,2025-09-26
ABBVIE INC,Consumer Non-Cyclical,Fixed Income,23944038.91,0.06956,23944038.91,23622000,99.58,United States,--,USD,6.11,5.12,1,2034-03-15,5.05,6.17,,5.12,6.17,5.12,USD,2024-02-26,2024-02-26
ORACLE CORPORATION,Technology,Fixed Income,23919803.33,0.06949,23919803.33,24936000,94.49,United States,--,USD,3.7,5.96,1,2030-09-26,4.45,3.68,,5.96,3.68,5.96,USD,2025-09-26,2025-09-26
WELLS FARGO & COMPANY MTN,Banking,Fixed Income,23911781.64,0.06947,23911781.64,25353000,93.66,United States,--,USD,3.04,4.99,1,2030-10-30,2.88,3.04,,4.99,3.04,4.99,USD,2019-10-31,2019-10-31
PNC FINANCIAL SERVICES GROUP INC (,Banking,Fixed Income,23895551.26,0.06942,23895551.26,21616000,108.79,United States,--,USD,5.58,5.44,1,2034-10-20,6.88,5.65,,5.39,5.65,5.39,USD,2023-10-20,2023-10-20
WELLS FARGO & COMPANY FX-FRN MTN,Banking,Fixed Income,23782292.46,0.06909,23782292.46,28908000,81.15,United States,--,USD,12.31,6.06,1,2053-04-25,4.61,13.54,,6.06,13.53,6.06,USD,2022-04-25,2022-04-25
AMAZON.COM INC,Consumer Cyclical,Fixed Income,23723797.11,0.06892,23723797.11,24752000,93.68,United States,--,USD,14.29,6.48,1,2076-03-13,6.05,14.55,,6.48,14.55,6.48,USD,2026-03-13,2026-03-13
CITIGROUP INC,Banking,Fixed Income,23616886.93,0.06861,23616886.93,26406000,88.86,United States,--,USD,4.35,5.16,1,2032-05-01,2.56,4.36,,5.16,4.36,5.16,USD,2021-05-04,2021-05-04
GOLDMAN SACHS GROUP INC/THE MTN,Banking,Fixed Income,23609913.67,0.06859,23609913.67,23897000,98.06,United States,--,USD,7.29,5.63,1,2037-06-03,5.42,7.47,,5.63,7.47,5.63,USD,2026-06-03,2026-06-03
BANK OF AMERICA CORP,Banking,Fixed Income,23505023.99,0.06829,23505023.99,30746000,75.62,United States,--,USD,10.31,5.76,1,2042-04-22,3.31,10.81,,5.76,10.81,5.76,USD,2021-04-22,2021-04-22
JPMORGAN CHASE & CO,Banking,Fixed Income,23487197.68,0.06824,23487197.68,24972000,93.32,United States,--,USD,2.99,5.07,1,2030-10-15,2.74,3.01,,5.0,3.01,5.0,USD,2019-09-12,2019-09-12
META PLATFORMS INC,Communications,Fixed Income,23460030.18,0.06816,23460030.18,23895000,96.11,United States,--,USD,6.41,5.35,1,2034-08-15,4.75,6.45,,5.35,6.45,5.35,USD,2024-08-09,2024-08-09
UNITEDHEALTH GROUP INC,Insurance,Fixed Income,23386444.12,0.06794,23386444.12,24803000,94.18,United States,--,USD,13.3,6.06,1,2054-07-15,5.63,13.58,,6.06,13.58,6.06,USD,2024-07-25,2024-07-25
MORGAN STANLEY,Banking,Fixed Income,23382759.25,0.06793,23382759.25,24323000,95.02,United States,--,USD,3.33,5.44,1,2031-04-01,3.62,3.35,,5.12,3.36,5.12,USD,2020-03-31,2020-03-31
BAKER HUGHES HOLDINGS LLC,Energy,Fixed Income,23362495.26,0.06787,23362495.26,24165000,96.16,United States,--,USD,7.61,5.51,1,2036-06-15,5.0,7.63,,5.51,7.63,5.51,USD,2026-03-11,2026-03-11
PFIZER INVESTMENT ENTERPRISES PTE,Consumer Non-Cyclical,Fixed Income,23286824.3,0.06765,23286824.3,25109000,91.85,United States,--,USD,10.66,5.88,1,2043-05-19,5.11,10.8,,5.88,10.8,5.88,USD,2023-05-19,2023-05-19
MORGAN STANLEY MTN,Banking,Fixed Income,23253463.99,0.06756,23253463.99,24812000,92.75,United States,--,USD,12.47,6.04,1,2055-11-19,5.52,13.58,,6.04,13.58,6.04,USD,2024-11-20,2024-11-20
VISA INC,Technology,Fixed Income,23244961.35,0.06753,23244961.35,27754000,83.3,United States,--,USD,12.07,5.74,1,2045-12-14,4.3,12.27,,5.74,12.27,5.74,USD,2015-12-14,2015-12-14
GOLDMAN SACHS GROUP INC/THE,Banking,Fixed Income,23190775.39,0.06737,23190775.39,26182000,87.91,United States,--,USD,4.71,5.26,1,2032-10-21,2.65,4.74,,5.26,4.74,5.26,USD,2021-10-21,2021-10-21
GOLDMAN SACHS GROUP INC/THE,Banking,Fixed Income,23114149.35,0.06715,23114149.35,22794000,98.75,United States,--,USD,6.14,5.5,1,2035-07-23,5.33,6.26,,5.5,6.26,5.5,USD,2024-07-23,2024-07-23
MORGAN STANLEY MTN,Banking,Fixed Income,23100745.32,0.06711,23100745.32,23072000,98.01,United States,--,USD,10.54,6.06,1,2047-03-13,5.9,11.22,,6.06,11.21,6.06,USD,2026-03-13,2026-03-13
CITIGROUP INC,Banking,Fixed Income,23075239.67,0.06704,23075239.67,23030000,98.64,United States,--,USD,2.84,5.01,1,2030-09-19,4.54,2.86,,5.01,2.86,5.01,USD,2024-09-19,2024-09-19
ABBOTT LABORATORIES,Consumer Non-Cyclical,Fixed Income,23023991.51,0.06689,23023991.51,23640000,95.81,United States,--,USD,5.57,5.05,1,2033-03-15,4.3,5.6,,5.05,5.6,5.05,USD,2026-03-09,2026-03-09
NOVARTIS CAPITAL CORP,Consumer Non-Cyclical,Fixed Income,22681982.55,0.0659,22681982.55,22861000,97.53,Switzerland,--,USD,7.42,5.23,1,2036-03-18,4.9,7.45,,5.23,7.45,5.23,USD,2026-03-18,2026-03-18
AMGEN INC,Consumer Non-Cyclical,Fixed Income,22577762.56,0.06559,22577762.56,23667000,93.16,United States,--,USD,13.93,6.23,1,2063-03-02,5.75,14.21,,6.23,14.21,6.23,USD,2023-03-02,2023-03-02
BROADCOM INC,Technology,Fixed Income,22564753.89,0.06556,22564753.89,25447000,87.74,United States,--,USD,6.41,5.43,1,2034-04-15,3.47,6.53,,5.43,6.53,5.43,USD,2025-10-15,2025-10-21
GOLDMAN SACHS GROUP INC/THE,Banking,Fixed Income,22525703.97,0.06544,22525703.97,21759000,102.11,United States,--,USD,6.01,5.46,1,2035-04-25,5.85,6.11,,5.46,6.11,5.46,USD,2024-04-25,2024-04-25
ALPHABET INC,Technology,Fixed Income,22502129.24,0.06537,22502129.24,22901000,96.31,United States,--,USD,5.48,5.07,1,2033-02-15,4.4,5.5,,5.07,5.5,5.07,USD,2026-02-13,2026-02-13
CITIGROUP INC,Banking,Fixed Income,22489438.95,0.06534,22489438.95,18347000,122.42,United States,--,USD,8.47,5.66,1,2039-07-15,8.13,8.49,,5.66,8.49,5.66,USD,2009-07-23,2009-07-23
AMAZON.COM INC,Consumer Cyclical,Fixed Income,22419907.61,0.06514,22419907.61,29030000,75.54,United States,--,USD,12.35,6.13,1,2047-08-22,4.05,12.56,,6.13,12.56,6.13,USD,2018-02-22,2018-06-06
WELLS FARGO & COMPANY MTN,Banking,Fixed Income,22388965.03,0.06505,22388965.03,24030000,92.02,United States,--,USD,3.27,5.05,1,2031-02-11,2.57,3.28,,5.05,3.29,5.05,USD,2020-02-11,2020-02-11
COMCAST CORPORATION,Communications,Fixed Income,22376756.34,0.06501,22376756.34,41250000,53.6,United States,--,USD,14.19,6.73,1,2051-11-01,2.89,14.37,,6.73,14.37,6.73,USD,2022-05-01,2022-06-06
JPMORGAN CHASE & CO (FXD-FRN),Banking,Fixed Income,22220076.52,0.06455,22220076.52,22923000,96.93,United States,--,USD,4.01,5.02,1,2032-01-22,4.35,4.02,,5.02,4.03,5.02,USD,2026-01-22,2026-01-22
BANK OF AMERICA CORP MTN,Banking,Fixed Income,22215213.22,0.06454,22215213.22,24070000,91.7,United States,--,USD,3.51,5.18,1,2031-04-29,2.59,3.49,,5.03,3.5,5.03,USD,2020-04-29,2020-04-29
CITIGROUP INC,Banking,Fixed Income,22159755.95,0.06438,22159755.95,24308000,89.66,United States,--,USD,4.83,5.21,1,2033-01-25,3.06,4.87,,5.21,4.87,5.21,USD,2022-01-25,2022-01-25
INTEL CORPORATION,Technology,Fixed Income,22048341.45,0.06406,22048341.45,21619000,99.65,United States,--,USD,5.32,5.26,1,2033-02-10,5.2,5.36,,5.26,5.36,5.26,USD,2023-02-10,2023-02-10
VERIZON COMMUNICATIONS INC,Communications,Fixed Income,22027600.28,0.064,22027600.28,22076000,98.18,United States,--,USD,6.74,5.52,1,2035-04-02,5.25,6.77,,5.52,6.77,5.52,USD,2025-04-02,2025-04-02
AMAZON.COM INC,Consumer Cyclical,Fixed Income,22019372.21,0.06397,22019372.21,24393000,89.33,United States,--,USD,13.32,6.25,1,2055-11-20,5.45,13.59,,6.25,13.59,6.25,USD,2025-11-20,2025-11-20
HSBC HOLDINGS PLC,Banking,Fixed Income,22009357.52,0.06394,22009357.52,21440000,100.24,United Kingdom,--,USD,4.93,5.5,1,2033-08-11,5.4,4.98,,5.35,4.99,5.35,USD,2022-08-11,2022-08-11
AT&T INC,Communications,Fixed Income,21996185.37,0.0639,21996185.37,22031000,97.97,United States,--,USD,3.15,4.93,1,2030-02-15,4.3,3.2,,4.93,3.2,4.93,USD,2018-08-15,2018-11-23
ALPHABET INC,Technology,Fixed Income,21957248.82,0.06379,21957248.82,23908000,90.78,United States,--,USD,14.82,6.31,1,2075-11-15,5.7,15.1,,6.31,15.1,6.31,USD,2025-11-06,2025-11-06
AMGEN INC,Consumer Non-Cyclical,Fixed Income,21896979.76,0.06362,21896979.76,22210000,96.41,United States,--,USD,10.23,5.94,1,2043-03-02,5.6,10.36,,5.94,10.36,5.94,USD,2023-03-02,2023-03-02
JPMORGAN CHASE & CO,Banking,Fixed Income,21790523.23,0.06331,21790523.23,23633000,91.57,United States,--,USD,3.44,5.14,1,2031-04-22,2.52,3.48,,5.01,3.48,5.01,USD,2020-04-22,2020-04-22
GOLDMAN SACHS GROUP INC/THE,Banking,Fixed Income,21773398.69,0.06326,21773398.69,23296000,92.27,United States,--,USD,3.28,5.01,1,2030-02-07,2.6,3.27,,5.01,3.27,5.01,USD,2020-02-07,2020-02-07
PFIZER INVESTMENT ENTERPRISES PTE,Consumer Non-Cyclical,Fixed Income,21766713.56,0.06324,21766713.56,21714000,99.43,United States,--,USD,3.39,4.81,1,2030-05-19,4.65,3.44,,4.81,3.44,4.81,USD,2023-05-19,2023-05-19
BOEING CO,Capital Goods,Fixed Income,21763772.31,0.06323,21763772.31,19774000,108.52,United States,--,USD,12.47,6.21,1,2054-05-01,6.86,12.74,,6.21,12.65,6.21,USD,2024-11-01,2024-12-17
T-MOBILE USA INC,Communications,Fixed Income,21722277.27,0.06311,21722277.27,22052000,98.41,United States,--,USD,5.75,5.33,1,2033-07-15,5.05,5.8,,5.33,5.8,5.33,USD,2023-02-09,2023-02-09
CITIBANK NA,Banking,Fixed Income,21673058.23,0.06297,21673058.23,21486000,100.15,United States,--,USD,3.43,4.87,1,2030-05-29,4.91,3.45,,4.87,3.45,4.87,USD,2025-05-29,2025-05-29
BROADCOM INC,Technology,Fixed Income,21622236.74,0.06282,21622236.74,25876000,82.98,United States,--,USD,7.75,5.5,1,2035-11-15,3.14,7.74,,5.5,7.74,5.5,USD,2026-05-15,2026-07-21
TELEFONICA EMISIONES SAU,Communications,Fixed Income,21594855.56,0.06274,21594855.56,19852000,108.15,Spain,--,USD,7.19,5.94,1,2036-06-20,7.04,7.16,,5.94,7.16,5.94,USD,2006-06-20,2006-06-20
META PLATFORMS INC,Communications,Fixed Income,21459625.05,0.06235,21459625.05,22627000,93.16,United States,--,USD,5.19,5.18,1,2032-08-15,3.85,5.21,,5.18,5.21,5.18,USD,2022-08-09,2022-12-28
GOLDMAN SACHS GROUP INC/THE,Banking,Fixed Income,21445180.7,0.0623,21445180.7,23153000,92.61,United States,--,USD,10.7,6.17,1,2047-01-21,5.54,11.49,,6.17,11.49,6.17,USD,2026-01-21,2026-01-21
PHILIP MORRIS INTERNATIONAL INC,Consumer Non-Cyclical,Fixed Income,21435291.72,0.06227,21435291.72,20659000,101.41,United States,--,USD,5.3,5.12,1,2033-02-15,5.38,5.36,,5.11,5.19,5.11,USD,2023-02-15,2023-02-15
PACIFIC GAS AND ELECTRIC COMPANY,Electric,Fixed Income,21405326.49,0.06219,21405326.49,21845000,97.72,United States,--,USD,3.43,5.2,1,2030-07-01,4.55,3.55,,5.2,3.55,5.2,USD,2020-07-02,2020-07-01
CISCO SYSTEMS INC,Technology,Fixed Income,21397461.13,0.06216,21397461.13,20848000,100.63,United States,--,USD,3.95,4.79,1,2031-02-26,4.95,3.99,,4.79,3.86,4.79,USD,2024-02-26,2024-02-26
MICROSOFT CORPORATION,Technology,Fixed Income,21370182.99,0.06209,21370182.99,40669000,52.17,United States,--,USD,16.69,5.99,1,2060-06-01,2.67,16.97,,5.99,16.97,5.99,USD,2020-06-01,2020-06-01
AT&T INC,Communications,Fixed Income,21366086.61,0.06207,21366086.61,23612000,90.1,United States,--,USD,4.43,5.07,1,2031-06-01,2.75,4.43,,5.07,4.43,5.07,USD,2020-05-28,2020-05-28
BOEING CO,Capital Goods,Fixed Income,21351660.62,0.06203,21351660.62,19619000,107.36,United States,--,USD,5.97,5.36,1,2034-05-01,6.53,6.04,,5.33,5.89,5.33,USD,2024-11-01,2024-12-17
BRISTOL-MYERS SQUIBB CO,Consumer Non-Cyclical,Fixed Income,21290745.64,0.06185,21290745.64,22155000,93.79,United States,--,USD,13.0,6.01,1,2054-02-22,5.55,13.27,,6.01,13.27,6.01,USD,2024-02-22,2024-02-22
MORGAN STANLEY,Banking,Fixed Income,21255214.84,0.06175,21255214.84,21263000,99.9,United States,--,USD,5.97,5.47,1,2035-01-18,5.47,6.07,,5.47,6.07,5.47,USD,2024-01-18,2024-01-18
BANCO SANTANDER SA,Banking,Fixed Income,21227232.45,0.06167,21227232.45,19246000,107.14,Spain,--,USD,5.46,5.68,1,2033-08-08,6.92,5.43,,5.68,5.43,5.68,USD,2023-08-08,2023-08-08
ORACLE CORPORATION,Technology,Fixed Income,21116083.18,0.06135,21116083.18,23717000,85.84,United States,--,USD,11.49,8.04,1,2066-02-04,6.85,11.65,,8.04,11.65,8.04,USD,2026-02-04,2026-02-04
HSBC HOLDINGS PLC,Banking,Fixed Income,21100617.95,0.0613,21100617.95,23452000,89.52,United Kingdom,--,USD,4.38,5.21,1,2032-05-24,2.8,4.4,,5.21,4.4,5.21,USD,2021-05-24,2021-05-24
BRISTOL-MYERS SQUIBB CO,Consumer Non-Cyclical,Fixed Income,21088802.6,0.06127,21088802.6,20538000,100.52,United States,--,USD,6.03,5.12,1,2034-02-22,5.2,6.08,,5.12,5.91,5.12,USD,2024-02-22,2024-02-22
WELLS FARGO & COMPANY MTN,Banking,Fixed Income,20907117.74,0.06074,20907117.74,21098000,98.39,United States,--,USD,6.53,5.42,1,2035-12-03,5.21,6.64,,5.42,6.64,5.42,USD,2024-12-03,2024-12-03
CIGNA GROUP,Consumer Non-Cyclical,Fixed Income,20881228.85,0.06066,20881228.85,24442000,84.93,United States,--,USD,12.36,6.15,1,2048-12-15,4.9,12.6,,6.15,12.6,6.15,USD,2019-06-15,2019-08-27
MORGAN STANLEY MTN,Banking,Fixed Income,20861603.47,0.06061,20861603.47,20805000,100.26,United States,--,USD,5.67,5.39,1,2034-07-21,5.42,5.76,,5.38,5.76,5.38,USD,2023-07-21,2023-07-21
GOLDMAN SACHS GROUP INC/THE,Banking,Fixed Income,20855102.2,0.06059,20855102.2,21411000,96.06,United States,--,USD,3.27,4.99,1,2030-03-15,3.8,3.31,,4.99,3.31,4.99,USD,2020-03-19,2020-03-19
PACIFIC GAS AND ELECTRIC COMPANY,Electric,Fixed Income,20819483.92,0.06049,20819483.92,25498000,81.36,United States,--,USD,12.5,6.49,1,2050-07-01,4.95,12.72,,6.49,12.72,6.49,USD,2020-07-02,2020-07-01
HSBC HOLDINGS PLC FXD-FLT,Banking,Fixed Income,20738349.52,0.06025,20738349.52,20506000,99.03,United Kingdom,--,USD,6.5,5.56,1,2036-03-03,5.45,6.34,,5.56,6.65,5.56,USD,2025-03-03,2025-03-03
JPMORGAN CHASE & CO,Banking,Fixed Income,20651672.59,0.06,20651672.59,23416000,87.28,United States,--,USD,4.18,5.08,1,2032-02-04,1.95,4.19,,5.08,4.19,5.08,USD,2021-02-04,2021-02-04
SYNOPSYS INC,Technology,Fixed Income,20653524.71,0.06,20653524.71,20826000,97.58,United States,--,USD,6.76,5.5,1,2035-04-01,5.15,6.79,,5.5,6.79,5.5,USD,2025-03-17,2025-03-17
T-MOBILE USA INC,Communications,Fixed Income,20645540.39,0.05998,20645540.39,26200000,77.59,United States,--,USD,12.68,6.34,1,2050-04-15,4.5,12.91,,6.34,12.91,6.34,USD,2021-04-15,2021-05-21
BANK OF AMERICA CORP (FXD-FLT) MTN,Banking,Fixed Income,20636199.61,0.05995,20636199.61,20023000,100.51,United States,--,USD,3.09,4.93,1,2031-01-24,5.16,3.09,,4.93,3.09,4.93,USD,2025-01-24,2025-01-24
APPLE INC,Technology,Fixed Income,20578048.4,0.05978,20578048.4,26287000,76.49,United States,--,USD,12.3,5.86,1,2046-08-04,3.85,12.5,,5.86,12.5,5.86,USD,2016-08-04,2016-08-04
AMAZON.COM INC,Consumer Cyclical,Fixed Income,20544049.22,0.05969,20544049.22,23155000,87.11,United States,--,USD,8.51,5.44,1,2037-08-22,3.88,8.55,,5.44,8.55,5.44,USD,2018-02-22,2018-06-06
MORGAN STANLEY MTN,Banking,Fixed Income,20509212.43,0.05958,20509212.43,23599000,86.11,United States,--,USD,4.21,5.16,1,2032-02-13,1.79,4.23,,5.16,4.23,5.16,USD,2020-11-13,2020-11-13
CISCO SYSTEMS INC,Technology,Fixed Income,20494117.36,0.05954,20494117.36,20200000,99.41,United States,--,USD,6.07,5.14,1,2034-02-26,5.05,6.11,,5.14,6.11,5.14,USD,2024-02-26,2024-02-26
CITIGROUP INC,Banking,Fixed Income,20463416.91,0.05945,20463416.91,20624000,98.43,United States,--,USD,4.92,5.29,1,2033-05-24,4.91,4.97,,5.22,4.97,5.22,USD,2022-05-24,2022-05-24
BANK OF AMERICA CORP,Banking,Fixed Income,20459847.07,0.05944,20459847.07,17297000,116.82,United States,--,USD,7.94,5.77,1,2038-05-14,7.75,7.93,,5.77,7.93,5.77,USD,2008-05-14,2008-05-14
GE HEALTHCARE TECHNOLOGIES INC,Consumer Non-Cyclical,Fixed Income,20421023.03,0.05933,20421023.03,19494000,103.77,United States,--,USD,5.14,5.2,1,2032-11-22,5.91,5.21,,5.18,5.03,5.18,USD,2023-05-22,2023-06-07
EXXON MOBIL CORP,Energy,Fixed Income,20412172.65,0.0593,20412172.65,24972000,80.13,United States,--,USD,12.04,5.83,1,2046-03-01,4.11,12.24,,5.83,12.24,5.83,USD,2016-03-03,2016-03-03
ABBOTT LABORATORIES,Consumer Non-Cyclical,Fixed Income,20407572.41,0.05929,20407572.41,22761000,88.95,United States,--,USD,11.94,5.83,1,2046-11-30,4.9,12.17,,5.83,12.17,5.83,USD,2016-11-22,2016-11-22
MORGAN STANLEY MTN,Banking,Fixed Income,20403525.36,0.05928,20403525.36,23174000,87.4,United States,--,USD,4.73,5.22,1,2032-10-20,2.51,4.76,,5.22,4.76,5.22,USD,2021-10-19,2021-10-19
BROADCOM INC,Technology,Fixed Income,20379593.78,0.05921,20379593.78,20753000,98.1,United States,--,USD,7.04,5.47,1,2035-07-15,5.2,7.07,,5.47,7.07,5.47,USD,2025-07-11,2025-07-11
AT&T INC,Communications,Fixed Income,20374424.1,0.05919,20374424.1,20930000,96.15,United States,--,USD,7.69,5.75,1,2036-10-30,5.25,7.7,,5.75,7.7,5.75,USD,2026-04-30,2026-04-30
CISCO SYSTEMS INC,Technology,Fixed Income,20325271.6,0.05905,20325271.6,19107000,103.8,United States,--,USD,8.65,5.48,1,2039-02-15,5.9,8.66,,5.48,8.66,5.48,USD,2009-02-17,2009-02-17
AT&T INC,Communications,Fixed Income,20265633.74,0.05888,20265633.74,21722000,92.46,United States,--,USD,6.98,5.59,1,2035-05-15,4.5,7.04,,5.59,7.04,5.59,USD,2015-05-04,2015-05-04
BROADCOM INC,Technology,Fixed Income,20233800.36,0.05878,20233800.36,22316000,89.6,United States,--,USD,4.19,5.03,1,2031-02-15,2.45,4.17,,5.03,4.17,5.03,USD,2025-08-15,2025-10-21
MORGAN STANLEY MTN,Banking,Fixed Income,20205877.67,0.0587,20205877.67,23317000,86.21,United States,--,USD,4.41,5.14,1,2032-04-28,1.93,4.42,,5.14,4.42,5.14,USD,2021-01-25,2021-01-25
JPMORGAN CHASE & CO,Banking,Fixed Income,20183600.89,0.05864,20183600.89,19877000,100.27,United States,--,USD,3.31,5.04,1,2031-04-22,5.1,3.33,,5.02,3.34,5.02,USD,2025-04-22,2025-04-22
JPMORGAN CHASE & CO,Banking,Fixed Income,20160094.8,0.05857,20160094.8,20809000,96.07,United States,--,USD,10.64,5.87,1,2045-11-29,5.53,11.18,,5.87,11.18,5.87,USD,2024-11-29,2024-11-29
CITIGROUP INC,Banking,Fixed Income,20111075.48,0.05843,20111075.48,19955000,99.08,United States,--,USD,6.63,5.44,1,2036-03-27,5.33,6.75,,5.44,6.75,5.44,USD,2025-03-27,2025-03-27
NOVARTIS CAPITAL CORP,Consumer Non-Cyclical,Fixed Income,20108359.13,0.05842,20108359.13,20267000,97.63,Switzerland,--,USD,5.53,5.02,1,2033-03-18,4.6,5.57,,5.02,5.57,5.02,USD,2026-03-18,2026-03-18
META PLATFORMS INC,Communications,Fixed Income,20099251.91,0.05839,20099251.91,23717000,82.33,United States,--,USD,13.24,6.86,1,2064-08-15,5.55,13.48,,6.86,13.48,6.86,USD,2024-08-09,2024-08-09
BANK OF AMERICA CORP,Banking,Fixed Income,20096475.04,0.05838,20096475.04,18892000,103.44,United States,--,USD,7.55,5.67,1,2037-01-29,6.11,7.53,,5.67,7.53,5.67,USD,2007-01-29,2007-01-29
VERIZON COMMUNICATIONS INC,Communications,Fixed Income,20072671.55,0.05832,20072671.55,20974000,95.61,United States,--,USD,7.39,5.6,1,2036-01-15,5.0,7.4,,5.6,7.4,5.6,USD,2025-11-24,2025-11-24
HSBC HOLDINGS PLC,Banking,Fixed Income,20052376.08,0.05826,20052376.08,18770000,104.52,United Kingdom,--,USD,5.23,5.5,1,2034-03-09,6.25,5.29,,5.43,5.29,5.43,USD,2023-03-09,2023-03-09
AMAZON.COM INC,Consumer Cyclical,Fixed Income,20036231.86,0.05821,20036231.86,22640000,88.09,United States,--,USD,4.45,4.91,1,2031-05-12,2.1,4.45,,4.91,4.45,4.91,USD,2021-05-12,2021-05-12
META PLATFORMS INC,Communications,Fixed Income,20036666.94,0.05821,20036666.94,22925000,86.36,United States,--,USD,12.44,6.7,1,2053-05-15,5.6,12.67,,6.7,12.67,6.7,USD,2023-05-03,2023-05-03
ALPHABET INC,Technology,Fixed Income,20023445.13,0.05817,20023445.13,20378000,97.5,United States,--,USD,3.86,4.75,1,2030-11-15,4.1,3.87,,4.75,3.87,4.75,USD,2025-11-06,2025-11-06
NOVARTIS CAPITAL CORP,Consumer Non-Cyclical,Fixed Income,20014401.71,0.05815,20014401.71,20057000,97.82,Switzerland,--,USD,13.5,5.85,1,2056-03-18,5.7,13.79,,5.85,13.79,5.85,USD,2026-03-18,2026-03-18
BROADCOM INC,Technology,Fixed Income,19992308.37,0.05808,19992308.37,25467000,76.98,United States,--,USD,10.44,5.87,1,2041-02-15,3.5,10.5,,5.87,10.5,5.87,USD,2025-08-15,2025-10-17
ORACLE CORPORATION,Technology,Fixed Income,19941756.2,0.05794,19941756.2,22306000,88.0,United States,--,USD,10.88,8.0,1,2052-11-09,6.9,11.03,,8.0,11.03,8.0,USD,2022-11-09,2022-11-09
CITIGROUP INC (FXD-FRN),Banking,Fixed Income,19943325.0,0.05794,19943325.0,19842000,99.48,United States,--,USD,3.35,5.11,1,2031-05-07,4.95,3.38,,5.1,3.38,5.1,USD,2025-05-07,2025-05-07
ORACLE CORPORATION,Technology,Fixed Income,19939472.45,0.05793,19939472.45,34566000,56.58,United States,--,USD,12.46,7.57,1,2050-04-01,3.6,12.59,,7.57,12.59,7.57,USD,2020-04-01,2020-04-01
TRUIST FINANCIAL CORP MTN,Banking,Fixed Income,19917229.63,0.05786,19917229.63,19105000,101.43,United States,--,USD,5.78,5.49,1,2035-01-24,5.71,5.89,,5.48,5.89,5.48,USD,2024-01-24,2024-01-24
VERIZON COMMUNICATIONS INC,Communications,Fixed Income,19865964.91,0.05772,19865964.91,20444000,95.15,United States,--,USD,5.83,5.33,1,2033-08-10,4.5,5.81,,5.33,5.81,5.33,USD,2017-08-10,2017-08-10
ELI LILLY AND COMPANY,Consumer Non-Cyclical,Fixed Income,19856307.78,0.05769,19856307.78,20246000,97.24,United States,--,USD,7.6,5.21,1,2036-05-20,4.85,7.64,,5.21,7.64,5.21,USD,2026-05-20,2026-05-20
UNITEDHEALTH GROUP INC,Insurance,Fixed Income,19848766.22,0.05767,19848766.22,19882000,97.27,United States,--,USD,12.59,6.08,1,2053-02-15,5.88,12.85,,6.08,12.85,6.08,USD,2022-10-28,2022-10-28
ABBVIE INC,Consumer Non-Cyclical,Fixed Income,19846820.23,0.05766,19846820.23,22724000,86.45,United States,--,USD,11.53,5.9,1,2045-05-14,4.7,11.71,,5.9,11.71,5.9,USD,2015-05-14,2015-05-14
INTERNATIONAL BUSINESS MACHINES CO,Technology,Fixed Income,19819657.18,0.05758,19819657.18,26746000,73.31,United States,--,USD,12.64,6.51,1,2049-05-15,4.25,12.79,,6.51,12.79,6.51,USD,2019-05-15,2019-05-15
HSBC HOLDINGS PLC FXD-TO-FLT MTN,Banking,Fixed Income,19815024.38,0.05757,19815024.38,19453000,99.88,United Kingdom,--,USD,3.18,5.12,1,2031-03-03,5.13,3.2,,5.12,3.2,5.12,USD,2025-03-03,2025-03-03
JPMORGAN CHASE & CO,Banking,Fixed Income,19770551.27,0.05744,19770551.27,19769000,98.86,United States,--,USD,2.93,4.93,1,2030-10-22,4.6,2.95,,4.93,2.95,4.93,USD,2024-10-22,2024-10-22
HSBC HOLDINGS PLC,Banking,Fixed Income,19671907.86,0.05715,19671907.86,19787000,98.41,United Kingdom,--,USD,5.51,5.44,1,2034-05-12,5.21,5.6,,5.44,5.6,5.44,USD,2026-05-12,2026-05-12
HSBC HOLDINGS PLC MTN,Banking,Fixed Income,19671993.3,0.05715,19671993.3,20153000,96.53,United Kingdom,--,USD,7.02,5.58,1,2036-11-06,5.13,7.18,,5.58,7.18,5.58,USD,2025-11-06,2025-11-06
BANK OF AMERICA CORP MTN,Banking,Fixed Income,19672588.28,0.05715,19672588.28,21963000,88.63,United States,--,USD,3.71,5.09,1,2031-07-23,1.9,3.72,,5.07,3.73,5.07,USD,2020-07-23,2020-07-23
CITIGROUP INC,Banking,Fixed Income,19673114.29,0.05715,19673114.29,19505000,100.24,United States,--,USD,6.21,5.36,1,2035-06-11,5.45,6.31,,5.36,6.31,5.36,USD,2024-06-11,2024-06-11
ABBOTT LABORATORIES,Consumer Non-Cyclical,Fixed Income,19603004.13,0.05695,19603004.13,20396000,94.36,United States,--,USD,8.56,5.41,1,2038-03-15,4.75,8.59,,5.41,8.59,5.41,USD,2026-03-09,2026-03-09
ALTRIA GROUP INC,Consumer Non-Cyclical,Fixed Income,19597352.31,0.05693,19597352.31,20152000,94.64,United States,--,USD,11.49,6.4,1,2049-02-14,5.95,11.71,,6.4,11.71,6.4,USD,2019-02-14,2019-02-14
HCA INC,Consumer Non-Cyclical,Fixed Income,19518651.36,0.05671,19518651.36,20458000,94.04,United States,--,USD,3.67,5.13,1,2030-09-01,3.5,3.7,,5.13,3.7,5.13,USD,2020-02-26,2020-02-26
JPMORGAN CHASE & CO,Banking,Fixed Income,19510728.69,0.05668,19510728.69,18950000,100.42,United States,--,USD,3.09,4.92,1,2031-01-24,5.14,3.09,,4.92,3.1,4.92,USD,2025-01-24,2025-01-24
MORGAN STANLEY,Banking,Fixed Income,19434652.9,0.05646,19434652.9,19115000,100.3,United States,--,USD,3.3,5.11,1,2031-04-17,5.19,3.31,,5.1,3.32,5.1,USD,2025-04-17,2025-04-17
AMAZON.COM INC,Consumer Cyclical,Fixed Income,19430407.83,0.05645,19430407.83,20125000,94.52,United States,--,USD,11.09,6.13,1,2046-03-13,5.65,11.29,,6.13,11.29,6.13,USD,2026-03-13,2026-03-13
VERIZON COMMUNICATIONS INC,Communications,Fixed Income,19368175.12,0.05627,19368175.12,29982000,63.37,United States,--,USD,14.92,6.32,1,2061-03-22,3.7,15.19,,6.32,15.19,6.32,USD,2021-03-22,2021-03-22
TELEFONICA EMISIONES SAU,Communications,Fixed Income,19232660.57,0.05588,19232660.57,22042000,85.31,Spain,--,USD,11.4,6.52,1,2047-03-08,5.21,11.54,,6.52,11.54,6.52,USD,2017-03-08,2017-03-08
PHILIP MORRIS INTERNATIONAL INC,Consumer Non-Cyclical,Fixed Income,19155333.48,0.05565,19155333.48,18587000,100.82,United States,--,USD,3.1,4.87,1,2030-02-15,5.13,3.16,,4.86,3.02,4.86,USD,2023-02-15,2023-02-15
JPMORGAN CHASE & CO,Banking,Fixed Income,19146519.93,0.05563,19146519.93,28318000,66.78,United States,--,USD,13.13,5.88,1,2052-04-22,3.33,14.48,,5.88,14.48,5.88,USD,2021-04-22,2021-04-22
LLOYDS BANKING GROUP PLC,Banking,Fixed Income,19142950.12,0.05561,19142950.12,18863000,101.22,United Kingdom,--,USD,5.9,5.53,1,2035-01-05,5.68,6.01,,5.48,6.01,5.48,USD,2024-01-05,2024-01-05
MORGAN STANLEY MTN,Banking,Fixed Income,19025281.72,0.05527,19025281.72,18926000,100.42,United States,--,USD,3.13,5.03,1,2031-01-15,5.23,3.14,,5.03,3.14,5.03,USD,2025-01-21,2025-01-21
FORD MOTOR COMPANY,Consumer Cyclical,Fixed Income,18976505.91,0.05513,18976505.91,21389000,87.28,United States,--,USD,4.89,5.97,1,2032-02-12,3.25,4.86,,5.97,4.86,5.97,USD,2021-11-12,2021-11-12
GOLDMAN SACHS GROUP INC/THE,Banking,Fixed Income,18967908.46,0.05511,18967908.46,21540000,87.09,United States,--,USD,4.15,5.15,1,2032-01-27,1.99,4.17,,5.15,4.17,5.15,USD,2021-01-27,2021-01-27
TAKEDA PHARMACEUTICAL CO LTD,Consumer Non-Cyclical,Fixed Income,18963938.68,0.05509,18963938.68,20843000,90.35,Japan,--,USD,3.46,4.94,1,2030-03-31,2.05,3.45,,4.94,3.45,4.94,USD,2020-07-09,2020-07-09
INTEL CORPORATION,Technology,Fixed Income,18959523.27,0.05508,18959523.27,19205000,97.51,United States,--,USD,7.42,5.63,1,2036-05-15,5.3,7.45,,5.63,7.45,5.63,USD,2026-04-30,2026-04-30
HSBC HOLDINGS PLC FXD-TO-FLT,Banking,Fixed Income,18877288.46,0.05484,18877288.46,18608000,100.52,United Kingdom,--,USD,2.98,5.02,1,2030-11-19,5.29,2.99,,5.02,2.99,5.02,USD,2024-11-19,2024-11-19
VERIZON COMMUNICATIONS INC,Communications,Fixed Income,18805514.2,0.05463,18805514.2,33246000,55.88,United States,--,USD,15.38,6.25,1,2056-10-30,2.99,15.63,,6.25,15.63,6.25,USD,2021-04-30,2021-05-03
SPACE EXPLORATION TECHNOLOGIES COR 144A,Communications,Fixed Income,18778181.58,0.05455,18778181.58,20570000,90.81,United States,--,USD,10.37,7.49,1,2046-07-15,6.6,10.5,,7.49,10.5,7.49,USD,2026-06-26,2026-06-26
VERIZON COMMUNICATIONS INC,Communications,Fixed Income,18764858.71,0.05452,18764858.71,27280000,68.33,United States,--,USD,10.97,5.97,1,2040-11-20,2.65,11.0,,5.97,11.0,5.97,USD,2020-11-20,2020-11-20
WALT DISNEY CO,Communications,Fixed Income,18731530.44,0.05442,18731530.44,20420000,91.67,United States,--,USD,4.15,4.74,1,2031-01-13,2.65,4.14,,4.74,4.14,4.74,USD,2020-05-13,2020-05-13
ABBVIE INC,Consumer Non-Cyclical,Fixed Income,18726039.39,0.0544,18726039.39,19601000,94.69,United States,--,USD,6.99,5.26,1,2035-05-14,4.5,7.07,,5.26,7.07,5.26,USD,2015-05-14,2015-05-14
EXXON MOBIL CORP,Energy,Fixed Income,18677027.96,0.05426,18677027.96,20110000,92.17,United States,--,USD,3.89,4.67,1,2030-10-15,2.61,3.9,,4.67,3.9,4.67,USD,2020-04-15,2020-04-15
BROADCOM INC,Technology,Fixed Income,18641304.67,0.05416,18641304.67,20569000,89.71,United States,--,USD,5.8,5.25,1,2033-04-15,3.42,5.81,,5.25,5.81,5.25,USD,2025-10-15,2025-10-21
BHP BILLITON FINANCE (USA) LTD,Basic Industry,Fixed Income,18643025.0,0.05416,18643025.0,19976000,91.77,Australia,--,USD,10.86,5.78,1,2043-09-30,5.0,10.95,,5.78,10.95,5.78,USD,2013-09-30,2013-09-30
ALLY FINANCIAL INC,Banking,Fixed Income,18631865.51,0.05413,18631865.51,16590000,110.51,United States,--,USD,4.3,5.66,1,2031-11-01,8.0,4.27,,5.66,4.27,5.66,USD,2008-12-31,2008-12-31
BAT CAPITAL CORP,Consumer Non-Cyclical,Fixed Income,18623869.68,0.05411,18623869.68,20342000,89.64,United Kingdom,--,USD,8.28,5.66,1,2037-08-15,4.39,8.32,,5.66,8.32,5.66,USD,2018-08-15,2018-11-20
UNITEDHEALTH GROUP INC,Insurance,Fixed Income,18601466.55,0.05404,18601466.55,18715000,99.29,United States,--,USD,6.42,5.26,1,2034-07-15,5.15,6.46,,5.26,6.46,5.26,USD,2024-07-25,2024-07-25
MORGAN STANLEY MTN,Banking,Fixed Income,18601649.26,0.05404,18601649.26,18657000,99.63,United States,--,USD,4.3,5.2,1,2032-07-14,5.17,4.33,,5.2,4.33,5.2,USD,2026-07-17,2026-07-17
CITIGROUP INC,Banking,Fixed Income,18537493.32,0.05386,18537493.32,19632000,93.79,United States,--,USD,3.04,5.06,1,2030-11-05,2.98,3.05,,5.05,3.05,5.05,USD,2019-11-05,2019-11-05
CVS HEALTH CORP,Consumer Non-Cyclical,Fixed Income,18492975.14,0.05373,18492975.14,18053000,100.24,United States,--,USD,5.34,5.21,1,2033-02-21,5.25,5.39,,5.21,5.39,5.21,USD,2023-02-21,2023-02-21
ENBRIDGE INC,Energy,Fixed Income,18481938.68,0.05369,18481938.68,17726000,102.14,Canada,--,USD,5.3,5.31,1,2033-03-08,5.7,5.37,,5.3,5.2,5.3,USD,2023-03-08,2023-03-08
ORACLE CORPORATION,Technology,Fixed Income,18444423.44,0.05359,18444423.44,26558000,68.34,United States,--,USD,9.75,7.29,1,2040-04-01,3.6,9.7,,7.29,9.7,7.29,USD,2020-04-01,2020-04-01
KINDER MORGAN INC,Energy,Fixed Income,18445168.44,0.05359,18445168.44,19593000,93.36,United States,--,USD,11.05,6.15,1,2045-06-01,5.55,11.22,,6.15,11.22,6.15,USD,2014-11-26,2014-11-26
AT&T INC,Communications,Fixed Income,18406000.85,0.05347,18406000.85,21133000,86.03,United States,--,USD,5.02,5.19,1,2032-02-01,2.25,5.0,,5.19,5.0,5.19,USD,2020-08-04,2020-08-04
MORGAN STANLEY MTN,Banking,Fixed Income,18369933.76,0.05337,18369933.76,20670000,88.86,United States,--,USD,4.91,5.26,1,2033-01-21,2.94,4.95,,5.26,4.95,5.26,USD,2022-01-24,2022-01-24
CITIGROUP INC,Banking,Fixed Income,18324345.24,0.05324,18324345.24,19593000,92.24,United States,--,USD,3.27,5.03,1,2031-01-29,2.67,3.24,,5.03,3.25,5.03,USD,2020-01-29,2020-01-29
ABBOTT LABORATORIES,Consumer Non-Cyclical,Fixed Income,18305672.95,0.05318,18305672.95,19088000,93.83,United States,--,USD,14.59,6.01,1,2066-03-15,5.6,14.89,,6.01,14.89,6.01,USD,2026-03-09,2026-03-09
BERKSHIRE HATHAWAY FINANCE CORP,Insurance,Fixed Income,18260503.57,0.05305,18260503.57,24562000,72.99,United States,--,USD,13.87,5.91,1,2052-03-15,3.85,14.13,,5.91,14.13,5.91,USD,2022-03-15,2022-03-15
JPMORGAN CHASE & CO,Banking,Fixed Income,18254897.38,0.05303,18254897.38,18592000,97.09,United States,--,USD,4.89,5.21,1,2033-04-26,4.59,4.93,,5.17,4.93,5.17,USD,2022-04-26,2022-04-26
AMAZON.COM INC,Consumer Cyclical,Fixed Income,18243024.53,0.053,18243024.53,29618000,60.99,United States,--,USD,14.29,6.2,1,2051-05-12,3.1,14.51,,6.2,14.51,6.2,USD,2021-05-12,2021-05-12
MORGAN STANLEY,Banking,Fixed Income,18222877.71,0.05294,18222877.71,21853000,81.3,United States,--,USD,11.49,5.98,1,2045-01-27,4.3,11.6,,5.98,11.6,5.98,USD,2015-01-27,2015-01-27
VERIZON COMMUNICATIONS INC,Communications,Fixed Income,18216772.5,0.05292,18216772.5,21240000,83.73,United States,--,USD,11.52,6.3,1,2046-08-21,4.86,11.66,,6.3,11.66,6.3,USD,2015-02-21,2015-03-11
BANK OF AMERICA CORP MTN,Banking,Fixed Income,18189462.14,0.05284,18189462.14,20090000,89.5,United States,--,USD,8.05,5.57,1,2038-04-24,4.24,8.87,,5.55,8.28,5.55,USD,2017-04-24,2017-04-24
EXXON MOBIL CORP,Energy,Fixed Income,18173984.18,0.0528,18173984.18,22135000,80.63,United States,--,USD,13.07,5.85,1,2050-03-19,4.33,13.33,,5.85,13.33,5.85,USD,2020-03-19,2020-03-19
COMCAST CORPORATION,Communications,Fixed Income,18126096.33,0.05266,18126096.33,36396000,49.13,United States,--,USD,15.32,6.73,1,2063-11-01,2.99,15.56,,6.73,15.56,6.73,USD,2022-05-01,2022-06-06
US BANCORP MTN,Banking,Fixed Income,18116588.23,0.05263,18116588.23,17328000,101.73,United States,--,USD,5.8,5.41,1,2035-01-23,5.68,5.9,,5.39,5.9,5.39,USD,2024-01-23,2024-01-23
ABBVIE INC,Consumer Non-Cyclical,Fixed Income,18099847.65,0.05258,18099847.65,20983000,85.33,United States,--,USD,10.86,5.8,1,2042-11-06,4.4,10.93,,5.8,10.93,5.8,USD,2013-05-06,2013-08-05
HEWLETT PACKARD ENTERPRISE CO,Technology,Fixed Income,18073837.36,0.05251,18073837.36,18519000,96.25,United States,--,USD,6.52,5.57,1,2034-10-15,5.0,6.54,,5.57,6.54,5.57,USD,2024-09-26,2024-09-26
BROADCOM INC,Technology,Fixed Income,18037374.77,0.0524,18037374.77,18755000,95.37,United States,--,USD,5.36,5.17,1,2032-11-15,4.3,5.39,,5.17,5.39,5.17,USD,2020-05-08,2020-08-07
ORACLE CORPORATION,Technology,Fixed Income,18012844.73,0.05233,18012844.73,21666000,81.25,United States,--,USD,10.16,7.77,1,2045-09-26,5.88,10.25,,7.77,10.25,7.77,USD,2025-09-26,2025-09-26
MORGAN STANLEY MTN,Banking,Fixed Income,18013132.26,0.05233,18013132.26,18702000,94.48,United States,--,USD,11.59,6.08,1,2051-03-24,5.6,12.51,,6.04,12.47,6.04,USD,2020-03-24,2020-03-24
EATON CORPORATION,Capital Goods,Fixed Income,17888857.17,0.05197,17888857.17,18223000,96.35,United States,--,USD,7.41,5.29,1,2036-03-06,4.8,7.44,,5.29,7.44,5.29,USD,2026-03-06,2026-03-06
BANK OF AMERICA CORP MTN,Banking,Fixed Income,17856450.27,0.05188,17856450.27,21934000,79.88,United States,--,USD,11.99,5.94,1,2050-03-15,4.33,12.98,,5.94,12.97,5.94,USD,2019-03-15,2019-03-15
BROADCOM INC,Technology,Fixed Income,17857590.97,0.05188,17857590.97,20650000,85.34,United States,--,USD,5.8,5.27,1,2033-02-15,2.6,5.79,,5.27,5.79,5.27,USD,2025-08-15,2025-10-17
BARCLAYS PLC,Banking,Fixed Income,17851659.14,0.05186,17851659.14,17016000,103.65,United Kingdom,--,USD,5.36,5.68,1,2034-05-09,6.22,5.45,,5.57,5.45,5.57,USD,2023-05-09,2023-05-09
HSBC HOLDINGS PLC,Banking,Fixed Income,17839753.59,0.05183,17839753.59,17544000,100.15,United Kingdom,--,USD,3.3,4.9,1,2030-03-31,4.95,3.29,,4.9,3.29,4.9,USD,2020-03-31,2020-03-31
AT&T INC,Communications,Fixed Income,17828431.91,0.0518,17828431.91,18511000,94.9,United States,--,USD,12.75,6.59,1,2056-10-30,6.2,13.0,,6.59,13.0,6.59,USD,2026-04-30,2026-04-30
VERIZON COMMUNICATIONS INC,Communications,Fixed Income,17822565.57,0.05178,17822565.57,18334000,97.12,United States,--,USD,5.48,5.28,1,2033-01-15,4.75,5.49,,5.28,5.49,5.28,USD,2025-11-24,2025-11-24
SYNOPSYS INC,Technology,Fixed Income,17813521.75,0.05175,17813521.75,17718000,99.0,United States,--,USD,4.79,5.2,1,2032-04-01,5.0,4.82,,5.2,4.82,5.2,USD,2025-03-17,2025-03-17
RIO TINTO FINANCE (USA) PLC,Basic Industry,Fixed Income,17773347.33,0.05164,17773347.33,17438000,100.06,Australia,--,USD,6.71,5.26,1,2035-03-14,5.25,6.75,,5.26,6.75,5.26,USD,2025-03-14,2025-03-14
CHARTER COMMUNICATIONS OPERATING L,Communications,Fixed Income,17764426.92,0.05161,17764426.92,17849000,97.95,United States,--,USD,6.73,6.68,1,2035-10-23,6.38,6.77,,6.68,6.77,6.68,USD,2016-10-23,2016-12-01
META PLATFORMS INC,Communications,Fixed Income,17746764.85,0.05156,17746764.85,23488000,73.62,United States,--,USD,12.87,6.58,1,2052-08-15,4.45,13.09,,6.58,13.09,6.58,USD,2022-08-09,2022-12-28
WELLS FARGO & COMPANY,Banking,Fixed Income,17741436.61,0.05154,17741436.61,18893000,93.8,United States,--,USD,10.72,6.19,1,2044-01-15,5.61,10.8,,6.19,10.8,6.19,USD,2013-11-26,2014-02-04
CISCO SYSTEMS INC,Technology,Fixed Income,17741841.69,0.05154,17741841.69,17804000,99.54,United States,--,USD,9.39,5.55,1,2040-01-15,5.5,9.41,,5.55,9.41,5.55,USD,2009-11-17,2009-11-17
US BANCORP MTN,Banking,Fixed Income,17711687.51,0.05146,17711687.51,17769000,97.38,United States,--,USD,5.32,5.32,1,2034-02-01,4.84,5.38,,5.32,5.39,5.32,USD,2023-02-01,2023-02-01
HOME DEPOT INC,Consumer Cyclical,Fixed Income,17648384.5,0.05127,17648384.5,17795000,98.8,United States,--,USD,6.4,5.13,1,2034-06-25,4.95,6.45,,5.13,6.45,5.13,USD,2024-06-25,2024-06-25
ORACLE CORPORATION,Technology,Fixed Income,17546200.71,0.05098,17546200.71,28768000,59.71,United States,--,USD,12.3,7.58,1,2051-03-25,3.95,12.44,,7.58,12.44,7.58,USD,2021-03-24,2021-03-24
AMAZON.COM INC,Consumer Cyclical,Fixed Income,17527402.99,0.05092,17527402.99,17832000,98.08,United States,--,USD,11.23,6.17,1,2046-07-09,6.0,11.43,,6.17,11.43,6.17,USD,2026-07-09,2026-07-09
WELLS FARGO & COMPANY MTN,Banking,Fixed Income,17491651.36,0.05082,17491651.36,17580000,98.15,United States,--,USD,3.29,5.57,1,2031-04-04,4.48,3.31,,5.03,3.32,5.03,USD,2020-03-30,2020-03-30
BROADCOM INC,Technology,Fixed Income,17454494.41,0.05071,17454494.41,18087000,94.41,United States,--,USD,7.33,5.56,1,2036-02-15,4.8,7.35,,5.56,7.35,5.56,USD,2025-09-29,2025-09-29
CHARTER COMMUNICATIONS OPERATING L,Communications,Fixed Income,17456116.39,0.05071,17456116.39,23932000,71.06,United States,--,USD,11.65,7.41,1,2050-03-01,4.8,11.8,,7.41,11.8,7.41,USD,2019-10-24,2019-10-24
ORACLE CORPORATION,Technology,Fixed Income,17415950.55,0.0506,17415950.55,17282000,99.51,United States,--,USD,5.06,6.34,1,2032-11-09,6.25,5.07,,6.34,5.07,6.34,USD,2022-11-09,2022-11-09
CIGNA GROUP,Consumer Non-Cyclical,Fixed Income,17390538.96,0.05052,17390538.96,18381000,92.52,United States,--,USD,8.66,5.66,1,2038-08-15,4.8,8.72,,5.66,8.72,5.66,USD,2019-08-15,2019-08-27
VERIZON COMMUNICATIONS INC,Communications,Fixed Income,17322997.87,0.05033,17322997.87,17844000,95.0,United States,--,USD,6.72,5.52,1,2035-02-15,4.78,6.74,,5.52,6.74,5.52,USD,2025-02-15,2025-04-16
BANK OF AMERICA CORP,Banking,Fixed Income,17325017.66,0.05033,17325017.66,19087000,89.8,United States,--,USD,4.21,5.1,1,2032-03-11,2.65,4.22,,5.1,4.22,5.1,USD,2021-03-11,2021-03-11
AMAZON.COM INC,Consumer Cyclical,Fixed Income,17302417.92,0.05027,17302417.92,18333000,93.39,United States,--,USD,5.0,4.94,1,2032-04-13,3.6,5.03,,4.94,5.03,4.94,USD,2022-04-13,2022-04-13
ROYAL BANK OF CANADA (FX-FRN) MTN,Banking,Fixed Income,17298862.61,0.05026,17298862.61,17243000,99.11,Canada,--,USD,2.93,4.91,1,2030-10-18,4.65,2.93,,4.91,2.94,4.91,USD,2024-10-18,2024-10-18
ORACLE CORPORATION,Technology,Fixed Income,17256124.54,0.05013,17256124.54,19009000,87.72,United States,--,USD,9.88,7.78,1,2046-02-04,6.55,9.97,,7.78,9.97,7.78,USD,2026-02-04,2026-02-04
KROGER CO,Consumer Non-Cyclical,Fixed Income,17221545.75,0.05003,17221545.75,17424000,97.07,United States,--,USD,6.44,5.45,1,2034-09-15,5.0,6.47,,5.45,6.47,5.45,USD,2024-08-27,2024-08-27
REYNOLDS AMERICAN INC,Consumer Non-Cyclical,Fixed Income,17222224.56,0.05003,17222224.56,17498000,95.87,United States,--,USD,10.75,6.22,1,2045-08-15,5.85,10.93,,6.22,10.93,6.22,USD,2015-06-12,2015-06-12
APPLE INC,Technology,Fixed Income,17174410.97,0.0499,17174410.97,21168000,80.3,United States,--,USD,11.41,5.69,1,2043-05-04,3.85,11.48,,5.69,11.48,5.69,USD,2013-05-03,2013-05-03
BROADCOM INC,Technology,Fixed Income,17142665.11,0.0498,17142665.11,17615000,96.03,United States,--,USD,6.57,5.4,1,2034-10-15,4.8,6.6,,5.4,6.6,5.4,USD,2024-10-02,2024-10-02
BHP BILLITON FINANCE (USA) LTD,Basic Industry,Fixed Income,17121485.46,0.04974,17121485.46,16679000,100.43,Australia,--,USD,6.64,5.27,1,2035-02-21,5.3,6.68,,5.27,6.68,5.27,USD,2025-02-21,2025-02-21
ANHEUSER-BUSCH INBEV WORLDWIDE INC,Consumer Non-Cyclical,Fixed Income,17122488.96,0.04974,17122488.96,16751000,99.51,Belgium,--,USD,8.65,5.5,1,2039-01-23,5.45,8.73,,5.5,8.73,5.5,USD,2019-01-23,2019-01-23
PNC FINANCIAL SERVICES GROUP INC (,Banking,Fixed Income,17112489.47,0.04972,17112489.47,16530000,100.84,United States,--,USD,6.43,5.42,1,2036-01-29,5.58,6.55,,5.42,6.55,5.42,USD,2025-01-29,2025-01-29
INTEL CORPORATION,Technology,Fixed Income,17104422.61,0.04969,17104422.61,17635000,95.6,United States,--,USD,12.84,6.46,1,2056-05-15,6.13,13.1,,6.46,13.1,6.46,USD,2026-04-30,2026-04-30
BARCLAYS PLC,Banking,Fixed Income,17075963.7,0.04961,17075963.7,15259000,110.25,United Kingdom,--,USD,4.91,5.71,1,2033-11-02,7.44,4.98,,5.48,4.98,5.48,USD,2022-11-02,2022-11-02
BARCLAYS PLC,Banking,Fixed Income,17062056.55,0.04957,17062056.55,17121000,97.7,United Kingdom,--,USD,6.23,5.68,1,2035-09-10,5.34,6.37,,5.68,6.37,5.68,USD,2024-09-10,2024-09-10
ALTRIA GROUP INC,Consumer Non-Cyclical,Fixed Income,17013218.3,0.04943,17013218.3,16741000,99.08,United States,--,USD,8.53,5.9,1,2039-02-14,5.8,8.59,,5.9,8.59,5.9,USD,2019-02-14,2019-02-14
CHARTER COMMUNICATIONS OPERATING L,Communications,Fixed Income,16985945.42,0.04935,16985945.42,20684000,80.35,United States,--,USD,10.79,7.61,1,2048-04-01,5.75,10.92,,7.61,10.92,7.61,USD,2018-04-17,2018-04-17
GOLDMAN SACHS GROUP INC/THE,Banking,Fixed Income,16950543.79,0.04925,16950543.79,19585000,85.63,United States,--,USD,8.33,5.74,1,2038-10-31,4.02,8.63,,5.74,8.63,5.74,USD,2017-10-31,2017-10-31
JPMORGAN CHASE & CO,Banking,Fixed Income,16906060.35,0.04912,16906060.35,19093000,86.63,United States,--,USD,8.25,5.49,1,2038-07-24,3.88,8.46,,5.49,8.46,5.49,USD,2017-07-24,2017-07-24
CITIGROUP INC,Banking,Fixed Income,16900480.23,0.0491,16900480.23,17542000,94.19,United States,--,USD,12.36,6.03,1,2056-03-04,5.61,13.44,,6.03,13.44,6.03,USD,2025-03-04,2025-03-04
AMGEN INC,Consumer Non-Cyclical,Fixed Income,16896803.07,0.04909,16896803.07,16378000,101.13,United States,--,USD,3.14,4.9,1,2030-03-02,5.25,3.19,,4.9,3.05,4.9,USD,2023-03-02,2023-03-02
KROGER CO,Consumer Non-Cyclical,Fixed Income,16873166.84,0.04902,16873166.84,18255000,90.49,United States,--,USD,12.99,6.22,1,2054-09-15,5.5,13.25,,6.22,13.25,6.22,USD,2024-08-27,2024-08-27
AMAZON.COM INC,Consumer Cyclical,Fixed Income,16829061.6,0.04889,16829061.6,17187000,97.21,United States,--,USD,3.87,4.82,1,2030-11-20,4.1,3.88,,4.82,3.88,4.82,USD,2025-11-20,2025-11-20
JBS USA LUX SA,Consumer Non-Cyclical,Fixed Income,16815082.27,0.04885,16815082.27,16297000,101.41,Brazil,--,USD,5.36,5.49,1,2033-04-01,5.75,5.41,,5.49,5.24,5.49,USD,2023-04-01,2023-08-21
AON NORTH AMERICA INC,Insurance,Fixed Income,16788883.48,0.04878,16788883.48,17433000,94.05,United States,--,USD,12.76,6.2,1,2054-03-01,5.75,13.02,,6.2,13.02,6.2,USD,2024-03-01,2024-03-01
BARCLAYS PLC,Banking,Fixed Income,16789265.34,0.04878,16789265.34,16337000,100.58,United Kingdom,--,USD,3.15,5.13,1,2031-02-25,5.37,3.16,,5.13,3.16,5.13,USD,2025-02-25,2025-02-25
VERIZON COMMUNICATIONS INC,Communications,Fixed Income,16650609.1,0.04837,16650609.1,17794000,92.71,United States,--,USD,13.89,6.52,1,2065-11-30,6.0,14.15,,6.52,14.15,6.52,USD,2025-11-24,2025-11-24
ANHEUSER-BUSCH INBEV WORLDWIDE INC,Consumer Non-Cyclical,Fixed Income,16602911.61,0.04824,16602911.61,16450000,98.05,Belgium,--,USD,13.69,5.94,1,2059-01-23,5.8,13.98,,5.94,13.98,5.94,USD,2019-01-23,2019-01-23
GILEAD SCIENCES INC,Consumer Non-Cyclical,Fixed Income,16582731.78,0.04818,16582731.78,18781000,86.43,United States,--,USD,11.61,5.93,1,2046-03-01,4.75,11.8,,5.93,11.8,5.93,USD,2015-09-14,2015-09-14
SPRINT CAPITAL CORPORATION,Communications,Fixed Income,16545364.73,0.04807,16545364.73,13823000,116.61,United States,--,USD,4.45,5.31,1,2032-03-15,8.75,4.43,,5.31,4.43,5.31,USD,2002-03-14,2002-06-21
T-MOBILE USA INC,Communications,Fixed Income,16537069.15,0.04804,16537069.15,25855000,62.52,United States,--,USD,13.75,6.33,1,2051-02-15,3.3,13.96,,6.33,13.96,6.33,USD,2021-02-15,2021-05-21
EXXON MOBIL CORP,Energy,Fixed Income,16530597.9,0.04803,16530597.9,18477000,88.02,United States,--,USD,9.75,5.48,1,2040-03-19,4.23,9.83,,5.48,9.83,5.48,USD,2020-03-19,2020-03-19
WALMART INC,Consumer Cyclical,Fixed Income,16526676.63,0.04801,16526676.63,16463000,99.24,United States,--,USD,6.92,5.01,1,2035-04-28,4.9,6.97,,5.01,6.97,5.01,USD,2025-04-28,2025-04-28
SYNOPSYS INC,Technology,Fixed Income,16512785.61,0.04797,16512785.61,17424000,93.01,United States,--,USD,13.01,6.22,1,2055-04-01,5.7,13.28,,6.22,13.28,6.22,USD,2025-03-17,2025-03-17
HSBC HOLDINGS PLC FXD-FLT,Banking,Fixed Income,16504486.07,0.04795,16504486.07,16303000,100.23,United Kingdom,--,USD,3.36,5.18,1,2031-05-13,5.24,3.38,,5.17,3.38,5.17,USD,2025-05-13,2025-05-13
CHARTER COMMUNICATIONS OPERATING L,Communications,Fixed Income,16466211.59,0.04784,16466211.59,21064000,76.96,United States,--,USD,10.85,7.6,1,2047-05-01,5.38,10.98,,7.6,10.98,7.6,USD,2017-11-01,2017-11-27
T-MOBILE USA INC,Communications,Fixed Income,16435343.97,0.04775,16435343.97,22564000,71.53,United States,--,USD,10.74,5.95,1,2041-02-15,3.0,10.78,,5.95,10.78,5.95,USD,2021-02-15,2021-05-21
MORGAN STANLEY MTN,Banking,Fixed Income,16428455.41,0.04773,16428455.41,16752000,98.04,United States,--,USD,5.06,5.33,1,2033-07-20,4.89,5.12,,5.27,5.12,5.27,USD,2022-07-20,2022-07-20
HSBC HOLDINGS PLC,Banking,Fixed Income,16413594.05,0.04769,16413594.05,16095000,100.87,United Kingdom,--,USD,6.61,5.65,1,2036-05-13,5.79,6.77,,5.65,6.77,5.65,USD,2025-05-13,2025-05-13
FORD MOTOR COMPANY,Consumer Cyclical,Fixed Income,16378819.75,0.04758,16378819.75,15809000,101.01,United States,--,USD,4.86,5.9,1,2032-08-19,6.1,4.9,,5.89,4.73,5.89,USD,2022-08-19,2022-08-19
UNITEDHEALTH GROUP INC,Insurance,Fixed Income,16375296.96,0.04757,16375296.96,18579000,86.78,United States,--,USD,13.18,6.05,1,2053-04-15,5.05,13.45,,6.05,13.45,6.05,USD,2023-03-28,2023-03-28
RIO TINTO FINANCE (USA) PLC,Basic Industry,Fixed Income,16363664.48,0.04754,16363664.48,16372000,97.9,Australia,--,USD,13.23,5.92,1,2055-03-14,5.75,13.52,,5.92,13.52,5.92,USD,2025-03-14,2025-03-14
ABBVIE INC,Consumer Non-Cyclical,Fixed Income,16359004.24,0.04753,16359004.24,19614000,82.56,United States,--,USD,11.95,5.96,1,2046-05-14,4.45,12.15,,5.96,12.15,5.96,USD,2016-05-12,2016-05-12
AT&T INC,Communications,Fixed Income,16351885.03,0.04751,16351885.03,24861000,65.26,United States,--,USD,13.57,6.48,1,2051-06-01,3.65,13.78,,6.48,13.78,6.48,USD,2020-05-28,2020-05-28
GOLDMAN SACHS GROUP INC/THE,Banking,Fixed Income,16349792.47,0.0475,16349792.47,18383000,88.08,United States,--,USD,11.22,6.23,1,2045-05-22,5.15,11.34,,6.23,11.34,6.23,USD,2015-05-22,2015-05-22
WELLS FARGO & COMPANY (FXD-FRN) MTN,Banking,Fixed Income,16341167.4,0.04747,16341167.4,17107000,92.82,United States,--,USD,10.59,6.0,1,2047-01-23,5.43,11.27,,6.0,11.27,6.0,USD,2026-01-23,2026-01-23
ORACLE CORPORATION,Technology,Fixed Income,16307612.43,0.04738,16307612.43,29143000,54.77,United States,--,USD,13.14,7.58,1,2060-04-01,3.85,13.32,,7.58,13.32,7.58,USD,2020-04-01,2020-04-01
UNITEDHEALTH GROUP INC,Insurance,Fixed Income,16309122.58,0.04738,16309122.58,15740000,101.28,United States,--,USD,5.31,5.12,1,2033-02-15,5.35,5.36,,5.11,5.19,5.11,USD,2022-10-28,2022-10-28
WILLIAMS COMPANIES INC,Energy,Fixed Income,16306216.04,0.04737,16306216.04,17988000,89.73,United States,--,USD,4.24,5.11,1,2031-03-15,2.6,4.24,,5.11,4.24,5.11,USD,2021-03-02,2021-03-02
WYETH LLC,Consumer Non-Cyclical,Fixed Income,16230596.9,0.04715,16230596.9,15325000,104.07,United States,--,USD,7.78,5.44,1,2037-04-01,5.95,7.77,,5.44,7.77,5.44,USD,2007-03-27,2007-03-27
ELI LILLY AND COMPANY,Consumer Non-Cyclical,Fixed Income,16217845.25,0.04712,16217845.25,16642000,96.49,United States,--,USD,13.72,5.85,1,2056-05-20,5.6,14.01,,5.85,14.01,5.85,USD,2026-05-20,2026-05-20
EXXON MOBIL CORP,Energy,Fixed Income,16211282.21,0.0471,16211282.21,23239000,68.83,United States,--,USD,14.12,5.85,1,2051-04-15,3.45,14.37,,5.85,14.37,5.85,USD,2020-04-15,2020-04-15
CHENIERE ENERGY PARTNERS LP,Energy,Fixed Income,16196307.7,0.04705,16196307.7,15533000,101.76,United States,--,USD,6.13,5.48,1,2034-08-15,5.75,6.25,,5.46,5.94,5.46,USD,2024-05-22,2025-01-10
SHELL FINANCE US INC,Energy,Fixed Income,16175884.95,0.04699,16175884.95,19407000,82.49,United States,--,USD,11.74,5.93,1,2045-05-11,4.38,11.86,,5.93,11.86,5.93,USD,2024-05-11,2024-10-08
BAKER HUGHES HOLDINGS LLC,Energy,Fixed Income,16147246.45,0.04691,16147246.45,16741000,95.85,United States,--,USD,13.36,6.15,1,2056-06-15,5.85,13.64,,6.15,13.64,6.15,USD,2026-03-11,2026-03-11
WALT DISNEY CO,Communications,Fixed Income,16088243.13,0.04674,16088243.13,16322000,96.79,United States,--,USD,4.11,4.78,1,2031-03-14,4.0,4.1,,4.78,4.1,4.78,USD,2026-02-12,2026-02-12
INTEL CORPORATION,Technology,Fixed Income,16030716.97,0.04657,16030716.97,17215000,90.56,United States,--,USD,12.35,6.45,1,2053-02-10,5.7,12.59,,6.45,12.59,6.45,USD,2023-02-10,2023-02-10
HSBC HOLDINGS PLC FXD-TO-FLT MTN,Banking,Fixed Income,15990147.14,0.04646,15990147.14,16199000,97.74,United Kingdom,--,USD,3.79,5.15,1,2031-11-06,4.62,3.8,,5.15,3.8,5.15,USD,2025-11-06,2025-11-06
T-MOBILE USA INC,Communications,Fixed Income,15985957.1,0.04644,15985957.1,16911000,93.59,United States,--,USD,3.96,5.04,1,2031-04-15,3.5,4.24,,5.04,4.24,5.04,USD,2021-03-23,2021-03-23
RTX CORP,Capital Goods,Fixed Income,15966288.13,0.04639,15966288.13,14817000,105.5,United States,--,USD,12.7,5.99,1,2054-03-15,6.4,12.98,,5.99,12.89,5.99,USD,2023-11-08,2023-11-08
GOLDMAN SACHS GROUP INC (FXD-FRN),Banking,Fixed Income,15969142.79,0.04639,15969142.79,15545000,100.21,United States,--,USD,3.09,5.06,1,2031-01-28,5.21,3.1,,5.06,3.1,5.06,USD,2025-01-28,2025-01-28
HALEON US CAPITAL LLC,Consumer Non-Cyclical,Fixed Income,15963932.58,0.04638,15963932.58,17014000,92.64,United States,--,USD,4.94,5.14,1,2032-03-24,3.63,4.96,,5.14,4.96,5.14,USD,2022-09-24,2022-10-28
BARCLAYS PLC,Banking,Fixed Income,15946262.51,0.04633,15946262.51,15533000,100.3,United Kingdom,--,USD,6.43,5.57,1,2036-02-25,5.79,6.55,,5.57,6.55,5.57,USD,2025-02-25,2025-02-25
BP CAPITAL MARKETS AMERICA INC,Energy,Fixed Income,15944339.7,0.04632,15944339.7,15770000,100.16,United Kingdom,--,USD,6.57,5.2,1,2034-11-17,5.23,6.62,,5.2,6.62,5.2,USD,2024-05-17,2024-05-17
JPMORGAN CHASE & CO,Banking,Fixed Income,15933832.45,0.04629,15933832.45,24408000,64.5,United States,--,USD,13.05,5.91,1,2051-04-22,3.11,14.44,,5.91,14.42,5.91,USD,2020-04-22,2020-04-22
META PLATFORMS INC,Communications,Fixed Income,15879707.33,0.04613,15879707.33,16017000,98.22,United States,--,USD,5.61,5.26,1,2033-05-15,4.95,5.65,,5.26,5.65,5.26,USD,2023-05-03,2023-05-03
WELLS FARGO & COMPANY MTN,Banking,Fixed Income,15872220.43,0.04611,15872220.43,20539000,76.4,United States,--,USD,11.98,6.01,1,2045-05-01,3.9,12.09,,6.01,12.09,6.01,USD,2015-04-30,2015-04-30
BANK OF AMERICA CORP MTN,Banking,Fixed Income,15864389.53,0.04609,15864389.53,17931000,88.0,United States,--,USD,3.96,5.08,1,2031-10-24,1.92,3.97,,5.08,3.97,5.08,USD,2020-10-21,2020-10-21
KRAFT HEINZ FOODS CO,Consumer Non-Cyclical,Fixed Income,15811676.24,0.04594,15811676.24,18316000,86.23,United States,--,USD,11.19,6.47,1,2045-07-15,5.2,11.34,,6.47,11.34,6.47,USD,2016-07-15,2016-08-19
CITIGROUP INC,Banking,Fixed Income,15764579.77,0.0458,15764579.77,18829000,82.88,United States,--,USD,11.69,6.27,1,2046-05-18,4.75,11.83,,6.27,11.83,6.27,USD,2016-05-18,2016-05-18
ALPHABET INC,Technology,Fixed Income,15720533.12,0.04567,15720533.12,17972000,86.99,United States,--,USD,3.87,4.65,1,2030-08-15,1.1,3.87,,4.65,3.87,4.65,USD,2020-08-05,2020-08-05
GOLDMAN SACHS GROUP INC/THE,Banking,Fixed Income,15687084.52,0.04557,15687084.52,21260000,72.98,United States,--,USD,10.17,5.95,1,2042-04-22,3.21,10.82,,5.95,10.82,5.95,USD,2021-04-22,2021-04-22
MORGAN STANLEY,Banking,Fixed Income,15676010.23,0.04554,15676010.23,14489000,105.04,United States,--,USD,9.75,5.88,1,2042-07-24,6.38,9.82,,5.88,9.82,5.88,USD,2012-07-24,2012-07-24
APPLE INC,Technology,Fixed Income,15654896.11,0.04548,15654896.11,26234000,58.47,United States,--,USD,14.87,5.86,1,2051-02-08,2.65,15.09,,5.86,15.09,5.86,USD,2021-02-08,2021-02-08
PHILIP MORRIS INTERNATIONAL INC,Consumer Non-Cyclical,Fixed Income,15644930.87,0.04545,15644930.87,15253000,100.25,United States,--,USD,5.99,5.21,1,2034-02-13,5.25,6.04,,5.21,6.04,5.21,USD,2024-02-13,2024-02-13
AMGEN INC,Consumer Non-Cyclical,Fixed Income,15638160.48,0.04543,15638160.48,18884000,81.82,United States,--,USD,11.61,6.03,1,2045-05-01,4.4,11.77,,6.03,11.77,6.03,USD,2015-05-01,2015-05-01
FORD MOTOR COMPANY,Consumer Cyclical,Fixed Income,15629059.68,0.04541,15629059.68,20335000,76.77,United States,--,USD,10.43,7.18,1,2043-01-15,4.75,10.44,,7.18,10.44,7.18,USD,2013-01-08,2013-01-08
ONEOK INC,Energy,Fixed Income,15592214.93,0.0453,15592214.93,14949000,101.71,United States,--,USD,12.08,6.49,1,2053-09-01,6.63,12.32,,6.49,12.23,6.49,USD,2023-08-24,2023-08-24
VERIZON COMMUNICATIONS INC,Communications,Fixed Income,15583234.08,0.04527,15583234.08,15948000,97.41,United States,--,USD,8.09,5.72,1,2037-07-02,5.4,8.11,,5.72,8.11,5.72,USD,2026-01-02,2026-01-05
BERKSHIRE HATHAWAY ENERGY CO,Electric,Fixed Income,15571850.37,0.04524,15571850.37,14601000,104.76,United States,--,USD,7.2,5.48,1,2036-04-01,6.13,7.18,,5.48,7.18,5.48,USD,2006-10-01,2006-10-16
JPMORGAN CHASE & CO (FXD-FRN),Banking,Fixed Income,15532122.56,0.04512,15532122.56,15866000,96.83,United States,--,USD,3.78,5.01,1,2031-10-22,4.25,3.79,,5.01,3.79,5.01,USD,2025-10-22,2025-10-22
SHELL FINANCE US INC,Energy,Fixed Income,15522244.57,0.0451,15522244.57,14381000,107.28,United States,--,USD,8.6,5.55,1,2038-12-15,6.38,8.6,,5.55,8.6,5.55,USD,2026-06-15,2026-07-08
MARSH & MCLENNAN COMPANIES INC,Insurance,Fixed Income,15519550.32,0.04509,15519550.32,15659000,97.35,United States,--,USD,6.75,5.39,1,2035-03-15,5.0,6.79,,5.39,6.79,5.39,USD,2024-11-08,2024-11-08
CITIBANK NA,Banking,Fixed Income,15516734.23,0.04508,15516734.23,15016000,102.07,United States,--,USD,6.21,5.24,1,2034-04-30,5.57,6.19,,5.24,6.14,5.24,USD,2024-04-30,2024-04-30
PNC FINANCIAL SERVICES GROUP INC (,Banking,Fixed Income,15491442.56,0.04501,15491442.56,14697000,104.0,United States,--,USD,5.07,5.34,1,2033-10-28,6.04,5.13,,5.28,5.13,5.28,USD,2022-10-28,2022-10-28
GOLDMAN SACHS GROUP INC/THE,Banking,Fixed Income,15469933.51,0.04494,15469933.51,15099000,99.95,United States,--,USD,2.68,5.03,1,2030-07-23,5.05,2.68,,5.03,2.69,5.03,USD,2024-07-23,2024-07-23
INTEL CORPORATION,Technology,Fixed Income,15449720.46,0.04489,15449720.46,19053000,79.54,United States,--,USD,12.4,6.45,1,2050-03-25,4.75,12.62,,6.45,12.62,6.45,USD,2020-03-25,2020-03-25
SUMITOMO MITSUI FINANCIAL GROUP IN,Banking,Fixed Income,15446297.15,0.04488,15446297.15,14987000,102.92,Japan,--,USD,5.38,5.29,1,2033-01-13,5.77,5.36,,5.29,5.36,5.29,USD,2023-01-13,2023-01-13
BERKSHIRE HATHAWAY FINANCE CORP,Insurance,Fixed Income,15442153.25,0.04486,15442153.25,19131000,78.89,United States,--,USD,12.63,5.93,1,2048-08-15,4.2,12.86,,5.93,12.86,5.93,USD,2018-08-15,2018-08-15
CHENIERE ENERGY PARTNERS LP,Energy,Fixed Income,15427818.26,0.04482,15427818.26,14897000,103.2,United States,--,USD,5.48,5.39,1,2033-06-30,5.95,5.63,,5.36,5.3,5.36,USD,2023-12-30,2024-02-27
FIDELITY NATIONAL INFORMATION SERV,Technology,Fixed Income,15422737.86,0.04481,15422737.86,15443000,98.11,United States,--,USD,4.02,5.26,1,2031-03-10,4.8,4.03,,5.26,4.03,5.26,USD,2026-03-10,2026-03-10
T-MOBILE USA INC,Communications,Fixed Income,15416644.8,0.04479,15416644.8,24258000,62.64,United States,--,USD,14.11,6.34,1,2052-10-15,3.4,14.33,,6.34,14.33,6.34,USD,2022-04-15,2022-06-29
BANK OF AMERICA CORP MTN,Banking,Fixed Income,15408357.32,0.04476,15408357.32,15173000,100.44,United States,--,USD,6.72,5.39,1,2036-05-09,5.46,6.85,,5.39,6.84,5.39,USD,2025-05-09,2025-05-09
ROGERS COMMUNICATIONS INC,Communications,Fixed Income,15371358.48,0.04466,15371358.48,19742000,76.26,Canada,--,USD,12.89,6.46,1,2052-03-15,4.55,13.12,,6.46,13.12,6.46,USD,2023-03-15,2023-07-25
COMCAST CORPORATION,Communications,Fixed Income,15371560.67,0.04466,15371560.67,16144000,94.17,United States,--,USD,3.36,5.15,1,2030-04-01,3.4,3.37,,5.15,3.37,5.15,USD,2020-03-27,2020-03-27
WALT DISNEY CO,Communications,Fixed Income,15348970.54,0.04459,15348970.54,13829000,109.75,United States,--,USD,7.99,5.48,1,2037-11-15,6.65,7.98,,5.48,7.98,5.48,USD,2019-11-15,2019-11-22
BANK OF AMERICA CORP MTN,Banking,Fixed Income,15324673.42,0.04452,15324673.42,16747000,91.49,United States,--,USD,11.15,5.78,1,2044-01-21,5.0,11.25,,5.78,11.25,5.78,USD,2014-01-21,2014-01-21
CISCO SYSTEMS INC,Technology,Fixed Income,15314235.14,0.04449,15314235.14,16416000,91.14,United States,--,USD,13.19,5.96,1,2054-02-26,5.3,13.47,,5.96,13.47,5.96,USD,2024-02-26,2024-02-26
META PLATFORMS INC,Communications,Fixed Income,15310040.63,0.04448,15310040.63,15301000,98.07,United States,--,USD,4.34,4.98,1,2031-08-15,4.55,4.37,,4.98,4.37,4.98,USD,2024-08-09,2024-08-09
HONEYWELL AEROSPACE INC 144A,Capital Goods,Fixed Income,15290379.98,0.04442,15290379.98,15533000,96.83,United States,--,USD,5.53,5.17,1,2033-03-16,4.6,5.55,,5.17,5.55,5.17,USD,2026-03-16,2026-03-16
ORACLE CORPORATION,Technology,Fixed Income,15271888.37,0.04437,15271888.37,24241000,62.92,United States,--,USD,11.59,7.65,1,2046-07-15,4.0,11.68,,7.65,11.68,7.65,USD,2016-07-07,2016-07-07
HCA INC,Consumer Non-Cyclical,Fixed Income,15266968.77,0.04435,15266968.77,19212000,77.83,United States,--,USD,12.9,6.39,1,2052-03-15,4.63,13.13,,6.39,13.13,6.39,USD,2023-03-15,2023-08-07
GOLDMAN SACHS GROUP INC/THE,Banking,Fixed Income,15248508.41,0.0443,15248508.41,15267000,98.72,United States,--,USD,2.93,5.05,1,2030-10-23,4.69,2.94,,5.05,2.94,5.05,USD,2024-10-23,2024-10-23
AT&T INC,Communications,Fixed Income,15249603.27,0.0443,15249603.27,20230000,74.89,United States,--,USD,10.67,6.09,1,2041-06-01,3.5,10.72,,6.09,10.72,6.09,USD,2020-05-28,2020-05-28
TORONTO-DOMINION BANK/THE MTN,Banking,Fixed Income,15239209.45,0.04427,15239209.45,15616000,97.04,Canada,--,USD,5.08,5.04,1,2032-06-08,4.46,5.07,,5.04,5.07,5.04,USD,2022-06-08,2022-06-08
AMAZON.COM INC,Consumer Cyclical,Fixed Income,15231261.98,0.04425,15231261.98,15589000,97.48,United States,--,USD,14.07,6.43,1,2066-07-09,6.25,14.34,,6.43,14.34,6.43,USD,2026-07-09,2026-07-09
ALPHABET INC,Technology,Fixed Income,15220850.51,0.04422,15220850.51,16220000,92.84,United States,--,USD,11.32,5.98,1,2045-11-15,5.35,11.51,,5.98,11.51,5.98,USD,2025-11-06,2025-11-06
VERIZON COMMUNICATIONS INC,Communications,Fixed Income,15222409.14,0.04422,15222409.14,15992000,94.14,United States,--,USD,3.35,4.92,1,2030-03-22,3.15,3.36,,4.92,3.36,4.92,USD,2020-03-20,2020-03-20
GLOBAL PAYMENTS INC,Technology,Fixed Income,15200429.35,0.04416,15200429.35,15438000,97.55,United States,--,USD,3.8,5.52,1,2030-11-15,4.88,3.8,,5.52,3.8,5.52,USD,2025-11-14,2025-11-14
GOLDMAN SACHS GROUP INC/THE,Banking,Fixed Income,15185056.84,0.04412,15185056.84,17653000,84.82,United States,--,USD,11.51,6.1,1,2045-10-21,4.75,11.68,,6.1,11.68,6.1,USD,2015-10-21,2015-10-21
HSBC HOLDINGS PLC FXD-TO-FLT,Banking,Fixed Income,15182911.82,0.04411,15182911.82,15278000,97.66,United Kingdom,--,USD,4.0,5.19,1,2032-03-10,4.67,4.03,,5.19,4.04,5.19,USD,2026-03-10,2026-03-10
JPMORGAN CHASE & CO,Banking,Fixed Income,15174458.0,0.04409,15174458.0,15269000,99.27,United States,--,USD,9.97,5.67,1,2041-07-15,5.6,10.02,,5.67,10.02,5.67,USD,2011-07-21,2011-07-21
AMAZON.COM INC,Consumer Cyclical,Fixed Income,15161547.05,0.04405,15161547.05,15229000,99.37,United States,--,USD,5.76,5.21,1,2033-07-09,5.1,5.78,,5.21,5.78,5.21,USD,2026-07-09,2026-07-09
NOVARTIS CAPITAL CORP,Consumer Non-Cyclical,Fixed Income,15135379.3,0.04397,15135379.3,17622000,84.96,Switzerland,--,USD,11.44,5.76,1,2044-05-06,4.4,11.55,,5.76,11.55,5.76,USD,2014-02-21,2014-02-21
T-MOBILE USA INC,Communications,Fixed Income,15127524.06,0.04395,15127524.06,16620000,89.91,United States,--,USD,4.18,5.05,1,2031-02-15,2.55,4.16,,5.05,4.16,5.05,USD,2021-02-15,2021-05-21
PEPSICO INC,Consumer Non-Cyclical,Fixed Income,15109277.4,0.0439,15109277.4,14911000,98.84,United States,--,USD,6.94,5.16,1,2035-07-23,5.0,6.99,,5.16,6.99,5.16,USD,2025-07-23,2025-07-23
APPLE INC,Technology,Fixed Income,15097536.2,0.04386,15097536.2,16716000,89.99,United States,--,USD,3.6,4.54,1,2030-05-11,1.65,3.6,,4.54,3.6,4.54,USD,2020-05-11,2020-05-11
BANK OF AMERICA CORP MTN,Banking,Fixed Income,15091155.26,0.04384,15091155.26,18332000,82.3,United States,--,USD,11.68,5.95,1,2048-01-20,4.44,12.52,,5.95,12.5,5.95,USD,2017-01-20,2017-01-20
AMPHENOL CORPORATION,Capital Goods,Fixed Income,15060874.22,0.04376,15060874.22,15570000,94.71,United States,--,USD,7.4,5.34,1,2036-02-15,4.63,7.42,,5.34,7.42,5.34,USD,2025-11-10,2025-11-10
GILEAD SCIENCES INC,Consumer Non-Cyclical,Fixed Income,15061294.43,0.04376,15061294.43,16788000,88.23,United States,--,USD,11.04,5.88,1,2044-04-01,4.8,11.19,,5.88,11.19,5.88,USD,2014-03-07,2014-03-07
VODAFONE GROUP PLC,Communications,Fixed Income,15063733.9,0.04376,15063733.9,16494000,90.95,United Kingdom,--,USD,12.85,6.45,1,2054-06-28,5.75,13.1,,6.45,13.1,6.45,USD,2024-06-28,2024-06-28
ENERGY TRANSFER OPERATING LP,Energy,Fixed Income,15049872.96,0.04372,15049872.96,18094000,82.25,United States,--,USD,12.37,6.47,1,2050-05-15,5.0,12.59,,6.47,12.59,6.47,USD,2020-01-22,2020-01-22
ELI LILLY AND COMPANY,Consumer Non-Cyclical,Fixed Income,15045373.7,0.04371,15045373.7,15209000,98.17,United States,--,USD,4.25,4.8,1,2031-05-20,4.38,4.26,,4.8,4.26,4.8,USD,2026-05-20,2026-05-20
DELL INTERNATIONAL LLC,Technology,Fixed Income,15032713.72,0.04367,15032713.72,15075000,97.76,United States,--,USD,4.0,5.06,1,2031-02-15,4.5,3.99,,5.06,3.99,5.06,USD,2025-10-06,2025-10-06
VICI PROPERTIES LP,Consumer Cyclical,Fixed Income,15017746.05,0.04363,15017746.05,15242000,97.57,United States,--,USD,4.88,5.62,1,2032-05-15,5.13,4.9,,5.62,4.9,5.62,USD,2022-04-29,2022-04-29
AMAZON.COM INC,Consumer Cyclical,Fixed Income,14955128.45,0.04345,14955128.45,20595000,71.53,United States,--,USD,13.64,6.17,1,2052-04-13,3.95,13.88,,6.17,13.88,6.17,USD,2022-04-13,2022-04-13
SABINE PASS LIQUEFACTION LLC,Energy,Fixed Income,14937101.92,0.0434,14937101.92,15065000,98.31,United States,--,USD,3.29,4.99,1,2030-05-15,4.5,3.43,,4.99,3.43,4.99,USD,2020-11-15,2021-02-23
BROADCOM INC,Technology,Fixed Income,14915989.37,0.04333,14915989.37,15274000,96.88,United States,--,USD,3.82,4.96,1,2030-11-15,4.15,3.86,,4.96,3.86,4.96,USD,2020-05-08,2020-08-07
JOHN DEERE CAPITAL CORP MTN,Capital Goods,Fixed Income,14910143.79,0.04332,14910143.79,14952000,98.08,United States,--,USD,4.47,4.83,1,2031-09-08,4.4,4.46,,4.83,4.46,4.83,USD,2024-09-06,2024-09-06
ENERGY TRANSFER LP,Energy,Fixed Income,14905617.58,0.0433,14905617.58,15835000,93.02,United States,--,USD,12.61,6.49,1,2054-05-15,5.95,12.86,,6.49,12.86,6.49,USD,2024-01-25,2024-01-25
CITIGROUP INC,Banking,Fixed Income,14866670.88,0.04319,14866670.88,17075000,85.15,United States,--,USD,8.46,5.62,1,2039-01-24,3.88,8.73,,5.62,8.72,5.62,USD,2018-01-24,2018-01-24
HSBC HOLDINGS PLC,Banking,Fixed Income,14863290.55,0.04318,14863290.55,13702000,106.18,United Kingdom,--,USD,7.82,5.74,1,2037-09-15,6.5,7.81,,5.74,7.81,5.74,USD,2007-09-12,2007-09-12
BRISTOL-MYERS SQUIBB CO,Consumer Non-Cyclical,Fixed Income,14833258.81,0.04309,14833258.81,16958000,87.05,United States,--,USD,9.52,5.54,1,2039-06-15,4.13,9.58,,5.54,9.58,5.54,USD,2020-06-15,2020-07-15
MITSUBISHI UFJ FINANCIAL GROUP INC,Banking,Fixed Income,14823686.5,0.04307,14823686.5,16929000,87.55,Japan,--,USD,4.56,5.19,1,2032-07-20,2.31,4.6,,5.19,4.6,5.19,USD,2021-07-20,2021-07-20
ORACLE CORPORATION,Technology,Fixed Income,14798437.73,0.04299,14798437.73,17847000,82.81,United States,--,USD,9.25,7.36,1,2040-07-15,5.38,9.2,,7.36,9.2,7.36,USD,2011-07-15,2011-12-12
APPLE INC,Technology,Fixed Income,14791316.66,0.04297,14791316.66,17461000,83.87,United States,--,USD,11.81,5.79,1,2045-05-13,4.38,11.94,,5.79,11.94,5.79,USD,2015-05-13,2015-05-13
BAT CAPITAL CORP,Consumer Non-Cyclical,Fixed Income,14771293.44,0.04291,14771293.44,18036000,79.92,United Kingdom,--,USD,11.93,6.27,1,2047-08-15,4.54,12.13,,6.27,12.13,6.27,USD,2018-08-15,2018-11-20
HCA INC,Consumer Non-Cyclical,Fixed Income,14757244.26,0.04287,14757244.26,17033000,86.1,United States,--,USD,12.13,6.42,1,2049-06-15,5.25,12.35,,6.42,12.35,6.42,USD,2019-06-12,2019-06-12
ALTRIA GROUP INC,Consumer Non-Cyclical,Fixed Income,14716735.65,0.04276,14716735.65,15852000,90.27,United States,--,USD,10.5,6.3,1,2044-01-31,5.38,10.57,,6.3,10.57,6.3,USD,2013-10-31,2013-10-31
SOLVENTUM CORP,Consumer Non-Cyclical,Fixed Income,14705184.07,0.04272,14705184.07,14328000,100.78,United States,--,USD,6.02,5.47,1,2034-03-23,5.6,6.07,,5.47,5.91,5.47,USD,2024-09-23,2024-12-31
AMGEN INC,Consumer Non-Cyclical,Fixed Income,14696595.19,0.0427,14696595.19,14969000,96.12,United States,--,USD,7.34,5.37,1,2036-02-19,4.85,7.37,,5.37,7.37,5.37,USD,2026-02-19,2026-02-19
CITIGROUP INC,Banking,Fixed Income,14696821.35,0.0427,14696821.35,16655000,87.69,United States,--,USD,4.77,5.16,1,2032-11-03,2.52,4.79,,5.16,4.8,5.16,USD,2021-11-03,2021-11-03
ORACLE CORPORATION,Technology,Fixed Income,14685832.91,0.04267,14685832.91,16417000,87.95,United States,--,USD,6.49,6.63,1,2034-09-27,4.7,6.46,,6.63,6.46,6.63,USD,2024-09-27,2024-09-27
WELLS FARGO & COMPANY,Banking,Fixed Income,14634355.92,0.04252,14634355.92,15751000,91.72,United States,--,USD,10.63,6.16,1,2043-11-02,5.38,10.71,,6.16,10.71,6.16,USD,2013-10-28,2013-10-28
ALPHABET INC,Technology,Fixed Income,14629563.08,0.0425,14629563.08,15365000,92.67,United States,--,USD,14.11,6.25,1,2066-02-15,5.75,14.38,,6.25,14.38,6.25,USD,2026-02-13,2026-02-13
GLOBAL PAYMENTS INC,Technology,Fixed Income,14613590.03,0.04246,14613590.03,15080000,95.87,United States,--,USD,7.06,6.14,1,2035-11-15,5.55,7.06,,6.14,7.06,6.14,USD,2025-11-14,2025-11-14
ORACLE CORPORATION,Technology,Fixed Income,14603400.07,0.04243,14603400.07,19028000,74.19,United States,--,USD,11.26,7.88,1,2053-02-06,5.55,11.4,,7.88,11.4,7.88,USD,2023-02-06,2023-02-06
US BANCORP (FXD-FRN) MTN,Banking,Fixed Income,14579614.39,0.04236,14579614.39,14626000,97.49,United States,--,USD,3.89,8.52,1,2032-01-26,4.48,3.88,,5.11,3.94,5.11,USD,2026-01-26,2026-01-26
AERCAP IRELAND CAPITAL DAC,Finance Companies,Fixed Income,14574241.28,0.04234,14574241.28,16485000,87.63,Ireland,--,USD,6.22,5.49,1,2033-10-29,3.4,6.21,,5.49,6.21,5.49,USD,2021-10-29,2021-10-29
BANCO SANTANDER SA,Banking,Fixed Income,14562501.4,0.04231,14562501.4,13062000,110.04,Spain,--,USD,5.72,5.26,1,2033-11-07,6.94,5.7,,5.26,5.7,5.26,USD,2023-11-07,2023-11-07
RTX CORP,Capital Goods,Fixed Income,14559977.17,0.0423,14559977.17,13514000,105.59,United States,--,USD,5.92,5.2,1,2034-03-15,6.1,5.99,,5.18,5.83,5.18,USD,2023-11-08,2023-11-08
DUKE ENERGY CAROLINAS LLC,Electric,Fixed Income,14557666.01,0.04229,14557666.01,14626000,99.44,United States,--,USD,5.43,5.05,1,2033-01-15,4.95,5.48,,5.05,5.48,5.05,USD,2023-01-06,2023-01-06
PHILIP MORRIS INTERNATIONAL INC,Consumer Non-Cyclical,Fixed Income,14520972.53,0.04219,14520972.53,13899000,103.44,United States,--,USD,5.15,5.11,1,2032-11-17,5.75,5.22,,5.08,5.05,5.08,USD,2022-11-17,2022-11-17
JPMORGAN CHASE & CO,Banking,Fixed Income,14514546.71,0.04217,14514546.71,14399000,99.32,United States,--,USD,9.58,5.57,1,2040-10-15,5.5,9.62,,5.57,9.62,5.57,USD,2010-10-21,2010-10-21
CISCO SYSTEMS INC,Technology,Fixed Income,14502353.07,0.04213,14502353.07,14282000,99.45,United States,--,USD,6.7,5.18,1,2035-02-24,5.1,6.74,,5.18,6.74,5.18,USD,2025-02-24,2025-02-24
COSTCO WHOLESALE CORPORATION,Consumer Cyclical,Fixed Income,14496214.96,0.04211,14496214.96,16072000,89.79,United States,--,USD,3.55,4.6,1,2030-04-20,1.6,3.55,,4.6,3.55,4.6,USD,2020-04-20,2020-04-20
FREEPORT-MCMORAN INC,Basic Industry,Fixed Income,14471506.81,0.04204,14471506.81,15098000,93.93,United States,--,USD,10.29,6.03,1,2043-03-15,5.45,10.42,,6.03,10.42,6.03,USD,2013-09-15,2013-10-09
MERCEDES-BENZ FINANCE NORTH AMERIC,Consumer Cyclical,Fixed Income,14440600.61,0.04195,14440600.61,12706000,113.56,Germany,--,USD,3.79,5.08,1,2031-01-18,8.5,3.77,,5.08,3.77,5.08,USD,2001-01-18,2001-01-18
BROADCOM INC,Technology,Fixed Income,14435624.38,0.04194,14435624.38,14611000,98.71,United States,--,USD,3.57,4.96,1,2030-07-15,4.6,3.59,,4.96,3.59,4.96,USD,2025-07-11,2025-07-11
ROGERS COMMUNICATIONS INC,Communications,Fixed Income,14427311.62,0.04191,14427311.62,15430000,92.16,Canada,--,USD,4.9,5.43,1,2032-03-15,3.8,4.9,,5.43,4.9,5.43,USD,2023-03-15,2023-07-25
WALMART INC,Consumer Cyclical,Fixed Income,14418202.15,0.04189,14418202.15,14579000,97.36,United States,--,USD,5.2,4.65,1,2032-09-09,4.15,5.26,,4.65,5.26,4.65,USD,2022-09-09,2022-09-09
TRUIST FINANCIAL CORP MTN,Banking,Fixed Income,14418561.44,0.04189,14418561.44,14288000,100.04,United States,--,USD,3.39,5.03,1,2031-05-20,5.07,3.41,,5.03,3.41,5.03,USD,2025-05-20,2025-05-20
UNITEDHEALTH GROUP INC,Insurance,Fixed Income,14403616.61,0.04185,14403616.61,16146000,88.78,United States,--,USD,4.43,4.95,1,2031-05-15,2.3,4.44,,4.95,4.44,4.95,USD,2021-05-19,2021-05-19
CIGNA GROUP,Consumer Non-Cyclical,Fixed Income,14388220.89,0.0418,14388220.89,14619000,98.32,United States,--,USD,7.33,5.48,1,2036-01-15,5.25,7.36,,5.48,7.36,5.48,USD,2025-09-04,2025-09-04
HONEYWELL INTERNATIONAL INC,Capital Goods,Fixed Income,14351810.59,0.0417,14351810.59,16564000,85.96,United States,--,USD,4.74,4.89,1,2031-09-01,1.75,4.74,,4.89,4.74,4.89,USD,2021-08-16,2021-08-16
AMAZON.COM INC,Consumer Cyclical,Fixed Income,14319930.3,0.0416,14319930.3,14390000,98.85,United States,--,USD,5.34,4.91,1,2032-12-01,4.7,5.4,,4.91,5.4,4.91,USD,2022-12-01,2022-12-01
RAYTHEON TECHNOLOGIES CORPORATION,Capital Goods,Fixed Income,14286812.43,0.04151,14286812.43,16942000,83.48,United States,--,USD,12.55,5.97,1,2048-11-16,4.63,12.8,,5.97,12.8,5.97,USD,2018-08-16,2018-08-16
AON NORTH AMERICA INC,Insurance,Fixed Income,14279174.15,0.04148,14279174.15,13921000,100.44,United States,--,USD,5.99,5.38,1,2034-03-01,5.45,6.04,,5.38,5.88,5.38,USD,2024-03-01,2024-03-01
MITSUBISHI UFJ FINANCIAL GROUP INC,Banking,Fixed Income,14273490.54,0.04147,14273490.54,14350000,98.12,Japan,--,USD,7.22,5.56,1,2037-04-21,5.33,7.4,,5.56,7.4,5.56,USD,2026-04-21,2026-04-21
TAKEDA PHARMACEUTICAL CO LTD,Consumer Non-Cyclical,Fixed Income,14269554.64,0.04146,14269554.64,19318000,73.76,Japan,--,USD,10.63,5.79,1,2040-07-09,3.02,10.66,,5.79,10.66,5.79,USD,2020-07-09,2020-07-09
UBS GROUP AG,Banking,Fixed Income,14266605.2,0.04145,14266605.2,16100000,87.71,Switzerland,--,USD,11.46,5.97,1,2045-05-15,4.88,11.58,,5.97,11.58,5.97,USD,2015-11-15,2016-01-14
AT&T INC,Communications,Fixed Income,14256742.02,0.04142,14256742.02,14971000,92.45,United States,--,USD,12.59,6.58,1,2056-04-30,6.0,12.83,,6.58,12.83,6.58,USD,2026-02-05,2026-02-05
WALMART INC,Consumer Cyclical,Fixed Income,14236360.86,0.04136,14236360.86,14641000,96.13,United States,--,USD,5.67,4.78,1,2033-04-15,4.1,5.73,,4.78,5.73,4.78,USD,2023-04-18,2023-04-18
NORTHROP GRUMMAN CORP,Capital Goods,Fixed Income,14228982.35,0.04134,14228982.35,18312000,76.62,United States,--,USD,12.58,5.99,1,2047-10-15,4.03,12.81,,5.99,12.81,5.99,USD,2017-10-13,2017-10-13
CIGNA GROUP,Consumer Non-Cyclical,Fixed Income,14177878.0,0.04119,14177878.0,14884000,92.81,United States,--,USD,12.85,6.14,1,2054-02-15,5.6,13.11,,6.14,13.11,6.14,USD,2024-02-13,2024-02-13
AMAZON.COM INC,Consumer Cyclical,Fixed Income,14168894.89,0.04116,14168894.89,18942000,73.03,United States,--,USD,14.14,6.22,1,2057-08-22,4.25,14.4,,6.22,14.4,6.22,USD,2018-02-22,2018-06-06
HONEYWELL AEROSPACE INC 144A,Capital Goods,Fixed Income,14163865.57,0.04115,14163865.57,14330000,97.34,United States,--,USD,4.08,4.95,1,2031-03-16,4.3,4.09,,4.95,4.09,4.95,USD,2026-03-16,2026-03-16
SANTANDER UK GROUP HOLDINGS PLC,Banking,Fixed Income,14159607.84,0.04114,14159607.84,13725000,101.63,United Kingdom,--,USD,3.26,5.2,1,2031-04-15,5.69,3.28,,5.2,3.28,5.2,USD,2025-01-15,2025-01-15
TOTALENERGIES CAPITAL SA,Energy,Fixed Income,14093828.88,0.04095,14093828.88,14828000,93.42,France,--,USD,13.18,5.98,1,2054-04-05,5.49,13.46,,5.98,13.46,5.98,USD,2024-04-05,2024-04-05
US BANCORP MTN,Banking,Fixed Income,14069663.07,0.04088,14069663.07,13744000,100.13,United States,--,USD,3.14,4.95,1,2031-02-12,5.05,3.15,,4.95,3.15,4.95,USD,2025-02-12,2025-02-12
VERIZON COMMUNICATIONS INC,Communications,Fixed Income,14065494.05,0.04086,14065494.05,23890000,58.38,United States,--,USD,14.44,6.21,1,2050-11-20,2.88,14.65,,6.21,14.65,6.21,USD,2020-11-20,2020-11-20
COCA-COLA CO,Consumer Non-Cyclical,Fixed Income,14044649.95,0.0408,14044649.95,15012000,92.52,United States,--,USD,14.82,5.9,1,2064-05-13,5.4,15.13,,5.9,15.13,5.9,USD,2024-05-13,2024-05-13
ROYAL BANK OF CANADA MTN,Banking,Fixed Income,14041431.73,0.04079,14041431.73,14180000,98.01,Canada,--,USD,4.17,5.02,1,2032-05-03,4.61,4.19,,5.02,4.19,5.02,USD,2026-04-17,2026-04-17
ROYAL BANK OF CANADA MTN,Banking,Fixed Income,14028314.85,0.04076,14028314.85,13781000,99.42,Canada,--,USD,5.4,5.11,1,2033-02-01,5.0,5.38,,5.11,5.38,5.11,USD,2023-01-12,2023-01-12
FISERV INC,Technology,Fixed Income,14021992.67,0.04074,14021992.67,13755000,99.58,United States,--,USD,5.61,5.7,1,2033-08-21,5.63,5.64,,5.7,5.64,5.7,USD,2023-08-21,2023-08-21
PAYCHEX INC,Technology,Fixed Income,14022760.01,0.04074,14022760.01,13798000,100.19,United States,--,USD,4.78,5.31,1,2032-04-15,5.35,4.81,,5.31,4.81,5.31,USD,2025-04-10,2025-04-10
BOEING CO,Capital Goods,Fixed Income,14023401.6,0.04074,14023401.6,12621000,109.53,United States,--,USD,13.61,6.34,1,2064-05-01,7.01,13.88,,6.34,13.84,6.34,USD,2024-11-01,2024-12-17
BRISTOL-MYERS SQUIBB CO,Consumer Non-Cyclical,Fixed Income,14014815.36,0.04072,14014815.36,15329000,90.39,United States,--,USD,5.02,4.92,1,2032-03-15,2.95,5.03,,4.92,5.03,4.92,USD,2022-03-02,2022-03-02
MARRIOTT INTERNATIONAL INC,Consumer Cyclical,Fixed Income,13976838.27,0.04061,13976838.27,13949000,98.72,United States,--,USD,7.86,5.66,1,2037-04-15,5.5,7.88,,5.66,7.88,5.66,USD,2025-02-26,2025-02-26
BANK OF NOVA SCOTIA (FXD-FRN) MTN,Banking,Fixed Income,13953738.3,0.04054,13953738.3,14040000,98.75,Canada,--,USD,4.24,5.11,1,2032-06-05,4.9,4.25,,5.11,4.25,5.11,USD,2026-06-05,2026-06-05
WELLS FARGO & COMPANY MTN,Banking,Fixed Income,13954362.92,0.04054,13954362.92,14292000,95.91,United States,--,USD,6.95,8.79,1,2036-09-15,4.89,7.15,,5.46,7.12,5.46,USD,2025-09-15,2025-09-15
CHARTER COMMUNICATIONS OPERATING L,Communications,Fixed Income,13955521.67,0.04054,13955521.67,15735000,87.83,United States,--,USD,4.26,5.8,1,2031-04-01,2.8,4.24,,5.8,4.24,5.8,USD,2020-04-17,2020-04-17
STARBUCKS CORPORATION,Consumer Cyclical,Fixed Income,13928768.38,0.04047,13928768.38,15242000,90.91,United States,--,USD,3.98,4.91,1,2030-11-15,2.55,3.98,,4.91,3.98,4.91,USD,2020-05-07,2020-05-07
TRUIST FINANCIAL CORP MTN,Banking,Fixed Income,13927761.98,0.04046,13927761.98,13496000,102.48,United States,--,USD,5.5,5.49,1,2034-06-08,5.87,5.58,,5.43,5.58,5.43,USD,2023-06-08,2023-06-08
WELLS FARGO & COMPANY,Banking,Fixed Income,13928233.79,0.04046,13928233.79,16591000,82.94,United States,--,USD,11.28,6.22,1,2044-11-04,4.65,11.38,,6.22,11.38,6.22,USD,2014-11-04,2014-11-04
EATON CORPORATION,Capital Goods,Fixed Income,13916810.93,0.04043,13916810.93,14107000,97.07,United States,--,USD,4.06,4.92,1,2031-03-06,4.2,4.08,,4.92,4.08,4.92,USD,2026-03-06,2026-03-06
ORACLE CORPORATION,Technology,Fixed Income,13913467.73,0.04042,13913467.73,14151000,95.86,United States,--,USD,4.6,6.14,1,2032-02-03,5.25,4.59,,6.14,4.59,6.14,USD,2025-02-03,2025-02-03
MORGAN STANLEY,Banking,Fixed Income,13910300.06,0.04041,13910300.06,18588000,74.03,United States,--,USD,10.28,5.84,1,2042-04-22,3.22,10.85,,5.84,10.85,5.84,USD,2021-04-22,2021-04-22
HSBC HOLDINGS PLC,Banking,Fixed Income,13890440.86,0.04035,13890440.86,15031000,92.03,United Kingdom,--,USD,3.53,5.32,1,2031-06-04,2.85,3.57,,5.15,3.57,5.15,USD,2020-06-04,2020-06-04
T-MOBILE USA INC,Communications,Fixed Income,13886827.99,0.04034,13886827.99,15985000,85.7,United States,--,USD,9.68,5.91,1,2040-04-15,4.38,9.73,,5.91,9.73,5.91,USD,2021-04-15,2021-05-21
JOHNSON & JOHNSON,Consumer Non-Cyclical,Fixed Income,13843206.87,0.04022,13843206.87,17512000,77.6,United States,--,USD,12.45,5.6,1,2046-03-01,3.7,12.65,,5.6,12.65,5.6,USD,2016-03-01,2016-03-01
OCCIDENTAL PETROLEUM CORPORATION,Energy,Fixed Income,13832599.93,0.04019,13832599.93,12833000,105.51,United States,--,USD,7.34,5.72,1,2036-09-15,6.45,7.31,,5.72,7.31,5.72,USD,2019-09-15,2019-09-18
INTERNATIONAL BUSINESS MACHINES CO,Technology,Fixed Income,13825909.88,0.04017,13825909.88,16365000,83.71,United States,--,USD,9.4,5.99,1,2039-05-15,4.15,9.39,,5.99,9.39,5.99,USD,2019-05-15,2019-05-15
T-MOBILE USA INC,Communications,Fixed Income,13822122.75,0.04016,13822122.75,14958000,91.15,United States,--,USD,4.03,5.07,1,2031-02-15,2.88,4.13,,5.07,4.13,5.07,USD,2021-01-14,2021-01-14
MERCK & CO INC,Consumer Non-Cyclical,Fixed Income,13807023.27,0.04011,13807023.27,17802000,75.89,United States,--,USD,11.94,5.85,1,2045-02-10,3.7,12.1,,5.85,12.1,5.85,USD,2015-02-10,2015-02-10
ORACLE CORPORATION,Technology,Fixed Income,13789056.3,0.04006,13789056.3,14661000,91.47,United States,--,USD,6.75,6.78,1,2035-08-03,5.5,6.72,,6.78,6.72,6.78,USD,2025-02-03,2025-02-03
WALT DISNEY CO,Communications,Fixed Income,13789425.99,0.04006,13789425.99,19558000,70.42,United States,--,USD,14.05,5.9,1,2051-01-13,3.6,14.3,,5.9,14.3,5.9,USD,2020-05-13,2020-05-13
JBS NV/USA FOODS/FOOD CO,Consumer Non-Cyclical,Fixed Income,13786498.11,0.04005,13786498.11,14071000,97.06,Brazil,--,USD,12.0,6.74,1,2052-12-01,6.5,12.22,,6.74,12.22,6.74,USD,2023-06-01,2023-08-21
AMAZON.COM INC,Consumer Cyclical,Fixed Income,13780468.5,0.04004,13780468.5,15499000,88.71,United States,--,USD,3.67,4.73,1,2030-06-03,1.5,3.67,,4.73,3.67,4.73,USD,2020-06-03,2020-06-03
JPMORGAN CHASE & CO,Banking,Fixed Income,13781022.95,0.04004,13781022.95,13771000,100.07,United States,--,USD,2.75,4.93,1,2030-07-22,5.0,2.75,,4.93,2.75,4.93,USD,2024-07-22,2024-07-22
CVS HEALTH CORP,Consumer Non-Cyclical,Fixed Income,13779684.03,0.04003,13779684.03,13660000,98.69,United States,--,USD,12.76,6.3,1,2055-09-15,6.2,13.03,,6.3,13.03,6.3,USD,2025-08-15,2025-08-15
SALESFORCE INC,Technology,Fixed Income,13775195.29,0.04002,13775195.29,13837000,97.26,United States,--,USD,10.55,6.65,1,2046-03-15,6.4,10.72,,6.65,10.72,6.65,USD,2026-03-13,2026-03-13
ADOBE INC,Technology,Fixed Income,13775639.46,0.04002,13775639.46,14817000,91.88,United States,--,USD,3.28,4.83,1,2030-02-01,2.3,3.28,,4.83,3.28,4.83,USD,2020-02-03,2020-02-03
WALT DISNEY CO,Communications,Fixed Income,13754293.88,0.03996,13754293.88,15984000,84.5,United States,--,USD,12.78,5.93,1,2050-03-23,4.7,13.04,,5.93,13.04,5.93,USD,2020-03-23,2020-03-23
PFIZER INC,Consumer Non-Cyclical,Fixed Income,13752104.54,0.03995,13752104.54,14045000,97.01,United States,--,USD,7.27,5.28,1,2035-11-15,4.88,7.3,,5.28,7.3,5.28,USD,2025-11-21,2025-11-21
HEWLETT PACKARD ENTERPRISE CO,Technology,Fixed Income,13745598.04,0.03993,13745598.04,15197000,88.94,United States,--,USD,12.81,6.46,1,2054-10-15,5.6,13.05,,6.46,13.05,6.46,USD,2024-09-26,2024-09-26
GENERAL MOTORS FINANCIAL COMPANY I,Consumer Cyclical,Fixed Income,13733421.15,0.0399,13733421.15,13467000,101.45,United States,--,USD,4.19,5.26,1,2031-06-18,5.6,4.23,,5.25,4.1,5.25,USD,2024-06-18,2024-06-18
BROADCOM INC,Technology,Fixed Income,13734395.83,0.0399,13734395.83,13542000,100.46,United States,--,USD,4.53,5.05,1,2031-11-15,5.15,4.56,,5.05,4.43,5.05,USD,2024-07-12,2024-07-12
UNITEDHEALTH GROUP INC,Insurance,Fixed Income,13722613.16,0.03987,13722613.16,14874000,90.81,United States,--,USD,13.18,6.06,1,2054-04-15,5.38,13.46,,6.06,13.46,6.06,USD,2024-03-21,2024-03-21
ACCENTURE CAPITAL INC,Technology,Fixed Income,13722785.59,0.03987,13722785.59,14426000,93.78,United States,--,USD,6.6,5.45,1,2034-10-04,4.5,6.62,,5.45,6.62,5.45,USD,2024-10-04,2024-10-04
ORACLE CORPORATION,Technology,Fixed Income,13715276.29,0.03985,13715276.29,17312000,77.26,United States,--,USD,11.81,8.01,1,2065-09-26,6.1,11.98,,8.01,11.98,8.01,USD,2025-09-26,2025-09-26
NOVARTIS CAPITAL CORP,Consumer Non-Cyclical,Fixed Income,13709303.74,0.03983,13709303.74,14954000,90.71,Switzerland,--,USD,3.77,4.74,1,2030-08-14,2.2,3.77,,4.74,3.77,4.74,USD,2020-02-14,2020-02-14
ABBOTT LABORATORIES,Consumer Non-Cyclical,Fixed Income,13702104.77,0.03981,13702104.77,14220000,95.67,United States,--,USD,7.9,5.3,1,2036-11-30,4.75,7.97,,5.3,7.97,5.3,USD,2016-11-22,2016-11-22
MICROSOFT CORPORATION,Technology,Fixed Income,13691528.18,0.03978,13691528.18,14620000,91.76,United States,--,USD,8.12,5.12,1,2037-02-06,4.1,8.18,,5.12,8.18,5.12,USD,2017-02-06,2017-02-06
FIFTH THIRD BANCORP,Banking,Fixed Income,13678988.59,0.03974,13678988.59,13091000,101.79,United States,--,USD,3.83,5.24,1,2032-01-29,5.63,3.85,,5.18,3.85,5.18,USD,2024-01-29,2024-01-29
VERIZON COMMUNICATIONS INC,Communications,Fixed Income,13674731.92,0.03973,13674731.92,14509000,93.26,United States,--,USD,6.65,5.42,1,2034-11-01,4.4,6.72,,5.42,6.72,5.42,USD,2014-10-29,2014-10-29
ROYAL BANK OF CANADA (FX-FRN) MTN,Banking,Fixed Income,13656895.21,0.03968,13656895.21,13274000,100.48,Canada,--,USD,3.12,4.94,1,2031-02-04,5.15,3.12,,4.94,3.12,4.94,USD,2025-01-24,2025-01-24
BP CAPITAL MARKETS AMERICA INC,Energy,Fixed Income,13653216.92,0.03967,13653216.92,21297000,62.88,United States,--,USD,14.13,5.95,1,2050-02-24,3.0,14.35,,5.95,14.35,5.95,USD,2020-02-24,2020-02-24
AT&T INC,Communications,Fixed Income,13637609.68,0.03962,13637609.68,14241000,93.05,United States,--,USD,10.81,6.48,1,2046-04-30,5.85,10.99,,6.48,10.99,6.48,USD,2026-02-05,2026-02-05
KLA CORP,Technology,Fixed Income,13598205.0,0.03951,13598205.0,13802000,98.43,United States,--,USD,5.09,4.96,1,2032-07-15,4.65,5.15,,4.96,5.15,4.96,USD,2022-06-23,2022-06-23
PNC FINANCIAL SERVICES GROUP INC (,Banking,Fixed Income,13596649.56,0.0395,13596649.56,14698000,92.51,United States,--,USD,3.28,4.91,1,2030-01-22,2.55,3.28,,4.91,3.28,4.91,USD,2020-01-22,2020-01-22
AMAZON.COM INC,Consumer Cyclical,Fixed Income,13571644.5,0.03943,13571644.5,18817000,71.57,United States,--,USD,11.1,5.75,1,2041-05-12,2.88,11.15,,5.75,11.15,5.75,USD,2021-05-12,2021-05-12
CONOCOPHILLIPS,Energy,Fixed Income,13573564.5,0.03943,13573564.5,12168000,108.46,United States,--,USD,8.44,5.55,1,2039-02-01,6.5,8.44,,5.55,8.44,5.55,USD,2009-02-03,2009-02-03
MORGAN STANLEY,Banking,Fixed Income,13553232.76,0.03938,13553232.76,16755000,80.89,United States,--,USD,12.36,6.01,1,2047-01-22,4.38,12.52,,6.01,12.52,6.01,USD,2017-01-20,2017-01-20
FORD MOTOR CREDIT COMPANY LLC,Consumer Cyclical,Fixed Income,13535834.66,0.03932,13535834.66,13316000,99.37,United States,--,USD,5.86,6.23,1,2034-03-08,6.13,5.88,,6.23,5.88,6.23,USD,2024-03-08,2024-03-08
PHILIP MORRIS INTERNATIONAL INC,Consumer Non-Cyclical,Fixed Income,13522877.72,0.03929,13522877.72,13113000,100.86,United States,--,USD,3.89,4.91,1,2031-02-13,5.13,3.94,,4.9,3.81,4.9,USD,2024-02-13,2024-02-13
HSBC HOLDINGS PLC,Banking,Fixed Income,13523625.27,0.03929,13523625.27,13068000,101.29,United Kingdom,--,USD,5.88,5.5,1,2035-03-04,5.72,5.99,,5.5,5.99,5.5,USD,2024-03-04,2024-03-04
FOX CORP,Communications,Fixed Income,13518650.83,0.03927,13518650.83,12612000,105.4,United States,--,USD,5.61,5.58,1,2033-10-13,6.5,5.67,,5.55,5.51,5.55,USD,2023-10-13,2023-10-13
MITSUBISHI UFJ FINANCIAL GROUP INC,Banking,Fixed Income,13509727.88,0.03925,13509727.88,13310000,100.07,Japan,--,USD,6.05,5.42,1,2035-04-17,5.43,6.16,,5.42,6.16,5.42,USD,2024-04-17,2024-04-17
UNITEDHEALTH GROUP INC,Insurance,Fixed Income,13506432.06,0.03924,13506432.06,14390000,93.75,United States,--,USD,14.44,6.18,1,2064-07-15,5.75,14.73,,6.18,14.73,6.18,USD,2024-07-25,2024-07-25
COMCAST CORPORATION,Communications,Fixed Income,13502772.9,0.03923,13502772.9,14366000,93.91,United States,--,USD,5.58,5.38,1,2033-01-15,4.25,5.55,,5.38,5.55,5.38,USD,2013-01-14,2013-01-14
SHELL FINANCE US INC,Energy,Fixed Income,13497785.64,0.03921,13497785.64,17238000,77.5,United States,--,USD,12.29,5.95,1,2046-05-10,4.0,12.44,,5.95,12.44,5.95,USD,2024-05-10,2024-10-08
ORACLE CORPORATION,Technology,Fixed Income,13485432.67,0.03918,13485432.67,19720000,67.2,United States,--,USD,10.11,7.34,1,2041-03-25,3.65,10.09,,7.34,10.09,7.34,USD,2021-03-24,2021-03-24
ORACLE CORPORATION,Technology,Fixed Income,13469316.6,0.03913,13469316.6,17736000,75.24,United States,--,USD,8.6,7.0,1,2037-11-15,3.8,8.54,,7.0,8.54,7.0,USD,2017-11-09,2017-11-09
NOVARTIS CAPITAL CORP,Consumer Non-Cyclical,Fixed Income,13455605.88,0.03909,13455605.88,13477000,98.33,Switzerland,--,USD,4.08,4.8,1,2031-03-18,4.4,4.09,,4.8,4.09,4.8,USD,2026-03-18,2026-03-18
WELLS FARGO & COMPANY,Banking,Fixed Income,13440999.36,0.03905,13440999.36,16957000,78.8,United States,--,USD,11.95,6.28,1,2046-06-14,4.4,12.09,,6.28,12.09,6.28,USD,2016-06-14,2016-06-14
NISOURCE INC,Natural Gas,Fixed Income,13427858.11,0.03901,13427858.11,13834000,95.26,United States,--,USD,12.96,6.2,1,2055-04-01,5.85,13.23,,6.2,13.23,6.2,USD,2025-03-27,2025-03-27
GOLDMAN SACHS GROUP INC/THE MTN,Banking,Fixed Income,13423796.62,0.039,13423796.62,15479000,86.54,United States,--,USD,11.23,6.04,1,2044-07-08,4.8,11.38,,6.04,11.38,6.04,USD,2014-07-08,2014-07-08
LOWES COMPANIES INC,Consumer Cyclical,Fixed Income,13418613.7,0.03898,13418613.7,17582000,75.43,United States,--,USD,12.38,6.16,1,2047-05-03,4.05,12.58,,6.16,12.58,6.16,USD,2017-05-03,2017-05-03
PNC FINANCIAL SERVICES GROUP INC (,Banking,Fixed Income,13395662.01,0.03892,13395662.01,13085000,99.69,United States,--,USD,6.14,5.43,1,2035-07-23,5.4,6.26,,5.43,6.26,5.43,USD,2024-07-23,2024-07-23
COMCAST CORPORATION,Communications,Fixed Income,13371534.23,0.03885,13371534.23,14307000,92.2,United States,--,USD,3.26,5.09,1,2030-02-01,2.65,3.25,,5.09,3.25,5.09,USD,2019-11-05,2019-11-05
MICROSOFT CORPORATION,Technology,Fixed Income,13371739.22,0.03885,13371739.22,17452000,74.93,United States,--,USD,12.44,5.84,1,2046-08-08,3.7,12.64,,5.84,12.64,5.84,USD,2016-08-08,2016-08-08
WELLS FARGO & COMPANY MTN,Banking,Fixed Income,13366537.71,0.03883,13366537.71,16106000,82.4,United States,--,USD,11.87,6.29,1,2046-12-07,4.75,12.01,,6.29,12.01,6.29,USD,2016-12-08,2016-12-08
JBS NV 144A,Consumer Non-Cyclical,Fixed Income,13367080.0,0.03883,13367080.0,13503000,97.45,United States,--,USD,7.74,5.95,1,2037-03-10,5.63,7.75,,5.95,7.75,5.95,USD,2026-04-13,2026-04-13
COMCAST CORPORATION,Communications,Fixed Income,13362301.39,0.03882,13362301.39,13647000,96.77,United States,--,USD,3.73,5.11,1,2030-10-15,4.25,3.77,,5.11,3.77,5.11,USD,2018-10-05,2018-10-05
SERVICENOW INC,Technology,Fixed Income,13363450.45,0.03882,13363450.45,15265000,86.99,United States,--,USD,3.89,4.94,1,2030-09-01,1.4,3.88,,4.94,3.88,4.94,USD,2020-08-11,2020-08-11
UNITED PARCEL SERVICE INC,Transportation,Fixed Income,13348323.23,0.03878,13348323.23,12533000,106.38,United States,--,USD,8.26,5.44,1,2038-01-15,6.2,8.25,,5.44,8.25,5.44,USD,2008-01-15,2008-01-15
T-MOBILE USA INC,Communications,Fixed Income,13346198.06,0.03877,13346198.06,14731000,90.49,United States,--,USD,12.73,6.4,1,2053-01-15,5.65,12.98,,6.4,12.98,6.4,USD,2022-09-15,2022-09-15
ABBOTT LABORATORIES,Consumer Non-Cyclical,Fixed Income,13299514.13,0.03864,13299514.13,13587000,96.41,United States,--,USD,4.11,4.87,1,2031-03-15,4.0,4.12,,4.87,4.12,4.87,USD,2026-03-09,2026-03-09
ONEOK INC,Energy,Fixed Income,13291551.27,0.03862,13291551.27,13391000,97.98,United States,--,USD,4.49,5.19,1,2031-10-15,4.75,4.51,,5.19,4.51,5.19,USD,2024-09-24,2024-09-24
ENERGY TRANSFER LP,Energy,Fixed Income,13290390.57,0.03861,13290390.57,13450000,97.13,United States,--,USD,11.47,6.49,1,2049-04-15,6.25,11.69,,6.49,11.69,6.49,USD,2019-01-15,2019-01-15
HCA INC,Consumer Non-Cyclical,Fixed Income,13290417.17,0.03861,13290417.17,14238000,92.07,United States,--,USD,4.92,5.27,1,2032-03-15,3.63,4.93,,5.27,4.93,5.27,USD,2023-03-15,2023-08-07
HCA INC,Consumer Non-Cyclical,Fixed Income,13279261.84,0.03858,13279261.84,12913000,101.16,United States,--,USD,3.99,5.17,1,2031-04-01,5.45,4.03,,5.16,3.91,5.16,USD,2024-02-23,2024-02-23
CVS HEALTH CORP,Consumer Non-Cyclical,Fixed Income,13273612.79,0.03856,13273612.79,13101000,99.39,United States,--,USD,6.96,5.53,1,2035-09-15,5.45,6.99,,5.53,6.99,5.53,USD,2025-08-15,2025-08-15
BANCO SANTANDER SA,Banking,Fixed Income,13269302.02,0.03855,13269302.02,13300000,98.46,Spain,--,USD,4.13,5.24,1,2031-04-15,4.87,4.12,,5.24,4.12,5.24,USD,2026-04-15,2026-04-15
BROADCOM INC,Technology,Fixed Income,13269443.22,0.03855,13269443.22,13252000,98.23,United States,--,USD,3.19,4.9,1,2030-02-15,4.35,3.2,,4.9,3.2,4.9,USD,2024-10-02,2024-10-02
US BANCORP,Banking,Fixed Income,13270870.58,0.03855,13270870.58,12694000,103.07,United States,--,USD,5.08,5.32,1,2033-10-21,5.85,5.13,,5.27,5.13,5.27,USD,2022-10-21,2022-10-21
EXTRA SPACE STORAGE LP,Reits,Fixed Income,13257356.25,0.03852,13257356.25,13027000,101.45,United States,--,USD,3.44,5.09,1,2030-07-01,5.5,3.5,,5.08,3.36,5.08,USD,2023-06-16,2023-06-16
TOTALENERGIES CAPITAL USA LLC,Energy,Fixed Income,13259161.7,0.03852,13259161.7,13645000,97.06,France,--,USD,5.49,5.11,1,2033-01-13,4.57,5.52,,5.11,5.52,5.11,USD,2026-01-13,2026-01-13
WELLS FARGO & COMPANY MTN,Banking,Fixed Income,13256434.24,0.03851,13256434.24,15457000,84.88,United States,--,USD,11.47,6.26,1,2045-11-17,4.9,11.59,,6.26,11.59,6.26,USD,2015-11-17,2015-11-17
UNION PACIFIC CORPORATION,Transportation,Fixed Income,13243840.05,0.03848,13243840.05,19496000,66.42,United States,--,USD,13.84,5.91,1,2050-02-05,3.25,14.07,,5.91,14.07,5.91,USD,2020-01-31,2020-01-31
TIME WARNER CABLE LLC,Communications,Fixed Income,13245940.08,0.03848,13245940.08,13570000,96.14,United States,--,USD,7.52,7.07,1,2037-05-01,6.55,7.45,,7.07,7.45,7.07,USD,2007-04-09,2007-10-30
CVS HEALTH CORP,Consumer Non-Cyclical,Fixed Income,13237394.6,0.03846,13237394.6,13144000,99.96,United States,--,USD,5.6,5.31,1,2033-06-01,5.3,5.65,,5.31,5.65,5.31,USD,2023-06-02,2023-06-02
CHENIERE ENERGY INC,Energy,Fixed Income,13229433.99,0.03843,13229433.99,12859000,101.36,United States,--,USD,6.0,5.43,1,2034-04-15,5.65,6.12,,5.42,5.8,5.42,USD,2024-03-19,2024-10-03
ARTHUR J GALLAGHER & CO,Insurance,Fixed Income,13216366.79,0.0384,13216366.79,13214000,97.77,United States,--,USD,6.64,5.48,1,2035-02-15,5.15,6.67,,5.48,6.67,5.48,USD,2024-12-19,2024-12-19
JEFFERIES FINANCIAL GROUP INC,Brokerage/Asset Managers/Exchanges,Fixed Income,13187826.97,0.03831,13187826.97,12767000,101.61,United States,--,USD,5.96,5.94,1,2034-04-14,6.2,5.99,,5.93,5.84,5.93,USD,2024-04-16,2024-04-16
ONEOK INC,Energy,Fixed Income,13181963.93,0.0383,13181963.93,12466000,103.37,United States,--,USD,5.56,5.47,1,2033-09-01,6.05,5.62,,5.45,5.46,5.45,USD,2023-08-24,2023-08-24
PROCTER & GAMBLE CO,Consumer Non-Cyclical,Fixed Income,13171253.75,0.03827,13171253.75,13764000,94.72,United States,--,USD,3.39,4.58,1,2030-03-25,3.0,3.39,,4.58,3.39,4.58,USD,2020-03-25,2020-03-25
TEXAS INSTRUMENTS INC,Technology,Fixed Income,13134324.63,0.03816,13134324.63,16397000,79.33,United States,--,USD,12.81,5.84,1,2048-05-15,4.15,13.05,,5.84,13.05,5.84,USD,2018-05-07,2018-05-07
ELI LILLY AND COMPANY,Consumer Non-Cyclical,Fixed Income,13131375.79,0.03815,13131375.79,13282000,98.07,United States,--,USD,5.7,4.99,1,2033-05-20,4.65,5.73,,4.99,5.73,4.99,USD,2026-05-20,2026-05-20
VODAFONE GROUP PLC MTN,Communications,Fixed Income,13115497.85,0.0381,13115497.85,13273000,98.36,United Kingdom,--,USD,4.29,5.18,1,2031-06-18,4.8,4.29,,5.18,4.29,5.18,USD,2026-06-18,2026-06-18
ABBVIE INC,Consumer Non-Cyclical,Fixed Income,13110466.61,0.03809,13110466.61,14985000,86.57,United States,--,USD,12.4,5.97,1,2048-11-14,4.88,12.65,,5.97,12.65,5.97,USD,2018-09-18,2018-09-18
ENERGY TRANSFER LP,Energy,Fixed Income,13106360.61,0.03808,13106360.61,12904000,100.54,United States,--,USD,6.17,5.46,1,2034-05-15,5.55,6.22,,5.46,6.05,5.46,USD,2024-01-25,2024-01-25
MPLX LP,Energy,Fixed Income,13098124.84,0.03805,13098124.84,13030000,99.74,United States,--,USD,6.22,5.54,1,2034-06-01,5.5,6.26,,5.54,6.26,5.54,USD,2024-05-20,2024-05-20
AMAZON.COM INC,Consumer Cyclical,Fixed Income,13083842.44,0.03801,13083842.44,14743000,87.79,United States,--,USD,14.19,6.4,1,2065-11-20,5.55,14.46,,6.4,14.46,6.4,USD,2025-11-20,2025-11-20
BP CAPITAL MARKETS AMERICA INC,Energy,Fixed Income,13068648.87,0.03797,13068648.87,14637000,89.21,United States,--,USD,4.97,5.0,1,2032-01-12,2.72,4.97,,5.0,4.97,5.0,USD,2022-01-12,2022-01-12
COMCAST CORPORATION,Communications,Fixed Income,13068757.52,0.03797,13068757.52,14959000,87.33,United States,--,USD,4.2,5.15,1,2031-01-15,1.95,4.19,,5.15,4.19,5.15,USD,2020-05-28,2020-05-28
HCA INC,Consumer Non-Cyclical,Fixed Income,13064631.33,0.03796,13064631.33,12658000,100.96,United States,--,USD,6.55,5.61,1,2035-03-01,5.75,6.58,,5.6,6.43,5.6,USD,2025-02-21,2025-02-21
GENERAL MOTORS FINANCIAL COMPANY I,Consumer Cyclical,Fixed Income,13059915.35,0.03794,13059915.35,13083000,99.24,United States,--,USD,4.47,5.26,1,2031-09-15,5.1,4.45,,5.26,4.45,5.26,USD,2026-06-11,2026-06-11
US BANCORP MTN,Banking,Fixed Income,13050660.74,0.03792,13050660.74,12616000,102.8,United States,--,USD,5.52,5.41,1,2034-06-12,5.84,5.27,,5.35,5.6,5.35,USD,2023-06-12,2023-06-12
UNITEDHEALTH GROUP INC,Insurance,Fixed Income,13038606.02,0.03788,13038606.02,13668000,95.29,United States,--,USD,10.96,5.93,1,2044-07-15,5.5,11.13,,5.93,11.13,5.93,USD,2024-07-25,2024-07-25
FEDEX FREIGHT HOLDING COMPANY INC 144A,Transportation,Fixed Income,13035130.3,0.03787,13035130.3,13089000,97.43,United States,--,USD,4.03,5.28,1,2031-03-15,4.65,4.03,,5.28,4.03,5.28,USD,2026-02-05,2026-02-05
BERKSHIRE HATHAWAY FINANCE CORP,Insurance,Fixed Income,13029099.01,0.03785,13029099.01,16387000,79.43,United States,--,USD,12.99,5.92,1,2049-01-15,4.25,13.24,,5.92,13.24,5.92,USD,2019-01-11,2019-01-11
TAKEDA US FINANCING INC,Consumer Non-Cyclical,Fixed Income,13029481.14,0.03785,13029481.14,13228000,98.28,Japan,--,USD,7.02,5.44,1,2035-07-07,5.2,7.05,,5.44,7.05,5.44,USD,2025-07-02,2025-07-02
JPMORGAN CHASE & CO,Banking,Fixed Income,13019120.78,0.03782,13019120.78,15894000,80.14,United States,--,USD,11.55,5.94,1,2048-02-22,4.26,12.39,,5.94,12.38,5.94,USD,2017-02-22,2017-02-22
HEWLETT PACKARD ENTERPRISE CO,Technology,Fixed Income,13005414.19,0.03778,13005414.19,12872000,99.33,United States,--,USD,10.63,6.41,1,2045-10-15,6.35,10.8,,6.41,10.8,6.41,USD,2016-10-15,2016-12-30
CANADIAN IMPERIAL BANK OF COMMERCE,Banking,Fixed Income,12996284.25,0.03776,12996284.25,12170000,104.94,Canada,--,USD,5.65,5.26,1,2033-10-03,6.09,5.72,,5.23,5.55,5.23,USD,2023-10-03,2023-10-03
MERCK & CO INC,Consumer Non-Cyclical,Fixed Income,12990301.46,0.03774,12990301.46,13419000,96.17,United States,--,USD,7.35,5.27,1,2035-12-04,4.75,7.38,,5.27,7.38,5.27,USD,2025-12-04,2025-12-04
ANHEUSER-BUSCH INBEV WORLDWIDE INC,Consumer Non-Cyclical,Fixed Income,12991068.09,0.03774,12991068.09,15644000,81.73,Belgium,--,USD,12.6,5.93,1,2048-10-06,4.44,12.84,,5.93,12.84,5.93,USD,2017-04-06,2017-08-17
WELLS FARGO & COMPANY MTN,Banking,Fixed Income,12983691.71,0.03772,12983691.71,12925000,99.62,United States,--,USD,4.2,4.89,1,2032-05-20,4.84,4.22,,4.89,4.22,4.89,USD,2026-05-20,2026-05-20
WALT DISNEY CO,Communications,Fixed Income,12972813.19,0.03769,12972813.19,12021000,107.28,United States,--,USD,6.55,5.12,1,2034-12-15,6.2,6.53,,5.12,6.53,5.12,USD,2019-06-15,2019-11-22
INTEL CORPORATION,Technology,Fixed Income,12959168.72,0.03765,12959168.72,15653000,80.52,United States,--,USD,12.67,6.45,1,2052-08-05,4.9,12.89,,6.45,12.89,6.45,USD,2022-08-05,2022-08-05
AT&T INC,Communications,Fixed Income,12949227.35,0.03762,12949227.35,15786000,81.15,United States,--,USD,11.55,6.45,1,2046-05-15,4.75,11.72,,6.45,11.72,6.45,USD,2015-05-04,2015-05-04
COMCAST CORPORATION,Communications,Fixed Income,12937172.23,0.03759,12937172.23,16639000,76.49,United States,--,USD,11.95,6.76,1,2048-10-15,4.7,12.14,,6.76,12.14,6.76,USD,2018-10-05,2018-10-05
COCA-COLA CO,Consumer Non-Cyclical,Fixed Income,12938151.79,0.03759,12938151.79,14589000,88.58,United States,--,USD,5.03,4.65,1,2032-01-05,2.25,5.02,,4.65,5.02,4.65,USD,2021-05-05,2021-05-05
JPMORGAN CHASE & CO,Banking,Fixed Income,12940011.76,0.03759,12940011.76,14436000,88.94,United States,--,USD,11.48,5.93,1,2045-06-01,4.95,11.61,,5.93,11.61,5.93,USD,2015-05-29,2015-05-29
CVS HEALTH CORP,Consumer Non-Cyclical,Fixed Income,12933199.68,0.03757,12933199.68,14739000,87.0,United States,--,USD,4.28,5.08,1,2031-02-28,1.88,4.27,,5.08,4.27,5.08,USD,2020-12-16,2020-12-16
DIAMONDBACK ENERGY INC,Energy,Fixed Income,12924729.58,0.03755,12924729.58,12742000,100.02,United States,--,USD,6.13,5.39,1,2034-04-18,5.4,6.17,,5.39,6.17,5.39,USD,2024-04-18,2024-04-18
TOTALENERGIES CAPITAL INTERNATIONA,Energy,Fixed Income,12925681.83,0.03755,12925681.83,20028000,64.08,France,--,USD,14.22,5.97,1,2050-05-29,3.13,14.45,,5.97,14.45,5.97,USD,2020-05-29,2020-05-29
APPLE INC,Technology,Fixed Income,12922223.44,0.03754,12922223.44,12863000,99.59,United States,--,USD,4.97,4.58,1,2032-05-12,4.5,5.01,,4.58,5.01,4.58,USD,2025-05-12,2025-05-12
ING GROEP NV,Banking,Fixed Income,12919757.53,0.03753,12919757.53,12626000,100.43,Netherlands,--,USD,5.96,5.47,1,2035-03-19,5.55,6.06,,5.47,6.06,5.47,USD,2024-03-19,2024-03-19
NATWEST GROUP PLC,Banking,Fixed Income,12914120.62,0.03752,12914120.62,12186000,103.64,United Kingdom,--,USD,5.24,5.45,1,2034-03-02,6.02,5.31,,5.35,5.31,5.35,USD,2023-03-02,2023-03-02
BARCLAYS PLC,Banking,Fixed Income,12915657.84,0.03752,12915657.84,13132000,97.95,United Kingdom,--,USD,7.26,5.81,1,2037-06-26,5.59,7.48,,5.81,7.48,5.81,USD,2026-06-26,2026-06-26
CATERPILLAR FINANCIAL SERVICES COR MTN,Capital Goods,Fixed Income,12909526.09,0.03751,12909526.09,12981000,98.61,United States,--,USD,4.25,4.83,1,2031-05-15,4.5,4.24,,4.83,4.24,4.83,USD,2026-05-15,2026-05-15
PHILLIPS 66 CO,Energy,Fixed Income,12911515.09,0.03751,12911515.09,12702000,101.11,United States,--,USD,4.21,4.99,1,2031-06-15,5.25,4.26,,4.99,4.13,4.99,USD,2024-02-28,2024-02-28
MCDONALDS CORPORATION MTN,Consumer Cyclical,Fixed Income,12905786.1,0.03749,12905786.1,14703000,87.19,United States,--,USD,11.61,6.0,1,2045-12-09,4.88,11.8,,6.0,11.8,6.0,USD,2015-12-09,2015-12-09
BROADCOM INC,Technology,Fixed Income,12901192.5,0.03748,12901192.5,17922000,70.35,United States,--,USD,13.5,6.09,1,2051-02-15,3.75,13.74,,6.09,13.74,6.09,USD,2025-08-15,2025-10-17
WESTPAC BANKING CORP,Banking,Fixed Income,12890602.39,0.03745,12890602.39,14466000,88.82,Australia,--,USD,4.51,4.83,1,2031-06-03,2.15,4.5,,4.83,4.5,4.83,USD,2021-06-03,2021-06-03
ALPHABET INC,Technology,Fixed Income,12886270.8,0.03744,12886270.8,13092000,97.68,United States,--,USD,3.45,4.67,1,2030-05-15,4.0,3.47,,4.67,3.47,4.67,USD,2025-05-01,2025-05-01
ENBRIDGE INC,Energy,Fixed Income,12886985.27,0.03744,12886985.27,11976000,106.36,Canada,--,USD,12.47,6.21,1,2053-11-15,6.7,12.74,,6.21,12.65,6.21,USD,2023-11-09,2023-11-09
VERIZON COMMUNICATIONS INC,Communications,Fixed Income,12885314.97,0.03743,12885314.97,14281000,90.14,United States,--,USD,7.6,5.63,1,2036-01-15,4.27,7.57,,5.63,7.57,5.63,USD,2015-07-15,2015-08-20
ORACLE CORPORATION,Technology,Fixed Income,12865840.58,0.03738,12865840.58,14964000,85.81,United States,--,USD,6.51,6.62,1,2034-07-08,4.3,6.49,,6.62,6.49,6.62,USD,2014-07-08,2014-07-08
LOWES COMPANIES INC,Consumer Cyclical,Fixed Income,12864320.16,0.03737,12864320.16,14587000,87.73,United States,--,USD,3.98,4.95,1,2030-10-15,1.7,3.97,,4.95,3.97,4.95,USD,2020-10-22,2020-10-22
BROADCOM INC,Technology,Fixed Income,12851839.58,0.03734,12851839.58,12982000,98.9,United States,--,USD,5.09,5.12,1,2032-07-15,4.9,5.12,,5.12,5.12,5.12,USD,2025-07-11,2025-07-11
VODAFONE GROUP PLC MTN,Communications,Fixed Income,12841607.85,0.03731,12841607.85,13437000,94.99,United Kingdom,--,USD,12.95,6.48,1,2056-06-18,6.1,13.21,,6.48,13.21,6.48,USD,2026-06-18,2026-06-18
QUALCOMM INCORPORATED,Technology,Fixed Income,12837179.34,0.03729,12837179.34,16127000,78.86,United States,--,USD,12.28,6.11,1,2047-05-20,4.3,12.49,,6.11,12.49,6.11,USD,2017-05-26,2017-05-26
MITSUBISHI UFJ FINANCIAL GROUP INC,Banking,Fixed Income,12827979.28,0.03727,12827979.28,12738000,100.62,Japan,--,USD,3.15,5.01,1,2031-01-16,5.2,3.15,,5.01,3.15,5.01,USD,2025-01-16,2025-01-16
HALLIBURTON COMPANY,Energy,Fixed Income,12828915.03,0.03727,12828915.03,14598000,86.95,United States,--,USD,11.41,6.16,1,2045-11-15,5.0,11.59,,6.16,11.59,6.16,USD,2015-11-13,2015-11-13
ORACLE CORPORATION,Technology,Fixed Income,12823726.07,0.03726,12823726.07,13630000,91.82,United States,--,USD,5.35,6.45,1,2033-02-06,4.9,5.32,,6.45,5.32,6.45,USD,2023-02-06,2023-02-06
HONEYWELL AEROSPACE INC 144A,Capital Goods,Fixed Income,12810074.04,0.03722,12810074.04,13060000,96.04,United States,--,USD,14.35,6.12,1,2066-03-16,5.85,14.64,,6.12,14.64,6.12,USD,2026-03-16,2026-03-16
UNITEDHEALTH GROUP INC,Insurance,Fixed Income,12811928.23,0.03722,12811928.23,15262000,83.06,United States,--,USD,13.24,6.05,1,2052-05-15,4.75,13.51,,6.05,13.51,6.05,USD,2022-05-20,2022-05-20
MASTERCARD INC,Technology,Fixed Income,12796086.72,0.03718,12796086.72,12855000,98.98,United States,--,USD,4.28,4.84,1,2031-06-08,4.6,4.29,,4.84,4.29,4.84,USD,2026-06-08,2026-06-08
PHILIP MORRIS INTERNATIONAL INC,Consumer Non-Cyclical,Fixed Income,12785621.05,0.03715,12785621.05,11802000,107.17,United States,--,USD,8.29,5.54,1,2038-05-16,6.38,8.28,,5.54,8.28,5.54,USD,2008-05-16,2008-05-16
ECOLAB INC,Basic Industry,Fixed Income,12786390.09,0.03715,12786390.09,12684000,100.05,United States,--,USD,5.67,5.14,1,2033-06-15,5.15,5.7,,5.14,5.7,5.14,USD,2026-05-29,2026-05-29
GENERAL MOTORS CO,Consumer Cyclical,Fixed Income,12788503.32,0.03715,12788503.32,12806000,97.95,United States,--,USD,10.11,6.45,1,2043-10-02,6.25,10.17,,6.45,10.17,6.45,USD,2014-04-02,2014-07-21
HUMANA INC,Insurance,Fixed Income,12779475.06,0.03713,12779475.06,12553000,100.36,United States,--,USD,4.03,5.29,1,2031-04-15,5.38,4.07,,5.29,3.95,5.29,USD,2024-03-13,2024-03-13
MASTERCARD INC,Technology,Fixed Income,12764898.63,0.03709,12764898.63,13228000,95.42,United States,--,USD,3.33,4.72,1,2030-03-26,3.35,3.37,,4.72,3.37,4.72,USD,2020-03-26,2020-03-26
HSBC HOLDINGS PLC,Banking,Fixed Income,12764971.91,0.03709,12764971.91,14276000,88.94,United Kingdom,--,USD,4.77,5.24,1,2032-11-22,2.87,4.8,,5.24,4.8,5.24,USD,2021-11-22,2021-11-22
BANCO SANTANDER SA,Banking,Fixed Income,12753105.27,0.03705,12753105.27,11991000,104.1,Spain,--,USD,5.94,5.68,1,2034-03-14,6.35,5.91,,5.68,5.91,5.68,USD,2024-03-14,2024-03-14
NOVARTIS CAPITAL CORP,Consumer Non-Cyclical,Fixed Income,12747156.26,0.03703,12747156.26,12970000,97.4,Switzerland,--,USD,3.83,4.78,1,2030-11-05,4.1,3.84,,4.78,3.84,4.78,USD,2025-11-05,2025-11-05
BARCLAYS PLC,Banking,Fixed Income,12743681.98,0.03702,12743681.98,12584000,99.46,United Kingdom,--,USD,2.79,5.15,1,2030-09-10,4.94,2.81,,5.13,2.82,5.13,USD,2024-09-10,2024-09-10
MPLX LP,Energy,Fixed Income,12739404.27,0.03701,12739404.27,12718000,98.26,United States,--,USD,6.96,5.64,1,2035-09-15,5.4,6.98,,5.64,6.98,5.64,USD,2025-08-11,2025-08-11
NVIDIA CORPORATION,Technology,Fixed Income,12734158.79,0.037,12734158.79,17976000,69.76,United States,--,USD,13.76,5.88,1,2050-04-01,3.5,14.0,,5.88,14.0,5.88,USD,2020-03-31,2020-03-31
SYNOPSYS INC,Technology,Fixed Income,12734776.82,0.037,12734776.82,12624000,99.38,United States,--,USD,3.28,5.03,1,2030-04-01,4.85,3.29,,5.03,3.29,5.03,USD,2025-03-17,2025-03-17
PNC FINANCIAL SERVICES GROUP INC (,Banking,Fixed Income,12727966.26,0.03698,12727966.26,12762000,98.52,United States,--,USD,4.49,5.11,1,2032-10-21,4.81,4.52,,5.11,4.52,5.11,USD,2024-10-21,2024-10-21
FORD MOTOR CREDIT COMPANY LLC,Consumer Cyclical,Fixed Income,12711565.7,0.03693,12711565.7,12450000,99.92,United States,--,USD,3.55,5.75,1,2030-09-05,5.73,3.55,,5.75,3.55,5.75,USD,2025-09-05,2025-09-05
LOWES COMPANIES INC,Consumer Cyclical,Fixed Income,12703101.0,0.03691,12703101.0,12657000,99.02,United States,--,USD,5.52,5.17,1,2033-04-15,5.0,5.57,,5.17,5.57,5.17,USD,2022-09-08,2022-09-08
BROADCOM INC,Technology,Fixed Income,12688691.71,0.03686,12688691.71,15430000,81.64,United States,--,USD,8.4,5.55,1,2036-11-15,3.19,8.39,,5.55,8.39,5.55,USD,2026-05-15,2026-07-21
HCA INC,Consumer Non-Cyclical,Fixed Income,12674869.99,0.03682,12674869.99,13155000,94.5,United States,--,USD,12.54,6.43,1,2054-04-01,6.0,12.78,,6.43,12.78,6.43,USD,2024-02-23,2024-02-23
GOLDMAN SACHS GROUP INC/THE,Banking,Fixed Income,12669357.25,0.03681,12669357.25,16800000,74.0,United States,--,USD,10.28,6.0,1,2043-02-24,3.44,10.99,,6.0,10.98,6.0,USD,2022-01-24,2022-01-24
MEDTRONIC INC,Consumer Non-Cyclical,Fixed Income,12670615.85,0.03681,12670615.85,14291000,87.03,United States,--,USD,11.52,5.77,1,2045-03-15,4.63,11.65,,5.77,11.65,5.77,USD,2015-03-15,2015-08-31
UBER TECHNOLOGIES INC,Consumer Cyclical,Fixed Income,12664706.4,0.03679,12664706.4,12895000,98.13,United States,--,USD,3.18,4.89,1,2030-01-15,4.3,3.19,,4.89,3.19,4.89,USD,2024-09-09,2024-09-09
ENTERPRISE PRODUCTS OPERATING LLC,Energy,Fixed Income,12664802.81,0.03679,12664802.81,12818000,98.7,United States,--,USD,7.35,5.38,1,2036-01-15,5.2,7.38,,5.38,7.38,5.38,USD,2025-06-20,2025-06-20
ALPHABET INC,Technology,Fixed Income,12661063.59,0.03678,12661063.59,14495000,86.36,United States,--,USD,14.48,6.24,1,2065-05-15,5.3,14.76,,6.24,14.76,6.24,USD,2025-05-01,2025-05-01
CRH AMERICA FINANCE INC,Capital Goods,Fixed Income,12651103.82,0.03675,12651103.82,12589000,100.29,Ireland,--,USD,6.65,5.46,1,2035-01-09,5.5,6.69,,5.46,6.69,5.46,USD,2025-01-09,2025-01-09
PHILLIPS 66,Energy,Fixed Income,12646388.88,0.03674,12646388.88,14427000,86.75,United States,--,USD,11.2,6.08,1,2044-11-15,4.88,11.36,,6.08,11.36,6.08,USD,2014-11-17,2014-11-17
CHARTER COMMUNICATIONS OPERATING L,Communications,Fixed Income,12637318.65,0.03671,12637318.65,12497000,100.19,United States,--,USD,6.01,6.52,1,2034-06-01,6.55,6.02,,6.52,6.02,6.52,USD,2024-05-14,2024-05-14
BANCO BILBAO VIZCAYA ARGENTARIA SA,Banking,Fixed Income,12627663.82,0.03669,12627663.82,12639000,98.89,Spain,--,USD,4.19,5.23,1,2031-05-08,4.97,4.17,,5.23,4.17,5.23,USD,2026-05-08,2026-05-08
HUNTINGTON BANCSHARES INC,Banking,Fixed Income,12620377.96,0.03667,12620377.96,12184000,100.89,United States,--,USD,5.8,5.56,1,2035-02-02,5.71,5.9,,5.56,5.9,5.56,USD,2024-02-02,2024-02-02
HOME DEPOT INC,Consumer Cyclical,Fixed Income,12618413.66,0.03666,12618413.66,13780000,91.17,United States,--,USD,13.51,5.95,1,2054-06-25,5.3,13.79,,5.95,13.79,5.95,USD,2024-06-25,2024-06-25
APPLE INC,Technology,Fixed Income,12610439.79,0.03664,12610439.79,21219000,58.91,United States,--,USD,14.81,5.88,1,2050-05-11,2.65,15.04,,5.88,15.04,5.88,USD,2020-05-11,2020-05-11
GENERAL MOTORS FINANCIAL COMPANY I,Consumer Cyclical,Fixed Income,12613146.56,0.03664,12613146.56,12210000,103.05,United States,--,USD,5.9,5.59,1,2034-01-07,6.1,5.95,,5.58,5.78,5.58,USD,2023-12-07,2023-12-07
BARCLAYS PLC,Banking,Fixed Income,12608783.44,0.03663,12608783.44,11585000,106.44,United Kingdom,--,USD,5.47,5.65,1,2034-09-13,6.69,5.56,,5.58,5.56,5.58,USD,2023-09-13,2023-09-13
AMAZON.COM INC,Consumer Cyclical,Fixed Income,12600869.9,0.03661,12600869.9,13945000,89.71,United States,--,USD,11.3,5.87,1,2044-12-05,4.95,11.47,,5.87,11.47,5.87,USD,2014-12-05,2014-12-05
AERCAP IRELAND CAPITAL DAC,Finance Companies,Fixed Income,12595875.48,0.03659,12595875.48,15904000,78.31,Ireland,--,USD,10.61,6.04,1,2041-10-29,3.85,10.68,,6.04,10.68,6.04,USD,2021-10-29,2021-10-29
MITSUBISHI UFJ FINANCIAL GROUP INC,Banking,Fixed Income,12591418.06,0.03658,12591418.06,12601000,98.69,Japan,--,USD,4.09,5.2,1,2032-04-21,4.87,4.13,,5.2,4.13,5.2,USD,2026-04-21,2026-04-21
PACIFIC GAS AND ELECTRIC COMPANY,Electric,Fixed Income,12586207.52,0.03657,12586207.52,13923000,89.21,United States,--,USD,4.14,5.21,1,2031-02-01,2.5,4.13,,5.21,4.13,5.21,USD,2020-06-19,2020-06-19
UNITEDHEALTH GROUP INC,Insurance,Fixed Income,12589232.28,0.03657,12589232.28,12486000,98.19,United States,--,USD,13.83,6.18,1,2063-02-15,6.05,14.11,,6.18,14.11,6.18,USD,2022-10-28,2022-10-28
MEDTRONIC INC,Consumer Non-Cyclical,Fixed Income,12573242.43,0.03653,12573242.43,13092000,94.49,United States,--,USD,6.96,5.17,1,2035-03-15,4.38,6.95,,5.17,6.95,5.17,USD,2015-03-15,2015-08-31
AT&T INC,Communications,Fixed Income,12547483.15,0.03645,12547483.15,12615000,97.42,United States,--,USD,4.15,5.01,1,2031-04-30,4.4,4.16,,5.01,4.16,5.01,USD,2026-02-05,2026-02-05
REGAL REXNORD CORP,Capital Goods,Fixed Income,12540565.95,0.03643,12540565.95,11787000,104.67,United States,--,USD,5.3,5.56,1,2033-04-15,6.4,5.37,,5.53,5.2,5.53,USD,2024-04-15,2024-05-01
LOWES COMPANIES INC,Consumer Cyclical,Fixed Income,12526041.81,0.03639,12526041.81,12794000,96.69,United States,--,USD,5.26,5.13,1,2032-10-15,4.5,5.29,,5.13,5.29,5.13,USD,2025-09-30,2025-09-30
BURLINGTON NORTHERN SANTA FE LLC,Transportation,Fixed Income,12522339.48,0.03638,12522339.48,13723000,89.85,United States,--,USD,13.38,5.95,1,2054-04-15,5.2,13.66,,5.95,13.66,5.95,USD,2023-06-09,2023-06-09
PACIFICORP,Electric,Fixed Income,12499564.3,0.03631,12499564.3,13647000,91.48,United States,--,USD,12.95,6.46,1,2055-01-15,5.8,13.2,,6.46,13.2,6.46,USD,2024-01-05,2024-01-05
TORONTO-DOMINION BANK/THE MTN,Banking,Fixed Income,12465714.58,0.03622,12465714.58,13532000,90.95,Canada,--,USD,5.0,5.07,1,2032-03-10,3.2,4.98,,5.07,4.98,5.07,USD,2022-03-10,2022-03-10
KROGER CO,Consumer Non-Cyclical,Fixed Income,12468618.94,0.03622,12468618.94,13487000,90.46,United States,--,USD,14.02,6.31,1,2064-09-15,5.65,14.29,,6.31,14.29,6.31,USD,2024-08-27,2024-08-27
BARCLAYS PLC,Banking,Fixed Income,12457924.32,0.03619,12457924.32,12742000,95.63,United Kingdom,--,USD,7.04,5.76,1,2037-02-24,5.21,7.24,,5.76,7.24,5.76,USD,2026-02-24,2026-02-24
FOX CORP,Communications,Fixed Income,12449422.42,0.03617,12449422.42,13348000,90.53,United States,--,USD,11.62,6.37,1,2049-01-25,5.58,11.84,,6.37,11.84,6.37,USD,2020-01-25,2020-03-30
FIFTH THIRD BANCORP,Banking,Fixed Income,12450899.8,0.03617,12450899.8,12676000,97.17,United States,--,USD,4.16,5.14,1,2032-04-29,4.57,4.18,,5.14,4.18,5.14,USD,2026-01-29,2026-01-29
TIME WARNER CABLE LLC,Communications,Fixed Income,12439158.72,0.03614,12439158.72,12960000,95.29,United States,--,USD,8.39,7.32,1,2039-06-15,6.75,8.33,,7.32,8.33,7.32,USD,2009-06-29,2009-06-29
VULCAN MATERIALS COMPANY,Capital Goods,Fixed Income,12431431.9,0.03612,12431431.9,13022000,94.97,United States,--,USD,3.51,4.95,1,2030-06-01,3.5,3.53,,4.95,3.53,4.95,USD,2020-05-18,2020-05-18
JOHNSON & JOHNSON,Consumer Non-Cyclical,Fixed Income,12430776.49,0.03611,12430776.49,14048000,87.98,United States,--,USD,3.9,4.54,1,2030-09-01,1.3,3.89,,4.54,3.89,4.54,USD,2020-08-25,2020-08-25
VERIZON COMMUNICATIONS INC,Communications,Fixed Income,12430987.09,0.03611,12430987.09,13444000,90.19,United States,--,USD,12.82,6.25,1,2054-02-23,5.5,13.08,,6.25,13.08,6.25,USD,2024-02-23,2024-02-23
NEXTERA ENERGY CAPITAL HOLDINGS IN,Electric,Fixed Income,12423420.01,0.03609,12423420.01,12285000,99.11,United States,--,USD,5.39,5.21,1,2033-02-28,5.05,5.44,,5.21,5.44,5.21,USD,2023-02-09,2023-02-09
LOWES COMPANIES INC,Consumer Cyclical,Fixed Income,12407327.92,0.03605,12407327.92,13103000,93.53,United States,--,USD,4.95,5.07,1,2032-04-01,3.75,4.97,,5.07,4.97,5.07,USD,2022-03-24,2022-03-24
EXPAND ENERGY CORP,Energy,Fixed Income,12400764.83,0.03603,12400764.83,12530000,96.71,United States,--,USD,3.96,5.45,1,2032-02-01,4.75,4.67,,5.45,4.67,5.45,USD,2021-12-22,2021-12-22
CHARTER COMMUNICATIONS OPERATING L,Communications,Fixed Income,12396008.03,0.03601,12396008.03,20329000,60.42,United States,--,USD,12.85,7.34,1,2052-06-01,3.9,13.02,,7.34,13.02,7.34,USD,2021-03-04,2021-03-04
CHEVRON USA INC,Energy,Fixed Income,12389716.53,0.036,12389716.53,12444000,98.35,United States,--,USD,5.27,4.81,1,2032-10-15,4.5,5.3,,4.81,5.3,4.81,USD,2025-08-13,2025-08-13
ENERGY TRANSFER LP,Energy,Fixed Income,12376204.53,0.03596,12376204.53,11481000,106.87,United States,--,USD,5.73,5.4,1,2033-12-01,6.55,5.8,,5.37,5.64,5.37,USD,2023-10-13,2023-10-13
INTUIT INC,Technology,Fixed Income,12369085.71,0.03594,12369085.71,12222000,99.37,United States,--,USD,5.75,5.31,1,2033-09-15,5.2,5.79,,5.31,5.79,5.31,USD,2023-09-15,2023-09-15
MITSUBISHI UFJ FINANCIAL GROUP INC,Banking,Fixed Income,12359784.48,0.03591,12359784.48,11983000,100.88,Japan,--,USD,5.28,5.36,1,2034-02-22,5.44,5.36,,5.32,5.36,5.32,USD,2023-02-22,2023-02-22
ELI LILLY AND COMPANY,Consumer Non-Cyclical,Fixed Income,12362118.17,0.03591,12362118.17,13789000,87.34,United States,--,USD,14.66,5.95,1,2064-02-09,5.1,14.95,,5.95,14.95,5.95,USD,2024-02-09,2024-02-09
BROADCOM INC,Technology,Fixed Income,12356702.43,0.0359,12356702.43,12121000,100.54,United States,--,USD,4.8,5.09,1,2032-04-15,5.2,4.84,,5.09,4.72,5.09,USD,2025-01-10,2025-01-10
AT&T INC,Communications,Fixed Income,12357712.22,0.0359,12357712.22,15687000,77.11,United States,--,USD,12.03,6.48,1,2048-03-09,4.5,12.22,,6.48,12.22,6.48,USD,2016-09-07,2016-12-15
MITSUBISHI UFJ FINANCIAL GROUP INC,Banking,Fixed Income,12351947.61,0.03589,12351947.61,12404000,98.1,Japan,--,USD,10.66,6.03,1,2047-04-21,5.87,11.34,,6.03,11.33,6.03,USD,2026-04-21,2026-04-21
TRUIST FINANCIAL CORP MTN,Banking,Fixed Income,12355267.26,0.03589,12355267.26,12218000,98.62,United States,--,USD,5.26,5.4,1,2034-01-26,5.12,5.33,,5.38,5.33,5.38,USD,2023-01-26,2023-01-26
BANK OF AMERICA NA,Banking,Fixed Income,12349818.68,0.03588,12349818.68,11752000,103.47,United States,--,USD,7.53,5.55,1,2036-10-15,6.0,7.51,,5.55,7.51,5.55,USD,2006-10-26,2006-10-26
T-MOBILE USA INC,Communications,Fixed Income,12338118.31,0.03585,12338118.31,12241000,99.84,United States,--,USD,4.9,5.16,1,2032-05-15,5.13,4.93,,5.16,4.93,5.16,USD,2025-03-27,2025-03-27
MERCK & CO INC,Consumer Non-Cyclical,Fixed Income,12340012.06,0.03585,12340012.06,12317000,99.32,United States,--,USD,7.51,5.29,1,2036-05-22,5.2,7.55,,5.29,7.55,5.29,USD,2026-05-22,2026-05-22
BANK OF AMERICA CORP,Banking,Fixed Income,12337004.15,0.03584,12337004.15,12756000,95.13,United States,--,USD,2.76,4.96,1,2030-07-23,3.19,2.76,,4.96,2.77,4.96,USD,2019-07-23,2019-07-23
SERVICENOW INC,Technology,Fixed Income,12325041.56,0.03581,12325041.56,12478000,97.77,United States,--,USD,7.41,5.7,1,2036-05-15,5.4,7.43,,5.7,7.43,5.7,USD,2026-05-15,2026-05-15
INTEL CORPORATION,Technology,Fixed Income,12302390.39,0.03574,12302390.39,12419000,98.0,United States,--,USD,4.24,5.12,1,2031-06-01,4.65,4.25,,5.12,4.25,5.12,USD,2026-04-30,2026-04-30
VIRGINIA ELECTRIC AND POWER COMPAN,Electric,Fixed Income,12299537.54,0.03573,12299537.54,12567000,95.95,United States,--,USD,7.37,5.5,1,2036-03-15,4.95,7.39,,5.5,7.39,5.5,USD,2026-03-02,2026-03-02
MERCK & CO INC,Consumer Non-Cyclical,Fixed Income,12294668.52,0.03572,12294668.52,13956000,87.19,United States,--,USD,13.38,5.96,1,2053-05-17,5.0,13.65,,5.96,13.65,5.96,USD,2023-05-17,2023-05-17
VERIZON COMMUNICATIONS INC,Communications,Fixed Income,12282716.5,0.03568,12282716.5,14111000,87.03,United States,--,USD,4.24,5.01,1,2031-01-20,1.75,4.22,,5.01,4.22,5.01,USD,2020-11-20,2020-11-20
LOWES COMPANIES INC,Consumer Cyclical,Fixed Income,12270911.42,0.03565,12270911.42,13036000,92.62,United States,--,USD,12.77,6.19,1,2053-04-15,5.63,13.03,,6.19,13.03,6.19,USD,2022-09-08,2022-09-08
SUMITOMO MITSUI FINANCIAL GROUP IN,Banking,Fixed Income,12268446.25,0.03564,12268446.25,12098000,101.21,Japan,--,USD,6.39,5.41,1,2034-07-09,5.56,6.37,,5.41,6.37,5.41,USD,2024-07-09,2024-07-09
PHILLIPS 66,Energy,Fixed Income,12262877.27,0.03563,12262877.27,12182000,99.34,United States,--,USD,9.99,5.94,1,2042-05-01,5.88,10.04,,5.94,10.04,5.94,USD,2012-11-01,2013-01-18
UNITEDHEALTH GROUP INC,Insurance,Fixed Income,12263803.63,0.03563,12263803.63,14230000,86.09,United States,--,USD,11.67,5.99,1,2045-07-15,4.75,11.8,,5.99,11.8,5.99,USD,2015-07-23,2015-07-23
AMPHENOL CORPORATION,Capital Goods,Fixed Income,12257086.55,0.03561,12257086.55,13265000,91.42,United States,--,USD,13.7,5.92,1,2055-11-15,5.3,13.99,,5.92,13.99,5.92,USD,2025-11-10,2025-11-10
M&T BANK CORPORATION,Banking,Fixed Income,12253579.11,0.0356,12253579.11,12212000,97.88,United States,--,USD,5.26,5.45,1,2034-01-27,5.05,5.34,,5.44,5.34,5.44,USD,2023-01-27,2023-01-27
KENVUE INC,Consumer Non-Cyclical,Fixed Income,12250331.6,0.03559,12250331.6,13671000,87.92,United States,--,USD,13.2,5.96,1,2053-03-22,5.05,13.48,,5.96,13.48,5.96,USD,2023-09-22,2023-10-17
UNITEDHEALTH GROUP INC,Insurance,Fixed Income,12231472.93,0.03554,12231472.93,13994000,86.0,United States,--,USD,14.37,6.17,1,2063-04-15,5.2,14.65,,6.17,14.65,6.17,USD,2023-03-28,2023-03-28
WILLIAMS COMPANIES INC,Energy,Fixed Income,12222865.32,0.03551,12222865.32,12193000,98.43,United States,--,USD,6.08,5.4,1,2034-03-15,5.15,6.13,,5.4,6.13,5.4,USD,2024-01-05,2024-01-05
HALLIBURTON COMPANY,Energy,Fixed Income,12208488.32,0.03547,12208488.32,10415000,114.59,United States,--,USD,8.47,5.84,1,2039-09-15,7.45,8.48,,5.84,8.48,5.84,USD,2009-03-13,2009-03-13
RIO TINTO FINANCE (USA) PLC,Basic Industry,Fixed Income,12209614.53,0.03547,12209614.53,11963000,100.33,Australia,--,USD,3.22,4.82,1,2030-03-14,4.88,3.25,,4.82,3.18,4.82,USD,2025-03-14,2025-03-14
GOLDMAN SACHS GROUP INC/THE,Banking,Fixed Income,12205139.2,0.03546,12205139.2,11251000,105.81,United States,--,USD,5.29,5.07,1,2033-02-15,6.13,5.27,,5.07,5.27,5.07,USD,2003-02-13,2003-02-13
KINDER MORGAN INC,Energy,Fixed Income,12195692.4,0.03543,12195692.4,12099000,100.06,United States,--,USD,5.61,5.19,1,2033-06-01,5.2,5.67,,5.19,5.67,5.19,USD,2023-01-31,2023-01-31
WOODSIDE FINANCE LTD,Energy,Fixed Income,12195903.29,0.03543,12195903.29,11955000,101.07,Australia,--,USD,3.37,5.06,1,2030-05-19,5.4,3.39,,5.05,3.33,5.05,USD,2025-05-19,2025-05-19
ABBVIE INC,Consumer Non-Cyclical,Fixed Income,12188480.39,0.03541,12188480.39,12577000,95.31,United States,--,USD,6.81,5.23,1,2035-03-15,4.55,6.91,,5.23,6.91,5.23,USD,2020-09-15,2020-11-17
MITSUBISHI UFJ FINANCIAL GROUP INC,Banking,Fixed Income,12179634.13,0.03538,12179634.13,12237000,99.5,Japan,--,USD,5.03,5.39,1,2033-07-20,5.13,5.09,,5.27,5.1,5.27,USD,2022-07-20,2022-07-20
ORACLE CORPORATION,Technology,Fixed Income,12173798.9,0.03537,12173798.9,14958000,78.57,United States,--,USD,11.31,7.89,1,2055-08-03,6.0,11.46,,7.89,11.46,7.89,USD,2025-02-03,2025-02-03
DIAMONDBACK ENERGY INC,Energy,Fixed Income,12174375.29,0.03537,12174375.29,12702000,94.34,United States,--,USD,12.91,6.18,1,2054-04-18,5.75,13.17,,6.18,13.17,6.18,USD,2024-04-18,2024-04-18
CHUBB INA HOLDINGS LLC,Insurance,Fixed Income,12175293.18,0.03537,12175293.18,14491000,83.07,United States,--,USD,11.9,5.82,1,2045-11-03,4.35,12.09,,5.82,12.09,5.82,USD,2015-11-03,2015-11-03
GOLDMAN SACHS GROUP INC/THE,Banking,Fixed Income,12157438.13,0.03532,12157438.13,11247000,106.49,United States,--,USD,5.61,5.48,1,2034-10-24,6.56,5.7,,5.46,5.7,5.46,USD,2023-10-24,2023-10-24
WOODSIDE FINANCE LTD,Energy,Fixed Income,12150255.66,0.0353,12150255.66,11713000,102.68,Australia,--,USD,6.71,5.65,1,2035-05-19,6.0,6.74,,5.64,6.6,5.64,USD,2025-05-19,2025-05-19
HSBC HOLDINGS PLC,Banking,Fixed Income,12145878.44,0.03529,12145878.44,11780000,102.07,United Kingdom,--,USD,4.1,5.23,1,2032-05-17,5.73,4.13,,5.23,4.14,5.23,USD,2024-05-17,2024-05-17
FORD MOTOR CREDIT COMPANY LLC,Consumer Cyclical,Fixed Income,12141463.62,0.03527,12141463.62,12116000,98.25,United States,--,USD,4.03,5.85,1,2031-04-09,5.42,4.02,,5.85,4.02,5.85,USD,2026-03-12,2026-03-12
TORONTO-DOMINION BANK/THE MTN,Banking,Fixed Income,12132791.37,0.03525,12132791.37,12253000,97.82,Canada,--,USD,5.62,5.25,1,2033-04-22,4.87,5.61,,5.25,5.61,5.25,USD,2026-04-23,2026-04-23
BANK OF MONTREAL MTN,Banking,Fixed Income,12129037.3,0.03524,12129037.3,12181000,98.9,Canada,--,USD,4.23,5.06,1,2032-06-02,4.88,4.24,,5.06,4.25,5.06,USD,2026-06-02,2026-06-02
ALPHABET INC,Technology,Fixed Income,12128032.06,0.03523,12128032.06,12552000,94.19,United States,--,USD,11.14,6.01,1,2046-02-15,5.5,11.34,,6.01,11.34,6.01,USD,2026-02-13,2026-02-13
PACIFIC GAS & ELECTRIC UTILITIES,Electric,Fixed Income,12104264.65,0.03517,12104264.65,14304000,84.36,United States,--,USD,9.77,6.19,1,2040-07-01,4.5,9.81,,6.19,9.81,6.19,USD,2020-07-02,2020-07-01
ONEOK INC,Energy,Fixed Income,12093892.29,0.03514,12093892.29,12389000,96.48,United States,--,USD,6.55,5.59,1,2034-11-01,5.05,6.57,,5.59,6.57,5.59,USD,2024-09-24,2024-09-24
ARCH CAPITAL GROUP LTD,Insurance,Fixed Income,12094143.58,0.03514,12094143.58,12308000,97.55,United States,--,USD,13.33,6.13,1,2056-06-15,5.95,13.61,,6.13,13.61,6.13,USD,2026-06-09,2026-06-09
AMPHENOL CORPORATION,Capital Goods,Fixed Income,12086204.75,0.03511,12086204.75,12334000,96.07,United States,--,USD,5.48,5.11,1,2033-02-15,4.4,5.5,,5.11,5.5,5.11,USD,2025-11-10,2025-11-10
TIME WARNER CABLE LLC,Communications,Fixed Income,12082584.18,0.0351,12082584.18,12029000,100.02,United States,--,USD,7.91,7.3,1,2038-07-01,7.3,7.85,,7.3,7.85,7.3,USD,2008-06-19,2008-06-19
MITSUBISHI UFJ FIN GRP (6NC5 FXD),Banking,Fixed Income,12077025.24,0.03509,12077025.24,12357000,97.63,Japan,--,USD,3.96,5.12,1,2032-01-14,4.5,3.99,,5.12,3.99,5.12,USD,2026-01-14,2026-01-14
VMWARE LLC,Technology,Fixed Income,12075720.38,0.03508,12075720.38,12072000,99.16,United States,--,USD,3.35,4.94,1,2030-05-15,4.7,3.42,,4.94,3.42,4.94,USD,2020-04-07,2020-04-07
CIGNA GROUP,Consumer Non-Cyclical,Fixed Income,12072497.68,0.03507,12072497.68,11838000,99.69,United States,--,USD,5.99,5.3,1,2034-02-15,5.25,6.04,,5.3,6.04,5.3,USD,2024-02-13,2024-02-13
CANADIAN PACIFIC RAILWAY COMPANY,Transportation,Fixed Income,12066510.68,0.03506,12066510.68,13659000,88.0,Canada,--,USD,4.89,5.03,1,2031-12-02,2.45,4.89,,5.03,4.89,5.03,USD,2021-12-02,2021-12-02
TORONTO-DOMINION BANK/THE MTN,Banking,Fixed Income,12066968.52,0.03506,12066968.52,12384000,96.11,Canada,--,USD,7.21,5.47,1,2035-10-15,4.93,7.19,,5.47,7.19,5.47,USD,2025-10-14,2025-10-14
EOG RESOURCES INC,Energy,Fixed Income,12067249.8,0.03506,12067249.8,12101000,99.62,United States,--,USD,7.31,5.4,1,2036-01-15,5.35,7.35,,5.4,7.35,5.4,USD,2025-07-01,2025-07-01
MOLSON COORS BREWING CO,Consumer Non-Cyclical,Fixed Income,12063214.72,0.03505,12063214.72,15616000,77.17,United States,--,USD,12.15,6.21,1,2046-07-15,4.2,12.34,,6.21,12.34,6.21,USD,2016-07-07,2016-07-07
COMCAST CORPORATION,Communications,Fixed Income,12050093.5,0.03501,12050093.5,17360000,68.52,United States,--,USD,12.23,6.79,1,2047-11-01,3.97,12.39,,6.79,12.39,6.79,USD,2017-10-19,2017-12-14
NATWEST GROUP PLC,Banking,Fixed Income,12051572.32,0.03501,12051572.32,11570000,101.9,United Kingdom,--,USD,6.0,5.48,1,2035-03-01,5.78,5.98,,5.47,5.98,5.47,USD,2024-02-29,2024-02-29
ONEOK INC,Energy,Fixed Income,12040979.2,0.03498,12040979.2,13210000,89.87,United States,--,USD,12.78,6.49,1,2054-11-01,5.7,13.02,,6.49,13.02,6.49,USD,2024-09-24,2024-09-24
CARRIER GLOBAL CORP,Capital Goods,Fixed Income,12023762.55,0.03493,12023762.55,15191000,78.15,United States,--,USD,10.18,5.7,1,2040-04-05,3.38,10.24,,5.7,10.24,5.7,USD,2020-10-05,2020-12-08
BP CAPITAL MARKETS AMERICA INC,Energy,Fixed Income,12011215.98,0.0349,12011215.98,12017000,98.54,United Kingdom,--,USD,6.19,5.22,1,2034-04-10,4.99,6.24,,5.22,6.24,5.22,USD,2024-01-10,2024-01-10
MERCK & CO INC,Consumer Non-Cyclical,Fixed Income,12004955.37,0.03488,12004955.37,13705000,87.34,United States,--,USD,4.95,4.85,1,2031-12-10,2.15,4.95,,4.85,4.95,4.85,USD,2021-12-10,2021-12-10
WELLS FARGO BANK NA MTN,Banking,Fixed Income,11999635.73,0.03486,11999635.73,11177000,107.23,United States,--,USD,8.12,5.73,1,2038-01-15,6.6,8.11,,5.73,8.11,5.73,USD,2007-12-07,2007-12-07
GENERAL MOTORS CO,Consumer Cyclical,Fixed Income,11986860.26,0.03482,11986860.26,11128000,105.68,United States,--,USD,6.95,5.82,1,2036-04-01,6.6,7.04,,5.79,6.78,5.79,USD,2016-02-23,2016-02-23
INTEL CORPORATION,Technology,Fixed Income,11982589.27,0.03481,11982589.27,12402000,94.69,United States,--,USD,5.11,5.18,1,2032-08-05,4.15,5.14,,5.18,5.14,5.18,USD,2022-08-05,2022-08-05
GILEAD SCIENCES INC,Consumer Non-Cyclical,Fixed Income,11983290.43,0.03481,11983290.43,13879000,84.2,United States,--,USD,11.37,5.91,1,2045-02-01,4.5,11.53,,5.91,11.53,5.91,USD,2014-11-17,2014-11-17
INTEL CORPORATION,Technology,Fixed Income,11971730.43,0.03478,11971730.43,12885000,92.46,United States,--,USD,3.11,4.94,1,2029-11-15,2.45,3.11,,4.94,3.11,4.94,USD,2019-11-21,2019-11-21
MERCK & CO INC,Consumer Non-Cyclical,Fixed Income,11966700.91,0.03477,11966700.91,12161000,97.59,United States,--,USD,5.69,4.92,1,2033-05-17,4.5,5.75,,4.92,5.75,4.92,USD,2023-05-17,2023-05-17
DEERE & CO,Capital Goods,Fixed Income,11963691.94,0.03476,11963691.94,11727000,101.93,United States,--,USD,6.69,5.17,1,2035-01-16,5.45,6.74,,5.16,6.58,5.16,USD,2025-01-16,2025-01-16
L3HARRIS TECHNOLOGIES INC,Capital Goods,Fixed Income,11960945.3,0.03475,11960945.3,11770000,100.88,United States,--,USD,4.18,5.04,1,2031-06-01,5.25,4.22,,5.04,4.09,5.04,USD,2024-03-13,2024-03-13
JOHNSON & JOHNSON,Consumer Non-Cyclical,Fixed Income,11962822.63,0.03475,11962822.63,11730000,101.29,United States,--,USD,4.21,4.6,1,2031-06-01,4.9,4.26,,4.59,4.13,4.59,USD,2024-05-20,2024-05-20
DELL INTERNATIONAL LLC,Technology,Fixed Income,11950640.47,0.03472,11950640.47,12080000,98.45,United States,--,USD,4.35,5.1,1,2031-07-15,4.75,4.36,,5.1,4.36,5.1,USD,2026-06-16,2026-06-16
PACIFIC GAS AND ELECTRIC COMPANY,Electric,Fixed Income,11941691.57,0.03469,11941691.57,11680000,102.11,United States,--,USD,12.15,6.58,1,2053-01-15,6.75,12.38,,6.58,12.3,6.58,USD,2023-01-06,2023-01-06
ING GROEP NV (FXD-FRN),Banking,Fixed Income,11938305.45,0.03468,11938305.45,11949000,98.32,Netherlands,--,USD,4.03,5.17,1,2032-03-23,4.8,4.06,,5.17,4.06,5.17,USD,2026-03-23,2026-03-23
MPLX LP,Energy,Fixed Income,11924874.48,0.03464,11924874.48,13012000,89.25,United States,--,USD,11.7,6.41,1,2049-02-15,5.5,11.91,,6.41,11.91,6.41,USD,2018-11-15,2018-11-15
BHP BILLITON FINANCE (USA) LTD,Basic Industry,Fixed Income,11921589.38,0.03463,11921589.38,11898000,98.01,Australia,--,USD,13.3,5.91,1,2055-09-05,5.75,13.59,,5.91,13.59,5.91,USD,2025-09-05,2025-09-05
HESS CORP,Energy,Fixed Income,11912128.05,0.03461,11912128.05,11746000,98.97,United States,--,USD,9.57,5.7,1,2041-02-15,5.6,9.6,,5.7,9.6,5.7,USD,2010-08-10,2010-08-10
EXPEDIA GROUP INC,Consumer Cyclical,Fixed Income,11912402.87,0.03461,11912402.87,12451000,94.26,United States,--,USD,3.25,5.03,1,2030-02-15,3.25,3.26,,5.03,3.26,5.03,USD,2020-02-15,2020-03-23
BP CAPITAL MARKETS AMERICA INC,Energy,Fixed Income,11903590.05,0.03458,11903590.05,11878000,98.43,United Kingdom,--,USD,5.79,5.16,1,2033-09-11,4.89,5.84,,5.16,5.84,5.16,USD,2023-05-11,2023-05-11
INTEL CORPORATION,Technology,Fixed Income,11899568.92,0.03457,11899568.92,18909000,62.33,United States,--,USD,13.64,6.37,1,2049-11-15,3.25,13.84,,6.37,13.84,6.37,USD,2019-11-21,2019-11-21
BARCLAYS PLC,Banking,Fixed Income,11896158.34,0.03456,11896158.34,13768000,86.24,United Kingdom,--,USD,11.93,6.14,1,2047-01-10,4.95,12.08,,6.14,12.08,6.14,USD,2017-01-10,2017-01-10
ABBVIE INC,Consumer Non-Cyclical,Fixed Income,11870048.71,0.03449,11870048.71,12089000,96.5,United States,--,USD,5.55,5.02,1,2033-03-15,4.4,5.58,,5.02,5.58,5.02,USD,2026-03-04,2026-03-04
MERCK & CO INC,Consumer Non-Cyclical,Fixed Income,11867314.51,0.03448,11867314.51,11912000,97.88,United States,--,USD,7.1,5.24,1,2035-09-15,4.95,7.13,,5.24,7.13,5.24,USD,2025-09-09,2025-09-09
JEFFERIES FINANCIAL GROUP INC MTN,Brokerage/Asset Managers/Exchanges,Fixed Income,11869274.82,0.03448,11869274.82,12116000,95.12,United States,--,USD,7.08,6.18,1,2036-02-15,5.5,7.07,,6.18,7.07,6.18,USD,2026-01-16,2026-01-16
CVS HEALTH CORP,Consumer Non-Cyclical,Fixed Income,11865538.52,0.03447,11865538.52,11560000,100.49,United States,--,USD,3.12,4.97,1,2030-02-21,5.13,3.17,,4.97,3.03,4.97,USD,2023-02-21,2023-02-21
CVS HEALTH CORP,Consumer Non-Cyclical,Fixed Income,11847152.99,0.03442,11847152.99,12455000,94.29,United States,--,USD,12.67,6.32,1,2053-06-01,5.88,12.92,,6.32,12.92,6.32,USD,2023-06-02,2023-06-02
ALPHABET INC,Technology,Fixed Income,11847374.54,0.03442,11847374.54,13231000,88.57,United States,--,USD,13.48,6.1,1,2055-05-15,5.25,13.75,,6.1,13.75,6.1,USD,2025-05-01,2025-05-01
LOCKHEED MARTIN CORPORATION,Capital Goods,Fixed Income,11842142.25,0.0344,11842142.25,15309000,75.91,United States,--,USD,13.78,5.91,1,2052-09-15,4.09,14.04,,5.91,14.04,5.91,USD,2017-09-07,2017-10-27
BRISTOL-MYERS SQUIBB CO,Consumer Non-Cyclical,Fixed Income,11836571.24,0.03439,11836571.24,15091000,77.18,United States,--,USD,10.96,5.79,1,2042-03-15,3.55,11.05,,5.79,11.05,5.79,USD,2022-03-02,2022-03-02
VICI PROPERTIES LP,Consumer Cyclical,Fixed Income,11837803.78,0.03439,11837803.78,11711000,98.92,United States,--,USD,3.13,5.28,1,2030-02-15,4.95,3.16,,5.28,3.16,5.28,USD,2022-04-29,2022-04-29
ENTERPRISE PRODUCTS OPERATING LLC,Energy,Fixed Income,11832362.81,0.03438,11832362.81,11945000,98.97,United States,--,USD,3.99,4.86,1,2031-01-15,4.6,4.0,,4.86,4.0,4.86,USD,2025-06-20,2025-06-20
NASDAQ INC,Brokerage/Asset Managers/Exchanges,Fixed Income,11832499.41,0.03438,11832499.41,11367000,101.67,United States,--,USD,5.94,5.28,1,2034-02-15,5.55,5.99,,5.27,5.83,5.27,USD,2023-06-28,2023-06-28
MITSUBISHI UFJ FINANCIAL GROUP INC,Banking,Fixed Income,11830173.28,0.03437,11830173.28,12241000,96.53,Japan,--,USD,7.22,5.52,1,2037-01-14,5.06,7.39,,5.52,7.39,5.52,USD,2026-01-14,2026-01-14
ANHEUSER-BUSCH INBEV WORLDWIDE INC,Consumer Non-Cyclical,Fixed Income,11810055.29,0.03431,11810055.29,9571000,123.23,Belgium,--,USD,8.27,5.59,1,2039-01-15,8.2,8.27,,5.59,8.27,5.59,USD,2011-01-15,2011-03-14
RAYTHEON TECHNOLOGIES CORPORATION,Capital Goods,Fixed Income,11794603.9,0.03427,11794603.9,12521000,92.03,United States,--,USD,12.95,5.98,1,2053-02-27,5.38,13.22,,5.98,13.22,5.98,USD,2023-02-27,2023-02-27
WOODSIDE FINANCE LTD,Energy,Fixed Income,11796851.08,0.03427,11796851.08,11896000,97.32,Australia,--,USD,6.4,5.55,1,2034-09-12,5.1,6.43,,5.55,6.43,5.55,USD,2024-09-12,2024-09-12
APPLE INC,Technology,Fixed Income,11786368.9,0.03424,11786368.9,15699000,73.52,United States,--,USD,12.19,5.8,1,2045-02-09,3.45,12.3,,5.8,12.3,5.8,USD,2015-02-09,2015-02-09
UNITEDHEALTH GROUP INC,Insurance,Fixed Income,11783359.36,0.03423,11783359.36,11797000,99.79,United States,--,USD,4.71,4.99,1,2032-01-15,4.95,4.74,,4.99,4.74,4.99,USD,2024-07-25,2024-07-25
BANK OF AMERICA CORP MTN,Banking,Fixed Income,11774407.16,0.03421,11774407.16,11324000,101.28,United States,--,USD,9.83,5.75,1,2042-02-07,5.88,9.88,,5.75,9.88,5.75,USD,2012-02-07,2012-02-07
MORGAN STANLEY MTN,Banking,Fixed Income,11767112.53,0.03419,11767112.53,11758000,100.04,United States,--,USD,2.74,5.0,1,2030-07-19,5.04,2.74,,5.0,2.74,5.0,USD,2024-07-19,2024-07-19
CUMMINS INC,Consumer Cyclical,Fixed Income,11765217.33,0.03418,11765217.33,11624000,100.14,United States,--,USD,6.84,5.28,1,2035-05-09,5.3,6.89,,5.28,6.89,5.28,USD,2025-05-09,2025-05-09
BAXTER INTERNATIONAL INC,Consumer Non-Cyclical,Fixed Income,11751307.82,0.03414,11751307.82,13587000,85.28,United States,--,USD,4.97,5.68,1,2032-02-01,2.54,4.94,,5.68,4.94,5.68,USD,2021-12-01,2022-06-10
L3HARRIS TECHNOLOGIES INC,Capital Goods,Fixed Income,11740573.67,0.03411,11740573.67,11356000,100.81,United States,--,USD,5.6,5.26,1,2033-07-31,5.4,5.65,,5.26,5.48,5.26,USD,2023-07-31,2023-07-31
MITSUBISHI UFJ FINANCIAL GROUP INC,Banking,Fixed Income,11742039.54,0.03411,11742039.54,11489000,100.83,Japan,--,USD,6.62,5.51,1,2036-04-24,5.62,6.76,,5.51,6.76,5.51,USD,2025-04-24,2025-04-24
GOLDMAN SACHS GROUP INC/THE,Banking,Fixed Income,11736101.83,0.0341,11736101.83,16765000,70.0,United States,--,USD,10.58,5.92,1,2042-07-21,2.91,11.26,,5.92,11.26,5.92,USD,2021-07-21,2021-07-21
FORD MOTOR CREDIT COMPANY LLC,Consumer Cyclical,Fixed Income,11737977.2,0.0341,11737977.2,10996000,105.26,United States,--,USD,5.57,6.21,1,2033-11-07,7.12,5.6,,6.19,5.45,6.19,USD,2023-11-07,2023-11-07
FLORIDA POWER & LIGHT CO,Electric,Fixed Income,11733632.53,0.03409,11733632.53,13096000,88.45,United States,--,USD,4.99,4.86,1,2032-02-03,2.45,4.99,,4.86,4.99,4.86,USD,2022-01-14,2022-01-14
ROGERS COMMUNICATIONS INC,Communications,Fixed Income,11734054.46,0.03409,11734054.46,11761000,97.46,Canada,--,USD,5.97,5.72,1,2034-02-15,5.3,5.99,,5.72,5.99,5.72,USD,2024-02-09,2024-02-09
SOLVENTUM CORP,Consumer Non-Cyclical,Fixed Income,11731219.56,0.03408,11731219.56,11350000,101.41,United States,--,USD,3.94,5.1,1,2031-03-13,5.45,3.99,,5.09,3.86,5.09,USD,2024-09-13,2024-12-31
CVS HEALTH CORP,Consumer Non-Cyclical,Fixed Income,11722068.94,0.03406,11722068.94,11444000,101.62,United States,--,USD,6.19,5.44,1,2034-06-01,5.7,6.24,,5.44,6.08,5.44,USD,2024-05-09,2024-05-09
COCA-COLA CO,Consumer Non-Cyclical,Fixed Income,11706322.34,0.03401,11706322.34,12724000,91.89,United States,--,USD,13.86,5.78,1,2055-01-14,5.2,14.16,,5.78,14.16,5.78,USD,2024-08-14,2024-08-14
MPLX LP,Energy,Fixed Income,11707681.69,0.03401,11707681.69,13008000,88.79,United States,--,USD,8.65,5.83,1,2038-04-15,4.5,8.69,,5.83,8.69,5.83,USD,2018-02-08,2018-02-08
MCDONALDS CORPORATION MTN,Consumer Cyclical,Fixed Income,11698139.87,0.03399,11698139.87,16328000,70.22,United States,--,USD,13.33,6.03,1,2049-09-01,3.63,13.56,,6.03,13.56,6.03,USD,2019-08-12,2019-08-12
CHUBB INA HOLDINGS LLC,Insurance,Fixed Income,11696394.42,0.03398,11696394.42,11821000,96.81,United States,--,USD,7.02,5.35,1,2035-08-15,4.9,7.05,,5.35,7.05,5.35,USD,2025-08-06,2025-08-06
LLOYDS BANKING GROUP PLC (FXD-FXD),Banking,Fixed Income,11686094.12,0.03395,11686094.12,11886000,97.36,United Kingdom,--,USD,3.78,5.09,1,2031-11-04,4.42,3.81,,5.09,3.81,5.09,USD,2025-11-04,2025-11-04
DEUTSCHE BANK (NY BRNCH)(FXD-FLT),Banking,Fixed Income,11675037.59,0.03392,11675037.59,11543000,100.07,Germany,--,USD,3.35,5.3,1,2031-05-09,5.3,3.36,,5.27,3.37,5.27,USD,2025-05-09,2025-05-09
DUKE ENERGY CAROLINAS LLC,Electric,Fixed Income,11672223.5,0.03391,11672223.5,12038000,96.21,United States,--,USD,13.52,6.02,1,2056-06-15,5.75,13.8,,6.02,13.8,6.02,USD,2026-06-05,2026-06-05
AMERICAN TOWER CORPORATION,Communications,Fixed Income,11665968.87,0.03389,11665968.87,11513000,99.6,United States,--,USD,3.22,5.02,1,2030-03-15,4.9,3.25,,5.02,3.25,5.02,USD,2025-03-14,2025-03-14
COMCAST CORPORATION,Communications,Fixed Income,11657478.87,0.03387,11657478.87,13554000,85.35,United States,--,USD,4.3,5.14,1,2031-02-15,1.5,4.27,,5.14,4.27,5.14,USD,2020-08-25,2020-08-25
MPLX LP,Energy,Fixed Income,11659274.44,0.03387,11659274.44,12593000,91.43,United States,--,USD,3.73,5.01,1,2030-08-15,2.65,3.73,,5.01,3.73,5.01,USD,2020-08-18,2020-08-18
BRISTOL-MYERS SQUIBB CO,Consumer Non-Cyclical,Fixed Income,11655941.7,0.03386,11655941.7,16300000,70.2,United States,--,USD,13.93,5.99,1,2052-03-15,3.7,14.19,,5.99,14.19,5.99,USD,2022-03-02,2022-03-02
SALESFORCE INC,Technology,Fixed Income,11652610.71,0.03385,11652610.71,13521000,86.14,United States,--,USD,4.64,5.14,1,2031-07-15,1.95,4.63,,5.14,4.63,5.14,USD,2021-07-12,2021-07-12
AT&T INC,Communications,Fixed Income,11644959.66,0.03383,11644959.66,12165000,93.09,United States,--,USD,12.62,6.58,1,2056-08-15,6.05,12.86,,6.58,12.86,6.58,USD,2025-06-03,2025-06-03
DUKE ENERGY CORP,Electric,Fixed Income,11640247.45,0.03382,11640247.45,12984000,89.39,United States,--,USD,4.49,5.02,1,2031-06-15,2.55,4.49,,5.02,4.49,5.02,USD,2021-06-10,2021-06-10
AMAZON.COM INC,Consumer Cyclical,Fixed Income,11642405.12,0.03382,11642405.12,11996000,95.58,United States,--,USD,5.58,5.14,1,2033-03-20,4.35,5.6,,5.14,5.6,5.14,USD,2025-11-20,2025-11-20
GENERAL MOTORS FINANCIAL COMPANY I,Consumer Cyclical,Fixed Income,11632804.15,0.0338,11632804.15,11500000,100.93,United States,--,USD,3.1,5.05,1,2030-01-07,5.35,3.12,,5.05,3.12,5.05,USD,2025-01-07,2025-01-07
MORGAN STANLEY MTN,Banking,Fixed Income,11635316.29,0.0338,11635316.29,13567000,85.76,United States,--,USD,9.09,5.62,1,2038-07-22,3.97,9.18,,5.62,9.18,5.62,USD,2017-07-24,2017-07-24
JOHN DEERE CAPITAL CORP MTN,Capital Goods,Fixed Income,11627462.3,0.03378,11627462.3,11315000,100.84,United States,--,USD,5.82,5.01,1,2033-09-08,5.15,5.8,,5.01,5.8,5.01,USD,2023-09-08,2023-09-08
NORTHROP GRUMMAN CORP,Capital Goods,Fixed Income,11628400.24,0.03378,11628400.24,11698000,97.75,United States,--,USD,5.49,5.1,1,2033-03-15,4.7,5.54,,5.1,5.54,5.1,USD,2023-02-08,2023-02-08
ANHEUSER-BUSCH INBEV WORLDWIDE INC,Consumer Non-Cyclical,Fixed Income,11616654.09,0.03375,11616654.09,12607000,92.05,Belgium,--,USD,10.41,5.73,1,2042-01-15,4.95,10.46,,5.73,10.46,5.73,USD,2016-07-15,2016-12-13
KINDER MORGAN ENERGY PARTNERS LP,Energy,Fixed Income,11597931.41,0.03369,11597931.41,10543000,109.87,United States,--,USD,8.04,5.76,1,2038-01-15,6.95,8.03,,5.76,8.03,5.76,USD,2007-06-21,2007-06-21
BANK OF AMERICA CORP MTN,Banking,Fixed Income,11579011.32,0.03364,11579011.32,12254000,93.77,United States,--,USD,3.02,5.04,1,2030-10-22,2.88,3.02,,4.98,3.02,4.98,USD,2019-10-22,2019-10-22
PEPSICO INC,Consumer Non-Cyclical,Fixed Income,11575253.58,0.03363,11575253.58,11433000,98.95,United States,--,USD,6.67,5.15,1,2035-02-07,5.0,6.71,,5.15,6.71,5.15,USD,2025-02-07,2025-02-07
TEXAS INSTRUMENTS INC,Technology,Fixed Income,11571223.44,0.03362,11571223.44,13407000,85.41,United States,--,USD,14.7,6.04,1,2063-05-18,5.05,15.0,,6.04,15.0,6.04,USD,2023-05-18,2023-05-18
ROYAL BANK OF CANADA MTN,Banking,Fixed Income,11573218.55,0.03362,11573218.55,11289000,100.17,Canada,--,USD,2.72,4.82,1,2030-08-02,4.97,2.72,,4.82,2.72,4.82,USD,2024-07-23,2024-07-23
MERCK & CO INC,Consumer Non-Cyclical,Fixed Income,11563301.63,0.03359,11563301.63,11718000,97.22,United States,--,USD,4.1,4.82,1,2031-03-15,4.15,4.11,,4.82,4.11,4.82,USD,2025-12-04,2025-12-04
UNION PACIFIC CORPORATION,Transportation,Fixed Income,11544745.28,0.03354,11544745.28,12833000,89.55,United States,--,USD,4.44,4.83,1,2031-05-20,2.38,4.45,,4.83,4.45,4.83,USD,2021-05-20,2021-05-20
CENCORA INC,Consumer Non-Cyclical,Fixed Income,11541561.92,0.03353,11541561.92,12612000,90.56,United States,--,USD,4.23,5.0,1,2031-03-15,2.7,4.23,,5.0,4.23,5.0,USD,2021-03-30,2021-03-30
BOSTON PROPERTIES LP,Reits,Fixed Income,11536842.78,0.03352,11536842.78,12300000,92.24,United States,--,USD,4.05,5.2,1,2031-01-30,3.25,4.05,,5.2,4.05,5.2,USD,2020-05-05,2020-05-05
CIGNA GROUP,Consumer Non-Cyclical,Fixed Income,11537964.89,0.03352,11537964.89,11509000,98.53,United States,--,USD,5.13,5.16,1,2032-09-15,4.88,5.15,,5.16,5.15,5.16,USD,2025-09-04,2025-09-04
GENERAL MOTORS CO,Consumer Cyclical,Fixed Income,11530557.15,0.0335,11530557.15,11204000,101.41,United States,--,USD,5.08,5.33,1,2032-10-15,5.6,5.14,,5.32,4.96,5.32,USD,2022-08-02,2022-08-02
ELI LILLY AND COMPANY,Consumer Non-Cyclical,Fixed Income,11531458.14,0.0335,11531458.14,12708000,88.48,United States,--,USD,13.42,5.85,1,2054-02-09,5.0,13.7,,5.85,13.7,5.85,USD,2024-02-09,2024-02-09
UNITEDHEALTH GROUP INC,Insurance,Fixed Income,11529165.95,0.03349,11529165.95,11812000,96.39,United States,--,USD,5.6,5.14,1,2033-04-15,4.5,5.65,,5.14,5.65,5.14,USD,2023-03-28,2023-03-28
PAYCHEX INC,Technology,Fixed Income,11524407.94,0.03348,11524407.94,11384000,99.86,United States,--,USD,3.27,5.14,1,2030-04-15,5.1,3.31,,5.14,3.31,5.14,USD,2025-04-10,2025-04-10
GENERAL MILLS INC,Consumer Non-Cyclical,Fixed Income,11513199.3,0.03345,11513199.3,11554000,98.09,United States,--,USD,5.48,5.29,1,2033-03-29,4.95,5.53,,5.29,5.53,5.29,USD,2023-03-29,2023-03-29
WASTE MANAGEMENT INC,Capital Goods,Fixed Income,11514682.2,0.03345,11514682.2,11514000,98.26,United States,--,USD,6.77,5.2,1,2035-03-15,4.95,6.82,,5.2,6.82,5.2,USD,2024-11-04,2024-11-04
ORACLE CORPORATION,Technology,Fixed Income,11511349.41,0.03344,11511349.41,17507000,64.99,United States,--,USD,11.11,7.67,1,2045-05-15,4.13,11.17,,7.67,11.17,7.67,USD,2015-05-05,2015-05-05
LLOYDS BANKING GROUP PLC,Banking,Fixed Income,11485021.8,0.03337,11485021.8,11891000,95.51,United Kingdom,--,USD,7.06,5.53,1,2036-11-04,4.94,7.23,,5.53,7.23,5.53,USD,2025-11-04,2025-11-04
CISCO SYSTEMS INC,Technology,Fixed Income,11481661.92,0.03336,11481661.92,11221000,100.29,United States,--,USD,4.7,4.89,1,2032-02-24,4.95,4.74,,4.89,4.74,4.89,USD,2025-02-24,2025-02-24
BANCO SANTANDER SA,Banking,Fixed Income,11483869.31,0.03336,11483869.31,11285000,101.68,Spain,--,USD,3.15,5.03,1,2030-01-17,5.57,3.14,,5.03,3.14,5.03,USD,2025-01-17,2025-01-17
COOPERATIEVE RABOBANK UA MTN,Banking,Fixed Income,11471188.83,0.03333,11471188.83,11809000,96.29,Netherlands,--,USD,9.98,5.62,1,2041-05-24,5.25,10.02,,5.62,10.02,5.62,USD,2011-05-24,2011-05-24
DEVON ENERGY CORPORATION,Energy,Fixed Income,11472828.17,0.03333,11472828.17,11401000,98.8,United States,--,USD,6.4,5.38,1,2034-09-15,5.2,6.44,,5.38,6.44,5.38,USD,2024-08-28,2024-08-28
BANK OF NOVA SCOTIA MTN,Banking,Fixed Income,11468370.85,0.03332,11468370.85,11215000,99.96,Canada,--,USD,3.15,4.86,1,2030-02-01,4.85,3.13,,4.86,3.13,4.86,USD,2023-02-02,2023-02-02
MERCK & CO INC,Consumer Non-Cyclical,Fixed Income,11459941.82,0.03329,11459941.82,11639000,96.45,United States,--,USD,13.3,5.96,1,2055-09-15,5.7,13.59,,5.96,13.59,5.96,USD,2025-09-09,2025-09-09
INTERNATIONAL BUSINESS MACHINES CO,Technology,Fixed Income,11449817.17,0.03326,11449817.17,12736000,89.54,United States,--,USD,3.59,5.0,1,2030-05-15,1.95,3.58,,5.0,3.58,5.0,USD,2020-05-07,2020-05-07
CARRIER GLOBAL CORP,Capital Goods,Fixed Income,11441474.58,0.03324,11441474.58,12159000,92.91,United States,--,USD,3.29,4.91,1,2030-02-15,2.72,3.29,,4.91,3.29,4.91,USD,2020-08-15,2020-12-08
WILLIAMS COMPANIES INC,Energy,Fixed Income,11434283.81,0.03322,11434283.81,10841000,103.78,United States,--,USD,9.04,5.89,1,2040-04-15,6.3,9.06,,5.89,9.06,5.89,USD,2010-02-09,2010-07-02
FOX CORP,Communications,Fixed Income,11434414.72,0.03322,11434414.72,11663000,95.35,United States,--,USD,8.56,6.01,1,2039-01-25,5.48,8.62,,6.01,8.62,6.01,USD,2020-01-25,2020-03-30
KLA CORP,Technology,Fixed Income,11432229.7,0.03321,11432229.7,13116000,87.07,United States,--,USD,13.38,5.93,1,2052-07-15,4.95,13.65,,5.93,13.65,5.93,USD,2022-06-23,2022-06-23
APPLOVIN CORP,Communications,Fixed Income,11425013.78,0.03319,11425013.78,11277000,100.55,United States,--,USD,4.54,5.25,1,2031-12-01,5.38,4.57,,5.25,4.45,5.25,USD,2024-12-05,2024-12-05
ORACLE CORPORATION,Technology,Fixed Income,11420804.79,0.03318,11420804.79,14482000,78.79,United States,--,USD,7.91,6.81,1,2036-07-15,3.85,7.86,,6.81,7.86,6.81,USD,2016-07-07,2016-07-07
WILLIAMS COMPANIES INC,Energy,Fixed Income,11418656.67,0.03317,11418656.67,11011000,101.71,United States,--,USD,5.33,5.34,1,2033-03-15,5.65,5.39,,5.33,5.22,5.33,USD,2023-03-02,2023-03-02
PNC FINANCIAL SERVICES GROUP INC ( MTN,Banking,Fixed Income,11413123.7,0.03316,11413123.7,11509000,99.15,United States,--,USD,6.91,5.47,1,2036-07-21,5.37,7.05,,5.47,7.05,5.47,USD,2025-07-21,2025-07-21
SUMITOMO MITSUI FINANCIAL GROUP IN,Banking,Fixed Income,11402991.15,0.03313,11402991.15,12685000,89.81,Japan,--,USD,3.73,5.06,1,2030-07-08,2.13,3.71,,5.06,3.71,5.06,USD,2020-07-08,2020-07-08
NOMURA HOLDINGS INC,Brokerage/Asset Managers/Exchanges,Fixed Income,11405267.85,0.03313,11405267.85,12177000,93.61,Japan,--,USD,3.25,5.17,1,2030-01-16,3.1,3.24,,5.17,3.24,5.17,USD,2020-01-16,2020-01-16
ABBVIE INC,Consumer Non-Cyclical,Fixed Income,11401341.21,0.03312,11401341.21,12118000,92.15,United States,--,USD,14.43,6.03,1,2064-03-15,5.5,14.73,,6.03,14.73,6.03,USD,2024-02-26,2024-02-26
RAYTHEON TECHNOLOGIES CORPORATION,Capital Goods,Fixed Income,11395383.05,0.03311,11395383.05,11115000,100.45,United States,--,USD,5.37,5.07,1,2033-02-27,5.15,5.43,,5.07,5.25,5.07,USD,2023-02-27,2023-02-27
BANK OF MONTREAL MTN,Banking,Fixed Income,11397604.84,0.03311,11397604.84,11078000,102.15,Canada,--,USD,4.16,5.01,1,2031-06-04,5.51,4.21,,4.99,4.08,4.99,USD,2024-06-04,2024-06-04
ONEOK INC,Energy,Fixed Income,11382829.52,0.03307,11382829.52,11532000,97.02,United States,--,USD,12.66,6.48,1,2055-10-15,6.25,12.91,,6.48,12.91,6.48,USD,2025-08-12,2025-08-12
ORACLE CORPORATION,Technology,Fixed Income,11378422.86,0.03306,11378422.86,15459000,71.89,United States,--,USD,11.63,7.87,1,2054-09-27,5.38,11.78,,7.87,11.78,7.87,USD,2024-09-27,2024-09-27
CIGNA GROUP,Consumer Non-Cyclical,Fixed Income,11367975.13,0.03303,11367975.13,16819000,66.39,United States,--,USD,13.65,6.1,1,2050-03-15,3.4,13.88,,6.1,13.88,6.1,USD,2020-03-16,2020-03-16
JPMORGAN CHASE & CO,Banking,Fixed Income,11370073.08,0.03303,11370073.08,14699000,75.42,United States,--,USD,11.92,5.92,1,2049-01-23,3.9,12.88,,5.92,12.87,5.92,USD,2018-01-23,2018-01-23
CONOCOPHILLIPS CO,Energy,Fixed Income,11364518.27,0.03302,11364518.27,15917000,69.98,United States,--,USD,15.03,6.1,1,2062-03-15,4.03,15.31,,6.1,15.31,6.1,USD,2022-09-15,2022-10-03
DEUTSCHE BANK AG (NEW YORK BRANCH),Banking,Fixed Income,11363616.35,0.03301,11363616.35,11320000,98.42,Germany,--,USD,6.23,5.62,1,2035-09-11,5.4,6.37,,5.62,6.37,5.62,USD,2024-09-11,2024-09-11
ECOLAB INC,Basic Industry,Fixed Income,11358201.09,0.033,11358201.09,11317000,99.66,United States,--,USD,4.28,4.88,1,2031-06-15,4.8,4.29,,4.88,4.29,4.88,USD,2026-05-29,2026-05-29
DELL INTERNATIONAL LLC,Technology,Fixed Income,11359205.35,0.033,11359205.35,11456000,96.93,United States,--,USD,7.26,5.52,1,2036-02-15,5.1,7.28,,5.52,7.28,5.52,USD,2025-10-06,2025-10-06
DELL INTERNATIONAL LLC / EMC CORP,Technology,Fixed Income,11343818.58,0.03296,11343818.58,10776000,102.54,United States,--,USD,5.2,5.28,1,2033-02-01,5.75,5.26,,5.27,5.09,5.27,USD,2023-01-24,2023-01-24
MICROSOFT CORPORATION,Technology,Fixed Income,11346358.87,0.03296,11346358.87,12866000,86.62,United States,--,USD,8.03,5.18,1,2036-08-08,3.45,8.08,,5.18,8.08,5.18,USD,2016-08-08,2016-08-08
CRH SMW FINANCE DAC,Capital Goods,Fixed Income,11343301.66,0.03295,11343301.66,11253000,100.62,Ireland,--,USD,3.12,4.93,1,2030-01-09,5.13,3.14,,4.93,3.07,4.93,USD,2025-01-09,2025-01-09
TOTALENERGIES CAPITAL SA,Energy,Fixed Income,11335334.4,0.03293,11335334.4,11928000,93.36,France,--,USD,14.34,6.09,1,2064-04-05,5.64,14.63,,6.09,14.63,6.09,USD,2024-04-05,2024-04-05
BARCLAYS PLC,Banking,Fixed Income,11322247.57,0.03289,11322247.57,11416000,98.81,United Kingdom,--,USD,4.26,5.29,1,2032-06-26,5.1,4.28,,5.29,4.28,5.29,USD,2026-06-26,2026-06-26
CHUBB INA HOLDINGS LLC,Insurance,Fixed Income,11316612.21,0.03288,11316612.21,11261000,98.73,Switzerland,--,USD,6.12,5.2,1,2034-03-15,5.0,6.17,,5.2,6.17,5.2,USD,2024-03-07,2024-03-07
MARSH & MCLENNAN COMPANIES INC,Insurance,Fixed Income,11316710.17,0.03288,11316710.17,12137000,91.34,United States,--,USD,13.29,6.04,1,2055-03-15,5.4,13.57,,6.04,13.57,6.04,USD,2024-11-08,2024-11-08
BP CAPITAL MARKETS AMERICA INC,Energy,Fixed Income,11310034.22,0.03286,11310034.22,18304000,61.4,United Kingdom,--,USD,14.75,5.92,1,2051-06-04,2.94,14.99,,5.92,14.99,5.92,USD,2020-12-04,2020-12-04
ELEVANCE HEALTH INC,Insurance,Fixed Income,11310799.76,0.03286,11310799.76,11808000,93.3,United States,--,USD,12.91,6.2,1,2055-02-15,5.7,13.17,,6.2,13.17,6.2,USD,2024-10-31,2024-10-31
UBER TECHNOLOGIES INC,Consumer Cyclical,Fixed Income,11308204.76,0.03285,11308204.76,11692000,95.02,United States,--,USD,7.12,5.5,1,2035-09-15,4.8,7.13,,5.5,7.13,5.5,USD,2025-09-11,2025-09-11
NETFLIX INC,Communications,Fixed Income,11296505.46,0.03282,11296505.46,11276000,98.04,United States,--,USD,6.39,5.2,1,2034-08-15,4.9,6.43,,5.2,6.43,5.2,USD,2024-08-01,2024-08-01
ARTHUR J GALLAGHER & CO,Insurance,Fixed Income,11278499.79,0.03277,11278499.79,12056000,91.13,United States,--,USD,12.97,6.22,1,2055-02-15,5.55,13.23,,6.22,13.23,6.22,USD,2024-12-19,2024-12-19
SOUTHERN CALIFORNIA EDISON COMPANY,Electric,Fixed Income,11278919.05,0.03277,11278919.05,15343000,72.28,United States,--,USD,12.18,6.44,1,2047-04-01,4.0,12.36,,6.44,12.36,6.44,USD,2017-03-24,2017-03-24
WELLTOWER OP LLC,Reits,Fixed Income,11280558.13,0.03277,11280558.13,11401000,98.68,United States,--,USD,3.54,4.87,1,2030-07-01,4.5,3.56,,4.87,3.56,4.87,USD,2025-06-27,2025-06-27
TYSON FOODS INC,Consumer Non-Cyclical,Fixed Income,11276377.08,0.03276,11276377.08,12710000,87.11,United States,--,USD,12.03,6.17,1,2048-09-28,5.1,12.26,,6.17,12.26,6.17,USD,2018-09-28,2018-09-28
BAT CAPITAL CORP,Consumer Non-Cyclical,Fixed Income,11277828.86,0.03276,11277828.86,9999000,109.45,United Kingdom,--,USD,11.96,6.35,1,2053-08-02,7.08,12.21,,6.34,12.13,6.34,USD,2023-08-02,2023-08-02
ROYAL BANK OF CANADA MTN,Banking,Fixed Income,11271726.85,0.03275,11271726.85,10941000,100.58,Canada,--,USD,6.05,5.06,1,2034-02-01,5.15,6.03,,5.06,6.03,5.06,USD,2024-01-19,2024-01-19
MASTERCARD INC,Technology,Fixed Income,11273368.42,0.03275,11273368.42,11438000,97.95,United States,--,USD,7.61,5.27,1,2036-06-08,5.0,7.64,,5.27,7.64,5.27,USD,2026-06-08,2026-06-08
ENTERPRISE PRODUCTS OPERATING LLC,Energy,Fixed Income,11268237.7,0.03274,11268237.7,11244000,97.9,United States,--,USD,6.03,5.19,1,2034-01-31,4.85,6.07,,5.19,6.07,5.19,USD,2024-01-11,2024-01-11
ALPHABET INC,Technology,Fixed Income,11269705.49,0.03274,11269705.49,11528000,96.95,United States,--,USD,5.37,4.94,1,2032-11-15,4.38,5.39,,4.94,5.39,4.94,USD,2025-11-06,2025-11-06
DEUTSCHE BANK AG (NEW YORK BRANCH),Banking,Fixed Income,11270370.53,0.03274,11270370.53,11895000,93.53,Germany,--,USD,3.7,5.55,1,2031-09-18,3.55,3.73,,5.3,3.74,5.3,USD,2020-09-18,2020-09-18
SUMITOMO MITSUI FINANCIAL GROUP IN,Banking,Fixed Income,11264390.33,0.03273,11264390.33,11799000,95.36,Japan,--,USD,10.9,5.98,1,2047-01-15,5.57,11.57,,5.98,11.56,5.98,USD,2026-01-15,2026-01-15
BARCLAYS PLC (FXD TO FLOAT),Banking,Fixed Income,11262022.78,0.03272,11262022.78,11372000,96.41,United Kingdom,--,USD,10.24,6.16,1,2046-08-11,5.86,10.94,,6.16,10.93,6.16,USD,2025-08-11,2025-08-11
CARRIER GLOBAL CORP,Capital Goods,Fixed Income,11262800.53,0.03272,11262800.53,10632000,103.85,United States,--,USD,5.95,5.28,1,2034-03-15,5.9,6.01,,5.26,5.85,5.26,USD,2023-11-30,2024-02-21
NEXTERA ENERGY CAPITAL HOLDINGS IN,Electric,Fixed Income,11262894.66,0.03272,11262894.66,12380000,90.66,United States,--,USD,3.62,4.94,1,2030-06-01,2.25,3.61,,4.94,3.61,4.94,USD,2020-05-12,2020-05-12
T-MOBILE USA INC,Communications,Fixed Income,11257389.72,0.03271,11257389.72,11959000,93.04,United States,--,USD,12.96,6.4,1,2055-11-15,5.88,13.22,,6.4,13.22,6.4,USD,2025-03-27,2025-03-27
SHELL FINANCE US INC,Energy,Fixed Income,11258037.11,0.03271,11258037.11,12012000,92.91,United States,--,USD,7.18,5.14,1,2035-05-11,4.13,7.16,,5.14,7.16,5.14,USD,2024-05-11,2024-10-08
ALTRIA GROUP INC,Consumer Non-Cyclical,Fixed Income,11252170.25,0.03269,11252170.25,14782000,74.53,United States,--,USD,10.43,6.06,1,2041-02-04,3.4,10.47,,6.06,10.47,6.06,USD,2021-02-04,2021-02-04
CVS HEALTH CORP,Consumer Non-Cyclical,Fixed Income,11247171.14,0.03268,11247171.14,12016000,91.24,United States,--,USD,12.53,6.31,1,2053-02-21,5.63,12.78,,6.31,12.78,6.31,USD,2023-02-21,2023-02-21
GENERAL MOTORS FINANCIAL COMPANY I,Consumer Cyclical,Fixed Income,11248730.37,0.03268,11248730.37,10736000,102.16,United States,--,USD,3.83,5.21,1,2031-02-08,5.75,3.87,,5.19,3.74,5.19,USD,2024-02-08,2024-02-08
PNC FINANCIAL SERVICES GROUP INC (,Banking,Fixed Income,11248838.52,0.03268,11248838.52,11079000,101.53,United States,--,USD,5.96,5.44,1,2035-01-22,5.68,6.06,,5.42,6.06,5.42,USD,2024-01-22,2024-01-22
KEYCORP MTN,Banking,Fixed Income,11250056.94,0.03268,11250056.94,10487000,104.86,United States,--,USD,5.77,5.65,1,2035-03-06,6.4,5.89,,5.61,5.89,5.61,USD,2024-02-28,2024-02-28
BARCLAYS PLC,Banking,Fixed Income,11235110.48,0.03264,11235110.48,12000000,91.37,United Kingdom,--,USD,11.17,6.02,1,2045-08-17,5.25,11.3,,6.02,11.3,6.02,USD,2015-08-17,2015-08-17
FORD MOTOR CREDIT COMPANY LLC,Consumer Cyclical,Fixed Income,11229783.13,0.03263,11229783.13,11939000,93.29,United States,--,USD,3.85,5.78,1,2030-11-13,4.0,3.84,,5.78,3.84,5.78,USD,2020-11-13,2020-11-13
TELEFONICA EUROPE BV,Communications,Fixed Income,11229423.34,0.03262,11229423.34,9848000,111.12,Spain,--,USD,3.47,5.23,1,2030-09-15,8.25,3.45,,5.23,3.45,5.23,USD,2000-09-21,2000-09-21
GENERAL ELECTRIC CO MTN,Capital Goods,Fixed Income,11221673.32,0.0326,11221673.32,10067000,109.09,United States,--,USD,4.63,4.89,1,2032-03-15,6.75,4.62,,4.89,4.62,4.89,USD,2002-03-20,2002-03-20
ENERGY TRANSFER LP,Energy,Fixed Income,11217440.71,0.03259,11217440.71,10920000,100.97,United States,--,USD,6.64,5.56,1,2035-04-01,5.7,6.68,,5.56,6.53,5.56,USD,2025-03-04,2025-03-04
CATERPILLAR INC,Capital Goods,Fixed Income,11215560.04,0.03258,11215560.04,11054000,100.49,United States,--,USD,6.89,5.13,1,2035-05-15,5.2,6.94,,5.13,6.78,5.13,USD,2025-05-15,2025-05-15
META PLATFORMS INC,Communications,Fixed Income,11209441.19,0.03257,11209441.19,12994000,85.2,United States,--,USD,13.31,6.86,1,2063-05-15,5.75,13.55,,6.86,13.55,6.86,USD,2023-05-03,2023-05-03
COMCAST CORPORATION,Communications,Fixed Income,11207136.38,0.03256,11207136.38,16382000,67.51,United States,--,USD,12.66,6.8,1,2049-11-01,4.0,12.84,,6.8,12.84,6.8,USD,2017-10-19,2017-12-14
JPMORGAN CHASE & CO,Banking,Fixed Income,11208581.86,0.03256,11208581.86,12796000,87.29,United States,--,USD,4.04,5.04,1,2031-11-19,1.76,4.05,,5.04,4.05,5.04,USD,2020-11-19,2020-11-19
LLOYDS BANKING GROUP PLC,Banking,Fixed Income,11190739.33,0.03251,11190739.33,11127000,98.35,United Kingdom,--,USD,4.99,5.43,1,2033-08-11,4.98,5.04,,5.3,5.04,5.3,USD,2022-08-11,2022-08-11
LOWES COMPANIES INC,Consumer Cyclical,Fixed Income,11175686.84,0.03247,11175686.84,11338000,97.07,United States,--,USD,4.09,4.96,1,2031-03-15,4.25,4.09,,4.96,4.09,4.96,USD,2025-09-30,2025-09-30
BROADCOM INC,Technology,Fixed Income,11154971.94,0.03241,11154971.94,11551000,96.48,United States,--,USD,5.5,5.25,1,2033-01-15,4.6,5.51,,5.25,5.51,5.25,USD,2026-01-13,2026-01-13
HSBC HOLDINGS PLC,Banking,Fixed Income,11155360.32,0.03241,11155360.32,11900000,91.88,United Kingdom,--,USD,10.78,6.0,1,2044-03-14,5.25,10.88,,6.0,10.88,6.0,USD,2014-03-12,2014-03-12
JOHNSON & JOHNSON,Consumer Non-Cyclical,Fixed Income,11147950.66,0.03239,11147950.66,10826000,101.07,United States,--,USD,4.73,4.63,1,2032-03-01,4.85,4.78,,4.63,4.65,4.63,USD,2025-02-20,2025-02-20
KRAFT HEINZ FOODS CO,Consumer Non-Cyclical,Fixed Income,11146546.35,0.03238,11146546.35,12696000,87.13,United States,--,USD,10.31,6.29,1,2042-06-04,5.0,10.35,,6.29,10.35,6.29,USD,2012-12-04,2013-01-14
HOME DEPOT INC,Consumer Cyclical,Fixed Income,11126663.35,0.03233,11126663.35,11056000,100.28,United States,--,USD,4.27,4.79,1,2031-06-25,4.85,4.32,,4.79,4.32,4.79,USD,2024-06-25,2024-06-25
GILEAD SCIENCES INC,Consumer Non-Cyclical,Fixed Income,11125705.41,0.03232,11125705.41,13807000,78.95,United States,--,USD,12.26,5.93,1,2047-03-01,4.15,12.49,,5.93,12.49,5.93,USD,2016-09-20,2016-09-20
JPMORGAN CHASE & CO,Banking,Fixed Income,11120352.21,0.03231,11120352.21,16068000,68.77,United States,--,USD,10.6,5.73,1,2041-11-19,2.52,11.14,,5.73,11.14,5.73,USD,2020-11-19,2020-11-19
BAT CAPITAL CORP,Consumer Non-Cyclical,Fixed Income,11122314.32,0.03231,11122314.32,10743000,101.2,United Kingdom,--,USD,4.99,5.12,1,2032-08-15,5.35,5.02,,5.12,4.89,5.12,USD,2025-03-13,2025-03-13
UNITEDHEALTH GROUP INC,Insurance,Fixed Income,11113595.47,0.03229,11113595.47,12267000,90.23,United States,--,USD,3.59,4.84,1,2030-05-15,2.0,3.58,,4.84,3.58,4.84,USD,2020-05-18,2020-05-18
AT&T INC,Communications,Fixed Income,11112076.04,0.03228,11112076.04,11415000,96.32,United States,--,USD,5.3,5.24,1,2032-11-01,4.55,5.32,,5.24,5.32,5.24,USD,2025-09-24,2025-09-24
ENERGY TRANSFER LP,Energy,Fixed Income,11104451.86,0.03226,11104451.86,10580000,102.45,United States,--,USD,5.24,5.3,1,2033-02-15,5.75,5.3,,5.29,5.13,5.29,USD,2022-12-14,2022-12-14
APPLE INC,Technology,Fixed Income,11095826.79,0.03224,11095826.79,12565000,87.78,United States,--,USD,3.87,4.57,1,2030-08-20,1.25,3.87,,4.57,3.87,4.57,USD,2020-08-20,2020-08-20
WASTE MANAGEMENT INC,Capital Goods,Fixed Income,11094381.93,0.03223,11094381.93,11014000,100.47,United States,--,USD,4.29,4.84,1,2031-07-03,4.95,4.33,,4.84,4.2,4.84,USD,2024-07-03,2024-07-03
HCA INC,Consumer Non-Cyclical,Fixed Income,11083041.77,0.0322,11083041.77,11126000,97.19,United States,--,USD,12.54,6.42,1,2055-03-01,6.2,12.79,,6.42,12.79,6.42,USD,2025-02-21,2025-02-21
AMGEN INC,Consumer Non-Cyclical,Fixed Income,11083329.19,0.0322,11083329.19,11908000,92.05,United States,--,USD,3.33,4.9,1,2030-02-21,2.45,3.32,,4.9,3.32,4.9,USD,2020-02-21,2020-02-21
ENTERPRISE PRODUCTS OPERATING LLC,Energy,Fixed Income,11083924.85,0.0322,11083924.85,11496000,94.01,United States,--,USD,13.21,5.99,1,2055-02-16,5.55,13.46,,5.99,13.46,5.99,USD,2024-08-08,2024-08-08
APPLE INC,Technology,Fixed Income,11081258.43,0.03219,11081258.43,11090000,99.0,United States,--,USD,6.99,4.89,1,2035-05-12,4.75,7.05,,4.89,7.05,4.89,USD,2025-05-12,2025-05-12
CHEVRON USA INC,Energy,Fixed Income,11065605.21,0.03215,11065605.21,11080000,98.71,United States,--,USD,3.76,4.64,1,2030-10-15,4.3,3.78,,4.64,3.78,4.64,USD,2025-08-13,2025-08-13
WILLIAMS COMPANIES INC,Energy,Fixed Income,11061685.58,0.03214,11061685.58,11126000,96.65,United States,--,USD,7.25,5.6,1,2036-03-15,5.15,7.27,,5.6,7.27,5.6,USD,2026-01-08,2026-01-08
TOTALENERGIES CAPITAL SA,Energy,Fixed Income,11044230.23,0.03209,11044230.23,10876000,100.02,France,--,USD,6.15,5.15,1,2034-04-05,5.15,6.2,,5.15,6.2,5.15,USD,2024-04-05,2024-04-05
BP CAPITAL MARKETS AMERICA INC,Energy,Fixed Income,11045653.06,0.03209,11045653.06,17328000,62.21,United States,--,USD,15.61,5.98,1,2061-02-08,3.38,15.89,,5.98,15.89,5.98,USD,2021-02-08,2021-02-08
SOUTHERN COMPANY (THE),Electric,Fixed Income,11040554.86,0.03208,11040554.86,13577000,81.06,United States,--,USD,12.07,6.05,1,2046-07-01,4.4,12.26,,6.05,12.26,6.05,USD,2016-05-24,2016-05-24
BAKER HUGHES HOLDINGS LLC,Energy,Fixed Income,11038686.31,0.03207,11038686.31,11307000,97.18,United States,--,USD,4.33,5.01,1,2031-06-15,4.35,4.33,,5.01,4.33,5.01,USD,2026-03-11,2026-03-11
VISA INC,Technology,Fixed Income,11035404.23,0.03206,11035404.23,12012000,91.32,United States,--,USD,3.5,4.61,1,2030-04-15,2.05,3.5,,4.61,3.5,4.61,USD,2020-04-02,2020-04-02
UNITED PARCEL SERVICE INC,Transportation,Fixed Income,11031176.32,0.03205,11031176.32,11815000,92.45,United States,--,USD,13.22,6.06,1,2054-05-22,5.5,13.49,,6.06,13.49,6.06,USD,2024-05-22,2024-05-22
IBM INTERNATIONAL CAPITAL PTE LTD,Technology,Fixed Income,11032691.03,0.03205,11032691.03,12660000,84.69,United States,--,USD,12.66,6.5,1,2054-02-05,5.3,12.89,,6.5,12.89,6.5,USD,2024-02-05,2024-02-05
BANCO SANTANDER SA,Banking,Fixed Income,11026761.53,0.03204,11026761.53,11301000,96.49,Spain,--,USD,7.21,5.62,1,2035-11-06,5.13,7.18,,5.62,7.18,5.62,USD,2025-11-06,2025-11-06
UNITEDHEALTH GROUP INC,Insurance,Fixed Income,11021546.15,0.03202,11021546.15,16848000,64.81,United States,--,USD,14.3,5.99,1,2051-05-15,3.25,14.54,,5.99,14.54,5.99,USD,2021-05-19,2021-05-19
VODAFONE GROUP PLC,Communications,Fixed Income,11006044.92,0.03198,11006044.92,10361000,103.75,United Kingdom,--,USD,7.62,5.67,1,2037-02-27,6.15,7.6,,5.67,7.6,5.67,USD,2007-02-27,2007-02-27
ING GROEP NV,Banking,Fixed Income,11007350.53,0.03198,11007350.53,10986000,98.4,Netherlands,--,USD,7.12,5.61,1,2037-03-23,5.42,7.29,,5.61,7.29,5.61,USD,2026-03-23,2026-03-23
INTUIT INC,Technology,Fixed Income,10999867.55,0.03196,10999867.55,12423000,86.6,United States,--,USD,12.52,6.56,1,2053-09-15,5.5,12.76,,6.56,12.76,6.56,USD,2023-09-15,2023-09-15
JPMORGAN CHASE & CO,Banking,Fixed Income,10980110.26,0.0319,10980110.26,11294000,96.98,United States,--,USD,10.21,5.7,1,2042-01-06,5.4,10.27,,5.7,10.27,5.7,USD,2011-12-22,2011-12-22
VISA INC,Technology,Fixed Income,10972199.5,0.03188,10972199.5,11619000,94.0,United States,--,USD,7.5,4.96,1,2035-12-14,4.15,7.59,,4.96,7.59,4.96,USD,2015-12-14,2015-12-14
NISOURCE INC,Natural Gas,Fixed Income,10965970.21,0.03186,10965970.21,11052000,99.12,United States,--,USD,7.0,5.48,1,2035-07-15,5.35,7.04,,5.48,7.04,5.48,USD,2025-06-27,2025-06-27
AMGEN INC,Consumer Non-Cyclical,Fixed Income,10962041.0,0.03185,10962041.0,11086000,97.1,United States,--,USD,4.03,4.92,1,2031-02-19,4.2,4.03,,4.92,4.03,4.92,USD,2026-02-19,2026-02-19
MARRIOTT INTERNATIONAL INC,Consumer Cyclical,Fixed Income,10956975.88,0.03183,10956975.88,10849000,99.11,United States,--,USD,6.67,5.48,1,2035-03-15,5.35,6.71,,5.48,6.71,5.48,USD,2024-08-12,2024-08-12
CITIGROUP INC,Banking,Fixed Income,10952940.78,0.03182,10952940.78,11162000,96.41,United States,--,USD,9.04,5.81,1,2041-03-26,5.32,9.39,,5.7,9.37,5.7,USD,2020-03-26,2020-03-26
INTERCONTINENTAL EXCHANGE INC,Brokerage/Asset Managers/Exchanges,Fixed Income,10953307.02,0.03182,10953307.02,11106000,97.0,United States,--,USD,5.5,5.14,1,2033-03-15,4.6,5.55,,5.14,5.55,5.14,USD,2022-05-23,2022-05-23
HALLIBURTON COMPANY,Energy,Fixed Income,10954357.63,0.03182,10954357.63,11376000,95.39,United States,--,USD,7.22,5.49,1,2035-11-15,4.85,7.29,,5.49,7.29,5.49,USD,2015-11-13,2015-11-13
COMCAST CORPORATION,Communications,Fixed Income,10947036.93,0.0318,10947036.93,13105000,82.54,United States,--,USD,12.51,6.77,1,2053-05-15,5.35,12.72,,6.77,12.72,6.77,USD,2023-05-09,2023-05-09
QUALCOMM INCORPORATED,Technology,Fixed Income,10936302.96,0.03177,10936302.96,12518000,86.54,United States,--,USD,11.45,6.0,1,2045-05-20,4.8,11.62,,6.0,11.62,6.0,USD,2015-05-20,2015-05-20
JBS NV,Consumer Non-Cyclical,Fixed Income,10936795.73,0.03177,10936795.73,10640000,101.27,United States,--,USD,6.63,5.76,1,2035-04-20,5.95,6.66,,5.76,6.52,5.76,USD,2025-10-20,2026-01-12
APPLE INC,Technology,Fixed Income,10931556.26,0.03176,10931556.26,14325000,74.51,United States,--,USD,13.83,5.87,1,2052-08-08,3.95,14.09,,5.87,14.09,5.87,USD,2022-08-08,2022-08-08
TRUIST FINANCIAL CORP MTN,Banking,Fixed Income,10928377.0,0.03175,10928377.0,10948000,97.59,United States,--,USD,3.91,5.11,1,2032-01-27,4.6,3.93,,5.11,3.93,5.11,USD,2026-01-27,2026-01-27
ANHEUSER-BUSCH INBEV WORLDWIDE INC,Consumer Non-Cyclical,Fixed Income,10910627.25,0.0317,10910627.25,11344000,95.68,Belgium,--,USD,3.51,4.74,1,2030-06-01,3.5,3.54,,4.74,3.54,4.74,USD,2020-04-03,2020-04-03
HUNTINGTON BANCSHARES INC(FXD-FRN),Banking,Fixed Income,10912716.75,0.0317,10912716.75,10959000,97.34,United States,--,USD,3.91,5.19,1,2032-01-28,4.62,3.92,,5.19,3.93,5.19,USD,2026-01-28,2026-01-28
INTERCONTINENTAL EXCHANGE INC,Brokerage/Asset Managers/Exchanges,Fixed Income,10907296.09,0.03169,10907296.09,12973000,83.42,United States,--,USD,5.62,5.02,1,2032-09-15,1.85,5.62,,5.02,5.62,5.02,USD,2020-08-20,2020-08-20
TOYOTA MOTOR CREDIT CORP MTN,Consumer Cyclical,Fixed Income,10907674.14,0.03169,10907674.14,10528000,102.65,United States,--,USD,3.8,4.86,1,2030-11-20,5.55,3.79,,4.86,3.79,4.86,USD,2023-11-20,2023-11-20
TRANSCANADA PIPELINES LTD,Energy,Fixed Income,10904745.2,0.03168,10904745.2,9414000,115.69,Canada,--,USD,8.34,5.84,1,2039-01-15,7.63,8.33,,5.84,8.33,5.84,USD,2009-01-09,2009-01-09
JPMORGAN CHASE & CO,Banking,Fixed Income,10906065.71,0.03168,10906065.71,14591000,73.96,United States,--,USD,10.37,5.78,1,2042-04-22,3.16,10.9,,5.78,10.9,5.78,USD,2021-04-22,2021-04-22
AT&T INC,Communications,Fixed Income,10898177.44,0.03166,10898177.44,12081000,88.93,United States,--,USD,12.71,6.57,1,2054-11-01,5.7,12.94,,6.57,12.94,6.57,USD,2025-09-24,2025-09-24
EATON CORPORATION,Capital Goods,Fixed Income,10893135.42,0.03165,10893135.42,11242000,95.43,United States,--,USD,5.59,4.96,1,2033-03-15,4.15,5.63,,4.96,5.63,4.96,USD,2022-08-23,2022-08-23
BIOGEN INC,Consumer Non-Cyclical,Fixed Income,10888972.05,0.03164,10888972.05,11948000,90.63,United States,--,USD,3.53,5.0,1,2030-05-01,2.25,3.52,,5.0,3.52,5.0,USD,2020-04-30,2020-04-30
ENBRIDGE INC,Energy,Fixed Income,10886199.59,0.03163,10886199.59,11020000,97.02,Canada,--,USD,12.79,6.18,1,2054-04-05,5.95,13.05,,6.18,13.05,6.18,USD,2024-04-05,2024-04-05
VMWARE LLC,Technology,Fixed Income,10886546.63,0.03163,10886546.63,12339000,87.27,United States,--,USD,4.64,5.08,1,2031-08-15,2.2,4.63,,5.08,4.63,5.08,USD,2021-08-02,2021-08-02
SUNOCO LOGISTICS PARTNERS OPERATIO,Energy,Fixed Income,10886711.26,0.03163,10886711.26,12139000,88.02,United States,--,USD,11.48,6.44,1,2047-10-01,5.4,11.69,,6.44,11.69,6.44,USD,2017-09-21,2017-09-21
CATERPILLAR INC,Capital Goods,Fixed Income,10887464.09,0.03163,10887464.09,13200000,80.82,United States,--,USD,11.04,5.63,1,2042-08-15,3.8,11.1,,5.63,11.1,5.63,USD,2012-08-15,2012-12-05
QUALCOMM INCORPORATED,Technology,Fixed Income,10884193.99,0.03162,10884193.99,12935000,83.86,United States,--,USD,5.4,4.86,1,2032-05-20,1.65,5.4,,4.86,5.4,4.86,USD,2020-11-20,2021-01-04
SHELL FINANCE US INC,Energy,Fixed Income,10884596.82,0.03162,10884596.82,11580000,93.19,United States,--,USD,3.42,4.78,1,2030-04-06,2.75,3.43,,4.78,3.43,4.78,USD,2024-10-06,2024-10-08
MERCK & CO INC,Consumer Non-Cyclical,Fixed Income,10878648.71,0.03161,10878648.71,13987000,76.28,United States,--,USD,12.98,5.92,1,2049-03-07,4.0,13.22,,5.92,13.22,5.92,USD,2019-03-07,2019-03-07
MARRIOTT INTERNATIONAL INC,Consumer Cyclical,Fixed Income,10866242.14,0.03157,10866242.14,10933000,98.91,United States,--,USD,3.45,4.93,1,2030-06-15,4.63,3.51,,4.93,3.51,4.93,USD,2020-06-01,2020-06-01
FORD MOTOR CREDIT COMPANY LLC,Consumer Cyclical,Fixed Income,10860277.75,0.03155,10860277.75,10444000,101.01,United States,--,USD,6.3,6.34,1,2035-02-07,6.5,6.31,,6.34,6.17,6.34,USD,2025-01-07,2025-01-07
HCA INC,Consumer Non-Cyclical,Fixed Income,10861025.07,0.03155,10861025.07,12015000,89.83,United States,--,USD,11.53,6.39,1,2047-06-15,5.5,11.74,,6.39,11.74,6.39,USD,2017-06-22,2017-06-22
US BANCORP,Banking,Fixed Income,10837520.45,0.03149,10837520.45,12405000,87.36,United States,--,USD,3.81,4.89,1,2030-07-22,1.38,3.8,,4.89,3.8,4.89,USD,2020-07-20,2020-07-20
PACIFIC GAS AND ELECTRIC COMPANY,Electric,Fixed Income,10837702.74,0.03149,10837702.74,10942000,98.28,United States,--,USD,7.51,5.83,1,2036-08-15,5.6,7.53,,5.83,7.53,5.83,USD,2026-06-03,2026-06-03
META PLATFORMS INC,Communications,Fixed Income,10837720.25,0.03149,10837720.25,10721000,100.2,United States,--,USD,3.36,4.74,1,2030-05-15,4.8,3.42,,4.74,3.28,4.74,USD,2023-05-03,2023-05-03
ABBVIE INC,Consumer Non-Cyclical,Fixed Income,10830733.21,0.03147,10830733.21,11081000,95.92,United States,--,USD,7.44,5.29,1,2036-03-15,4.75,7.46,,5.29,7.46,5.29,USD,2026-03-04,2026-03-04
HOME DEPOT INC,Consumer Cyclical,Fixed Income,10830778.43,0.03147,10830778.43,15333000,69.66,United States,--,USD,14.12,5.94,1,2052-04-15,3.63,14.38,,5.94,14.38,5.94,USD,2022-03-28,2022-03-28
INGERSOLL RAND INC,Capital Goods,Fixed Income,10828554.83,0.03146,10828554.83,10308000,102.55,United States,--,USD,5.58,5.26,1,2033-08-14,5.7,5.64,,5.25,5.47,5.25,USD,2023-08-14,2023-08-14
LOWES COMPANIES INC,Consumer Cyclical,Fixed Income,10814168.15,0.03142,10814168.15,14139000,75.17,United States,--,USD,13.36,6.19,1,2052-04-01,4.25,13.6,,6.19,13.6,6.19,USD,2022-03-24,2022-03-24
T-MOBILE USA INC,Communications,Fixed Income,10816619.01,0.03142,10816619.01,17296000,61.87,United States,--,USD,15.08,6.34,1,2060-11-15,3.6,15.35,,6.34,15.35,6.34,USD,2021-05-15,2021-05-21
ING GROEP NV,Banking,Fixed Income,10807457.7,0.0314,10807457.7,10635000,99.97,Netherlands,--,USD,3.27,5.11,1,2031-03-25,5.07,3.26,,5.07,3.26,5.07,USD,2025-03-25,2025-03-25
INTEL CORPORATION,Technology,Fixed Income,10800618.42,0.03138,10800618.42,10512000,100.44,United States,--,USD,3.1,4.99,1,2030-02-10,5.13,3.14,,4.98,3.0,4.98,USD,2023-02-10,2023-02-10
CVS HEALTH CORP,Consumer Non-Cyclical,Fixed Income,10791680.65,0.03135,10791680.65,10500000,101.99,United States,--,USD,4.15,5.08,1,2031-06-01,5.55,4.19,,5.07,4.06,5.07,USD,2024-05-09,2024-05-09
GOLDMAN SACHS GROUP INC/THE,Banking,Fixed Income,10787405.62,0.03134,10787405.62,12071000,88.28,United States,--,USD,8.44,5.78,1,2039-04-23,4.41,8.74,,5.78,8.74,5.78,USD,2018-04-23,2018-04-23
CHENIERE ENERGY PARTNERS LP,Energy,Fixed Income,10785626.65,0.03133,10785626.65,11705000,90.59,United States,--,USD,4.68,5.23,1,2032-01-31,3.25,4.86,,5.23,4.86,5.23,USD,2021-09-27,2022-07-05
MERCK & CO INC,Consumer Non-Cyclical,Fixed Income,10773078.61,0.0313,10773078.61,10840000,98.41,United States,--,USD,13.49,5.96,1,2056-05-22,5.85,13.78,,5.96,13.78,5.96,USD,2026-05-22,2026-05-22
WALT DISNEY CO,Communications,Fixed Income,10762315.82,0.03127,10762315.82,10943000,97.08,United States,--,USD,3.34,4.67,1,2030-03-22,3.8,3.33,,4.67,3.33,4.67,USD,2020-03-23,2020-03-23
LOCKHEED MARTIN CORP,Capital Goods,Fixed Income,10757655.86,0.03125,10757655.86,13009000,82.28,United States,--,USD,11.16,5.75,1,2042-12-15,4.07,11.23,,5.75,11.23,5.75,USD,2012-12-14,2013-05-29
GENERAL ELECTRIC CO,Capital Goods,Fixed Income,10752645.27,0.03124,10752645.27,10717000,98.27,United States,--,USD,3.55,4.78,1,2030-07-29,4.3,3.57,,4.78,3.57,4.78,USD,2025-07-29,2025-07-29
ABBVIE INC,Consumer Non-Cyclical,Fixed Income,10749328.25,0.03123,10749328.25,10518000,100.45,United States,--,USD,4.0,4.84,1,2031-03-15,4.95,4.04,,4.84,3.91,4.84,USD,2024-02-26,2024-02-26
TARGA RESOURCES CORP,Energy,Fixed Income,10745118.07,0.03122,10745118.07,10534000,99.58,United States,--,USD,6.85,5.61,1,2035-08-15,5.55,6.88,,5.61,6.88,5.61,USD,2025-02-27,2025-02-27
ENERGY TRANSFER OPERATING LP,Energy,Fixed Income,10746200.13,0.03122,10746200.13,11142000,95.75,United States,--,USD,3.44,4.99,1,2030-05-15,3.75,3.47,,4.99,3.47,4.99,USD,2020-01-22,2020-01-22
JOHNSON & JOHNSON,Consumer Non-Cyclical,Fixed Income,10743758.32,0.03121,10743758.32,9767000,107.41,United States,--,USD,7.97,5.07,1,2037-08-15,5.95,7.97,,5.07,7.97,5.07,USD,2007-08-16,2007-08-16
JEFFERIES FINANCIAL GROUP INC MTN,Brokerage/Asset Managers/Exchanges,Fixed Income,10735766.41,0.03119,10735766.41,10816000,98.06,United States,--,USD,4.12,5.59,1,2031-04-28,5.13,4.12,,5.59,4.12,5.59,USD,2026-04-28,2026-04-28
VISTRA OPERATIONS COMPANY LLC 144A,Electric,Fixed Income,10716201.47,0.03113,10716201.47,10775000,98.14,United States,--,USD,5.53,5.58,1,2033-04-30,5.25,5.55,,5.58,5.55,5.58,USD,2026-04-22,2026-04-22
MORGAN STANLEY,Banking,Fixed Income,10702742.75,0.03109,10702742.75,11787000,89.69,United States,--,USD,8.49,5.64,1,2039-04-22,4.46,8.75,,5.64,8.75,5.64,USD,2018-04-24,2018-04-24
OCCIDENTAL PETROLEUM CORPORATION,Energy,Fixed Income,10697381.19,0.03108,10697381.19,10452000,100.64,United States,--,USD,6.37,5.45,1,2034-10-01,5.55,6.41,,5.45,6.25,5.45,USD,2024-07-26,2024-07-26
ALPHABET INC,Technology,Fixed Income,10695860.84,0.03107,10695860.84,20823000,50.47,United States,--,USD,15.61,5.95,1,2050-08-15,2.05,15.81,,5.95,15.81,5.95,USD,2020-08-05,2020-08-05
CONSOLIDATED EDISON COMPANY OF NEW,Electric,Fixed Income,10692046.11,0.03106,10692046.11,10971000,96.66,United States,--,USD,13.36,6.12,1,2056-06-15,5.88,13.64,,6.12,13.64,6.12,USD,2026-06-03,2026-06-03
MITSUBISHI UFJ FINANCIAL GROUP INC,Banking,Fixed Income,10679522.83,0.03103,10679522.83,10507000,100.38,Japan,--,USD,3.32,5.13,1,2031-04-24,5.16,3.33,,5.1,3.34,5.1,USD,2025-04-24,2025-04-24
MARTIN MARIETTA MATERIALS INC,Capital Goods,Fixed Income,10665905.44,0.03099,10665905.44,12107000,88.05,United States,--,USD,4.59,5.15,1,2031-07-15,2.4,4.58,,5.15,4.58,5.15,USD,2021-07-02,2021-07-02
ELI LILLY AND COMPANY,Consumer Non-Cyclical,Fixed Income,10657947.6,0.03096,10657947.6,10652000,97.93,United States,--,USD,6.09,5.03,1,2034-02-09,4.7,6.14,,5.03,6.14,5.03,USD,2024-02-09,2024-02-09
MICROSOFT CORPORATION,Technology,Fixed Income,10652454.61,0.03095,10652454.61,11632000,90.02,United States,--,USD,7.03,4.94,1,2035-02-12,3.5,7.09,,4.94,7.09,4.94,USD,2015-02-12,2015-02-12
ENERGY TRANSFER LP,Energy,Fixed Income,10649276.55,0.03094,10649276.55,10843000,98.11,United States,--,USD,7.3,5.61,1,2036-01-15,5.35,7.32,,5.61,7.32,5.61,USD,2026-01-27,2026-01-27
BHP BILLITON FINANCE (USA) LTD,Basic Industry,Fixed Income,10641527.23,0.03092,10641527.23,10544000,98.96,Australia,--,USD,5.41,5.11,1,2033-02-28,4.9,5.46,,5.11,5.46,5.11,USD,2023-02-28,2023-02-28
DELL INTERNATIONAL LLC,Technology,Fixed Income,10631400.21,0.03089,10631400.21,9077000,116.97,United States,--,USD,6.93,5.83,1,2036-07-15,8.1,7.06,,5.75,6.82,5.75,USD,2021-01-15,2021-06-15
LOWES COMPANIES INC,Consumer Cyclical,Fixed Income,10629164.99,0.03088,10629164.99,10949000,95.77,United States,--,USD,7.18,5.44,1,2035-10-15,4.85,7.21,,5.44,7.21,5.44,USD,2025-09-30,2025-09-30
KRAFT HEINZ FOODS CO,Consumer Non-Cyclical,Fixed Income,10630655.52,0.03088,10630655.52,12870000,81.1,United States,--,USD,12.22,6.46,1,2049-10-01,4.88,12.44,,6.46,12.44,6.46,USD,2020-10-01,2021-01-19
MPLX LP,Energy,Fixed Income,10625206.73,0.03087,10625206.73,12693000,81.95,United States,--,USD,12.7,6.39,1,2052-03-14,4.95,12.93,,6.39,12.93,6.39,USD,2022-03-14,2022-03-14
APPLE INC,Technology,Fixed Income,10622800.64,0.03086,10622800.64,12089000,87.08,United States,--,USD,4.68,4.6,1,2031-08-05,1.7,4.68,,4.6,4.68,4.6,USD,2021-08-05,2021-08-05
EQT CORP,Energy,Fixed Income,10608912.76,0.03082,10608912.76,10775000,98.37,United States,--,USD,3.85,5.16,1,2031-01-15,4.75,3.98,,5.16,3.98,5.16,USD,2025-07-15,2025-09-08
UNION PACIFIC CORPORATION,Transportation,Fixed Income,10609991.98,0.03082,10609991.98,15068000,69.11,United States,--,USD,15.15,5.98,1,2060-03-20,3.84,15.43,,5.98,15.43,5.98,USD,2020-03-20,2020-05-26
MITSUBISHI UFJ FINANCIAL GROUP INC,Banking,Fixed Income,10603611.59,0.03081,10603611.59,12717000,83.34,Japan,--,USD,9.81,5.6,1,2039-07-18,3.75,9.81,,5.6,9.81,5.6,USD,2019-07-18,2019-07-18
SYSCO CORPORATION,Consumer Non-Cyclical,Fixed Income,10600302.29,0.0308,10600302.29,10065000,103.28,United States,--,USD,11.62,6.33,1,2050-04-01,6.6,11.86,,6.33,11.75,6.33,USD,2020-04-02,2020-04-02
DIAMONDBACK ENERGY INC,Energy,Fixed Income,10600303.17,0.0308,10600303.17,9857000,105.34,United States,--,USD,5.25,5.29,1,2033-03-15,6.25,5.32,,5.26,5.16,5.26,USD,2022-10-28,2022-10-28
MORGAN STANLEY,Banking,Fixed Income,10579793.9,0.03074,10579793.9,9340000,111.04,United States,--,USD,4.62,5.0,1,2032-04-01,7.25,4.61,,5.0,4.61,5.0,USD,2002-04-03,2002-04-03
MITSUBISHI UFJ FINANCIAL GROUP INC,Banking,Fixed Income,10572548.51,0.03072,10572548.51,10614000,97.97,Japan,--,USD,3.65,5.08,1,2031-09-12,4.53,3.66,,5.08,3.66,5.08,USD,2025-09-12,2025-09-12
COCA-COLA CO,Consumer Non-Cyclical,Fixed Income,10573568.98,0.03072,10573568.98,11761000,89.67,United States,--,USD,3.66,4.6,1,2030-06-01,1.65,3.65,,4.6,3.65,4.6,USD,2020-05-01,2020-05-01
UNITED PARCEL SERVICE INC,Transportation,Fixed Income,10574198.56,0.03072,10574198.56,10563000,98.98,United States,--,USD,13.2,6.02,1,2055-05-14,5.95,13.48,,6.02,13.48,6.02,USD,2025-05-14,2025-05-14
DEVON ENERGY CORP,Energy,Fixed Income,10570225.41,0.03071,10570225.41,10963000,96.31,United States,--,USD,9.83,5.98,1,2041-07-15,5.6,9.92,,5.98,9.92,5.98,USD,2011-07-12,2011-07-12
BANCO SANTANDER SA,Banking,Fixed Income,10565694.88,0.0307,10565694.88,10415000,101.34,Spain,--,USD,4.33,5.13,1,2031-07-15,5.44,4.32,,5.13,4.32,5.13,USD,2024-07-15,2024-07-15
MITSUBISHI UFJ FINANCIAL GROUP INC,Banking,Fixed Income,10566031.65,0.0307,10566031.65,10478000,100.75,Japan,--,USD,6.56,5.47,1,2036-01-16,5.57,6.69,,5.47,6.69,5.47,USD,2025-01-16,2025-01-16
WASTE MANAGEMENT INC,Capital Goods,Fixed Income,10548677.42,0.03065,10548677.42,10438000,98.93,United States,--,USD,6.07,5.05,1,2034-02-15,4.88,6.12,,5.05,6.12,5.05,USD,2023-08-03,2023-08-03
FISERV INC,Technology,Fixed Income,10550044.91,0.03065,10550044.91,10671000,96.88,United States,--,USD,3.99,5.33,1,2031-02-15,4.55,3.98,,5.33,3.98,5.33,USD,2025-08-11,2025-08-11
MITSUBISHI UFJ FINANCIAL GROUP INC,Banking,Fixed Income,10550461.74,0.03065,10550461.74,11316000,92.19,Japan,--,USD,3.34,5.02,1,2030-02-25,2.56,3.33,,5.02,3.33,5.02,USD,2020-02-25,2020-02-25
JPMORGAN CHASE & CO,Banking,Fixed Income,10546402.97,0.03064,10546402.97,10493000,98.07,United States,--,USD,10.46,5.8,1,2043-08-16,5.63,10.55,,5.8,10.55,5.8,USD,2013-08-21,2013-08-21
NEXTERA ENERGY CAPITAL HOLDINGS IN,Electric,Fixed Income,10548052.5,0.03064,10548052.5,12072000,87.33,United States,--,USD,5.01,5.12,1,2032-01-15,2.44,5.0,,5.12,5.0,5.12,USD,2021-12-13,2021-12-13
HUNTINGTON BANCSHARES INC,Banking,Fixed Income,10541849.56,0.03063,10541849.56,11332000,91.84,United States,--,USD,3.28,5.1,1,2030-02-04,2.55,3.27,,5.1,3.27,5.1,USD,2020-02-04,2020-02-04
CHARTER COMMUNICATIONS OPERATING L,Communications,Fixed Income,10535554.98,0.03061,10535554.98,11009000,94.87,United States,--,USD,7.01,6.59,1,2035-12-01,5.85,6.98,,6.59,6.98,6.59,USD,2025-09-02,2025-09-02
AT&T INC,Communications,Fixed Income,10532463.54,0.0306,10532463.54,10707000,95.99,United States,--,USD,7.35,5.66,1,2036-04-30,5.13,7.37,,5.66,7.37,5.66,USD,2026-02-05,2026-02-05
PAYPAL HOLDINGS INC,Technology,Fixed Income,10534194.95,0.0306,10534194.95,10537000,99.05,United States,--,USD,4.22,5.17,1,2031-06-01,4.95,4.23,,5.17,4.23,5.17,USD,2026-05-15,2026-05-15
UNION PACIFIC CORPORATION,Transportation,Fixed Income,10534296.69,0.0306,10534296.69,11536000,90.09,United States,--,USD,4.97,4.85,1,2032-02-14,2.8,4.97,,4.85,4.97,4.85,USD,2022-02-14,2022-02-14
CVS HEALTH CORP,Consumer Non-Cyclical,Fixed Income,10524307.96,0.03058,10524307.96,12047000,86.61,United States,--,USD,4.73,5.12,1,2031-09-15,2.13,4.72,,5.12,4.72,5.12,USD,2021-08-18,2021-08-18
APPLOVIN CORP,Communications,Fixed Income,10521999.07,0.03057,10521999.07,10434000,100.12,United States,--,USD,3.02,5.08,1,2029-12-01,5.13,3.03,,5.08,3.03,5.08,USD,2024-12-05,2024-12-05
HOME DEPOT INC,Consumer Cyclical,Fixed Income,10523397.81,0.03057,10523397.81,11210000,93.15,United States,--,USD,3.44,4.72,1,2030-04-15,2.7,3.46,,4.72,3.46,4.72,USD,2020-03-30,2020-03-30
JPMORGAN CHASE & CO,Banking,Fixed Income,10519334.36,0.03056,10519334.36,13298000,77.11,United States,--,USD,11.7,5.94,1,2048-07-24,4.03,12.62,,5.94,12.61,5.94,USD,2017-07-24,2017-07-24
ANHEUSER-BUSCH INBEV FINANCE INC,Consumer Non-Cyclical,Fixed Income,10514212.1,0.03055,10514212.1,11620000,88.16,Belgium,--,USD,11.45,5.93,1,2046-02-01,4.9,11.64,,5.93,11.64,5.93,USD,2016-01-25,2016-01-25
VODAFONE GROUP PLC MTN,Communications,Fixed Income,10516820.82,0.03055,10516820.82,10744000,97.38,United Kingdom,--,USD,7.51,5.7,1,2036-06-18,5.35,7.53,,5.7,7.53,5.7,USD,2026-06-18,2026-06-18
DIAMONDBACK ENERGY INC,Energy,Fixed Income,10512641.48,0.03054,10512641.48,10276000,100.59,United States,--,USD,6.68,5.46,1,2035-04-01,5.55,6.72,,5.46,6.56,5.46,USD,2025-03-20,2025-03-20
INTUIT INC,Technology,Fixed Income,10507297.48,0.03053,10507297.48,10535000,99.17,United States,--,USD,4.27,5.14,1,2031-06-15,4.95,4.27,,5.14,4.27,5.14,USD,2026-06-11,2026-06-11
CROWN CASTLE INC,Communications,Fixed Income,10509372.78,0.03053,10509372.78,11900000,88.27,United States,--,USD,4.17,5.22,1,2031-01-15,2.25,4.16,,5.22,4.16,5.22,USD,2020-06-15,2020-06-15
ALTRIA GROUP INC,Consumer Non-Cyclical,Fixed Income,10490209.43,0.03048,10490209.43,11887000,87.11,United States,--,USD,4.99,5.16,1,2032-02-04,2.45,4.98,,5.16,4.98,5.16,USD,2021-02-04,2021-02-04
EQUINIX INC,Technology,Fixed Income,10491366.31,0.03048,10491366.31,11120000,93.3,United States,--,USD,4.96,5.27,1,2032-04-15,3.9,4.98,,5.27,4.98,5.27,USD,2022-04-05,2022-04-05
UNITEDHEALTH GROUP INC,Insurance,Fixed Income,10491493.29,0.03048,10491493.29,12778000,80.58,United States,--,USD,9.74,5.62,1,2039-08-15,3.5,9.79,,5.62,9.79,5.62,USD,2019-07-25,2019-07-25
VISTRA OPERATIONS COMPANY LLC 144A,Electric,Fixed Income,10491807.12,0.03048,10491807.12,10519000,98.49,United States,--,USD,4.13,5.36,1,2031-04-30,5.0,4.14,,5.36,4.14,5.36,USD,2026-04-22,2026-04-22
OTIS WORLDWIDE CORP,Capital Goods,Fixed Income,10477159.12,0.03044,10477159.12,11209000,92.35,United States,--,USD,3.3,4.93,1,2030-02-15,2.56,3.3,,4.93,3.3,4.93,USD,2020-08-15,2020-09-04
HP INC,Technology,Fixed Income,10478538.55,0.03044,10478538.55,10395000,98.69,United States,--,USD,9.58,6.13,1,2041-09-15,6.0,9.61,,6.13,9.61,6.13,USD,2011-09-19,2011-09-19
CIGNA GROUP,Consumer Non-Cyclical,Fixed Income,10470358.74,0.03042,10470358.74,12285000,85.14,United States,--,USD,11.85,6.1,1,2046-07-15,4.8,12.05,,6.1,12.05,6.1,USD,2020-01-15,2020-07-13
BAT CAPITAL CORP,Consumer Non-Cyclical,Fixed Income,10466362.44,0.03041,10466362.44,9547000,106.6,United Kingdom,--,USD,5.43,5.28,1,2033-08-02,6.42,5.51,,5.25,5.35,5.25,USD,2023-08-02,2023-08-02
CVS HEALTH CORP,Consumer Non-Cyclical,Fixed Income,10462778.21,0.0304,10462778.21,11771000,88.15,United States,--,USD,3.83,5.0,1,2030-08-21,1.75,3.82,,5.0,3.82,5.0,USD,2020-08-21,2020-08-21
UBER TECHNOLOGIES INC,Consumer Cyclical,Fixed Income,10464937.49,0.0304,10464937.49,10703000,96.08,United States,--,USD,6.48,5.4,1,2034-09-15,4.8,6.51,,5.4,6.51,5.4,USD,2024-09-09,2024-09-09
MITSUBISHI UFJ FINANCIAL GROUP INC,Banking,Fixed Income,10461316.11,0.03039,10461316.11,11676000,89.57,Japan,--,USD,3.76,5.01,1,2030-07-17,2.05,3.74,,5.01,3.74,5.01,USD,2020-07-17,2020-07-17
FORD MOTOR CREDIT COMPANY LLC,Consumer Cyclical,Fixed Income,10448565.33,0.03036,10448565.33,10157000,100.57,United States,--,USD,3.87,5.91,1,2031-03-05,6.05,3.9,,5.9,3.77,5.9,USD,2024-01-05,2024-01-05
JBS NV,Consumer Non-Cyclical,Fixed Income,10445488.82,0.03035,10445488.82,10692000,97.59,United States,--,USD,7.25,5.83,1,2036-01-15,5.5,7.26,,5.83,7.26,5.83,USD,2025-07-03,2026-01-12
VALERO ENERGY CORPORATION,Energy,Fixed Income,10447884.87,0.03035,10447884.87,9584000,108.33,United States,--,USD,7.81,5.59,1,2037-06-15,6.63,7.8,,5.59,7.8,5.59,USD,2007-06-08,2007-06-08
PACIFIC GAS AND ELECTRIC COMPANY,Electric,Fixed Income,10442340.38,0.03034,10442340.38,15748000,64.65,United States,--,USD,13.35,6.4,1,2050-08-01,3.5,13.55,,6.4,13.55,6.4,USD,2020-06-19,2020-06-19
TRUIST FINANCIAL CORP MTN,Banking,Fixed Income,10443656.22,0.03034,10443656.22,10229000,99.71,United States,--,USD,4.24,5.23,1,2032-08-05,5.15,4.28,,5.22,4.28,5.22,USD,2024-08-05,2024-08-05
CHEVRON CORP,Energy,Fixed Income,10436189.87,0.03032,10436189.87,11352000,91.49,United States,--,USD,3.56,4.7,1,2030-05-11,2.24,3.56,,4.7,3.56,4.7,USD,2020-05-11,2020-05-11
WALMART INC,Consumer Cyclical,Fixed Income,10429240.33,0.0303,10429240.33,10547000,97.87,United States,--,USD,5.68,4.82,1,2033-04-30,4.45,5.71,,4.82,5.71,4.82,USD,2026-04-30,2026-04-30
TARGA RESOURCES CORP,Energy,Fixed Income,10429854.19,0.0303,10429854.19,10370000,98.0,United States,--,USD,7.41,5.66,1,2036-07-30,5.4,7.43,,5.66,7.43,5.66,USD,2025-11-12,2025-11-12
FORD MOTOR CREDIT COMPANY LLC,Consumer Cyclical,Fixed Income,10430023.11,0.0303,10430023.11,10257000,100.39,United States,--,USD,4.4,5.96,1,2031-11-05,6.05,4.42,,5.96,4.3,5.96,USD,2024-11-05,2024-11-05
INTERCONTINENTAL EXCHANGE INC,Brokerage/Asset Managers/Exchanges,Fixed Income,10417914.34,0.03027,10417914.34,11869000,87.27,United States,--,USD,13.31,5.92,1,2052-06-15,4.95,13.59,,5.92,13.59,5.92,USD,2022-05-23,2022-05-23
GE CAPITAL INTERNATIONAL FUNDING C,Capital Goods,Fixed Income,10418644.5,0.03027,10418644.5,10990000,93.98,United States,--,USD,7.43,5.24,1,2035-11-15,4.42,7.42,,5.24,7.42,5.24,USD,2016-05-15,2016-07-01
QUALCOMM INCORPORATED,Technology,Fixed Income,10419216.7,0.03027,10419216.7,10733000,96.28,United States,--,USD,6.96,5.18,1,2035-05-20,4.65,7.06,,5.18,7.06,5.18,USD,2015-05-20,2015-05-20
INTEL CORPORATION,Technology,Fixed Income,10415805.14,0.03026,10415805.14,11146000,90.79,United States,--,USD,13.37,6.57,1,2063-02-10,5.9,13.62,,6.57,13.62,6.57,USD,2023-02-10,2023-02-10
HSBC HOLDINGS PLC,Banking,Fixed Income,10413624.59,0.03025,10413624.59,9722000,104.82,United Kingdom,--,USD,7.8,5.9,1,2037-09-15,6.5,7.78,,5.9,7.78,5.9,USD,2022-09-15,2022-09-16
KENVUE INC,Consumer Non-Cyclical,Fixed Income,10406867.23,0.03023,10406867.23,10189000,100.47,United States,--,USD,3.2,4.86,1,2030-03-22,5.0,3.26,,4.86,3.26,4.86,USD,2023-09-22,2023-10-17
ENERGY TRANSFER LP,Energy,Fixed Income,10401412.21,0.03022,10401412.21,10772000,94.19,United States,--,USD,12.45,6.5,1,2054-09-01,6.05,12.69,,6.5,12.69,6.5,USD,2024-06-21,2024-06-21
VERIZON COMMUNICATIONS INC,Communications,Fixed Income,10402333.9,0.03022,10402333.9,12929000,78.86,United States,--,USD,12.31,6.31,1,2048-09-15,4.52,12.47,,6.31,12.47,6.31,USD,2015-03-13,2015-08-20
BOEING CO,Capital Goods,Fixed Income,10390874.98,0.03019,10390874.98,9733000,105.32,United States,--,USD,3.98,5.12,1,2031-05-01,6.39,4.05,,5.08,3.93,5.08,USD,2024-11-01,2024-12-17
WALMART INC,Consumer Cyclical,Fixed Income,10389222.2,0.03018,10389222.2,10535000,97.53,United States,--,USD,7.58,5.07,1,2036-04-30,4.75,7.62,,5.07,7.62,5.07,USD,2026-04-30,2026-04-30
INTEL CORPORATION,Technology,Fixed Income,10380236.06,0.03016,10380236.06,14920000,69.12,United States,--,USD,12.72,6.41,1,2047-12-08,3.73,12.91,,6.41,12.91,6.41,USD,2018-06-08,2018-06-08
COOPERATIEVE RABOBANK UA,Banking,Fixed Income,10379242.84,0.03015,10379242.84,11176000,90.42,Netherlands,--,USD,11.1,6.11,1,2045-08-04,5.25,11.22,,6.11,11.22,6.11,USD,2015-08-04,2015-08-04
ELI LILLY AND COMPANY,Consumer Non-Cyclical,Fixed Income,10373371.58,0.03014,10373371.58,10680000,95.61,United States,--,USD,14.72,5.94,1,2065-10-15,5.65,15.02,,5.94,15.02,5.94,USD,2025-08-20,2025-08-20
DUKE ENERGY CORP,Electric,Fixed Income,10374398.16,0.03014,10374398.16,10496000,96.88,United States,--,USD,5.09,5.1,1,2032-08-15,4.5,5.12,,5.1,5.12,5.1,USD,2022-08-11,2022-08-11
FISERV INC,Technology,Fixed Income,10375506.39,0.03014,10375506.39,10166000,99.88,United States,--,USD,5.3,5.62,1,2033-03-02,5.6,5.35,,5.62,5.35,5.62,USD,2023-03-02,2023-03-02
NIKE INC,Consumer Cyclical,Fixed Income,10371612.66,0.03013,10371612.66,10968000,93.65,United States,--,USD,3.38,4.75,1,2030-03-27,2.85,3.4,,4.75,3.4,4.75,USD,2020-03-27,2020-03-27
ABBVIE INC,Consumer Non-Cyclical,Fixed Income,10362915.05,0.03011,10362915.05,10744000,94.33,United States,--,USD,13.44,5.96,1,2056-03-15,5.55,13.72,,5.96,13.72,5.96,USD,2026-03-04,2026-03-04
PROGRESSIVE CORPORATION (THE),Insurance,Fixed Income,10361982.55,0.0301,10361982.55,10380000,98.17,United States,--,USD,7.36,5.39,1,2036-03-26,5.15,7.39,,5.39,7.39,5.39,USD,2026-03-26,2026-03-26
BROADCOM INC,Technology,Fixed Income,10357838.95,0.03009,10357838.95,10762000,95.13,United States,--,USD,4.92,5.14,1,2032-04-15,4.15,4.96,,5.14,4.96,5.14,USD,2026-04-15,2026-07-17
WELLTOWER OP LLC,Reits,Fixed Income,10348852.68,0.03007,10348852.68,10440000,98.83,United States,--,USD,7.02,5.29,1,2035-07-01,5.13,7.06,,5.29,7.06,5.29,USD,2025-06-27,2025-06-27
COMCAST CORPORATION,Communications,Fixed Income,10350963.12,0.03007,10350963.12,10398000,98.8,United States,--,USD,6.26,5.49,1,2034-06-01,5.3,6.3,,5.49,6.3,5.49,USD,2024-05-22,2024-05-22
MPLX LP,Energy,Fixed Income,10348552.0,0.03006,10348552.0,10262000,98.75,United States,--,USD,3.97,5.11,1,2031-02-15,4.8,3.96,,5.11,3.96,5.11,USD,2025-08-11,2025-08-11
GENERAL MOTORS CO,Consumer Cyclical,Fixed Income,10344680.07,0.03005,10344680.07,11817000,85.94,United States,--,USD,10.95,6.51,1,2045-04-01,5.2,11.04,,6.51,11.04,6.51,USD,2014-11-12,2014-11-12
BP CAPITAL MARKETS AMERICA INC,Energy,Fixed Income,10304860.71,0.02994,10304860.71,13949000,73.58,United Kingdom,--,USD,11.07,5.72,1,2041-06-17,3.06,11.14,,5.72,11.14,5.72,USD,2021-06-17,2021-06-17
DTE ENERGY COMPANY,Electric,Fixed Income,10305282.89,0.02994,10305282.89,10080000,100.63,United States,--,USD,3.25,5.01,1,2030-04-01,5.2,3.27,,5.01,3.21,5.01,USD,2025-02-21,2025-02-21
PEPSICO INC,Consumer Non-Cyclical,Fixed Income,10293855.97,0.02991,10293855.97,10750000,95.71,United States,--,USD,5.21,4.73,1,2032-07-18,3.9,5.26,,4.73,5.26,4.73,USD,2022-07-18,2022-07-18
ENTERPRISE PRODUCTS OPERATING LLC,Energy,Fixed Income,10293953.26,0.02991,10293953.26,11389000,88.67,United States,--,USD,10.96,5.89,1,2044-03-15,4.85,11.12,,5.89,11.12,5.89,USD,2013-03-18,2013-03-18
BURLINGTON NORTHERN SANTA FE LLC,Transportation,Fixed Income,10281037.0,0.02987,10281037.0,10733000,93.85,United States,--,USD,13.32,5.95,1,2055-03-15,5.5,13.61,,5.95,13.61,5.95,USD,2024-06-07,2024-06-07
SOUTHERN COMPANY (THE),Electric,Fixed Income,10257242.74,0.0298,10257242.74,9839000,102.24,United States,--,USD,5.9,5.34,1,2034-03-15,5.7,6.04,,5.32,5.72,5.32,USD,2023-09-08,2023-09-08
UNITED PARCEL SERVICE INC,Transportation,Fixed Income,10257461.35,0.0298,10257461.35,10999000,91.62,United States,--,USD,12.44,5.96,1,2050-04-01,5.3,12.69,,5.96,12.69,5.96,USD,2020-03-24,2020-03-24
AON CORP,Insurance,Fixed Income,10252295.87,0.02979,10252295.87,11013000,92.57,United States,--,USD,3.52,4.96,1,2030-05-15,2.8,3.53,,4.96,3.53,4.96,USD,2020-05-15,2020-05-15
CHEVRON USA INC,Energy,Fixed Income,10246612.89,0.02977,10246612.89,10112000,100.07,United States,--,USD,3.32,4.66,1,2030-04-15,4.69,3.35,,4.66,3.35,4.66,USD,2025-02-26,2025-02-26
NOMURA HOLDINGS INC,Brokerage/Asset Managers/Exchanges,Fixed Income,10246913.25,0.02977,10246913.25,10294000,99.26,Japan,--,USD,3.54,5.1,1,2030-07-01,4.9,3.53,,5.1,3.53,5.1,USD,2025-07-01,2025-07-01
WALT DISNEY CO,Communications,Fixed Income,10244275.31,0.02976,10244275.31,12705000,79.96,United States,--,USD,10.23,5.6,1,2040-05-13,3.5,10.3,,5.6,10.3,5.6,USD,2020-05-13,2020-05-13
THERMO FISHER SCIENTIFIC INC,Consumer Non-Cyclical,Fixed Income,10245040.58,0.02976,10245040.58,10511000,97.0,United States,--,USD,5.78,5.07,1,2033-06-15,4.55,5.81,,5.07,5.81,5.07,USD,2026-02-12,2026-02-12
BRISTOL-MYERS SQUIBB CO,Consumer Non-Cyclical,Fixed Income,10240354.93,0.02975,10240354.93,11695000,87.28,United States,--,USD,4.08,4.75,1,2030-11-13,1.45,4.07,,4.75,4.07,4.75,USD,2020-11-13,2020-11-13
TOTALENERGIES CAPITAL SA,Energy,Fixed Income,10241835.4,0.02975,10241835.4,11093000,90.34,France,--,USD,14.43,6.08,1,2064-09-10,5.42,14.72,,6.08,14.72,6.08,USD,2024-09-10,2024-09-10
FORD MOTOR CREDIT COMPANY LLC,Consumer Cyclical,Fixed Income,10229159.86,0.02972,10229159.86,10125000,99.95,United States,--,USD,7.12,6.47,1,2036-05-22,6.47,7.12,,6.47,7.12,6.47,USD,2026-05-22,2026-05-22
PROCTER & GAMBLE CO,Consumer Non-Cyclical,Fixed Income,10223687.13,0.0297,10223687.13,11317000,89.25,United States,--,USD,5.03,4.52,1,2032-02-01,2.3,5.02,,4.52,5.02,4.52,USD,2022-02-01,2022-02-01
ING GROEP NV,Banking,Fixed Income,10223731.88,0.0297,10223731.88,9599000,104.28,Netherlands,--,USD,5.57,5.42,1,2034-09-11,6.11,5.65,,5.38,5.65,5.38,USD,2023-09-11,2023-09-11
ENERGY TRANSFER LP,Energy,Fixed Income,10224459.6,0.0297,10224459.6,9938000,100.69,United States,--,USD,6.28,5.49,1,2034-09-01,5.6,6.32,,5.49,6.16,5.49,USD,2024-06-21,2024-06-21
INTEL CORPORATION,Technology,Fixed Income,10207586.35,0.02966,10207586.35,10453000,96.38,United States,--,USD,3.29,4.99,1,2030-03-25,3.9,3.33,,4.99,3.33,4.99,USD,2020-03-25,2020-03-25
MPLX LP,Energy,Fixed Income,10208258.8,0.02966,10208258.8,12476000,80.56,United States,--,USD,12.07,6.36,1,2048-04-15,4.7,12.28,,6.36,12.28,6.36,USD,2018-02-08,2018-02-08
EXELON CORPORATION,Electric,Fixed Income,10209200.38,0.02966,10209200.38,10420000,96.89,United States,--,USD,3.33,4.97,1,2030-04-15,4.05,3.37,,4.97,3.37,4.97,USD,2020-04-01,2020-04-01
ING GROEP NV,Banking,Fixed Income,10203026.14,0.02964,10203026.14,10033000,99.9,Netherlands,--,USD,6.57,5.52,1,2036-03-25,5.53,6.7,,5.52,6.7,5.52,USD,2025-03-25,2025-03-25
PEPSICO INC,Consumer Non-Cyclical,Fixed Income,10199778.66,0.02963,10199778.66,11347000,89.52,United States,--,USD,3.57,4.68,1,2030-05-01,1.63,3.57,,4.68,3.57,4.68,USD,2020-05-01,2020-05-01
RIO TINTO FINANCE (USA) LTD,Basic Industry,Fixed Income,10200100.77,0.02963,10200100.77,10465000,96.31,Australia,--,USD,9.73,5.61,1,2040-11-02,5.2,9.76,,5.61,9.76,5.61,USD,2010-11-02,2010-11-02
EXXON MOBIL CORP,Energy,Fixed Income,10189272.79,0.0296,10189272.79,10468000,96.15,United States,--,USD,3.3,4.64,1,2030-03-19,3.48,3.34,,4.64,3.34,4.64,USD,2020-03-19,2020-03-19
BROADCOM INC,Technology,Fixed Income,10185695.74,0.02959,10185695.74,10247000,97.42,United States,--,USD,4.74,5.09,1,2032-02-15,4.55,4.75,,5.09,4.75,5.09,USD,2024-10-02,2024-10-02
ORACLE CORPORATION,Technology,Fixed Income,10182404.35,0.02958,10182404.35,16309000,61.69,United States,--,USD,11.74,7.68,1,2047-11-15,4.0,11.85,,7.68,11.85,7.68,USD,2017-11-09,2017-11-09
OCCIDENTAL PETROLEUM CORPORATION,Energy,Fixed Income,10174343.01,0.02956,10174343.01,9652000,103.08,United States,--,USD,10.63,6.32,1,2046-03-15,6.6,10.82,,6.32,10.68,6.32,USD,2019-09-15,2019-09-18
MARSH & MCLENNAN COMPANIES INC,Insurance,Fixed Income,10170031.92,0.02955,10170031.92,11630000,85.72,United States,--,USD,12.3,6.07,1,2049-03-15,4.9,12.54,,6.07,12.54,6.07,USD,2019-01-15,2019-01-15
TIME WARNER CABLE ENTERPRISES LLC,Communications,Fixed Income,10172157.95,0.02955,10172157.95,9200000,110.4,United States,--,USD,5.38,6.5,1,2033-07-15,8.38,5.33,,6.5,5.33,6.5,USD,1994-01-15,1994-02-03
TRUIST FINANCIAL CORP MTN,Banking,Fixed Income,10167630.35,0.02954,10167630.35,10280000,97.75,United States,--,USD,4.13,5.15,1,2032-04-23,4.68,4.15,,5.15,4.15,5.15,USD,2026-04-23,2026-04-23
ABBVIE INC,Consumer Non-Cyclical,Fixed Income,10154827.76,0.0295,10154827.76,10308000,96.93,United States,--,USD,4.1,4.87,1,2031-03-15,4.13,4.1,,4.87,4.1,4.87,USD,2026-03-04,2026-03-04
PACIFICORP,Electric,Fixed Income,10151083.11,0.02949,10151083.11,9972000,99.42,United States,--,USD,5.95,5.54,1,2034-02-15,5.45,5.98,,5.54,5.98,5.54,USD,2024-01-05,2024-01-05
HCA INC,Consumer Non-Cyclical,Fixed Income,10138598.06,0.02945,10138598.06,10224000,98.09,United States,--,USD,4.2,5.15,1,2031-05-15,4.7,4.21,,5.15,4.21,5.15,USD,2026-04-30,2026-04-30
REGENERON PHARMACEUTICALS INC.,Consumer Non-Cyclical,Fixed Income,10129580.1,0.02943,10129580.1,11446000,87.88,United States,--,USD,3.9,5.02,1,2030-09-15,1.75,3.88,,5.02,3.88,5.02,USD,2020-08-12,2020-08-12
HCA INC,Consumer Non-Cyclical,Fixed Income,10131151.79,0.02943,10131151.79,9993000,100.6,United States,--,USD,5.57,5.39,1,2033-06-01,5.5,5.61,,5.39,5.44,5.39,USD,2023-05-04,2023-05-04
INTERCONTINENTAL EXCHANGE INC,Brokerage/Asset Managers/Exchanges,Fixed Income,10116428.43,0.02939,10116428.43,12507000,79.46,United States,--,USD,12.68,5.93,1,2048-09-21,4.25,12.92,,5.93,12.92,5.93,USD,2018-08-13,2018-08-13
REGAL REXNORD CORP,Capital Goods,Fixed Income,10112325.72,0.02938,10112325.72,9515000,103.53,United States,--,USD,3.02,5.2,1,2030-02-15,6.3,3.09,,5.15,2.96,5.15,USD,2024-02-15,2024-05-01
UNITED PARCEL SERVICE INC,Transportation,Fixed Income,10101353.31,0.02935,10101353.31,9916000,99.99,United States,--,USD,5.43,4.88,1,2033-03-03,4.88,5.49,,4.88,5.49,4.88,USD,2023-02-27,2023-02-27
PRUDENTIAL FINANCIAL INC MTN,Insurance,Fixed Income,10102602.18,0.02935,10102602.18,10028000,98.89,United States,--,USD,6.71,5.36,1,2035-03-14,5.2,6.75,,5.36,6.75,5.36,USD,2025-03-14,2025-03-14
AMGEN INC,Consumer Non-Cyclical,Fixed Income,10092313.92,0.02932,10092313.92,11777000,85.66,United States,--,USD,5.07,5.03,1,2032-01-15,2.0,5.06,,5.03,5.06,5.03,USD,2021-08-09,2021-08-09
BROWN & BROWN INC,Insurance,Fixed Income,10086768.15,0.0293,10086768.15,10219000,98.26,United States,--,USD,6.83,5.8,1,2035-06-23,5.55,6.9,,5.8,6.9,5.8,USD,2025-06-23,2025-06-23
ELI LILLY AND COMPANY,Consumer Non-Cyclical,Fixed Income,10074892.78,0.02927,10074892.78,11347000,86.83,United States,--,USD,13.33,5.86,1,2053-02-27,4.88,13.61,,5.86,13.61,5.86,USD,2023-02-27,2023-02-27
MERCK & CO INC,Consumer Non-Cyclical,Fixed Income,10072563.48,0.02926,10072563.48,10581000,94.45,United States,--,USD,13.59,5.95,1,2055-12-04,5.55,13.88,,5.95,13.88,5.95,USD,2025-12-04,2025-12-04
WESTERN MIDSTREAM OPERATING LP,Energy,Fixed Income,10064202.45,0.02924,10064202.45,9566000,103.31,United States,--,USD,5.3,5.55,1,2033-04-01,6.15,5.36,,5.53,5.19,5.53,USD,2023-04-04,2023-04-04
BROADCOM INC,Technology,Fixed Income,10061424.83,0.02923,10061424.83,10241000,97.11,United States,--,USD,3.77,4.96,1,2030-10-15,4.2,3.78,,4.96,3.78,4.96,USD,2025-09-29,2025-09-29
RIO TINTO FINANCE (USA) PLC,Basic Industry,Fixed Income,10051567.49,0.0292,10051567.49,9853000,100.24,Australia,--,USD,4.75,4.98,1,2032-03-14,5.0,4.78,,4.98,4.78,4.98,USD,2025-03-14,2025-03-14
BANCO SANTANDER SA (FXD),Banking,Fixed Income,10047786.71,0.02919,10047786.71,10180000,97.74,Spain,--,USD,3.82,5.14,1,2030-11-06,4.55,3.81,,5.14,3.81,5.14,USD,2025-11-06,2025-11-06
HEWLETT PACKARD ENTERPRISE CO,Technology,Fixed Income,10043337.99,0.02918,10043337.99,10037000,98.84,United States,--,USD,2.92,4.94,1,2029-10-15,4.55,2.93,,4.94,2.93,4.94,USD,2024-09-26,2024-09-26
PACIFIC GAS AND ELECTRIC COMPANY,Electric,Fixed Income,10044871.6,0.02918,10044871.6,9527000,104.78,United States,--,USD,5.47,5.56,1,2033-06-15,6.4,5.53,,5.53,5.37,5.53,USD,2023-06-05,2023-06-05
T-MOBILE USA INC,Communications,Fixed Income,10040229.99,0.02917,10040229.99,10945000,91.62,United States,--,USD,12.86,6.4,1,2054-01-15,5.75,13.11,,6.4,13.11,6.4,USD,2023-05-11,2023-05-11
CHUBB INA HOLDINGS LLC,Insurance,Fixed Income,10023040.29,0.02912,10023040.29,9475000,104.6,United States,--,USD,7.88,5.43,1,2037-05-11,6.0,7.87,,5.43,7.87,5.43,USD,2007-05-11,2007-05-11
MERCK & CO INC,Consumer Non-Cyclical,Fixed Income,10019659.3,0.02911,10019659.3,10003000,99.34,United States,--,USD,5.65,5.06,1,2033-05-22,4.95,5.69,,5.06,5.69,5.06,USD,2026-05-22,2026-05-22
ALPHABET INC,Technology,Fixed Income,10012903.17,0.02909,10012903.17,10392000,95.51,United States,--,USD,7.05,5.14,1,2035-05-15,4.5,7.09,,5.14,7.09,5.14,USD,2025-05-01,2025-05-01
COMCAST CORPORATION,Communications,Fixed Income,10004481.97,0.02907,10004481.97,8969000,109.06,United States,--,USD,5.24,5.41,1,2033-03-15,7.05,5.22,,5.41,5.22,5.41,USD,2003-03-14,2003-03-14
MPLX LP,Energy,Fixed Income,10001221.84,0.02906,10001221.84,9979000,98.56,United States,--,USD,6.7,5.61,1,2035-04-01,5.4,6.73,,5.61,6.73,5.61,USD,2025-03-10,2025-03-10
PACIFIC GAS AND ELECTRIC COMPANY,Electric,Fixed Income,9993725.01,0.02903,9993725.01,10028000,98.97,United States,--,USD,4.6,5.27,1,2031-11-15,5.05,4.57,,5.27,4.57,5.27,USD,2026-06-03,2026-06-03
GENERAL MOTORS FINANCIAL COMPANY I,Consumer Cyclical,Fixed Income,9985859.41,0.02901,9985859.41,11229000,88.84,United States,--,USD,4.15,5.18,1,2031-01-08,2.35,4.13,,5.18,4.13,5.18,USD,2021-01-08,2021-01-08
UBER TECHNOLOGIES INC,Consumer Cyclical,Fixed Income,9986226.58,0.02901,9986226.58,10331000,96.58,United States,--,USD,4.02,5.01,1,2031-01-15,4.15,4.02,,5.01,4.02,5.01,USD,2025-09-11,2025-09-11
AIR PRODUCTS AND CHEMICALS INC,Basic Industry,Fixed Income,9983687.46,0.029,9983687.46,10989000,90.47,United States,--,USD,3.58,4.81,1,2030-05-15,2.05,3.58,,4.81,3.58,4.81,USD,2020-04-30,2020-04-30
AMAZON.COM INC,Consumer Cyclical,Fixed Income,9979052.37,0.02899,9979052.37,18176000,54.56,United States,--,USD,14.88,6.16,1,2050-06-03,2.5,15.08,,6.16,15.08,6.16,USD,2020-06-03,2020-06-03
AT&T INC,Communications,Fixed Income,9972015.94,0.02897,9972015.94,9879000,98.6,United States,--,USD,6.89,5.57,1,2035-08-15,5.38,6.92,,5.57,6.92,5.57,USD,2025-06-03,2025-06-03
ELI LILLY AND COMPANY,Consumer Non-Cyclical,Fixed Income,9972095.66,0.02897,9972095.66,10929000,89.03,United States,--,USD,13.49,5.85,1,2054-08-14,5.05,13.78,,5.85,13.78,5.85,USD,2024-08-14,2024-08-14
CAMPBELLS CO,Consumer Non-Cyclical,Fixed Income,9966757.37,0.02896,9966757.37,10096000,96.9,United States,--,USD,6.04,5.91,1,2034-03-21,5.4,6.06,,5.91,6.06,5.91,USD,2024-03-21,2024-03-21
INTEL CORPORATION,Technology,Fixed Income,9966807.45,0.02896,9966807.45,11428000,86.33,United States,--,USD,4.65,5.1,1,2031-08-12,2.0,4.64,,5.1,4.64,5.1,USD,2021-08-12,2021-08-12
JBS NV,Consumer Non-Cyclical,Fixed Income,9964401.64,0.02895,9964401.64,10363000,93.71,United States,--,USD,12.37,6.74,1,2056-03-01,6.25,12.6,,6.74,12.6,6.74,USD,2025-07-03,2026-01-12
AT&T INC,Communications,Fixed Income,9960091.8,0.02894,9960091.8,10165000,95.93,United States,--,USD,7.76,5.77,1,2037-03-01,5.25,7.81,,5.77,7.81,5.77,USD,2017-02-09,2017-02-09
INTEL CORPORATION,Technology,Fixed Income,9956587.86,0.02893,9956587.86,10844000,89.47,United States,--,USD,12.62,6.42,1,2054-02-21,5.6,12.86,,6.42,12.86,6.42,USD,2024-02-21,2024-02-21
ORACLE CORPORATION,Technology,Fixed Income,9956089.03,0.02892,9956089.03,10240000,95.48,United States,--,USD,7.93,7.07,1,2038-04-15,6.5,7.87,,7.07,7.87,7.07,USD,2008-04-09,2008-04-09
BROADCOM INC,Technology,Fixed Income,9950576.11,0.02891,9950576.11,10391000,95.67,United States,--,USD,7.4,5.54,1,2036-01-15,4.95,7.42,,5.54,7.42,5.54,USD,2026-01-13,2026-01-13
WILLIAMS COMPANIES INC,Energy,Fixed Income,9943211.01,0.02889,9943211.01,9997000,97.43,United States,--,USD,5.06,5.15,1,2032-08-15,4.65,5.1,,5.15,5.1,5.15,USD,2022-08-08,2022-08-08
US BANCORP MTN,Banking,Fixed Income,9944647.55,0.02889,9944647.55,9698000,100.13,United States,--,USD,6.51,5.38,1,2036-02-12,5.42,6.62,,5.38,6.62,5.38,USD,2025-02-12,2025-02-12
ALTRIA GROUP INC,Consumer Non-Cyclical,Fixed Income,9929647.38,0.02885,9929647.38,13590000,71.71,United States,--,USD,12.12,6.39,1,2046-09-16,3.88,12.29,,6.39,12.29,6.39,USD,2016-09-16,2016-09-16
US BANCORP MTN,Banking,Fixed Income,9932052.67,0.02885,9932052.67,9817000,100.23,United States,--,USD,3.38,5.01,1,2031-05-15,5.08,3.4,,5.01,3.4,5.01,USD,2025-05-15,2025-05-15
HCA INC,Consumer Non-Cyclical,Fixed Income,9922430.3,0.02883,9922430.3,10096000,97.07,United States,--,USD,7.42,5.69,1,2036-05-15,5.3,7.44,,5.69,7.44,5.69,USD,2026-04-30,2026-04-30
DEUTSCHE BANK AG (NEW YORK BRANCH),Banking,Fixed Income,9922484.72,0.02883,9922484.72,9906000,98.79,Germany,--,USD,4.06,5.31,1,2032-04-14,5.06,4.09,,5.31,4.09,5.31,USD,2026-04-14,2026-04-14
ENTERPRISE PRODUCTS OPERATING LLC,Energy,Fixed Income,9923685.23,0.02883,9923685.23,10456000,93.57,United States,--,USD,3.24,4.81,1,2030-01-31,2.8,3.25,,4.81,3.25,4.81,USD,2020-01-15,2020-01-15
GENERAL MOTORS FINANCIAL COMPANY I,Consumer Cyclical,Fixed Income,9918414.32,0.02882,9918414.32,11084000,89.17,United States,--,USD,4.46,5.24,1,2031-06-10,2.7,4.46,,5.24,4.46,5.24,USD,2021-06-10,2021-06-10
ASTRAZENECA FINANCE LLC,Consumer Non-Cyclical,Fixed Income,9919248.31,0.02882,9919248.31,9786000,99.33,United Kingdom,--,USD,6.08,5.11,1,2034-02-26,5.0,6.12,,5.11,6.12,5.11,USD,2024-02-26,2024-02-26
LOWES COMPANIES INC,Consumer Cyclical,Fixed Income,9920171.15,0.02882,9920171.15,10889000,90.29,United States,--,USD,4.28,4.97,1,2031-04-01,2.63,4.28,,4.97,4.28,4.97,USD,2021-03-31,2021-03-31
JPMORGAN CHASE & CO,Banking,Fixed Income,9906314.18,0.02878,9906314.18,12997000,75.44,United States,--,USD,9.97,5.74,1,2041-04-22,3.11,10.43,,5.71,10.43,5.71,USD,2020-04-22,2020-04-22
THERMO FISHER SCIENTIFIC INC,Consumer Non-Cyclical,Fixed Income,9904303.96,0.02877,9904303.96,9996000,96.9,United States,--,USD,7.32,5.32,1,2036-02-12,4.9,7.34,,5.32,7.34,5.32,USD,2026-02-12,2026-02-12
PLAINS ALL AMERICAN PIPELINE LP,Energy,Fixed Income,9900127.37,0.02876,9900127.37,9987000,99.02,United States,--,USD,7.23,5.74,1,2036-01-15,5.6,7.26,,5.74,7.26,5.74,USD,2025-09-08,2025-09-08
THERMO FISHER SCIENTIFIC INC,Consumer Non-Cyclical,Fixed Income,9900749.58,0.02876,9900749.58,11303000,87.06,United States,--,USD,4.82,4.83,1,2031-10-15,2.0,4.82,,4.83,4.82,4.83,USD,2021-08-23,2021-08-23
AMAZON.COM INC,Consumer Cyclical,Fixed Income,9889219.64,0.02873,9889219.64,16929000,57.78,United States,--,USD,15.63,6.23,1,2061-05-12,3.25,15.89,,6.23,15.89,6.23,USD,2021-05-12,2021-05-12
ECOLAB INC,Basic Industry,Fixed Income,9889793.28,0.02873,9889793.28,9824000,99.88,United States,--,USD,7.51,5.36,1,2036-06-15,5.35,7.55,,5.36,7.55,5.36,USD,2026-05-29,2026-05-29
CHARTER COMMUNICATIONS OPERATING L,Communications,Fixed Income,9884005.01,0.02872,9884005.01,16383000,59.19,United States,--,USD,12.75,7.29,1,2051-04-01,3.7,12.9,,7.29,12.9,7.29,USD,2020-04-17,2020-04-17
TAKEDA PHARMACEUTICAL CO LTD,Consumer Non-Cyclical,Fixed Income,9885105.65,0.02872,9885105.65,15381000,64.15,Japan,--,USD,14.24,6.02,1,2050-07-09,3.17,14.47,,6.02,14.47,6.02,USD,2020-07-09,2020-07-09
SUMITOMO MITSUI FINANCIAL GROUP IN,Banking,Fixed Income,9869588.94,0.02867,9869588.94,9627000,102.38,Japan,--,USD,3.14,4.99,1,2030-01-13,5.71,3.12,,4.99,3.12,4.99,USD,2023-01-13,2023-01-13
PNC FINANCIAL SERVICES GROUP INC (,Banking,Fixed Income,9870101.55,0.02867,9870101.55,9554000,100.8,United States,--,USD,3.09,4.92,1,2031-01-29,5.22,3.1,,4.92,3.11,4.92,USD,2025-01-29,2025-01-29
EXPEDIA GROUP INC,Consumer Cyclical,Fixed Income,9863539.13,0.02866,9863539.13,9981000,97.26,United States,--,USD,7.29,5.87,1,2036-04-15,5.5,7.3,,5.87,7.3,5.87,USD,2026-04-10,2026-04-10
KINDER MORGAN INC MTN,Energy,Fixed Income,9860087.95,0.02865,9860087.95,8756000,112.46,United States,--,USD,4.52,5.11,1,2032-01-15,7.75,4.51,,5.11,4.51,5.11,USD,2002-01-11,2002-01-11
WALMART INC,Consumer Cyclical,Fixed Income,9862829.71,0.02865,9862829.71,12355000,79.57,United States,--,USD,13.08,5.69,1,2048-06-29,4.05,13.34,,5.69,13.34,5.69,USD,2018-06-27,2018-06-27
MPLX LP,Energy,Fixed Income,9862844.97,0.02865,9862844.97,9917000,97.27,United States,--,USD,12.66,6.41,1,2055-09-15,6.2,12.92,,6.41,12.92,6.41,USD,2025-08-11,2025-08-11
HOME DEPOT INC,Consumer Cyclical,Fixed Income,9858772.65,0.02864,9858772.65,12462000,78.22,United States,--,USD,10.27,5.59,1,2040-04-15,3.3,10.33,,5.59,10.33,5.59,USD,2020-03-30,2020-03-30
ENERGY TRANSFER LP,Energy,Fixed Income,9850101.9,0.02862,9850101.9,9244000,103.47,United States,--,USD,9.41,6.15,1,2042-02-01,6.5,9.52,,6.14,9.33,6.14,USD,2012-01-17,2012-01-17
T-MOBILE USA INC,Communications,Fixed Income,9846489.52,0.02861,9846489.52,10291000,92.59,United States,--,USD,12.73,6.41,1,2056-02-15,5.85,12.98,,6.41,12.98,6.41,USD,2026-01-12,2026-01-12
HSBC HOLDINGS PLC,Banking,Fixed Income,9838510.98,0.02858,9838510.98,10831000,89.83,United Kingdom,--,USD,3.73,5.24,1,2031-08-18,2.36,3.75,,5.16,3.76,5.16,USD,2020-08-18,2020-08-18
CHENIERE ENERGY PARTNERS LP,Energy,Fixed Income,9834726.65,0.02857,9834726.65,10139000,95.43,United States,--,USD,3.65,5.12,1,2031-03-01,4.0,4.07,,5.12,4.07,5.12,USD,2021-09-01,2021-11-30
FORD MOTOR CREDIT COMPANY LLC,Consumer Cyclical,Fixed Income,9827166.8,0.02855,9827166.8,9640000,100.72,United States,--,USD,2.91,5.63,1,2029-11-07,5.88,2.92,,5.63,2.86,5.63,USD,2025-01-07,2025-01-07
UNITEDHEALTH GROUP INC,Insurance,Fixed Income,9824040.84,0.02854,9824040.84,9691000,100.05,United States,--,USD,4.08,4.89,1,2031-04-15,4.9,4.12,,4.89,4.12,4.89,USD,2024-03-21,2024-03-21
NATWEST GROUP PLC,Banking,Fixed Income,9819471.67,0.02853,9819471.67,9877000,98.95,United Kingdom,--,USD,4.26,5.11,1,2032-06-18,4.98,4.28,,5.11,4.28,5.11,USD,2026-06-18,2026-06-18
BARCLAYS PLC,Banking,Fixed Income,9815638.45,0.02852,9815638.45,9422000,101.58,United Kingdom,--,USD,4.86,5.63,1,2033-08-09,5.75,4.93,,5.44,4.94,5.44,USD,2022-08-09,2022-08-09
NOVARTIS CAPITAL CORP,Consumer Non-Cyclical,Fixed Income,9815862.6,0.02852,9815862.6,10212000,94.67,Switzerland,--,USD,6.64,5.0,1,2034-09-18,4.2,6.68,,5.0,6.68,5.0,USD,2024-09-18,2024-09-18
VERIZON COMMUNICATIONS INC,Communications,Fixed Income,9813178.06,0.02851,9813178.06,10372000,93.78,United States,--,USD,11.03,6.31,1,2045-11-30,5.75,11.21,,6.31,11.21,6.31,USD,2025-11-24,2025-11-24
EMERSON ELECTRIC CO,Capital Goods,Fixed Income,9813443.22,0.02851,9813443.22,11181000,87.58,United States,--,USD,4.98,4.83,1,2031-12-21,2.2,4.98,,4.83,4.98,4.83,USD,2021-12-21,2021-12-21
PFIZER INC,Consumer Non-Cyclical,Fixed Income,9803543.03,0.02848,9803543.03,9964000,97.55,United States,--,USD,5.35,4.96,1,2032-11-15,4.5,5.38,,4.96,5.38,4.96,USD,2025-11-21,2025-11-21
PEPSICO INC,Consumer Non-Cyclical,Fixed Income,9800258.41,0.02847,9800258.41,10368000,93.58,United States,--,USD,3.37,4.68,1,2030-03-19,2.75,3.39,,4.68,3.39,4.68,USD,2020-03-19,2020-03-19
EASTMAN CHEMICAL COMPANY,Basic Industry,Fixed Income,9794532.9,0.02846,9794532.9,9533000,100.37,United States,--,USD,5.93,5.56,1,2034-02-20,5.63,5.97,,5.56,5.97,5.56,USD,2024-02-20,2024-02-20
GENERAL DYNAMICS CORPORATION,Capital Goods,Fixed Income,9796022.93,0.02846,9796022.93,10085000,96.02,United States,--,USD,3.33,4.81,1,2030-04-01,3.63,3.36,,4.81,3.36,4.81,USD,2020-03-25,2020-03-25
ELI LILLY AND COMPANY,Consumer Non-Cyclical,Fixed Income,9796309.43,0.02846,9796309.43,9584000,99.95,United States,--,USD,6.66,5.11,1,2035-02-12,5.1,6.71,,5.11,6.71,5.11,USD,2025-02-12,2025-02-12
TOTALENERGIES CAPITAL USA LLC,Energy,Fixed Income,9797760.89,0.02846,9797760.89,10032000,97.56,France,--,USD,4.01,4.86,1,2031-01-13,4.25,4.02,,4.86,4.02,4.86,USD,2026-01-13,2026-01-13
ARCELORMITTAL SA,Basic Industry,Fixed Income,9791547.98,0.02845,9791547.98,9975000,97.22,Luxembourg,--,USD,7.42,5.75,1,2036-05-19,5.38,7.44,,5.75,7.44,5.75,USD,2026-05-19,2026-05-19
LLOYDS BANKING GROUP PLC MTN,Banking,Fixed Income,9787226.46,0.02843,9787226.46,10014000,95.18,United Kingdom,--,USD,10.51,6.06,1,2047-02-10,5.67,11.22,,6.06,11.21,6.06,USD,2026-02-10,2026-02-10
PEPSICO INC,Consumer Non-Cyclical,Fixed Income,9783288.13,0.02842,9783288.13,11168000,87.11,United States,--,USD,4.85,4.75,1,2031-10-21,1.95,4.85,,4.75,4.85,4.75,USD,2021-10-21,2021-10-21
CANADIAN IMPERIAL (FX-FRN),Banking,Fixed Income,9778734.61,0.02841,9778734.61,9699000,100.69,Canada,--,USD,3.13,4.97,1,2031-01-13,5.25,3.14,,4.97,3.14,4.97,USD,2025-01-13,2025-01-13
QUALCOMM INCORPORATED,Technology,Fixed Income,9779337.07,0.02841,9779337.07,10717000,90.88,United States,--,USD,3.58,4.78,1,2030-05-20,2.15,3.59,,4.78,3.59,4.78,USD,2020-05-08,2020-05-08
BHP BILLITON FINANCE (USA) LTD,Basic Industry,Fixed Income,9771703.03,0.02839,9771703.03,9506000,100.84,Australia,--,USD,5.73,5.14,1,2033-09-08,5.25,5.78,,5.14,5.61,5.14,USD,2023-09-08,2023-09-08
HONEYWELL INTERNATIONAL INC,Capital Goods,Fixed Income,9767907.2,0.02838,9767907.2,10817000,90.03,United States,--,USD,3.64,4.81,1,2030-06-01,1.95,3.63,,4.81,3.63,4.81,USD,2020-05-18,2020-05-18
DOW CHEMICAL CO,Basic Industry,Fixed Income,9770222.64,0.02838,9770222.64,12186000,79.36,United States,--,USD,10.66,6.44,1,2042-11-15,4.38,10.73,,6.44,10.73,6.44,USD,2012-11-14,2012-11-14
XCEL ENERGY INC,Electric,Fixed Income,9762729.27,0.02836,9762729.27,9488000,100.52,United States,--,USD,5.55,5.36,1,2033-08-15,5.45,5.67,,5.35,5.34,5.35,USD,2023-08-03,2023-08-03
VERIZON COMMUNICATIONS INC,Communications,Fixed Income,9757055.27,0.02835,9757055.27,17810000,54.27,United States,--,USD,15.88,6.25,1,2060-11-20,3.0,16.14,,6.25,16.14,6.25,USD,2020-11-20,2020-11-20
FLORIDA POWER & LIGHT CO,Electric,Fixed Income,9745009.34,0.02831,9745009.34,10157000,92.41,United States,--,USD,14.22,6.11,1,2066-02-15,5.6,14.5,,6.11,14.5,6.11,USD,2025-12-05,2025-12-05
CONOCOPHILLIPS CO,Energy,Fixed Income,9745475.01,0.02831,9745475.01,9574000,100.01,United States,--,USD,5.78,5.05,1,2033-09-15,5.05,5.84,,5.05,5.84,5.05,USD,2023-08-17,2023-08-17
THERMO FISHER SCIENTIFIC INC,Consumer Non-Cyclical,Fixed Income,9729091.68,0.02827,9729091.68,9805000,97.35,United States,--,USD,4.01,4.87,1,2031-02-12,4.21,4.01,,4.87,4.01,4.87,USD,2026-02-12,2026-02-12
APPLE INC,Technology,Fixed Income,9726121.78,0.02826,9726121.78,9852000,97.86,United States,--,USD,5.71,4.67,1,2033-05-10,4.3,5.77,,4.67,5.77,4.67,USD,2023-05-10,2023-05-10
T-MOBILE USA INC,Communications,Fixed Income,9728275.28,0.02826,9728275.28,10234000,94.97,United States,--,USD,6.83,5.45,1,2035-01-15,4.7,6.85,,5.45,6.85,5.45,USD,2024-09-26,2024-09-26
ELI LILLY AND COMPANY,Consumer Non-Cyclical,Fixed Income,9728829.82,0.02826,9728829.82,9958000,95.25,United States,--,USD,13.34,5.84,1,2055-02-12,5.5,13.63,,5.84,13.63,5.84,USD,2025-02-12,2025-02-12
TRANSCONTINENTAL GAS PIPE LINE COM,Energy,Fixed Income,9722255.78,0.02825,9722255.78,9823000,97.18,United States,--,USD,7.34,5.48,1,2036-03-15,5.1,7.37,,5.48,7.37,5.48,USD,2026-03-15,2026-04-06
SOLVENTUM CORP,Consumer Non-Cyclical,Fixed Income,9723996.79,0.02825,9723996.79,10060000,95.32,United States,--,USD,12.8,6.26,1,2054-04-30,5.9,13.06,,6.26,13.06,6.26,USD,2024-10-30,2024-12-31
BP CAPITAL MARKETS AMERICA INC,Energy,Fixed Income,9724821.58,0.02825,9724821.58,10839000,88.93,United States,--,USD,3.8,4.79,1,2030-08-10,1.75,3.79,,4.79,3.79,4.79,USD,2020-08-10,2020-08-10
MICROSOFT CORPORATION,Technology,Fixed Income,9715720.9,0.02823,9715720.9,16754000,56.93,United States,--,USD,16.21,5.97,1,2062-03-17,3.04,16.49,,5.97,16.49,5.97,USD,2021-03-17,2021-03-17
ENBRIDGE INC,Energy,Fixed Income,9712151.66,0.02822,9712151.66,9657000,99.02,Canada,--,USD,4.06,5.09,1,2031-03-27,4.85,4.07,,5.09,4.07,5.09,USD,2026-03-27,2026-03-27
CHUBB INA HOLDINGS LLC,Insurance,Fixed Income,9712398.07,0.02822,9712398.07,9680000,99.42,United States,--,USD,7.47,5.38,1,2036-05-20,5.3,7.51,,5.38,7.51,5.38,USD,2026-05-20,2026-05-20
ELI LILLY AND COMPANY,Consumer Non-Cyclical,Fixed Income,9706786.67,0.0282,9706786.67,11101000,85.45,United States,--,USD,14.71,5.93,1,2063-02-27,4.95,15.0,,5.93,15.0,5.93,USD,2023-02-27,2023-02-27
CHARTER COMMUNICATIONS OPERATING L,Communications,Fixed Income,9703668.02,0.02819,9703668.02,12715000,74.7,United States,--,USD,11.89,7.44,1,2053-04-01,5.25,12.06,,7.44,12.06,7.44,USD,2022-03-15,2022-03-15
GLOBAL PAYMENTS INC,Technology,Fixed Income,9704489.09,0.02819,9704489.09,10562000,91.34,United States,--,USD,3.52,5.44,1,2030-05-15,2.9,3.51,,5.44,3.51,5.44,USD,2020-05-15,2020-05-15
TAKEOFF MERGER SUB INC 144A,Finance Companies,Fixed Income,9700725.11,0.02818,9700725.11,9730000,98.11,United States,--,USD,4.05,5.31,1,2031-03-24,4.85,4.06,,5.31,4.06,5.31,USD,2026-03-24,2026-03-24
ENTERPRISE PRODUCTS OPERATING LLC,Energy,Fixed Income,9696009.49,0.02817,9696009.49,10431000,90.73,United States,--,USD,11.08,5.93,1,2045-02-15,5.1,11.25,,5.93,11.25,5.93,USD,2014-02-12,2014-02-12
INTERNATIONAL BUSINESS MACHINES CO,Technology,Fixed Income,9683323.63,0.02813,9683323.63,9681000,97.68,United States,--,USD,6.62,5.54,1,2035-02-10,5.2,6.64,,5.54,6.64,5.54,USD,2025-02-10,2025-02-10
NOMURA HOLDINGS INC,Brokerage/Asset Managers/Exchanges,Fixed Income,9678288.53,0.02812,9678288.53,9770000,98.72,Japan,--,USD,7.57,5.72,1,2036-07-14,5.54,7.54,,5.72,7.54,5.72,USD,2026-06-30,2026-06-30
JOHNSON & JOHNSON,Consumer Non-Cyclical,Fixed Income,9680790.71,0.02812,9680790.71,9422000,100.79,United States,--,USD,6.74,4.89,1,2035-03-01,5.0,6.81,,4.88,6.65,4.88,USD,2025-02-20,2025-02-20
BROADCOM INC,Technology,Fixed Income,9674347.15,0.02811,9674347.15,10409000,92.83,United States,--,USD,13.36,6.23,1,2056-01-15,5.7,13.63,,6.23,13.63,6.23,USD,2026-01-13,2026-01-13
GILEAD SCIENCES INC,Consumer Non-Cyclical,Fixed Income,9677328.25,0.02811,9677328.25,9681000,99.16,United States,--,USD,9.95,5.73,1,2041-12-01,5.65,10.07,,5.73,10.07,5.73,USD,2011-12-13,2011-12-13
ELEVANCE HEALTH INC,Insurance,Fixed Income,9671172.27,0.0281,9671172.27,12153000,78.96,United States,--,USD,12.37,6.16,1,2047-12-01,4.38,12.59,,6.16,12.59,6.16,USD,2017-11-21,2017-11-21
COMCAST CORPORATION,Communications,Fixed Income,9662315.71,0.02807,9662315.71,11802000,80.85,United States,--,USD,13.37,6.94,1,2064-05-15,5.5,13.6,,6.94,13.6,6.94,USD,2023-05-09,2023-05-09
WALT DISNEY CO,Communications,Fixed Income,9663088.14,0.02807,9663088.14,9938000,95.18,United States,--,USD,7.49,5.27,1,2036-03-14,4.63,7.48,,5.27,7.48,5.27,USD,2026-02-12,2026-02-12
LLOYDS BANKING GROUP PLC,Banking,Fixed Income,9658785.09,0.02806,9658785.09,9520000,100.59,United Kingdom,--,USD,6.58,5.48,1,2035-11-26,5.59,6.55,,5.48,6.55,5.48,USD,2024-11-26,2024-11-26
FLORIDA POWER & LIGHT CO,Electric,Fixed Income,9652906.63,0.02804,9652906.63,9489000,100.15,United States,--,USD,5.47,5.07,1,2033-04-01,5.1,5.53,,5.07,5.53,5.07,USD,2023-03-03,2023-03-03
SANTANDER HOLDINGS USA INC,Banking,Fixed Income,9648027.09,0.02803,9648027.09,9705000,98.73,United States,--,USD,4.19,5.43,1,2032-06-05,5.22,4.21,,5.43,4.21,5.43,USD,2026-06-05,2026-06-05
DIAMONDBACK ENERGY INC,Energy,Fixed Income,9643147.68,0.02802,9643147.68,10008000,95.86,United States,--,USD,3.08,4.85,1,2029-12-01,3.5,3.1,,4.85,3.1,4.85,USD,2019-12-05,2019-12-05
NOVARTIS CAPITAL CORP,Consumer Non-Cyclical,Fixed Income,9639409.34,0.028,9639409.34,9674000,97.71,Switzerland,--,USD,11.28,5.8,1,2046-03-18,5.6,11.5,,5.8,11.5,5.8,USD,2026-03-18,2026-03-18
MARATHON PETROLEUM CORP,Energy,Fixed Income,9632995.98,0.02799,9632995.98,8943000,105.17,United States,--,USD,9.16,5.96,1,2041-03-01,6.5,9.28,,5.95,9.08,5.95,USD,2011-09-01,2011-11-14
DELL INTERNATIONAL LLC,Technology,Fixed Income,9630259.76,0.02798,9630259.76,9886000,96.89,United States,--,USD,7.92,5.65,1,2037-02-15,5.25,7.93,,5.65,7.93,5.65,USD,2026-06-16,2026-06-16
CSX CORP,Transportation,Fixed Income,9622476.56,0.02796,9622476.56,9969000,95.76,United States,--,USD,5.39,4.89,1,2032-11-15,4.1,5.43,,4.89,5.43,4.89,USD,2022-07-28,2022-07-28
LOCKHEED MARTIN CORPORATION,Capital Goods,Fixed Income,9615655.95,0.02794,9615655.95,11027000,86.33,United States,--,USD,11.85,5.88,1,2046-05-15,4.7,12.06,,5.88,12.06,5.88,USD,2015-11-23,2015-11-23
PROCTER & GAMBLE CO,Consumer Non-Cyclical,Fixed Income,9608622.84,0.02792,9608622.84,9719000,96.88,United States,--,USD,5.54,4.61,1,2033-01-26,4.05,5.53,,4.61,5.53,4.61,USD,2023-01-26,2023-01-26
T-MOBILE USA INC,Communications,Fixed Income,9603787.79,0.0279,9603787.79,10987000,86.99,United States,--,USD,4.88,5.07,1,2031-11-15,2.25,4.87,,5.07,4.87,5.07,USD,2021-05-15,2021-05-21
ENERGY TRANSFER PARTNERS LP,Energy,Fixed Income,9604032.49,0.0279,9604032.49,10096000,94.51,United States,--,USD,11.51,6.47,1,2048-06-15,6.0,11.73,,6.47,11.73,6.47,USD,2018-06-08,2018-06-08
ELI LILLY AND COMPANY,Consumer Non-Cyclical,Fixed Income,9598306.25,0.02789,9598306.25,9694000,96.99,United States,--,USD,6.45,5.06,1,2034-08-14,4.6,6.5,,5.06,6.5,5.06,USD,2024-08-14,2024-08-14
S&P GLOBAL INC,Technology,Fixed Income,9600242.86,0.02789,9600242.86,9334000,101.0,United States,--,USD,5.74,5.08,1,2033-09-15,5.25,5.8,,5.08,5.63,5.08,USD,2024-03-15,2024-08-21
PNC FINANCIAL SERVICES GROUP INC (,Banking,Fixed Income,9601617.14,0.02789,9601617.14,9478000,98.8,United States,--,USD,5.26,5.32,1,2034-01-24,5.07,5.33,,5.29,5.34,5.29,USD,2023-01-24,2023-01-24
XCEL ENERGY INC,Electric,Fixed Income,9593943.66,0.02787,9593943.66,9397000,100.16,United States,--,USD,5.94,5.47,1,2034-03-15,5.5,6.06,,5.47,5.74,5.47,USD,2024-02-29,2024-02-29
GENERAL MOTORS FINANCIAL COMPANY I,Consumer Cyclical,Fixed Income,9584347.18,0.02784,9584347.18,10674000,89.71,United States,--,USD,4.92,5.29,1,2032-01-12,3.1,4.91,,5.29,4.91,5.29,USD,2022-01-11,2022-01-11
PAYCHEX INC,Technology,Fixed Income,9578763.51,0.02783,9578763.51,9467000,99.67,United States,--,USD,6.7,5.65,1,2035-04-15,5.6,6.73,,5.65,6.73,5.65,USD,2025-04-10,2025-04-10
NXP BV,Technology,Fixed Income,9575371.85,0.02782,9575371.85,10787000,87.61,United States,--,USD,5.0,5.24,1,2032-02-15,2.65,4.99,,5.24,4.99,5.24,USD,2022-02-15,2022-05-16
DELL INTERNATIONAL LLC,Technology,Fixed Income,9575903.46,0.02782,9575903.46,9690000,97.42,United States,--,USD,5.2,5.24,1,2032-10-06,4.75,5.22,,5.24,5.22,5.24,USD,2025-10-06,2025-10-06
APOLLO DEBT SOLUTIONS BDC,Finance Companies,Fixed Income,9570757.57,0.02781,9570757.57,9165000,101.21,United States,--,USD,4.07,6.41,1,2031-07-29,6.7,4.08,,6.41,3.97,6.41,USD,2025-01-29,2025-03-03
HP INC,Technology,Fixed Income,9571921.46,0.02781,9571921.46,10760000,88.7,United States,--,USD,4.49,5.3,1,2031-06-17,2.65,4.48,,5.3,4.48,5.3,USD,2021-12-17,2022-01-20
FORD MOTOR COMPANY,Consumer Cyclical,Fixed Income,9574055.48,0.02781,9574055.48,8895000,107.51,United States,--,USD,4.19,5.7,1,2031-07-16,7.45,4.16,,5.7,4.16,5.7,USD,1999-07-16,1999-07-16
WALT DISNEY CO,Communications,Fixed Income,9574077.38,0.02781,9574077.38,15697000,59.92,United States,--,USD,14.29,5.97,1,2049-09-01,2.75,14.5,,5.97,14.5,5.97,USD,2019-09-06,2019-09-06
BURLINGTON NORTHERN SANTA FE LLC,Transportation,Fixed Income,9562101.07,0.02778,9562101.07,9269000,101.87,United States,--,USD,9.25,5.55,1,2040-05-01,5.75,9.36,,5.55,9.13,5.55,USD,2010-05-17,2010-05-17
SUMITOMO MITSUI FINANCIAL GROUP IN,Banking,Fixed Income,9555862.61,0.02776,9555862.61,9402000,101.53,Japan,--,USD,6.71,5.43,1,2035-01-15,5.63,6.68,,5.43,6.68,5.43,USD,2025-01-15,2025-01-15
TIME WARNER CABLE LLC,Communications,Fixed Income,9552390.34,0.02775,9552390.34,11195000,83.17,United States,--,USD,9.34,7.36,1,2041-09-01,5.5,9.35,,7.36,9.35,7.36,USD,2011-09-12,2011-09-12
CUMMINS INC,Consumer Cyclical,Fixed Income,9549882.88,0.02774,9549882.88,9907000,94.09,United States,--,USD,13.16,5.89,1,2054-02-20,5.45,13.44,,5.89,13.44,5.89,USD,2024-02-20,2024-02-20
BRISTOL-MYERS SQUIBB CO,Consumer Non-Cyclical,Fixed Income,9544841.6,0.02773,9544841.6,9257000,100.98,United States,--,USD,3.93,4.86,1,2031-02-22,5.1,3.97,,4.85,3.84,4.85,USD,2024-02-22,2024-02-22
DOMINION ENERGY INC,Electric,Fixed Income,9546044.0,0.02773,9546044.0,9970000,94.71,United States,--,USD,3.35,4.96,1,2030-04-01,3.38,3.38,,4.96,3.38,4.96,USD,2020-04-03,2020-04-03
COCA-COLA CO,Consumer Non-Cyclical,Fixed Income,9538630.83,0.02771,9538630.83,10123000,93.21,United States,--,USD,13.54,5.79,1,2054-05-13,5.3,13.83,,5.79,13.83,5.79,USD,2024-05-13,2024-05-13
GILEAD SCIENCES INC,Consumer Non-Cyclical,Fixed Income,9530212.19,0.02769,9530212.19,9794000,95.5,United States,--,USD,7.1,5.23,1,2035-09-01,4.6,7.17,,5.23,7.17,5.23,USD,2015-09-14,2015-09-14
ELEVANCE HEALTH INC,Insurance,Fixed Income,9532535.96,0.02769,9532535.96,9890000,96.29,United States,--,USD,7.39,5.51,1,2036-01-15,5.0,7.41,,5.51,7.41,5.51,USD,2025-09-15,2025-09-15
AMERICAN INTERNATIONAL GROUP INC,Insurance,Fixed Income,9528542.21,0.02768,9528542.21,9429000,99.42,United States,--,USD,5.45,5.23,1,2033-03-27,5.13,5.5,,5.23,5.5,5.23,USD,2023-03-27,2023-03-27
ELEVANCE HEALTH INC,Insurance,Fixed Income,9529052.71,0.02768,9529052.71,10434000,90.91,United States,--,USD,3.56,4.89,1,2030-05-15,2.25,3.56,,4.89,3.56,4.89,USD,2020-05-05,2020-05-05
CONOCOPHILLIPS CO,Energy,Fixed Income,9519648.71,0.02766,9519648.71,10260000,92.68,United States,--,USD,13.47,6.04,1,2055-01-15,5.5,13.75,,6.04,13.75,6.04,USD,2024-12-05,2024-12-05
EOG RESOURCES INC,Energy,Fixed Income,9521189.39,0.02766,9521189.39,9537000,99.74,United States,--,USD,5.07,5.05,1,2032-07-15,5.0,5.11,,5.05,5.11,5.05,USD,2025-07-01,2025-07-01
APPLE INC,Technology,Fixed Income,9516049.01,0.02765,9516049.01,10708000,88.12,United States,--,USD,4.26,4.58,1,2031-02-08,1.65,4.25,,4.58,4.25,4.58,USD,2021-02-08,2021-02-08
COMCAST CORPORATION,Communications,Fixed Income,9512615.51,0.02764,9512615.51,15101000,61.35,United States,--,USD,13.03,6.75,1,2050-02-01,3.45,13.2,,6.75,13.2,6.75,USD,2019-11-05,2019-11-05
TORONTO-DOMINION BANK/THE MTN,Banking,Fixed Income,9512740.57,0.02764,9512740.57,9482000,99.67,Canada,--,USD,3.48,4.9,1,2030-06-03,4.81,3.46,,4.9,3.46,4.9,USD,2025-06-03,2025-06-03
UNITEDHEALTH GROUP INC,Insurance,Fixed Income,9513375.03,0.02764,9513375.03,9503000,100.02,United States,--,USD,3.15,4.79,1,2030-01-15,4.8,3.17,,4.79,3.17,4.79,USD,2024-07-25,2024-07-25
BAT CAPITAL CORP,Consumer Non-Cyclical,Fixed Income,9509168.67,0.02763,9509168.67,8996000,103.24,United Kingdom,--,USD,3.85,5.03,1,2031-02-20,5.83,3.9,,5.01,3.77,5.01,USD,2024-02-20,2024-02-20
ROYAL BANK OF CANADA (FX-FRN) MTN,Banking,Fixed Income,9509376.63,0.02763,9509376.63,9416000,99.89,Canada,--,USD,3.35,4.96,1,2031-05-02,4.97,3.37,,4.96,3.37,4.96,USD,2025-03-27,2025-03-27
SHELL FINANCE US INC,Energy,Fixed Income,9511744.26,0.02763,9511744.26,14035000,66.81,United States,--,USD,14.03,5.86,1,2050-04-06,3.25,14.27,,5.86,14.27,5.86,USD,2024-10-06,2024-10-08
ZOETIS INC,Consumer Non-Cyclical,Fixed Income,9502332.85,0.02761,9502332.85,10624000,87.21,United States,--,USD,10.57,5.92,1,2043-02-01,4.7,10.68,,5.92,10.68,5.92,USD,2013-08-01,2013-10-30
AMGEN INC,Consumer Non-Cyclical,Fixed Income,9505232.69,0.02761,9505232.69,12302000,75.94,United States,--,USD,10.2,5.72,1,2040-02-21,3.15,10.24,,5.72,10.24,5.72,USD,2020-02-21,2020-02-21
ELEVANCE HEALTH INC,Insurance,Fixed Income,9493936.49,0.02758,9493936.49,9417000,98.55,United States,--,USD,6.63,5.41,1,2035-02-15,5.2,6.67,,5.41,6.67,5.41,USD,2024-10-31,2024-10-31
ROYAL BANK OF CANADA MTN,Banking,Fixed Income,9489273.05,0.02757,9489273.05,9540000,99.3,Canada,--,USD,4.25,5.46,1,2032-08-05,4.95,4.29,,5.46,4.29,5.46,USD,2026-07-10,2026-07-10
AMGEN INC,Consumer Non-Cyclical,Fixed Income,9483361.68,0.02755,9483361.68,11580000,81.43,United States,--,USD,12.45,6.11,1,2048-06-15,4.56,12.68,,6.11,12.68,6.11,USD,2016-12-15,2017-01-10
COCA-COLA CO,Consumer Non-Cyclical,Fixed Income,9484573.28,0.02755,9484573.28,10903000,86.51,United States,--,USD,4.39,4.64,1,2031-03-15,1.38,4.38,,4.64,4.38,4.64,USD,2020-09-18,2020-09-18
INTERCONTINENTAL EXCHANGE INC,Brokerage/Asset Managers/Exchanges,Fixed Income,9475311.14,0.02753,9475311.14,13255000,70.55,United States,--,USD,10.85,5.71,1,2040-09-15,2.65,10.89,,5.71,10.89,5.71,USD,2020-08-20,2020-08-20
HOME DEPOT INC,Consumer Cyclical,Fixed Income,9472803.77,0.02752,9472803.77,13901000,67.24,United States,--,USD,13.89,5.94,1,2050-04-15,3.35,14.13,,5.94,14.13,5.94,USD,2020-03-30,2020-03-30
MIZUHO FINANCIAL GROUP INC,Banking,Fixed Income,9473261.06,0.02752,9473261.06,9567000,98.81,Japan,--,USD,6.86,5.5,1,2036-07-08,5.32,7.02,,5.5,7.02,5.5,USD,2025-07-08,2025-07-08
CONOCOPHILLIPS CO,Energy,Fixed Income,9474206.43,0.02752,9474206.43,9944000,93.32,United States,--,USD,13.03,6.05,1,2054-03-15,5.55,13.3,,6.05,13.3,6.05,USD,2023-08-17,2023-08-17
CANADIAN NATIONAL RAILWAY COMPANY,Transportation,Fixed Income,9459196.71,0.02748,9459196.71,9867000,94.08,Canada,--,USD,5.16,5.0,1,2032-08-05,3.85,5.19,,5.0,5.19,5.0,USD,2022-08-05,2022-08-05
MASTERCARD INC,Technology,Fixed Income,9455897.33,0.02747,9455897.33,9473000,98.83,United States,--,USD,6.29,5.06,1,2034-05-09,4.88,6.35,,5.06,6.35,5.06,USD,2024-05-09,2024-05-09
BAXTER INTERNATIONAL INC,Consumer Non-Cyclical,Fixed Income,9447987.31,0.02745,9447987.31,9623000,97.6,United States,--,USD,7.13,5.99,1,2035-12-15,5.65,7.13,,5.99,7.13,5.99,USD,2025-12-04,2025-12-04
QUANTA SERVICES INC.,Industrial Other,Fixed Income,9448243.59,0.02745,9448243.59,10140000,92.28,United States,--,USD,3.83,4.96,1,2030-10-01,2.9,3.83,,4.96,3.83,4.96,USD,2020-09-22,2020-09-22
AT&T INC,Communications,Fixed Income,9444792.59,0.02744,9444792.59,9839000,94.56,United States,--,USD,13.54,6.69,1,2066-10-30,6.3,13.79,,6.69,13.79,6.69,USD,2026-04-30,2026-04-30
AT&T INC,Communications,Fixed Income,9445692.46,0.02744,9445692.46,14751000,63.49,United States,--,USD,14.59,6.54,1,2060-06-01,3.85,14.84,,6.54,14.84,6.54,USD,2020-05-28,2020-05-28
AMERICAN HONDA FINANCE CORPORATION,Consumer Cyclical,Fixed Income,9442454.57,0.02743,9442454.57,9497000,99.24,United States,--,USD,5.08,5.3,1,2032-07-09,5.15,5.06,,5.3,5.06,5.3,USD,2025-07-10,2025-07-10
BOEING CO,Capital Goods,Fixed Income,9443194.19,0.02743,9443194.19,10561000,88.61,United States,--,USD,6.53,5.41,1,2034-05-01,3.6,6.54,,5.41,6.54,5.41,USD,2019-05-02,2019-05-02
NXP BV,Technology,Fixed Income,9436524.38,0.02742,9436524.38,9580000,98.41,United States,--,USD,5.42,5.29,1,2033-01-15,5.0,5.46,,5.29,5.46,5.29,USD,2022-05-16,2022-05-16
GENERAL ELECTRIC CO,Capital Goods,Fixed Income,9436672.61,0.02742,9436672.61,9406000,97.97,United States,--,USD,7.29,5.17,1,2036-01-29,4.9,7.33,,5.17,7.33,5.17,USD,2025-07-29,2025-07-29
NEXTERA ENERGY CAPITAL HOLDINGS IN,Electric,Fixed Income,9439586.35,0.02742,9439586.35,9484000,99.43,United States,--,USD,5.05,5.11,1,2032-07-15,5.0,5.1,,5.11,5.1,5.11,USD,2022-06-23,2022-06-23
TOTALENERGIES CAPITAL INTERNATIONA,Energy,Fixed Income,9424604.47,0.02738,9424604.47,10011000,94.05,France,--,USD,3.23,4.71,1,2030-01-10,2.83,3.24,,4.71,3.24,4.71,USD,2019-07-10,2019-07-10
ELI LILLY AND COMPANY,Consumer Non-Cyclical,Fixed Income,9425583.89,0.02738,9425583.89,9492000,97.98,United States,--,USD,7.19,5.18,1,2035-10-15,4.9,7.23,,5.18,7.23,5.18,USD,2025-08-20,2025-08-20
AIR PRODUCTS AND CHEMICALS INC,Basic Industry,Fixed Income,9422499.7,0.02737,9422499.7,9367000,98.38,United States,--,USD,6.05,5.11,1,2034-02-08,4.85,6.1,,5.11,6.1,5.11,USD,2024-02-08,2024-02-08
WALMART INC,Consumer Cyclical,Fixed Income,9410522.92,0.02734,9410522.92,9508000,98.03,United States,--,USD,4.22,4.61,1,2031-04-30,4.15,4.24,,4.61,4.24,4.61,USD,2026-04-30,2026-04-30
MOTOROLA SOLUTIONS INC,Technology,Fixed Income,9406304.58,0.02733,9406304.58,9319000,99.48,United States,--,USD,6.12,5.48,1,2034-04-15,5.4,6.16,,5.48,6.16,5.48,USD,2024-03-25,2024-03-25
VODAFONE GROUP PLC,Communications,Fixed Income,9408516.88,0.02733,9408516.88,10721000,87.0,United Kingdom,--,USD,11.94,6.36,1,2048-05-30,5.25,12.1,,6.36,12.1,6.36,USD,2018-05-30,2018-05-30
INTEL CORPORATION,Technology,Fixed Income,9402445.02,0.02732,9402445.02,9758000,93.83,United States,--,USD,10.07,6.23,1,2043-02-10,5.63,10.18,,6.23,10.18,6.23,USD,2023-02-10,2023-02-10
SOUTH BOW USA INFRASTRUCTURE HOLDI,Energy,Fixed Income,9402968.97,0.02732,9402968.97,9376000,98.57,Canada,--,USD,6.35,5.8,1,2034-10-01,5.58,6.37,,5.8,6.37,5.8,USD,2025-04-01,2025-08-08
KENVUE INC,Consumer Non-Cyclical,Fixed Income,9403790.45,0.02732,9403790.45,9343000,99.02,United States,--,USD,5.47,5.07,1,2033-03-22,4.9,5.53,,5.07,5.53,5.07,USD,2023-09-22,2023-10-17
AMGEN INC,Consumer Non-Cyclical,Fixed Income,9405259.16,0.02732,9405259.16,10428000,89.25,United States,--,USD,4.22,4.94,1,2031-02-25,2.3,4.22,,4.94,4.22,4.94,USD,2020-05-06,2020-05-06
COOPERATIEVE RABOBANK UA,Banking,Fixed Income,9400720.59,0.02731,9400720.59,9608000,97.03,Netherlands,--,USD,10.6,6.03,1,2043-12-01,5.75,10.69,,6.03,10.69,6.03,USD,2013-11-29,2013-11-29
HEWLETT PACKARD ENTERPRISE CO,Technology,Fixed Income,9398102.49,0.0273,9398102.49,9398000,98.69,United States,--,USD,4.47,5.14,1,2031-10-15,4.85,4.5,,5.14,4.5,5.14,USD,2024-09-26,2024-09-26
VERIZON COMMUNICATIONS INC,Communications,Fixed Income,9392493.19,0.02729,9392493.19,10170000,90.66,United States,--,USD,9.01,5.87,1,2039-03-15,4.81,9.0,,5.87,9.0,5.87,USD,2017-02-03,2017-07-06
HCA INC,Consumer Non-Cyclical,Fixed Income,9392790.93,0.02729,9392790.93,9188000,100.5,United States,--,USD,6.05,5.52,1,2034-04-01,5.6,6.08,,5.52,6.08,5.52,USD,2024-02-23,2024-02-23
HEWLETT PACKARD ENTERPRISE CO,Technology,Fixed Income,9381513.03,0.02726,9381513.03,9493000,97.64,United States,--,USD,3.75,5.02,1,2030-10-15,4.4,3.76,,5.02,3.76,5.02,USD,2025-09-15,2025-09-15
ARCHER DANIELS MIDLAND CO,Consumer Non-Cyclical,Fixed Income,9380571.38,0.02725,9380571.38,9787000,94.81,United States,--,USD,3.35,4.8,1,2030-03-27,3.25,3.37,,4.8,3.37,4.8,USD,2020-03-27,2020-03-27
NVIDIA CORPORATION,Technology,Fixed Income,9380771.38,0.02725,9380771.38,9891000,93.96,United States,--,USD,3.39,4.65,1,2030-04-01,2.85,3.41,,4.65,3.41,4.65,USD,2020-03-31,2020-03-31
MIZUHO FINANCIAL GROUP INC,Banking,Fixed Income,9375216.35,0.02724,9375216.35,9143000,102.28,Japan,--,USD,5.59,5.45,1,2034-07-06,5.75,5.68,,5.38,5.68,5.38,USD,2023-07-06,2023-07-06
HSBC HOLDINGS PLC,Banking,Fixed Income,9357388.72,0.02719,9357388.72,8625000,107.05,United Kingdom,--,USD,7.2,5.55,1,2036-05-02,6.5,7.18,,5.55,7.18,5.55,USD,2006-05-03,2006-05-03
METLIFE INC,Insurance,Fixed Income,9354578.25,0.02718,9354578.25,8704000,106.82,United States,--,USD,6.2,5.31,1,2034-06-15,6.38,6.18,,5.31,6.18,5.31,USD,2004-06-03,2004-06-03
HONEYWELL AEROSPACE INC 144A,Capital Goods,Fixed Income,9347205.41,0.02716,9347205.41,9527000,96.15,United States,--,USD,11.19,5.96,1,2046-03-16,5.62,11.4,,5.96,11.4,5.96,USD,2026-03-16,2026-03-16
CIGNA GROUP,Consumer Non-Cyclical,Fixed Income,9341975.11,0.02714,9341975.11,10362000,89.32,United States,--,USD,4.27,4.98,1,2031-03-15,2.38,4.27,,4.98,4.27,4.98,USD,2021-03-03,2021-03-03
MARSH & MCLENNAN COMPANIES INC,Insurance,Fixed Income,9338908.11,0.02713,9338908.11,9338000,99.11,United States,--,USD,4.56,5.04,1,2031-11-15,4.85,4.59,,5.04,4.59,5.04,USD,2024-11-08,2024-11-08
DUKE ENERGY CORP,Electric,Fixed Income,9335092.41,0.02712,9335092.41,9524000,96.27,United States,--,USD,7.08,5.47,1,2035-09-15,4.95,7.1,,5.47,7.1,5.47,USD,2025-09-11,2025-09-11
THERMO FISHER SCIENTIFIC INC,Consumer Non-Cyclical,Fixed Income,9329844.57,0.02711,9329844.57,9467000,97.25,United States,--,USD,5.25,4.99,1,2032-10-07,4.47,5.27,,4.99,5.27,4.99,USD,2025-10-07,2025-10-07
MSCI INC,Technology,Fixed Income,9330304.56,0.02711,9330304.56,9510000,96.05,United States,--,USD,6.96,5.81,1,2035-09-01,5.25,6.96,,5.81,6.96,5.81,USD,2025-08-08,2025-08-08
WESTPAC BANKING CORPORATION (NEW Y MTN,Banking,Fixed Income,9327679.97,0.0271,9327679.97,9414000,98.59,Australia,--,USD,4.33,4.82,1,2031-06-12,4.45,4.32,,4.82,4.32,4.82,USD,2026-05-14,2026-05-14
AERCAP IRELAND CAPITAL DAC,Finance Companies,Fixed Income,9324772.18,0.02709,9324772.18,9527000,96.06,Ireland,--,USD,6.44,5.56,1,2034-09-10,4.95,6.46,,5.56,6.46,5.56,USD,2024-09-10,2024-09-10
BAKER HUGHES HOLDINGS LLC,Energy,Fixed Income,9321152.13,0.02708,9321152.13,9759000,93.71,United States,--,USD,9.59,5.78,1,2040-09-15,5.13,9.62,,5.78,9.62,5.78,USD,2010-08-24,2010-08-24
TELEFONICA EMISIONES SAU,Communications,Fixed Income,9318869.99,0.02707,9318869.99,10269000,88.59,Spain,--,USD,11.68,6.49,1,2049-03-01,5.52,11.89,,6.49,11.89,6.49,USD,2019-03-01,2019-03-01
TELEFONICA EMISIONES SAU,Communications,Fixed Income,9319367.62,0.02707,9319367.62,11163000,81.64,Spain,--,USD,11.83,6.49,1,2048-03-06,4.89,11.98,,6.49,11.98,6.49,USD,2018-03-06,2018-03-06
ALPHABET INC,Technology,Fixed Income,9314000.46,0.02706,9314000.46,19390000,47.05,United States,--,USD,17.42,5.85,1,2060-08-15,2.25,17.69,,5.85,17.69,5.85,USD,2020-08-05,2020-08-05
NXP BV,Technology,Fixed Income,9309541.07,0.02705,9309541.07,9768000,94.54,United States,--,USD,3.43,5.0,1,2030-05-01,3.4,3.45,,5.0,3.45,5.0,USD,2022-05-01,2022-05-16
LOWES COMPANIES INC,Consumer Cyclical,Fixed Income,9302853.71,0.02703,9302853.71,9302000,99.71,United States,--,USD,5.7,5.2,1,2033-07-01,5.15,5.76,,5.2,5.76,5.2,USD,2023-03-30,2023-03-30
SIMON PROPERTY GROUP LP,Reits,Fixed Income,9304857.47,0.02703,9304857.47,9538000,96.03,United States,--,USD,6.53,5.36,1,2034-09-26,4.75,6.56,,5.36,6.56,5.36,USD,2024-09-26,2024-09-26
SALESFORCE INC,Technology,Fixed Income,9304893.66,0.02703,9304893.66,16701000,55.66,United States,--,USD,14.44,6.52,1,2051-07-15,2.9,14.63,,6.52,14.63,6.52,USD,2021-07-12,2021-07-12
QUALCOMM INCORPORATED,Technology,Fixed Income,9305246.16,0.02703,9305246.16,9329000,98.71,United States,--,USD,12.77,6.1,1,2053-05-20,6.0,13.03,,6.1,13.03,6.1,USD,2022-11-09,2022-11-09
JOHNSON & JOHNSON,Consumer Non-Cyclical,Fixed Income,9292724.18,0.027,9292724.18,10379000,88.13,United States,--,USD,8.35,5.08,1,2037-03-03,3.63,8.42,,5.08,8.42,5.08,USD,2017-03-03,2017-03-03
EXELON CORPORATION,Electric,Fixed Income,9294075.46,0.027,9294075.46,9901000,91.89,United States,--,USD,12.67,6.23,1,2053-03-15,5.6,12.93,,6.23,12.93,6.23,USD,2023-02-21,2023-02-21
WESTPAC BANKING CORP,Banking,Fixed Income,9294649.92,0.027,9294649.92,8530000,107.73,Australia,--,USD,5.75,5.56,1,2033-11-17,6.82,5.72,,5.56,5.72,5.56,USD,2023-11-17,2023-11-17
CBRE SERVICES INC,Consumer Cyclical,Fixed Income,9289929.8,0.02699,9289929.8,8824000,102.69,United States,--,USD,6.17,5.53,1,2034-08-15,5.95,6.21,,5.52,6.06,5.52,USD,2023-06-23,2023-06-23
EATON CORPORATION,Capital Goods,Fixed Income,9291227.3,0.02699,9291227.3,11017000,83.41,United States,--,USD,11.01,5.73,1,2042-11-02,4.15,11.08,,5.73,11.08,5.73,USD,2013-11-02,2013-11-07
GENERAL MOTORS FINANCIAL COMPANY I,Consumer Cyclical,Fixed Income,9287892.32,0.02698,9287892.32,9773000,94.73,United States,--,USD,3.56,5.1,1,2030-06-21,3.6,3.58,,5.1,3.58,5.1,USD,2020-06-22,2020-06-22
CVS HEALTH CORP,Consumer Non-Cyclical,Fixed Income,9274952.45,0.02695,9274952.45,9520000,96.57,United States,--,USD,12.77,6.31,1,2054-06-01,6.05,13.03,,6.31,13.03,6.31,USD,2024-05-09,2024-05-09
ARES CAPITAL CORPORATION,Finance Companies,Fixed Income,9278063.48,0.02695,9278063.48,9221000,98.46,United States,--,USD,3.56,5.92,1,2030-09-01,5.5,3.55,,5.92,3.55,5.92,USD,2025-06-03,2025-06-03
WILLIAMS COMPANIES INC,Energy,Fixed Income,9272417.73,0.02694,9272417.73,10316000,88.08,United States,--,USD,11.2,6.17,1,2045-09-15,5.1,11.37,,6.17,11.37,6.17,USD,2015-03-03,2015-03-03
UNITEDHEALTH GROUP INC,Insurance,Fixed Income,9272680.21,0.02694,9272680.21,12508000,73.57,United States,--,USD,10.99,5.72,1,2041-05-15,3.05,11.06,,5.72,11.06,5.72,USD,2021-05-19,2021-05-19
DUKE ENERGY CAROLINAS LLC,Electric,Fixed Income,9270542.75,0.02693,9270542.75,9394000,98.01,United States,--,USD,7.57,5.41,1,2036-06-15,5.15,7.6,,5.41,7.6,5.41,USD,2026-06-05,2026-06-05
ELI LILLY AND COMPANY,Consumer Non-Cyclical,Fixed Income,9264388.72,0.02692,9264388.72,9510000,95.92,United States,--,USD,13.57,5.84,1,2055-10-15,5.55,13.86,,5.84,13.86,5.84,USD,2025-08-20,2025-08-20
HOME DEPOT INC,Consumer Cyclical,Fixed Income,9265690.08,0.02692,9265690.08,9283000,98.23,United States,--,USD,5.16,4.84,1,2032-09-15,4.5,5.22,,4.84,5.22,4.84,USD,2022-09-19,2022-09-19
SOUTHERN CALIFORNIA EDISON COMPANY,Electric,Fixed Income,9259575.3,0.0269,9259575.3,8858000,103.19,United States,--,USD,5.08,5.34,1,2032-11-01,5.95,5.14,,5.32,4.97,5.32,USD,2022-11-08,2022-11-08
FLORIDA POWER & LIGHT CO,Electric,Fixed Income,9260279.19,0.0269,9260279.19,9444000,97.22,United States,--,USD,14.57,6.09,1,2066-06-01,5.9,14.87,,6.09,14.87,6.09,USD,2026-06-01,2026-06-01
ASTRAZENECA FINANCE LLC,Consumer Non-Cyclical,Fixed Income,9254248.29,0.02689,9254248.29,9040000,100.38,United Kingdom,--,USD,3.95,4.81,1,2031-02-26,4.9,3.99,,4.81,3.86,4.81,USD,2024-02-26,2024-02-26
BRISTOL-MYERS SQUIBB CO,Consumer Non-Cyclical,Fixed Income,9256523.6,0.02689,9256523.6,8709000,103.56,United States,--,USD,3.81,4.86,1,2031-02-01,5.75,3.86,,4.84,3.73,4.84,USD,2023-11-13,2023-11-13
ABBVIE INC,Consumer Non-Cyclical,Fixed Income,9253851.58,0.02688,9253851.58,9069000,100.32,United States,--,USD,3.22,4.78,1,2030-03-15,4.88,3.25,,4.78,3.25,4.78,USD,2025-02-26,2025-02-26
MOLSON COORS BEVERAGE CO,Consumer Non-Cyclical,Fixed Income,9247179.51,0.02687,9247179.51,9291000,98.69,United States,--,USD,7.49,5.67,1,2036-07-08,5.5,7.51,,5.67,7.51,5.67,USD,2026-05-27,2026-05-27
MERCK & CO INC,Consumer Non-Cyclical,Fixed Income,9250222.5,0.02687,9250222.5,10461000,88.31,United States,--,USD,3.73,4.75,1,2030-06-24,1.45,3.73,,4.75,3.73,4.75,USD,2020-06-24,2020-06-24
TIME WARNER CABLE LLC,Communications,Fixed Income,9245359.9,0.02686,9245359.9,10471000,87.2,United States,--,USD,9.07,7.33,1,2040-11-15,5.88,9.07,,7.33,9.07,7.33,USD,2010-11-15,2010-11-15
BANK OF AMERICA CORP,Banking,Fixed Income,9238973.01,0.02684,9238973.01,14785000,62.48,United States,--,USD,13.7,5.83,1,2052-07-21,2.97,15.15,,5.83,15.15,5.83,USD,2021-07-21,2021-07-21
INTERNATIONAL BUSINESS MACHINES CO,Technology,Fixed Income,9231588.52,0.02682,9231588.52,9077000,99.54,United States,--,USD,3.15,4.94,1,2030-02-10,4.8,3.16,,4.94,3.16,4.94,USD,2025-02-10,2025-02-10
CHENIERE ENERGY INC 144A,Energy,Fixed Income,9223749.87,0.0268,9223749.87,9341000,96.97,United States,--,USD,7.48,5.6,1,2036-07-30,5.2,7.54,,5.6,7.54,5.6,USD,2026-03-19,2026-03-19
MPLX LP,Energy,Fixed Income,9220296.16,0.02679,9220296.16,9611000,94.1,United States,--,USD,12.74,6.4,1,2055-04-01,5.95,12.99,,6.4,12.99,6.4,USD,2025-03-10,2025-03-10
KEURIG DR PEPPER INC,Consumer Non-Cyclical,Fixed Income,9221117.6,0.02679,9221117.6,9788000,93.49,United States,--,USD,3.45,5.12,1,2030-05-01,3.2,3.46,,5.12,3.46,5.12,USD,2020-04-13,2020-04-13
HCA INC,Consumer Non-Cyclical,Fixed Income,9217773.14,0.02678,9217773.14,9343000,97.52,United States,--,USD,5.61,5.44,1,2033-05-15,5.0,5.63,,5.44,5.63,5.44,USD,2026-04-30,2026-04-30
UBER TECHNOLOGIES INC,Consumer Cyclical,Fixed Income,9213167.14,0.02677,9213167.14,10156000,88.83,United States,--,USD,13.09,6.19,1,2054-09-15,5.35,13.35,,6.19,13.35,6.19,USD,2024-09-09,2024-09-09
CIGNA GROUP,Consumer Non-Cyclical,Fixed Income,9206914.76,0.02675,9206914.76,13682000,66.09,United States,--,USD,13.92,6.07,1,2051-03-15,3.4,14.16,,6.07,14.16,6.07,USD,2021-03-03,2021-03-03
MORGAN STANLEY MTN,Banking,Fixed Income,9208374.05,0.02675,9208374.05,15152000,59.4,United States,--,USD,13.03,5.96,1,2052-01-25,2.8,14.77,,5.96,14.76,5.96,USD,2021-01-25,2021-01-25
VERIZON COMMUNICATIONS INC,Communications,Fixed Income,9202369.59,0.02674,9202369.59,10479000,87.3,United States,--,USD,3.93,4.92,1,2030-09-18,1.5,3.92,,4.92,3.92,4.92,USD,2020-09-18,2020-09-18
JBS NV 144A,Consumer Non-Cyclical,Fixed Income,9202727.41,0.02674,9202727.41,9493000,95.18,United States,--,USD,12.53,6.77,1,2057-05-10,6.4,12.76,,6.77,12.76,6.77,USD,2026-04-13,2026-04-13
PACIFIC GAS AND ELECTRIC COMPANY,Electric,Fixed Income,9205178.94,0.02674,9205178.94,9022000,100.95,United States,--,USD,6.12,5.65,1,2034-05-15,5.8,6.16,,5.64,6.0,5.64,USD,2024-02-28,2024-02-28
ARCELORMITTAL SA,Basic Industry,Fixed Income,9202187.32,0.02673,9202187.32,8403000,108.51,Luxembourg,--,USD,5.04,5.21,1,2032-11-29,6.8,5.13,,5.16,4.97,5.16,USD,2022-11-29,2022-11-29
BERKSHIRE HATHAWAY FINANCE CORP,Insurance,Fixed Income,9191942.37,0.0267,9191942.37,8757000,104.85,United States,--,USD,9.37,5.24,1,2040-01-15,5.75,9.41,,5.24,9.41,5.24,USD,2010-01-13,2010-01-13
WALMART INC,Consumer Cyclical,Fixed Income,9185650.93,0.02669,9185650.93,10815000,83.72,United States,--,USD,13.85,5.69,1,2053-04-15,4.5,14.14,,5.69,14.14,5.69,USD,2023-04-18,2023-04-18
CITIGROUP INC,Banking,Fixed Income,9187781.16,0.02669,9187781.16,8413000,106.82,United States,--,USD,10.07,6.03,1,2043-09-13,6.67,10.15,,6.03,10.15,6.03,USD,2013-09-13,2013-09-13
WILLIAMS COMPANIES INC,Energy,Fixed Income,9178474.18,0.02667,9178474.18,9247000,96.05,United States,--,USD,12.85,6.24,1,2056-03-15,5.95,13.12,,6.24,13.12,6.24,USD,2026-01-08,2026-01-08
AT&T INC,Communications,Fixed Income,9179285.86,0.02667,9179285.86,11450000,79.73,United States,--,USD,10.82,6.3,1,2042-12-15,4.3,10.9,,6.3,10.9,6.3,USD,2013-06-15,2013-06-18
PFIZER INC,Consumer Non-Cyclical,Fixed Income,9170069.22,0.02664,9170069.22,11518000,79.19,United States,--,USD,12.48,5.89,1,2046-12-15,4.13,12.65,,5.89,12.65,5.89,USD,2016-11-21,2016-11-21
FORD MOTOR CREDIT COMPANY LLC,Consumer Cyclical,Fixed Income,9163319.49,0.02662,9163319.49,8492000,105.13,United States,--,USD,3.01,5.76,1,2030-03-06,7.35,3.09,,5.69,2.96,5.69,USD,2023-01-06,2023-01-06
MOLSON COORS BREWING CO,Consumer Non-Cyclical,Fixed Income,9160002.18,0.02661,9160002.18,10234000,88.38,United States,--,USD,10.26,6.16,1,2042-05-01,5.0,10.3,,6.16,10.3,6.16,USD,2012-05-03,2012-05-03
BANK OF AMERICA CORP MTN,Banking,Fixed Income,9154508.4,0.0266,9154508.4,10556000,85.72,United States,--,USD,9.12,5.63,1,2040-04-23,4.08,9.43,,5.63,9.43,5.63,USD,2019-04-23,2019-04-23
NATWEST GROUP PLC,Banking,Fixed Income,9145726.46,0.02657,9145726.46,9080000,99.89,United Kingdom,--,USD,3.4,5.15,1,2031-05-23,5.12,3.41,,5.15,3.42,5.15,USD,2025-05-23,2025-05-23
ENERGY TRANSFER LP,Energy,Fixed Income,9141643.22,0.02656,9141643.22,9315000,96.23,United States,--,USD,12.55,6.49,1,2055-04-01,6.2,12.8,,6.49,12.8,6.49,USD,2025-03-04,2025-03-04
MASTERCARD INC,Technology,Fixed Income,9138467.34,0.02655,9138467.34,9517000,95.93,United States,--,USD,6.88,5.15,1,2035-01-15,4.55,6.91,,5.15,6.91,5.15,USD,2024-09-05,2024-09-05
UNITEDHEALTH GROUP INC,Insurance,Fixed Income,9133596.28,0.02654,9133596.28,9971000,90.12,United States,--,USD,14.3,6.18,1,2064-04-15,5.5,14.59,,6.18,14.59,6.18,USD,2024-03-21,2024-03-21
ROPER TECHNOLOGIES INC,Technology,Fixed Income,9132219.63,0.02653,9132219.63,9370000,95.66,United States,--,USD,7.03,5.71,1,2035-09-15,5.1,7.04,,5.71,7.04,5.71,USD,2025-08-12,2025-08-12
OCCIDENTAL PETROLEUM CORPORATION,Energy,Fixed Income,9129340.44,0.02652,9129340.44,8166000,111.62,United States,--,USD,3.05,5.58,1,2030-07-15,8.88,3.37,,5.18,3.01,5.18,USD,2020-07-13,2020-07-13
TOTALENERGIES CAPITAL SA,Energy,Fixed Income,9129756.93,0.02652,9129756.93,9868000,90.58,France,--,USD,13.32,5.97,1,2054-09-10,5.28,13.6,,5.97,13.6,5.97,USD,2024-09-10,2024-09-10
BARCLAYS PLC,Banking,Fixed Income,9125605.23,0.02651,9125605.23,9255000,96.74,United Kingdom,--,USD,3.98,5.25,1,2032-02-24,4.52,4.0,,5.25,4.0,5.25,USD,2026-02-24,2026-02-24
CHARTER COMMUNICATIONS OPERATING L,Communications,Fixed Income,9112993.1,0.02648,9112993.1,12390000,73.25,United States,--,USD,11.5,7.61,1,2049-07-01,5.13,11.64,,7.61,11.64,7.61,USD,2019-07-10,2019-07-10
PROLOGIS LP,Reits,Fixed Income,9114641.38,0.02648,9114641.38,9936000,91.13,United States,--,USD,3.48,4.88,1,2030-04-15,2.25,3.48,,4.88,3.48,4.88,USD,2020-02-18,2020-02-18
BAT CAPITAL CORP,Consumer Non-Cyclical,Fixed Income,9115985.86,0.02648,9115985.86,9961000,90.63,United Kingdom,--,USD,4.25,5.0,1,2031-03-25,2.73,4.26,,5.0,4.26,5.0,USD,2020-09-25,2020-09-25
COMCAST CORPORATION,Communications,Fixed Income,9102567.72,0.02645,9102567.72,9817000,90.8,United States,--,USD,7.09,5.71,1,2035-08-15,4.4,7.12,,5.71,7.12,5.71,USD,2015-05-27,2015-05-27
PAYPAL HOLDINGS INC,Technology,Fixed Income,9104400.03,0.02645,9104400.03,9402000,96.21,United States,--,USD,5.02,5.16,1,2032-06-01,4.4,5.05,,5.16,5.05,5.16,USD,2022-05-23,2022-05-23
DIAMONDBACK ENERGY INC,Energy,Fixed Income,9105712.2,0.02645,9105712.2,9499000,94.32,United States,--,USD,13.99,6.29,1,2064-04-18,5.9,14.27,,6.29,14.27,6.29,USD,2024-04-18,2024-04-18
COREBRIDGE FINANCIAL INC,Insurance,Fixed Income,9100696.14,0.02644,9100696.14,9684000,92.82,United States,--,USD,4.94,5.38,1,2032-04-05,3.9,4.95,,5.38,4.95,5.38,USD,2023-04-05,2023-05-24
HONDA MOTOR CO LTD,Consumer Cyclical,Fixed Income,9097257.44,0.02643,9097257.44,9226000,98.4,Japan,--,USD,7.04,5.57,1,2035-07-08,5.34,7.01,,5.57,7.01,5.57,USD,2025-07-02,2025-07-02
HOME DEPOT INC,Consumer Cyclical,Fixed Income,9092487.93,0.02642,9092487.93,8659000,103.17,United States,--,USD,9.5,5.63,1,2041-04-01,5.95,9.63,,5.62,9.42,5.62,USD,2011-03-31,2011-03-31
AMPHENOL CORPORATION,Capital Goods,Fixed Income,9093947.78,0.02642,9093947.78,9623000,93.28,United States,--,USD,3.28,4.88,1,2030-02-15,2.8,3.29,,4.88,3.29,4.88,USD,2019-09-10,2019-09-10
HOME DEPOT INC,Consumer Cyclical,Fixed Income,9095238.22,0.02642,9095238.22,10240000,87.07,United States,--,USD,13.17,5.93,1,2052-09-15,4.95,13.44,,5.93,13.44,5.93,USD,2022-09-19,2022-09-19
UBS AG (STAMFORD BRANCH) MTN,Banking,Fixed Income,9087262.54,0.0264,9087262.54,9098000,98.26,Switzerland,--,USD,3.96,5.1,1,2032-02-16,4.63,3.98,,5.1,3.98,5.1,USD,2026-03-16,2026-03-16
GENERAL MOTORS FINANCIAL COMPANY I,Consumer Cyclical,Fixed Income,9079427.03,0.02638,9079427.03,8942000,101.29,United States,--,USD,6.56,5.7,1,2035-01-07,5.9,6.59,,5.7,6.43,5.7,USD,2025-01-07,2025-01-07
TAKEDA PHARMACEUTICAL CO LTD,Consumer Non-Cyclical,Fixed Income,9071831.01,0.02636,9071831.01,9353000,96.73,Japan,--,USD,10.86,5.97,1,2044-07-05,5.65,11.02,,5.97,11.02,5.97,USD,2024-07-05,2024-07-05
COMCAST CORPORATION,Communications,Fixed Income,9074388.38,0.02636,9074388.38,9777000,90.98,United States,--,USD,6.49,5.6,1,2034-08-15,4.2,6.54,,5.6,6.54,5.6,USD,2014-08-12,2014-08-12
BERKSHIRE HATHAWAY ENERGY CO,Electric,Fixed Income,9070361.31,0.02635,9070361.31,12466000,72.69,United States,--,USD,13.1,6.07,1,2048-07-15,3.8,13.32,,6.07,13.32,6.07,USD,2018-01-05,2018-05-02
CROWN CASTLE INC,Communications,Fixed Income,9070789.65,0.02635,9070789.65,12708000,70.48,United States,--,USD,10.93,5.94,1,2041-04-01,2.9,10.97,,5.94,10.97,5.94,USD,2021-02-16,2021-02-16
TRANSCANADA PIPELINES LTD,Energy,Fixed Income,9065547.53,0.02634,9065547.53,9323000,95.43,Canada,--,USD,6.15,5.36,1,2034-03-01,4.63,6.18,,5.36,6.18,5.36,USD,2014-02-28,2014-02-28
BIOGEN INC,Consumer Non-Cyclical,Fixed Income,9061295.88,0.02633,9061295.88,14312000,62.6,United States,--,USD,13.98,6.17,1,2050-05-01,3.15,14.2,,6.17,14.2,6.17,USD,2020-04-30,2020-04-30
GENERAL MOTORS CO,Consumer Cyclical,Fixed Income,9063450.67,0.02633,9063450.67,9529000,93.53,United States,--,USD,8.37,5.92,1,2038-04-01,5.15,8.42,,5.92,8.42,5.92,USD,2017-08-07,2017-08-07
MERCK & CO INC,Consumer Non-Cyclical,Fixed Income,9058433.4,0.02632,9058433.4,10920000,82.21,United States,--,USD,11.22,5.82,1,2043-05-18,4.15,11.3,,5.82,11.3,5.82,USD,2013-05-20,2013-05-20
PLAINS ALL AMERICAN PIPELINE LP,Energy,Fixed Income,9059192.8,0.02632,9059192.8,9201000,98.37,United States,--,USD,3.98,5.11,1,2031-01-15,4.7,3.98,,5.11,3.98,5.11,USD,2025-09-08,2025-09-08
APOLLO GLOBAL MANAGEMENT INC,Brokerage/Asset Managers/Exchanges,Fixed Income,9052194.19,0.0263,9052194.19,9213000,95.97,United States,--,USD,6.93,5.73,1,2035-08-12,5.15,6.94,,5.73,6.94,5.73,USD,2025-08-12,2025-08-12
CHARTER COMMUNICATIONS OPERATING L,Communications,Fixed Income,9047848.86,0.02629,9047848.86,9832000,90.67,United States,--,USD,5.57,6.12,1,2033-04-01,4.4,5.56,,6.12,5.56,6.12,USD,2022-03-15,2022-03-15
UNILEVER CAPITAL CORP,Consumer Non-Cyclical,Fixed Income,9049314.22,0.02629,9049314.22,10383000,86.38,United Kingdom,--,USD,4.69,4.82,1,2031-08-12,1.75,4.69,,4.82,4.69,4.82,USD,2021-08-12,2021-08-12
PEPSICO INC,Consumer Non-Cyclical,Fixed Income,9049513.66,0.02629,9049513.66,8857000,100.07,United States,--,USD,3.15,4.58,1,2030-02-07,4.6,3.17,,4.58,3.17,4.58,USD,2025-02-07,2025-02-07
METLIFE INC,Insurance,Fixed Income,9049637.2,0.02629,9049637.2,10412000,86.82,United States,--,USD,13.29,6.01,1,2052-07-15,5.0,13.56,,6.01,13.56,6.01,USD,2022-07-11,2022-07-11
HONEYWELL INTERNATIONAL INC,Capital Goods,Fixed Income,9050418.63,0.02629,9050418.63,9399000,96.2,United States,--,USD,6.21,5.12,1,2034-01-15,4.5,6.24,,5.12,6.24,5.12,USD,2023-05-17,2023-05-17
TARGET CORPORATION,Consumer Cyclical,Fixed Income,9044853.02,0.02628,9044853.02,11072000,81.46,United States,--,USD,11.02,5.8,1,2042-07-01,4.0,11.08,,5.8,11.08,5.8,USD,2012-06-26,2012-06-26
ORANGE SA,Communications,Fixed Income,9041170.96,0.02627,9041170.96,9548000,94.56,France,--,USD,10.18,5.92,1,2042-01-13,5.38,10.23,,5.92,10.23,5.92,USD,2012-01-13,2012-01-13
COMCAST CORPORATION,Communications,Fixed Income,9032116.71,0.02624,9032116.71,9214000,96.0,United States,--,USD,5.42,5.38,1,2033-02-15,4.65,5.45,,5.38,5.45,5.38,USD,2023-02-09,2023-02-09
FORD MOTOR CREDIT COMPANY LLC,Consumer Cyclical,Fixed Income,9032526.6,0.02624,9032526.6,9066000,97.94,United States,--,USD,5.39,6.13,1,2033-04-06,5.75,5.39,,6.13,5.39,6.13,USD,2026-01-08,2026-01-08
PEPSICO INC,Consumer Non-Cyclical,Fixed Income,9033107.8,0.02624,9033107.8,9030000,98.09,United States,--,USD,5.46,4.79,1,2033-02-15,4.45,5.51,,4.79,5.51,4.79,USD,2023-02-15,2023-02-15
HOME DEPOT INC,Consumer Cyclical,Fixed Income,9029078.39,0.02623,9029078.39,10998000,80.79,United States,--,USD,11.99,5.91,1,2046-04-01,4.25,12.19,,5.91,12.19,5.91,USD,2015-06-02,2015-06-02
OCCIDENTAL PETROLEUM CORPORATION,Energy,Fixed Income,9018741.25,0.0262,9018741.25,8391000,104.89,United States,--,USD,3.25,5.28,1,2030-09-01,6.63,3.5,,5.12,3.12,5.12,USD,2020-08-26,2020-08-26
MERCK & CO INC,Consumer Non-Cyclical,Fixed Income,9013060.47,0.02619,9013060.47,15241000,58.82,United States,--,USD,15.16,5.9,1,2051-12-10,2.75,15.4,,5.9,15.4,5.9,USD,2021-12-10,2021-12-10
CANADIAN NATURAL RESOURCES LIMITED,Energy,Fixed Income,9014964.95,0.02619,9014964.95,8489000,103.99,Canada,--,USD,8.12,5.77,1,2038-03-15,6.25,8.11,,5.77,8.11,5.77,USD,2007-03-19,2007-03-19
ASCENSION HEALTH,Consumer Non-Cyclical,Fixed Income,9006569.98,0.02617,9006569.98,9138000,97.76,United States,--,USD,3.8,4.87,1,2030-11-15,4.29,3.85,,4.87,3.85,4.87,USD,2025-11-25,2025-11-25
RAYTHEON TECHNOLOGIES CORPORATION,Capital Goods,Fixed Income,9009244.59,0.02617,9009244.59,10187000,87.6,United States,--,USD,5.11,4.92,1,2032-03-15,2.38,5.11,,4.92,5.11,4.92,USD,2021-11-16,2021-11-16
ENTERPRISE PRODUCTS OPERATING LLC,Energy,Fixed Income,9003365.77,0.02616,9003365.77,10269000,85.4,United States,--,USD,12.3,5.99,1,2049-02-01,4.8,12.53,,5.99,12.53,5.99,USD,2018-10-11,2018-10-11
ENTERPRISE PRODUCTS OPERATING LLC,Energy,Fixed Income,8990016.13,0.02612,8990016.13,10177000,87.42,United States,--,USD,11.68,5.99,1,2046-05-15,4.9,11.89,,5.99,11.89,5.99,USD,2015-05-07,2015-05-07
GENERAL MOTORS FINANCIAL COMPANY I,Consumer Cyclical,Fixed Income,8991275.48,0.02612,8991275.48,8535000,105.11,United States,--,USD,5.21,5.45,1,2033-01-09,6.4,5.27,,5.42,5.1,5.42,USD,2023-01-09,2023-01-09
VALERO ENERGY CORPORATION,Energy,Fixed Income,8985813.28,0.02611,8985813.28,9080000,97.07,United States,--,USD,7.31,5.55,1,2036-03-10,5.15,7.33,,5.55,7.33,5.55,USD,2026-03-10,2026-03-10
UNITED PARCEL SERVICE INC,Transportation,Fixed Income,8983496.35,0.0261,8983496.35,8850000,100.65,United States,--,USD,6.27,5.05,1,2034-05-22,5.15,6.34,,5.05,6.17,5.05,USD,2024-05-22,2024-05-22
MORGAN STANLEY MTN,Banking,Fixed Income,8981942.06,0.02609,8981942.06,8999000,99.73,United States,--,USD,7.38,5.6,1,2037-07-17,5.61,7.56,,5.6,7.56,5.6,USD,2026-07-17,2026-07-17
PHILLIPS 66,Energy,Fixed Income,8968529.28,0.02606,8968529.28,9300000,95.57,United States,--,USD,6.62,5.32,1,2034-11-15,4.65,6.71,,5.32,6.71,5.32,USD,2014-11-17,2014-11-17
GE HEALTHCARE TECHNOLOGIES INC,Consumer Non-Cyclical,Fixed Income,8959319.26,0.02603,8959319.26,8548000,102.75,United States,--,USD,3.12,5.02,1,2030-03-15,5.86,3.2,,4.99,3.06,4.99,USD,2023-03-15,2023-06-07
HCA INC,Consumer Non-Cyclical,Fixed Income,8956421.92,0.02602,8956421.92,9539000,93.06,United States,--,USD,12.55,6.45,1,2053-06-01,5.9,12.8,,6.45,12.8,6.45,USD,2023-05-04,2023-05-04
GENERAL MOTORS FINANCIAL COMPANY I,Consumer Cyclical,Fixed Income,8944290.52,0.02599,8944290.52,8613000,102.06,United States,--,USD,5.98,5.61,1,2034-04-04,5.95,6.03,,5.61,5.87,5.61,USD,2024-04-04,2024-04-04
ROYAL BANK OF CANADA MTN,Banking,Fixed Income,8944069.5,0.02598,8944069.5,8891000,99.49,Canada,--,USD,5.64,5.09,1,2033-05-02,5.0,5.62,,5.09,5.62,5.09,USD,2023-04-27,2023-04-27
LOCKHEED MARTIN CORPORATION,Capital Goods,Fixed Income,8939260.82,0.02597,8939260.82,8940000,97.92,United States,--,USD,6.09,5.08,1,2034-02-15,4.75,6.14,,5.08,6.14,5.08,USD,2023-05-25,2023-05-25
AT&T INC,Communications,Fixed Income,8934485.56,0.02596,8934485.56,9291000,95.06,United States,--,USD,7.21,5.59,1,2035-11-01,4.9,7.22,,5.59,7.22,5.59,USD,2025-09-24,2025-09-24
CIGNA GROUP,Consumer Non-Cyclical,Fixed Income,8935364.8,0.02596,8935364.8,8924000,98.54,United States,--,USD,3.66,4.89,1,2030-09-15,4.5,3.68,,4.89,3.68,4.89,USD,2025-09-04,2025-09-04
NEXTERA ENERGY CAPITAL HOLDINGS IN,Electric,Fixed Income,8930681.47,0.02595,8930681.47,8774000,99.93,United States,--,USD,6.07,5.26,1,2034-03-15,5.25,6.12,,5.26,6.12,5.26,USD,2024-01-31,2024-01-31
META PLATFORMS INC,Communications,Fixed Income,8933015.41,0.02595,8933015.41,12100000,71.8,United States,--,USD,13.69,6.74,1,2062-08-15,4.65,13.93,,6.74,13.93,6.74,USD,2022-08-09,2022-12-28
GE VERNOVA INC,Capital Goods,Fixed Income,8933016.99,0.02595,8933016.99,9032000,96.63,United States,--,USD,7.3,5.33,1,2036-02-04,4.88,7.33,,5.33,7.33,5.33,USD,2026-02-04,2026-02-04
GILEAD SCIENCES INC,Consumer Non-Cyclical,Fixed Income,8933207.53,0.02595,8933207.53,9760000,89.96,United States,--,USD,7.9,5.29,1,2036-09-01,4.0,7.95,,5.29,7.95,5.29,USD,2016-09-20,2016-09-20
TOYOTA MOTOR CREDIT CORP MTN,Consumer Cyclical,Fixed Income,8933474.98,0.02595,8933474.98,9301000,95.01,United States,--,USD,3.39,4.87,1,2030-04-01,3.38,3.38,,4.87,3.38,4.87,USD,2020-04-01,2020-04-01
AMERICAN WATER CAPITAL CORP,Utility Other,Fixed Income,8929512.44,0.02594,8929512.44,8058000,109.04,United States,--,USD,7.92,5.5,1,2037-10-15,6.59,7.91,,5.5,7.91,5.5,USD,2008-04-15,2008-06-11
TARGET CORPORATION,Consumer Cyclical,Fixed Income,8924709.25,0.02593,8924709.25,9182000,95.61,United States,--,USD,6.56,5.17,1,2034-09-15,4.5,6.59,,5.17,6.59,5.17,USD,2024-09-06,2024-09-06
WALMART INC,Consumer Cyclical,Fixed Income,8922172.88,0.02592,8922172.88,8887000,99.38,United States,--,USD,3.38,4.53,1,2030-04-28,4.35,3.4,,4.53,3.4,4.53,USD,2025-04-28,2025-04-28
INTERCONTINENTAL EXCHANGE INC,Brokerage/Asset Managers/Exchanges,Fixed Income,8919338.4,0.02591,8919338.4,9862000,90.23,United States,--,USD,3.66,4.88,1,2030-06-15,2.1,3.66,,4.88,3.66,4.88,USD,2020-05-26,2020-05-26
KEYBANK NATIONAL ASSOCIATION,Banking,Fixed Income,8907186.89,0.02588,8907186.89,8870000,97.97,United States,--,USD,5.31,5.37,1,2033-01-26,5.0,5.35,,5.37,5.35,5.37,USD,2023-01-26,2023-01-26
COMCAST CORPORATION,Communications,Fixed Income,8908158.5,0.02588,8908158.5,8699000,101.38,United States,--,USD,5.18,5.24,1,2032-11-15,5.5,5.24,,5.23,5.06,5.23,USD,2022-11-07,2022-11-07
LOWES COMPANIES INC,Consumer Cyclical,Fixed Income,8908481.32,0.02588,8908481.32,9336000,93.37,United States,--,USD,13.84,6.26,1,2062-09-15,5.8,14.12,,6.26,14.12,6.26,USD,2022-09-08,2022-09-08
OCCIDENTAL PETROLEUM CORPORATION,Energy,Fixed Income,8908720.25,0.02588,8908720.25,8949000,97.68,United States,--,USD,12.78,6.22,1,2054-10-01,6.05,13.04,,6.22,13.04,6.22,USD,2024-07-26,2024-07-26
NEXTERA ENERGY CAPITAL HOLDINGS IN,Electric,Fixed Income,8909254.46,0.02588,8909254.46,9947000,87.47,United States,--,USD,12.81,6.22,1,2053-02-28,5.25,13.06,,6.22,13.06,6.22,USD,2023-02-09,2023-02-09
COMCAST CORPORATION,Communications,Fixed Income,8903643.32,0.02587,8903643.32,11336000,77.39,United States,--,USD,9.88,6.23,1,2040-04-01,3.75,9.9,,6.23,9.9,6.23,USD,2020-03-27,2020-03-27
LOWES COMPANIES INC,Consumer Cyclical,Fixed Income,8903878.74,0.02587,8903878.74,12139000,72.35,United States,--,USD,12.31,6.13,1,2046-04-15,3.7,12.48,,6.13,12.48,6.13,USD,2016-04-20,2016-04-20
TRANSCANADA PIPELINES LTD,Energy,Fixed Income,8904219.1,0.02587,8904219.1,8418000,104.11,Canada,--,USD,7.98,5.7,1,2037-10-15,6.2,7.96,,5.7,7.96,5.7,USD,2007-10-05,2007-10-05
WASTE MANAGEMENT INC,Capital Goods,Fixed Income,8905908.6,0.02587,8905908.6,9398000,93.32,United States,--,USD,13.38,5.83,1,2054-10-15,5.35,13.79,,5.83,13.79,5.83,USD,2024-11-04,2024-11-04
ROYAL BANK OF CANADA (FXD-FRN) MTN,Banking,Fixed Income,8900816.92,0.02586,8900816.92,8823000,98.72,Canada,--,USD,3.54,4.99,1,2031-08-06,4.7,3.55,,4.99,3.55,4.99,USD,2025-08-06,2025-08-06
UNITEDHEALTH GROUP INC,Insurance,Fixed Income,8902303.2,0.02586,8902303.2,8570000,101.57,United States,--,USD,3.09,4.82,1,2030-02-15,5.3,3.15,,4.8,3.01,4.8,USD,2022-10-28,2022-10-28
INTERNATIONAL BUSINESS MACHINES CO,Technology,Fixed Income,8898149.01,0.02585,8898149.01,9178000,94.63,United States,--,USD,7.25,5.69,1,2036-02-03,4.95,7.26,,5.69,7.26,5.69,USD,2026-02-03,2026-02-03
EQUINIX INC,Technology,Fixed Income,8892828.77,0.02584,8892828.77,9338000,94.66,United States,--,USD,3.07,4.96,1,2029-11-18,3.2,3.08,,4.96,3.08,4.96,USD,2019-11-18,2019-11-18
LYB INTERNATIONAL FINANCE III LLC,Basic Industry,Fixed Income,8889670.29,0.02583,8889670.29,8908000,99.68,United States,--,USD,7.16,5.92,1,2036-01-15,5.88,7.18,,5.92,7.18,5.92,USD,2025-11-13,2025-11-13
JEFFERIES GROUP LLC,Brokerage/Asset Managers/Exchanges,Fixed Income,8889704.42,0.02583,8889704.42,9050000,96.2,United States,--,USD,3.16,5.36,1,2030-01-23,4.15,3.14,,5.36,3.14,5.36,USD,2018-01-23,2018-01-23
BELL TELEPHONE COMPANY OF CANADA O,Communications,Fixed Income,8891407.0,0.02583,8891407.0,8918000,98.7,Canada,--,USD,5.57,5.33,1,2033-05-11,5.1,5.62,,5.33,5.62,5.33,USD,2023-05-11,2023-05-11
FORD MOTOR CREDIT COMPANY LLC,Consumer Cyclical,Fixed Income,8885692.33,0.02582,8885692.33,9771000,90.59,United States,--,USD,4.38,5.86,1,2031-06-17,3.63,4.37,,5.86,4.37,5.86,USD,2021-06-25,2021-06-25
TOYOTA MOTOR CREDIT CORP MTN,Consumer Cyclical,Fixed Income,8886706.94,0.02582,8886706.94,9014000,96.94,United States,--,USD,5.56,5.15,1,2033-03-11,4.6,5.54,,5.15,5.54,5.15,USD,2026-03-13,2026-03-13
CROWN CASTLE INC,Communications,Fixed Income,8882796.72,0.02581,8882796.72,8591000,101.12,United States,--,USD,5.92,5.62,1,2034-03-01,5.8,5.96,,5.61,5.8,5.61,USD,2023-12-06,2023-12-06
HCA INC,Consumer Non-Cyclical,Fixed Income,8879165.68,0.0258,8879165.68,8774000,99.28,United States,--,USD,6.34,5.56,1,2034-09-15,5.45,6.38,,5.56,6.38,5.56,USD,2024-08-12,2024-08-12
GE HEALTHCARE TECHNOLOGIES INC,Consumer Non-Cyclical,Fixed Income,8872503.96,0.02578,8872503.96,8814000,100.1,United States,--,USD,6.89,5.48,1,2035-06-15,5.5,6.93,,5.48,6.93,5.48,USD,2025-06-09,2025-06-09
NEWMONT CORPORATION,Basic Industry,Fixed Income,8867545.22,0.02576,8867545.22,10003000,88.6,United States,--,USD,5.4,4.82,1,2032-07-15,2.6,5.41,,4.82,5.41,4.82,USD,2021-12-20,2021-12-20
BOEING CO,Capital Goods,Fixed Income,8862348.85,0.02575,8862348.85,9231000,94.28,United States,--,USD,4.01,5.05,1,2031-02-01,3.63,4.03,,5.05,4.03,5.05,USD,2020-11-02,2020-11-02
SOUTHERN CALIFORNIA EDISON COMPANY,Electric,Fixed Income,8863985.2,0.02575,8863985.2,8694000,101.18,United States,--,USD,4.16,5.17,1,2031-06-01,5.45,4.2,,5.16,4.07,5.16,USD,2024-05-09,2024-05-09
NISOURCE INC,Natural Gas,Fixed Income,8855744.22,0.02573,8855744.22,11068000,79.2,United States,--,USD,12.19,6.16,1,2047-05-15,4.38,12.4,,6.16,12.4,6.16,USD,2017-05-22,2017-05-22
AMAZON.COM INC,Consumer Cyclical,Fixed Income,8852155.04,0.02572,8852155.04,8999000,97.74,United States,--,USD,6.64,5.13,1,2034-12-05,4.8,6.75,,5.13,6.75,5.13,USD,2014-12-05,2014-12-05
CANADIAN PACIFIC RAILWAY COMPANY,Transportation,Fixed Income,8854070.39,0.02572,8854070.39,13938000,63.09,Canada,--,USD,14.68,5.93,1,2051-12-02,3.1,14.92,,5.93,14.92,5.93,USD,2021-12-02,2021-12-02
ORACLE CORPORATION,Technology,Fixed Income,8845166.93,0.0257,8845166.93,9641000,91.51,United States,--,USD,8.65,7.14,1,2039-07-08,6.13,8.6,,7.14,8.6,7.14,USD,2009-07-08,2009-07-08
HCA INC,Consumer Non-Cyclical,Fixed Income,8847148.0,0.0257,8847148.0,9459000,93.0,United States,--,USD,9.07,5.91,1,2039-06-15,5.13,9.13,,5.91,9.13,5.91,USD,2019-06-12,2019-06-12
BAT CAPITAL CORP,Consumer Non-Cyclical,Fixed Income,8830289.15,0.02565,8830289.15,8278000,104.14,United Kingdom,--,USD,5.87,5.33,1,2034-02-20,6.0,5.93,,5.31,5.77,5.31,USD,2024-02-20,2024-02-20
T-MOBILE USA INC,Communications,Fixed Income,8821112.52,0.02563,8821112.52,9692000,90.9,United States,--,USD,13.21,6.39,1,2056-01-15,5.7,13.47,,6.39,13.47,6.39,USD,2025-10-09,2025-10-09
BOEING CO,Capital Goods,Fixed Income,8822332.77,0.02563,8822332.77,12655000,67.84,United States,--,USD,14.5,6.27,1,2059-08-01,3.95,14.76,,6.27,14.76,6.27,USD,2019-07-31,2019-07-31
CONOCOPHILLIPS CO,Energy,Fixed Income,8816550.3,0.02561,8816550.3,8835000,99.7,United States,--,USD,3.15,4.79,1,2030-01-15,4.7,3.17,,4.79,3.17,4.79,USD,2024-12-05,2024-12-05
NOMURA HOLDINGS INC,Brokerage/Asset Managers/Exchanges,Fixed Income,8806913.41,0.02559,8806913.41,9940000,88.54,Japan,--,USD,4.57,5.29,1,2031-07-14,2.61,4.56,,5.29,4.56,5.29,USD,2021-07-12,2021-07-12
BERRY GLOBAL INC,Capital Goods,Fixed Income,8807752.28,0.02559,8807752.28,8707000,101.05,United States,--,USD,6.0,5.48,1,2034-01-15,5.65,6.04,,5.47,5.87,5.47,USD,2025-01-15,2025-02-11
CANADIAN IMPERIAL BANK OF COMMERCE,Banking,Fixed Income,8808616.28,0.02559,8808616.28,8820000,99.37,Canada,--,USD,4.24,5.12,1,2032-06-16,5.05,4.27,,5.12,4.27,5.12,USD,2026-06-16,2026-06-16
MPLX LP,Energy,Fixed Income,8805314.29,0.02558,8805314.29,8796000,98.15,United States,--,USD,5.4,5.34,1,2033-03-01,5.0,5.44,,5.34,5.44,5.34,USD,2023-02-09,2023-02-09
JPMORGAN CHASE & CO,Banking,Fixed Income,8806268.36,0.02558,8806268.36,9581000,89.61,United States,--,USD,10.94,5.8,1,2044-02-01,4.85,11.04,,5.8,11.04,5.8,USD,2014-01-28,2014-01-28
GENERAL MILLS INC,Consumer Non-Cyclical,Fixed Income,8806426.42,0.02558,8806426.42,8619000,99.85,United States,--,USD,3.11,4.92,1,2030-01-30,4.88,3.13,,4.92,3.13,4.92,USD,2024-11-21,2024-11-21
UNITEDHEALTH GROUP INC,Insurance,Fixed Income,8797536.14,0.02556,8797536.14,8348000,103.34,United States,--,USD,7.24,5.35,1,2036-03-15,5.8,7.22,,5.35,7.22,5.35,USD,2006-03-02,2006-03-02
PROCTER & GAMBLE CO,Consumer Non-Cyclical,Fixed Income,8796168.29,0.02555,8796168.29,9855000,88.77,United States,--,USD,4.43,4.61,1,2031-04-23,1.95,4.42,,4.61,4.42,4.61,USD,2021-04-23,2021-04-23
UNION PACIFIC CORPORATION,Transportation,Fixed Income,8789500.26,0.02554,8789500.26,8966000,98.01,United States,--,USD,5.5,4.86,1,2033-01-20,4.5,5.56,,4.86,5.56,4.86,USD,2022-09-09,2022-09-09
CIGNA GROUP,Consumer Non-Cyclical,Fixed Income,8789553.48,0.02554,8789553.48,9493000,91.74,United States,--,USD,3.39,4.9,1,2030-03-15,2.4,3.39,,4.9,3.39,4.9,USD,2020-03-16,2020-03-16
STATE STREET CORP,Banking,Fixed Income,8791847.69,0.02554,8791847.69,8674000,100.18,United States,--,USD,3.34,4.78,1,2030-04-24,4.83,3.36,,4.78,3.29,4.78,USD,2025-04-24,2025-04-24
ORACLE CORPORATION,Technology,Fixed Income,8784450.6,0.02552,8784450.6,10724000,81.19,United States,--,USD,7.1,6.77,1,2035-05-15,3.9,7.07,,6.77,7.07,6.77,USD,2015-05-05,2015-05-05
HCA INC,Consumer Non-Cyclical,Fixed Income,8781354.39,0.02551,8781354.39,13595000,64.52,United States,--,USD,13.93,6.35,1,2051-07-15,3.5,14.15,,6.35,14.15,6.35,USD,2021-06-30,2021-06-30
FORD MOTOR CREDIT COMPANY LLC,Consumer Cyclical,Fixed Income,8781781.6,0.02551,8781781.6,8327000,104.62,United States,--,USD,3.28,5.85,1,2030-06-10,7.2,3.34,,5.8,3.22,5.8,USD,2023-06-08,2023-06-08
SUMITOMO MITSUI FINANCIAL FXD-FRN,Banking,Fixed Income,8776540.38,0.0255,8776540.38,8992000,97.52,Japan,--,USD,3.99,5.08,1,2032-01-15,4.49,3.99,,5.08,4.0,5.08,USD,2026-01-15,2026-01-15
HUMANA INC,Insurance,Fixed Income,8777156.85,0.0255,8777156.85,8428000,102.04,United States,--,USD,5.93,5.62,1,2034-03-15,5.95,5.98,,5.61,5.82,5.61,USD,2023-11-09,2023-11-09
SUMITOMO MITSUI FINANCIAL GROUP IN,Banking,Fixed Income,8773934.46,0.02549,8773934.46,9077000,96.56,Japan,--,USD,7.25,5.49,1,2037-01-15,5.05,7.4,,5.49,7.4,5.49,USD,2026-01-15,2026-01-15
DOLLAR GENERAL CORP,Consumer Cyclical,Fixed Income,8770916.18,0.02548,8770916.18,9142000,94.88,United States,--,USD,3.35,5.03,1,2030-04-03,3.5,3.37,,5.03,3.37,5.03,USD,2020-04-03,2020-04-03
PRUDENTIAL FINANCIAL INC MTN,Insurance,Fixed Income,8766614.52,0.02547,8766614.52,12243000,70.28,United States,--,USD,13.67,6.03,1,2051-03-13,3.7,13.91,,6.03,13.91,6.03,USD,2019-09-13,2019-09-13
PFIZER INC,Consumer Non-Cyclical,Fixed Income,8762173.14,0.02546,8762173.14,8883000,97.86,United States,--,USD,3.85,4.75,1,2030-11-15,4.2,3.86,,4.75,3.86,4.75,USD,2025-11-21,2025-11-21
PACIFICORP,Electric,Fixed Income,8758707.98,0.02545,8758707.98,9836000,88.02,United States,--,USD,12.88,6.43,1,2054-05-15,5.5,13.13,,6.43,13.13,6.43,USD,2023-05-17,2023-05-17
MERCK & CO INC,Consumer Non-Cyclical,Fixed Income,8758859.45,0.02545,8758859.45,9177000,94.68,United States,--,USD,14.66,6.06,1,2065-12-04,5.7,14.96,,6.06,14.96,6.06,USD,2025-12-04,2025-12-04
APPLE INC,Technology,Fixed Income,8759049.18,0.02545,8759049.18,14622000,58.65,United States,--,USD,14.92,5.87,1,2051-08-05,2.7,15.15,,5.87,15.15,5.87,USD,2021-08-05,2021-08-05
MARATHON PETROLEUM CORP,Energy,Fixed Income,8761065.59,0.02545,8761065.59,8529000,100.7,United States,--,USD,3.17,4.93,1,2030-03-01,5.15,3.2,,4.93,3.2,4.93,USD,2025-02-10,2025-02-10
COMCAST CORPORATION,Communications,Fixed Income,8755111.06,0.02544,8755111.06,9905000,87.15,United States,--,USD,8.83,6.11,1,2038-10-15,4.6,8.86,,6.11,8.86,6.11,USD,2018-10-05,2018-10-05
VISTRA OPERATIONS COMPANY LLC 144A,Electric,Fixed Income,8757294.35,0.02544,8757294.35,8810000,98.01,United States,--,USD,7.32,5.82,1,2036-04-30,5.55,7.33,,5.82,7.33,5.82,USD,2026-04-22,2026-04-22
UNITEDHEALTH GROUP INC,Insurance,Fixed Income,8757648.34,0.02544,8757648.34,9036000,96.14,United States,--,USD,5.0,4.97,1,2032-05-15,4.2,5.04,,4.97,5.04,4.97,USD,2022-05-20,2022-05-20
ENBRIDGE INC,Energy,Fixed Income,8757904.14,0.02544,8757904.14,8491000,101.47,Canada,--,USD,6.05,5.39,1,2034-04-05,5.63,6.1,,5.38,5.94,5.38,USD,2024-04-05,2024-04-05
WALT DISNEY CO,Communications,Fixed Income,8752997.04,0.02543,8752997.04,12443000,69.62,United States,--,USD,15.46,5.88,1,2060-05-13,3.8,15.76,,5.88,15.76,5.88,USD,2020-05-13,2020-05-13
CONOCOPHILLIPS CO,Energy,Fixed Income,8750722.39,0.02542,8750722.39,9619000,89.99,United States,--,USD,13.12,6.06,1,2053-05-15,5.3,13.39,,6.06,13.39,6.06,USD,2023-05-23,2023-05-23
EOG RESOURCES INC,Energy,Fixed Income,8745632.24,0.02541,8745632.24,8909000,98.08,United States,--,USD,4.0,4.88,1,2031-01-15,4.4,4.01,,4.88,4.01,4.88,USD,2025-11-24,2025-11-24
NVIDIA CORPORATION,Technology,Fixed Income,8742363.34,0.0254,8742363.34,9890000,88.19,United States,--,USD,4.55,4.73,1,2031-06-15,2.0,4.55,,4.73,4.55,4.73,USD,2021-06-16,2021-06-16
BP CAPITAL MARKETS AMERICA INC,Energy,Fixed Income,8738217.87,0.02539,8738217.87,9003000,95.99,United States,--,USD,3.35,4.83,1,2030-04-06,3.63,3.38,,4.83,3.38,4.83,USD,2020-04-06,2020-04-06
ATHENE HOLDING LTD,Insurance,Fixed Income,8738511.05,0.02539,8738511.05,9110000,94.76,United States,--,USD,12.03,7.05,1,2055-05-19,6.63,12.25,,7.05,12.25,7.05,USD,2025-05-19,2025-05-19
INTERCONTINENTAL EXCHANGE INC,Brokerage/Asset Managers/Exchanges,Fixed Income,8734498.99,0.02538,8734498.99,8582000,101.24,United States,--,USD,4.21,4.96,1,2031-06-15,5.25,4.26,,4.96,4.13,4.96,USD,2024-05-13,2024-05-13
T-MOBILE USA INC,Communications,Fixed Income,8733433.01,0.02537,8733433.01,8729000,98.66,United States,--,USD,6.17,5.36,1,2034-04-15,5.15,6.21,,5.36,6.21,5.36,USD,2024-01-12,2024-01-12
AERCAP IRELAND CAPITAL DAC,Finance Companies,Fixed Income,8734090.99,0.02537,8734090.99,8275000,103.63,Ireland,--,USD,3.54,5.17,1,2030-09-30,6.15,3.61,,5.14,3.48,5.14,USD,2023-09-25,2023-09-25
AMERICAN WATER CAPITAL CORP,Utility Other,Fixed Income,8721320.08,0.02534,8721320.08,8941000,95.31,United States,--,USD,13.19,6.04,1,2055-09-01,5.7,13.46,,6.04,13.46,6.04,USD,2025-08-08,2025-08-08
GILEAD SCIENCES INC,Consumer Non-Cyclical,Fixed Income,8717432.87,0.02533,8717432.87,8766000,98.65,United States,--,USD,4.23,4.92,1,2031-05-20,4.6,4.24,,4.92,4.24,4.92,USD,2026-05-20,2026-05-20
CONSTELLATION BRANDS INC,Consumer Non-Cyclical,Fixed Income,8718860.69,0.02533,8718860.69,9841000,87.53,United States,--,USD,4.59,5.09,1,2031-08-01,2.25,4.58,,5.09,4.58,5.09,USD,2021-07-26,2021-07-26
KEYCORP MTN,Banking,Fixed Income,8720359.33,0.02533,8720359.33,8929000,96.98,United States,--,USD,5.71,4.7,1,2033-06-01,4.79,5.0,,4.7,5.0,4.7,USD,2022-05-23,2022-05-23
COCA-COLA CO,Consumer Non-Cyclical,Fixed Income,8715632.22,0.02532,8715632.22,8944000,96.33,United States,--,USD,3.37,4.55,1,2030-03-25,3.45,3.36,,4.55,3.36,4.55,USD,2020-03-25,2020-03-25
DEUTSCHE BANK AG (NEW YORK BRANCH),Banking,Fixed Income,8710531.61,0.02531,8710531.61,8735000,97.54,Germany,--,USD,3.92,5.26,1,2032-02-06,4.72,3.94,,5.26,3.94,5.26,USD,2026-02-06,2026-02-06
JOHN DEERE CAPITAL CORP MTN,Capital Goods,Fixed Income,8699838.61,0.02528,8699838.61,8510000,100.39,United States,--,USD,4.03,4.8,1,2031-03-07,4.9,4.02,,4.8,4.02,4.8,USD,2024-03-07,2024-03-07
MASTERCARD INC,Technology,Fixed Income,8694447.35,0.02526,8694447.35,8918000,97.41,United States,--,USD,4.78,4.89,1,2032-01-15,4.35,4.8,,4.89,4.8,4.89,USD,2024-09-05,2024-09-05
ROYALTY PHARMA PLC,Consumer Non-Cyclical,Fixed Income,8694781.53,0.02526,8694781.53,8762000,97.54,United States,--,USD,7.04,5.54,1,2035-09-25,5.2,7.07,,5.54,7.07,5.54,USD,2025-09-16,2025-09-16
WILLIS NORTH AMERICA INC,Insurance,Fixed Income,8695089.95,0.02526,8695089.95,8593000,100.19,United States,--,USD,5.55,5.31,1,2033-05-15,5.35,5.6,,5.31,5.6,5.31,USD,2023-05-17,2023-05-17
MICROSOFT CORPORATION,Technology,Fixed Income,8692335.1,0.02525,8692335.1,10436000,81.33,United States,--,USD,12.19,5.82,1,2047-02-06,4.25,12.42,,5.82,12.42,5.82,USD,2017-02-06,2017-02-06
BANCO BILBAO VIZCAYA ARGENTARIA SA,Banking,Fixed Income,8683001.81,0.02523,8683001.81,8283000,102.67,Spain,--,USD,5.85,5.64,1,2035-03-13,6.03,5.96,,5.6,5.96,5.6,USD,2024-03-13,2024-03-13
TARGA RESOURCES CORP,Energy,Fixed Income,8683529.79,0.02523,8683529.79,8017000,106.29,United States,--,USD,5.88,5.48,1,2034-03-30,6.5,5.95,,5.46,5.79,5.46,USD,2023-11-09,2023-11-09
MCDONALDS CORPORATION MTN,Consumer Cyclical,Fixed Income,8680379.04,0.02522,8680379.04,7940000,106.86,United States,--,USD,8.11,5.49,1,2038-03-01,6.3,8.11,,5.49,8.11,5.49,USD,2008-02-29,2008-02-29
NATIONAL BANK OF CANADA MTN,Banking,Fixed Income,8681515.96,0.02522,8681515.96,8749000,98.57,Canada,--,USD,4.22,5.17,1,2032-06-04,4.93,4.24,,5.17,4.24,5.17,USD,2026-06-04,2026-06-04
AT&T INC,Communications,Fixed Income,8678070.24,0.02521,8678070.24,9469000,90.4,United States,--,USD,10.99,6.42,1,2045-11-01,5.55,11.16,,6.42,11.16,6.42,USD,2025-09-24,2025-09-24
MERCK & CO INC,Consumer Non-Cyclical,Fixed Income,8678351.18,0.02521,8678351.18,8871000,97.23,United States,--,USD,5.41,4.96,1,2032-12-04,4.45,5.43,,4.96,5.43,4.96,USD,2025-12-04,2025-12-04
DELL INTERNATIONAL LLC,Technology,Fixed Income,8660756.28,0.02516,8660756.28,8540000,99.96,United States,--,USD,6.12,5.41,1,2034-04-15,5.4,6.16,,5.41,6.16,5.41,USD,2024-03-18,2024-03-18
J M SMUCKER CO,Consumer Non-Cyclical,Fixed Income,8649939.02,0.02513,8649939.02,8174000,104.61,United States,--,USD,10.21,6.06,1,2043-11-15,6.5,10.36,,6.06,10.19,6.06,USD,2023-10-25,2023-10-25
OCCIDENTAL PETROLEUM CORPORATION,Energy,Fixed Income,8645065.38,0.02512,8645065.38,7773000,109.53,United States,--,USD,3.99,5.22,1,2031-05-01,7.5,3.97,,5.22,3.97,5.22,USD,2019-05-01,2019-09-18
NOVARTIS CAPITAL CORP,Consumer Non-Cyclical,Fixed Income,8645138.44,0.02512,8645138.44,10712000,80.02,Switzerland,--,USD,12.21,5.72,1,2045-11-20,4.0,12.41,,5.72,12.41,5.72,USD,2015-11-20,2015-11-20
MPLX LP,Energy,Fixed Income,8646182.91,0.02512,8646182.91,8805000,98.1,United States,--,USD,5.44,5.35,1,2033-01-15,5.0,5.45,,5.35,5.45,5.35,USD,2025-08-11,2025-08-11
PROCTER & GAMBLE CO,Consumer Non-Cyclical,Fixed Income,8646279.32,0.02512,8646279.32,9902000,87.04,United States,--,USD,4.07,4.58,1,2030-10-29,1.2,4.06,,4.58,4.06,4.58,USD,2020-10-29,2020-10-29
TARGA RESOURCES CORP,Energy,Fixed Income,8647553.51,0.02512,8647553.51,8275000,101.67,United States,--,USD,12.1,6.37,1,2053-02-15,6.5,12.34,,6.37,12.25,6.37,USD,2023-01-09,2023-01-09
CHENIERE ENERGY PARTNERS LP,Energy,Fixed Income,8638392.96,0.0251,8638392.96,8552000,99.75,United States,--,USD,6.99,5.58,1,2035-10-30,5.55,7.08,,5.58,7.08,5.58,USD,2025-07-10,2026-02-24
ACCENTURE CAPITAL INC,Technology,Fixed Income,8637215.99,0.02509,8637215.99,8712000,98.95,United States,--,USD,7.51,5.74,1,2036-07-10,5.6,7.53,,5.74,7.53,5.74,USD,2026-07-10,2026-07-10
BECTON DICKINSON AND COMPANY,Consumer Non-Cyclical,Fixed Income,8633190.98,0.02508,8633190.98,9751000,87.66,United States,--,USD,4.23,5.02,1,2031-02-11,1.96,4.21,,5.02,4.21,5.02,USD,2021-02-11,2021-02-11
JPMORGAN CHASE & CO,Banking,Fixed Income,8627856.58,0.02507,8627856.58,8675000,99.46,United States,--,USD,7.53,5.82,1,2041-07-23,5.8,7.51,,5.87,7.5,5.87,USD,2026-07-23,2026-07-23
WASTE MANAGEMENT INC,Capital Goods,Fixed Income,8627966.19,0.02507,8627966.19,8521000,99.56,United States,--,USD,4.77,4.89,1,2032-03-15,4.8,4.81,,4.89,4.81,4.89,USD,2024-11-04,2024-11-04
CVS HEALTH CORP,Consumer Non-Cyclical,Fixed Income,8628208.67,0.02507,8628208.67,8774000,97.49,United States,--,USD,10.53,6.23,1,2044-06-01,6.0,10.68,,6.23,10.68,6.23,USD,2024-05-09,2024-05-09
STARBUCKS CORPORATION,Consumer Cyclical,Fixed Income,8629582.6,0.02507,8629582.6,9371000,91.28,United States,--,USD,3.39,4.9,1,2030-03-12,2.25,3.39,,4.9,3.39,4.9,USD,2020-03-12,2020-03-12
CITIGROUP INC,Banking,Fixed Income,8629633.7,0.02507,8629633.7,12117000,70.58,United States,--,USD,10.75,5.8,1,2042-11-03,2.9,11.34,,5.8,11.34,5.8,USD,2021-11-03,2021-11-03
VERIZON COMMUNICATIONS INC,Communications,Fixed Income,8630274.48,0.02507,8630274.48,9816000,87.54,United States,--,USD,4.02,4.95,1,2030-10-30,1.68,4.01,,4.95,4.01,4.95,USD,2021-04-30,2021-05-03
VIATRIS INC,Consumer Non-Cyclical,Fixed Income,8630344.79,0.02507,8630344.79,9467000,90.94,United States,--,USD,3.64,5.29,1,2030-06-22,2.7,3.63,,5.29,3.63,5.29,USD,2021-06-22,2021-10-28
UNILEVER CAPITAL CORP,Consumer Non-Cyclical,Fixed Income,8624647.2,0.02506,8624647.2,8085000,105.58,Netherlands,--,USD,5.22,4.86,1,2032-11-15,5.9,5.21,,4.86,5.21,4.86,USD,2002-11-12,2002-11-12
NIKE INC,Consumer Cyclical,Fixed Income,8625736.65,0.02506,8625736.65,12482000,68.03,United States,--,USD,13.86,5.9,1,2050-03-27,3.38,14.09,,5.9,14.09,5.9,USD,2020-03-27,2020-03-27
HUNTINGTON BANCSHARES INC,Banking,Fixed Income,8621650.76,0.02505,8621650.76,8571000,100.49,United States,--,USD,3.12,5.08,1,2031-01-15,5.27,3.14,,5.08,3.14,5.08,USD,2024-11-18,2024-11-18
BAT CAPITAL CORP,Consumer Non-Cyclical,Fixed Income,8615014.21,0.02503,8615014.21,7986000,104.88,United Kingdom,--,USD,3.37,4.99,1,2030-08-02,6.34,3.44,,4.94,3.31,4.94,USD,2023-08-02,2023-08-02
EATON CORPORATION,Capital Goods,Fixed Income,8617134.67,0.02503,8617134.67,8939000,94.34,United States,--,USD,13.59,5.85,1,2056-03-06,5.45,13.89,,5.85,13.89,5.85,USD,2026-03-06,2026-03-06
BURLINGTON NORTHERN SANTA FE LLC,Transportation,Fixed Income,8612209.6,0.02502,8612209.6,8622000,97.84,United States,--,USD,13.34,5.96,1,2056-03-15,5.8,13.63,,5.96,13.63,5.96,USD,2025-06-06,2025-06-06
JBS NV,Consumer Non-Cyclical,Fixed Income,8613565.16,0.02502,8613565.16,9037000,93.6,United States,--,USD,13.24,6.84,1,2066-04-15,6.38,13.48,,6.84,13.48,6.84,USD,2025-07-03,2026-01-12
ELEVANCE HEALTH INC,Insurance,Fixed Income,8610306.26,0.02501,8610306.26,8556000,100.08,United States,--,USD,6.29,5.36,1,2034-06-15,5.38,6.33,,5.36,6.33,5.36,USD,2024-05-30,2024-05-30
EQUINIX INC,Technology,Fixed Income,8600753.71,0.02499,8600753.71,9602000,89.53,United States,--,USD,3.74,5.09,1,2030-07-15,2.15,3.73,,5.09,3.73,5.09,USD,2020-06-22,2020-06-22
SALESFORCE INC,Technology,Fixed Income,8598463.13,0.02498,8598463.13,8682000,96.64,United States,--,USD,12.94,6.95,1,2066-03-15,6.7,13.17,,6.95,13.17,6.95,USD,2026-03-13,2026-03-13
DELL INTERNATIONAL LLC,Technology,Fixed Income,8593574.68,0.02497,8593574.68,8775000,97.43,United States,--,USD,6.16,5.42,1,2034-02-15,5.0,6.17,,5.42,6.17,5.42,USD,2026-06-16,2026-06-16
TRANSCANADA PIPELINES LTD,Energy,Fixed Income,8594141.84,0.02497,8594141.84,8751000,97.1,Canada,--,USD,3.32,4.96,1,2030-04-15,4.1,3.37,,4.96,3.37,4.96,USD,2020-04-06,2020-04-06
MANULIFE FINANCIAL CORP,Insurance,Fixed Income,8595324.15,0.02497,8595324.15,9023000,93.96,Canada,--,USD,4.91,4.94,1,2032-03-16,3.7,4.94,,4.94,4.94,4.94,USD,2022-03-16,2022-03-16
TARGET CORPORATION,Consumer Cyclical,Fixed Income,8590845.39,0.02496,8590845.39,8610000,98.43,United States,--,USD,6.85,5.23,1,2035-04-15,5.0,6.89,,5.23,6.89,5.23,USD,2025-03-25,2025-03-25
UNITED PARCEL SERVICE INC,Transportation,Fixed Income,8591776.86,0.02496,8591776.86,8473000,100.41,United States,--,USD,6.87,5.19,1,2035-05-14,5.25,6.92,,5.19,6.77,5.19,USD,2025-05-14,2025-05-14
BANCO BILBAO VIZCAYA ARGENTARIA SA,Banking,Fixed Income,8592611.28,0.02496,8592611.28,8798000,95.69,Spain,--,USD,7.33,5.72,1,2036-03-03,5.13,7.3,,5.72,7.3,5.72,USD,2026-03-03,2026-03-03
NORFOLK SOUTHERN CORPORATION,Transportation,Fixed Income,8575987.32,0.02492,8575987.32,9160000,91.08,United States,--,USD,13.14,6.01,1,2054-08-01,5.35,13.41,,6.01,13.41,6.01,USD,2023-08-02,2023-08-02
DTE ELECTRIC COMPANY,Electric,Fixed Income,8577501.21,0.02492,8577501.21,8762000,95.94,United States,--,USD,7.37,5.4,1,2036-03-01,4.85,7.39,,5.4,7.39,5.4,USD,2026-02-27,2026-02-27
BERKSHIRE HATHAWAY FINANCE CORP,Insurance,Fixed Income,8573603.09,0.02491,8573603.09,9273000,91.44,United States,--,USD,5.03,4.61,1,2032-03-15,2.88,5.06,,4.61,5.06,4.61,USD,2022-03-15,2022-03-15
SUMITOMO MITSUI FINANCIAL GROUP IN,Banking,Fixed Income,8573909.36,0.02491,8573909.36,8437000,101.43,Japan,--,USD,4.32,5.15,1,2031-07-09,5.42,4.3,,5.15,4.3,5.15,USD,2024-07-09,2024-07-09
PHILIP MORRIS INTERNATIONAL INC,Consumer Non-Cyclical,Fixed Income,8567420.28,0.02489,8567420.28,8654000,97.9,United States,--,USD,6.59,5.21,1,2034-11-01,4.9,6.64,,5.21,6.64,5.21,USD,2024-11-01,2024-11-01
CONSTELLATION ENERGY GENERATION LL,Electric,Fixed Income,8564554.83,0.02488,8564554.83,8810000,95.19,United States,--,USD,12.88,6.11,1,2054-03-15,5.75,13.15,,6.11,13.15,6.11,USD,2024-03-15,2024-03-15
HOME DEPOT INC,Consumer Cyclical,Fixed Income,8559245.1,0.02487,8559245.1,10344000,82.17,United States,--,USD,12.7,5.95,1,2048-12-06,4.5,12.94,,5.95,12.94,5.95,USD,2018-12-06,2018-12-06
AT&T INC,Communications,Fixed Income,8555629.33,0.02486,8555629.33,8463000,99.04,United States,--,USD,3.57,4.96,1,2030-08-15,4.7,3.58,,4.96,3.58,4.96,USD,2025-06-03,2025-06-03
M&T BANK CORPORATION MTN,Banking,Fixed Income,8555725.73,0.02486,8555725.73,8108000,103.34,United States,--,USD,3.91,5.36,1,2032-03-13,6.08,3.93,,5.26,3.94,5.26,USD,2024-03-13,2024-03-13
CRH AMERICA FINANCE INC,Capital Goods,Fixed Income,8557659.89,0.02486,8557659.89,8691000,96.2,Ireland,--,USD,7.27,5.52,1,2036-02-09,5.0,7.29,,5.52,7.29,5.52,USD,2025-10-09,2025-10-09
ENBRIDGE INC,Energy,Fixed Income,8557821.62,0.02486,8557821.62,8099000,104.51,Canada,--,USD,3.66,5.02,1,2030-11-15,6.2,3.73,,4.98,3.6,4.98,USD,2023-11-09,2023-11-09
SOUTHERN CALIFORNIA EDISON COMPANY,Electric,Fixed Income,8550408.81,0.02484,8550408.81,8348000,100.57,United States,--,USD,3.2,5.07,1,2030-03-15,5.25,3.23,,5.07,3.23,5.07,USD,2025-03-17,2025-03-17
UNITEDHEALTH GROUP INC,Insurance,Fixed Income,8547639.87,0.02483,8547639.87,7460000,111.58,United States,--,USD,7.93,5.51,1,2038-02-15,6.88,7.93,,5.51,7.93,5.51,USD,2008-02-07,2008-02-07
JOHN DEERE CAPITAL CORP MTN,Capital Goods,Fixed Income,8542082.64,0.02482,8542082.64,8504000,99.9,United States,--,USD,3.5,4.73,1,2030-06-10,4.7,3.49,,4.73,3.49,4.73,USD,2023-06-08,2023-06-08
CITIZENS FINANCIAL GROUP INC,Banking,Fixed Income,8542261.98,0.02482,8542261.98,8347000,100.34,United States,--,USD,3.18,5.1,1,2031-03-05,5.25,3.2,,5.1,3.2,5.1,USD,2025-03-05,2025-03-05
MPLX LP,Energy,Fixed Income,8542352.8,0.02482,8542352.8,9599000,86.96,United States,--,USD,11.43,6.34,1,2047-03-01,5.2,11.63,,6.34,11.63,6.34,USD,2017-02-10,2017-02-10
ENTERPRISE PRODUCTS OPERATING LLC,Energy,Fixed Income,8542916.29,0.02482,8542916.29,8123000,102.34,United States,--,USD,9.41,5.71,1,2041-02-01,5.95,9.44,,5.71,9.44,5.71,USD,2011-01-13,2011-01-13
BANCO SANTANDER SA,Banking,Fixed Income,8544226.57,0.02482,8544226.57,9508000,89.49,Spain,--,USD,4.02,5.49,1,2030-12-03,2.75,4.0,,5.49,4.0,5.49,USD,2020-12-03,2020-12-03
HALLIBURTON COMPANY,Energy,Fixed Income,8544865.39,0.02482,8544865.39,9031000,93.47,United States,--,USD,3.31,4.92,1,2030-03-01,2.92,3.32,,4.92,3.32,4.92,USD,2020-03-03,2020-03-03
APPLE INC,Technology,Fixed Income,8534813.37,0.0248,8534813.37,8628000,97.06,United States,--,USD,7.43,4.89,1,2036-02-23,4.5,7.53,,4.89,7.53,4.89,USD,2016-02-23,2016-02-23
KINDER MORGAN INC,Energy,Fixed Income,8534831.32,0.0248,8534831.32,8236000,102.8,United States,--,USD,6.78,5.45,1,2035-06-01,5.85,6.83,,5.44,6.68,5.44,USD,2025-05-01,2025-05-01
VISA INC,Technology,Fixed Income,8537016.57,0.0248,8537016.57,9890000,85.84,United States,--,USD,4.34,4.57,1,2031-02-15,1.1,4.33,,4.57,4.33,4.57,USD,2020-08-17,2020-08-17
ROYAL BANK OF CANADA MTN,Banking,Fixed Income,8537378.62,0.0248,8537378.62,9637000,88.08,Canada,--,USD,4.85,4.89,1,2031-11-03,2.3,4.83,,4.89,4.83,4.89,USD,2021-10-29,2021-10-29
AMRIZE FINANCE US LLC,Capital Goods,Fixed Income,8525940.7,0.02477,8525940.7,8408000,99.96,United States,--,USD,3.29,4.96,1,2030-04-07,4.95,3.3,,4.96,3.3,4.96,USD,2025-10-07,2025-12-19
EXELON CORPORATION,Electric,Fixed Income,8527003.66,0.02477,8527003.66,8339000,100.38,United States,--,USD,5.39,5.23,1,2033-03-15,5.3,5.45,,5.23,5.27,5.23,USD,2023-02-21,2023-02-21
GE HEALTHCARE TECHNOLOGIES INC,Consumer Non-Cyclical,Fixed Income,8527132.12,0.02477,8527132.12,8217000,102.71,United States,--,USD,12.46,6.17,1,2052-11-22,6.38,12.73,,6.17,12.63,6.17,USD,2023-05-22,2023-06-07
ORACLE CORPORATION,Technology,Fixed Income,8527238.71,0.02477,8527238.71,11744000,70.85,United States,--,USD,12.03,7.94,1,2064-09-27,5.5,12.2,,7.94,12.2,7.94,USD,2024-09-27,2024-09-27
UNION PACIFIC CORPORATION,Transportation,Fixed Income,8518966.7,0.02475,8518966.7,8344000,99.94,United States,--,USD,6.69,5.11,1,2035-02-20,5.1,6.73,,5.11,6.73,5.11,USD,2025-02-13,2025-02-13
BAT CAPITAL CORP,Consumer Non-Cyclical,Fixed Income,8520224.15,0.02475,8520224.15,8413000,99.78,United Kingdom,--,USD,3.21,4.97,1,2030-04-02,4.91,3.29,,4.97,3.29,4.97,USD,2020-04-02,2020-04-02
TARGET CORPORATION,Consumer Cyclical,Fixed Income,8511691.89,0.02473,8511691.89,8498000,98.57,United States,--,USD,5.16,4.77,1,2032-09-15,4.5,5.22,,4.77,5.22,4.77,USD,2022-09-13,2022-09-13
T-MOBILE USA INC,Communications,Fixed Income,8509786.73,0.02472,8509786.73,8533000,98.74,United States,--,USD,6.85,5.48,1,2035-05-15,5.3,6.88,,5.48,6.88,5.48,USD,2025-03-27,2025-03-27
BARRICK NA FINANCE LLC,Basic Industry,Fixed Income,8500817.55,0.0247,8500817.55,8564000,97.97,Canada,--,USD,10.39,5.94,1,2043-05-01,5.75,10.46,,5.94,10.46,5.94,USD,2013-05-02,2013-09-20
ACCENTURE CAPITAL INC,Technology,Fixed Income,8501125.22,0.0247,8501125.22,8517000,99.65,United States,--,USD,4.33,5.08,1,2031-07-10,5.0,4.34,,5.08,4.34,5.08,USD,2026-07-10,2026-07-10
CHARTER COMMUNICATIONS OPERATING L,Communications,Fixed Income,8501627.76,0.0247,8501627.76,14915000,55.81,United States,--,USD,13.39,7.41,1,2061-04-01,3.85,13.58,,7.41,13.58,7.41,USD,2020-12-04,2020-12-04
M&T BANK CORPORATION MTN,Banking,Fixed Income,8496759.03,0.02469,8496759.03,8638000,98.28,United States,--,USD,6.56,5.62,1,2036-01-16,5.38,6.71,,5.62,6.71,5.62,USD,2024-12-17,2024-12-17
PROLOGIS LP,Reits,Fixed Income,8496873.35,0.02469,8496873.35,9265000,91.17,United States,--,USD,13.35,5.91,1,2053-06-15,5.25,13.64,,5.91,13.64,5.91,USD,2023-03-30,2023-03-30
PHILIP MORRIS INTERNATIONAL INC,Consumer Non-Cyclical,Fixed Income,8495318.87,0.02468,8495318.87,8871000,94.7,United States,--,USD,7.28,5.36,1,2035-10-29,4.63,7.31,,5.36,7.31,5.36,USD,2025-10-29,2025-10-29
ZOETIS INC,Consumer Non-Cyclical,Fixed Income,8490080.62,0.02467,8490080.62,8202000,102.49,United States,--,USD,5.16,5.13,1,2032-11-16,5.6,5.23,,5.12,5.06,5.12,USD,2022-11-16,2022-11-16
COCA-COLA CO,Consumer Non-Cyclical,Fixed Income,8487306.13,0.02466,8487306.13,11789000,71.64,United States,--,USD,10.95,5.44,1,2040-06-01,2.5,10.97,,5.44,10.97,5.44,USD,2020-05-01,2020-05-01
LOCKHEED MARTIN CORPORATION,Capital Goods,Fixed Income,8487760.62,0.02466,8487760.62,8673000,96.8,United States,--,USD,13.31,5.93,1,2054-11-15,5.7,13.6,,5.93,13.6,5.93,USD,2022-10-24,2022-10-24
BAT CAPITAL CORP,Consumer Non-Cyclical,Fixed Income,8489248.15,0.02466,8489248.15,8165000,101.52,United Kingdom,--,USD,6.84,5.41,1,2035-08-15,5.63,6.88,,5.41,6.73,5.41,USD,2025-03-13,2025-03-13
INTUIT INC,Technology,Fixed Income,8483741.04,0.02465,8483741.04,8607000,97.94,United States,--,USD,7.46,5.77,1,2036-06-15,5.5,7.47,,5.77,7.47,5.77,USD,2026-06-11,2026-06-11
CHARTER COMMUNICATIONS OPERATING L,Communications,Fixed Income,8479577.05,0.02464,8479577.05,12471000,67.5,United States,--,USD,10.45,7.07,1,2041-06-01,3.5,10.43,,7.07,10.43,7.07,USD,2021-03-04,2021-03-04
AMERICAN HONDA FINANCE CORPORATION MTN,Consumer Cyclical,Fixed Income,8479585.12,0.02464,8479585.12,8528000,99.26,United States,--,USD,4.35,5.22,1,2031-07-10,5.05,4.33,,5.22,4.33,5.22,USD,2024-07-10,2024-07-10
FLORIDA POWER & LIGHT CO,Electric,Fixed Income,8481360.1,0.02464,8481360.1,8383000,100.63,United States,--,USD,6.31,5.2,1,2034-06-15,5.3,6.36,,5.2,6.2,5.2,USD,2024-06-03,2024-06-03
TRUIST BANK,Banking,Fixed Income,8481968.91,0.02464,8481968.91,9280000,90.58,United States,--,USD,3.39,5.12,1,2030-03-11,2.25,3.39,,5.12,3.39,5.12,USD,2020-03-09,2020-03-09
EQUITABLE HOLDINGS INC,Insurance,Fixed Income,8479518.26,0.02463,8479518.26,9877000,84.57,United States,--,USD,11.94,6.31,1,2048-04-20,5.0,12.15,,6.31,12.15,6.31,USD,2018-10-20,2019-01-16
WALMART INC,Consumer Cyclical,Fixed Income,8472717.79,0.02462,8472717.79,9628000,87.4,United States,--,USD,4.79,4.56,1,2031-09-22,1.8,4.8,,4.56,4.8,4.56,USD,2021-09-22,2021-09-22
MITSUBISHI UFJ FINANCIAL GROUP INC,Banking,Fixed Income,8473194.6,0.02462,8473194.6,8884000,95.34,Japan,--,USD,2.81,4.94,1,2029-07-18,3.19,2.8,,4.94,2.8,4.94,USD,2019-07-18,2019-07-18
HOME DEPOT INC,Consumer Cyclical,Fixed Income,8469871.27,0.02461,8469871.27,9266000,89.28,United States,--,USD,10.89,5.86,1,2044-02-15,4.88,11.04,,5.86,11.04,5.86,USD,2013-09-10,2013-09-10
BANCO SANTANDER SA,Banking,Fixed Income,8470670.31,0.02461,8470670.31,8199000,103.23,Spain,--,USD,6.64,5.55,1,2035-01-17,6.03,6.61,,5.55,6.61,5.55,USD,2025-01-17,2025-01-17
DUKE ENERGY FLORIDA LLC,Electric,Fixed Income,8464015.73,0.02459,8464015.73,7856000,107.08,United States,--,USD,8.35,5.58,1,2038-06-15,6.4,8.35,,5.58,8.35,5.58,USD,2008-06-18,2008-06-18
APPLE INC,Technology,Fixed Income,8465687.52,0.02459,8465687.52,9445000,88.66,United States,--,USD,13.69,5.68,1,2053-05-10,4.85,13.99,,5.68,13.99,5.68,USD,2023-05-10,2023-05-10
NOMURA HOLDINGS INC,Brokerage/Asset Managers/Exchanges,Fixed Income,8460008.45,0.02458,8460008.45,8270000,101.99,Japan,--,USD,6.33,5.49,1,2034-07-03,5.78,6.31,,5.49,6.31,5.49,USD,2024-07-03,2024-07-03
PAYPAL HOLDINGS INC,Technology,Fixed Income,8456573.11,0.02457,8456573.11,9761000,85.92,United States,--,USD,13.04,6.14,1,2052-06-01,5.05,13.29,,6.14,13.29,6.14,USD,2022-05-23,2022-05-23
APPLE INC,Technology,Fixed Income,8453739.93,0.02456,8453739.93,13170000,63.12,United States,--,USD,14.13,5.89,1,2049-09-11,2.95,14.35,,5.89,14.35,5.89,USD,2019-09-11,2019-09-11
ALLSTATE CORPORATION (THE),Insurance,Fixed Income,8454967.36,0.02456,8454967.36,8279000,100.49,United States,--,USD,5.44,5.16,1,2033-03-30,5.25,5.5,,5.16,5.32,5.16,USD,2023-03-31,2023-03-31
DUKE ENERGY CORP,Electric,Fixed Income,8449757.48,0.02455,8449757.48,9785000,84.17,United States,--,USD,12.81,6.24,1,2052-08-15,5.0,13.06,,6.24,13.06,6.24,USD,2022-08-11,2022-08-11
UNITEDHEALTH GROUP INC,Insurance,Fixed Income,8441787.36,0.02453,8441787.36,8374000,100.26,United States,--,USD,6.94,5.26,1,2035-06-15,5.3,6.99,,5.26,6.83,5.26,USD,2025-06-20,2025-06-20
UNITED PARCEL SERVICE INC,Transportation,Fixed Income,8444620.06,0.02453,8444620.06,9463000,87.29,United States,--,USD,13.11,6.01,1,2053-03-03,5.05,13.38,,6.01,13.38,6.01,USD,2023-02-27,2023-02-27
MOTOROLA SOLUTIONS INC,Technology,Fixed Income,8438660.03,0.02452,8438660.03,8240000,99.99,United States,--,USD,6.85,5.55,1,2035-08-15,5.55,6.88,,5.55,6.88,5.55,USD,2025-06-16,2025-06-16
WORKDAY INC,Technology,Fixed Income,8439263.69,0.02452,8439263.69,9009000,92.5,United States,--,USD,4.94,5.34,1,2032-04-01,3.8,4.95,,5.34,4.95,5.34,USD,2022-04-01,2022-04-01
RIO TINTO FINANCE (USA) PLC,Basic Industry,Fixed Income,8439421.67,0.02452,8439421.67,9226000,89.58,Australia,--,USD,13.15,5.93,1,2053-03-09,5.13,13.43,,5.93,13.43,5.93,USD,2023-03-09,2023-03-09
LOWES COMPANIES INC,Consumer Cyclical,Fixed Income,8432645.57,0.0245,8432645.57,13678000,60.84,United States,--,USD,14.27,6.12,1,2050-10-15,3.0,14.49,,6.12,14.49,6.12,USD,2020-10-22,2020-10-22
MCDONALDS CORPORATION MTN,Consumer Cyclical,Fixed Income,8433328.46,0.0245,8433328.46,8428000,97.85,United States,--,USD,7.3,5.29,1,2036-02-13,5.0,7.33,,5.29,7.33,5.29,USD,2025-08-27,2025-08-27
ONCOR ELECTRIC DELIVERY COMPANY LL,Electric,Fixed Income,8422269.85,0.02447,8422269.85,8118000,102.7,United States,--,USD,5.83,5.2,1,2033-11-15,5.65,5.9,,5.19,5.73,5.19,USD,2023-11-13,2024-01-22
MASTERCARD INC,Technology,Fixed Income,8418624.02,0.02446,8418624.02,11073000,74.79,United States,--,USD,13.48,5.83,1,2050-03-26,3.85,13.73,,5.83,13.73,5.83,USD,2020-03-26,2020-03-26
WELLTOWER OP LLC,Reits,Fixed Income,8419415.01,0.02446,8419415.01,9223000,90.89,United States,--,USD,4.43,4.93,1,2031-06-01,2.8,4.43,,4.93,4.43,4.93,USD,2021-03-25,2021-03-25
CONSOLIDATED EDISON COMPANY OF NEW,Electric,Fixed Income,8416255.99,0.02445,8416255.99,8761000,95.0,United States,--,USD,13.09,6.07,1,2054-05-15,5.7,13.37,,6.07,13.37,6.07,USD,2024-05-09,2024-05-09
COREBRIDGE FINANCIAL INC,Insurance,Fixed Income,8410927.76,0.02444,8410927.76,10730000,77.08,United States,--,USD,13.26,6.19,1,2052-04-05,4.4,13.51,,6.19,13.51,6.19,USD,2023-04-05,2023-05-24
COMCAST CORPORATION,Communications,Fixed Income,8411438.46,0.02444,8411438.46,9692000,85.99,United States,--,USD,12.55,6.77,1,2054-06-01,5.65,12.78,,6.77,12.78,6.77,USD,2024-05-22,2024-05-22
GOLDMAN SACHS CAPITAL I,Banking,Fixed Income,8408095.86,0.02443,8408095.86,7917000,103.44,United States,--,USD,5.86,5.78,1,2034-02-15,6.34,5.82,,5.78,5.82,5.78,USD,2004-02-20,2004-02-20
BAT CAPITAL CORP,Consumer Non-Cyclical,Fixed Income,8409133.02,0.02443,8409133.02,7511000,108.61,United Kingdom,--,USD,9.69,6.25,1,2043-08-02,7.08,9.83,,6.24,9.67,6.24,USD,2023-08-02,2023-08-02
KEURIG DR PEPPER INC,Consumer Non-Cyclical,Fixed Income,8409667.41,0.02443,8409667.41,8849000,93.94,United States,--,USD,4.94,5.29,1,2032-04-15,4.05,4.96,,5.29,4.96,5.29,USD,2022-04-22,2022-04-22
COCA-COLA CO,Consumer Non-Cyclical,Fixed Income,8401736.99,0.02441,8401736.99,9351000,89.09,United States,--,USD,4.29,4.65,1,2031-03-05,2.0,4.29,,4.65,4.29,4.65,USD,2021-03-05,2021-03-05
BHP BILLITON FINANCE (USA) LTD,Basic Industry,Fixed Income,8398599.73,0.0244,8398599.73,8117000,101.52,Australia,--,USD,3.56,4.87,1,2030-09-08,5.25,3.61,,4.86,3.48,4.86,USD,2023-09-08,2023-09-08
PHILIP MORRIS INTERNATIONAL INC,Consumer Non-Cyclical,Fixed Income,8400198.36,0.0244,8400198.36,10183000,81.64,United States,--,USD,11.66,5.9,1,2044-11-10,4.25,11.77,,5.9,11.77,5.9,USD,2014-11-10,2014-11-10
MCDONALDS CORPORATION MTN,Consumer Cyclical,Fixed Income,8394083.02,0.02439,8394083.02,10082000,81.52,United States,--,USD,12.01,6.03,1,2047-03-01,4.45,12.23,,6.03,12.23,6.03,USD,2017-03-09,2017-03-09
UNITEDHEALTH GROUP INC,Insurance,Fixed Income,8394659.21,0.02439,8394659.21,11550000,71.07,United States,--,USD,13.22,6.04,1,2049-08-15,3.7,13.44,,6.04,13.44,6.04,USD,2019-07-25,2019-07-25
BLACKSTONE PRIVATE CREDIT FUND,Finance Companies,Fixed Income,8396817.04,0.02439,8396817.04,8348000,97.7,United States,--,USD,4.5,6.5,1,2032-01-29,6.0,4.49,,6.5,4.49,6.5,USD,2025-01-29,2025-01-29
HONDA MOTOR CO LTD,Consumer Cyclical,Fixed Income,8392629.48,0.02438,8392629.48,8486000,98.72,Japan,--,USD,3.55,5.09,1,2030-07-08,4.69,3.56,,5.09,3.56,5.09,USD,2025-07-02,2025-07-02
PACIFICORP,Electric,Fixed Income,8393184.79,0.02438,8393184.79,8186000,100.65,United States,--,USD,7.21,5.71,1,2036-04-15,5.8,7.24,,5.71,7.1,5.71,USD,2026-03-25,2026-03-25
MIDAMERICAN ENERGY COMPANY,Electric,Fixed Income,8386922.87,0.02437,8386922.87,8410000,97.66,United States,--,USD,13.0,6.02,1,2054-09-15,5.85,13.28,,6.02,13.28,6.02,USD,2023-09-07,2023-09-07
GEORGIA POWER COMPANY,Electric,Fixed Income,8380361.37,0.02435,8380361.37,8373000,99.19,United States,--,USD,5.54,5.09,1,2033-05-17,4.95,5.67,,5.09,5.67,5.09,USD,2023-05-04,2023-05-04
J M SMUCKER CO,Consumer Non-Cyclical,Fixed Income,8381171.36,0.02435,8381171.36,7881000,105.19,United States,--,USD,5.75,5.33,1,2033-11-15,6.2,5.81,,5.31,5.65,5.31,USD,2023-10-25,2023-10-25
BAT CAPITAL CORP,Consumer Non-Cyclical,Fixed Income,8381237.37,0.02435,8381237.37,8375000,98.41,United Kingdom,--,USD,4.76,5.07,1,2032-03-16,4.74,4.81,,5.07,4.81,5.07,USD,2022-03-16,2022-03-16
CONOCOPHILLIPS CO,Energy,Fixed Income,8379212.47,0.02434,8379212.47,8508000,98.39,United States,--,USD,6.77,5.24,1,2035-01-15,5.0,6.82,,5.24,6.82,5.24,USD,2024-12-05,2024-12-05
US BANCORP MTN,Banking,Fixed Income,8375099.09,0.02433,8375099.09,8122000,100.58,United States,--,USD,2.68,4.9,1,2030-07-23,5.1,2.68,,4.89,2.69,4.89,USD,2024-07-23,2024-07-23
BARRICK NORTH AMERICA FINANCE LLC,Basic Industry,Fixed Income,8366788.98,0.02431,8366788.98,8428000,98.45,Canada,--,USD,9.77,5.86,1,2041-05-30,5.7,9.8,,5.86,9.8,5.86,USD,2011-06-01,2011-09-07
JOHNSON & JOHNSON,Consumer Non-Cyclical,Fixed Income,8362890.6,0.0243,8362890.6,8635000,96.11,United States,--,USD,13.86,5.53,1,2054-06-01,5.25,14.17,,5.53,14.17,5.53,USD,2024-05-20,2024-05-20
BANK OF NOVA SCOTIA (FXD-FRN) MTN,Banking,Fixed Income,8365757.04,0.0243,8365757.04,8157000,100.31,Canada,--,USD,3.15,4.97,1,2031-02-14,5.13,3.15,,4.97,3.15,4.97,USD,2025-02-04,2025-02-04
LOWES COMPANIES INC,Consumer Cyclical,Fixed Income,8361562.31,0.02429,8361562.31,11038000,74.38,United States,--,USD,14.55,6.25,1,2062-04-01,4.45,14.83,,6.25,14.83,6.25,USD,2022-03-24,2022-03-24
PHILIP MORRIS INTERNATIONAL INC,Consumer Non-Cyclical,Fixed Income,8356694.06,0.02428,8356694.06,7980000,102.61,United States,--,USD,5.65,5.18,1,2033-09-07,5.63,5.72,,5.17,5.55,5.17,USD,2023-09-07,2023-09-07
ELEVANCE HEALTH INC,Insurance,Fixed Income,8358451.64,0.02428,8358451.64,8408000,97.34,United States,--,USD,5.4,5.23,1,2033-02-15,4.75,5.44,,5.23,5.44,5.23,USD,2023-02-08,2023-02-08
ACCENTURE CAPITAL INC,Technology,Fixed Income,8358948.73,0.02428,8358948.73,8383000,99.54,United States,--,USD,5.73,5.38,1,2033-07-10,5.3,5.75,,5.38,5.75,5.38,USD,2026-07-10,2026-07-10
CITIGROUP INC,Banking,Fixed Income,8352674.16,0.02427,8352674.16,7737000,107.28,United States,--,USD,4.88,5.18,1,2032-06-15,6.63,4.86,,5.18,4.86,5.18,USD,2002-06-06,2002-06-06
TORONTO-DOMINION BANK/THE MTN,Banking,Fixed Income,8354242.0,0.02427,8354242.0,8314000,100.02,Canada,--,USD,3.1,4.78,1,2029-12-17,4.78,3.09,,4.78,3.09,4.78,USD,2024-12-17,2024-12-17
JOHNSON & JOHNSON,Consumer Non-Cyclical,Fixed Income,8354405.26,0.02427,8354405.26,9226000,89.16,United States,--,USD,7.75,4.98,1,2036-03-01,3.55,7.81,,4.98,7.81,4.98,USD,2016-03-01,2016-03-01
NOMURA HOLDINGS INC,Brokerage/Asset Managers/Exchanges,Fixed Income,8346326.58,0.02425,8346326.58,9149000,91.18,Japan,--,USD,3.71,5.19,1,2030-07-16,2.68,3.7,,5.19,3.7,5.19,USD,2020-07-13,2020-07-13
IBM INTERNATIONAL CAPITAL PTE LTD,Technology,Fixed Income,8347708.28,0.02425,8347708.28,8458000,96.42,United States,--,USD,6.03,5.49,1,2034-02-05,4.9,6.05,,5.49,6.05,5.49,USD,2024-02-05,2024-02-05
BARCLAYS PLC,Banking,Fixed Income,8342484.34,0.02424,8342484.34,9362000,88.64,United Kingdom,--,USD,4.74,5.37,1,2032-11-24,2.89,4.8,,5.37,4.8,5.37,USD,2021-11-24,2021-11-24
TRUIST FINANCIAL CORP MTN,Banking,Fixed Income,8343001.59,0.02424,8343001.59,8461000,97.3,United States,--,USD,7.23,5.6,1,2037-04-23,5.28,7.4,,5.6,7.4,5.6,USD,2026-04-23,2026-04-23
BURLINGTON NORTHERN SANTA FE LLC,Transportation,Fixed Income,8338702.63,0.02423,8338702.63,10197000,80.5,United States,--,USD,11.75,5.88,1,2045-04-01,4.15,11.92,,5.88,11.92,5.88,USD,2015-03-09,2015-03-09
DUPONT DE NEMOURS INC,Basic Industry,Fixed Income,8338845.67,0.02423,8338845.67,9050000,91.13,United States,--,USD,12.01,6.15,1,2048-11-15,5.42,12.24,,6.15,12.24,6.15,USD,2018-11-28,2018-11-28
DIAMONDBACK ENERGY INC,Energy,Fixed Income,8339198.67,0.02423,8339198.67,8085000,100.68,United States,--,USD,3.09,4.94,1,2030-01-30,5.15,3.11,,4.93,3.04,4.93,USD,2024-04-18,2024-04-18
DOMINION ENERGY INC,Electric,Fixed Income,8341653.09,0.02423,8341653.09,8278000,100.26,United States,--,USD,3.47,4.93,1,2030-06-15,5.0,3.49,,4.93,3.49,4.93,USD,2025-03-11,2025-03-11
REPUBLIC SERVICES INC,Capital Goods,Fixed Income,8335406.11,0.02422,8335406.11,9755000,84.68,United States,--,USD,5.14,4.93,1,2032-02-15,1.75,5.13,,4.93,5.13,4.93,USD,2020-11-24,2020-11-24
COMCAST CORPORATION,Communications,Fixed Income,8337049.32,0.02422,8337049.32,11281000,73.17,United States,--,USD,9.97,6.25,1,2039-11-01,3.25,9.98,,6.25,9.98,6.25,USD,2019-11-05,2019-11-05
US BANCORP MTN,Banking,Fixed Income,8332557.47,0.02421,8332557.47,8380000,99.43,United States,--,USD,7.47,5.49,1,2037-07-27,5.47,7.63,,5.49,7.48,5.49,USD,2026-07-27,2026-07-27
COSTCO WHOLESALE CORPORATION,Consumer Cyclical,Fixed Income,8329274.79,0.0242,8329274.79,9663000,85.75,United States,--,USD,5.31,4.6,1,2032-04-20,1.75,5.31,,4.6,5.31,4.6,USD,2020-04-20,2020-04-20
AON CORP,Insurance,Fixed Income,8329730.34,0.0242,8329730.34,8098000,100.72,United States,--,USD,5.34,5.22,1,2033-02-28,5.35,5.39,,5.22,5.22,5.22,USD,2023-02-28,2023-02-28
BRISTOL-MYERS SQUIBB CO,Consumer Non-Cyclical,Fixed Income,8330207.63,0.0242,8330207.63,14633000,56.44,United States,--,USD,15.04,5.97,1,2050-11-13,2.55,15.25,,5.97,15.25,5.97,USD,2020-11-13,2020-11-13
SHELL FINANCE US INC,Energy,Fixed Income,8331084.65,0.0242,8331084.65,8900000,93.11,United States,--,USD,3.09,4.65,1,2029-11-07,2.38,3.09,,4.65,3.09,4.65,USD,2024-05-07,2024-10-08
THERMO FISHER SCIENTIFIC INC,Consumer Non-Cyclical,Fixed Income,8326784.36,0.02419,8326784.36,8097000,100.6,United States,--,USD,3.51,4.81,1,2030-08-10,4.98,3.55,,4.81,3.42,4.81,USD,2023-08-10,2023-08-10
INTEL CORPORATION,Technology,Fixed Income,8327883.6,0.02419,8327883.6,8419000,97.78,United States,--,USD,5.78,5.38,1,2033-08-15,5.0,5.8,,5.38,5.8,5.38,USD,2026-04-30,2026-04-30
BRISTOL-MYERS SQUIBB CO,Consumer Non-Cyclical,Fixed Income,8322692.01,0.02418,8322692.01,10258000,80.32,United States,--,USD,12.44,6.0,1,2047-11-15,4.35,12.67,,6.0,12.67,6.0,USD,2020-05-15,2020-07-15
CANADIAN PACIFIC RAILWAY COMPANY,Transportation,Fixed Income,8323952.01,0.02418,8323952.01,11519000,71.85,Canada,--,USD,11.3,5.79,1,2041-12-02,3.0,11.37,,5.79,11.37,5.79,USD,2021-12-02,2021-12-02
TOYOTA MOTOR CREDIT CORP MTN,Consumer Cyclical,Fixed Income,8315258.16,0.02416,8315258.16,8489000,97.73,United States,--,USD,6.18,5.17,1,2034-01-05,4.8,6.16,,5.17,6.16,5.17,USD,2024-01-05,2024-01-05
MIZUHO FINANCIAL GROUP INC,Banking,Fixed Income,8317235.32,0.02416,8317235.32,8048000,102.47,Japan,--,USD,5.49,5.41,1,2034-05-27,5.75,5.57,,5.35,5.57,5.35,USD,2023-02-27,2023-02-27
AMGEN INC,Consumer Non-Cyclical,Fixed Income,8317691.89,0.02416,8317691.89,8620000,94.85,United States,--,USD,5.54,5.13,1,2033-03-01,4.2,5.57,,5.13,5.57,5.13,USD,2022-08-18,2022-08-18
BAT CAPITAL CORP,Consumer Non-Cyclical,Fixed Income,8309322.69,0.02414,8309322.69,8473000,96.53,United Kingdom,--,USD,5.58,5.25,1,2033-03-22,4.63,5.56,,5.25,5.56,5.25,USD,2025-09-22,2025-09-22
TOYOTA MOTOR CREDIT CORP MTN,Consumer Cyclical,Fixed Income,8304890.82,0.02413,8304890.82,8246000,100.52,United States,--,USD,6.75,5.27,1,2035-01-09,5.35,6.73,,5.27,6.73,5.27,USD,2025-01-09,2025-01-09
SHELL FINANCE US INC,Energy,Fixed Income,8299402.59,0.02411,8299402.59,10908000,74.73,United States,--,USD,12.49,5.91,1,2046-09-12,3.75,12.65,,5.91,12.65,5.91,USD,2024-09-12,2024-10-08
GEORGIA POWER COMPANY,Electric,Fixed Income,8300530.0,0.02411,8300530.0,9161000,89.65,United States,--,USD,13.14,5.91,1,2052-05-15,5.13,13.41,,5.91,13.41,5.91,USD,2022-05-04,2022-05-04
ELI LILLY AND COMPANY,Consumer Non-Cyclical,Fixed Income,8294100.19,0.0241,8294100.19,8093000,100.31,United States,--,USD,4.68,4.84,1,2032-02-12,4.9,4.71,,4.84,4.59,4.84,USD,2025-02-12,2025-02-12
DUKE ENERGY CORP,Electric,Fixed Income,8294914.2,0.0241,8294914.2,11261000,72.19,United States,--,USD,12.28,6.19,1,2046-09-01,3.75,12.46,,6.19,12.46,6.19,USD,2016-08-12,2016-08-12
TARGA RESOURCES CORP,Energy,Fixed Income,8280438.65,0.02406,8280438.65,8174000,99.57,United States,--,USD,3.64,5.01,1,2030-09-15,4.9,3.65,,5.01,3.65,5.01,USD,2025-06-18,2025-06-18
TIME WARNER CABLE LLC,Communications,Fixed Income,8281883.05,0.02406,8281883.05,11136000,72.78,United States,--,USD,10.13,7.42,1,2042-09-15,4.5,10.14,,7.42,10.14,7.42,USD,2012-08-10,2012-08-10
PNC FINANCIAL SERVICES GROUP INC (,Banking,Fixed Income,8264032.38,0.02401,8264032.38,8213000,99.68,United States,--,USD,3.39,5.0,1,2031-05-13,4.9,3.4,,4.99,3.4,4.99,USD,2025-05-13,2025-05-13
CME GROUP INC,Brokerage/Asset Managers/Exchanges,Fixed Income,8260839.99,0.024,8260839.99,8219000,98.96,United States,--,USD,3.26,4.71,1,2030-03-15,4.4,3.28,,4.71,3.28,4.71,USD,2025-03-10,2025-03-10
PACIFIC GAS AND ELECTRIC COMPANY,Electric,Fixed Income,8256180.41,0.02399,8256180.41,11013000,73.4,United States,--,USD,10.22,6.16,1,2040-08-01,3.3,10.25,,6.16,10.25,6.16,USD,2020-06-19,2020-06-19
MEDTRONIC GLOBAL HOLDINGS SCA,Consumer Non-Cyclical,Fixed Income,8257678.57,0.02399,8257678.57,8406000,96.84,United States,--,USD,5.56,5.06,1,2033-03-30,4.5,5.61,,5.06,5.61,5.06,USD,2023-03-30,2023-03-30
ING GROEP NV,Banking,Fixed Income,8259209.38,0.02399,8259209.38,9089000,90.03,Netherlands,--,USD,4.31,5.11,1,2032-04-01,2.73,4.27,,5.11,4.27,5.11,USD,2021-04-01,2021-04-01
MPLX LP,Energy,Fixed Income,8253668.78,0.02398,8253668.78,8292000,97.18,United States,--,USD,7.27,5.68,1,2036-04-01,5.3,7.28,,5.68,7.28,5.68,USD,2026-02-12,2026-02-12
VICI PROPERTIES LP,Consumer Cyclical,Fixed Income,8254578.72,0.02398,8254578.72,8253000,98.28,United States,--,USD,6.64,5.88,1,2035-04-01,5.63,6.66,,5.88,6.66,5.88,USD,2025-04-07,2025-04-07
UNION PACIFIC CORPORATION,Transportation,Fixed Income,8255246.96,0.02398,8255246.96,11875000,67.98,United States,--,USD,14.34,5.9,1,2053-02-14,3.5,14.59,,5.9,14.59,5.9,USD,2022-02-14,2022-02-14
PNC FINANCIAL SERVICES GROUP INC (,Banking,Fixed Income,8246211.76,0.02396,8246211.76,9272000,88.37,United States,--,USD,4.37,5.01,1,2032-04-23,2.31,4.37,,5.01,4.37,5.01,USD,2021-04-23,2021-04-23
UNITED PARCEL SERVICE INC,Transportation,Fixed Income,8246303.44,0.02396,8246303.44,8239000,98.95,United States,--,USD,14.33,6.12,1,2065-05-14,6.05,14.62,,6.12,14.62,6.12,USD,2025-05-14,2025-05-14
LOCKHEED MARTIN CORPORATION,Capital Goods,Fixed Income,8246749.6,0.02396,8246749.6,8901000,90.38,United States,--,USD,13.46,5.9,1,2055-02-15,5.2,13.74,,5.9,13.74,5.9,USD,2023-05-25,2023-05-25
PHILLIPS 66 CO,Energy,Fixed Income,8248045.93,0.02396,8248045.93,8213000,100.1,United States,--,USD,5.68,5.28,1,2033-06-30,5.3,5.73,,5.28,5.73,5.28,USD,2023-03-29,2023-03-29
DOLLAR GENERAL CORP,Consumer Cyclical,Fixed Income,8239291.19,0.02394,8239291.19,8182000,100.44,United States,--,USD,5.67,5.37,1,2033-07-05,5.45,5.71,,5.37,5.54,5.37,USD,2023-06-07,2023-06-07
KRAFT HEINZ FOODS CO,Consumer Non-Cyclical,Fixed Income,8241079.82,0.02394,8241079.82,7462000,107.08,United States,--,USD,8.23,6.06,1,2039-01-26,6.88,8.22,,6.06,8.22,6.06,USD,2012-07-26,2013-01-14
TRUIST FINANCIAL CORP MTN,Banking,Fixed Income,8228949.26,0.02391,8228949.26,7792000,104.18,United States,--,USD,5.05,5.4,1,2033-10-28,6.12,5.11,,5.33,5.12,5.33,USD,2022-10-28,2022-10-28
ELEVANCE HEALTH INC,Insurance,Fixed Income,8225193.61,0.0239,8225193.61,9316000,86.06,United States,--,USD,12.86,6.2,1,2053-02-15,5.13,13.11,,6.2,13.11,6.2,USD,2023-02-08,2023-02-08
BHP BILLITON FINANCE (USA) LTD,Basic Industry,Fixed Income,8225714.31,0.0239,8225714.31,9594000,84.04,Australia,--,USD,10.65,5.71,1,2042-02-24,4.13,10.7,,5.71,10.7,5.71,USD,2012-02-24,2012-02-24
SIMON PROPERTY GROUP LP,Reits,Fixed Income,8221614.5,0.02389,8221614.5,8222000,98.42,United States,--,USD,7.09,5.34,1,2035-10-01,5.13,7.12,,5.34,7.12,5.34,USD,2025-08-19,2025-08-19
BOEING CO,Capital Goods,Fixed Income,8222937.1,0.02389,8222937.1,9455000,85.43,United States,--,USD,7.09,5.41,1,2035-02-01,3.25,7.09,,5.41,7.09,5.41,USD,2019-07-31,2019-07-31
NORTHROP GRUMMAN CORP,Capital Goods,Fixed Income,8223344.7,0.02389,8223344.7,9117000,89.46,United States,--,USD,13.48,5.98,1,2054-06-01,5.2,13.75,,5.98,13.75,5.98,USD,2024-01-31,2024-01-31
DOMINION ENERGY INC,Electric,Fixed Income,8218613.66,0.02388,8218613.66,8314000,98.15,United States,--,USD,7.5,5.59,1,2036-06-15,5.35,7.52,,5.59,7.52,5.59,USD,2026-06-05,2026-06-05
ASTRAZENECA PLC,Consumer Non-Cyclical,Fixed Income,8214684.7,0.02387,8214684.7,9633000,84.47,United Kingdom,--,USD,12.01,5.71,1,2045-11-16,4.38,12.17,,5.71,12.17,5.71,USD,2015-11-16,2015-11-16
AERCAP IRELAND CAPITAL DAC,Finance Companies,Fixed Income,8216961.17,0.02387,8216961.17,8509000,96.48,Ireland,--,USD,5.48,5.4,1,2033-01-15,4.75,5.48,,5.4,5.48,5.4,USD,2026-01-15,2026-01-15
FISERV INC,Technology,Fixed Income,8212738.31,0.02386,8212738.31,8241000,97.73,United States,--,USD,6.01,5.82,1,2034-03-15,5.45,6.04,,5.82,6.04,5.82,USD,2024-03-04,2024-03-04
OCCIDENTAL PETROLEUM CORPORATION,Energy,Fixed Income,8210175.3,0.02385,8210175.3,8113000,100.88,United States,--,USD,4.63,5.19,1,2032-01-01,5.38,4.66,,5.18,4.53,5.18,USD,2024-07-26,2024-07-26
UNITEDHEALTH GROUP INC,Insurance,Fixed Income,8204308.16,0.02384,8204308.16,11091000,72.96,United States,--,USD,12.78,6.02,1,2047-10-15,3.75,12.99,,6.02,12.99,6.02,USD,2017-10-25,2017-10-25
HCA INC,Consumer Non-Cyclical,Fixed Income,8204702.54,0.02384,8204702.54,8569000,94.84,United States,--,USD,7.24,5.62,1,2035-11-15,4.9,7.26,,5.62,7.26,5.62,USD,2025-10-31,2025-10-31
HUMANA INC,Insurance,Fixed Income,8206945.75,0.02384,8206945.75,8932000,90.33,United States,--,USD,12.61,6.51,1,2054-04-15,5.75,12.86,,6.51,12.86,6.51,USD,2024-03-13,2024-03-13
MANULIFE FINANCIAL CORP,Insurance,Fixed Income,8202558.34,0.02383,8202558.34,8444000,96.57,Canada,--,USD,7.3,5.46,1,2035-12-11,4.99,7.33,,5.46,7.33,5.46,USD,2025-12-11,2025-12-11
TORONTO-DOMINION BANK/THE MTN,Banking,Fixed Income,8191521.18,0.0238,8191521.18,7916000,100.95,Canada,--,USD,4.64,5.1,1,2032-01-30,5.3,4.63,,5.1,4.63,5.1,USD,2025-01-31,2025-01-31
T-MOBILE USA INC,Communications,Fixed Income,8188623.17,0.02379,8188623.17,8002000,102.22,United States,--,USD,5.98,5.39,1,2034-01-15,5.75,6.03,,5.38,5.87,5.38,USD,2023-09-14,2023-09-14
JBS USA HOLDING LUX SARL,Consumer Non-Cyclical,Fixed Income,8189940.67,0.02379,8189940.67,7678000,105.32,Brazil,--,USD,11.81,6.82,1,2053-11-15,7.25,12.03,,6.81,11.95,6.81,USD,2024-11-15,2024-11-25
DOMINION ENERGY INC,Electric,Fixed Income,8190187.01,0.02379,8190187.01,8045000,100.8,United States,--,USD,5.2,5.22,1,2032-11-15,5.38,5.25,,5.22,5.07,5.22,USD,2022-11-18,2022-11-18
MARRIOTT INTERNATIONAL INC,Consumer Cyclical,Fixed Income,8185445.89,0.02378,8185445.89,8154000,99.4,United States,--,USD,6.22,5.39,1,2034-05-15,5.3,6.26,,5.39,6.26,5.39,USD,2024-02-22,2024-02-22
BOSTON PROPERTIES LP,Reits,Fixed Income,8186875.64,0.02378,8186875.64,9951000,81.52,United States,--,USD,6.35,5.61,1,2033-10-01,2.45,6.33,,5.61,6.33,5.61,USD,2021-09-29,2021-09-29
BROADRIDGE FINANCIAL SOLUTIONS INC,Technology,Fixed Income,8182016.82,0.02377,8182016.82,9165000,88.69,United States,--,USD,4.37,5.31,1,2031-05-01,2.6,4.36,,5.31,4.36,5.31,USD,2021-05-17,2021-05-17
AMERIPRISE FINANCIAL INC,Brokerage/Asset Managers/Exchanges,Fixed Income,8178813.52,0.02376,8178813.52,8096000,100.06,United States,--,USD,5.58,5.14,1,2033-05-15,5.15,5.63,,5.14,5.63,5.14,USD,2023-03-09,2023-03-09
TRAVELERS COMPANIES INC MTN,Insurance,Fixed Income,8174982.18,0.02375,8174982.18,7636000,106.42,United States,--,USD,7.91,5.46,1,2037-06-15,6.25,7.9,,5.46,7.9,5.46,USD,2007-05-29,2007-05-29
ORACLE CORPORATION,Technology,Fixed Income,8170528.72,0.02374,8170528.72,8407000,95.85,United States,--,USD,2.9,5.64,1,2029-09-27,4.2,2.88,,5.64,2.88,5.64,USD,2024-09-27,2024-09-27
WASTE CONNECTIONS INC,Capital Goods,Fixed Income,8166744.93,0.02373,8166744.93,8576000,95.15,United States,--,USD,5.54,5.09,1,2033-01-15,4.2,5.57,,5.09,5.57,5.09,USD,2022-08-18,2022-08-18
NXP BV,Technology,Fixed Income,8169228.02,0.02373,8169228.02,9141000,88.88,United States,--,USD,4.41,5.14,1,2031-05-11,2.5,4.4,,5.14,4.4,5.14,USD,2022-05-11,2022-05-16
ANHEUSER-BUSCH INBEV WORLDWIDE INC,Consumer Non-Cyclical,Fixed Income,8169277.63,0.02373,8169277.63,8174000,99.43,Belgium,--,USD,6.37,5.09,1,2034-06-15,5.0,6.42,,5.09,6.42,5.09,USD,2024-03-21,2024-03-21
REALTY INCOME CORPORATION,Reits,Fixed Income,8169441.62,0.02373,8169441.62,8754000,93.26,United States,--,USD,4.08,4.95,1,2031-01-15,3.25,4.09,,4.95,4.09,4.95,USD,2020-05-08,2020-05-08
HOME DEPOT INC,Consumer Cyclical,Fixed Income,8165528.27,0.02372,8165528.27,9641000,83.14,United States,--,USD,11.55,5.9,1,2045-03-15,4.4,11.71,,5.9,11.71,5.9,USD,2014-06-12,2014-06-12
KINDER MORGAN INC,Energy,Fixed Income,8156410.15,0.0237,8156410.15,7935000,100.23,United States,--,USD,5.92,5.36,1,2034-02-01,5.4,5.97,,5.36,5.8,5.36,USD,2024-02-01,2024-02-01
PAYPAL HOLDINGS INC,Technology,Fixed Income,8155406.71,0.02369,8155406.71,8269000,97.9,United States,--,USD,6.29,5.48,1,2034-06-01,5.15,6.32,,5.48,6.32,5.48,USD,2024-05-28,2024-05-28
PAYPAL HOLDINGS INC,Technology,Fixed Income,8155949.46,0.02369,8155949.46,8916000,91.15,United States,--,USD,3.61,4.84,1,2030-06-01,2.3,3.61,,4.84,3.61,4.84,USD,2020-05-18,2020-05-18
ALTRIA GROUP INC,Consumer Non-Cyclical,Fixed Income,8150780.14,0.02368,8150780.14,8541000,94.71,United States,--,USD,3.44,4.95,1,2030-05-06,3.4,3.47,,4.95,3.47,4.95,USD,2020-05-06,2020-05-06
CONAGRA BRANDS INC,Consumer Non-Cyclical,Fixed Income,8142586.85,0.02366,8142586.85,8739000,91.98,United States,--,USD,8.61,6.24,1,2038-11-01,5.3,8.64,,6.24,8.64,6.24,USD,2018-10-22,2018-10-22
HOME DEPOT INC,Consumer Cyclical,Fixed Income,8145425.62,0.02366,8145425.62,10695000,75.76,United States,--,USD,12.71,5.94,1,2047-06-15,3.9,12.94,,5.94,12.94,5.94,USD,2017-06-05,2017-06-05
MASTERCARD INC,Technology,Fixed Income,8136260.6,0.02364,8136260.6,8019000,99.67,United States,--,USD,5.45,4.91,1,2033-03-09,4.85,5.51,,4.91,5.51,4.91,USD,2023-03-09,2023-03-09
PEPSICO INC,Consumer Non-Cyclical,Fixed Income,8133895.35,0.02363,8133895.35,9468000,84.7,United States,--,USD,11.98,5.76,1,2046-04-14,4.45,12.18,,5.76,12.18,5.76,USD,2015-10-14,2015-10-14
HCA INC,Consumer Non-Cyclical,Fixed Income,8128637.91,0.02362,8128637.91,8471000,93.86,United States,--,USD,12.6,6.42,1,2054-09-15,5.95,12.85,,6.42,12.85,6.42,USD,2024-08-12,2024-08-12
TOYOTA MOTOR CREDIT CORP MTN,Consumer Cyclical,Fixed Income,8128396.68,0.02361,8128396.68,8063000,99.92,United States,--,USD,3.43,4.82,1,2030-05-15,4.8,3.42,,4.82,3.42,4.82,USD,2025-05-15,2025-05-15
CHARTER COMMUNICATIONS OPERATING L,Communications,Fixed Income,8119003.82,0.02359,8119003.82,7806000,100.85,United States,--,USD,5.67,6.5,1,2034-02-01,6.65,5.68,,6.5,5.53,6.5,USD,2023-11-10,2023-11-10
SUMITOMO MITSUI FINANCIAL GROUP IN,Banking,Fixed Income,8115067.01,0.02358,8115067.01,7715000,103.12,Japan,--,USD,5.72,5.31,1,2033-09-14,5.81,5.7,,5.31,5.7,5.31,USD,2023-09-14,2023-09-14
MARRIOTT INTERNATIONAL INC,Consumer Cyclical,Fixed Income,8111466.19,0.02357,8111466.19,8837000,91.02,United States,--,USD,4.29,5.0,1,2031-04-15,2.85,4.3,,5.0,4.3,5.0,USD,2021-03-05,2021-03-05
JOHN DEERE CAPITAL CORP MTN,Capital Goods,Fixed Income,8113538.82,0.02357,8113538.82,7992000,100.09,United States,--,USD,6.24,5.08,1,2034-04-11,5.1,6.23,,5.08,6.23,5.08,USD,2024-04-11,2024-04-11
CBRE SERVICES INC,Consumer Cyclical,Fixed Income,8106035.5,0.02355,8106035.5,8314000,97.4,United States,--,USD,5.46,5.38,1,2033-01-15,4.9,5.46,,5.38,5.46,5.38,USD,2025-11-13,2025-11-13
NOVARTIS CAPITAL CORP,Consumer Non-Cyclical,Fixed Income,8106173.33,0.02355,8106173.33,8253000,96.84,Switzerland,--,USD,4.5,4.7,1,2031-09-18,4.0,4.53,,4.7,4.53,4.7,USD,2024-09-18,2024-09-18
WYETH LLC,Consumer Non-Cyclical,Fixed Income,8106942.15,0.02355,8106942.15,7299000,107.98,United States,--,USD,5.83,5.2,1,2034-02-01,6.5,5.81,,5.2,5.81,5.2,USD,2003-12-16,2003-12-16
AMGEN INC,Consumer Non-Cyclical,Fixed Income,8107418.84,0.02355,8107418.84,10504000,75.35,United States,--,USD,14.69,6.11,1,2062-02-22,4.4,14.97,,6.11,14.97,6.11,USD,2022-02-22,2022-02-22
APTIV SWISS HOLDINGS LTD,Consumer Cyclical,Fixed Income,8101112.83,0.02354,8101112.83,13449000,59.8,United States,--,USD,14.38,6.29,1,2051-12-01,3.1,14.6,,6.29,14.6,6.29,USD,2021-11-23,2021-11-23
WELLS FARGO BANK NA,Banking,Fixed Income,8101890.11,0.02354,8101890.11,7754000,101.71,United States,--,USD,7.63,5.63,1,2037-02-01,5.85,7.6,,5.63,7.6,5.63,USD,2007-01-29,2007-01-29
HSBC HOLDINGS PLC,Banking,Fixed Income,8101982.99,0.02354,8101982.99,7405000,108.45,United Kingdom,--,USD,8.18,5.8,1,2038-06-01,6.8,8.17,,5.8,8.17,5.8,USD,2008-05-27,2008-05-27
DOW CHEMICAL CO,Basic Industry,Fixed Income,8102646.41,0.02354,8102646.41,7761000,103.12,United States,--,USD,11.97,6.65,1,2053-05-15,6.9,12.2,,6.65,12.12,6.65,USD,2022-10-26,2022-10-26
EQUINIX EUROPE 2 FINANCING CORPORA,Technology,Fixed Income,8091932.53,0.02351,8091932.53,8063000,99.79,United States,--,USD,6.26,5.53,1,2034-06-15,5.5,6.3,,5.53,6.3,5.53,USD,2024-05-30,2024-05-30
WASTE MANAGEMENT INC,Capital Goods,Fixed Income,8093775.23,0.02351,8093775.23,7962000,99.64,United States,--,USD,3.14,4.74,1,2030-02-15,4.63,3.19,,4.74,3.19,4.74,USD,2023-02-15,2023-02-15
MERCK & CO INC,Consumer Non-Cyclical,Fixed Income,8089463.93,0.0235,8089463.93,9233000,86.15,United States,--,USD,9.37,5.43,1,2039-03-07,3.9,9.43,,5.43,9.43,5.43,USD,2019-03-07,2019-03-07
MOTOROLA SOLUTIONS INC,Technology,Fixed Income,8070307.12,0.02345,8070307.12,8999000,89.25,United States,--,USD,4.01,5.11,1,2030-11-15,2.3,4.0,,5.11,4.0,5.11,USD,2020-08-14,2020-08-14
AMAZON.COM INC,Consumer Cyclical,Fixed Income,8071557.55,0.02345,8071557.55,15805000,50.7,United States,--,USD,16.36,6.2,1,2060-06-03,2.7,16.62,,6.2,16.62,6.2,USD,2020-06-03,2020-06-03
KAISER FOUNDATION HOSPITALS,Consumer Non-Cyclical,Fixed Income,8071749.23,0.02345,8071749.23,10046000,79.41,United States,--,USD,12.45,5.88,1,2047-05-01,4.15,12.68,,5.88,12.68,5.88,USD,2017-05-03,2017-05-03
FIDELITY NATIONAL INFORMATION SERV,Technology,Fixed Income,8067284.07,0.02344,8067284.07,9065000,88.11,United States,--,USD,4.25,5.18,1,2031-03-01,2.25,4.23,,5.18,4.23,5.18,USD,2021-03-02,2021-03-02
WALMART INC,Consumer Cyclical,Fixed Income,8057333.68,0.02341,8057333.68,7038000,111.65,United States,--,USD,7.84,5.11,1,2037-08-15,6.5,7.84,,5.11,7.84,5.11,USD,2007-08-24,2007-08-24
GILEAD SCIENCES INC,Consumer Non-Cyclical,Fixed Income,8055995.18,0.0234,8055995.18,9093000,88.09,United States,--,USD,3.95,4.82,1,2030-10-01,1.65,3.94,,4.82,3.94,4.82,USD,2020-09-30,2020-09-30
CITIGROUP INC,Banking,Fixed Income,8046185.58,0.02338,8046185.58,7779000,100.63,United States,--,USD,9.79,5.81,1,2042-01-30,5.88,9.84,,5.81,9.84,5.81,USD,2012-01-26,2012-01-26
CITIGROUP INC,Banking,Fixed Income,8042944.66,0.02337,8042944.66,9164000,85.55,United States,--,USD,11.48,5.93,1,2045-07-30,4.65,11.61,,5.93,11.61,5.93,USD,2015-07-30,2015-07-30
AMCOR FLEXIBLES NORTH AMERICA INC,Capital Goods,Fixed Income,8043613.83,0.02337,8043613.83,8911000,89.84,United States,--,USD,4.42,5.08,1,2031-05-25,2.69,4.42,,5.08,4.42,5.08,USD,2021-05-25,2021-05-25
ORACLE CORPORATION,Technology,Fixed Income,8039254.0,0.02336,8039254.0,13750000,57.13,United States,--,USD,12.92,7.64,1,2061-03-25,4.1,13.1,,7.64,13.1,7.64,USD,2021-03-24,2021-03-24
AMERICAN TOWER CORPORATION,Communications,Fixed Income,8037147.51,0.02335,8037147.51,7946000,101.04,United States,--,USD,5.68,5.37,1,2033-07-15,5.55,5.73,,5.37,5.55,5.37,USD,2023-05-25,2023-05-25
FISERV INC,Technology,Fixed Income,8034745.22,0.02334,8034745.22,8166000,96.04,United States,--,USD,6.9,5.82,1,2035-08-11,5.25,6.9,,5.82,6.9,5.82,USD,2025-08-11,2025-08-11
CSX CORP,Transportation,Fixed Income,8035124.23,0.02334,8035124.23,8094000,98.75,United States,--,USD,7.0,5.23,1,2035-06-15,5.05,7.04,,5.23,7.04,5.23,USD,2025-03-10,2025-03-10
WALT DISNEY CO,Communications,Fixed Income,8029415.15,0.02333,8029415.15,7348000,108.62,United States,--,USD,7.1,5.23,1,2035-12-15,6.4,7.08,,5.23,7.08,5.23,USD,2019-06-15,2019-11-22
VERIZON COMMUNICATIONS INC,Communications,Fixed Income,8029599.54,0.02333,8029599.54,8022000,99.07,United States,--,USD,5.58,5.21,1,2033-05-09,5.05,5.63,,5.21,5.63,5.21,USD,2023-05-09,2023-05-09
TRAVELERS COMPANIES INC,Insurance,Fixed Income,8029754.77,0.02333,8029754.77,8157000,97.24,United States,--,USD,9.67,5.63,1,2040-11-01,5.35,9.7,,5.63,9.7,5.63,USD,2010-11-01,2010-11-01
PACIFIC GAS AND ELECTRIC COMPANY,Electric,Fixed Income,8025350.96,0.02332,8025350.96,7874000,99.69,United States,--,USD,6.55,5.75,1,2035-03-01,5.7,6.58,,5.75,6.58,5.75,USD,2025-02-26,2025-02-26
PUBLIC SERVICE COMPANY OF COLORADO,Electric,Fixed Income,8023341.46,0.02331,8023341.46,8191000,96.86,United States,--,USD,13.19,6.08,1,2055-05-15,5.85,13.47,,6.08,13.47,6.08,USD,2025-03-20,2025-03-20
WESTERN MIDSTREAM OPERATING LP,Energy,Fixed Income,8018298.46,0.0233,8018298.46,8151000,96.45,United States,--,USD,3.14,5.16,1,2030-02-01,4.05,3.17,,5.16,3.17,5.16,USD,2020-01-13,2020-01-13
NISOURCE INC,Natural Gas,Fixed Income,8018942.98,0.0233,8018942.98,8333000,95.42,United States,--,USD,3.41,4.94,1,2030-05-01,3.6,3.44,,4.94,3.44,4.94,USD,2020-04-13,2020-04-13
VERIZON COMMUNICATIONS INC,Communications,Fixed Income,8017704.07,0.02329,8017704.07,8144000,96.61,United States,--,USD,7.89,5.68,1,2037-03-16,5.25,7.87,,5.68,7.87,5.68,USD,2017-03-16,2017-03-16
AT&T INC,Communications,Fixed Income,8012022.54,0.02328,8012022.54,10255000,77.68,United States,--,USD,11.6,6.4,1,2045-06-15,4.35,11.74,,6.4,11.74,6.4,USD,2013-06-15,2013-06-18
VODAFONE GROUP PLC,Communications,Fixed Income,8012893.51,0.02328,8012893.51,9720000,81.99,United Kingdom,--,USD,12.42,6.38,1,2049-06-19,4.88,12.59,,6.38,12.59,6.38,USD,2019-06-19,2019-06-19
MIZUHO FINANCIAL GROUP INC,Banking,Fixed Income,8013051.15,0.02328,8013051.15,7965000,99.56,Japan,--,USD,6.7,5.48,1,2036-05-13,5.42,6.85,,5.48,6.85,5.48,USD,2025-02-13,2025-02-13
ONEOK INC,Energy,Fixed Income,8013705.84,0.02328,8013705.84,7622000,104.0,United States,--,USD,5.09,5.34,1,2032-11-15,6.1,5.16,,5.32,4.99,5.32,USD,2022-11-18,2022-11-18
LOWES COMPANIES INC,Consumer Cyclical,Fixed Income,8009501.34,0.02327,8009501.34,8006000,98.83,United States,--,USD,3.28,4.84,1,2030-04-15,4.5,3.35,,4.84,3.35,4.84,USD,2020-03-26,2020-03-26
EATON CORPORATION,Capital Goods,Fixed Income,8006145.72,0.02326,8006145.72,8146000,96.58,United States,--,USD,5.52,5.11,1,2033-03-06,4.5,5.54,,5.11,5.54,5.11,USD,2026-03-06,2026-03-06
DELL INTERNATIONAL LLC,Technology,Fixed Income,8001937.11,0.02325,8001937.11,10729000,74.24,United States,--,USD,11.05,5.95,1,2041-12-15,3.38,11.11,,5.95,11.11,5.95,USD,2023-06-15,2023-09-27
DUKE ENERGY CAROLINAS LLC,Electric,Fixed Income,7998590.27,0.02324,7998590.27,8693000,91.91,United States,--,USD,13.37,6.0,1,2054-01-15,5.4,13.65,,6.0,13.65,6.0,USD,2023-06-15,2023-06-15
GEORGIA POWER COMPANY,Electric,Fixed Income,8000601.22,0.02324,8000601.22,7884000,99.77,United States,--,USD,4.01,4.9,1,2031-03-15,4.85,4.05,,4.9,4.05,4.9,USD,2025-03-03,2025-03-03
COMCAST CORPORATION,Communications,Fixed Income,7995291.96,0.02323,7995291.96,14971000,53.35,United States,--,USD,14.31,6.7,1,2051-01-15,2.8,14.48,,6.7,14.48,6.7,USD,2020-05-28,2020-05-28
BLUE OWL CREDIT INCOME CORP,Finance Companies,Fixed Income,7996277.14,0.02323,7996277.14,8057000,97.2,United States,--,USD,3.18,6.67,1,2030-03-15,5.8,3.16,,6.67,3.16,6.67,USD,2025-03-15,2025-04-30
SUMITOMO MITSUI FINANCIAL GROUP IN,Banking,Fixed Income,7991517.91,0.02322,7991517.91,8598000,92.89,Japan,--,USD,3.27,5.04,1,2030-01-15,2.75,3.25,,5.04,3.25,5.04,USD,2020-01-15,2020-01-15
CF INDUSTRIES INC,Basic Industry,Fixed Income,7992068.37,0.02322,7992068.37,7994000,98.16,United States,--,USD,6.14,5.45,1,2034-03-15,5.15,6.12,,5.45,6.12,5.45,USD,2014-03-11,2014-03-11
SUMITOMO MITSUI FINANCIAL GROUP IN,Banking,Fixed Income,7992491.97,0.02322,7992491.97,8149000,97.87,Japan,--,USD,10.83,6.03,1,2044-07-09,5.84,10.93,,6.03,10.93,6.03,USD,2024-07-09,2024-07-09
LLOYDS BANKING GROUP PLC,Banking,Fixed Income,7992534.67,0.02322,7992534.67,10053000,79.35,United Kingdom,--,USD,12.6,6.08,1,2048-01-09,4.34,12.76,,6.08,12.76,6.08,USD,2018-01-09,2018-01-09
REYNOLDS AMERICAN INC,Consumer Non-Cyclical,Fixed Income,7989447.34,0.02321,7989447.34,7681000,101.53,United States,--,USD,6.76,5.48,1,2035-08-15,5.7,6.86,,5.47,6.56,5.47,USD,2015-06-12,2015-06-12
ABBVIE INC,Consumer Non-Cyclical,Fixed Income,7984933.02,0.0232,7984933.02,8553000,92.55,United States,--,USD,7.68,5.28,1,2036-05-14,4.3,7.75,,5.28,7.75,5.28,USD,2016-05-12,2016-05-12
COMMONWEALTH EDISON COMPANY,Electric,Fixed Income,7987074.89,0.0232,7987074.89,8144000,96.97,United States,--,USD,13.37,6.07,1,2056-06-01,5.85,13.66,,6.07,13.66,6.07,USD,2026-05-14,2026-05-14
SEMPRA,Natural Gas,Fixed Income,7980628.51,0.02319,7980628.51,9385000,83.23,United States,--,USD,8.73,5.82,1,2038-02-01,3.8,8.74,,5.82,8.74,5.82,USD,2018-01-12,2018-01-12
MITSUBISHI UFJ FINANCIAL GROUP INC,Banking,Fixed Income,7982960.06,0.02319,7982960.06,8012000,97.76,Japan,--,USD,6.88,5.5,1,2036-09-12,5.19,7.04,,5.5,7.03,5.5,USD,2025-09-12,2025-09-12
BROWN & BROWN INC,Insurance,Fixed Income,7970533.46,0.02316,7970533.46,8164000,97.13,United States,--,USD,12.77,6.47,1,2055-06-23,6.25,13.02,,6.47,13.02,6.47,USD,2025-06-23,2025-06-23
ELEVANCE HEALTH INC,Insurance,Fixed Income,7966900.63,0.02315,7966900.63,8532000,92.8,United States,--,USD,13.09,6.2,1,2054-06-15,5.65,13.36,,6.2,13.36,6.2,USD,2024-05-30,2024-05-30
BERKSHIRE HATHAWAY FINANCE CORP,Insurance,Fixed Income,7968589.6,0.02315,7968589.6,8998000,88.17,United States,--,USD,4.0,4.56,1,2030-10-15,1.45,4.0,,4.56,4.0,4.56,USD,2020-10-15,2020-10-15
FORD MOTOR CREDIT COMPANY LLC MTN,Consumer Cyclical,Fixed Income,7964473.92,0.02314,7964473.92,8160000,96.28,United States,--,USD,6.93,6.41,1,2035-10-31,5.87,6.92,,6.41,6.92,6.41,USD,2025-10-31,2025-10-31
ELI LILLY AND COMPANY,Consumer Non-Cyclical,Fixed Income,7961800.65,0.02313,7961800.65,8167000,95.0,United States,--,USD,14.54,5.93,1,2065-02-12,5.6,14.84,,5.93,14.84,5.93,USD,2025-02-12,2025-02-12
STRYKER CORPORATION,Consumer Non-Cyclical,Fixed Income,7962131.87,0.02313,7962131.87,7793000,99.99,United States,--,USD,3.14,4.85,1,2030-02-10,4.85,3.16,,4.85,3.16,4.85,USD,2025-02-10,2025-02-10
CHARTER COMMUNICATIONS OPERATING L,Communications,Fixed Income,7962508.8,0.02313,7962508.8,11768000,66.29,United States,--,USD,10.6,7.11,1,2042-03-01,3.5,10.6,,7.11,10.6,7.11,USD,2021-10-12,2021-10-12
TOYOTA MOTOR CREDIT CORP MTN,Consumer Cyclical,Fixed Income,7958558.02,0.02312,7958558.02,7763000,100.8,United States,--,USD,4.05,4.9,1,2031-03-21,5.1,4.04,,4.9,4.04,4.9,USD,2024-03-21,2024-03-21
BANK OF NOVA SCOTIA,Banking,Fixed Income,7959553.06,0.02312,7959553.06,7594000,102.13,Canada,--,USD,5.96,5.3,1,2034-02-01,5.65,5.93,,5.3,5.93,5.3,USD,2023-12-07,2023-12-07
PFIZER INC,Consumer Non-Cyclical,Fixed Income,7954638.7,0.02311,7954638.7,10306000,75.77,United States,--,USD,12.97,5.96,1,2049-03-15,4.0,13.2,,5.96,13.2,5.96,USD,2019-03-11,2019-03-11
AON CORP,Insurance,Fixed Income,7955100.97,0.02311,7955100.97,10938000,71.17,United States,--,USD,13.58,6.15,1,2052-02-28,3.9,13.82,,6.15,13.82,6.15,USD,2022-02-28,2022-02-28
ENBRIDGE INC,Energy,Fixed Income,7951535.52,0.0231,7951535.52,7894000,100.24,Canada,--,USD,6.89,5.52,1,2035-06-20,5.55,6.93,,5.52,6.93,5.52,USD,2025-06-20,2025-06-20
INTEL CORPORATION,Technology,Fixed Income,7951669.67,0.0231,7951669.67,10587000,74.39,United States,--,USD,11.98,6.4,1,2046-05-19,4.1,12.15,,6.4,12.15,6.4,USD,2016-05-19,2016-05-19
CHEVRON USA INC,Energy,Fixed Income,7946260.35,0.02309,7946260.35,7987000,98.18,United States,--,USD,7.2,5.1,1,2035-10-15,4.85,7.25,,5.1,7.25,5.1,USD,2025-08-13,2025-08-13
DUKE ENERGY CAROLINAS LLC,Electric,Fixed Income,7947235.33,0.02309,7947235.33,8693000,91.32,United States,--,USD,13.2,6.01,1,2053-01-15,5.35,13.47,,6.01,13.47,6.01,USD,2023-01-06,2023-01-06
AMERICAN TOWER CORPORATION,Communications,Fixed Income,7947902.72,0.02309,7947902.72,8156000,96.97,United States,--,USD,5.4,5.26,1,2032-12-15,4.7,5.41,,5.26,5.41,5.26,USD,2025-12-05,2025-12-05
PHILLIPS 66,Energy,Fixed Income,7942975.79,0.02308,7942975.79,8890000,89.13,United States,--,USD,4.1,4.93,1,2030-12-15,2.15,4.1,,4.93,4.1,4.93,USD,2020-06-10,2020-06-10
EOG RESOURCES INC,Energy,Fixed Income,7943619.8,0.02308,7943619.8,8292000,95.0,United States,--,USD,13.3,6.02,1,2054-12-01,5.65,13.58,,6.02,13.58,6.02,USD,2024-11-21,2024-11-21
TARGA RESOURCES CORP,Energy,Fixed Income,7945094.34,0.02308,7945094.34,8295000,93.79,United States,--,USD,5.48,5.34,1,2033-02-01,4.2,5.48,,5.34,5.48,5.34,USD,2022-04-06,2022-04-06
ELI LILLY AND COMPANY,Consumer Non-Cyclical,Fixed Income,7935936.69,0.02306,7935936.69,7750000,100.29,United States,--,USD,3.15,4.66,1,2030-02-12,4.75,3.17,,4.66,3.17,4.66,USD,2025-02-12,2025-02-12
EQUINIX EUROPE 2 FINANCING CORPORA,Technology,Fixed Income,7936332.71,0.02306,7936332.71,8042000,97.83,United States,--,USD,3.82,5.17,1,2030-11-15,4.6,3.83,,5.17,3.83,5.17,USD,2025-11-13,2025-11-13
RAYTHEON TECHNOLOGIES CORPORATION,Capital Goods,Fixed Income,7938629.23,0.02306,7938629.23,8724000,90.87,United States,--,USD,3.69,4.82,1,2030-07-01,2.25,3.69,,4.82,3.69,4.82,USD,2020-05-18,2020-05-18
ROYAL BANK OF CANADA MTN,Banking,Fixed Income,7929521.74,0.02304,7929521.74,8322000,94.44,Canada,--,USD,5.06,4.99,1,2032-05-04,3.88,5.05,,4.99,5.05,4.99,USD,2022-04-14,2022-04-14
SUMITOMO MITSUI FINANCIAL GROUP IN,Banking,Fixed Income,7931918.34,0.02304,7931918.34,9031000,87.06,Japan,--,USD,4.73,5.15,1,2031-09-17,2.22,4.71,,5.15,4.71,5.15,USD,2021-09-17,2021-09-17
T-MOBILE USA INC,Communications,Fixed Income,7919269.01,0.02301,7919269.01,8048000,95.76,United States,--,USD,7.25,5.58,1,2036-02-15,5.0,7.26,,5.58,7.26,5.58,USD,2026-01-12,2026-01-12
ENERGY TRANSFER LP,Energy,Fixed Income,7919940.71,0.02301,7919940.71,8119000,97.43,United States,--,USD,12.86,6.5,1,2056-01-15,6.3,13.11,,6.5,13.11,6.5,USD,2026-01-27,2026-01-27
KINDER MORGAN INC,Energy,Fixed Income,7915505.03,0.023,7915505.03,7914000,97.74,United States,--,USD,5.36,5.21,1,2033-02-01,4.8,5.4,,5.21,5.4,5.21,USD,2022-08-03,2022-08-03
BAKER HUGHES HOLDINGS LLC,Energy,Fixed Income,7913908.77,0.02299,7913908.77,10240000,76.86,United States,--,USD,12.69,6.02,1,2047-12-15,4.08,12.92,,6.02,12.92,6.02,USD,2017-12-11,2018-01-31
HOME DEPOT INC,Consumer Cyclical,Fixed Income,7908627.61,0.02298,7908627.61,9156000,85.89,United States,--,USD,4.38,4.8,1,2031-03-15,1.38,4.38,,4.8,4.38,4.8,USD,2021-01-07,2021-01-07
SMURFIT KAPPA TREASURY UNLIMITED C,Basic Industry,Fixed Income,7910386.7,0.02298,7910386.7,7782000,100.0,Ireland,--,USD,6.08,5.44,1,2034-04-03,5.44,6.12,,5.44,6.12,5.44,USD,2025-04-03,2025-05-21
CITIZENS FINANCIAL GROUP INC,Banking,Fixed Income,7906263.5,0.02297,7906263.5,7562000,101.71,United States,--,USD,4.15,5.36,1,2032-07-23,5.72,4.19,,5.32,4.19,5.32,USD,2024-07-23,2024-07-23
TRUIST FINANCIAL CORP MTN,Banking,Fixed Income,7906968.67,0.02297,7906968.67,8174000,95.51,United States,--,USD,7.02,5.55,1,2036-10-23,4.96,7.19,,5.55,7.19,5.55,USD,2025-10-23,2025-10-23
LOCKHEED MARTIN CORPORATION,Capital Goods,Fixed Income,7908041.74,0.02297,7908041.74,7848000,98.85,United States,--,USD,3.59,4.71,1,2030-08-15,4.4,3.61,,4.71,3.61,4.71,USD,2025-07-28,2025-07-28
CONSOLIDATED EDISON COMPANY OF NEW,Electric,Fixed Income,7902469.59,0.02296,7902469.59,10404000,74.74,United States,--,USD,13.32,5.95,1,2050-04-01,3.95,13.56,,5.95,13.56,5.95,USD,2020-03-31,2020-03-31
COCA-COLA CO,Consumer Non-Cyclical,Fixed Income,7904407.91,0.02296,7904407.91,12186000,63.72,United States,--,USD,14.61,5.78,1,2051-03-05,3.0,14.8,,5.78,14.8,5.78,USD,2021-03-05,2021-03-05
RTX CORP,Capital Goods,Fixed Income,7904634.0,0.02296,7904634.0,7408000,104.59,United States,--,USD,3.9,4.88,1,2031-03-15,6.0,3.96,,4.85,3.83,4.85,USD,2023-11-08,2023-11-08
CVS HEALTH CORP,Consumer Non-Cyclical,Fixed Income,7895309.1,0.02294,7895309.1,8128000,95.98,United States,--,USD,3.32,4.95,1,2030-04-01,3.75,3.35,,4.95,3.35,4.95,USD,2020-03-31,2020-03-31
BHP BILLITON FINANCE (USA) LTD,Basic Industry,Fixed Income,7895942.1,0.02294,7895942.1,8093000,95.52,Australia,--,USD,13.13,5.84,1,2053-09-08,5.5,13.41,,5.84,13.41,5.84,USD,2023-09-08,2023-09-08
ENBRIDGE INC,Energy,Fixed Income,7896840.76,0.02294,7896840.76,7812000,99.35,Canada,--,USD,7.28,5.54,1,2036-03-27,5.45,7.31,,5.54,7.31,5.54,USD,2026-03-27,2026-03-27
PROLOGIS LP,Reits,Fixed Income,7888637.25,0.02292,7888637.25,8493000,91.03,United States,--,USD,13.31,5.91,1,2054-03-15,5.25,13.59,,5.91,13.59,5.91,USD,2024-01-25,2024-01-25
CROWN CASTLE INC,Communications,Fixed Income,7888797.55,0.02292,7888797.55,8418000,93.52,United States,--,USD,3.61,5.14,1,2030-07-01,3.3,3.62,,5.14,3.62,5.14,USD,2020-04-03,2020-04-03
PHILIP MORRIS INTERNATIONAL INC,Consumer Non-Cyclical,Fixed Income,7889240.77,0.02292,7889240.77,8154000,95.77,United States,--,USD,5.34,5.04,1,2032-10-29,4.25,5.36,,5.04,5.36,5.04,USD,2025-10-29,2025-10-29
ENTERPRISE PRODUCTS OPERATING LLC,Energy,Fixed Income,7890175.86,0.02292,7890175.86,7887000,97.88,United States,--,USD,6.7,5.26,1,2035-02-15,4.95,6.74,,5.26,6.74,5.26,USD,2024-08-08,2024-08-08
ALEXANDRIA REAL ESTATE EQUITIES IN,Reits,Fixed Income,7881568.79,0.0229,7881568.79,8020000,96.13,United States,--,USD,7.26,5.78,1,2036-03-15,5.25,7.27,,5.78,7.27,5.78,USD,2026-02-25,2026-02-25
HOME DEPOT INC,Consumer Cyclical,Fixed Income,7877355.52,0.02289,7877355.52,13203000,58.69,United States,--,USD,14.91,5.93,1,2051-09-15,2.75,15.14,,5.93,15.14,5.93,USD,2021-09-21,2021-09-21
ALTRIA GROUP INC,Consumer Non-Cyclical,Fixed Income,7877481.38,0.02289,7877481.38,11428000,67.2,United States,--,USD,13.32,6.36,1,2051-02-04,3.7,13.53,,6.36,13.53,6.36,USD,2021-02-04,2021-02-04
ATHENE HOLDING LTD,Insurance,Fixed Income,7880178.26,0.02289,7880178.26,8594000,89.77,United States,--,USD,11.87,7.1,1,2054-04-01,6.25,12.07,,7.1,12.07,7.1,USD,2024-03-22,2024-03-22
BARCLAYS PLC,Banking,Fixed Income,7870661.16,0.02287,7870661.16,7740000,99.51,United Kingdom,--,USD,12.06,6.06,1,2055-03-12,6.04,13.06,,6.06,13.05,6.06,USD,2024-03-12,2024-03-12
CHARTER COMMUNICATIONS OPERATING L,Communications,Fixed Income,7871536.82,0.02287,7871536.82,12686000,61.43,United States,--,USD,13.06,7.54,1,2061-12-01,4.4,13.25,,7.54,13.25,7.54,USD,2021-06-02,2021-06-02
ONCOR ELECTRIC DELIVERY COMPANY LL 144A,Electric,Fixed Income,7867026.96,0.02286,7867026.96,7901000,98.01,United States,--,USD,4.07,4.98,1,2031-03-15,4.5,4.07,,4.98,4.07,4.98,USD,2026-03-17,2026-03-17
T-MOBILE USA INC,Communications,Fixed Income,7868615.37,0.02286,7868615.37,7874000,99.83,United States,--,USD,5.39,5.23,1,2033-01-15,5.2,5.44,,5.23,5.44,5.23,USD,2022-09-15,2022-09-15
COMCAST CORPORATION,Communications,Fixed Income,7860196.01,0.02284,7860196.01,12272000,63.98,United States,--,USD,12.52,6.7,1,2046-07-15,3.4,12.65,,6.7,12.65,6.7,USD,2016-07-19,2016-07-19
BHP BILLITON FINANCE (USA) LTD,Basic Industry,Fixed Income,7858418.21,0.02283,7858418.21,7648000,100.65,Australia,--,USD,3.16,4.84,1,2030-02-21,5.0,3.18,,4.84,3.11,4.84,USD,2025-02-21,2025-02-21
SOUTHERN CALIFORNIA EDISON COMPANY,Electric,Fixed Income,7853303.97,0.02282,7853303.97,10532000,72.95,United States,--,USD,12.27,6.47,1,2048-03-01,4.13,12.46,,6.47,12.46,6.47,USD,2018-03-05,2018-03-05
WILLIAMS COMPANIES INC,Energy,Fixed Income,7853332.31,0.02282,7853332.31,8279000,94.21,United States,--,USD,3.89,5.01,1,2030-11-15,3.5,3.91,,5.01,3.91,5.01,USD,2020-05-14,2020-05-14
CAMPBELLS CO,Consumer Non-Cyclical,Fixed Income,7855805.05,0.02282,7855805.05,8414000,91.8,United States,--,USD,6.81,5.98,1,2035-03-23,4.75,6.81,,5.98,6.81,5.98,USD,2024-10-02,2024-10-02
MCDONALDS CORPORATION MTN,Consumer Cyclical,Fixed Income,7850767.39,0.02281,7850767.39,8526000,91.25,United States,--,USD,3.37,4.79,1,2030-03-01,2.13,3.37,,4.79,3.37,4.79,USD,2020-03-05,2020-03-05
WALMART INC,Consumer Cyclical,Fixed Income,7844071.36,0.02279,7844071.36,7571000,101.55,United States,--,USD,7.06,5.03,1,2035-09-01,5.25,7.05,,5.03,7.05,5.03,USD,2005-08-31,2005-08-31
MCDONALDS CORPORATION MTN,Consumer Cyclical,Fixed Income,7845268.39,0.02279,7845268.39,7853000,97.99,United States,--,USD,6.74,5.24,1,2035-03-03,4.95,6.79,,5.24,6.79,5.24,USD,2025-03-03,2025-03-03
BRISTOL-MYERS SQUIBB CO,Consumer Non-Cyclical,Fixed Income,7836471.88,0.02277,7836471.88,9293000,82.41,United States,--,USD,12.22,6.02,1,2048-02-20,4.55,12.44,,6.02,12.44,6.02,USD,2020-02-20,2020-07-15
BERKSHIRE HATHAWAY INC,Insurance,Fixed Income,7838010.98,0.02277,7838010.98,8729000,87.78,United States,--,USD,10.84,5.65,1,2043-02-11,4.5,10.92,,5.65,10.92,5.65,USD,2013-02-11,2013-02-11
INTERNATIONAL BUSINESS MACHINES CO,Technology,Fixed Income,7832981.41,0.02276,7832981.41,7999000,95.79,United States,--,USD,5.05,5.23,1,2032-07-27,4.4,5.08,,5.23,5.08,5.23,USD,2022-07-27,2022-07-27
METLIFE INC,Insurance,Fixed Income,7828987.0,0.02275,7828987.0,7698000,101.6,United States,--,USD,5.7,5.1,1,2033-07-15,5.38,5.77,,5.1,5.59,5.1,USD,2023-07-12,2023-07-12
MERCK & CO INC,Consumer Non-Cyclical,Fixed Income,7829061.95,0.02275,7829061.95,8893000,87.11,United States,--,USD,14.67,6.02,1,2063-05-17,5.15,14.97,,6.02,14.97,6.02,USD,2023-05-17,2023-05-17
INTEL CORPORATION,Technology,Fixed Income,7830940.86,0.02275,7830940.86,7784000,98.44,United States,--,USD,6.02,5.4,1,2034-02-21,5.15,6.06,,5.4,6.06,5.4,USD,2024-02-21,2024-02-21
MITSUBISHI UFJ FINANCIAL GROUP INC,Banking,Fixed Income,7826008.02,0.02274,7826008.02,8844000,87.8,Japan,--,USD,4.7,5.21,1,2032-10-13,2.49,4.74,,5.21,4.75,5.21,USD,2021-10-13,2021-10-13
AMAZON.COM INC,Consumer Cyclical,Fixed Income,7826728.38,0.02274,7826728.38,7777000,99.98,United States,--,USD,3.01,4.65,1,2029-12-01,4.65,3.06,,4.65,3.06,4.65,USD,2022-12-01,2022-12-01
S&P GLOBAL INC,Technology,Fixed Income,7827741.04,0.02274,7827741.04,8590000,89.99,United States,--,USD,4.99,4.97,1,2032-03-01,2.9,5.0,,4.97,5.0,4.97,USD,2023-03-01,2023-02-28
DEVON ENERGY CORPORATION,Energy,Fixed Income,7828200.46,0.02274,7828200.46,8219000,93.22,United States,--,USD,12.83,6.27,1,2054-09-15,5.75,13.09,,6.27,13.09,6.27,USD,2024-08-28,2024-08-28
UNITEDHEALTH GROUP INC,Insurance,Fixed Income,7828678.68,0.02274,7828678.68,7841000,98.5,United States,--,USD,6.2,5.24,1,2034-04-15,5.0,6.25,,5.24,6.25,5.24,USD,2024-03-21,2024-03-21
BANK OF NOVA SCOTIA (FXD-FRN) MTN,Banking,Fixed Income,7817097.55,0.02271,7817097.55,7924000,97.12,Canada,--,USD,3.67,5.07,1,2031-09-15,4.34,3.68,,5.07,3.68,5.07,USD,2025-09-15,2025-09-15
PHILIP MORRIS INTERNATIONAL INC,Consumer Non-Cyclical,Fixed Income,7814782.49,0.0227,7814782.49,7791000,99.24,United States,--,USD,4.53,4.91,1,2031-11-01,4.75,4.56,,4.91,4.56,4.91,USD,2024-11-01,2024-11-01
ABBVIE INC,Consumer Non-Cyclical,Fixed Income,7810164.31,0.02269,7810164.31,8747000,88.79,United States,--,USD,11.21,5.87,1,2044-06-15,4.85,11.37,,5.87,11.37,5.87,USD,2020-06-15,2020-11-17
MCDONALDS CORPORATION MTN,Consumer Cyclical,Fixed Income,7810380.42,0.02269,7810380.42,8220000,92.62,United States,--,USD,12.95,6.0,1,2053-08-14,5.45,13.22,,6.0,13.22,6.0,USD,2023-08-14,2023-08-14
DELL INTERNATIONAL LLC,Technology,Fixed Income,7802848.59,0.02267,7802848.59,7927000,96.13,United States,--,USD,6.68,5.42,1,2035-02-01,4.85,6.7,,5.42,6.7,5.42,USD,2024-10-08,2024-10-08
NATWEST GROUP PLC,Banking,Fixed Income,7801232.73,0.02266,7801232.73,7646000,99.87,United Kingdom,--,USD,2.75,5.08,1,2030-08-15,4.96,2.75,,5.01,2.75,5.01,USD,2024-08-15,2024-08-15
GILEAD SCIENCES INC,Consumer Non-Cyclical,Fixed Income,7794984.72,0.02265,7794984.72,7818000,99.18,United States,--,USD,6.99,5.22,1,2035-06-15,5.1,7.03,,5.22,7.03,5.22,USD,2024-11-20,2024-11-20
DELL INTERNATIONAL LLC,Technology,Fixed Income,7796546.61,0.02265,7796546.61,7670000,100.11,United States,--,USD,3.27,4.97,1,2030-04-01,5.0,3.29,,4.97,3.29,4.97,USD,2025-04-01,2025-04-01
HCA INC,Consumer Non-Cyclical,Fixed Income,7792340.01,0.02264,7792340.01,7583000,100.7,United States,--,USD,3.16,5.03,1,2030-03-01,5.25,3.19,,5.03,3.19,5.03,USD,2025-02-21,2025-02-21
TARGA RESOURCES CORP,Energy,Fixed Income,7788546.42,0.02263,7788546.42,7639000,99.56,United States,--,USD,6.56,5.56,1,2035-02-15,5.5,6.59,,5.56,6.59,5.56,USD,2024-08-09,2024-08-09
ELI LILLY AND COMPANY,Consumer Non-Cyclical,Fixed Income,7780985.83,0.02261,7780985.83,8017000,96.07,United States,--,USD,14.81,5.96,1,2066-05-20,5.7,15.12,,5.96,15.12,5.96,USD,2026-05-20,2026-05-20
UNITEDHEALTH GROUP INC,Insurance,Fixed Income,7781618.98,0.02261,7781618.98,7841000,99.15,United States,--,USD,3.98,4.86,1,2031-01-15,4.65,3.99,,4.86,3.99,4.86,USD,2025-06-20,2025-06-20
NORTHROP GRUMMAN CORP,Capital Goods,Fixed Income,7772498.99,0.02258,7772498.99,7806000,98.58,United States,--,USD,3.33,4.81,1,2030-05-01,4.4,3.4,,4.81,3.4,4.81,USD,2020-03-23,2020-03-23
CONSTELLATION ENERGY GENERATION LL,Electric,Fixed Income,7761373.28,0.02255,7761373.28,7949000,97.55,United States,--,USD,4.0,5.02,1,2031-01-15,4.4,4.01,,5.02,4.01,5.02,USD,2026-01-08,2026-01-08
US BANCORP MTN,Banking,Fixed Income,7759912.26,0.02254,7759912.26,8681000,88.09,United States,--,USD,4.9,5.12,1,2033-01-27,2.68,4.93,,5.12,4.93,5.12,USD,2022-01-27,2022-01-27
APOLLO DEBT SOLUTIONS BDC 144A,Finance Companies,Fixed Income,7753555.39,0.02253,7753555.39,7729000,97.48,United States,--,USD,3.81,6.35,1,2031-01-23,5.7,3.79,,6.35,3.79,6.35,USD,2026-01-23,2026-01-23
TYSON FOODS INC,Consumer Non-Cyclical,Fixed Income,7753984.44,0.02253,7753984.44,7475000,101.72,United States,--,USD,5.98,5.42,1,2034-03-15,5.7,6.03,,5.41,5.87,5.41,USD,2024-03-08,2024-03-08
CARRIER GLOBAL CORP,Capital Goods,Fixed Income,7751305.66,0.02252,7751305.66,10860000,70.31,United States,--,USD,13.67,5.92,1,2050-04-05,3.58,13.91,,5.92,13.91,5.92,USD,2020-10-05,2020-12-08
FLORIDA POWER & LIGHT CO,Electric,Fixed Income,7748610.7,0.02251,7748610.7,7806000,98.37,United States,--,USD,5.63,5.08,1,2033-05-15,4.8,5.69,,5.08,5.69,5.08,USD,2023-05-18,2023-05-18
WILLIAMS COMPANIES INC,Energy,Fixed Income,7743115.23,0.0225,7743115.23,7555000,100.51,United States,--,USD,6.62,5.52,1,2035-03-15,5.6,6.66,,5.52,6.51,5.52,USD,2025-01-09,2025-01-09
STARBUCKS CORPORATION,Consumer Cyclical,Fixed Income,7743514.27,0.0225,7743514.27,8421000,90.64,United States,--,USD,4.94,4.95,1,2032-02-14,3.0,4.94,,4.95,4.94,4.95,USD,2022-02-14,2022-02-14
GE VERNOVA INC,Capital Goods,Fixed Income,7744489.26,0.0225,7744489.26,8070000,93.4,United States,--,USD,13.36,5.98,1,2056-02-04,5.5,13.64,,5.98,13.64,5.98,USD,2026-02-04,2026-02-04
JOHNSON & JOHNSON,Consumer Non-Cyclical,Fixed Income,7744538.46,0.0225,7744538.46,7568000,100.49,United States,--,USD,3.2,4.55,1,2030-03-01,4.7,3.23,,4.55,3.23,4.55,USD,2025-02-20,2025-02-20
METLIFE INC,Insurance,Fixed Income,7745714.26,0.0225,7745714.26,7678000,99.38,United States,--,USD,3.22,4.73,1,2030-03-23,4.55,3.29,,4.73,3.29,4.73,USD,2020-03-23,2020-03-23
CHENIERE ENERGY PARTNERS LP,Energy,Fixed Income,7740200.51,0.02249,7740200.51,7721000,98.86,United States,--,USD,2.18,4.89,1,2029-10-01,4.5,2.9,,4.89,2.9,4.89,USD,2020-04-01,2020-06-26
INTERNATIONAL BUSINESS MACHINES CO,Technology,Fixed Income,7736689.13,0.02248,7736689.13,8399000,89.55,United States,--,USD,12.62,6.51,1,2055-02-10,5.7,12.86,,6.51,12.86,6.51,USD,2025-02-10,2025-02-10
BANK OF AMERICA CORP MTN,Banking,Fixed Income,7736752.78,0.02248,7736752.78,9958000,75.73,United States,--,USD,11.85,5.94,1,2049-01-23,3.95,12.82,,5.94,12.81,5.94,USD,2018-01-23,2018-01-23
INTERCONTINENTAL EXCHANGE INC,Brokerage/Asset Managers/Exchanges,Fixed Income,7734124.24,0.02247,7734124.24,13506000,56.21,United States,--,USD,16.0,6.05,1,2060-09-15,3.0,16.27,,6.05,16.27,6.05,USD,2020-08-20,2020-08-20
NORTHERN TRUST CORPORATION,Banking,Fixed Income,7734391.04,0.02247,7734391.04,8515000,90.39,United States,--,USD,3.55,4.76,1,2030-05-01,1.95,3.55,,4.76,3.55,4.76,USD,2020-05-01,2020-05-01
TARGA RESOURCES CORP,Energy,Fixed Income,7729895.66,0.02246,7729895.66,7269000,104.18,United States,--,USD,5.26,5.37,1,2033-03-15,6.13,5.33,,5.34,5.16,5.34,USD,2023-01-09,2023-01-09
PACIFICORP,Electric,Fixed Income,7730654.6,0.02246,7730654.6,8876000,86.34,United States,--,USD,12.93,6.42,1,2053-12-01,5.35,13.17,,6.42,13.17,6.42,USD,2022-12-01,2022-12-01
GENERAL MOTORS FINANCIAL COMPANY I,Consumer Cyclical,Fixed Income,7727119.52,0.02245,7727119.52,7623000,101.26,United States,--,USD,3.52,5.1,1,2030-07-15,5.45,3.54,,5.09,3.47,5.09,USD,2025-05-30,2025-05-30
SEMPRA,Natural Gas,Fixed Income,7727288.49,0.02245,7727288.49,7823000,96.9,United States,--,USD,7.29,5.67,1,2036-03-15,5.25,7.3,,5.67,7.3,5.67,USD,2026-03-13,2026-03-13
TOTALENERGIES CAPITAL USA LLC,Energy,Fixed Income,7727506.75,0.02245,7727506.75,8008000,96.38,France,--,USD,7.43,5.35,1,2036-01-13,4.86,7.46,,5.35,7.46,5.35,USD,2026-01-13,2026-01-13
APPLE INC,Technology,Fixed Income,7723428.66,0.02244,7723428.66,13813000,54.64,United States,--,USD,16.44,5.89,1,2061-02-08,2.8,16.75,,5.89,16.75,5.89,USD,2021-02-08,2021-02-08
AMERICAN WATER CAPITAL CORP,Utility Other,Fixed Income,7712400.71,0.02241,7712400.71,7588000,99.58,United States,--,USD,6.67,5.31,1,2035-03-01,5.25,6.71,,5.31,6.71,5.31,USD,2025-02-27,2025-02-27
BIOGEN INC,Consumer Non-Cyclical,Fixed Income,7708700.53,0.0224,7708700.53,8400000,89.94,United States,--,USD,11.18,6.1,1,2045-09-15,5.2,11.36,,6.1,11.36,6.1,USD,2015-09-15,2015-09-15
BURLINGTON NORTHERN SANTA FE LLC,Transportation,Fixed Income,7708910.09,0.0224,7708910.09,8416000,90.09,United States,--,USD,11.01,5.8,1,2044-04-01,4.9,11.17,,5.8,11.17,5.8,USD,2014-03-07,2014-03-07
SHERWIN-WILLIAMS COMPANY (THE),Basic Industry,Fixed Income,7711185.41,0.0224,7711185.41,9410000,81.31,United States,--,USD,12.19,6.09,1,2047-06-01,4.5,12.41,,6.09,12.41,6.09,USD,2017-05-16,2017-05-16
INTERNATIONAL BUSINESS MACHINES CO,Technology,Fixed Income,7711437.5,0.0224,7711437.5,7735000,97.5,United States,--,USD,5.38,5.2,1,2033-02-06,4.75,5.42,,5.2,5.42,5.2,USD,2023-02-06,2023-02-06
COMCAST CORPORATION,Communications,Fixed Income,7701832.97,0.02238,7701832.97,8309000,91.57,United States,--,USD,12.53,6.71,1,2055-05-15,6.05,12.76,,6.71,12.76,6.71,USD,2025-05-08,2025-05-08
BERKSHIRE HATHAWAY ENERGY CO,Electric,Fixed Income,7704791.42,0.02238,7704791.42,9649000,79.76,United States,--,USD,12.73,6.12,1,2049-01-15,4.45,12.97,,6.12,12.97,6.12,USD,2018-07-25,2019-01-14
REALTY INCOME CORPORATION,Reits,Fixed Income,7696133.34,0.02236,7696133.34,7390000,102.6,United States,--,USD,5.07,5.13,1,2032-10-13,5.63,5.14,,5.11,4.97,5.11,USD,2022-10-13,2022-10-13
METLIFE INC,Insurance,Fixed Income,7694627.56,0.02235,7694627.56,7419000,101.01,United States,--,USD,9.43,5.77,1,2041-02-06,5.88,9.46,,5.77,9.46,5.77,USD,2010-08-06,2010-08-06
GENERAL MOTORS FINANCIAL COMPANY I,Consumer Cyclical,Fixed Income,7687402.48,0.02233,7687402.48,7376000,102.5,United States,--,USD,3.19,5.1,1,2030-04-06,5.85,3.25,,5.08,3.11,5.08,USD,2023-04-06,2023-04-06
DIAGEO CAPITAL PLC,Consumer Non-Cyclical,Fixed Income,7681400.34,0.02232,7681400.34,8467000,90.26,United Kingdom,--,USD,3.54,4.86,1,2030-04-29,2.0,3.54,,4.86,3.54,4.86,USD,2020-04-29,2020-04-29
EOG RESOURCES INC,Energy,Fixed Income,7674577.59,0.0223,7674577.59,7689000,98.63,United States,--,USD,3.29,4.78,1,2030-04-15,4.38,3.36,,4.78,3.36,4.78,USD,2020-04-14,2020-04-14
PUBLIC SERVICE COMPANY OF COLORADO,Electric,Fixed Income,7672648.92,0.02229,7672648.92,7704000,97.78,United States,--,USD,6.98,5.46,1,2035-09-15,5.15,7.06,,5.46,7.06,5.46,USD,2025-08-07,2025-08-07
QUEST DIAGNOSTICS INCORPORATED,Consumer Non-Cyclical,Fixed Income,7667268.64,0.02228,7667268.64,7779000,98.05,United States,--,USD,6.69,5.29,1,2034-12-15,5.0,6.73,,5.29,6.73,5.29,USD,2024-08-19,2024-08-19
UBS AG (LONDON BRANCH),Banking,Fixed Income,7668471.83,0.02228,7668471.83,9172000,83.28,Switzerland,--,USD,12.73,5.86,1,2048-06-26,4.5,12.91,,5.86,12.91,5.86,USD,2023-06-26,2023-10-13
DEERE & CO,Capital Goods,Fixed Income,7664638.16,0.02227,7664638.16,7737000,99.02,United States,--,USD,13.63,5.77,1,2055-01-19,5.7,13.93,,5.77,13.93,5.77,USD,2025-01-16,2025-01-16
CONSTELLATION ENERGY GENERATION LL,Electric,Fixed Income,7657279.26,0.02225,7657279.26,7751000,97.79,United States,--,USD,7.47,5.59,1,2036-06-01,5.3,7.49,,5.59,7.49,5.59,USD,2026-05-14,2026-05-14
WESTERN MIDSTREAM OPERATING LP,Energy,Fixed Income,7658310.7,0.02225,7658310.7,7701000,98.43,United States,--,USD,6.5,5.69,1,2034-11-15,5.45,6.53,,5.69,6.53,5.69,USD,2024-08-20,2024-08-20
UNITEDHEALTH GROUP INC,Insurance,Fixed Income,7654068.68,0.02224,7654068.68,7656000,99.36,United States,--,USD,13.31,6.0,1,2055-06-15,5.95,13.59,,6.0,13.59,6.0,USD,2025-06-20,2025-06-20
SANTANDER HOLDINGS USA INC,Banking,Fixed Income,7650293.93,0.02223,7650293.93,7398000,101.46,United States,--,USD,3.18,5.34,1,2031-03-20,5.74,3.21,,5.29,3.21,5.29,USD,2025-03-20,2025-03-20
UNION PACIFIC CORPORATION,Transportation,Fixed Income,7648196.09,0.02222,7648196.09,7921000,95.76,United States,--,USD,13.42,5.91,1,2054-12-01,5.6,13.71,,5.91,13.71,5.91,USD,2025-02-13,2025-02-13
ENERGY TRANSFER LP,Energy,Fixed Income,7641413.26,0.0222,7641413.26,7854000,96.66,United States,--,USD,10.86,6.43,1,2045-12-15,6.13,11.04,,6.43,11.04,6.43,USD,2015-06-23,2015-06-23
NVIDIA CORPORATION,Technology,Fixed Income,7642781.08,0.0222,7642781.08,9356000,80.61,United States,--,USD,10.14,5.54,1,2040-04-01,3.5,10.2,,5.54,10.2,5.54,USD,2020-03-31,2020-03-31
SMURFIT KAPPA TREASURY UNLIMITED C,Basic Industry,Fixed Income,7636614.32,0.02219,7636614.32,7784000,96.36,Ireland,--,USD,12.97,6.05,1,2054-04-03,5.78,13.24,,6.05,13.24,6.05,USD,2025-04-03,2025-05-21
FISERV INC,Technology,Fixed Income,7637036.53,0.02219,7637036.53,7626000,98.47,United States,--,USD,3.24,5.21,1,2030-03-15,4.75,3.25,,5.21,3.25,5.21,USD,2024-08-12,2024-08-12
SMURFIT WESTROCK FINANCING DAC,Basic Industry,Fixed Income,7637560.47,0.02219,7637560.47,7669000,99.48,Ireland,--,USD,6.68,5.49,1,2035-01-15,5.42,6.71,,5.49,6.71,5.49,USD,2024-11-26,2025-05-21
EVERSOURCE ENERGY,Electric,Fixed Income,7626760.42,0.02216,7626760.42,7653000,98.7,United States,--,USD,5.58,5.35,1,2033-05-15,5.13,5.62,,5.35,5.62,5.35,USD,2023-05-11,2023-05-11
ALPHABET INC,Technology,Fixed Income,7626776.88,0.02216,7626776.88,11726000,64.21,United States,--,USD,11.38,5.61,1,2040-08-15,1.9,11.4,,5.61,11.4,5.61,USD,2020-08-05,2020-08-05
AT&T INC,Communications,Fixed Income,7629218.25,0.02216,7629218.25,9675000,77.17,United States,--,USD,12.23,6.49,1,2049-03-09,4.55,12.44,,6.49,12.44,6.49,USD,2016-09-07,2016-12-15
BANCO SANTANDER SA,Banking,Fixed Income,7613195.45,0.02212,7613195.45,7624000,98.39,Spain,--,USD,7.37,5.65,1,2036-04-15,5.44,7.35,,5.65,7.35,5.65,USD,2026-04-15,2026-04-15
CVS HEALTH CORP,Consumer Non-Cyclical,Fixed Income,7610493.39,0.02211,7610493.39,7550000,99.04,United States,--,USD,5.11,5.18,1,2032-09-15,5.0,5.14,,5.18,5.14,5.18,USD,2025-08-15,2025-08-15
FISERV INC,Technology,Fixed Income,7607195.12,0.0221,7607195.12,8320000,91.06,United States,--,USD,3.59,5.24,1,2030-06-01,2.65,3.58,,5.24,3.58,5.24,USD,2020-05-13,2020-05-13
MERCK & CO INC,Consumer Non-Cyclical,Fixed Income,7608301.59,0.0221,7608301.59,8432000,89.35,United States,--,USD,11.11,5.87,1,2044-05-17,4.9,11.27,,5.87,11.27,5.87,USD,2023-05-17,2023-05-17
AMPHENOL CORPORATION,Capital Goods,Fixed Income,7608664.91,0.0221,7608664.91,7768000,97.18,United States,--,USD,3.86,4.86,1,2030-11-15,4.13,3.87,,4.86,3.87,4.86,USD,2025-11-10,2025-11-10
ELI LILLY AND COMPANY,Consumer Non-Cyclical,Fixed Income,7604723.72,0.02209,7604723.72,7646000,97.96,United States,--,USD,4.09,4.74,1,2031-03-15,4.25,4.1,,4.74,4.1,4.74,USD,2025-08-20,2025-08-20
KINDER MORGAN ENERGY PARTNERS LP,Energy,Fixed Income,7598179.66,0.02207,7598179.66,8015000,92.65,United States,--,USD,10.51,6.19,1,2044-03-01,5.5,10.65,,6.19,10.65,6.19,USD,2014-02-24,2014-02-24
SIMON PROPERTY GROUP LP,Reits,Fixed Income,7586140.2,0.02204,7586140.2,11294000,66.01,United States,--,USD,13.75,5.98,1,2049-09-13,3.25,13.97,,5.98,13.97,5.98,USD,2019-09-13,2019-09-13
VODAFONE GROUP PLC,Communications,Fixed Income,7586657.65,0.02204,7586657.65,8344000,90.53,United Kingdom,--,USD,13.84,6.55,1,2064-06-28,5.88,14.1,,6.55,14.1,6.55,USD,2024-06-28,2024-06-28
ENTERPRISE PRODUCTS OPERATING LLC,Energy,Fixed Income,7582439.59,0.02203,7582439.59,7286000,101.51,United States,--,USD,5.27,5.07,1,2033-01-31,5.35,5.33,,5.07,5.15,5.07,USD,2023-01-10,2023-01-10
DEUTSCHE BANK AG (NEW YORK BRANCH),Banking,Fixed Income,7580249.8,0.02202,7580249.8,7741000,97.4,Germany,--,USD,3.91,4.88,1,2031-12-10,4.47,3.9,,4.88,3.9,4.88,USD,2025-12-10,2025-12-10
RAYTHEON TECHNOLOGIES CORPORATION,Capital Goods,Fixed Income,7580773.18,0.02202,7580773.18,8685000,86.54,United States,--,USD,4.72,4.91,1,2031-09-01,1.9,4.72,,4.91,4.72,4.91,USD,2021-08-10,2021-08-10
VIATRIS INC,Consumer Non-Cyclical,Fixed Income,7576759.0,0.02201,7576759.0,11275000,66.87,United States,--,USD,12.87,6.83,1,2050-06-22,4.0,13.06,,6.83,13.06,6.83,USD,2021-06-22,2021-10-28
SUMITOMO MITSUI FINANCIAL GROUP IN,Banking,Fixed Income,7568822.54,0.02199,7568822.54,7397000,100.91,Japan,--,USD,3.32,4.99,1,2030-04-15,5.24,3.31,,4.99,3.31,4.99,USD,2025-01-15,2025-01-15
INTERCONTINENTAL EXCHANGE INC,Brokerage/Asset Managers/Exchanges,Fixed Income,7569957.85,0.02199,7569957.85,8678000,86.7,United States,--,USD,14.5,6.12,1,2062-06-15,5.2,14.78,,6.12,14.78,6.12,USD,2022-05-23,2022-05-23
CONSOLIDATED EDISON COMPANY OF NEW,Electric,Fixed Income,7561917.63,0.02197,7561917.63,7692000,97.21,United States,--,USD,12.88,6.11,1,2053-11-15,5.9,13.15,,6.11,13.15,6.11,USD,2023-11-22,2023-11-22
MITSUBISHI UFJ FINANCIAL GROUP INC,Banking,Fixed Income,7557426.75,0.02196,7557426.75,8503000,88.86,Japan,--,USD,4.91,5.25,1,2033-01-19,2.85,4.96,,5.25,4.96,5.25,USD,2022-01-19,2022-01-19
METLIFE INC,Insurance,Fixed Income,7559705.37,0.02196,7559705.37,7347000,102.31,United States,--,USD,6.92,5.37,1,2035-06-15,5.7,6.9,,5.37,6.9,5.37,USD,2005-06-23,2005-06-23
ABBVIE INC,Consumer Non-Cyclical,Fixed Income,7559752.16,0.02196,7559752.16,7434000,99.86,United States,--,USD,6.72,5.22,1,2035-03-15,5.2,6.77,,5.22,6.77,5.22,USD,2025-02-26,2025-02-26
CONSTELLATION ENERGY GENERATION LL,Electric,Fixed Income,7559891.22,0.02196,7559891.22,7124000,104.11,United States,--,USD,12.45,6.18,1,2053-10-01,6.5,12.72,,6.18,12.63,6.18,USD,2023-09-29,2023-09-29
CVS HEALTH CORP,Consumer Non-Cyclical,Fixed Income,7554911.31,0.02195,7554911.31,7804000,95.39,United States,--,USD,2.81,4.89,1,2029-08-15,3.25,2.83,,4.89,2.83,4.89,USD,2019-08-15,2019-08-15
ALEXANDRIA REAL ESTATE EQUITIES IN,Reits,Fixed Income,7556379.19,0.02195,7556379.19,8145000,91.3,United States,--,USD,4.48,5.36,1,2031-08-15,3.38,4.48,,5.36,4.48,5.36,USD,2019-07-15,2019-07-15
TEXAS INSTRUMENTS INC,Technology,Fixed Income,7557009.97,0.02195,7557009.97,8144000,90.45,United States,--,USD,13.32,5.85,1,2054-02-08,5.15,13.6,,5.85,13.6,5.85,USD,2024-02-08,2024-02-08
GENERAL MOTORS CO,Consumer Cyclical,Fixed Income,7551655.8,0.02194,7551655.8,7920000,93.51,United States,--,USD,11.55,6.5,1,2049-04-01,5.95,11.77,,6.5,11.77,6.5,USD,2018-09-10,2018-09-10
BOSTON PROPERTIES LP,Reits,Fixed Income,7551895.78,0.02194,7551895.78,7212000,104.59,United States,--,USD,5.86,5.74,1,2034-01-15,6.5,5.9,,5.72,5.75,5.72,USD,2023-05-15,2023-05-15
COMCAST CORPORATION,Communications,Fixed Income,7552359.45,0.02194,7552359.45,7603000,98.35,United States,--,USD,6.84,5.54,1,2035-05-15,5.3,6.88,,5.54,6.88,5.54,USD,2025-05-08,2025-05-08
INTEL CORPORATION,Technology,Fixed Income,7553050.24,0.02194,7553050.24,8536000,87.0,United States,--,USD,10.09,6.13,1,2041-10-01,4.8,10.12,,6.13,10.12,6.13,USD,2011-09-19,2011-09-19
FEDEX FREIGHT HOLDING COMPANY INC 144A,Transportation,Fixed Income,7549041.47,0.02193,7549041.47,7697000,95.64,United States,--,USD,7.24,5.85,1,2036-03-15,5.25,7.24,,5.85,7.24,5.85,USD,2026-02-05,2026-02-05
GLOBAL PAYMENTS INC,Technology,Fixed Income,7545256.68,0.02192,7545256.68,7731000,96.63,United States,--,USD,5.24,5.84,1,2032-11-15,5.2,5.24,,5.84,5.24,5.84,USD,2025-11-14,2025-11-14
BANK OF NOVA SCOTIA (FXD-FRN) MTN,Banking,Fixed Income,7542308.49,0.02191,7542308.49,7585000,97.16,Canada,--,USD,5.33,5.26,1,2034-02-02,4.81,5.39,,5.26,5.39,5.26,USD,2026-02-02,2026-02-02
APPLE INC,Technology,Fixed Income,7543108.33,0.02191,7543108.33,7949000,93.37,United States,--,USD,5.26,4.62,1,2032-08-08,3.35,5.29,,4.62,5.29,4.62,USD,2022-08-08,2022-08-08
COCA-COLA CO,Consumer Non-Cyclical,Fixed Income,7533930.06,0.02189,7533930.06,12650000,59.19,United States,--,USD,15.06,5.77,1,2050-06-01,2.6,15.24,,5.77,15.24,5.77,USD,2020-05-01,2020-05-01
ABBVIE INC,Consumer Non-Cyclical,Fixed Income,7535682.1,0.02189,7535682.1,7804000,94.67,United States,--,USD,10.75,5.84,1,2044-03-15,5.35,10.91,,5.84,10.91,5.84,USD,2024-02-26,2024-02-26
VICI PROPERTIES LP,Consumer Cyclical,Fixed Income,7526352.07,0.02187,7526352.07,7583000,98.3,United States,--,USD,4.53,5.5,1,2031-11-15,5.13,4.54,,5.5,4.54,5.5,USD,2024-12-19,2024-12-19
COCA-COLA CO,Consumer Non-Cyclical,Fixed Income,7523874.79,0.02186,7523874.79,12938000,57.27,United States,--,USD,15.29,5.77,1,2051-03-15,2.5,15.48,,5.77,15.48,5.77,USD,2020-09-18,2020-09-18
INTEL CORPORATION,Technology,Fixed Income,7525048.43,0.02186,7525048.43,8042000,93.16,United States,--,USD,5.53,5.27,1,2032-12-15,4.0,5.51,,5.27,5.51,5.27,USD,2012-12-11,2012-12-11
KROGER CO,Consumer Non-Cyclical,Fixed Income,7519958.04,0.02185,7519958.04,9131000,80.24,United States,--,USD,11.87,6.16,1,2047-02-01,4.45,12.08,,6.16,12.08,6.16,USD,2017-01-24,2017-01-24
ANALOG DEVICES INC,Technology,Fixed Income,7521984.31,0.02185,7521984.31,8545000,87.38,United States,--,USD,4.77,4.88,1,2031-10-01,2.1,4.77,,4.88,4.77,4.88,USD,2021-10-05,2021-10-05
BROOKFIELD ASSET MANAGEMENT LTD,Brokerage/Asset Managers/Exchanges,Fixed Income,7522263.95,0.02185,7522263.95,7382000,100.48,Canada,--,USD,6.68,5.72,1,2035-04-24,5.79,6.71,,5.72,6.56,5.72,USD,2025-04-24,2025-04-24
CORNING INC,Technology,Fixed Income,7515926.18,0.02184,7515926.18,8416000,88.29,United States,--,USD,15.23,6.2,1,2079-11-15,5.45,15.51,,6.2,15.51,6.2,USD,2019-11-19,2019-11-19
AUTOMATIC DATA PROCESSING INC,Technology,Fixed Income,7517773.28,0.02184,7517773.28,7505000,99.19,United States,--,USD,4.93,4.91,1,2032-05-08,4.75,4.96,,4.91,4.96,4.91,USD,2025-05-08,2025-05-08
HCA INC,Consumer Non-Cyclical,Fixed Income,7518805.34,0.02184,7518805.34,7278000,101.15,United States,--,USD,4.65,5.26,1,2032-03-01,5.5,4.68,,5.25,4.56,5.25,USD,2025-02-21,2025-02-21
MCDONALDS CORPORATION MTN,Consumer Cyclical,Fixed Income,7509780.44,0.02182,7509780.44,8318000,88.38,United States,--,USD,12.95,6.04,1,2052-09-09,5.15,13.21,,6.04,13.21,6.04,USD,2022-09-09,2022-09-09
ARTHUR J GALLAGHER & CO,Insurance,Fixed Income,7510291.46,0.02182,7510291.46,7476000,99.96,United States,--,USD,3.07,4.86,1,2029-12-15,4.85,3.08,,4.86,3.08,4.86,USD,2024-12-19,2024-12-19
CANADIAN IMPERIAL BANK OF COMMERCE,Banking,Fixed Income,7511725.76,0.02182,7511725.76,8019000,92.62,Canada,--,USD,5.01,5.1,1,2032-04-07,3.6,5.0,,5.1,5.0,5.1,USD,2022-04-07,2022-04-07
BERKSHIRE HATHAWAY FINANCE CORP,Insurance,Fixed Income,7507177.87,0.02181,7507177.87,12169000,60.92,United States,--,USD,14.62,5.9,1,2050-10-15,2.85,14.85,,5.9,14.85,5.9,USD,2020-10-15,2020-10-15
BROOKFIELD FINANCE INC,Brokerage/Asset Managers/Exchanges,Fixed Income,7507499.99,0.02181,7507499.99,8985000,81.96,Canada,--,USD,11.93,6.25,1,2047-09-20,4.7,12.15,,6.25,12.15,6.25,USD,2017-09-14,2017-09-14
BURLINGTON NORTHERN SANTA FE LLC,Transportation,Fixed Income,7504429.22,0.0218,7504429.22,11190000,65.9,United States,--,USD,14.26,5.92,1,2051-09-15,3.3,14.51,,5.92,14.51,5.92,USD,2021-04-06,2021-04-06
TRAVELERS COMPANIES INC,Insurance,Fixed Income,7499474.39,0.02179,7499474.39,7968000,93.26,United States,--,USD,13.16,5.96,1,2053-05-25,5.45,13.43,,5.96,13.43,5.96,USD,2023-05-25,2023-05-25
EXXON MOBIL CORP,Energy,Fixed Income,7499619.89,0.02179,7499619.89,11274000,65.18,United States,--,USD,13.92,5.87,1,2049-08-16,3.1,14.14,,5.87,14.14,5.87,USD,2019-08-16,2019-08-16
NOMURA HOLDINGS INC,Brokerage/Asset Managers/Exchanges,Fixed Income,7498000.03,0.02178,7498000.03,8396000,89.3,Japan,--,USD,4.97,5.29,1,2032-01-22,3.0,4.95,,5.29,4.95,5.29,USD,2022-01-11,2022-01-11
CROWN CASTLE INC,Communications,Fixed Income,7489811.75,0.02176,7489811.75,7583000,97.62,United States,--,USD,5.54,5.52,1,2033-05-01,5.1,5.58,,5.52,5.58,5.52,USD,2023-04-26,2023-04-26
VISA INC,Technology,Fixed Income,7486822.41,0.02175,7486822.41,10015000,74.03,United States,--,USD,10.68,5.4,1,2040-04-15,2.7,10.73,,5.4,10.73,5.4,USD,2020-04-02,2020-04-02
LABORATORY CORPORATION OF AMERICA,Consumer Non-Cyclical,Fixed Income,7481886.87,0.02174,7481886.87,7683000,95.9,United States,--,USD,6.53,5.43,1,2034-10-01,4.8,6.56,,5.43,6.56,5.43,USD,2024-09-23,2024-09-23
HP INC,Technology,Fixed Income,7482064.79,0.02174,7482064.79,7407000,100.91,United States,--,USD,5.35,5.33,1,2033-01-15,5.5,5.39,,5.33,5.22,5.33,USD,2022-06-21,2022-06-21
SEMPRA,Natural Gas,Fixed Income,7483067.68,0.02174,7483067.68,7309000,100.76,United States,--,USD,8.92,5.91,1,2039-10-15,6.0,8.92,,5.91,8.92,5.91,USD,2009-10-08,2009-10-08
FEDEX CORP,Transportation,Fixed Income,7484154.56,0.02174,7484154.56,8229000,89.97,United States,--,USD,12.52,6.05,1,2050-05-15,5.25,12.77,,6.05,12.77,6.05,USD,2025-05-15,2025-10-06
TARGA RESOURCES CORP,Energy,Fixed Income,7484469.68,0.02174,7484469.68,7635000,96.89,United States,--,USD,12.82,6.36,1,2055-05-15,6.13,13.08,,6.36,13.08,6.36,USD,2025-02-27,2025-02-27
MICROSOFT CORPORATION,Technology,Fixed Income,7478448.81,0.02173,7478448.81,13127000,56.09,United States,--,USD,14.97,5.95,1,2050-09-15,2.5,15.18,,5.95,15.18,5.95,USD,2024-03-15,2024-06-04
SAN DIEGO GAS & ELECTRIC CO,Electric,Fixed Income,7478952.07,0.02173,7478952.07,7362000,100.13,United States,--,USD,6.75,5.38,1,2035-04-15,5.4,6.79,,5.38,6.79,5.38,USD,2025-03-28,2025-03-28
EXELON CORPORATION,Electric,Fixed Income,7477414.03,0.02172,7477414.03,7686000,95.2,United States,--,USD,7.35,5.6,1,2036-03-15,4.95,7.36,,5.6,7.36,5.6,USD,2026-02-20,2026-02-20
PROLOGIS LP,Reits,Fixed Income,7473328.01,0.02171,7473328.01,7464000,99.15,United States,--,USD,6.86,5.37,1,2035-05-15,5.25,6.91,,5.37,6.91,5.37,USD,2025-05-07,2025-05-07
DIAGEO INVESTMENT CORPORATION,Consumer Non-Cyclical,Fixed Income,7468493.43,0.0217,7468493.43,7247000,100.82,United Kingdom,--,USD,3.54,4.9,1,2030-08-15,5.13,3.55,,4.9,3.49,4.9,USD,2025-04-15,2025-04-15
AMERICAN INTERNATIONAL GROUP INC,Insurance,Fixed Income,7468894.19,0.0217,7468894.19,9308000,79.97,United States,--,USD,13.23,5.96,1,2050-06-30,4.38,13.49,,5.96,13.49,5.96,USD,2020-05-11,2020-05-11
MIZUHO FINANCIAL GROUP (FXD-FXD),Banking,Fixed Income,7469445.58,0.0217,7469445.58,7550000,98.81,Japan,--,USD,4.3,5.2,1,2032-07-13,4.96,4.34,,5.2,4.35,5.2,USD,2026-07-13,2026-07-13
CATERPILLAR INC,Capital Goods,Fixed Income,7469817.91,0.0217,7469817.91,7577000,97.79,United States,--,USD,10.06,5.42,1,2041-05-27,5.2,10.11,,5.42,10.11,5.42,USD,2011-05-27,2011-05-27
OREILLY AUTOMOTIVE INC,Consumer Cyclical,Fixed Income,7465254.42,0.02169,7465254.42,7555000,98.33,United States,--,USD,5.01,5.03,1,2032-06-15,4.7,5.06,,5.03,5.06,5.03,USD,2022-06-15,2022-06-15
GILEAD SCIENCES INC,Consumer Non-Cyclical,Fixed Income,7465991.79,0.02169,7465991.79,7842000,94.18,United States,--,USD,13.42,5.93,1,2054-11-15,5.5,13.7,,5.93,13.7,5.93,USD,2024-11-20,2024-11-20
APPLE INC,Technology,Fixed Income,7461881.47,0.02168,7461881.47,8990000,81.08,United States,--,USD,12.19,5.84,1,2047-02-09,4.25,12.41,,5.84,12.41,5.84,USD,2017-02-09,2017-02-09
HUMANA INC,Insurance,Fixed Income,7462251.21,0.02168,7462251.21,7473000,98.61,United States,--,USD,6.74,5.75,1,2035-05-01,5.55,6.77,,5.75,6.77,5.75,USD,2025-03-05,2025-03-05
ASTRAZENECA PLC,Consumer Non-Cyclical,Fixed Income,7456298.82,0.02166,7456298.82,8450000,87.61,United Kingdom,--,USD,3.82,4.79,1,2030-08-06,1.38,3.81,,4.79,3.81,4.79,USD,2020-08-06,2020-08-06
KINDER MORGAN INC,Energy,Fixed Income,7456775.57,0.02166,7456775.57,7458000,99.23,United States,--,USD,6.52,5.41,1,2034-12-01,5.3,6.62,,5.41,6.62,5.41,USD,2014-11-26,2014-11-26
AT&T INC,Communications,Fixed Income,7450537.64,0.02165,7450537.64,8062000,90.52,United States,--,USD,8.89,5.93,1,2039-03-01,4.85,8.94,,5.93,8.94,5.93,USD,2019-02-19,2019-02-19
TARGA RESOURCES PARTNERS LP,Energy,Fixed Income,7451726.7,0.02165,7451726.7,7904000,94.2,United States,--,USD,4.32,5.23,1,2032-01-15,4.0,4.83,,5.23,4.83,5.23,USD,2021-02-02,2021-02-02
UNITEDHEALTH GROUP INC,Insurance,Fixed Income,7451823.82,0.02165,7451823.82,9438000,78.52,United States,--,USD,12.71,6.03,1,2048-06-15,4.25,12.94,,6.03,12.94,6.03,USD,2018-06-19,2018-06-19
MIZUHO FINANCIAL GROUP (FXD-FXD),Banking,Fixed Income,7452481.97,0.02165,7452481.97,7611000,97.78,Japan,--,USD,7.42,5.59,1,2037-07-13,5.34,7.61,,5.59,7.61,5.59,USD,2026-07-13,2026-07-13
ENERGY TRANSFER LP,Energy,Fixed Income,7448675.25,0.02164,7448675.25,7028000,105.08,United States,--,USD,3.69,5.08,1,2030-12-01,6.4,3.76,,5.04,3.63,5.04,USD,2023-10-13,2023-10-13
PACIFIC GAS AND ELECTRIC COMPANY,Electric,Fixed Income,7449563.46,0.02164,7449563.46,7983000,91.5,United States,--,USD,12.54,6.57,1,2054-10-01,5.9,12.78,,6.57,12.78,6.57,USD,2024-09-05,2024-09-05
STRYKER CORPORATION,Consumer Non-Cyclical,Fixed Income,7449802.64,0.02164,7449802.64,7605000,96.28,United States,--,USD,6.52,5.19,1,2034-09-11,4.63,6.56,,5.19,6.56,5.19,USD,2024-09-11,2024-09-11
GLOBAL PAYMENTS INC,Technology,Fixed Income,7433613.53,0.0216,7433613.53,7358000,98.67,United States,--,USD,4.95,5.66,1,2032-08-15,5.4,4.98,,5.66,4.98,5.66,USD,2022-08-22,2022-08-22
KEURIG DR PEPPER INC,Consumer Non-Cyclical,Fixed Income,7435293.78,0.0216,7435293.78,9451000,77.46,United States,--,USD,13.15,6.28,1,2052-04-15,4.5,13.39,,6.28,13.39,6.28,USD,2022-04-22,2022-04-22
JBS USA LUX SA,Consumer Non-Cyclical,Fixed Income,7430447.92,0.02159,7430447.92,8400000,87.9,Brazil,--,USD,5.18,5.46,1,2032-05-15,3.0,5.17,,5.46,5.17,5.46,USD,2023-05-15,2023-08-21
EQUINIX EUROPE 2 FINANCING CORPORA,Technology,Fixed Income,7430834.06,0.02159,7430834.06,7599000,96.0,United States,--,USD,5.5,5.42,1,2033-03-15,4.7,5.51,,5.42,5.51,5.42,USD,2026-03-05,2026-03-05
STARBUCKS CORPORATION,Consumer Cyclical,Fixed Income,7433108.57,0.02159,7433108.57,9144000,79.35,United States,--,USD,12.58,6.13,1,2049-08-15,4.45,12.81,,6.13,12.81,6.13,USD,2019-05-13,2019-05-13
STATE STREET CORP,Banking,Fixed Income,7429153.3,0.02158,7429153.3,7906000,92.78,United States,--,USD,3.27,4.66,1,2030-01-24,2.4,3.26,,4.66,3.26,4.66,USD,2020-01-24,2020-01-24
DELL INTERNATIONAL LLC,Technology,Fixed Income,7424551.05,0.02157,7424551.05,7260000,100.57,United States,--,USD,6.69,5.42,1,2035-04-01,5.5,6.73,,5.42,6.58,5.42,USD,2025-04-01,2025-04-01
AMERICAN TOWER CORPORATION,Communications,Fixed Income,7426067.59,0.02157,7426067.59,7147000,102.81,United States,--,USD,5.79,5.43,1,2033-11-15,5.9,5.84,,5.42,5.68,5.42,USD,2023-09-15,2023-09-15
PNC FINANCIAL SERVICES GROUP INC,Banking,Fixed Income,7422063.74,0.02156,7422063.74,7470000,99.34,United States,--,USD,7.45,5.51,1,2037-07-21,5.46,7.61,,5.51,7.61,5.51,USD,2026-07-21,2026-07-21
GLAXOSMITHKLINE CAPITAL INC,Consumer Non-Cyclical,Fixed Income,7422785.3,0.02156,7422785.3,7513000,97.49,United Kingdom,--,USD,6.88,5.24,1,2035-04-15,4.88,6.92,,5.24,6.92,5.24,USD,2025-03-13,2025-03-13
WASTE CONNECTIONS INC,Capital Goods,Fixed Income,7416092.61,0.02155,7416092.61,7360000,98.8,United States,--,USD,6.08,5.19,1,2034-03-01,5.0,6.13,,5.19,6.13,5.19,USD,2024-02-21,2024-02-21
T-MOBILE USA INC,Communications,Fixed Income,7418969.79,0.02155,7418969.79,7774000,94.82,United States,--,USD,12.75,6.4,1,2054-06-15,6.0,13.01,,6.4,13.01,6.4,USD,2023-09-14,2023-09-14
LOWES COMPANIES INC,Consumer Cyclical,Fixed Income,7414713.01,0.02154,7414713.01,10553000,69.27,United States,--,USD,11.22,5.89,1,2041-09-15,2.8,11.27,,5.89,11.27,5.89,USD,2021-09-20,2021-09-20
CARDINAL HEALTH INC,Consumer Non-Cyclical,Fixed Income,7414738.2,0.02154,7414738.2,7368000,99.64,United States,--,USD,6.53,5.4,1,2034-11-15,5.35,6.57,,5.4,6.57,5.4,USD,2024-11-22,2024-11-22
WESTPAC BANKING CORP,Banking,Fixed Income,7409930.94,0.02153,7409930.94,10155000,72.41,Australia,--,USD,11.18,5.92,1,2041-11-18,3.13,11.21,,5.92,11.21,5.92,USD,2021-11-18,2021-11-18
GATX CORPORATION,Finance Companies,Fixed Income,7411056.86,0.02153,7411056.86,7533000,97.59,United States,--,USD,12.85,6.23,1,2054-06-05,6.05,13.12,,6.23,13.12,6.23,USD,2024-06-05,2024-06-05
AERCAP IRELAND CAPITAL DAC,Finance Companies,Fixed Income,7407908.66,0.02152,7407908.66,7321000,100.63,Ireland,--,USD,4.58,5.24,1,2031-12-15,5.38,4.61,,5.24,4.49,5.24,USD,2025-01-13,2025-01-13
DELL INTERNATIONAL LLC,Technology,Fixed Income,7403425.07,0.02151,7403425.07,7208000,101.08,United States,--,USD,2.76,4.93,1,2029-10-01,5.3,2.86,,4.9,2.65,4.9,USD,2021-04-01,2021-06-15
QUALCOMM INCORPORATED,Technology,Fixed Income,7400568.52,0.0215,7400568.52,9204000,79.63,United States,--,USD,13.41,6.07,1,2052-05-20,4.5,13.67,,6.07,13.67,6.07,USD,2022-05-09,2022-05-09
BROOKFIELD FINANCE INC,Brokerage/Asset Managers/Exchanges,Fixed Income,7394219.75,0.02148,7394219.75,7571000,95.38,Canada,--,USD,12.57,6.32,1,2054-03-04,5.97,12.82,,6.32,12.82,6.32,USD,2024-03-04,2024-03-04
COMCAST CORPORATION,Communications,Fixed Income,7395179.76,0.02148,7395179.76,8829000,82.23,United States,--,USD,8.73,6.05,1,2038-03-01,3.9,8.74,,6.05,8.74,6.05,USD,2018-02-08,2018-02-08
MIZUHO FINANCIAL GROUP INC,Banking,Fixed Income,7386205.26,0.02146,7386205.26,8227000,89.71,Japan,--,USD,3.69,5.18,1,2031-07-10,2.2,3.71,,5.15,3.71,5.15,USD,2020-07-10,2020-07-10
INTEL CORPORATION,Technology,Fixed Income,7382908.16,0.02145,7382908.16,8589000,83.6,United States,--,USD,11.08,6.4,1,2045-07-29,4.9,11.23,,6.4,11.23,6.4,USD,2015-07-29,2015-07-29
MIZUHO FINANCIAL GROUP INC,Banking,Fixed Income,7379873.43,0.02144,7379873.43,8311000,87.88,Japan,--,USD,4.68,5.37,1,2031-09-13,2.56,4.65,,5.37,4.65,5.37,USD,2021-09-13,2021-09-13
BARCLAYS PLC,Banking,Fixed Income,7375004.96,0.02143,7375004.96,8175000,89.24,United Kingdom,--,USD,4.16,5.32,1,2032-03-10,2.67,4.21,,5.32,4.21,5.32,USD,2021-03-10,2021-03-10
DUKE ENERGY PROGRESS LLC,Electric,Fixed Income,7375395.77,0.02143,7375395.77,7690000,93.95,United States,--,USD,13.26,5.99,1,2055-03-15,5.55,13.54,,5.99,13.54,5.99,USD,2025-03-06,2025-03-06
ZOETIS INC,Consumer Non-Cyclical,Fixed Income,7373127.64,0.02142,7373127.64,7428000,97.11,United States,--,USD,6.99,5.41,1,2035-08-17,5.0,7.02,,5.41,7.02,5.41,USD,2025-08-18,2025-08-18
PRUDENTIAL FINANCIAL INC,Insurance,Fixed Income,7373231.19,0.02142,7373231.19,9988000,73.33,United States,--,USD,13.29,6.09,1,2049-12-07,3.94,13.52,,6.09,13.52,6.09,USD,2017-12-07,2018-05-03
MCDONALDS CORPORATION MTN,Consumer Cyclical,Fixed Income,7368666.69,0.02141,7368666.69,6784000,106.92,United States,--,USD,7.99,5.47,1,2037-10-15,6.3,7.98,,5.47,7.98,5.47,USD,2007-10-18,2007-10-18
AMCOR FLEXIBLES NORTH AMERICA INC,Capital Goods,Fixed Income,7369729.08,0.02141,7369729.08,7215000,100.23,United States,--,USD,6.65,5.46,1,2035-03-17,5.5,6.69,,5.46,6.69,5.46,USD,2025-03-17,2025-08-22
KEYBANK NATIONAL ASSOCIATION,Banking,Fixed Income,7370768.27,0.02141,7370768.27,7427000,97.01,United States,--,USD,5.06,5.49,1,2032-08-08,4.9,5.03,,5.49,5.03,5.49,USD,2022-08-08,2022-08-08
CARRIER GLOBAL CORP,Capital Goods,Fixed Income,7366964.28,0.0214,7366964.28,7996000,90.96,United States,--,USD,4.16,4.94,1,2031-02-15,2.7,4.15,,4.94,4.15,4.94,USD,2020-06-19,2020-12-08
HALLIBURTON COMPANY,Energy,Fixed Income,7367509.37,0.0214,7367509.37,8383000,85.63,United States,--,USD,10.65,6.12,1,2043-08-01,4.75,10.77,,6.12,10.77,6.12,USD,2013-08-05,2013-08-05
EBAY INC,Consumer Cyclical,Fixed Income,7362254.81,0.02139,7362254.81,10379000,70.2,United States,--,USD,13.91,5.97,1,2051-05-10,3.65,14.16,,5.97,14.16,5.97,USD,2021-05-10,2021-05-10
SMURFIT WESTROCK FINANCING DAC,Basic Industry,Fixed Income,7362980.01,0.02139,7362980.01,7561000,97.28,Ireland,--,USD,7.34,5.56,1,2036-01-15,5.18,7.36,,5.56,7.36,5.56,USD,2025-11-21,2025-11-21
FORD MOTOR CREDIT COMPANY LLC,Consumer Cyclical,Fixed Income,7357639.9,0.02138,7357639.9,7037000,102.32,United States,--,USD,4.57,6.04,1,2032-03-19,6.53,4.59,,6.03,4.48,6.03,USD,2025-03-20,2025-03-20
NORTHROP GRUMMAN CORP,Capital Goods,Fixed Income,7355263.47,0.02137,7355263.47,8015000,90.59,United States,--,USD,12.52,6.0,1,2050-05-01,5.25,12.77,,6.0,12.77,6.0,USD,2020-03-23,2020-03-23
RAYTHEON TECHNOLOGIES CORPORATION,Capital Goods,Fixed Income,7350563.63,0.02136,7350563.63,11702000,61.75,United States,--,USD,14.65,5.96,1,2052-03-15,3.03,14.9,,5.96,14.9,5.96,USD,2021-11-16,2021-11-16
AMERICAN EXPRESS COMPANY,Banking,Fixed Income,7352667.42,0.02136,7352667.42,8888000,82.17,United States,--,USD,11.14,5.74,1,2042-12-03,4.05,11.21,,5.74,11.21,5.74,USD,2012-12-03,2013-02-26
AUTOMATIC DATA PROCESSING INC,Technology,Fixed Income,7349287.55,0.02135,7349287.55,7525000,96.02,United States,--,USD,6.56,5.05,1,2034-09-09,4.45,6.6,,5.05,6.6,5.05,USD,2024-09-09,2024-09-09
VERIZON COMMUNICATIONS INC,Communications,Fixed Income,7346124.67,0.02134,7346124.67,6904000,104.09,United States,--,USD,10.07,6.16,1,2043-09-15,6.55,10.14,,6.16,10.14,6.16,USD,2013-09-18,2013-09-18
SBA COMMUNICATIONS CORP,Communications,Fixed Income,7341037.02,0.02133,7341037.02,7400000,99.2,United States,--,USD,4.35,5.33,1,2031-07-23,5.15,4.36,,5.33,4.36,5.33,USD,2026-07-23,2026-07-23
BURLINGTON NORTHERN SANTA FE LLC,Transportation,Fixed Income,7343004.33,0.02133,7343004.33,9175000,79.95,United States,--,USD,13.78,5.97,1,2053-01-15,4.45,14.05,,5.97,14.05,5.97,USD,2022-06-07,2022-06-07
PHILIP MORRIS INTERNATIONAL INC,Consumer Non-Cyclical,Fixed Income,7334714.86,0.02131,7334714.86,7289000,99.59,United States,--,USD,2.96,4.76,1,2029-11-01,4.63,2.98,,4.76,2.98,4.76,USD,2024-11-01,2024-11-01
PEPSICO INC,Consumer Non-Cyclical,Fixed Income,7334723.47,0.02131,7334723.47,7878000,93.03,United States,--,USD,13.77,5.75,1,2054-07-17,5.25,14.07,,5.75,14.07,5.75,USD,2024-07-17,2024-07-17
NEXTERA ENERGY CAPITAL HOLDINGS IN,Electric,Fixed Income,7332082.24,0.0213,7332082.24,7507000,95.59,United States,--,USD,12.87,6.23,1,2055-03-15,5.9,13.14,,6.23,13.14,6.23,USD,2025-02-04,2025-02-04
CHARTER COMMUNICATIONS OPERATING L,Communications,Fixed Income,7332127.41,0.0213,7332127.41,7995000,90.76,United States,--,USD,11.73,7.48,1,2055-12-01,6.7,11.92,,7.48,11.92,7.48,USD,2025-09-02,2025-09-02
TOYOTA MOTOR CREDIT CORP MTN,Consumer Cyclical,Fixed Income,7329852.74,0.02129,7329852.74,7391000,98.31,United States,--,USD,4.24,4.95,1,2031-05-14,4.55,4.23,,4.95,4.23,4.95,USD,2026-05-14,2026-05-14
CVS HEALTH CORP,Consumer Non-Cyclical,Fixed Income,7323289.12,0.02128,7323289.12,7086000,100.84,United States,--,USD,3.84,5.04,1,2031-01-30,5.25,3.89,,5.03,3.76,5.03,USD,2023-06-02,2023-06-02
ELEVANCE HEALTH INC,Insurance,Fixed Income,7324681.66,0.02128,7324681.66,7290000,99.36,United States,--,USD,4.51,5.09,1,2031-11-01,4.95,4.54,,5.09,4.54,5.09,USD,2024-10-31,2024-10-31
ATLAS WAREHOUSE LENDING COMPANY LP 144A,Financial Other,Fixed Income,7325587.78,0.02128,7325587.78,7415000,97.87,United States,--,USD,3.8,5.51,1,2030-11-15,4.95,3.79,,5.51,3.79,5.51,USD,2025-11-13,2025-11-13
NEXTERA ENERGY CAPITAL HOLDINGS IN,Electric,Fixed Income,7319047.72,0.02126,7319047.72,7127000,100.82,United States,--,USD,4.71,5.13,1,2032-03-15,5.3,4.75,,5.13,4.62,5.13,USD,2025-02-04,2025-02-04
UNITEDHEALTH GROUP INC,Insurance,Fixed Income,7312747.75,0.02125,7312747.75,9014000,80.67,United States,--,USD,12.71,6.03,1,2048-12-15,4.45,12.94,,6.03,12.94,6.03,USD,2018-12-17,2018-12-17
PROLOGIS LP,Reits,Fixed Income,7311562.27,0.02124,7311562.27,7321000,98.11,United States,--,USD,6.11,5.3,1,2034-03-15,5.0,6.16,,5.3,6.16,5.3,USD,2024-01-25,2024-01-25
MARRIOTT INTERNATIONAL INC,Consumer Cyclical,Fixed Income,7306901.58,0.02123,7306901.58,7945000,91.03,United States,--,USD,5.41,5.2,1,2032-10-15,3.5,5.42,,5.2,5.42,5.2,USD,2020-08-14,2020-08-14
QUEST DIAGNOSTICS INCORPORATED,Consumer Non-Cyclical,Fixed Income,7307878.28,0.02123,7307878.28,6784000,106.8,United States,--,USD,5.76,5.27,1,2033-11-30,6.4,5.83,,5.24,5.67,5.24,USD,2023-11-01,2023-11-01
TARGA RESOURCES CORP,Energy,Fixed Income,7308662.41,0.02123,7308662.41,7409000,96.95,United States,--,USD,4.14,5.08,1,2031-04-15,4.35,4.14,,5.08,4.14,5.08,USD,2026-03-02,2026-03-02
VIRGINIA ELECTRIC AND POWER COMPAN,Electric,Fixed Income,7308986.37,0.02123,7308986.37,7534000,94.8,United States,--,USD,13.24,6.08,1,2056-03-15,5.7,13.52,,6.08,13.52,6.08,USD,2026-03-02,2026-03-02
ENERGY TRANSFER LP,Energy,Fixed Income,7299108.85,0.02121,7299108.85,7441000,98.0,United States,--,USD,3.99,5.05,1,2031-01-15,4.55,3.99,,5.05,3.99,5.05,USD,2026-01-27,2026-01-27
PEPSICO INC,Consumer Non-Cyclical,Fixed Income,7299959.35,0.02121,7299959.35,7179000,99.37,United States,--,USD,5.02,4.77,1,2032-07-23,4.65,5.06,,4.77,5.06,4.77,USD,2025-07-23,2025-07-23
SALESFORCE INC,Technology,Fixed Income,7300265.53,0.02121,7300265.53,11071000,65.89,United States,--,USD,11.29,6.24,1,2041-07-15,2.7,11.31,,6.24,11.31,6.24,USD,2021-07-12,2021-07-12
CUMMINS INC,Consumer Cyclical,Fixed Income,7293590.89,0.02119,7293590.89,7134000,100.06,United States,--,USD,6.03,5.14,1,2034-02-20,5.15,6.08,,5.14,6.08,5.14,USD,2024-02-20,2024-02-20
EXELON GENERATION CO LLC,Electric,Fixed Income,7295370.77,0.02119,7295370.77,6924000,103.44,United States,--,USD,8.82,5.87,1,2039-10-01,6.25,8.82,,5.87,8.82,5.87,USD,2009-09-23,2009-09-23
VULCAN MATERIALS COMPANY,Capital Goods,Fixed Income,7290372.51,0.02118,7290372.51,7244000,99.88,United States,--,USD,6.58,5.37,1,2034-12-01,5.35,6.62,,5.37,6.62,5.37,USD,2024-11-20,2024-11-20
COMCAST CORPORATION,Communications,Fixed Income,7288031.01,0.02117,7288031.01,9461000,75.7,United States,--,USD,13.27,6.82,1,2058-10-15,4.95,13.5,,6.82,13.5,6.82,USD,2018-10-05,2018-10-05
METLIFE INC,Insurance,Fixed Income,7276978.58,0.02114,7276978.58,8048000,89.49,United States,--,USD,11.0,5.85,1,2043-11-13,4.88,11.09,,5.85,11.09,5.85,USD,2013-11-13,2013-11-13
PFIZER INC,Consumer Non-Cyclical,Fixed Income,7277323.51,0.02114,7277323.51,8059000,89.89,United States,--,USD,8.25,5.28,1,2036-12-15,4.0,8.23,,5.28,8.23,5.28,USD,2016-11-21,2016-11-21
AMGEN INC,Consumer Non-Cyclical,Fixed Income,7272665.62,0.02113,7272665.62,7796000,91.89,United States,--,USD,4.9,5.03,1,2032-02-22,3.35,4.92,,5.03,4.92,5.03,USD,2022-02-22,2022-02-22
KINDER MORGAN INC,Energy,Fixed Income,7272991.55,0.02113,7272991.55,7152000,100.96,United States,--,USD,3.43,4.87,1,2030-06-01,5.15,3.44,,4.87,3.44,4.87,USD,2025-05-01,2025-05-01
DTE ELECTRIC COMPANY,Electric,Fixed Income,7273366.0,0.02113,7273366.0,7558000,94.0,United States,--,USD,13.39,5.98,1,2056-03-01,5.55,13.67,,5.98,13.67,5.98,USD,2026-02-27,2026-02-27
PIONEER NATURAL RESOURCES COMPANY,Energy,Fixed Income,7268209.84,0.02112,7268209.84,8071000,89.22,United States,--,USD,3.8,4.85,1,2030-08-15,1.9,3.79,,4.85,3.79,4.85,USD,2020-08-11,2020-08-11
PACIFICORP,Electric,Fixed Income,7269336.17,0.02112,7269336.17,7133000,100.14,United States,--,USD,5.45,5.42,1,2033-04-15,5.45,5.48,,5.42,5.48,5.42,USD,2026-03-25,2026-03-25
INTERNATIONAL BUSINESS MACHINES CO,Technology,Fixed Income,7269634.42,0.02112,7269634.42,9306000,77.76,United States,--,USD,10.87,6.22,1,2042-06-20,4.0,10.9,,6.22,10.9,6.22,USD,2012-06-20,2012-06-20
NXP BV / NXP FUNDING LLC / NXP USA,Technology,Fixed Income,7269835.48,0.02112,7269835.48,9820000,73.39,United States,--,USD,10.8,5.98,1,2041-05-11,3.25,10.84,,5.98,10.84,5.98,USD,2022-05-11,2022-05-16
EXXON MOBIL CORP,Energy,Fixed Income,7270351.19,0.02112,7270351.19,9525000,74.98,United States,--,USD,12.13,5.78,1,2045-03-06,3.57,12.3,,5.78,12.3,5.78,USD,2015-03-06,2015-03-06
ENTERPRISE PRODUCTS OPERATING LLC,Energy,Fixed Income,7264623.95,0.02111,7264623.95,8328000,85.29,United States,--,USD,10.76,5.85,1,2043-02-15,4.45,10.87,,5.85,10.87,5.85,USD,2012-08-13,2012-08-13
ELEVANCE HEALTH INC,Insurance,Fixed Income,7266675.52,0.02111,7266675.52,7997000,89.97,United States,--,USD,4.25,4.99,1,2031-03-15,2.55,4.25,,4.99,4.25,4.99,USD,2021-03-17,2021-03-17
DOW CHEMICAL CO,Basic Industry,Fixed Income,7267738.51,0.02111,7267738.51,8220000,88.02,United States,--,USD,4.03,5.24,1,2030-11-15,2.1,4.01,,5.24,4.01,5.24,USD,2020-08-26,2020-08-26
BARCLAYS PLC,Banking,Fixed Income,7262416.58,0.0211,7262416.58,7954000,91.1,United Kingdom,--,USD,3.65,5.34,1,2031-06-24,2.65,3.63,,5.18,3.64,5.18,USD,2020-06-24,2020-06-24
INTERNATIONAL BUSINESS MACHINES CO,Technology,Fixed Income,7258250.14,0.02109,7258250.14,7161000,99.11,United States,--,USD,4.66,5.19,1,2032-02-10,5.0,4.68,,5.19,4.68,5.19,USD,2025-02-10,2025-02-10
EASTERN ENERGY GAS HOLDINGS LLC,Energy,Fixed Income,7258528.49,0.02109,7258528.49,7728000,92.4,United States,--,USD,12.99,6.22,1,2054-10-15,5.65,13.25,,6.22,13.25,6.22,USD,2024-10-09,2024-10-09
GENERAL MOTORS FINANCIAL COMPANY I,Consumer Cyclical,Fixed Income,7258557.68,0.02109,7258557.68,7089000,100.7,United States,--,USD,4.72,5.48,1,2032-04-04,5.63,4.75,,5.48,4.75,5.48,USD,2025-03-04,2025-03-04
RIO TINTO FINANCE (USA) PLC,Basic Industry,Fixed Income,7255574.49,0.02108,7255574.49,7246000,98.04,Australia,--,USD,14.38,6.02,1,2065-03-14,5.88,14.68,,6.02,14.68,6.02,USD,2025-03-14,2025-03-14
SAN DIEGO GAS & ELECTRIC CO,Electric,Fixed Income,7251986.53,0.02107,7251986.53,7893000,90.23,United States,--,USD,12.95,6.09,1,2053-04-01,5.35,13.21,,6.09,13.21,6.09,USD,2023-03-10,2023-03-10
CVS HEALTH CORP,Consumer Non-Cyclical,Fixed Income,7252811.66,0.02107,7252811.66,7957000,90.46,United States,--,USD,10.68,6.2,1,2043-12-05,5.3,10.81,,6.2,10.81,6.2,USD,2013-12-05,2013-12-05
VISA INC,Technology,Fixed Income,7249506.39,0.02106,7249506.39,7253000,98.13,United States,--,USD,4.02,4.56,1,2031-02-12,4.1,4.03,,4.56,4.03,4.56,USD,2026-02-12,2026-02-12
FISERV INC,Technology,Fixed Income,7246184.67,0.02105,7246184.67,7398000,95.66,United States,--,USD,6.31,5.83,1,2034-08-12,5.15,6.32,,5.83,6.32,5.83,USD,2024-08-12,2024-08-12
J M SMUCKER CO,Consumer Non-Cyclical,Fixed Income,7246265.98,0.02105,7246265.98,6788000,105.54,United States,--,USD,12.66,6.08,1,2053-11-15,6.5,12.93,,6.08,12.84,6.08,USD,2023-10-25,2023-10-25
GILEAD SCIENCES INC,Consumer Non-Cyclical,Fixed Income,7237855.71,0.02103,7237855.71,7507000,94.92,United States,--,USD,13.12,5.93,1,2053-10-15,5.55,13.4,,5.93,13.4,5.93,USD,2023-09-14,2023-09-14
EXPEDIA GROUP INC,Consumer Cyclical,Fixed Income,7234217.21,0.02102,7234217.21,7243000,97.52,United States,--,USD,6.58,5.77,1,2035-02-15,5.4,6.59,,5.77,6.59,5.77,USD,2025-02-21,2025-02-21
TARGA RESOURCES PARTNERS LP,Energy,Fixed Income,7230510.11,0.02101,7230510.11,7132000,99.07,United States,--,USD,2.91,5.11,1,2031-02-01,4.88,3.92,,5.11,3.92,5.11,USD,2020-08-18,2020-08-18
COMCAST CORPORATION 144A,Communications,Fixed Income,7229208.79,0.021,7229208.79,7704000,93.74,United States,--,USD,7.89,5.98,1,2037-01-15,5.17,7.89,,5.98,7.89,5.98,USD,2025-10-02,2025-10-02
MARRIOTT INTERNATIONAL INC,Consumer Cyclical,Fixed Income,7220336.31,0.02098,7220336.31,7495000,94.18,United States,--,USD,8.44,5.79,1,2038-05-01,5.1,8.46,,5.79,8.46,5.79,USD,2026-02-20,2026-02-20
BURLINGTON NORTHERN SANTA FE LLC,Transportation,Fixed Income,7217865.51,0.02097,7217865.51,10054000,70.24,United States,--,USD,13.58,5.9,1,2050-02-15,3.55,13.81,,5.9,13.81,5.9,USD,2019-07-24,2019-07-24
HOME DEPOT INC,Consumer Cyclical,Fixed Income,7213763.14,0.02096,7213763.14,7762000,92.06,United States,--,USD,5.06,4.85,1,2032-04-15,3.25,5.08,,4.85,5.08,4.85,USD,2022-03-28,2022-03-28
BERKSHIRE HATHAWAY ENERGY CO,Electric,Fixed Income,7215781.66,0.02096,7215781.66,12160000,58.81,United States,--,USD,14.68,6.09,1,2051-05-15,2.85,14.9,,6.09,14.9,6.09,USD,2020-10-29,2021-03-03
TEXAS INSTRUMENTS INC,Technology,Fixed Income,7211397.74,0.02095,7211397.74,8292000,85.6,United States,--,USD,9.4,5.47,1,2039-03-15,3.88,9.46,,5.47,9.46,5.47,USD,2019-03-11,2019-03-11
AMRIZE FINANCE US LLC,Capital Goods,Fixed Income,7208591.1,0.02094,7208591.1,7098000,99.98,United States,--,USD,6.73,5.4,1,2035-04-07,5.4,6.77,,5.4,6.77,5.4,USD,2025-10-07,2025-12-18
JOHN DEERE CAPITAL CORP MTN,Capital Goods,Fixed Income,7203475.53,0.02093,7203475.53,7202000,99.43,United States,--,USD,3.5,4.71,1,2030-06-05,4.55,3.49,,4.71,3.49,4.71,USD,2025-06-05,2025-06-05
BELL TELEPHONE COMPANY OF CANADA O,Communications,Fixed Income,7203908.73,0.02093,7203908.73,7689000,91.27,Canada,--,USD,12.81,6.22,1,2054-02-15,5.55,13.06,,6.22,13.06,6.22,USD,2024-02-15,2024-02-15
VIRGINIA ELECTRIC AND POWER COMPAN,Electric,Fixed Income,7204720.04,0.02093,7204720.04,7357000,96.2,United States,--,USD,7.1,5.43,1,2035-09-15,4.9,7.12,,5.43,7.12,5.43,USD,2025-09-10,2025-09-10
GENERAL DYNAMICS CORPORATION,Capital Goods,Fixed Income,7199395.21,0.02092,7199395.21,7154000,98.48,United States,--,USD,7.01,5.16,1,2035-08-15,4.95,7.06,,5.16,7.06,5.16,USD,2025-05-07,2025-05-07
PHILIP MORRIS INTERNATIONAL INC,Consumer Non-Cyclical,Fixed Income,7200988.86,0.02092,7200988.86,6963000,102.4,United States,--,USD,2.91,4.83,1,2029-11-17,5.63,2.98,,4.79,2.84,4.79,USD,2022-11-17,2022-11-17
COCA-COLA CO,Consumer Non-Cyclical,Fixed Income,7191587.08,0.02089,7191587.08,7055000,100.98,United States,--,USD,6.29,4.85,1,2034-05-13,5.0,6.35,,4.84,6.18,4.84,USD,2024-05-13,2024-05-13
ONEOK INC,Energy,Fixed Income,7185548.99,0.02088,7185548.99,7214000,98.15,United States,--,USD,7.04,5.66,1,2035-10-15,5.4,7.06,,5.66,7.06,5.66,USD,2025-08-12,2025-08-12
METLIFE INC,Insurance,Fixed Income,7188235.75,0.02088,7188235.75,7136000,100.19,United States,--,USD,6.63,5.27,1,2034-12-15,5.3,6.68,,5.27,6.68,5.27,USD,2024-06-05,2024-06-05
HUMANA INC,Insurance,Fixed Income,7188337.12,0.02088,7188337.12,6897000,101.92,United States,--,USD,5.26,5.52,1,2033-03-01,5.88,5.31,,5.51,5.15,5.51,USD,2022-11-22,2022-11-22
ENTERPRISE PRODUCTS OPERATING LLC,Energy,Fixed Income,7179108.43,0.02086,7179108.43,8850000,79.27,United States,--,USD,12.43,5.97,1,2048-02-15,4.25,12.65,,5.97,12.65,5.97,USD,2018-02-15,2018-02-15
UNILEVER CAPITAL CORP,Consumer Non-Cyclical,Fixed Income,7181710.69,0.02086,7181710.69,7238000,97.17,United Kingdom,--,USD,6.45,5.06,1,2034-08-12,4.63,6.49,,5.06,6.49,5.06,USD,2024-08-12,2024-08-12
SHELL FINANCE US INC,Energy,Fixed Income,7177128.4,0.02085,7177128.4,7427000,96.42,United States,--,USD,7.45,5.23,1,2036-01-06,4.75,7.48,,5.23,7.48,5.23,USD,2025-11-06,2025-11-06
MIZUHO FINANCIAL GROUP (FXD-FXD),Banking,Fixed Income,7177347.28,0.02085,7177347.28,7432000,96.43,Japan,--,USD,10.78,6.11,1,2047-07-13,5.82,11.54,,6.11,11.53,6.11,USD,2026-07-13,2026-07-13
DEERE & CO,Capital Goods,Fixed Income,7171596.08,0.02084,7171596.08,8666000,82.29,United States,--,USD,11.03,5.6,1,2042-06-09,3.9,11.14,,5.6,11.14,5.6,USD,2012-06-08,2012-06-08
PROLOGIS LP,Reits,Fixed Income,7172241.77,0.02084,7172241.77,7375000,96.04,United States,--,USD,7.59,5.42,1,2036-06-15,4.9,7.61,,5.42,7.61,5.42,USD,2026-04-23,2026-04-23
PRUDENTIAL FINANCIAL INC MTN,Insurance,Fixed Income,7172794.77,0.02084,7172794.77,8911000,78.72,United States,--,USD,12.85,6.06,1,2050-02-25,4.35,13.09,,6.06,13.09,6.06,USD,2019-02-25,2019-02-25
BROOKFIELD ASSET MANAGEMENT LTD,Brokerage/Asset Managers/Exchanges,Fixed Income,7173106.69,0.02084,7173106.69,7208000,97.37,Canada,--,USD,12.84,6.27,1,2055-09-15,6.08,13.1,,6.27,13.1,6.27,USD,2025-09-09,2025-09-09
BROWN & BROWN INC,Insurance,Fixed Income,7169415.02,0.02083,7169415.02,7217000,98.95,United States,--,USD,3.47,5.2,1,2030-06-23,4.9,3.51,,5.2,3.51,5.2,USD,2025-06-23,2025-06-23
ORANGE SA,Communications,Fixed Income,7169651.19,0.02083,7169651.19,7378000,94.64,France,--,USD,10.52,6.0,1,2044-02-06,5.5,10.67,,6.0,10.67,6.0,USD,2014-02-06,2014-02-06
AEP TEXAS INC,Electric,Fixed Income,7169873.82,0.02083,7169873.82,7254000,96.96,United States,--,USD,7.35,5.61,1,2036-04-15,5.2,7.37,,5.61,7.37,5.61,USD,2026-03-12,2026-03-12
LYB INTERNATIONAL FINANCE BV,Basic Industry,Fixed Income,7164698.89,0.02082,7164698.89,8535000,82.22,United States,--,USD,10.69,6.59,1,2044-03-15,4.88,10.8,,6.59,10.8,6.59,USD,2014-02-28,2014-02-28
MITSUBISHI UFJ FINANCIAL GROUP INC,Banking,Fixed Income,7165265.86,0.02082,7165265.86,7001000,100.95,Japan,--,USD,5.44,5.35,1,2034-04-19,5.41,5.52,,5.27,5.52,5.27,USD,2023-04-19,2023-04-19
SANTANDER HOLDINGS USA INC,Banking,Fixed Income,7162786.65,0.02081,7162786.65,6828000,103.99,United States,--,USD,6.0,5.84,1,2035-05-31,6.34,6.12,,5.69,6.11,5.69,USD,2024-05-31,2024-05-31
ABBVIE INC,Consumer Non-Cyclical,Fixed Income,7163225.83,0.02081,7163225.83,8052000,87.29,United States,--,USD,11.35,5.88,1,2045-03-15,4.75,11.53,,5.88,11.53,5.88,USD,2020-09-15,2020-11-17
RIO TINTO ALCAN INC,Basic Industry,Fixed Income,7164608.31,0.02081,7164608.31,6764000,105.29,Canada,--,USD,5.93,5.25,1,2033-12-15,6.13,5.91,,5.25,5.91,5.25,USD,2003-12-08,2003-12-08
HCA INC,Consumer Non-Cyclical,Fixed Income,7160389.05,0.0208,7160389.05,7383000,96.13,United States,--,USD,5.33,5.33,1,2032-11-15,4.6,5.34,,5.33,5.34,5.33,USD,2025-10-31,2025-10-31
PACIFIC GAS AND ELECTRIC COMPANY,Electric,Fixed Income,7153176.91,0.02078,7153176.91,7468000,94.14,United States,--,USD,12.65,6.55,1,2055-10-15,6.1,12.89,,6.55,12.89,6.55,USD,2025-10-02,2025-10-02
PUBLIC STORAGE OPERATING CO,Reits,Fixed Income,7144497.21,0.02076,7144497.21,7558000,91.99,United States,--,USD,13.01,5.95,1,2053-08-01,5.35,13.28,,5.95,13.28,5.95,USD,2023-07-26,2023-07-26
CVS HEALTH CORP,Consumer Non-Cyclical,Fixed Income,7144797.55,0.02076,7144797.55,7534000,93.98,United States,--,USD,13.8,6.43,1,2063-06-01,6.0,14.07,,6.43,14.07,6.43,USD,2023-06-02,2023-06-02
ING GROEP NV,Banking,Fixed Income,7146128.19,0.02076,7146128.19,7382000,95.46,Netherlands,--,USD,4.85,5.25,1,2033-03-28,4.25,4.89,,5.18,4.9,5.18,USD,2022-03-28,2022-03-28
JBS USA LUX SA,Consumer Non-Cyclical,Fixed Income,7142233.68,0.02075,7142233.68,7781000,91.72,Brazil,--,USD,4.61,5.39,1,2032-01-15,3.63,4.86,,5.39,4.86,5.39,USD,2023-07-15,2023-08-21
ELEVANCE HEALTH INC,Insurance,Fixed Income,7137559.78,0.02074,7137559.78,8274000,86.17,United States,--,USD,10.87,5.98,1,2043-01-15,4.65,10.93,,5.98,10.93,5.98,USD,2012-09-10,2012-09-10
BERKSHIRE HATHAWAY ENERGY CO,Electric,Fixed Income,7133880.3,0.02073,7133880.3,8782000,80.2,United States,--,USD,13.46,6.11,1,2053-05-01,4.6,13.72,,6.11,13.72,6.11,USD,2022-11-01,2023-02-08
DUKE ENERGY PROGRESS LLC,Electric,Fixed Income,7134787.37,0.02073,7134787.37,7127000,98.33,United States,--,USD,6.75,5.29,1,2035-03-15,5.05,6.79,,5.29,6.79,5.29,USD,2025-03-06,2025-03-06
SHELL FINANCE US INC,Energy,Fixed Income,7136425.36,0.02073,7136425.36,8132000,85.74,United States,--,USD,10.92,5.89,1,2043-08-12,4.55,10.99,,5.89,10.99,5.89,USD,2024-08-12,2024-10-08
BARCLAYS PLC,Banking,Fixed Income,7132441.45,0.02072,7132441.45,9731000,72.76,United Kingdom,--,USD,10.27,6.06,1,2042-11-24,3.33,11.05,,6.06,11.04,6.06,USD,2021-11-24,2021-11-24
DIAGEO INVESTMENT CORPORATION,Consumer Non-Cyclical,Fixed Income,7127935.66,0.02071,7127935.66,6891000,101.92,United Kingdom,--,USD,6.71,5.35,1,2035-04-15,5.63,6.75,,5.34,6.6,5.34,USD,2025-04-15,2025-04-15
MERCK & CO INC,Consumer Non-Cyclical,Fixed Income,7125598.0,0.0207,7125598.0,7173000,97.88,United States,--,USD,3.7,4.72,1,2030-09-15,4.15,3.71,,4.72,3.71,4.72,USD,2025-09-09,2025-09-09
AMAZON.COM INC,Consumer Cyclical,Fixed Income,7120038.92,0.02069,7120038.92,10093000,69.42,United States,--,USD,14.83,6.25,1,2062-04-13,4.1,15.11,,6.25,15.11,6.25,USD,2022-04-13,2022-04-13
DH EUROPE FINANCE II SARL,Consumer Non-Cyclical,Fixed Income,7121137.7,0.02069,7121137.7,9043000,78.14,United States,--,USD,10.12,5.6,1,2039-11-15,3.25,10.16,,5.6,10.16,5.6,USD,2019-11-07,2019-11-07
LOCKHEED MARTIN CORPORATION,Capital Goods,Fixed Income,7121685.17,0.02069,7121685.17,6969000,102.09,United States,--,USD,5.39,4.87,1,2033-01-15,5.25,5.45,,4.86,5.27,4.86,USD,2022-10-24,2022-10-24
PLAINS ALL AMERICAN PIPELINE LP,Energy,Fixed Income,7108963.98,0.02065,7108963.98,6946000,101.73,United States,--,USD,6.79,5.7,1,2035-06-15,5.95,6.82,,5.69,6.67,5.69,USD,2025-01-15,2025-01-15
PUBLIC SERVICE COMPANY OF COLORADO,Electric,Fixed Income,7099950.23,0.02063,7099950.23,7831000,89.05,United States,--,USD,13.01,6.08,1,2053-04-01,5.25,13.28,,6.08,13.28,6.08,USD,2023-04-03,2023-04-03
CIGNA GROUP,Consumer Non-Cyclical,Fixed Income,7100526.83,0.02063,7100526.83,6980000,100.77,United States,--,USD,4.14,4.94,1,2031-05-15,5.13,4.19,,4.94,4.06,4.94,USD,2024-02-13,2024-02-13
SOUTHERN CALIFORNIA EDISON COMPANY,Electric,Fixed Income,7102040.69,0.02063,7102040.69,10336000,66.98,United States,--,USD,13.11,6.38,1,2050-02-01,3.65,13.31,,6.38,13.31,6.38,USD,2020-01-09,2020-01-09
CANADIAN PACIFIC RAILWAY COMPANY,Transportation,Fixed Income,7090161.66,0.0206,7090161.66,6973000,99.52,Canada,--,USD,14.57,6.16,1,2115-09-15,6.13,14.84,,6.16,14.84,6.16,USD,2015-09-11,2015-09-11
GENERAL MOTORS FINANCIAL COMPANY I,Consumer Cyclical,Fixed Income,7087396.45,0.02059,7087396.45,7045000,98.54,United States,--,USD,6.31,5.68,1,2034-09-06,5.45,6.34,,5.68,6.34,5.68,USD,2024-09-06,2024-09-06
GILEAD SCIENCES INC,Consumer Non-Cyclical,Fixed Income,7087723.19,0.02059,7087723.19,9904000,70.76,United States,--,USD,10.95,5.62,1,2040-10-01,2.6,10.99,,5.62,10.99,5.62,USD,2020-09-30,2020-09-30
3M CO,Capital Goods,Fixed Income,7088587.93,0.02059,7088587.93,10568000,65.76,United States,--,USD,13.68,6.01,1,2049-08-26,3.25,13.9,,6.01,13.9,6.01,USD,2019-08-26,2019-08-26
PROLOGIS LP,Reits,Fixed Income,7088692.39,0.02059,7088692.39,7211000,97.82,United States,--,USD,5.72,5.13,1,2033-06-15,4.75,5.77,,5.13,5.77,5.13,USD,2023-03-30,2023-03-30
FIFTH THIRD BANCORP,Banking,Fixed Income,7084666.07,0.02058,7084666.07,6983000,99.61,United States,--,USD,2.79,5.06,1,2030-09-06,4.89,2.81,,5.03,2.81,5.03,USD,2024-09-06,2024-09-06
REALTY INCOME CORPORATION,Reits,Fixed Income,7079542.14,0.02057,7079542.14,6996000,98.96,United States,--,USD,6.02,5.29,1,2034-02-15,5.13,6.06,,5.29,6.06,5.29,USD,2024-01-16,2024-01-16
BOSTON PROPERTIES LP,Reits,Fixed Income,7073808.41,0.02055,7073808.41,8119000,86.34,United States,--,USD,5.13,5.37,1,2032-04-01,2.55,5.12,,5.37,5.12,5.37,USD,2021-03-16,2021-03-16
AMERICAN TOWER CORPORATION,Communications,Fixed Income,7074827.41,0.02055,7074827.41,6816000,101.8,United States,--,USD,5.33,5.32,1,2033-03-15,5.65,5.39,,5.31,5.22,5.31,USD,2023-03-03,2023-03-03
JOHNSON & JOHNSON,Consumer Non-Cyclical,Fixed Income,7075095.08,0.02055,7075095.08,8333000,84.84,United States,--,USD,9.11,5.17,1,2038-01-15,3.4,9.16,,5.17,9.16,5.17,USD,2017-11-10,2017-11-10
NOVARTIS CAPITAL CORP,Consumer Non-Cyclical,Fixed Income,7070886.7,0.02054,7070886.7,7241000,96.73,Switzerland,--,USD,5.35,4.91,1,2032-11-05,4.3,5.38,,4.91,5.38,4.91,USD,2025-11-05,2025-11-05
PROCTER & GAMBLE CO,Consumer Non-Cyclical,Fixed Income,7063861.95,0.02052,7063861.95,7235000,96.73,United States,--,USD,5.42,4.71,1,2032-11-03,4.1,5.41,,4.71,5.41,4.71,USD,2025-11-03,2025-11-03
JACOBS SOLUTIONS INC,Industrial Other,Fixed Income,7064054.33,0.02052,7064054.33,7070000,98.08,United States,--,USD,4.0,5.22,1,2031-03-03,4.75,4.01,,5.22,4.01,5.22,USD,2026-03-03,2026-03-03
UNITEDHEALTH GROUP INC,Insurance,Fixed Income,7059707.83,0.02051,7059707.83,11356000,61.63,United States,--,USD,14.47,5.93,1,2050-05-15,2.9,14.7,,5.93,14.7,5.93,USD,2020-05-18,2020-05-18
BAT CAPITAL CORP,Consumer Non-Cyclical,Fixed Income,7055969.59,0.0205,7055969.59,8489000,81.32,United Kingdom,--,USD,12.33,6.3,1,2049-09-06,4.76,12.55,,6.3,12.55,6.3,USD,2019-09-06,2019-09-06
BROOKFIELD ASSET MANAGEMENT LTD,Brokerage/Asset Managers/Exchanges,Fixed Income,7056337.74,0.0205,7056337.74,7334000,96.11,Canada,--,USD,7.3,5.84,1,2036-01-15,5.3,7.31,,5.84,7.31,5.84,USD,2025-11-18,2025-11-18
SIMON PROPERTY GROUP LP,Reits,Fixed Income,7048129.2,0.02048,7048129.2,7224000,97.48,United States,--,USD,4.01,4.93,1,2031-01-15,4.3,4.02,,4.93,4.02,4.93,USD,2026-01-13,2026-01-13
CONAGRA BRANDS INC,Consumer Non-Cyclical,Fixed Income,7050464.22,0.02048,7050464.22,8200000,84.77,United States,--,USD,11.64,6.73,1,2048-11-01,5.4,11.83,,6.73,11.83,6.73,USD,2018-10-22,2018-10-22
INGERSOLL RAND INC,Capital Goods,Fixed Income,7044212.4,0.02047,7044212.4,6955000,100.72,United States,--,USD,6.27,5.34,1,2034-06-15,5.45,6.32,,5.33,6.16,5.33,USD,2024-05-10,2024-05-10
EBAY INC,Consumer Cyclical,Fixed Income,7044716.0,0.02047,7044716.0,7552000,92.3,United States,--,USD,3.36,5.04,1,2030-03-11,2.7,3.36,,5.04,3.36,5.04,USD,2020-03-11,2020-03-11
GEORGIA POWER COMPANY,Electric,Fixed Income,7045877.9,0.02047,7045877.9,6905000,100.19,United States,--,USD,6.0,5.22,1,2034-03-15,5.25,6.12,,5.22,5.79,5.22,USD,2024-02-23,2024-02-23
CITIGROUP INC,Banking,Fixed Income,7046443.27,0.02047,7046443.27,7610000,91.48,United States,--,USD,10.86,6.09,1,2044-05-06,5.3,10.96,,6.09,10.96,6.09,USD,2014-05-06,2014-05-06
ENTERPRISE PRODUCTS OPERATING LLC,Energy,Fixed Income,7047460.68,0.02047,7047460.68,8770000,78.35,United States,--,USD,12.99,5.92,1,2050-01-31,4.2,13.24,,5.92,13.24,5.92,USD,2019-07-08,2019-07-08
GENERAL MOTORS FINANCIAL COMPANY I,Consumer Cyclical,Fixed Income,7041156.27,0.02046,7041156.27,6859000,102.54,United States,--,USD,6.83,5.78,1,2035-07-15,6.15,6.85,,5.78,6.71,5.78,USD,2025-05-30,2025-05-30
ONEOK INC,Energy,Fixed Income,7042955.63,0.02046,7042955.63,7430000,93.7,United States,--,USD,3.33,5.01,1,2030-03-15,3.1,3.35,,5.01,3.35,5.01,USD,2020-03-10,2020-03-10
MARVELL TECHNOLOGY INC,Technology,Fixed Income,7039410.11,0.02045,7039410.11,7660000,91.1,United States,--,USD,4.28,5.09,1,2031-04-15,2.95,4.29,,5.09,4.29,5.09,USD,2021-04-12,2021-10-07
AUTOMATIC DATA PROCESSING INC,Technology,Fixed Income,7034014.15,0.02044,7034014.15,7126000,97.67,United States,--,USD,7.52,5.31,1,2036-05-07,5.0,7.55,,5.31,7.55,5.31,USD,2026-05-07,2026-05-07
ORACLE CORPORATION,Technology,Fixed Income,7030042.92,0.02042,7030042.92,8720000,77.74,United States,--,USD,11.69,7.99,1,2065-08-03,6.13,11.85,,7.99,11.85,7.99,USD,2025-02-03,2025-02-03
BERKSHIRE HATHAWAY ENERGY CO,Electric,Fixed Income,7022854.36,0.0204,7022854.36,7321000,95.86,United States,--,USD,3.6,4.86,1,2030-07-15,3.7,3.64,,4.86,3.64,4.86,USD,2021-01-15,2021-03-03
MPLX LP,Energy,Fixed Income,7017337.66,0.02039,7017337.66,6999000,98.32,United States,--,USD,5.06,5.27,1,2032-09-01,4.95,5.1,,5.27,5.1,5.27,USD,2022-08-11,2022-08-11
FLORIDA POWER & LIGHT CO,Electric,Fixed Income,7017557.37,0.02039,7017557.37,7345000,94.97,United States,--,USD,13.31,5.97,1,2054-06-15,5.6,13.59,,5.97,13.59,5.97,USD,2024-06-03,2024-06-03
PACIFIC GAS AND ELECTRIC COMPANY,Electric,Fixed Income,7017595.9,0.02039,7017595.9,6775000,103.46,United States,--,USD,5.26,5.51,1,2033-01-15,6.15,5.31,,5.49,5.14,5.49,USD,2023-01-06,2023-01-06
BANK OF MONTREAL MTN,Banking,Fixed Income,7018671.16,0.02039,7018671.16,7195000,97.45,Canada,--,USD,3.99,5.01,1,2032-01-14,4.44,4.0,,5.01,4.0,5.01,USD,2026-01-14,2026-01-14
MASSACHUSETTS INSTITUTE OF TECHNOL,Industrial Other,Fixed Income,7019277.53,0.02039,7019277.53,7020000,99.19,United States,--,USD,13.73,5.67,1,2055-06-01,5.62,14.03,,5.67,14.03,5.67,USD,2025-05-09,2025-05-09
EBAY INC,Consumer Cyclical,Fixed Income,7013647.42,0.02038,7013647.42,7809000,89.29,United States,--,USD,4.39,5.14,1,2031-05-10,2.6,4.39,,5.14,4.39,5.14,USD,2021-05-10,2021-05-10
MARSH & MCLENNAN COMPANIES INC,Insurance,Fixed Income,7014850.01,0.02038,7014850.01,6950000,99.29,United States,--,USD,3.24,4.86,1,2030-03-15,4.65,3.26,,4.86,3.26,4.86,USD,2024-11-08,2024-11-08
BP CAPITAL MARKETS AMERICA INC,Energy,Fixed Income,7016595.05,0.02038,7016595.05,11155000,61.86,United States,--,USD,14.74,5.91,1,2052-03-17,3.0,14.98,,5.91,14.98,5.91,USD,2021-09-17,2021-09-17
ROPER TECHNOLOGIES INC,Technology,Fixed Income,7010106.68,0.02037,7010106.68,8045000,86.37,United States,--,USD,4.27,5.14,1,2031-02-15,1.75,4.24,,5.14,4.24,5.14,USD,2020-09-01,2020-09-01
CISCO SYSTEMS INC,Technology,Fixed Income,7008526.22,0.02036,7008526.22,7632000,89.66,United States,--,USD,14.43,6.05,1,2064-02-26,5.35,14.72,,6.05,14.72,6.05,USD,2024-02-26,2024-02-26
TOYOTA MOTOR CREDIT CORP,Consumer Cyclical,Fixed Income,7006104.33,0.02035,7006104.33,7587000,91.39,United States,--,USD,3.34,4.81,1,2030-02-13,2.15,3.32,,4.81,3.32,4.81,USD,2020-02-13,2020-02-13
ONCOR ELECTRIC DELIVERY COMPANY LL 144A,Electric,Fixed Income,6997659.35,0.02033,6997659.35,6991000,98.05,United States,--,USD,13.22,6.04,1,2056-03-15,5.9,13.5,,6.04,13.5,6.04,USD,2026-03-17,2026-03-17
DEUTSCHE BANK AG (NEW YORK BRANCH),Banking,Fixed Income,6997821.34,0.02033,6997821.34,6900000,99.6,Germany,--,USD,2.79,5.14,1,2030-09-11,5.0,2.81,,5.14,2.82,5.14,USD,2024-09-11,2024-09-11
NORTHROP GRUMMAN CORP,Capital Goods,Fixed Income,6998092.68,0.02033,6998092.68,7092000,97.98,United States,--,USD,6.34,5.22,1,2034-06-01,4.9,6.39,,5.22,6.39,5.22,USD,2024-01-31,2024-01-31
SUMITOMO MITSUI FINANCIAL GROUP IN,Banking,Fixed Income,6998573.92,0.02033,6998573.92,6758000,103.41,Japan,--,USD,10.44,5.88,1,2043-07-13,6.18,10.52,,5.88,10.52,5.88,USD,2023-07-13,2023-07-13
KEYCORP MTN,Banking,Fixed Income,6992447.22,0.02031,6992447.22,7455000,93.01,United States,--,USD,2.99,4.94,1,2029-10-01,2.55,2.98,,4.94,2.98,4.94,USD,2019-09-11,2019-09-11
AERCAP FUNDING DAC,Finance Companies,Fixed Income,6986028.1,0.0203,6986028.1,7072000,98.58,Ireland,--,USD,4.33,5.2,1,2031-07-07,4.88,4.34,,5.2,4.34,5.2,USD,2026-07-07,2026-07-07
CATERPILLAR INC,Capital Goods,Fixed Income,6987938.02,0.0203,6987938.02,10107000,68.03,United States,--,USD,13.91,5.77,1,2049-09-19,3.25,14.15,,5.77,14.15,5.77,USD,2019-09-19,2019-09-19
SOUTHERN COMPANY (THE),Electric,Fixed Income,6988308.08,0.0203,6988308.08,7139000,96.18,United States,--,USD,6.73,5.41,1,2035-03-15,4.85,6.82,,5.41,6.82,5.41,USD,2024-09-09,2024-09-09
AUTOMATIC DATA PROCESSING INC,Technology,Fixed Income,6983634.85,0.02029,6983634.85,7944000,87.42,United States,--,USD,3.91,4.65,1,2030-09-01,1.25,3.9,,4.65,3.9,4.65,USD,2020-08-13,2020-08-13
SUNCOR ENERGY INC.,Energy,Fixed Income,6977334.71,0.02027,6977334.71,6374000,108.5,Canada,--,USD,8.6,5.9,1,2039-06-01,6.85,8.6,,5.9,8.6,5.9,USD,2008-06-06,2008-06-06
T-MOBILE USA INC,Communications,Fixed Income,6973322.27,0.02026,6973322.27,7515000,90.75,United States,--,USD,13.59,6.46,1,2062-09-15,5.8,13.85,,6.46,13.85,6.46,USD,2022-09-15,2022-09-15
ASTRAZENECA FINANCE LLC,Consumer Non-Cyclical,Fixed Income,6965836.94,0.02024,6965836.94,7810000,88.85,United Kingdom,--,USD,4.47,4.86,1,2031-05-28,2.25,4.48,,4.86,4.48,4.86,USD,2021-05-28,2021-05-28
PUBLIC SERVICE COMPANY OF OKLAHOMA,Electric,Fixed Income,6967205.08,0.02024,6967205.08,7019000,99.16,United States,--,USD,7.28,5.57,1,2036-01-15,5.45,7.31,,5.57,7.31,5.57,USD,2025-06-25,2025-06-25
AUTOZONE INC,Consumer Cyclical,Fixed Income,6967452.56,0.02024,6967452.56,7119000,96.79,United States,--,USD,3.33,4.95,1,2030-04-15,4.0,3.38,,4.95,3.38,4.95,USD,2020-03-30,2020-03-30
VISA INC,Technology,Fixed Income,6961587.18,0.02023,6961587.18,9167000,74.65,United States,--,USD,12.94,5.73,1,2047-09-15,3.65,13.18,,5.73,13.18,5.73,USD,2017-09-11,2017-09-11
MIZUHO FINANCIAL GROUP INC,Banking,Fixed Income,6962458.52,0.02023,6962458.52,7040000,98.72,Japan,--,USD,3.54,5.1,1,2031-07-08,4.71,3.56,,5.1,3.56,5.1,USD,2025-07-08,2025-07-08
VERIZON COMMUNICATIONS INC,Communications,Fixed Income,6960421.93,0.02022,6960421.93,9421000,72.55,United States,--,USD,13.06,6.23,1,2050-03-22,4.0,13.28,,6.23,13.28,6.23,USD,2020-03-20,2020-03-20
APPLIED MATERIALS INC,Technology,Fixed Income,6957533.21,0.02021,6957533.21,7761000,89.4,United States,--,USD,3.65,4.79,1,2030-06-01,1.75,3.64,,4.79,3.64,4.79,USD,2020-05-29,2020-05-29
ACCENTURE CAPITAL INC,Technology,Fixed Income,6951797.95,0.0202,6951797.95,7126000,96.28,United States,--,USD,4.52,5.07,1,2031-10-04,4.25,4.53,,5.07,4.53,5.07,USD,2024-10-04,2024-10-04
GENERAL MOTORS FINANCIAL COMPANY I,Consumer Cyclical,Fixed Income,6952820.63,0.0202,6952820.63,7089000,97.9,United States,--,USD,3.97,5.13,1,2031-01-08,4.6,3.97,,5.13,3.97,5.13,USD,2026-01-08,2026-01-08
DELL INTERNATIONAL LLC,Technology,Fixed Income,6954004.97,0.0202,6954004.97,6670000,104.14,United States,--,USD,3.38,5.04,1,2030-07-15,6.2,3.51,,4.97,3.31,4.97,USD,2021-01-15,2021-06-15
ANHEUSER-BUSCH INBEV WORLDWIDE INC,Consumer Non-Cyclical,Fixed Income,6949690.38,0.02019,6949690.38,6757000,100.42,Belgium,--,USD,3.83,4.8,1,2031-01-23,4.9,3.91,,4.79,3.71,4.79,USD,2019-01-23,2019-01-23
VIRGINIA ELECTRIC AND POWER COMPAN,Electric,Fixed Income,6945185.58,0.02018,6945185.58,7270000,93.56,United States,--,USD,13.24,6.07,1,2055-09-15,5.6,13.52,,6.07,13.52,6.07,USD,2025-09-10,2025-09-10
WALMART INC,Consumer Cyclical,Fixed Income,6945818.94,0.02018,6945818.94,9844000,69.73,United States,--,USD,11.57,5.46,1,2041-09-22,2.5,11.65,,5.46,11.65,5.46,USD,2021-09-22,2021-09-22
UNITED PARCEL SERVICE INC,Transportation,Fixed Income,6941989.1,0.02017,6941989.1,9413000,73.05,United States,--,USD,12.87,6.01,1,2047-11-15,3.75,13.08,,6.01,13.08,6.01,USD,2017-11-14,2017-11-14
TAKEDA PHARMACEUTICAL CO LTD,Consumer Non-Cyclical,Fixed Income,6942526.54,0.02017,6942526.54,6935000,99.86,Japan,--,USD,6.36,5.34,1,2034-07-05,5.3,6.4,,5.34,6.4,5.34,USD,2024-07-05,2024-07-05
FLORIDA POWER & LIGHT CO,Electric,Fixed Income,6943662.97,0.02017,6943662.97,7066000,96.26,United States,--,USD,13.2,5.97,1,2055-03-15,5.7,13.49,,5.97,13.49,5.97,USD,2025-02-21,2025-02-21
SOUTHERN COMPANY (THE),Electric,Fixed Income,6939928.58,0.02016,6939928.58,7174000,95.89,United States,--,USD,3.4,4.9,1,2030-04-30,3.7,3.44,,4.9,3.44,4.9,USD,2020-04-03,2020-04-03
ENERGY TRANSFER PARTNERS LP,Energy,Fixed Income,6940131.71,0.02016,6940131.71,7834000,86.77,United States,--,USD,10.94,6.37,1,2045-03-15,5.15,11.09,,6.37,11.09,6.37,USD,2015-03-12,2015-03-12
MCDONALDS CORPORATION MTN,Consumer Cyclical,Fixed Income,6940868.37,0.02016,6940868.37,6907000,98.79,United States,--,USD,5.13,4.83,1,2032-09-09,4.6,5.19,,4.83,5.19,4.83,USD,2022-09-09,2022-09-09
WILLIAMS COMPANIES INC,Energy,Fixed Income,6930777.09,0.02014,6930777.09,7253000,94.48,United States,--,USD,13.01,6.22,1,2054-11-15,5.8,13.27,,6.22,13.27,6.22,USD,2024-08-13,2024-08-13
ENTERGY LOUISIANA LLC,Electric,Fixed Income,6932024.54,0.02014,6932024.54,7183000,94.21,United States,--,USD,13.28,6.07,1,2056-04-15,5.65,13.55,,6.07,13.55,6.07,USD,2026-02-26,2026-02-26
GILEAD SCIENCES INC,Consumer Non-Cyclical,Fixed Income,6928554.56,0.02013,6928554.56,6752000,101.2,United States,--,USD,5.83,5.05,1,2033-10-15,5.25,5.89,,5.04,5.72,5.04,USD,2023-09-14,2023-09-14
INTERCONTINENTAL EXCHANGE INC,Brokerage/Asset Managers/Exchanges,Fixed Income,6921845.79,0.02011,6921845.79,10941000,62.96,United States,--,USD,14.44,5.91,1,2050-06-15,3.0,14.68,,5.91,14.68,5.91,USD,2020-05-26,2020-05-26
ZOETIS INC,Consumer Non-Cyclical,Fixed Income,6910133.84,0.02008,6910133.84,7646000,90.0,United States,--,USD,3.58,4.9,1,2030-05-15,2.0,3.58,,4.9,3.58,4.9,USD,2020-05-12,2020-05-12
BERKSHIRE HATHAWAY ENERGY CO,Electric,Fixed Income,6911249.22,0.02008,6911249.22,7458000,91.71,United States,--,USD,10.79,5.92,1,2043-11-15,5.15,10.94,,5.92,10.94,5.92,USD,2013-11-08,2014-04-28
APPLE INC,Technology,Fixed Income,6907442.23,0.02007,6907442.23,13131000,51.53,United States,--,USD,16.9,5.85,1,2060-08-20,2.55,17.17,,5.85,17.17,5.85,USD,2020-08-20,2020-08-20
THERMO FISHER SCIENTIFIC INC,Consumer Non-Cyclical,Fixed Income,6905718.48,0.02006,6905718.48,7053000,96.51,United States,--,USD,7.19,5.28,1,2035-10-07,4.79,7.22,,5.28,7.22,5.28,USD,2025-10-07,2025-10-07
ALEXANDRIA REAL ESTATE EQUITIES IN,Reits,Fixed Income,6906470.06,0.02006,6906470.06,8161000,83.59,United States,--,USD,6.56,5.62,1,2034-03-15,2.95,6.55,,5.62,6.55,5.62,USD,2022-02-16,2022-02-16
PEPSICO INC,Consumer Non-Cyclical,Fixed Income,6897737.38,0.02004,6897737.38,7919000,86.53,United States,--,USD,4.33,4.69,1,2031-02-25,1.4,4.32,,4.69,4.32,4.69,USD,2020-10-07,2020-10-07
NORTHROP GRUMMAN CORP,Capital Goods,Fixed Income,6893405.8,0.02003,6893405.8,7847000,86.1,United States,--,USD,13.21,6.0,1,2053-03-15,4.95,13.48,,6.0,13.48,6.0,USD,2023-02-08,2023-02-08
CENCORA INC,Consumer Non-Cyclical,Fixed Income,6895223.07,0.02003,6895223.07,7027000,95.96,United States,--,USD,7.31,5.45,1,2036-02-13,4.9,7.33,,5.45,7.33,5.45,USD,2026-02-13,2026-02-13
RAYTHEON TECHNOLOGIES CORPORATION,Capital Goods,Fixed Income,6886158.29,0.02001,6886158.29,7522000,90.73,United States,--,USD,9.05,5.49,1,2038-11-16,4.45,9.12,,5.49,9.12,5.49,USD,2018-08-16,2018-08-16
PLAINS ALL AMERICAN PIPELINE LP,Energy,Fixed Income,6886585.73,0.02001,6886585.73,7162000,95.79,United States,--,USD,3.12,4.91,1,2029-12-15,3.55,3.14,,4.91,3.14,4.91,USD,2019-09-16,2019-09-16
EXELON GENERATION CO LLC,Electric,Fixed Income,6887334.03,0.02001,6887334.03,7142000,95.86,United States,--,USD,10.12,6.01,1,2042-06-15,5.6,10.24,,6.01,10.24,6.01,USD,2012-12-15,2013-02-12
ELI LILLY AND COMPANY,Consumer Non-Cyclical,Fixed Income,6888832.8,0.02001,6888832.8,6835000,98.89,United States,--,USD,5.45,4.9,1,2033-02-27,4.7,5.5,,4.9,5.5,4.9,USD,2023-02-27,2023-02-27
THERMO FISHER SCIENTIFIC INC,Consumer Non-Cyclical,Fixed Income,6883352.52,0.02,6883352.52,6997000,95.91,United States,--,USD,11.17,5.9,1,2046-02-12,5.55,11.37,,5.9,11.37,5.9,USD,2026-02-12,2026-02-12
WEYERHAEUSER COMPANY,Basic Industry,Fixed Income,6884414.56,0.02,6884414.56,7045000,96.64,United States,--,USD,3.33,5.0,1,2030-04-15,4.0,3.38,,5.0,3.38,5.0,USD,2020-03-30,2020-03-30
PFIZER INC,Consumer Non-Cyclical,Fixed Income,6881960.18,0.01999,6881960.18,8581000,78.72,United States,--,USD,12.7,5.94,1,2048-09-15,4.2,12.93,,5.94,12.93,5.94,USD,2018-09-07,2018-09-07
PFIZER INC,Consumer Non-Cyclical,Fixed Income,6877608.34,0.01998,6877608.34,8047000,84.65,United States,--,USD,11.45,5.79,1,2044-05-15,4.4,11.56,,5.79,11.56,5.79,USD,2014-05-15,2014-05-15
PACIFIC GAS AND ELECTRIC COMPANY,Electric,Fixed Income,6878837.36,0.01998,6878837.36,6237000,107.84,United States,--,USD,5.76,5.67,1,2034-03-15,6.95,5.83,,5.64,5.68,5.64,USD,2023-11-08,2023-11-08
GEORGIA POWER COMPANY,Electric,Fixed Income,6865427.85,0.01995,6865427.85,7980000,84.52,United States,--,USD,10.58,5.82,1,2042-03-15,4.3,10.62,,5.82,10.62,5.82,USD,2012-03-06,2012-03-06
JOHNSON & JOHNSON,Consumer Non-Cyclical,Fixed Income,6865644.34,0.01995,6865644.34,9938000,68.26,United States,--,USD,11.3,5.33,1,2040-09-01,2.1,11.35,,5.33,11.35,5.33,USD,2020-08-25,2020-08-25
CRH AMERICA FINANCE INC,Capital Goods,Fixed Income,6863799.23,0.01994,6863799.23,6785000,100.25,Ireland,--,USD,6.22,5.36,1,2034-05-21,5.4,6.27,,5.36,6.1,5.36,USD,2024-05-21,2024-05-21
MERCK & CO INC,Consumer Non-Cyclical,Fixed Income,6864110.24,0.01994,6864110.24,9854000,69.48,United States,--,USD,11.08,5.52,1,2040-06-24,2.35,11.12,,5.52,11.12,5.52,USD,2020-06-24,2020-06-24
HALLIBURTON COMPANY,Energy,Fixed Income,6864369.58,0.01994,6864369.58,6216000,108.07,United States,--,USD,8.24,5.77,1,2038-09-15,6.7,8.23,,5.77,8.23,5.77,USD,2008-09-12,2008-09-12
DIAGEO CAPITAL PLC,Consumer Non-Cyclical,Fixed Income,6859635.1,0.01993,6859635.1,6578000,102.61,United Kingdom,--,USD,5.73,5.18,1,2033-10-05,5.63,5.79,,5.17,5.63,5.17,USD,2023-10-05,2023-10-05
BANK OF MONTREAL MTN,Banking,Fixed Income,6860141.08,0.01993,6860141.08,6943000,98.07,Canada,--,USD,7.36,5.51,1,2037-06-02,5.3,7.52,,5.51,7.52,5.51,USD,2026-06-02,2026-06-02
ENTERPRISE PRODUCTS OPERATING LLC,Energy,Fixed Income,6850983.64,0.0199,6850983.64,9375000,71.31,United States,--,USD,13.63,5.94,1,2051-01-31,3.7,13.87,,5.94,13.87,5.94,USD,2020-01-15,2020-01-15
PAYPAL HOLDINGS INC,Technology,Fixed Income,6843929.69,0.01988,6843929.69,7200000,94.18,United States,--,USD,2.96,4.84,1,2029-10-01,2.85,2.97,,4.84,2.97,4.84,USD,2019-09-26,2019-09-26
HEWLETT PACKARD ENTERPRISE CO,Technology,Fixed Income,6837701.31,0.01987,6837701.31,6369000,105.69,United States,--,USD,6.8,5.41,1,2035-10-15,6.2,6.93,,5.37,6.65,5.37,USD,2016-10-15,2016-12-30
STRYKER CORPORATION,Consumer Non-Cyclical,Fixed Income,6835652.82,0.01986,6835652.82,7593000,89.83,United States,--,USD,3.67,4.85,1,2030-06-15,1.95,3.67,,4.85,3.67,4.85,USD,2020-06-04,2020-06-04
DH EUROPE FINANCE II SARL,Consumer Non-Cyclical,Fixed Income,6835653.28,0.01986,6835653.28,7286000,93.34,United States,--,USD,3.1,4.8,1,2029-11-15,2.6,3.1,,4.8,3.1,4.8,USD,2019-11-07,2019-11-07
KENVUE INC,Consumer Non-Cyclical,Fixed Income,6833253.62,0.01985,6833253.62,7261000,92.41,United States,--,USD,10.53,5.82,1,2043-03-22,5.1,10.67,,5.82,10.67,5.82,USD,2023-09-22,2023-10-17
KEYCORP MTN,Banking,Fixed Income,6827344.33,0.01984,6827344.33,6852000,97.08,United States,--,USD,6.98,5.66,1,2037-01-28,5.3,7.16,,5.66,7.16,5.66,USD,2026-01-28,2026-01-28
NATIONAL GRID PLC,Electric,Fixed Income,6825576.98,0.01983,6825576.98,6604000,102.71,United Kingdom,--,USD,5.55,5.33,1,2033-06-12,5.81,5.61,,5.32,5.44,5.32,USD,2023-06-12,2023-06-12
NOVARTIS CAPITAL CORP,Consumer Non-Cyclical,Fixed Income,6821476.52,0.01982,6821476.52,7039000,95.93,Switzerland,--,USD,7.32,5.16,1,2035-11-05,4.6,7.35,,5.16,7.35,5.16,USD,2025-11-05,2025-11-05
MIZUHO FINANCIAL GROUP INC,Banking,Fixed Income,6821774.3,0.01982,6821774.3,7645000,88.5,Japan,--,USD,3.82,5.12,1,2031-09-08,1.98,3.84,,5.12,3.84,5.12,USD,2020-09-08,2020-09-08
ELEVANCE HEALTH INC,Insurance,Fixed Income,6822329.86,0.01982,6822329.86,9865000,67.89,United States,--,USD,13.67,6.15,1,2051-03-15,3.6,13.9,,6.15,13.9,6.15,USD,2021-03-17,2021-03-17
LOCKHEED MARTIN CORPORATION,Capital Goods,Fixed Income,6819952.15,0.01981,6819952.15,7126000,95.3,United States,--,USD,5.12,4.82,1,2032-06-15,3.9,5.16,,4.82,5.16,4.82,USD,2022-05-05,2022-05-05
ORACLE CORPORATION,Technology,Fixed Income,6815829.59,0.0198,6815829.59,7001000,96.37,United States,--,USD,3.37,5.73,1,2030-05-06,4.65,3.38,,5.73,3.38,5.73,USD,2023-02-06,2023-02-06
AMGEN INC,Consumer Non-Cyclical,Fixed Income,6810480.51,0.01979,6810480.51,9808000,68.02,United States,--,USD,13.76,5.9,1,2050-02-21,3.38,13.99,,5.9,13.99,5.9,USD,2020-02-21,2020-02-21
APPLE INC,Technology,Fixed Income,6811202.1,0.01979,6811202.1,9067000,73.25,United States,--,USD,15.21,5.9,1,2062-08-08,4.1,15.5,,5.9,15.5,5.9,USD,2022-08-08,2022-08-08
LOCKHEED MARTIN CORP,Capital Goods,Fixed Income,6803271.92,0.01977,6803271.92,8665000,77.03,United States,--,USD,11.92,5.84,1,2045-03-01,3.8,12.08,,5.84,12.08,5.84,USD,2015-02-20,2015-02-20
STRYKER CORPORATION,Consumer Non-Cyclical,Fixed Income,6805624.34,0.01977,6805624.34,6684000,99.48,United States,--,USD,6.63,5.28,1,2035-02-10,5.2,6.67,,5.28,6.67,5.28,USD,2025-02-10,2025-02-10
COREBRIDGE FINANCIAL INC,Insurance,Fixed Income,6806126.5,0.01977,6806126.5,6703000,101.43,United States,--,USD,5.98,5.51,1,2034-01-15,5.75,6.02,,5.51,5.86,5.51,USD,2023-12-08,2023-12-08
BUNGE FINANCE LTD CORP,Consumer Non-Cyclical,Fixed Income,6802043.84,0.01976,6802043.84,7470000,90.54,United States,--,USD,4.38,4.99,1,2031-05-14,2.75,4.39,,4.99,4.39,4.99,USD,2021-05-14,2021-05-14
JOHNSON & JOHNSON,Consumer Non-Cyclical,Fixed Income,6798635.01,0.01975,6798635.01,6909000,97.83,United States,--,USD,6.05,4.73,1,2033-12-05,4.38,6.18,,4.73,6.18,4.73,USD,2013-12-05,2013-12-05
SMURFIT KAPPA TREASURY UNLIMITED C,Basic Industry,Fixed Income,6799489.85,0.01975,6799489.85,6738000,100.81,Ireland,--,USD,3.13,4.94,1,2030-01-15,5.2,3.15,,4.94,3.08,4.94,USD,2025-01-15,2025-05-21
STRYKER CORPORATION,Consumer Non-Cyclical,Fixed Income,6794117.45,0.01974,6794117.45,7818000,85.27,United States,--,USD,11.73,5.9,1,2046-03-15,4.63,11.93,,5.9,11.93,5.9,USD,2016-03-10,2016-03-10
PACIFIC GAS AND ELECTRIC COMPANY,Electric,Fixed Income,6795236.33,0.01974,6795236.33,6952000,95.55,United States,--,USD,7.34,5.8,1,2036-05-01,5.2,7.35,,5.8,7.35,5.8,USD,2026-02-20,2026-02-20
NATIONAL GRID PLC,Electric,Fixed Income,6790572.49,0.01973,6790572.49,6888000,97.94,United Kingdom,--,USD,7.48,5.68,1,2036-06-09,5.41,7.5,,5.68,7.5,5.68,USD,2026-06-09,2026-06-09
BARRICK PD AUSTRALIA FINANCE PTY L,Basic Industry,Fixed Income,6790715.22,0.01973,6790715.22,6606000,101.19,Canada,--,USD,8.95,5.82,1,2039-10-15,5.95,8.96,,5.82,8.96,5.82,USD,2009-10-16,2009-12-22
ELI LILLY AND COMPANY,Consumer Non-Cyclical,Fixed Income,6792348.27,0.01973,6792348.27,8672000,76.93,United States,--,USD,13.11,5.79,1,2049-03-15,3.95,13.36,,5.79,13.36,5.79,USD,2019-02-22,2019-02-22
MONDELEZ INTERNATIONAL INC,Consumer Non-Cyclical,Fixed Income,6784068.13,0.01971,6784068.13,7249000,92.83,United States,--,USD,3.44,4.88,1,2030-04-13,2.75,3.45,,4.88,3.45,4.88,USD,2020-04-13,2020-04-13
PFIZER INC,Consumer Non-Cyclical,Fixed Income,6784293.34,0.01971,6784293.34,7585000,89.19,United States,--,USD,3.64,4.81,1,2030-05-28,1.7,3.64,,4.81,3.64,4.81,USD,2020-05-28,2020-05-28
MARSH & MCLENNAN COMPANIES INC,Insurance,Fixed Income,6784629.49,0.01971,6784629.49,6958000,95.5,United States,--,USD,12.87,6.04,1,2053-09-15,5.7,13.15,,6.04,13.15,6.04,USD,2023-09-11,2023-09-11
GENERAL MOTORS CO,Consumer Cyclical,Fixed Income,6784654.98,0.01971,6784654.98,6469000,102.8,United States,--,USD,10.54,6.49,1,2046-04-01,6.75,10.72,,6.49,10.59,6.49,USD,2016-02-23,2016-02-23
CHARTER COMMUNICATIONS OPERATING L,Communications,Fixed Income,6777885.72,0.01969,6777885.72,7995000,83.68,United States,--,USD,5.01,5.79,1,2032-02-01,2.3,4.97,,5.79,4.97,5.79,USD,2020-12-04,2020-12-04
DELTA AIR LINES INC,Transportation,Fixed Income,6775467.19,0.01968,6775467.19,6737000,100.4,United States,--,USD,3.52,5.14,1,2030-07-10,5.25,3.54,,5.14,3.47,5.14,USD,2025-06-10,2025-06-10
NIKE INC,Consumer Cyclical,Fixed Income,6766121.81,0.01966,6766121.81,8574000,77.88,United States,--,USD,10.25,5.58,1,2040-03-27,3.25,10.31,,5.58,10.31,5.58,USD,2020-03-27,2020-03-27
COMCAST CORPORATION,Communications,Fixed Income,6762141.49,0.01965,6762141.49,6937000,96.59,United States,--,USD,5.63,5.4,1,2033-05-15,4.8,5.67,,5.4,5.67,5.4,USD,2023-05-09,2023-05-09
PPL CAPITAL FUNDING INC,Electric,Fixed Income,6755805.08,0.01963,6755805.08,6687000,98.97,United States,--,USD,6.34,5.41,1,2034-09-01,5.25,6.39,,5.41,6.39,5.41,USD,2024-08-09,2024-08-09
UNITED PARCEL SERVICE INC,Transportation,Fixed Income,6757271.22,0.01963,6757271.22,6708000,99.36,United States,--,USD,3.24,4.64,1,2030-04-01,4.45,3.32,,4.64,3.32,4.64,USD,2020-03-24,2020-03-24
PFIZER INC,Consumer Non-Cyclical,Fixed Income,6757670.85,0.01963,6757670.85,9512000,70.66,United States,--,USD,10.85,5.63,1,2040-05-28,2.55,10.89,,5.63,10.89,5.63,USD,2020-05-28,2020-05-28
CONOCOPHILLIPS CO,Energy,Fixed Income,6753229.79,0.01962,6753229.79,9351000,70.88,United States,--,USD,13.79,6.05,1,2052-03-15,3.8,14.04,,6.05,14.04,6.05,USD,2022-03-08,2022-03-08
GLP CAPITAL LP,Consumer Cyclical,Fixed Income,6753561.15,0.01962,6753561.15,6852000,96.41,United States,--,USD,7.13,6.12,1,2036-03-01,5.63,7.13,,6.12,7.13,6.12,USD,2026-03-04,2026-03-04
HCA INC,Consumer Non-Cyclical,Fixed Income,6754214.54,0.01962,6754214.54,7683000,87.86,United States,--,USD,4.59,5.17,1,2031-07-15,2.38,4.58,,5.17,4.58,5.17,USD,2021-06-30,2021-06-30
ORACLE CORPORATION,Technology,Fixed Income,6749619.68,0.01961,6749619.68,10808000,61.64,United States,--,USD,12.47,7.71,1,2055-05-15,4.38,12.63,,7.71,12.63,7.71,USD,2015-05-05,2015-05-05
APPLE INC,Technology,Fixed Income,6747816.55,0.0196,6747816.55,11954000,55.13,United States,--,USD,16.44,5.89,1,2061-08-05,2.85,16.72,,5.89,16.72,5.89,USD,2021-08-05,2021-08-05
MARTIN MARIETTA MATERIALS INC,Capital Goods,Fixed Income,6743876.97,0.01959,6743876.97,6810000,98.3,United States,--,USD,6.61,5.4,1,2034-12-01,5.15,6.65,,5.4,6.65,5.4,USD,2024-11-04,2024-11-04
NORTHROP GRUMMAN CORP,Capital Goods,Fixed Income,6744078.4,0.01959,6744078.4,7572000,88.39,United States,--,USD,10.93,5.84,1,2043-06-01,4.75,11.01,,5.84,11.01,5.84,USD,2013-05-31,2013-05-31
VIRGINIA ELECTRIC AND POWER COMPAN,Electric,Fixed Income,6736439.87,0.01957,6736439.87,6694000,99.09,United States,--,USD,5.48,5.16,1,2033-04-01,5.0,5.53,,5.16,5.53,5.16,USD,2023-03-30,2023-03-30
TEXAS INSTRUMENTS INC,Technology,Fixed Income,6736532.44,0.01957,6736532.44,7476000,89.73,United States,--,USD,3.58,4.75,1,2030-05-04,1.75,3.57,,4.75,3.57,4.75,USD,2020-05-04,2020-05-04
UNILEVER CAPITAL CORP,Consumer Non-Cyclical,Fixed Income,6737173.13,0.01957,6737173.13,6680000,100.24,United Kingdom,--,USD,6.01,4.96,1,2033-12-08,5.0,6.07,,4.96,5.9,4.96,USD,2023-09-08,2023-09-08
ASTRAZENECA PLC,Consumer Non-Cyclical,Fixed Income,6733651.48,0.01956,6733651.48,8051000,82.26,United Kingdom,--,USD,10.99,5.69,1,2042-09-18,4.0,11.05,,5.69,11.05,5.69,USD,2012-09-18,2012-09-18
ONEOK INC,Energy,Fixed Income,6728332.75,0.01955,6728332.75,6762000,98.17,United States,--,USD,5.2,5.3,1,2032-10-15,4.95,5.22,,5.3,5.22,5.3,USD,2025-08-12,2025-08-12
COCA-COLA CO,Consumer Non-Cyclical,Fixed Income,6728551.25,0.01955,6728551.25,6670000,98.84,United States,--,USD,6.45,4.83,1,2034-08-14,4.65,6.51,,4.83,6.51,4.83,USD,2024-08-14,2024-08-14
HOME DEPOT INC,Consumer Cyclical,Fixed Income,6722400.39,0.01953,6722400.39,7963000,83.12,United States,--,USD,11.03,5.79,1,2043-04-01,4.2,11.15,,5.79,11.15,5.79,USD,2013-04-05,2013-04-05
MARVELL TECHNOLOGY INC,Technology,Fixed Income,6723834.68,0.01953,6723834.68,6790000,97.6,United States,--,USD,7.36,5.62,1,2036-04-15,5.3,7.38,,5.62,7.38,5.62,USD,2026-04-15,2026-04-15
ENTERGY LOUISIANA LLC,Electric,Fixed Income,6720210.46,0.01952,6720210.46,8450000,77.88,United States,--,USD,12.61,6.02,1,2048-09-01,4.2,12.84,,6.02,12.84,6.02,USD,2018-08-14,2018-08-14
TRAVELERS COMPANIES INC,Insurance,Fixed Income,6714447.9,0.01951,6714447.9,6742000,96.77,United States,--,USD,13.19,5.93,1,2055-07-24,5.7,13.48,,5.93,13.48,5.93,USD,2025-07-24,2025-07-24
FORD MOTOR COMPANY,Consumer Cyclical,Fixed Income,6714648.53,0.01951,6714648.53,8302000,80.23,United States,--,USD,11.11,7.15,1,2046-12-08,5.29,11.26,,7.15,11.26,7.15,USD,2016-12-08,2016-12-08
METLIFE INC,Insurance,Fixed Income,6711189.28,0.0195,6711189.28,7430000,90.22,United States,--,USD,13.47,5.98,1,2054-01-15,5.25,13.75,,5.98,13.75,5.98,USD,2023-01-06,2023-01-06
3M CO MTN,Capital Goods,Fixed Income,6707942.2,0.01949,6707942.2,8697000,75.71,United States,--,USD,12.81,6.0,1,2048-09-14,4.0,13.04,,6.0,13.04,6.0,USD,2018-09-14,2018-09-14
WELLS FARGO & COMPANY,Banking,Fixed Income,6703581.93,0.01948,6703581.93,6566000,99.48,United States,--,USD,6.88,5.57,1,2035-08-01,5.5,6.85,,5.57,6.85,5.57,USD,2005-08-01,2005-08-01
DEVON ENERGY CORP,Energy,Fixed Income,6703044.47,0.01947,6703044.47,7655000,86.68,United States,--,USD,10.39,6.07,1,2042-05-15,4.75,10.48,,6.07,10.48,6.07,USD,2012-05-14,2012-05-14
NEWMONT CORPORATION,Basic Industry,Fixed Income,6698201.96,0.01946,6698201.96,6510000,101.0,United States,--,USD,6.05,5.19,1,2034-03-15,5.35,6.11,,5.18,5.94,5.18,USD,2024-03-07,2024-09-06
HOME DEPOT INC,Consumer Cyclical,Fixed Income,6698815.1,0.01946,6698815.1,10335000,64.5,United States,--,USD,14.14,5.96,1,2049-12-15,3.13,14.37,,5.96,14.37,5.96,USD,2020-01-13,2020-01-13
PACIFIC GAS AND ELECTRIC COMPANY,Electric,Fixed Income,6694439.92,0.01945,6694439.92,6723000,98.21,United States,--,USD,5.18,5.39,1,2032-10-15,5.05,5.2,,5.39,5.2,5.39,USD,2025-10-02,2025-10-02
ARCH CAPITAL GROUP LTD,Insurance,Fixed Income,6691041.76,0.01944,6691041.76,9502000,70.2,United States,--,USD,13.79,6.0,1,2050-06-30,3.63,14.03,,6.0,14.03,6.0,USD,2020-06-30,2020-06-30
CISCO SYSTEMS INC,Technology,Fixed Income,6689263.27,0.01943,6689263.27,6957000,93.89,United States,--,USD,13.27,5.95,1,2055-02-24,5.5,13.55,,5.95,13.55,5.95,USD,2025-02-24,2025-02-24
PHILIP MORRIS INTERNATIONAL INC,Consumer Non-Cyclical,Fixed Income,6682481.05,0.01941,6682481.05,7337000,90.61,United States,--,USD,3.54,4.85,1,2030-05-01,2.1,3.54,,4.85,3.54,4.85,USD,2020-05-01,2020-05-01
THERMO FISHER SCIENTIFIC INC,Consumer Non-Cyclical,Fixed Income,6677478.54,0.0194,6677478.54,6533000,99.92,United States,--,USD,5.68,5.1,1,2033-08-10,5.09,5.73,,5.1,5.73,5.1,USD,2023-08-10,2023-08-10
DUKE ENERGY CORP,Electric,Fixed Income,6672864.99,0.01939,6672864.99,7048000,94.08,United States,--,USD,12.97,6.25,1,2054-06-15,5.8,13.24,,6.25,13.24,6.25,USD,2024-06-07,2024-06-07
AMGEN INC,Consumer Non-Cyclical,Fixed Income,6673549.08,0.01939,6673549.08,7777000,83.9,United States,--,USD,13.13,6.11,1,2053-03-01,4.88,13.39,,6.11,13.39,6.11,USD,2022-08-18,2022-08-18
CHARTER COMMUNICATIONS OPERATING L,Communications,Fixed Income,6672039.16,0.01938,6672039.16,8910000,73.19,United States,--,USD,12.27,7.7,1,2063-04-01,5.5,12.45,,7.7,12.45,7.7,USD,2022-03-15,2022-03-15
WILLIAMS COMPANIES INC,Energy,Fixed Income,6666861.97,0.01937,6666861.97,6673000,98.26,United States,--,USD,7.03,5.54,1,2035-09-30,5.3,7.06,,5.54,7.06,5.54,USD,2025-06-30,2025-06-30
APPLE INC,Technology,Fixed Income,6668233.22,0.01937,6668233.22,8860000,74.54,United States,--,USD,12.95,5.86,1,2047-11-13,3.75,13.18,,5.86,13.18,5.86,USD,2017-11-13,2017-11-13
BANCO SANTANDER SA,Banking,Fixed Income,6658940.64,0.01935,6658940.64,6997000,94.65,Spain,--,USD,3.53,5.04,1,2030-05-28,3.49,3.52,,5.04,3.52,5.04,USD,2020-05-28,2020-05-28
SIMON PROPERTY GROUP LP,Reits,Fixed Income,6660509.18,0.01935,6660509.18,7084000,93.14,United States,--,USD,2.94,4.83,1,2029-09-13,2.45,2.94,,4.83,2.94,4.83,USD,2019-09-13,2019-09-13
SHELL FINANCE US INC,Energy,Fixed Income,6661257.96,0.01935,6661257.96,6771000,97.51,United States,--,USD,3.84,4.77,1,2030-11-06,4.13,3.84,,4.77,3.84,4.77,USD,2025-11-06,2025-11-06
MCDONALDS CORPORATION MTN,Consumer Cyclical,Fixed Income,6661537.93,0.01935,6661537.93,6920000,96.06,United States,--,USD,3.57,4.71,1,2030-07-01,3.6,3.61,,4.71,3.61,4.71,USD,2020-03-27,2020-03-27
MERCK & CO INC,Consumer Non-Cyclical,Fixed Income,6661883.35,0.01935,6661883.35,6831000,95.58,United States,--,USD,11.28,5.88,1,2046-03-15,5.5,11.49,,5.88,11.49,5.88,USD,2025-12-04,2025-12-04
CHARTER COMMUNICATIONS OPERATING L,Communications,Fixed Income,6657452.58,0.01934,6657452.58,11766000,56.34,United States,--,USD,13.52,7.46,1,2062-06-30,3.95,13.72,,7.46,13.72,7.46,USD,2021-10-12,2021-10-12
PHILIP MORRIS INTERNATIONAL INC,Consumer Non-Cyclical,Fixed Income,6651172.09,0.01932,6651172.09,7702000,85.54,United States,--,USD,10.49,5.81,1,2041-11-15,4.38,10.53,,5.81,10.53,5.81,USD,2011-11-15,2011-11-15
AIRBNB INC,Consumer Cyclical,Fixed Income,6646541.14,0.01931,6646541.14,6631000,98.61,United States,--,USD,4.05,4.99,1,2031-03-16,4.65,4.06,,4.99,4.06,4.99,USD,2026-03-16,2026-03-16
CIGNA GROUP,Consumer Non-Cyclical,Fixed Income,6646835.86,0.01931,6646835.86,8600000,76.16,United States,--,USD,10.23,5.74,1,2040-03-15,3.2,10.27,,5.74,10.27,5.74,USD,2020-03-16,2020-03-16
TRUIST FINANCIAL CORP MTN,Banking,Fixed Income,6639882.69,0.01929,6639882.69,7387000,89.63,United States,--,USD,3.64,4.93,1,2030-06-05,1.95,3.64,,4.93,3.64,4.93,USD,2020-06-05,2020-06-05
GENERAL DYNAMICS CORPORATION,Capital Goods,Fixed Income,6637634.33,0.01928,6637634.33,7443000,87.87,United States,--,USD,9.77,5.52,1,2040-04-01,4.25,9.85,,5.52,9.85,5.52,USD,2020-03-25,2020-03-25
AMERICAN TOWER CORPORATION,Communications,Fixed Income,6631240.73,0.01927,6631240.73,7096000,93.39,United States,--,USD,3.24,4.99,1,2030-01-15,2.9,3.25,,4.99,3.25,4.99,USD,2020-01-10,2020-01-10
THERMO FISHER SCIENTIFIC INC,Consumer Non-Cyclical,Fixed Income,6632913.4,0.01927,6632913.4,8152000,79.58,United States,--,USD,12.48,5.79,1,2047-08-15,4.1,12.72,,5.79,12.72,5.79,USD,2017-08-14,2017-08-14
PACIFIC GAS AND ELECTRIC COMPANY,Electric,Fixed Income,6624725.05,0.01925,6624725.05,6349000,101.73,United States,--,USD,6.74,5.75,1,2035-08-15,6.0,6.77,,5.75,6.62,5.75,USD,2025-06-04,2025-06-04
HOME DEPOT INC,Consumer Cyclical,Fixed Income,6626899.68,0.01925,6626899.68,6806000,95.73,United States,--,USD,7.17,5.24,1,2035-09-15,4.65,7.2,,5.24,7.2,5.24,USD,2025-09-15,2025-09-15
STANLEY BLACK & DECKER INC,Capital Goods,Fixed Income,6622629.34,0.01924,6622629.34,7210000,91.04,United States,--,USD,3.4,5.02,1,2030-03-15,2.3,3.4,,5.02,3.4,5.02,USD,2020-02-10,2020-02-10
MARATHON PETROLEUM CORP,Energy,Fixed Income,6622845.94,0.01924,6622845.94,6398000,101.28,United States,--,USD,6.56,5.51,1,2035-03-01,5.7,6.6,,5.51,6.45,5.51,USD,2025-02-10,2025-02-10
DUKE ENERGY CORP,Electric,Fixed Income,6623196.63,0.01924,6623196.63,6990000,92.74,United States,--,USD,13.03,6.24,1,2055-09-15,5.7,13.3,,6.24,13.3,6.24,USD,2025-09-11,2025-09-11
SERVICENOW INC,Technology,Fixed Income,6618190.23,0.01923,6618190.23,6711000,97.44,United States,--,USD,12.77,6.49,1,2056-05-15,6.3,13.03,,6.49,13.03,6.49,USD,2026-05-15,2026-05-15
KKR & CO INC,Brokerage/Asset Managers/Exchanges,Fixed Income,6618449.27,0.01923,6618449.27,6757000,95.61,United States,--,USD,6.92,5.73,1,2035-08-07,5.1,6.94,,5.73,6.94,5.73,USD,2025-08-07,2025-08-07
LYB INTERNATIONAL FINANCE III LLC,Basic Industry,Fixed Income,6606014.67,0.01919,6606014.67,9140000,71.14,United States,--,USD,12.56,6.66,1,2049-10-15,4.2,12.76,,6.66,12.76,6.66,USD,2019-10-10,2019-10-10
BANK OF MONTREAL MTN,Banking,Fixed Income,6601400.25,0.01918,6601400.25,6664000,97.61,Canada,--,USD,3.66,8.56,1,2031-09-22,4.35,3.64,,4.99,3.7,4.99,USD,2025-09-22,2025-09-22
CITIZENS FINANCIAL GROUP INC,Banking,Fixed Income,6598967.86,0.01917,6598967.86,6967000,93.98,United States,--,USD,3.44,5.02,1,2030-04-30,3.25,3.46,,5.02,3.46,5.02,USD,2020-04-30,2020-04-30
ROPER TECHNOLOGIES INC,Technology,Fixed Income,6596533.86,0.01916,6596533.86,6829000,95.28,United States,--,USD,6.54,5.62,1,2034-10-15,4.9,6.56,,5.62,6.56,5.62,USD,2024-08-21,2024-08-21
ELEVANCE HEALTH INC,Insurance,Fixed Income,6590708.09,0.01915,6590708.09,7563000,86.28,United States,--,USD,10.53,5.98,1,2042-05-15,4.63,10.57,,5.98,10.57,5.98,USD,2012-05-07,2012-05-07
FLORIDA POWER & LIGHT CO,Electric,Fixed Income,6583852.84,0.01913,6583852.84,7094000,91.17,United States,--,USD,13.09,5.96,1,2053-04-01,5.3,13.36,,5.96,13.36,5.96,USD,2023-03-03,2023-03-03
MARATHON PETROLEUM CORP,Energy,Fixed Income,6581017.42,0.01912,6581017.42,7600000,84.92,United States,--,USD,11.09,6.14,1,2044-09-15,4.75,11.23,,6.14,11.23,6.14,USD,2014-09-05,2014-09-05
BUNGE FINANCE LTD CORP,Consumer Non-Cyclical,Fixed Income,6581488.47,0.01912,6581488.47,6771000,95.59,United States,--,USD,6.53,5.32,1,2034-09-17,4.65,6.56,,5.32,6.56,5.32,USD,2024-09-17,2024-09-17
COMCAST CORPORATION,Communications,Fixed Income,6578581.03,0.01911,6578581.03,13224000,48.68,United States,--,USD,14.91,6.6,1,2052-08-15,2.45,15.09,,6.6,15.09,6.6,USD,2020-08-25,2020-08-25
CHARLES SCHWAB CORPORATION (THE),Brokerage/Asset Managers/Exchanges,Fixed Income,6573207.41,0.0191,6573207.41,7534000,86.65,United States,--,USD,4.34,4.9,1,2031-03-11,1.65,4.33,,4.9,4.33,4.9,USD,2020-12-11,2020-12-11
CONSOLIDATED EDISON COMPANY OF NEW,Electric,Fixed Income,6574033.25,0.0191,6574033.25,6822000,95.3,United States,--,USD,13.31,6.1,1,2055-11-15,5.75,13.59,,6.1,13.59,6.1,USD,2025-11-19,2025-11-19
HOME DEPOT INC,Consumer Cyclical,Fixed Income,6571682.33,0.01909,6571682.33,7517000,86.76,United States,--,USD,4.76,4.81,1,2031-09-15,1.88,4.76,,4.81,4.76,4.81,USD,2021-09-21,2021-09-21
RELX CAPITAL INC,Technology,Fixed Income,6566522.71,0.01908,6566522.71,6509000,99.37,United Kingdom,--,USD,3.27,4.94,1,2030-03-27,4.75,3.29,,4.94,3.29,4.94,USD,2025-03-27,2025-03-27
WALMART INC,Consumer Cyclical,Fixed Income,6563806.09,0.01907,6563806.09,7700000,83.58,United States,--,USD,13.62,5.72,1,2052-09-09,4.5,13.9,,5.72,13.9,5.72,USD,2022-09-09,2022-09-09
PFIZER INC,Consumer Non-Cyclical,Fixed Income,6564886.42,0.01907,6564886.42,7019000,92.72,United States,--,USD,3.42,4.8,1,2030-04-01,2.63,3.42,,4.8,3.42,4.8,USD,2020-03-27,2020-03-27
AMERICAN INTERNATIONAL GROUP INC,Insurance,Fixed Income,6559892.47,0.01906,6559892.47,7569000,85.2,United States,--,USD,12.23,5.98,1,2048-04-01,4.75,12.46,,5.98,12.46,5.98,USD,2018-03-26,2018-03-26
WESTPAC BANKING CORP,Banking,Fixed Income,6560861.14,0.01906,6560861.14,6611000,98.99,Australia,--,USD,3.58,4.68,1,2030-07-01,4.35,3.57,,4.68,3.57,4.68,USD,2025-07-01,2025-07-01
COMCAST CORPORATION,Communications,Fixed Income,6557584.05,0.01905,6557584.05,6525000,99.92,United States,--,USD,6.91,5.66,1,2035-06-15,5.65,6.88,,5.66,6.88,5.66,USD,2005-06-09,2005-06-09
PHILIP MORRIS INTERNATIONAL INC,Consumer Non-Cyclical,Fixed Income,6557855.79,0.01905,6557855.79,6725000,96.59,United States,--,USD,3.82,4.89,1,2030-10-29,4.0,3.83,,4.89,3.83,4.89,USD,2025-10-29,2025-10-29
PACIFIC GAS AND ELECTRIC COMPANY,Electric,Fixed Income,6552504.16,0.01904,6552504.16,6329000,101.47,United States,--,USD,11.97,6.58,1,2053-04-01,6.7,12.21,,6.58,12.12,6.58,USD,2023-03-30,2023-03-30
VERIZON COMMUNICATIONS INC,Communications,Fixed Income,6553920.21,0.01904,6553920.21,8418000,76.06,United States,--,USD,11.99,6.23,1,2046-08-15,4.13,12.13,,6.23,12.13,6.23,USD,2016-08-01,2016-08-01
CBRE SERVICES INC,Consumer Cyclical,Fixed Income,6554308.46,0.01904,6554308.46,6677000,97.02,United States,--,USD,7.47,5.65,1,2036-06-01,5.25,7.49,,5.65,7.49,5.65,USD,2026-05-04,2026-05-04
MIZUHO FINANCIAL GROUP INC,Banking,Fixed Income,6554466.97,0.01904,6554466.97,6449000,100.77,Japan,--,USD,6.12,5.47,1,2035-05-26,5.58,6.24,,5.47,6.24,5.47,USD,2024-02-26,2024-02-26
CROWN CASTLE INC,Communications,Fixed Income,6547325.55,0.01902,6547325.55,7454000,87.19,United States,--,USD,4.34,5.21,1,2031-04-01,2.1,4.33,,5.21,4.33,5.21,USD,2021-02-16,2021-02-16
NORFOLK SOUTHERN CORPORATION,Transportation,Fixed Income,6542464.75,0.01901,6542464.75,8053000,80.6,United States,--,USD,13.66,6.01,1,2053-06-01,4.55,13.92,,6.01,13.92,6.01,USD,2022-06-13,2022-06-13
DOMINION ENERGY INC,Electric,Fixed Income,6543178.77,0.01901,6543178.77,7375000,87.74,United States,--,USD,4.63,5.02,1,2031-08-15,2.25,4.62,,5.02,4.62,5.02,USD,2021-08-12,2021-08-12
M&T BANK CORPORATION,Banking,Fixed Income,6543420.31,0.01901,6543420.31,6525000,100.08,United States,--,USD,3.51,5.14,1,2031-07-08,5.18,3.53,,5.14,3.53,5.14,USD,2025-06-17,2025-06-17
DTE ENERGY COMPANY,Electric,Fixed Income,6543659.26,0.01901,6543659.26,6303000,102.99,United States,--,USD,6.16,5.38,1,2034-06-01,5.85,6.22,,5.37,6.06,5.37,USD,2024-05-03,2024-05-03
ASCENSION HEALTH,Consumer Non-Cyclical,Fixed Income,6544930.93,0.01901,6544930.93,6979000,93.31,United States,--,USD,3.1,4.74,1,2029-11-15,2.53,3.11,,4.74,3.11,4.74,USD,2019-10-23,2019-10-23
ENTERGY LOUISIANA LLC,Electric,Fixed Income,6539937.85,0.019,6539937.85,6680000,95.92,United States,--,USD,7.43,5.44,1,2036-04-15,4.9,7.45,,5.44,7.45,5.44,USD,2026-02-26,2026-02-26
BAKER HUGHES HOLDINGS LLC,Energy,Fixed Income,6536721.24,0.01899,6536721.24,6733000,96.61,United States,--,USD,5.76,5.24,1,2033-06-15,4.65,5.78,,5.24,5.78,5.24,USD,2026-03-11,2026-03-11
GILEAD SCIENCES INC,Consumer Non-Cyclical,Fixed Income,6533296.99,0.01898,6533296.99,10626000,60.62,United States,--,USD,14.67,5.87,1,2050-10-01,2.8,14.9,,5.87,14.9,5.87,USD,2020-09-30,2020-09-30
ORACLE CORPORATION,Technology,Fixed Income,6527875.36,0.01897,6527875.36,6369000,101.25,United States,--,USD,2.87,5.73,1,2029-11-09,6.15,2.92,,5.71,2.78,5.71,USD,2022-11-09,2022-11-09
ENBRIDGE INC,Energy,Fixed Income,6527927.37,0.01897,6527927.37,6919000,93.57,Canada,--,USD,11.53,6.05,1,2046-12-01,5.5,11.75,,6.05,11.75,6.05,USD,2016-11-29,2016-11-29
LOCKHEED MARTIN CORPORATION,Capital Goods,Fixed Income,6530818.33,0.01897,6530818.33,6462000,98.88,United States,--,USD,7.0,5.16,1,2035-08-15,5.0,7.05,,5.16,7.05,5.16,USD,2025-07-28,2025-07-28
IBM INTERNATIONAL CAPITAL PTE LTD,Technology,Fixed Income,6526552.84,0.01896,6526552.84,7164000,88.67,United States,--,USD,10.51,6.33,1,2044-02-05,5.25,10.63,,6.33,10.63,6.33,USD,2024-02-05,2024-02-05
FIFTH THIRD BANCORP,Banking,Fixed Income,6518794.07,0.01894,6518794.07,6590000,96.45,United States,--,USD,7.05,5.58,1,2037-01-29,5.14,7.21,,5.58,7.21,5.58,USD,2026-01-29,2026-01-29
CORNING INC,Technology,Fixed Income,6507623.18,0.01891,6507623.18,8406000,76.6,United States,--,USD,14.46,6.05,1,2057-11-15,4.38,14.74,,6.05,14.74,6.05,USD,2017-11-13,2017-11-13
GENERAL ELECTRIC CO MTN,Capital Goods,Fixed Income,6508012.67,0.01891,6508012.67,6224000,104.43,United States,--,USD,8.35,5.35,1,2038-01-14,5.88,8.35,,5.35,8.35,5.35,USD,2008-01-14,2008-01-14
WOODSIDE FINANCE LTD,Energy,Fixed Income,6502535.95,0.01889,6502535.95,6830000,93.15,Australia,--,USD,12.87,6.23,1,2054-09-12,5.7,13.13,,6.23,13.13,6.23,USD,2024-09-12,2024-09-12
ALEXANDRIA REAL ESTATE EQUITIES IN,Reits,Fixed Income,6503265.61,0.01889,6503265.61,7762000,83.43,United States,--,USD,5.34,5.35,1,2032-05-18,2.0,5.32,,5.35,5.32,5.35,USD,2021-02-18,2021-02-18
INTEL CORPORATION,Technology,Fixed Income,6490625.25,0.01886,6490625.25,7944000,79.36,United States,--,USD,13.71,6.55,1,2062-08-05,5.05,13.96,,6.55,13.96,6.55,USD,2022-08-05,2022-08-05
MANULIFE FINANCIAL CORP,Insurance,Fixed Income,6492024.49,0.01886,6492024.49,6771000,93.82,Canada,--,USD,11.35,5.91,1,2046-03-04,5.38,11.5,,5.91,11.5,5.91,USD,2016-03-04,2016-03-04
BRISTOL-MYERS SQUIBB CO,Consumer Non-Cyclical,Fixed Income,6492923.62,0.01886,6492923.62,6138000,104.68,United States,--,USD,5.8,5.12,1,2033-11-15,5.9,5.87,,5.1,5.7,5.1,USD,2023-11-13,2023-11-13
CIGNA GROUP,Consumer Non-Cyclical,Fixed Income,6488140.04,0.01885,6488140.04,8676000,73.74,United States,--,USD,12.64,6.1,1,2047-10-15,3.88,12.85,,6.1,12.85,6.1,USD,2020-04-15,2020-07-13
HEALTHPEAK OP LLC,Reits,Fixed Income,6478595.44,0.01882,6478595.44,6909000,93.71,United States,--,USD,3.24,4.99,1,2030-01-15,3.0,3.24,,4.99,3.24,4.99,USD,2019-11-21,2019-11-21
LEIDOS INC,Technology,Fixed Income,6470363.47,0.0188,6470363.47,7247000,88.28,United States,--,USD,4.21,5.22,1,2031-02-15,2.3,4.18,,5.22,4.18,5.22,USD,2021-02-15,2021-06-21
UNION PACIFIC CORPORATION,Transportation,Fixed Income,6463765.63,0.01878,6463765.63,8459000,75.86,United States,--,USD,10.93,5.62,1,2041-05-20,3.2,11.0,,5.62,11.0,5.62,USD,2021-05-20,2021-05-20
VERIZON COMMUNICATIONS INC,Communications,Fixed Income,6459110.63,0.01877,6459110.63,9223000,68.93,United States,--,USD,11.13,6.01,1,2041-09-03,2.85,11.17,,6.01,11.17,6.01,USD,2021-09-03,2021-09-03
DEVON ENERGY CORPORATION 144A,Energy,Fixed Income,6460501.3,0.01877,6460501.3,6366000,99.13,United States,--,USD,6.59,5.53,1,2035-02-15,5.4,6.62,,5.53,6.62,5.53,USD,2026-02-15,2026-06-25
PACIFIC GAS AND ELECTRIC COMPANY,Electric,Fixed Income,6457694.1,0.01876,6457694.1,6758000,93.02,United States,--,USD,12.67,6.53,1,2056-05-01,6.0,12.91,,6.53,12.91,6.53,USD,2026-02-20,2026-02-20
BP CAPITAL MARKETS AMERICA INC,Energy,Fixed Income,6458333.12,0.01876,6458333.12,10739000,59.58,United Kingdom,--,USD,14.76,5.93,1,2050-11-10,2.77,14.98,,5.93,14.98,5.93,USD,2020-08-10,2020-08-10
BERKSHIRE HATHAWAY ENERGY CO,Electric,Fixed Income,6455107.39,0.01875,6455107.39,8261000,76.99,United States,--,USD,13.16,6.08,1,2050-10-15,4.25,13.4,,6.08,13.4,6.08,USD,2020-10-15,2021-03-03
ELEVANCE HEALTH INC,Insurance,Fixed Income,6451406.76,0.01874,6451406.76,6749000,94.27,United States,--,USD,14.16,6.24,1,2064-11-01,5.85,14.44,,6.24,14.44,6.24,USD,2024-10-31,2024-10-31
DIAGEO CAPITAL PLC,Consumer Non-Cyclical,Fixed Income,6446203.37,0.01873,6446203.37,6165000,101.84,United Kingdom,--,USD,5.22,5.16,1,2033-01-24,5.5,5.29,,5.15,5.11,5.15,USD,2022-10-24,2022-10-24
CIGNA GROUP,Consumer Non-Cyclical,Fixed Income,6447430.39,0.01873,6447430.39,6252000,101.22,United States,--,USD,5.37,5.18,1,2033-03-15,5.4,5.44,,5.17,5.26,5.17,USD,2023-03-07,2023-03-07
ARES CAPITAL CORPORATION,Finance Companies,Fixed Income,6444665.78,0.01872,6444665.78,6435000,99.06,United States,--,USD,3.09,5.84,1,2030-01-15,5.55,3.09,,5.84,3.09,5.84,USD,2026-05-11,2026-05-11
LOCKHEED MARTIN CORPORATION,Capital Goods,Fixed Income,6435689.01,0.0187,6435689.01,7098000,88.4,United States,--,USD,14.57,5.98,1,2064-02-15,5.2,14.87,,5.98,14.87,5.98,USD,2024-01-29,2024-01-29
GENERAL MOTORS CO,Consumer Cyclical,Fixed Income,6433131.61,0.01869,6433131.61,6226000,101.81,United States,--,USD,3.27,5.08,1,2030-04-15,5.63,3.29,,5.07,3.22,5.07,USD,2025-05-07,2025-05-07
HUMANA INC,Insurance,Fixed Income,6434337.38,0.01869,6434337.38,7398000,85.96,United States,--,USD,5.04,5.09,1,2032-02-03,2.15,5.03,,5.09,5.03,5.09,USD,2021-08-03,2021-08-03
BOEING CO,Capital Goods,Fixed Income,6429879.57,0.01868,6429879.57,8886000,70.58,United States,--,USD,13.2,6.13,1,2050-02-01,3.75,13.43,,6.13,13.43,6.13,USD,2019-07-31,2019-07-31
SOUTHERN CALIFORNIA EDISON COMPANY,Electric,Fixed Income,6430866.29,0.01868,6430866.29,6524000,97.84,United States,--,USD,6.28,5.54,1,2034-06-01,5.2,6.31,,5.54,6.31,5.54,USD,2024-01-11,2024-01-11
AMERICAN HONDA FINANCE CORPORATION MTN,Consumer Cyclical,Fixed Income,6425502.68,0.01867,6425502.68,6630000,96.75,United States,--,USD,6.17,5.43,1,2034-01-10,4.9,6.14,,5.43,6.14,5.43,USD,2024-01-10,2024-01-10
DELL INTERNATIONAL LLC,Technology,Fixed Income,6427514.6,0.01867,6427514.6,6288000,100.58,United States,--,USD,4.75,5.18,1,2032-04-01,5.3,4.79,,5.18,4.67,5.18,USD,2025-04-01,2025-04-01
DUKE ENERGY CAROLINAS LLC,Electric,Fixed Income,6421213.98,0.01866,6421213.98,6469000,96.95,United States,--,USD,9.27,5.62,1,2040-02-15,5.3,9.29,,5.62,9.29,5.62,USD,2009-11-19,2009-11-19
T-MOBILE USA INC,Communications,Fixed Income,6421216.73,0.01866,6421216.73,6645000,95.71,United States,--,USD,7.24,5.54,1,2035-11-15,4.95,7.26,,5.54,7.26,5.54,USD,2025-10-09,2025-10-09
ROYAL BANK OF CANADA (FXD-FRN) MTN,Banking,Fixed Income,6421586.26,0.01866,6421586.26,6540000,97.24,Canada,--,USD,3.81,4.96,1,2031-11-03,4.3,3.82,,4.96,3.82,4.96,USD,2025-11-03,2025-11-03
PEPSICO INC,Consumer Non-Cyclical,Fixed Income,6416946.1,0.01864,6416946.1,8763000,72.21,United States,--,USD,12.81,5.8,1,2046-10-06,3.45,13.01,,5.8,13.01,5.8,USD,2016-10-06,2016-10-06
ELEVANCE HEALTH INC,Insurance,Fixed Income,6411551.97,0.01863,6411551.97,7417000,84.42,United States,--,USD,11.09,6.08,1,2044-08-15,4.65,11.23,,6.08,11.23,6.08,USD,2014-08-12,2014-08-12
CANADIAN IMPERIAL BANK (FXD-FRN),Banking,Fixed Income,6407529.91,0.01862,6407529.91,6407000,98.3,Canada,--,USD,3.64,4.97,1,2031-09-08,4.58,3.65,,4.97,3.65,4.97,USD,2025-09-08,2025-09-08
ENERGY TRANSFER PARTNERS LP,Energy,Fixed Income,6407355.59,0.01861,6407355.59,7255000,86.89,United States,--,USD,11.44,6.46,1,2047-04-15,5.3,11.64,,6.46,11.64,6.46,USD,2017-01-17,2017-01-17
APPLE INC,Technology,Fixed Income,6401632.25,0.0186,6401632.25,8466000,74.26,United States,--,USD,12.76,5.9,1,2047-09-12,3.75,12.99,,5.9,12.99,5.9,USD,2017-09-12,2017-09-12
ENTERGY LOUISIANA LLC,Electric,Fixed Income,6397344.43,0.01859,6397344.43,6495000,96.45,United States,--,USD,13.07,6.06,1,2055-03-15,5.8,13.35,,6.06,13.35,6.06,USD,2025-01-07,2025-01-07
STARBUCKS CORPORATION,Consumer Cyclical,Fixed Income,6399618.61,0.01859,6399618.61,9411000,67.35,United States,--,USD,13.85,6.09,1,2050-11-15,3.5,14.08,,6.09,14.08,6.09,USD,2020-05-07,2020-05-07
ONCOR ELECTRIC DELIVERY COMPANY LL,Electric,Fixed Income,6395696.82,0.01858,6395696.82,6788000,93.65,United States,--,USD,13.29,6.02,1,2054-06-15,5.55,13.57,,6.02,13.57,6.02,USD,2024-12-15,2025-01-27
SANTANDER UK GROUP HOLDINGS PLC,Banking,Fixed Income,6396717.46,0.01858,6396717.46,6570000,95.65,United Kingdom,--,USD,6.85,9.18,1,2036-09-22,5.14,7.09,,5.75,7.05,5.75,USD,2025-09-22,2025-09-22
JEFFERIES GROUP LLC MTN,Brokerage/Asset Managers/Exchanges,Fixed Income,6387966.96,0.01856,6387966.96,7306000,86.73,United States,--,USD,4.74,5.59,1,2031-10-15,2.63,4.72,,5.59,4.72,5.59,USD,2021-10-08,2021-10-08
JOHN DEERE CAPITAL CORP MTN,Capital Goods,Fixed Income,6388342.52,0.01856,6388342.52,6377000,99.62,United States,--,USD,6.42,5.11,1,2034-06-12,5.05,6.4,,5.11,6.4,5.11,USD,2024-06-11,2024-06-11
T-MOBILE USA INC,Communications,Fixed Income,6388751.08,0.01856,6388751.08,6605000,96.64,United States,--,USD,5.5,5.24,1,2033-01-15,4.63,5.51,,5.24,5.51,5.24,USD,2025-10-09,2025-10-09
UNITEDHEALTH GROUP INC,Insurance,Fixed Income,6380255.61,0.01854,6380255.61,7655000,82.43,United States,--,USD,14.47,6.17,1,2062-05-15,4.95,14.76,,6.17,14.76,6.17,USD,2022-05-20,2022-05-20
PARKER HANNIFIN CORPORATION,Capital Goods,Fixed Income,6382314.45,0.01854,6382314.45,6336000,99.14,United States,--,USD,2.82,4.79,1,2029-09-15,4.5,2.85,,4.79,2.85,4.79,USD,2022-06-15,2022-06-15
T-MOBILE USA INC,Communications,Fixed Income,6377579.16,0.01853,6377579.16,7435000,85.24,United States,--,USD,13.29,6.37,1,2055-06-15,5.25,13.55,,6.37,13.55,6.37,USD,2024-09-26,2024-09-26
LYONDELLBASELL INDUSTRIES NV,Basic Industry,Fixed Income,6372179.35,0.01851,6372179.35,8362000,74.33,United States,--,USD,13.12,6.64,1,2055-02-26,4.63,13.34,,6.64,13.34,6.64,USD,2015-03-05,2015-03-05
ASTRAZENECA FINANCE LLC,Consumer Non-Cyclical,Fixed Income,6363996.73,0.01849,6363996.73,6565000,95.15,United Kingdom,--,USD,7.46,5.25,1,2036-03-02,4.6,7.48,,5.25,7.48,5.25,USD,2026-03-02,2026-03-02
NETFLIX INC,Communications,Fixed Income,6365196.08,0.01849,6365196.08,6445000,98.76,United States,--,USD,7.69,5.41,1,2036-08-15,5.25,7.72,,5.41,7.72,5.41,USD,2026-07-22,2026-07-22
ONEOK INC,Energy,Fixed Income,6356343.58,0.01847,6356343.58,7383000,85.99,United States,--,USD,12.01,6.4,1,2048-07-15,5.2,12.23,,6.4,12.23,6.4,USD,2018-07-02,2018-07-02
CHENIERE CORPUS CHRISTI HOLDINGS L,Energy,Fixed Income,6358153.26,0.01847,6358153.26,6552000,96.35,United States,--,USD,2.98,4.9,1,2029-11-15,3.7,3.05,,4.9,3.05,4.9,USD,2020-05-15,2020-10-23
NORTHERN TRUST CORPORATION,Banking,Fixed Income,6343069.1,0.01843,6343069.1,5926000,105.68,United States,--,USD,5.06,5.06,1,2032-11-02,6.13,5.14,,5.02,4.97,5.02,USD,2022-11-02,2022-11-02
VIRGINIA ELECTRIC AND POWER COMPAN,Electric,Fixed Income,6345174.77,0.01843,6345174.77,10434000,60.26,United States,--,USD,14.73,6.03,1,2051-11-15,2.95,14.96,,6.03,14.96,6.03,USD,2021-11-22,2021-11-22
ROYALTY PHARMA PLC,Consumer Non-Cyclical,Fixed Income,6338320.4,0.01841,6338320.4,9235000,67.25,United Kingdom,--,USD,13.54,6.18,1,2050-09-02,3.55,13.77,,6.18,13.77,6.18,USD,2021-03-02,2021-08-03
TARGET CORPORATION,Consumer Cyclical,Fixed Income,6338447.32,0.01841,6338447.32,10274000,61.64,United States,--,USD,15.02,5.87,1,2052-01-15,2.95,15.27,,5.87,15.27,5.87,USD,2022-01-24,2022-01-24
MERCK & CO INC,Consumer Non-Cyclical,Fixed Income,6332526.69,0.0184,6332526.69,6349000,98.14,United States,--,USD,5.18,4.9,1,2032-09-15,4.55,5.21,,4.9,5.21,4.9,USD,2025-09-09,2025-09-09
RIO TINTO FINANCE (USA) LTD,Basic Industry,Fixed Income,6332723.97,0.0184,6332723.97,10564000,59.34,Australia,--,USD,15.09,5.86,1,2051-11-02,2.75,15.33,,5.86,15.33,5.86,USD,2021-11-02,2021-11-02
DEUTSCHE BANK AG (NEW YORK BRANCH),Banking,Fixed Income,6333854.49,0.0184,6333854.49,6989000,90.17,Germany,--,USD,4.35,5.37,1,2032-05-28,3.04,4.38,,5.36,4.39,5.36,USD,2021-05-28,2021-05-28
ASCENSION HEALTH,Consumer Non-Cyclical,Fixed Income,6331654.79,0.01839,6331654.79,6444000,97.34,United States,--,USD,7.26,5.29,1,2035-11-15,4.92,7.29,,5.29,7.29,5.29,USD,2025-11-25,2025-11-25
VISA INC,Technology,Fixed Income,6324559.51,0.01837,6324559.51,12064000,51.55,United States,--,USD,15.86,5.74,1,2050-08-15,2.0,16.07,,5.74,16.07,5.74,USD,2020-08-17,2020-08-17
HESS CORP,Energy,Fixed Income,6311698.72,0.01834,6311698.72,6123000,102.97,United States,--,USD,9.21,5.68,1,2040-01-15,6.0,9.22,,5.68,9.22,5.68,USD,2009-12-14,2009-12-14
SOUTHERN COMPANY (THE),Electric,Fixed Income,6311831.79,0.01834,6311831.79,6303000,99.61,United States,--,USD,5.58,5.27,1,2033-06-15,5.2,5.7,,5.27,5.7,5.27,USD,2023-05-18,2023-05-18
SANTANDER HOLDINGS USA INC,Banking,Fixed Income,6314177.96,0.01834,6314177.96,6396000,97.98,United States,--,USD,7.15,5.93,1,2037-06-05,5.7,7.38,,5.93,7.38,5.93,USD,2026-06-05,2026-06-05
KLA CORP,Technology,Fixed Income,6307733.64,0.01833,6307733.64,9279000,66.69,United States,--,USD,13.83,5.94,1,2050-03-01,3.3,14.06,,5.94,14.06,5.94,USD,2020-02-28,2020-02-28
KINDER MORGAN INC,Energy,Fixed Income,6310212.89,0.01833,6310212.89,6302000,97.3,United States,--,USD,12.73,6.15,1,2054-08-01,5.95,12.99,,6.15,12.99,6.15,USD,2024-07-31,2024-07-31
PACIFIC GAS AND ELECTRIC COMPANY,Electric,Fixed Income,6310742.42,0.01833,6310742.42,6857000,91.57,United States,--,USD,4.38,5.24,1,2031-06-01,3.25,4.38,,5.24,4.38,5.24,USD,2021-03-11,2021-03-11
VERIZON COMMUNICATIONS INC,Communications,Fixed Income,6305746.31,0.01832,6305746.31,7430000,82.77,United States,--,USD,13.13,6.33,1,2054-08-21,5.01,13.33,,6.33,13.33,6.33,USD,2015-02-21,2015-03-11
ABBVIE INC,Consumer Non-Cyclical,Fixed Income,6305824.44,0.01832,6305824.44,6481000,95.32,United States,--,USD,13.28,5.94,1,2055-03-15,5.6,13.57,,5.94,13.57,5.94,USD,2025-02-26,2025-02-26
PACIFIC GAS AND ELECTRIC COMPANY,Electric,Fixed Income,6306529.31,0.01832,6306529.31,6504000,94.55,United States,--,USD,12.42,6.57,1,2055-03-01,6.15,12.66,,6.57,12.66,6.57,USD,2025-02-26,2025-02-26
TORONTO-DOMINION BANK/THE MTN,Banking,Fixed Income,6307135.18,0.01832,6307135.18,7148000,87.5,Canada,--,USD,4.74,4.77,1,2031-09-10,2.0,4.73,,4.77,4.73,4.77,USD,2021-09-10,2021-09-10
MARSH & MCLENNAN COMPANIES INC,Insurance,Fixed Income,6300987.28,0.01831,6300987.28,6981000,89.84,United States,--,USD,4.01,4.89,1,2030-11-15,2.25,4.01,,4.89,4.01,4.89,USD,2020-05-07,2020-05-07
CHUBB INA HOLDINGS LLC,Insurance,Fixed Income,6302227.16,0.01831,6302227.16,7204000,87.0,United States,--,USD,3.93,4.88,1,2030-09-15,1.38,3.92,,4.88,3.92,4.88,USD,2020-09-17,2020-09-17
BANCO SANTANDER SA,Banking,Fixed Income,6300131.75,0.0183,6300131.75,6862000,90.85,Spain,--,USD,4.24,5.19,1,2031-03-25,2.96,4.23,,5.19,4.23,5.19,USD,2021-03-25,2021-03-25
RAYTHEON TECHNOLOGIES CORPORATION,Capital Goods,Fixed Income,6300556.05,0.0183,6300556.05,7805000,79.95,United States,--,USD,11.84,5.93,1,2045-05-15,4.15,12.01,,5.93,12.01,5.93,USD,2015-05-04,2015-05-04
CRH AMERICA FINANCE INC,Capital Goods,Fixed Income,6294708.53,0.01829,6294708.53,6316000,97.67,Ireland,--,USD,3.98,4.98,1,2031-02-09,4.4,3.98,,4.98,3.98,4.98,USD,2025-10-09,2025-10-09
HSBC HOLDINGS PLC,Banking,Fixed Income,6296025.97,0.01829,6296025.97,6062000,103.72,United Kingdom,--,USD,9.97,5.73,1,2042-01-14,6.1,10.03,,5.73,10.03,5.73,USD,2011-11-17,2011-11-17
RAYMOND JAMES FINANCIAL INC.,Brokerage/Asset Managers/Exchanges,Fixed Income,6296776.43,0.01829,6296776.43,7299000,86.17,United States,--,USD,11.78,6.16,1,2046-07-15,4.95,11.93,,6.16,11.93,6.16,USD,2016-07-12,2016-07-12
CANADIAN IMPERIAL BANK OF COMMERCE,Banking,Fixed Income,6290441.1,0.01828,6290441.1,6247000,99.01,Canada,--,USD,2.82,4.92,1,2030-09-11,4.63,2.83,,4.92,2.84,4.92,USD,2024-09-11,2024-09-11
CHENIERE ENERGY PARTNERS LP 144A,Energy,Fixed Income,6293551.17,0.01828,6293551.17,6411000,97.53,United States,--,USD,7.72,5.67,1,2036-11-30,5.35,7.78,,5.67,7.78,5.67,USD,2026-06-09,2026-06-09
TARGA RESOURCES CORP,Energy,Fixed Income,6289501.2,0.01827,6289501.2,7469000,82.87,United States,--,USD,12.85,6.3,1,2052-04-15,4.95,13.09,,6.3,13.09,6.3,USD,2022-04-06,2022-04-06
TORONTO-DOMINION BANK/THE MTN,Banking,Fixed Income,6289563.74,0.01827,6289563.74,6411000,98.0,Canada,--,USD,4.02,4.92,1,2031-01-13,4.41,4.0,,4.92,4.0,4.92,USD,2026-01-13,2026-01-13
NATIONAL GRID PLC,Electric,Fixed Income,6290229.23,0.01827,6290229.23,6271000,100.14,United Kingdom,--,USD,6.03,5.39,1,2034-01-11,5.42,6.07,,5.39,6.07,5.39,USD,2024-01-11,2024-01-11
WESTPAC BANKING CORP,Banking,Fixed Income,6286285.05,0.01826,6286285.05,6965000,88.07,Australia,--,USD,9.29,5.76,1,2039-07-24,4.42,9.29,,5.76,9.29,5.76,USD,2019-07-24,2019-07-24
AT&T INC,Communications,Fixed Income,6283244.14,0.01825,6283244.14,6629000,92.32,United States,--,USD,11.18,6.32,1,2047-02-15,5.65,11.39,,6.32,11.39,6.32,USD,2016-02-09,2016-02-09
CHARTER COMMUNICATIONS OPERATING L,Communications,Fixed Income,6273208.36,0.01823,6273208.36,7088000,86.85,United States,--,USD,8.16,7.04,1,2038-04-01,5.38,8.14,,7.04,8.14,7.04,USD,2018-04-17,2018-04-17
GILEAD SCIENCES INC,Consumer Non-Cyclical,Fixed Income,6271200.62,0.01822,6271200.62,6196000,100.32,United States,--,USD,2.98,4.69,1,2029-11-15,4.8,3.01,,4.69,2.94,4.69,USD,2024-11-20,2024-11-20
INTEL CORPORATION,Technology,Fixed Income,6271738.59,0.01822,6271738.59,7035000,87.66,United States,--,USD,9.52,5.93,1,2040-03-25,4.6,9.58,,5.93,9.58,5.93,USD,2020-03-25,2020-03-25
INTEL CORPORATION,Technology,Fixed Income,6269701.79,0.01821,6269701.79,7727000,79.53,United States,--,USD,13.79,6.45,1,2060-03-25,4.95,14.05,,6.45,14.05,6.45,USD,2020-03-25,2020-03-25
UNITEDHEALTH GROUP INC,Insurance,Fixed Income,6260664.32,0.01819,6260664.32,10714000,57.85,United States,--,USD,15.91,6.08,1,2060-05-15,3.13,16.18,,6.08,16.18,6.08,USD,2020-05-18,2020-05-18
EXPAND ENERGY CORP,Energy,Fixed Income,6261736.96,0.01819,6261736.96,6272000,99.73,United States,--,USD,6.62,5.74,1,2035-01-15,5.7,6.64,,5.74,6.64,5.74,USD,2024-12-02,2024-12-02
MERCK & CO INC,Consumer Non-Cyclical,Fixed Income,6256405.95,0.01818,6256405.95,11282000,55.12,United States,--,USD,16.6,5.96,1,2061-12-10,2.9,16.88,,5.96,16.88,5.96,USD,2021-12-10,2021-12-10
ALTRIA GROUP INC,Consumer Non-Cyclical,Fixed Income,6254390.61,0.01817,6254390.61,7636000,79.98,United States,--,USD,10.58,6.24,1,2042-08-09,4.25,10.61,,6.24,10.61,6.24,USD,2012-08-09,2012-08-09
JOHNSON & JOHNSON,Consumer Non-Cyclical,Fixed Income,6255463.24,0.01817,6255463.24,7996000,76.78,United States,--,USD,12.7,5.67,1,2047-03-03,3.75,12.93,,5.67,12.93,5.67,USD,2017-03-03,2017-03-03
T-MOBILE USA INC,Communications,Fixed Income,6255907.79,0.01817,6255907.79,7033000,88.0,United States,--,USD,5.06,5.18,1,2032-03-15,2.7,5.06,,5.18,5.06,5.18,USD,2021-12-06,2022-06-29
KINDER MORGAN INC,Energy,Fixed Income,6242194.61,0.01814,6242194.61,6707000,90.48,United States,--,USD,12.57,6.19,1,2052-08-01,5.45,12.82,,6.19,12.82,6.19,USD,2022-08-03,2022-08-03
ATLAS WAREHOUSE LENDING COMPANY LP 144A,Financial Other,Fixed Income,6245488.63,0.01814,6245488.63,6435000,96.95,United States,--,USD,5.4,5.82,1,2033-01-15,5.25,5.4,,5.82,5.4,5.82,USD,2026-01-21,2026-01-21
APPLE INC,Technology,Fixed Income,6239530.91,0.01813,6239530.91,8924000,68.84,United States,--,USD,11.27,5.52,1,2041-02-08,2.38,11.32,,5.52,11.32,5.52,USD,2021-02-08,2021-02-08
WALMART INC,Consumer Cyclical,Fixed Income,6233680.52,0.01811,6233680.52,5648000,108.7,United States,--,USD,8.3,5.2,1,2038-04-15,6.2,8.31,,5.2,8.31,5.2,USD,2008-04-15,2008-04-15
BRISTOL-MYERS SQUIBB CO,Consumer Non-Cyclical,Fixed Income,6234794.82,0.01811,6234794.82,9053000,68.42,United States,--,USD,11.25,5.58,1,2040-11-13,2.35,11.29,,5.58,11.29,5.58,USD,2020-11-13,2020-11-13
AMEREN CORPORATION,Electric,Fixed Income,6235091.96,0.01811,6235091.96,6625000,94.05,United States,--,USD,4.05,5.0,1,2031-01-15,3.5,4.07,,5.0,4.07,5.0,USD,2020-04-03,2020-04-03
APPLE INC,Technology,Fixed Income,6228674.33,0.0181,6228674.33,6600000,93.57,United States,--,USD,2.94,4.42,1,2029-09-11,2.2,2.95,,4.42,2.95,4.42,USD,2019-09-11,2019-09-11
CDW LLC,Technology,Fixed Income,6229842.88,0.0181,6229842.88,6827000,90.75,United States,--,USD,4.74,5.59,1,2031-12-01,3.57,4.74,,5.59,4.74,5.59,USD,2021-12-01,2021-12-01
MERCK & CO INC,Consumer Non-Cyclical,Fixed Income,6219454.26,0.01807,6219454.26,6256000,98.64,United States,--,USD,3.41,4.69,1,2030-05-17,4.3,3.45,,4.69,3.45,4.69,USD,2023-05-17,2023-05-17
ROYALTY PHARMA PLC,Consumer Non-Cyclical,Fixed Income,6214710.08,0.01806,6214710.08,8092000,75.52,United Kingdom,--,USD,10.37,5.88,1,2040-09-02,3.3,10.41,,5.88,10.41,5.88,USD,2021-03-02,2021-08-03
MIDAMERICAN ENERGY COMPANY,Electric,Fixed Income,6217045.29,0.01806,6217045.29,7922000,78.4,United States,--,USD,13.08,5.99,1,2049-07-15,4.25,13.32,,5.99,13.32,5.99,USD,2019-01-09,2019-01-09
SANOFI SA MTN,Consumer Non-Cyclical,Fixed Income,6211376.73,0.01805,6211376.73,6361000,96.73,United States,--,USD,5.36,4.81,1,2032-11-03,4.2,5.39,,4.81,5.39,4.81,USD,2025-11-03,2025-11-03
ELI LILLY AND COMPANY,Consumer Non-Cyclical,Fixed Income,6204500.9,0.01803,6204500.9,6800000,88.96,United States,--,USD,14.68,5.93,1,2064-08-14,5.2,14.98,,5.93,14.98,5.93,USD,2024-08-14,2024-08-14
EOG RESOURCES INC,Energy,Fixed Income,6205127.54,0.01803,6205127.54,6268000,98.88,United States,--,USD,13.35,6.03,1,2055-07-15,5.95,13.64,,6.03,13.64,6.03,USD,2025-07-01,2025-07-01
JBS NV,Consumer Non-Cyclical,Fixed Income,6207582.36,0.01803,6207582.36,6330000,95.46,United States,--,USD,12.18,6.73,1,2055-02-25,6.38,12.41,,6.73,12.41,6.73,USD,2025-08-25,2026-01-12
BURLINGTON NORTHERN SANTA FE LLC,Transportation,Fixed Income,6196922.7,0.018,6196922.7,6430000,94.42,United States,--,USD,13.47,5.95,1,2056-03-15,5.55,13.75,,5.95,13.75,5.95,USD,2025-12-05,2025-12-05
PROLOGIS LP,Reits,Fixed Income,6197266.94,0.018,6197266.94,6239000,99.23,United States,--,USD,6.09,5.25,1,2034-01-15,5.13,6.13,,5.25,6.13,5.25,USD,2023-06-28,2023-06-28
UNITEDHEALTH GROUP INC,Insurance,Fixed Income,6191384.5,0.01799,6191384.5,8808000,68.6,United States,--,USD,14.82,6.09,1,2059-08-15,3.88,15.09,,6.09,15.09,6.09,USD,2019-07-25,2019-07-25
SHERWIN-WILLIAMS COMPANY (THE),Basic Industry,Fixed Income,6188952.96,0.01798,6188952.96,6449000,94.68,United States,--,USD,2.83,4.84,1,2029-08-15,2.95,2.84,,4.84,2.84,4.84,USD,2019-08-26,2019-08-26
DUPONT DE NEMOURS INC,Basic Industry,Fixed Income,6183816.71,0.01797,6183816.71,6337000,96.59,United States,--,USD,8.72,5.71,1,2038-11-15,5.32,8.78,,5.71,8.78,5.71,USD,2018-11-28,2018-11-28
ENTERPRISE PRODUCTS OPERATING LLC,Energy,Fixed Income,6185990.13,0.01797,6185990.13,6700000,90.21,United States,--,USD,10.37,5.79,1,2042-08-15,4.85,10.5,,5.79,10.5,5.79,USD,2012-02-15,2012-02-15
MICRON TECHNOLOGY INC,Technology,Fixed Income,6181382.11,0.01796,6181382.11,6927000,88.51,United States,--,USD,5.14,5.04,1,2032-04-15,2.7,5.15,,5.04,5.15,5.04,USD,2021-11-01,2021-11-01
BOEING CO,Capital Goods,Fixed Income,6181923.86,0.01796,6181923.86,6510000,93.56,United States,--,USD,3.23,4.96,1,2030-02-01,2.95,3.24,,4.96,3.24,4.96,USD,2019-07-31,2019-07-31
ENTERPRISE PRODUCTS OPERATING LLC,Energy,Fixed Income,6174072.01,0.01794,6174072.01,9448000,63.95,United States,--,USD,14.38,5.97,1,2052-02-15,3.2,14.62,,5.97,14.62,5.97,USD,2020-08-07,2020-08-07
UNITEDHEALTH GROUP INC,Insurance,Fixed Income,6176692.13,0.01794,6176692.13,8496000,72.19,United States,--,USD,10.67,5.68,1,2040-05-15,2.75,10.71,,5.68,10.71,5.68,USD,2020-05-18,2020-05-18
MCDONALDS CORPORATION MTN,Consumer Cyclical,Fixed Income,6157490.1,0.01789,6157490.1,6367000,96.15,United States,--,USD,7.33,5.22,1,2035-12-09,4.7,7.42,,5.22,7.42,5.22,USD,2015-12-09,2015-12-09
RIO TINTO FINANCE (USA) PLC,Basic Industry,Fixed Income,6158028.1,0.01789,6158028.1,7234000,83.4,Australia,--,USD,10.78,5.74,1,2042-08-21,4.13,10.89,,5.74,10.89,5.74,USD,2012-08-21,2012-08-21
ELEVANCE HEALTH INC,Insurance,Fixed Income,6158160.61,0.01789,6158160.61,6067000,99.43,United States,--,USD,3.16,4.93,1,2030-02-15,4.75,3.17,,4.93,3.17,4.93,USD,2024-10-31,2024-10-31
CIGNA GROUP,Consumer Non-Cyclical,Fixed Income,6152741.35,0.01788,6152741.35,6272000,97.98,United States,--,USD,13.31,6.15,1,2056-01-15,6.0,13.58,,6.15,13.58,6.15,USD,2025-09-04,2025-09-04
WILLIAMS COMPANIES INC,Energy,Fixed Income,6153652.6,0.01788,6153652.6,6816000,87.97,United States,--,USD,12.64,6.24,1,2052-08-15,5.3,12.89,,6.24,12.89,6.24,USD,2022-08-08,2022-08-08
THERMO FISHER SCIENTIFIC INC,Consumer Non-Cyclical,Fixed Income,6153859.73,0.01788,6153859.73,8585000,70.93,United States,--,USD,11.35,5.68,1,2041-10-15,2.8,11.42,,5.68,11.42,5.68,USD,2021-08-23,2021-08-23
ECOLAB INC,Basic Industry,Fixed Income,6154399.19,0.01788,6154399.19,10464000,58.54,United States,--,USD,15.27,5.86,1,2051-12-15,2.7,15.51,,5.86,15.51,5.86,USD,2021-12-15,2021-12-15
CHEVRON USA INC,Energy,Fixed Income,6152048.11,0.01787,6152048.11,6112000,99.31,United States,--,USD,6.86,5.08,1,2035-04-15,4.98,6.91,,5.08,6.91,5.08,USD,2025-02-26,2025-02-26
INTEL CORPORATION,Technology,Fixed Income,6152069.28,0.01787,6152069.28,8294000,73.37,United States,--,USD,12.22,6.44,1,2047-05-11,4.1,12.4,,6.44,12.4,6.44,USD,2017-05-11,2017-05-11
AMPHENOL CORPORATION,Capital Goods,Fixed Income,6152596.44,0.01787,6152596.44,6260000,98.19,United States,--,USD,6.77,5.27,1,2035-01-15,5.0,6.81,,5.27,6.81,5.27,USD,2024-10-31,2024-10-31
MICROCHIP TECHNOLOGY INCORPORATED,Technology,Fixed Income,6148282.59,0.01786,6148282.59,6027000,99.81,United States,--,USD,3.14,5.11,1,2030-02-15,5.05,3.15,,5.11,3.15,5.11,USD,2024-12-16,2024-12-16
APPLE INC,Technology,Fixed Income,6142375.93,0.01785,6142375.93,7058000,86.09,United States,--,USD,11.44,5.7,1,2044-05-06,4.45,11.54,,5.7,11.54,5.7,USD,2014-05-06,2014-05-06
CATERPILLAR INC,Capital Goods,Fixed Income,6136147.76,0.01783,6136147.76,6549000,92.95,United States,--,USD,3.44,4.69,1,2030-04-09,2.6,3.45,,4.69,3.45,4.69,USD,2020-04-09,2020-04-09
WALT DISNEY CO,Communications,Fixed Income,6138517.87,0.01783,6138517.87,6595000,91.55,United States,--,USD,9.58,5.51,1,2040-03-23,4.63,9.67,,5.51,9.67,5.51,USD,2020-03-23,2020-03-23
BURLINGTON NORTHERN SANTA FE LLC,Transportation,Fixed Income,6129682.57,0.01781,6129682.57,7024000,85.49,United States,--,USD,11.28,5.86,1,2044-09-01,4.55,11.43,,5.86,11.43,5.86,USD,2014-08-18,2014-08-18
MERCK & CO INC,Consumer Non-Cyclical,Fixed Income,6130184.3,0.01781,6130184.3,10881000,56.15,United States,--,USD,15.2,5.89,1,2050-06-24,2.45,15.41,,5.89,15.41,5.89,USD,2020-06-24,2020-06-24
TOTALENERGIES CAPITAL SA,Energy,Fixed Income,6130506.6,0.01781,6130506.6,6174000,97.56,France,--,USD,6.5,5.09,1,2034-09-10,4.72,6.54,,5.09,6.54,5.09,USD,2024-09-10,2024-09-10
MCDONALDS CORPORATION MTN,Consumer Cyclical,Fixed Income,6127611.84,0.0178,6127611.84,7416000,80.88,United States,--,USD,12.44,6.03,1,2048-09-01,4.45,12.67,,6.03,12.67,6.03,USD,2018-08-15,2018-08-15
ACCENTURE CAPITAL INC,Technology,Fixed Income,6118537.68,0.01778,6118537.68,6178000,97.82,United States,--,USD,2.91,4.79,1,2029-10-04,4.05,2.93,,4.79,2.93,4.79,USD,2024-10-04,2024-10-04
DUKE ENERGY CORP,Electric,Fixed Income,6120288.99,0.01778,6120288.99,6677000,91.32,United States,--,USD,3.6,4.95,1,2030-06-01,2.45,3.59,,4.95,3.59,4.95,USD,2020-05-15,2020-05-15
PHILIP MORRIS INTERNATIONAL INC,Consumer Non-Cyclical,Fixed Income,6121552.29,0.01778,6121552.29,6168000,98.25,United States,--,USD,3.39,4.89,1,2030-04-30,4.38,3.4,,4.89,3.4,4.89,USD,2025-04-30,2025-04-30
ENBRIDGE INC,Energy,Fixed Income,6115096.46,0.01777,6115096.46,7160000,84.22,Canada,--,USD,6.18,5.21,1,2033-08-01,2.5,6.18,,5.21,6.18,5.21,USD,2021-06-28,2021-06-28
AMGEN INC,Consumer Non-Cyclical,Fixed Income,6115170.09,0.01777,6115170.09,7911000,75.55,United States,--,USD,13.37,6.1,1,2052-02-22,4.2,13.62,,6.1,13.62,6.1,USD,2022-02-22,2022-02-22
SANTANDER HOLDINGS USA INC,Banking,Fixed Income,6116156.31,0.01777,6116156.31,5970000,100.43,United States,--,USD,2.77,5.3,1,2030-09-06,5.35,2.78,,5.2,2.79,5.2,USD,2024-09-06,2024-09-06
CISCO SYSTEMS INC,Technology,Fixed Income,6117199.7,0.01777,6117199.7,5993000,100.12,United States,--,USD,3.19,4.71,1,2030-02-24,4.75,3.2,,4.71,3.2,4.71,USD,2025-02-24,2025-02-24
HONDA MOTOR CO LTD,Consumer Cyclical,Fixed Income,6113708.76,0.01776,6113708.76,6787000,88.99,Japan,--,USD,5.01,5.27,1,2032-03-10,2.97,5.0,,5.27,5.0,5.27,USD,2022-03-10,2022-03-10
NOVARTIS CAPITAL CORP,Consumer Non-Cyclical,Fixed Income,6114476.3,0.01776,6114476.3,7088000,84.65,Switzerland,--,USD,13.83,5.81,1,2054-09-18,4.7,14.12,,5.81,14.12,5.81,USD,2024-09-18,2024-09-18
DOW CHEMICAL CO,Basic Industry,Fixed Income,6114570.3,0.01776,6114570.3,6231000,98.04,United States,--,USD,3.97,5.3,1,2031-01-15,4.8,3.97,,5.3,3.97,5.3,USD,2025-09-08,2025-09-08
L3HARRIS TECHNOLOGIES INC,Capital Goods,Fixed Income,6105825.63,0.01774,6105825.63,6046000,100.23,United States,--,USD,6.26,5.31,1,2034-06-01,5.35,6.3,,5.31,6.14,5.31,USD,2024-03-13,2024-03-13
ONCOR ELECTRIC DELIVERY COMPANY LL,Electric,Fixed Income,6106183.49,0.01774,6106183.49,6971000,85.85,United States,--,USD,13.08,6.03,1,2052-09-15,4.95,13.35,,6.03,13.35,6.03,USD,2022-09-08,2023-01-13
DOW CHEMICAL CO,Basic Industry,Fixed Income,6106394.91,0.01774,6106394.91,6944000,87.14,United States,--,USD,11.68,6.66,1,2048-11-30,5.55,11.88,,6.66,11.88,6.66,USD,2019-05-30,2019-11-18
APPLE INC,Technology,Fixed Income,6107113.53,0.01774,6107113.53,6113000,99.09,United States,--,USD,3.43,4.46,1,2030-05-12,4.2,3.45,,4.46,3.45,4.46,USD,2025-05-12,2025-05-12
CF INDUSTRIES INC,Basic Industry,Fixed Income,6107361.61,0.01774,6107361.61,6175000,98.08,United States,--,USD,7.18,5.57,1,2035-11-26,5.3,7.21,,5.57,7.21,5.57,USD,2025-11-26,2025-11-26
BROADCOM INC,Technology,Fixed Income,6098449.68,0.01772,6098449.68,5979000,100.64,United States,--,USD,3.3,4.86,1,2030-04-15,5.05,3.32,,4.86,3.25,4.86,USD,2025-01-10,2025-01-10
TARGET CORPORATION,Consumer Cyclical,Fixed Income,6096469.56,0.01771,6096469.56,7076000,86.06,United States,--,USD,13.65,5.84,1,2053-01-15,4.8,13.94,,5.84,13.94,5.84,USD,2023-01-24,2023-01-24
BERKSHIRE HATHAWAY ENERGY CO,Electric,Fixed Income,6092364.46,0.0177,6092364.46,7165000,82.89,United States,--,USD,11.31,6.05,1,2045-02-01,4.5,11.47,,6.05,11.47,6.05,USD,2014-12-04,2015-01-26
BLUE OWL CREDIT INCOME CORP,Finance Companies,Fixed Income,6088608.72,0.01769,6088608.72,5981000,99.45,United States,--,USD,3.85,6.79,1,2031-03-15,6.65,3.85,,6.79,3.85,6.79,USD,2024-02-01,2024-05-20
CME GROUP INC,Brokerage/Asset Managers/Exchanges,Fixed Income,6085695.87,0.01768,6085695.87,6731000,89.48,United States,--,USD,5.07,4.8,1,2032-03-15,2.65,5.08,,4.8,5.08,4.8,USD,2022-03-08,2022-03-08
ELI LILLY AND COMPANY,Consumer Non-Cyclical,Fixed Income,6083573.91,0.01767,6083573.91,6117000,98.23,United States,--,USD,5.26,4.88,1,2032-10-15,4.55,5.29,,4.88,5.29,4.88,USD,2025-08-20,2025-08-20
COCA-COLA CO,Consumer Non-Cyclical,Fixed Income,6077067.56,0.01766,6077067.56,8120000,74.23,United States,--,USD,11.19,5.43,1,2041-05-05,2.88,11.22,,5.43,11.22,5.43,USD,2021-05-05,2021-05-05
WALMART INC,Consumer Cyclical,Fixed Income,6078583.13,0.01766,6078583.13,10075000,59.45,United States,--,USD,15.25,5.7,1,2051-09-22,2.65,15.49,,5.7,15.49,5.7,USD,2021-09-22,2021-09-22
EQUINIX INC,Technology,Fixed Income,6074345.52,0.01765,6074345.52,6811000,88.72,United States,--,USD,4.41,5.18,1,2031-05-15,2.5,4.41,,5.18,4.41,5.18,USD,2021-05-17,2021-05-17
KINDER MORGAN INC,Energy,Fixed Income,6076224.3,0.01765,6076224.3,8728000,68.05,United States,--,USD,13.61,6.13,1,2051-02-15,3.6,13.83,,6.13,13.83,6.13,USD,2021-02-11,2021-02-11
VIATRIS INC,Consumer Non-Cyclical,Fixed Income,6071264.29,0.01764,6071264.29,7843000,77.09,United States,--,USD,10.02,6.35,1,2040-06-22,3.85,10.04,,6.35,10.04,6.35,USD,2021-06-22,2021-10-28
CANADIAN NATURAL RESOURCES LTD,Energy,Fixed Income,6060010.48,0.01761,6060010.48,6047000,99.66,Canada,--,USD,6.6,5.45,1,2034-12-15,5.4,6.64,,5.45,6.64,5.45,USD,2025-06-15,2025-11-04
WILLIAMS COMPANIES INC,Energy,Fixed Income,6063185.6,0.01761,6063185.6,6124000,98.72,United States,--,USD,3.54,4.99,1,2030-06-30,4.63,3.55,,4.99,3.55,4.99,USD,2025-06-30,2025-06-30
KINDER MORGAN INC,Energy,Fixed Income,6057745.73,0.0176,6057745.73,6713000,88.2,United States,--,USD,11.77,6.2,1,2048-03-01,5.2,11.99,,6.2,11.99,6.2,USD,2018-03-01,2018-03-01
STARBUCKS CORPORATION,Consumer Cyclical,Fixed Income,6047061.26,0.01757,6047061.26,7439000,80.45,United States,--,USD,12.54,6.12,1,2048-11-15,4.5,12.78,,6.12,12.78,6.12,USD,2018-08-10,2018-08-10
ANHEUSER-BUSCH INBEV WORLDWIDE INC,Consumer Non-Cyclical,Fixed Income,6049014.1,0.01757,6049014.1,6908000,86.93,Belgium,--,USD,13.39,5.49,1,2050-06-01,4.5,13.68,,5.49,13.68,5.49,USD,2020-04-03,2020-04-03
SANTANDER UK GROUP HOLDINGS PLC,Banking,Fixed Income,6043197.37,0.01756,6043197.37,5979000,99.31,United Kingdom,--,USD,2.8,5.07,1,2030-09-11,4.86,2.82,,5.07,2.82,5.07,USD,2024-09-11,2024-09-11
ARES CAPITAL CORPORATION,Finance Companies,Fixed Income,6045146.61,0.01756,6045146.61,6012000,98.39,United States,--,USD,4.62,6.14,1,2032-03-08,5.8,4.63,,6.14,4.63,6.14,USD,2025-01-08,2025-01-08
TELEDYNE TECHNOLOGIES INCORPORATED,Technology,Fixed Income,6041919.22,0.01755,6041919.22,6613000,90.52,United States,--,USD,4.27,5.04,1,2031-04-01,2.75,4.27,,5.04,4.27,5.04,USD,2021-03-22,2021-03-22
ASTRAZENECA PLC,Consumer Non-Cyclical,Fixed Income,6038309.53,0.01754,6038309.53,7104000,83.12,United Kingdom,--,USD,12.63,5.73,1,2048-08-17,4.38,12.88,,5.73,12.88,5.73,USD,2018-08-17,2018-08-17
ROGERS COMMUNICATIONS INC,Communications,Fixed Income,6033040.06,0.01753,6033040.06,7167000,82.59,Canada,--,USD,10.3,6.26,1,2042-03-15,4.5,10.37,,6.26,10.37,6.26,USD,2023-03-15,2023-07-25
GLOBAL PAYMENTS INC,Technology,Fixed Income,6026523.0,0.01751,6026523.0,6380000,91.86,United States,--,USD,12.04,6.61,1,2052-08-15,5.95,12.26,,6.61,12.26,6.61,USD,2022-08-22,2022-08-22
GENERAL MOTORS CO,Consumer Cyclical,Fixed Income,6027773.12,0.01751,6027773.12,6225000,95.29,United States,--,USD,6.84,5.69,1,2035-04-01,5.0,6.8,,5.69,6.8,5.69,USD,2014-11-12,2014-11-12
FIDELITY NATIONAL INFORMATION SERV,Technology,Fixed Income,6021913.05,0.0175,6021913.05,6075000,99.03,United States,--,USD,5.04,5.29,1,2032-07-15,5.1,5.09,,5.29,5.09,5.29,USD,2022-07-13,2022-07-13
FLORIDA POWER & LIGHT CO,Electric,Fixed Income,6023473.76,0.0175,6023473.76,9898000,60.47,United States,--,USD,14.98,5.9,1,2051-12-04,2.88,15.22,,5.9,15.22,5.9,USD,2021-11-18,2021-11-18
GLAXOSMITHKLINE CAPITAL INC,Consumer Non-Cyclical,Fixed Income,6020044.48,0.01749,6020044.48,5988000,99.32,United Kingdom,--,USD,3.34,4.7,1,2030-04-15,4.5,3.36,,4.7,3.36,4.7,USD,2025-03-13,2025-03-13
SUMISHO AIR LEASE CORP,Finance Companies,Fixed Income,6021884.02,0.01749,6021884.02,6509000,92.07,United States,--,USD,3.97,5.18,1,2030-12-01,3.13,3.97,,5.18,3.97,5.18,USD,2020-11-24,2020-11-24
PEPSICO INC,Consumer Non-Cyclical,Fixed Income,6017980.36,0.01748,6017980.36,9949000,59.79,United States,--,USD,15.11,5.8,1,2051-10-21,2.75,15.35,,5.8,15.35,5.8,USD,2021-10-21,2021-10-21
JOHNSON & JOHNSON,Consumer Non-Cyclical,Fixed Income,6012479.63,0.01747,6012479.63,11387000,51.84,United States,--,USD,17.4,5.65,1,2060-09-01,2.45,17.69,,5.65,17.69,5.65,USD,2020-08-25,2020-08-25
ROGERS COMMUNICATIONS INC,Communications,Fixed Income,6012797.96,0.01747,6012797.96,6821000,86.39,Canada,--,USD,10.74,6.29,1,2044-03-15,5.0,10.87,,6.29,10.87,6.29,USD,2014-03-10,2014-03-10
WESTERN MIDSTREAM OPERATING LP,Energy,Fixed Income,5998177.67,0.01743,5998177.67,6921000,84.17,United States,--,USD,11.89,6.58,1,2050-02-01,5.25,12.09,,6.58,12.09,6.58,USD,2020-01-13,2020-01-13
GENERAL MILLS INC,Consumer Non-Cyclical,Fixed Income,5995916.99,0.01742,5995916.99,6391000,93.04,United States,--,USD,3.43,4.94,1,2030-04-15,2.88,3.44,,4.94,3.44,4.94,USD,2020-04-03,2020-04-03
NEXTERA ENERGY CAPITAL HOLDINGS IN,Electric,Fixed Income,5997194.3,0.01742,5997194.3,6416000,91.51,United States,--,USD,12.9,6.19,1,2054-03-15,5.55,13.16,,6.19,13.16,6.19,USD,2024-01-31,2024-01-31
MIZUHO FINANCIAL GROUP INC,Banking,Fixed Income,5994254.46,0.01741,5994254.46,5750000,102.22,Japan,--,USD,4.99,5.43,1,2033-09-13,5.67,5.04,,5.28,5.05,5.28,USD,2022-09-13,2022-09-13
NEXTERA ENERGY CAPITAL HOLDINGS IN,Electric,Fixed Income,5980635.86,0.01738,5980635.86,5844000,100.56,United States,--,USD,3.21,4.88,1,2030-03-15,5.05,3.24,,4.88,3.24,4.88,USD,2025-02-04,2025-02-04
WILLIAMS COMPANIES INC,Energy,Fixed Income,5981693.71,0.01738,5981693.71,6969000,83.93,United States,--,USD,11.95,6.21,1,2048-03-01,4.85,12.17,,6.21,12.17,6.21,USD,2018-03-05,2018-03-05
NEXTERA ENERGY CAPITAL HOLDINGS IN,Electric,Fixed Income,5977188.5,0.01737,5977188.5,5864000,100.01,United States,--,USD,6.66,5.45,1,2035-03-15,5.45,6.7,,5.45,6.7,5.45,USD,2025-02-04,2025-02-04
SIMON PROPERTY GROUP LP,Reits,Fixed Income,5975928.58,0.01736,5975928.58,6476000,92.23,United States,--,USD,3.69,4.82,1,2030-07-15,2.65,3.7,,4.82,3.7,4.82,USD,2020-07-09,2020-07-09
BERRY GLOBAL INC,Capital Goods,Fixed Income,5971393.81,0.01735,5971393.81,5766000,102.97,United States,--,USD,4.16,5.11,1,2031-06-15,5.8,4.21,,5.09,4.08,5.09,USD,2024-12-15,2025-02-13
TEXAS INSTRUMENTS INC,Technology,Fixed Income,5968292.07,0.01734,5968292.07,5867000,99.98,United States,--,USD,5.45,4.9,1,2033-03-14,4.9,5.52,,4.9,5.52,4.9,USD,2023-03-14,2023-03-14
LLOYDS BANKING GROUP PLC,Banking,Fixed Income,5954058.23,0.0173,5954058.23,6496000,90.91,United Kingdom,--,USD,11.38,6.11,1,2045-12-01,5.3,11.51,,6.11,11.51,6.11,USD,2016-06-01,2016-11-09
APOLLO GLOBAL MANAGEMENT INC,Brokerage/Asset Managers/Exchanges,Fixed Income,5950129.0,0.01729,5950129.0,5906000,98.97,United States,--,USD,7.21,5.84,1,2036-03-30,5.7,7.22,,5.84,7.22,5.84,USD,2026-03-30,2026-03-30
CHARLES SCHWAB CORPORATION (THE),Brokerage/Asset Managers/Exchanges,Fixed Income,5950519.62,0.01729,5950519.62,6544000,89.81,United States,--,USD,5.0,5.0,1,2032-03-03,2.9,5.01,,5.0,5.01,5.0,USD,2022-03-03,2022-03-03
SOUTHERN CALIFORNIA EDISON COMPANY,Electric,Fixed Income,5951368.57,0.01729,5951368.57,5899000,98.75,United States,--,USD,6.61,5.63,1,2035-03-01,5.45,6.64,,5.63,6.64,5.63,USD,2025-01-09,2025-01-09
APPLOVIN CORP,Communications,Fixed Income,5952818.35,0.01729,5952818.35,5982000,98.73,United States,--,USD,6.53,5.69,1,2034-12-01,5.5,6.56,,5.69,6.56,5.69,USD,2024-12-05,2024-12-05
DIAGEO CAPITAL PLC,Consumer Non-Cyclical,Fixed Income,5947483.07,0.01728,5947483.07,6901000,85.69,United Kingdom,--,USD,5.27,5.01,1,2032-04-29,2.13,5.27,,5.01,5.27,5.01,USD,2020-04-29,2020-04-29
PRUDENTIAL FINANCIAL INC MTN,Insurance,Fixed Income,5947516.6,0.01728,5947516.6,5822000,101.55,United States,--,USD,7.77,5.5,1,2036-12-14,5.7,7.75,,5.5,7.75,5.5,USD,2006-12-14,2006-12-14
TWDC ENTERPRISES 18 CORP MTN,Communications,Fixed Income,5942846.22,0.01727,5942846.22,7326000,80.54,United States,--,USD,11.61,5.9,1,2044-06-01,4.13,11.71,,5.9,11.71,5.9,USD,2014-06-02,2014-06-02
AMGEN INC,Consumer Non-Cyclical,Fixed Income,5944777.65,0.01727,5944777.65,6187000,93.68,United States,--,USD,13.19,6.11,1,2056-02-19,5.65,13.46,,6.11,13.46,6.11,USD,2026-02-19,2026-02-19
JOHNSON & JOHNSON,Consumer Non-Cyclical,Fixed Income,5939534.74,0.01726,5939534.74,5829000,101.2,United States,--,USD,6.35,4.76,1,2034-06-01,4.95,6.42,,4.76,6.25,4.76,USD,2024-05-20,2024-05-20
PHILIP MORRIS INTERNATIONAL INC,Consumer Non-Cyclical,Fixed Income,5939561.04,0.01726,5939561.04,6107000,96.13,United States,--,USD,7.52,5.39,1,2036-04-29,4.88,7.55,,5.39,7.55,5.39,USD,2026-04-29,2026-04-29
COMCAST CORPORATION,Communications,Fixed Income,5940110.6,0.01726,5940110.6,8431000,68.89,United States,--,USD,12.19,6.76,1,2048-03-01,4.0,12.36,,6.76,12.36,6.76,USD,2018-02-08,2018-02-08
GLP CAPITAL LP,Consumer Cyclical,Fixed Income,5937263.19,0.01725,5937263.19,5954000,97.73,United States,--,USD,6.29,5.98,1,2034-09-15,5.63,6.31,,5.98,6.31,5.98,USD,2024-08-06,2024-08-06
BRIXMOR OPERATING PARTNERSHIP LP,Reits,Fixed Income,5938329.74,0.01725,5938329.74,6142000,96.45,United States,--,USD,3.54,5.05,1,2030-07-01,4.05,3.58,,5.05,3.58,5.05,USD,2020-06-10,2020-06-10
AMCOR FLEXIBLES NORTH AMERICA INC,Capital Goods,Fixed Income,5934670.01,0.01724,5934670.01,6016000,96.77,United States,--,USD,7.32,5.56,1,2036-03-12,5.13,7.34,,5.56,7.34,5.56,USD,2026-03-10,2026-03-10
PUBLIC SERVICE COMPANY OF COLORADO,Electric,Fixed Income,5935739.11,0.01724,5935739.11,5874000,100.06,United States,--,USD,6.14,5.34,1,2034-05-15,5.35,6.26,,5.34,5.93,5.34,USD,2024-04-04,2024-04-04
CONSTELLATION ENERGY GENERATION LL,Electric,Fixed Income,5911829.33,0.01718,5911829.33,6276000,94.08,United States,--,USD,14.38,6.28,1,2066-01-15,5.88,14.66,,6.28,14.66,6.28,USD,2026-01-08,2026-01-08
AETNA INC,Insurance,Fixed Income,5908479.09,0.01717,5908479.09,5474000,107.26,United States,--,USD,7.29,5.66,1,2036-06-15,6.63,7.26,,5.66,7.26,5.66,USD,2006-06-09,2006-06-09
FAIRFAX FINANCIAL HOLDINGS LTD,Insurance,Fixed Income,5908665.78,0.01717,5908665.78,5876000,98.44,Canada,--,USD,12.33,6.47,1,2054-03-22,6.35,12.58,,6.47,12.58,6.47,USD,2024-09-22,2024-09-24
EQUIFAX INC,Technology,Fixed Income,5910057.97,0.01717,5910057.97,6727000,87.03,United States,--,USD,4.7,5.26,1,2031-09-15,2.35,4.69,,5.26,4.69,5.26,USD,2021-08-13,2021-08-13
ENTERPRISE PRODUCTS OPERATING LLC,Energy,Fixed Income,5906588.28,0.01716,5906588.28,8919000,64.79,United States,--,USD,14.5,5.96,1,2053-02-15,3.3,14.75,,5.96,14.75,5.96,USD,2021-09-15,2021-09-15
ORACLE CORPORATION,Technology,Fixed Income,5895544.31,0.01713,5895544.31,8460000,69.51,United States,--,USD,10.78,7.65,1,2044-07-08,4.5,10.82,,7.65,10.82,7.65,USD,2014-07-08,2014-07-08
PFIZER INC,Consumer Non-Cyclical,Fixed Income,5896130.71,0.01713,5896130.71,6762000,86.45,United States,--,USD,4.71,4.79,1,2031-08-18,1.75,4.7,,4.79,4.7,4.79,USD,2021-08-18,2021-08-18
NEXTERA ENERGY CAPITAL HOLDINGS IN,Electric,Fixed Income,5896222.73,0.01713,5896222.73,6237000,93.92,United States,--,USD,3.05,4.78,1,2029-11-01,2.75,3.06,,4.78,3.06,4.78,USD,2019-10-03,2019-10-03
EVEREST REINSURANCE HOLDINGS INC,Insurance,Fixed Income,5896343.35,0.01713,5896343.35,8903000,65.29,United States,--,USD,13.6,6.32,1,2050-10-15,3.5,13.82,,6.32,13.82,6.32,USD,2020-10-07,2020-10-07
AUTODESK INC,Technology,Fixed Income,5897088.95,0.01713,5897088.95,6757000,87.03,United States,--,USD,4.93,5.19,1,2031-12-15,2.4,4.93,,5.19,4.93,5.19,USD,2021-10-07,2021-10-07
UNION PACIFIC CORPORATION,Transportation,Fixed Income,5885482.76,0.0171,5885482.76,9452000,61.19,United States,--,USD,14.78,5.91,1,2052-03-10,2.95,15.02,,5.91,15.02,5.91,USD,2021-09-10,2021-09-10
PNC FINANCIAL SERVICES GROUP INC (,Banking,Fixed Income,5874531.24,0.01707,5874531.24,5533000,103.63,United States,--,USD,5.54,5.34,1,2034-08-18,5.94,5.61,,5.32,5.61,5.32,USD,2023-08-18,2023-08-18
BROADCOM INC,Technology,Fixed Income,5876045.12,0.01707,5876045.12,6033000,97.31,United States,--,USD,4.01,4.98,1,2031-01-15,4.3,4.01,,4.98,4.01,4.98,USD,2026-01-13,2026-01-13
KENVUE INC,Consumer Non-Cyclical,Fixed Income,5873726.67,0.01706,5873726.67,5859000,99.44,United States,--,USD,4.95,4.96,1,2032-05-22,4.85,4.98,,4.96,4.98,4.96,USD,2025-05-22,2025-05-22
HUMANA INC,Insurance,Fixed Income,5865011.45,0.01704,5865011.45,6824000,84.42,United States,--,USD,10.92,6.41,1,2044-10-01,4.95,11.05,,6.41,11.05,6.41,USD,2014-09-19,2014-09-19
NUTRIEN LTD,Basic Industry,Fixed Income,5856517.39,0.01701,5856517.39,5983000,96.03,Canada,--,USD,12.71,6.1,1,2053-03-27,5.8,12.98,,6.1,12.98,6.1,USD,2023-03-27,2023-03-27
AEP TEXAS INC,Electric,Fixed Income,5850535.52,0.017,5850535.52,6093000,94.44,United States,--,USD,13.02,6.27,1,2055-10-15,5.85,13.29,,6.27,13.29,6.27,USD,2025-09-24,2025-09-24
AMERICAN TOWER CORPORATION,Communications,Fixed Income,5847243.38,0.01699,5847243.38,6606000,88.01,United States,--,USD,3.96,5.06,1,2030-10-15,1.88,3.95,,5.06,3.95,5.06,USD,2020-09-28,2020-09-28
BANK OF AMERICA CORP,Banking,Fixed Income,5842232.44,0.01697,5842232.44,8388000,68.4,United States,--,USD,12.84,5.93,1,2052-03-13,3.48,14.19,,5.93,14.18,5.93,USD,2021-03-11,2021-03-11
MCDONALDS CORPORATION MTN,Consumer Cyclical,Fixed Income,5837415.01,0.01696,5837415.01,7435000,77.22,United States,--,USD,13.08,6.02,1,2050-04-01,4.2,13.32,,6.02,13.32,6.02,USD,2020-03-27,2020-03-27
WASTE MANAGEMENT INC,Capital Goods,Fixed Income,5833668.23,0.01695,5833668.23,5960000,96.76,United States,--,USD,4.92,4.8,1,2032-04-15,4.15,4.97,,4.8,4.97,4.8,USD,2022-05-12,2022-05-12
COOPERATIEVE RABOBANK UA (NEW YORK MTN,Banking,Fixed Income,5825995.47,0.01693,5825995.47,5786000,99.51,Netherlands,--,USD,2.95,4.66,1,2029-10-17,4.49,2.94,,4.66,2.94,4.66,USD,2024-10-17,2024-10-17
MASTERCARD INC,Technology,Fixed Income,5823248.18,0.01692,5823248.18,6630000,87.48,United States,--,USD,4.91,4.69,1,2031-11-18,2.0,4.92,,4.69,4.92,4.69,USD,2021-11-18,2021-11-18
AIRBNB INC,Consumer Cyclical,Fixed Income,5825608.51,0.01692,5825608.51,5845000,97.83,United States,--,USD,7.3,5.54,1,2036-03-16,5.25,7.32,,5.54,7.32,5.54,USD,2026-03-16,2026-03-16
AMPHENOL CORPORATION,Capital Goods,Fixed Income,5815710.22,0.0169,5815710.22,6558000,87.91,United States,--,USD,4.72,4.89,1,2031-09-15,2.2,4.72,,4.89,4.72,4.89,USD,2021-09-14,2021-09-14
CSX CORP,Transportation,Fixed Income,5816989.23,0.0169,5816989.23,7118000,80.04,United States,--,USD,12.44,5.95,1,2048-03-01,4.3,12.67,,5.95,12.67,5.95,USD,2018-02-20,2018-02-20
PEPSICO INC,Consumer Non-Cyclical,Fixed Income,5812174.34,0.01689,5812174.34,7939000,71.97,United States,--,USD,13.66,5.82,1,2050-03-19,3.63,13.9,,5.82,13.9,5.82,USD,2020-03-19,2020-03-19
REGIONS FINANCIAL CORP,Banking,Fixed Income,5815020.06,0.01689,5815020.06,5734000,99.33,United States,--,USD,6.22,5.61,1,2035-09-06,5.5,6.34,,5.6,6.34,5.6,USD,2024-09-06,2024-09-06
ENBRIDGE INC,Energy,Fixed Income,5811518.05,0.01688,5811518.05,6098000,94.72,Canada,--,USD,3.06,4.87,1,2029-11-15,3.13,3.08,,4.87,3.08,4.87,USD,2019-11-15,2019-11-15
REPUBLIC SERVICES INC,Capital Goods,Fixed Income,5811596.96,0.01688,5811596.96,5775000,99.09,United States,--,USD,6.17,5.14,1,2034-04-01,5.0,6.22,,5.14,6.22,5.14,USD,2023-03-28,2023-03-28
DIAGEO CAPITAL PLC,Consumer Non-Cyclical,Fixed Income,5807461.96,0.01687,5807461.96,6220000,92.79,United Kingdom,--,USD,3.05,4.79,1,2029-10-24,2.38,3.06,,4.79,3.06,4.79,USD,2019-10-03,2019-10-03
BURLINGTON NORTHERN SANTA FE LLC,Transportation,Fixed Income,5802162.59,0.01686,5802162.59,7385000,78.14,United States,--,USD,12.98,5.92,1,2048-12-15,4.15,13.22,,5.92,13.22,5.92,USD,2018-08-02,2018-08-02
HCA INC,Consumer Non-Cyclical,Fixed Income,5799079.07,0.01685,5799079.07,6298000,91.02,United States,--,USD,13.06,6.38,1,2055-11-15,5.7,13.32,,6.38,13.32,6.38,USD,2025-10-31,2025-10-31
LYB INTERNATIONAL FINANCE III LLC,Basic Industry,Fixed Income,5799495.05,0.01685,5799495.05,8038000,71.21,United States,--,USD,12.74,6.62,1,2050-05-01,4.2,12.94,,6.62,12.94,6.62,USD,2020-04-20,2020-04-20
MITSUBISHI UFJ FINANCIAL GROUP INC,Banking,Fixed Income,5795177.12,0.01684,5795177.12,5625000,101.06,Japan,--,USD,5.0,5.49,1,2033-09-13,5.47,5.06,,5.39,5.06,5.39,USD,2022-09-13,2022-09-13
ENERGY TRANSFER LP,Energy,Fixed Income,5796125.35,0.01684,5796125.35,6504000,88.12,United States,--,USD,10.97,6.45,1,2045-05-15,5.35,11.12,,6.45,11.12,6.45,USD,2014-11-17,2014-11-17
DOW CHEMICAL CO,Basic Industry,Fixed Income,5796907.3,0.01684,5796907.3,8811000,65.12,United States,--,USD,13.48,6.46,1,2050-11-15,3.6,13.69,,6.46,13.69,6.46,USD,2020-08-26,2020-08-26
ARES CAPITAL CORPORATION,Finance Companies,Fixed Income,5793071.07,0.01683,5793071.07,5900000,96.73,United States,--,USD,4.07,6.05,1,2031-04-12,5.25,4.05,,6.05,4.05,6.05,USD,2026-01-12,2026-01-12
NASDAQ INC,Brokerage/Asset Managers/Exchanges,Fixed Income,5794502.96,0.01683,5794502.96,5902000,97.77,United States,--,USD,14.06,6.25,1,2063-06-28,6.1,14.34,,6.25,14.34,6.25,USD,2023-06-28,2023-06-28
RELX CAPITAL INC,Technology,Fixed Income,5788410.32,0.01682,5788410.32,6178000,93.19,United Kingdom,--,USD,3.52,4.97,1,2030-05-22,3.0,3.54,,4.97,3.54,4.97,USD,2020-05-22,2020-05-22
EASTMAN CHEMICAL CO,Basic Industry,Fixed Income,5785284.63,0.01681,5785284.63,6864000,83.03,United States,--,USD,11.19,6.22,1,2044-10-15,4.65,11.33,,6.22,11.33,6.22,USD,2014-05-15,2014-05-15
DUKE ENERGY CORP,Electric,Fixed Income,5779155.23,0.01679,5779155.23,5699000,100.85,United States,--,USD,6.27,5.32,1,2034-06-15,5.45,6.33,,5.31,6.16,5.31,USD,2024-06-07,2024-06-07
BUNGE FINANCE LTD CORP,Consumer Non-Cyclical,Fixed Income,5780404.9,0.01679,5780404.9,5801000,98.19,United States,--,USD,2.86,4.83,1,2029-09-17,4.2,2.87,,4.83,2.87,4.83,USD,2024-09-17,2024-09-17
RAYTHEON TECHNOLOGIES CORPORATION,Capital Goods,Fixed Income,5774385.66,0.01678,5774385.66,7054000,80.69,United States,--,USD,12.21,5.99,1,2047-04-15,4.35,12.44,,5.99,12.44,5.99,USD,2020-10-15,2020-12-08
XCEL ENERGY INC,Electric,Fixed Income,5771740.21,0.01677,5771740.21,5667000,100.34,United States,--,USD,6.64,5.55,1,2035-04-15,5.6,6.74,,5.55,6.43,5.55,USD,2025-03-21,2025-03-21
PLAINS ALL AMERICAN PIPELINE LP,Energy,Fixed Income,5769024.6,0.01676,5769024.6,5963000,95.41,United States,--,USD,3.7,5.04,1,2030-09-15,3.8,3.72,,5.04,3.72,5.04,USD,2020-06-11,2020-06-11
LYB INTERNATIONAL FINANCE BV,Basic Industry,Fixed Income,5762320.19,0.01674,5762320.19,6658000,86.45,United States,--,USD,10.56,6.59,1,2043-07-15,5.25,10.61,,6.59,10.61,6.59,USD,2013-07-16,2013-07-16
LPL HOLDINGS INC,Brokerage/Asset Managers/Exchanges,Fixed Income,5757200.56,0.01673,5757200.56,5660000,99.88,United States,--,USD,3.21,5.23,1,2030-03-15,5.2,3.23,,5.23,3.23,5.23,USD,2025-02-26,2025-02-26
UTAH ACQUISITION SUB INC,Consumer Non-Cyclical,Fixed Income,5753768.97,0.01672,5753768.97,6945000,82.31,United States,--,USD,11.16,6.9,1,2046-06-15,5.25,11.3,,6.9,11.3,6.9,USD,2016-12-15,2017-01-31
TARGA RESOURCES CORP,Energy,Fixed Income,5753906.03,0.01672,5753906.03,5855000,95.92,United States,--,USD,12.85,6.35,1,2056-05-15,6.05,13.11,,6.35,13.11,6.35,USD,2026-03-02,2026-03-02
CME GROUP INC,Brokerage/Asset Managers/Exchanges,Fixed Income,5753155.68,0.01671,5753155.68,5868000,96.17,United States,--,USD,10.66,5.65,1,2043-09-15,5.3,10.83,,5.65,10.83,5.65,USD,2013-09-09,2013-09-09
TRANSCANADA PIPELINES LTD,Energy,Fixed Income,5748206.11,0.0167,5748206.11,5569000,102.35,Canada,--,USD,9.24,5.85,1,2040-06-01,6.1,9.25,,5.85,9.25,5.85,USD,2010-06-01,2010-06-01
ELEVANCE HEALTH INC,Insurance,Fixed Income,5745572.2,0.01669,5745572.2,9093000,62.61,United States,--,USD,14.07,6.13,1,2050-05-15,3.13,14.29,,6.13,14.29,6.13,USD,2020-05-05,2020-05-05
TAKEDA US FINANCING INC,Consumer Non-Cyclical,Fixed Income,5742006.36,0.01668,5742006.36,5869000,97.59,Japan,--,USD,13.31,6.08,1,2055-07-07,5.9,13.59,,6.08,13.59,6.08,USD,2025-07-02,2025-07-02
INTERNATIONAL BUSINESS MACHINES CO,Technology,Fixed Income,5737669.98,0.01667,5737669.98,6141000,90.71,United States,--,USD,12.7,6.51,1,2056-02-03,5.8,12.94,,6.51,12.94,6.51,USD,2026-02-03,2026-02-03
KRAFT HEINZ FOODS CO,Consumer Non-Cyclical,Fixed Income,5733155.18,0.01666,5733155.18,6417000,88.56,United States,--,USD,12.17,6.44,1,2050-06-01,5.5,12.4,,6.44,12.4,6.44,USD,2020-12-01,2021-01-19
SALESFORCE INC,Technology,Fixed Income,5733830.44,0.01666,5733830.44,10825000,52.91,United States,--,USD,15.7,6.46,1,2061-07-15,3.05,15.95,,6.46,15.95,6.46,USD,2021-07-12,2021-07-12
OWENS CORNING,Capital Goods,Fixed Income,5735887.43,0.01666,5735887.43,5615000,101.57,United States,--,USD,6.23,5.45,1,2034-06-15,5.7,6.27,,5.45,6.11,5.45,USD,2024-05-31,2024-05-31
SAN DIEGO GAS & ELECTRIC CO,Electric,Fixed Income,5731552.79,0.01665,5731552.79,6480000,87.93,United States,--,USD,3.94,4.92,1,2030-10-01,1.7,3.93,,4.92,3.93,4.92,USD,2020-09-28,2020-09-28
ARES STRATEGIC INCOME FUND,Finance Companies,Fixed Income,5723615.47,0.01663,5723615.47,5689000,98.17,United States,--,USD,3.12,6.18,1,2030-02-15,5.6,3.1,,6.18,3.1,6.18,USD,2025-02-15,2025-05-23
LYB INTERNATIONAL FINANCE III LLC,Basic Industry,Fixed Income,5725202.79,0.01663,5725202.79,5683000,98.59,United States,--,USD,5.97,5.73,1,2034-03-01,5.5,6.0,,5.73,6.0,5.73,USD,2024-02-28,2024-02-28
BROOKFIELD FINANCE INC,Brokerage/Asset Managers/Exchanges,Fixed Income,5725487.01,0.01663,5725487.01,5794000,97.65,Canada,--,USD,3.3,5.05,1,2030-04-15,4.35,3.36,,5.05,3.36,5.05,USD,2020-04-09,2020-04-09
BLACKSTONE PRIVATE CREDIT FUND,Finance Companies,Fixed Income,5717857.86,0.01661,5717857.86,5764000,97.79,United States,--,USD,4.08,6.49,1,2031-05-15,5.95,4.06,,6.49,4.06,6.49,USD,2026-04-27,2026-04-27
CATERPILLAR INC,Capital Goods,Fixed Income,5714530.1,0.0166,5714530.1,8260000,68.25,United States,--,USD,14.15,5.71,1,2050-04-09,3.25,14.4,,5.71,14.4,5.71,USD,2020-04-09,2020-04-09
BLUE OWL CREDIT INCOME CORP,Finance Companies,Fixed Income,5715498.17,0.0166,5715498.17,5571000,100.27,United States,--,USD,2.75,6.5,1,2029-09-15,6.6,2.74,,6.5,2.67,6.5,USD,2025-03-15,2025-04-30
SOUTHERN CALIFORNIA EDISON CO,Electric,Fixed Income,5705379.31,0.01658,5705379.31,6818000,82.25,United States,--,USD,10.77,6.36,1,2043-10-01,4.65,10.88,,6.36,10.88,6.36,USD,2013-10-02,2013-10-02
DEVON ENERGY CORPORATION,Energy,Fixed Income,5705687.27,0.01658,5705687.27,6518000,87.02,United States,--,USD,11.33,6.17,1,2045-06-15,5.0,11.5,,6.17,11.5,6.17,USD,2015-06-16,2015-06-16
CATERPILLAR FINANCIAL SERVICES COR MTN,Capital Goods,Fixed Income,5706716.25,0.01658,5706716.25,5644000,100.24,United States,--,USD,3.02,4.62,1,2029-11-15,4.7,3.01,,4.62,3.01,4.62,USD,2024-11-15,2024-11-15
TARGA RESOURCES CORP,Energy,Fixed Income,5706807.0,0.01658,5706807.0,5556000,100.25,United States,--,USD,7.12,5.62,1,2036-02-15,5.65,7.14,,5.62,7.14,5.62,USD,2025-06-18,2025-06-18
COMCAST CORPORATION,Communications,Fixed Income,5703571.09,0.01657,5703571.09,7013000,81.27,United States,--,USD,8.19,5.69,1,2036-07-15,3.2,8.2,,5.69,8.2,5.69,USD,2016-07-19,2016-07-19
AMERICAN TOWER CORPORATION,Communications,Fixed Income,5700142.93,0.01656,5700142.93,9083000,62.44,United States,--,USD,14.19,6.11,1,2050-06-15,3.1,14.42,,6.11,14.42,6.11,USD,2020-06-03,2020-06-03
NIKE INC,Consumer Cyclical,Fixed Income,5696565.0,0.01655,5696565.0,7326000,76.89,United States,--,USD,12.17,5.9,1,2045-11-01,3.88,12.35,,5.9,12.35,5.9,USD,2015-10-29,2015-10-29
AMERICAN ELECTRIC POWER COMPANY IN,Electric,Fixed Income,5698185.2,0.01655,5698185.2,5446000,102.43,United States,--,USD,5.3,5.19,1,2033-03-01,5.63,5.37,,5.17,5.2,5.17,USD,2023-03-01,2023-03-01
HALEON US CAPITAL LLC,Consumer Non-Cyclical,Fixed Income,5691735.79,0.01654,5691735.79,7450000,75.09,United States,--,USD,13.78,5.89,1,2052-03-24,4.0,14.04,,5.89,14.04,5.89,USD,2022-09-24,2022-11-02
US BANCORP MTN,Banking,Fixed Income,5682920.65,0.01651,5682920.65,5730000,96.72,United States,--,USD,7.11,5.43,1,2037-01-26,5.03,7.25,,5.43,7.25,5.43,USD,2026-01-26,2026-01-26
LOCKHEED MARTIN CORPORATION,Capital Goods,Fixed Income,5681095.31,0.0165,5681095.31,9318000,60.68,United States,--,USD,14.7,5.89,1,2050-06-15,2.8,14.94,,5.89,14.94,5.89,USD,2020-05-20,2020-05-20
OREILLY AUTOMOTIVE INC,Consumer Cyclical,Fixed Income,5672497.04,0.01648,5672497.04,5752000,96.78,United States,--,USD,7.33,5.54,1,2036-03-12,5.1,7.35,,5.54,7.35,5.54,USD,2026-03-12,2026-03-12
ARTHUR J GALLAGHER & CO,Insurance,Fixed Income,5673070.74,0.01648,5673070.74,8435000,66.65,United States,--,USD,13.95,6.13,1,2051-05-20,3.5,14.18,,6.13,14.18,6.13,USD,2021-05-20,2021-05-20
KINDER MORGAN INC,Energy,Fixed Income,5667830.59,0.01647,5667830.59,6389000,87.84,United States,--,USD,4.24,5.01,1,2031-02-15,2.0,4.22,,5.01,4.22,5.01,USD,2020-08-05,2020-08-05
WEYERHAEUSER COMPANY,Basic Industry,Fixed Income,5668052.65,0.01647,5668052.65,5786000,97.22,United States,--,USD,2.99,4.92,1,2029-11-15,4.0,3.04,,4.92,3.04,4.92,USD,2019-02-25,2019-02-25
NASDAQ INC,Brokerage/Asset Managers/Exchanges,Fixed Income,5668639.54,0.01647,5668639.54,5658000,97.59,United States,--,USD,12.6,6.13,1,2053-08-15,5.95,12.86,,6.13,12.86,6.13,USD,2023-06-28,2023-06-28
DUKE ENERGY CORP,Electric,Fixed Income,5664662.25,0.01646,5664662.25,5648000,98.14,United States,--,USD,12.52,6.24,1,2053-09-15,6.1,12.78,,6.24,12.78,6.24,USD,2023-09-08,2023-09-08
AMERICAN HONDA FINANCE CORPORATION MTN,Consumer Cyclical,Fixed Income,5666759.82,0.01646,5666759.82,5657000,98.5,United States,--,USD,2.84,4.92,1,2029-09-05,4.4,2.83,,4.92,2.83,4.92,USD,2024-09-05,2024-09-05
STRYKER CORPORATION,Consumer Non-Cyclical,Fixed Income,5654164.43,0.01643,5654164.43,5650000,98.53,United States,--,USD,2.84,4.76,1,2029-09-11,4.25,2.86,,4.76,2.86,4.76,USD,2024-09-11,2024-09-11
ENTERPRISE PRODUCTS OPERATING LLC,Energy,Fixed Income,5654474.83,0.01643,5654474.83,7812000,70.49,United States,--,USD,14.89,6.0,1,2060-01-31,3.95,15.17,,6.0,15.17,6.0,USD,2020-01-15,2020-01-15
REALTY INCOME CORPORATION,Reits,Fixed Income,5646838.58,0.01641,5646838.58,5713000,97.46,United States,--,USD,5.57,5.2,1,2033-04-15,4.75,5.6,,5.2,5.6,5.2,USD,2026-04-07,2026-04-07
MOTOROLA SOLUTIONS INC,Technology,Fixed Income,5648584.35,0.01641,5648584.35,6250000,89.93,United States,--,USD,4.42,5.12,1,2031-05-24,2.75,4.41,,5.12,4.41,5.12,USD,2021-05-24,2021-05-24
RAYMOND JAMES FINANCIAL INC.,Brokerage/Asset Managers/Exchanges,Fixed Income,5644238.96,0.0164,5644238.96,5927000,93.17,United States,--,USD,13.13,6.16,1,2055-09-11,5.65,13.4,,6.16,13.4,6.16,USD,2025-09-11,2025-09-11
ROYALTY PHARMA PLC,Consumer Non-Cyclical,Fixed Income,5646671.06,0.0164,5646671.06,6239000,89.65,United States,--,USD,3.82,5.02,1,2030-09-02,2.2,3.81,,5.02,3.81,5.02,USD,2021-03-02,2021-08-03
AT&T INC,Communications,Fixed Income,5640193.8,0.01639,5640193.8,9076000,60.58,United States,--,USD,13.8,6.48,1,2052-02-01,3.3,14.0,,6.48,14.0,6.48,USD,2020-08-04,2020-08-04
APOLLO GLOBAL MANAGEMENT INC,Brokerage/Asset Managers/Exchanges,Fixed Income,5640277.47,0.01639,5640277.47,6027000,92.6,United States,--,USD,12.8,6.37,1,2054-05-21,5.8,13.06,,6.37,13.06,6.37,USD,2024-05-21,2024-05-21
NORTHERN STATES POWER COMPANY (MIN,Electric,Fixed Income,5637126.51,0.01638,5637126.51,6338000,87.99,United States,--,USD,13.28,6.01,1,2053-05-15,5.1,13.55,,6.01,13.55,6.01,USD,2023-05-08,2023-05-08
AMERICAN TOWER CORPORATION,Communications,Fixed Income,5637233.01,0.01638,5637233.01,6271000,89.68,United States,--,USD,3.66,5.05,1,2030-06-15,2.1,3.65,,5.05,3.65,5.05,USD,2020-06-03,2020-06-03
KENVUE INC,Consumer Non-Cyclical,Fixed Income,5638099.85,0.01638,5638099.85,6335000,87.27,United States,--,USD,14.44,6.07,1,2063-03-22,5.2,14.73,,6.07,14.73,6.07,USD,2023-09-22,2023-10-17
BANK OF NOVA SCOTIA MTN,Banking,Fixed Income,5638163.0,0.01638,5638163.0,6356000,87.55,Canada,--,USD,5.0,5.06,1,2032-02-02,2.45,4.98,,5.06,4.98,5.06,USD,2022-01-10,2022-01-10
LOCKHEED MARTIN CORPORATION,Capital Goods,Fixed Income,5617401.17,0.01632,5617401.17,5624000,98.78,United States,--,USD,14.44,5.98,1,2063-11-15,5.9,14.74,,5.98,14.74,5.98,USD,2022-10-24,2022-10-24
LAM RESEARCH CORPORATION,Technology,Fixed Income,5617801.87,0.01632,5617801.87,6249000,89.7,United States,--,USD,3.68,4.83,1,2030-06-15,1.9,3.67,,4.83,3.67,4.83,USD,2020-05-05,2020-05-05
PFIZER INC,Consumer Non-Cyclical,Fixed Income,5612329.27,0.01631,5612329.27,9356000,59.58,United States,--,USD,14.8,5.87,1,2050-05-28,2.7,15.03,,5.87,15.03,5.87,USD,2020-05-28,2020-05-28
COMMONWEALTH EDISON COMPANY,Electric,Fixed Income,5609341.04,0.0163,5609341.04,7256000,75.74,United States,--,USD,12.62,6.02,1,2048-03-01,4.0,12.84,,6.02,12.84,6.02,USD,2018-02-20,2018-02-20
PHILLIPS 66,Energy,Fixed Income,5609561.8,0.0163,5609561.8,8665000,63.57,United States,--,USD,14.2,6.14,1,2052-03-15,3.3,14.43,,6.14,14.43,6.14,USD,2021-11-15,2021-11-15
STATE STREET CORP,Banking,Fixed Income,5609842.08,0.0163,5609842.08,6284000,88.42,United States,--,USD,4.26,5.04,1,2031-03-03,2.2,4.25,,5.04,4.25,5.04,USD,2021-03-03,2021-03-03
UNITEDHEALTH GROUP INC,Insurance,Fixed Income,5606565.07,0.01629,5606565.07,5886000,95.16,United States,--,USD,7.23,5.31,1,2035-07-15,4.63,7.21,,5.31,7.21,5.31,USD,2015-07-23,2015-07-23
SEMPRA,Natural Gas,Fixed Income,5602891.79,0.01628,5602891.79,7469000,73.12,United States,--,USD,12.38,6.3,1,2048-02-01,4.0,12.58,,6.3,12.58,6.3,USD,2018-01-12,2018-01-12
GENERAL MILLS INC,Consumer Non-Cyclical,Fixed Income,5603034.9,0.01628,5603034.9,5539000,98.65,United States,--,USD,6.58,5.45,1,2035-01-30,5.25,6.61,,5.45,6.61,5.45,USD,2024-11-21,2024-11-21
PRUDENTIAL FINANCIAL INC MTN,Insurance,Fixed Income,5603543.31,0.01628,5603543.31,6529000,84.97,United States,--,USD,11.27,5.98,1,2044-05-15,4.6,11.37,,5.98,11.37,5.98,USD,2014-05-15,2014-05-15
CROWN CASTLE INC,Communications,Fixed Income,5598728.97,0.01627,5598728.97,6359000,88.0,United States,--,USD,4.58,5.27,1,2031-07-15,2.5,4.57,,5.27,4.57,5.27,USD,2021-06-29,2021-06-29
JOHNSON & JOHNSON,Consumer Non-Cyclical,Fixed Income,5600860.62,0.01627,5600860.62,7659000,73.06,United States,--,USD,13.41,5.69,1,2048-01-15,3.5,13.65,,5.69,13.65,5.69,USD,2017-11-10,2017-11-10
SYSCO CORPORATION,Consumer Non-Cyclical,Fixed Income,5598042.63,0.01626,5598042.63,5345000,102.9,United States,--,USD,3.12,5.08,1,2030-04-01,5.95,3.23,,5.02,3.04,5.02,USD,2020-04-02,2020-04-02
PACIFIC GAS AND ELECTRIC CO,Electric,Fixed Income,5598105.87,0.01626,5598105.87,7810000,71.12,United States,--,USD,12.5,6.46,1,2047-12-01,3.95,12.69,,6.46,12.69,6.46,USD,2017-11-29,2018-05-14
HOST HOTELS & RESORTS LP,Reits,Fixed Income,5586709.84,0.01623,5586709.84,5883000,93.73,United States,--,USD,3.73,5.2,1,2030-09-15,3.5,3.74,,5.2,3.74,5.2,USD,2020-08-20,2020-08-20
CHENIERE ENERGY INC 144A,Energy,Fixed Income,5587136.21,0.01623,5587136.21,5647000,96.89,United States,--,USD,13.05,6.23,1,2056-07-30,6.0,13.32,,6.23,13.32,6.23,USD,2026-03-19,2026-03-19
TOYOTA MOTOR CREDIT CORP MTN,Consumer Cyclical,Fixed Income,5564256.26,0.01617,5564256.26,5573000,98.54,United States,--,USD,4.53,4.92,1,2031-10-10,4.6,4.52,,4.92,4.52,4.92,USD,2024-10-10,2024-10-10
ELEVANCE HEALTH INC,Insurance,Fixed Income,5564591.04,0.01617,5564591.04,6701000,81.26,United States,--,USD,12.18,6.13,1,2048-03-01,4.55,12.4,,6.13,12.4,6.13,USD,2018-03-02,2018-03-02
JBS USA LUX SA,Consumer Non-Cyclical,Fixed Income,5567518.22,0.01617,5567518.22,7512000,72.05,Brazil,--,USD,12.73,6.67,1,2052-02-02,4.38,12.94,,6.67,12.94,6.67,USD,2023-08-02,2023-08-21
UNITEDHEALTH GROUP INC,Insurance,Fixed Income,5562358.27,0.01616,5562358.27,7063000,78.67,United States,--,USD,12.38,6.03,1,2047-01-15,4.2,12.6,,6.03,12.6,6.03,USD,2016-12-20,2016-12-20
GOLDMAN SACHS PRIVATE CREDIT CORP 144A,Finance Companies,Fixed Income,5556193.23,0.01614,5556193.23,5525000,99.01,United States,--,USD,4.13,6.38,1,2031-06-16,6.15,4.11,,6.38,4.11,6.38,USD,2026-04-21,2026-04-21
BHP BILLITON FINANCE (USA) LTD,Basic Industry,Fixed Income,5556843.63,0.01614,5556843.63,5396000,100.83,Australia,--,USD,4.68,5.01,1,2032-02-21,5.13,4.71,,5.01,4.58,5.01,USD,2025-02-21,2025-02-21
EQT CORP,Energy,Fixed Income,5547301.22,0.01612,5547301.22,5331000,101.33,United States,--,USD,5.86,5.53,1,2034-02-01,5.75,5.9,,5.53,5.74,5.53,USD,2024-01-19,2024-01-19
ELI LILLY AND COMPANY,Consumer Non-Cyclical,Fixed Income,5543878.91,0.01611,5543878.91,10044000,54.78,United States,--,USD,15.48,5.76,1,2050-05-15,2.25,15.7,,5.76,15.7,5.76,USD,2020-05-05,2020-05-05
AUGUSTA SPINCO CORP,Consumer Non-Cyclical,Fixed Income,5540493.57,0.0161,5540493.57,5553000,98.24,United States,--,USD,4.07,5.08,1,2031-03-23,4.66,4.08,,5.08,4.08,5.08,USD,2026-03-23,2026-03-23
METLIFE INC,Insurance,Fixed Income,5534478.89,0.01608,5534478.89,6861000,79.08,United States,--,USD,11.76,5.92,1,2045-03-01,4.05,11.88,,5.92,11.88,5.92,USD,2015-03-05,2015-03-05
PROGRESSIVE CORPORATION (THE),Insurance,Fixed Income,5524444.72,0.01605,5524444.72,6956000,78.31,United States,--,USD,12.38,5.96,1,2047-04-15,4.13,12.6,,5.96,12.6,5.96,USD,2017-04-06,2017-04-06
AES CORPORATION (THE),Electric,Fixed Income,5519890.24,0.01604,5519890.24,5374000,100.67,United States,--,USD,4.65,5.66,1,2032-03-15,5.8,4.67,,5.66,4.55,5.66,USD,2025-03-20,2025-03-20
CONSOLIDATED EDISON COMPANY OF NEW,Electric,Fixed Income,5522002.16,0.01604,5522002.16,6822000,80.29,United States,--,USD,13.81,6.09,1,2054-12-01,4.63,14.08,,6.09,14.08,6.09,USD,2014-11-24,2014-11-24
GENERAL MOTORS CO,Consumer Cyclical,Fixed Income,5517682.76,0.01603,5517682.76,5371000,101.28,United States,--,USD,2.83,4.96,1,2029-10-15,5.4,2.9,,4.95,2.76,4.95,USD,2022-08-02,2022-08-02
Kaiser Permanente,Consumer Non-Cyclical,Fixed Income,5517694.54,0.01603,5517694.54,7634000,71.88,United States,--,USD,11.22,5.63,1,2041-06-01,2.81,11.28,,5.63,11.28,5.63,USD,2021-06-15,2021-06-15
CSX CORP,Transportation,Fixed Income,5506346.06,0.016,5506346.06,6701000,81.33,United States,--,USD,13.64,5.91,1,2052-11-15,4.5,13.91,,5.91,13.91,5.91,USD,2022-07-28,2022-07-28
RAYTHEON TECHNOLOGIES CORPORATION,Capital Goods,Fixed Income,5502337.26,0.01599,5502337.26,9054000,59.67,United States,--,USD,14.78,5.93,1,2051-09-01,2.82,15.01,,5.93,15.01,5.93,USD,2021-08-10,2021-08-10
UBS AG (STAMFORD BRANCH) MTN,Banking,Fixed Income,5504321.81,0.01599,5504321.81,5510000,99.21,Switzerland,--,USD,3.05,4.82,1,2030-11-29,4.68,3.04,,4.82,3.05,4.82,USD,2026-05-29,2026-05-29
EQUINOR ASA,Owned No Guarantee,Fixed Income,5505069.04,0.01599,5505069.04,5500000,99.39,Norway,--,USD,6.95,5.21,1,2035-06-03,5.13,7.0,,5.21,7.0,5.21,USD,2025-06-03,2025-06-03
CITIZENS FINANCIAL GROUP INC,Banking,Fixed Income,5501791.29,0.01598,5501791.29,5107000,106.12,United States,--,USD,5.86,5.69,1,2035-04-25,6.64,5.98,,5.66,5.98,5.66,USD,2024-04-25,2024-04-25
CITIGROUP INC,Banking,Fixed Income,5497431.25,0.01597,5497431.25,6371000,83.98,United States,--,USD,12.3,5.97,1,2048-07-23,4.65,12.48,,5.97,12.48,5.97,USD,2018-07-23,2018-07-23
INTERNATIONAL BUSINESS MACHINES CO,Technology,Fixed Income,5498371.95,0.01597,5498371.95,6657000,80.21,United States,--,USD,12.62,6.48,1,2052-07-27,4.9,12.84,,6.48,12.84,6.48,USD,2022-07-27,2022-07-27
BECTON DICKINSON AND COMPANY,Consumer Non-Cyclical,Fixed Income,5492354.6,0.01596,5492354.6,5897000,92.65,United States,--,USD,3.53,4.95,1,2030-05-20,2.82,3.54,,4.95,3.54,4.95,USD,2020-05-20,2020-05-20
SHELL FINANCE US INC,Energy,Fixed Income,5493742.19,0.01596,5493742.19,5462000,98.79,United States,--,USD,9.3,5.63,1,2040-03-25,5.5,9.33,,5.63,9.33,5.63,USD,2026-03-25,2026-07-08
UNITEDHEALTH GROUP INC,Insurance,Fixed Income,5490387.33,0.01595,5490387.33,6526000,82.63,United States,--,USD,10.92,5.9,1,2043-03-15,4.25,11.04,,5.9,11.04,5.9,USD,2013-02-28,2013-02-28
AUGUSTA SPINCO CORP,Consumer Non-Cyclical,Fixed Income,5483873.75,0.01593,5483873.75,5488000,98.29,United States,--,USD,5.49,5.25,1,2033-03-23,4.95,5.52,,5.25,5.52,5.25,USD,2026-03-23,2026-03-23
KEURIG DR PEPPER INC,Consumer Non-Cyclical,Fixed Income,5477632.77,0.01591,5477632.77,7836000,69.05,United States,--,USD,13.25,6.34,1,2050-05-01,3.8,13.46,,6.34,13.46,6.34,USD,2020-04-13,2020-04-13
EXXON MOBIL CORP,Energy,Fixed Income,5477659.17,0.01591,5477659.17,6965000,77.35,United States,--,USD,10.05,5.44,1,2039-08-16,3.0,10.09,,5.44,10.09,5.44,USD,2019-08-16,2019-08-16
DH EUROPE FINANCE II SARL,Consumer Non-Cyclical,Fixed Income,5458222.53,0.01586,5458222.53,7960000,67.94,United States,--,USD,13.78,5.96,1,2049-11-15,3.4,14.01,,5.96,14.01,5.96,USD,2019-11-07,2019-11-07
FLORIDA POWER & LIGHT CO,Electric,Fixed Income,5458571.13,0.01586,5458571.13,7053000,75.85,United States,--,USD,12.7,5.95,1,2048-03-01,3.95,12.92,,5.95,12.92,5.95,USD,2018-02-28,2018-02-28
AMERICAN TOWER CORPORATION,Communications,Fixed Income,5460827.67,0.01586,5460827.67,9060000,60.22,United States,--,USD,14.59,6.1,1,2051-01-15,2.95,14.81,,6.1,14.81,6.1,USD,2020-11-20,2020-11-20
COMCAST CORPORATION,Communications,Fixed Income,5454914.6,0.01585,5454914.6,8046000,66.89,United States,--,USD,13.21,6.76,1,2052-11-01,4.05,13.42,,6.76,13.42,6.76,USD,2017-10-19,2017-12-14
WESTINGHOUSE AIR BRAKE TECHNOLOGIE,Capital Goods,Fixed Income,5455266.34,0.01585,5455266.34,5391000,100.38,United States,--,USD,6.84,5.44,1,2035-05-29,5.5,6.89,,5.44,6.73,5.44,USD,2025-05-29,2025-05-29
APPLE INC,Technology,Fixed Income,5455424.86,0.01585,5455424.86,9651000,55.51,United States,--,USD,15.11,5.88,1,2050-08-20,2.4,15.32,,5.88,15.32,5.88,USD,2020-08-20,2020-08-20
EASTMAN CHEMICAL COMPANY,Basic Industry,Fixed Income,5453293.25,0.01584,5453293.25,5323000,100.07,United States,--,USD,2.69,4.97,1,2029-08-01,5.0,2.71,,4.97,2.71,4.97,USD,2024-08-01,2024-08-01
VICI PROPERTIES LP,Consumer Cyclical,Fixed Income,5453321.21,0.01584,5453321.21,6057000,88.99,United States,--,USD,12.41,6.51,1,2052-05-15,5.63,12.64,,6.51,12.64,6.51,USD,2022-04-29,2022-04-29
PFIZER INC,Consumer Non-Cyclical,Fixed Income,5449462.93,0.01583,5449462.93,6494000,83.47,United States,--,USD,11.2,5.85,1,2043-06-15,4.3,11.27,,5.85,11.27,5.85,USD,2013-06-03,2013-06-03
Kaiser Permanente,Consumer Non-Cyclical,Fixed Income,5443309.67,0.01581,5443309.67,8616000,62.75,United States,--,USD,14.71,5.87,1,2051-06-01,3.0,14.96,,5.87,14.96,5.87,USD,2021-06-15,2021-06-15
FIDELITY NATIONAL INFORMATION SERV,Technology,Fixed Income,5436824.04,0.0158,5436824.04,7540000,70.89,United States,--,USD,10.67,6.15,1,2041-03-01,3.1,10.7,,6.15,10.7,6.15,USD,2021-03-02,2021-03-02
GLP CAPITAL LP,Consumer Cyclical,Fixed Income,5436860.69,0.0158,5436860.69,6127000,88.67,United States,--,USD,4.91,5.68,1,2032-01-15,3.25,4.89,,5.68,4.89,5.68,USD,2021-12-13,2021-12-13
LOCKHEED MARTIN CORPORATION,Capital Goods,Fixed Income,5437686.0,0.0158,5437686.0,7096000,76.2,United States,--,USD,14.06,5.93,1,2053-06-15,4.15,14.33,,5.93,14.33,5.93,USD,2022-05-05,2022-05-05
PHILIP MORRIS INTERNATIONAL INC,Consumer Non-Cyclical,Fixed Income,5439680.73,0.0158,5439680.73,6067000,88.75,United States,--,USD,10.98,5.92,1,2043-11-15,4.88,11.07,,5.92,11.07,5.92,USD,2013-11-12,2013-11-12
SIXTH STREET LENDING PARTNERS,Finance Companies,Fixed Income,5433833.64,0.01579,5433833.64,5427000,100.01,United States,--,USD,3.48,6.12,1,2030-07-15,6.13,3.48,,6.12,3.48,6.12,USD,2025-07-15,2025-12-24
METLIFE INC,Insurance,Fixed Income,5436089.03,0.01579,5436089.03,6372000,84.43,United States,--,USD,11.87,5.95,1,2046-05-13,4.6,12.07,,5.95,12.07,5.95,USD,2015-11-13,2015-11-13
CARDINAL HEALTH INC,Consumer Non-Cyclical,Fixed Income,5429227.74,0.01577,5429227.74,5359000,100.38,United States,--,USD,2.97,4.87,1,2029-11-15,5.0,3.0,,4.87,2.93,4.87,USD,2024-11-22,2024-11-22
COMCAST CORPORATION,Communications,Fixed Income,5423297.43,0.01576,5423297.43,7605000,69.57,United States,--,USD,12.04,6.72,1,2047-08-15,4.0,12.21,,6.72,12.21,6.72,USD,2017-08-07,2017-08-07
ARES STRATEGIC INCOME FUND,Finance Companies,Fixed Income,5417831.53,0.01574,5417831.53,5372000,98.77,United States,--,USD,4.66,6.46,1,2032-03-21,6.2,4.61,,6.46,4.61,6.46,USD,2025-03-21,2025-05-23
BLACKSTONE PRIVATE CREDIT FUND,Finance Companies,Fixed Income,5407708.14,0.01571,5407708.14,5622000,95.19,United States,--,USD,6.37,6.76,1,2034-11-22,6.0,6.35,,6.76,6.35,6.76,USD,2024-11-22,2025-05-16
RAYTHEON TECHNOLOGIES CORPORATION,Capital Goods,Fixed Income,5408179.68,0.01571,5408179.68,7222000,74.04,United States,--,USD,12.54,5.98,1,2046-11-01,3.75,12.74,,5.98,12.74,5.98,USD,2016-11-01,2016-11-01
VERIZON COMMUNICATIONS INC,Communications,Fixed Income,5409110.82,0.01571,5409110.82,7540000,70.22,United States,--,USD,13.56,6.21,1,2052-03-01,3.88,13.79,,6.21,13.79,6.21,USD,2022-03-01,2022-03-01
TEXAS INSTRUMENTS INC,Technology,Fixed Income,5403328.6,0.0157,5403328.6,5752000,93.08,United States,--,USD,2.93,4.66,1,2029-09-04,2.25,2.93,,4.66,2.93,4.66,USD,2019-09-04,2019-09-04
TOTALENERGIES CAPITAL INTERNATIONA,Energy,Fixed Income,5399112.43,0.01569,5399112.43,7856000,68.63,France,--,USD,13.71,5.99,1,2049-07-12,3.46,13.94,,5.99,13.94,5.99,USD,2019-07-10,2019-07-10
PHILIP MORRIS INTERNATIONAL INC,Consumer Non-Cyclical,Fixed Income,5384659.99,0.01564,5384659.99,6475000,81.58,United States,--,USD,11.02,5.88,1,2043-03-04,4.13,11.09,,5.88,11.09,5.88,USD,2013-03-04,2013-03-04
PNC BANK NA,Banking,Fixed Income,5380896.96,0.01563,5380896.96,5726000,93.3,United States,--,USD,3.04,4.96,1,2029-10-22,2.7,3.03,,4.96,3.03,4.96,USD,2019-10-22,2019-10-22
BOSTON PROPERTIES LP,Reits,Fixed Income,5368410.3,0.0156,5368410.3,5376000,99.75,United States,--,USD,6.6,5.79,1,2035-01-15,5.75,6.63,,5.79,6.63,5.79,USD,2024-08-26,2024-08-26
CSX CORP,Transportation,Fixed Income,5368726.32,0.0156,5368726.32,7062000,75.17,United States,--,USD,12.53,5.92,1,2046-11-01,3.8,12.74,,5.92,12.74,5.92,USD,2016-10-18,2016-10-18
AGILENT TECHNOLOGIES INC,Consumer Non-Cyclical,Fixed Income,5369166.22,0.0156,5369166.22,5976000,89.01,United States,--,USD,4.26,4.98,1,2031-03-12,2.3,4.26,,4.98,4.26,4.98,USD,2021-03-12,2021-03-12
AMERICAN WATER CAPITAL CORP,Utility Other,Fixed Income,5359560.03,0.01557,5359560.03,5470000,97.35,United States,--,USD,5.01,4.98,1,2032-06-01,4.45,5.05,,4.98,5.05,4.98,USD,2022-05-05,2022-05-05
UNIVERSAL HEALTH SERVICES INC,Consumer Non-Cyclical,Fixed Income,5354396.0,0.01556,5354396.0,5946000,89.34,United States,--,USD,3.89,5.51,1,2030-10-15,2.65,3.88,,5.51,3.88,5.51,USD,2022-10-15,2022-12-29
PUBLIC SERVICE COMPANY OF COLORADO,Electric,Fixed Income,5351327.32,0.01555,5351327.32,5539000,95.54,United States,--,USD,13.06,6.08,1,2054-05-15,5.75,13.34,,6.08,13.34,6.08,USD,2024-04-04,2024-04-04
NUTRIEN LTD,Basic Industry,Fixed Income,5340497.1,0.01552,5340497.1,6108000,85.89,Canada,--,USD,12.23,6.16,1,2049-04-01,5.0,12.46,,6.16,12.46,6.16,USD,2019-04-01,2019-04-01
ALTRIA GROUP INC,Consumer Non-Cyclical,Fixed Income,5342742.34,0.01552,5342742.34,7800000,66.63,United States,--,USD,14.42,6.41,1,2061-02-04,4.0,14.67,,6.41,14.67,6.41,USD,2021-02-04,2021-02-04
MASTERCARD INC,Technology,Fixed Income,5328388.22,0.01548,5328388.22,7325000,72.23,United States,--,USD,13.51,5.87,1,2049-06-01,3.65,13.75,,5.87,13.75,5.87,USD,2019-05-31,2019-05-31
HOME DEPOT INC,Consumer Cyclical,Fixed Income,5313507.41,0.01544,5313507.41,9624000,54.37,United States,--,USD,15.32,5.92,1,2051-03-15,2.38,15.54,,5.92,15.54,5.92,USD,2021-01-07,2021-01-07
QUALCOMM INCORPORATED,Technology,Fixed Income,5315047.39,0.01544,5315047.39,8083000,65.2,United States,--,USD,14.03,6.02,1,2050-05-20,3.25,14.26,,6.02,14.26,6.02,USD,2020-05-08,2020-05-08
WILLIS NORTH AMERICA INC,Insurance,Fixed Income,5315645.68,0.01544,5315645.68,5423000,95.78,United States,--,USD,12.69,6.22,1,2054-03-05,5.9,12.95,,6.22,12.95,6.22,USD,2024-03-05,2024-03-05
LABORATORY CORPORATION OF AMERICA,Consumer Non-Cyclical,Fixed Income,5310511.58,0.01543,5310511.58,5966000,86.78,United States,--,USD,11.27,5.88,1,2045-02-01,4.7,11.44,,5.88,11.44,5.88,USD,2015-01-30,2015-01-30
PRUDENTIAL FINANCIAL INC,Insurance,Fixed Income,5312156.56,0.01543,5312156.56,7112000,74.2,United States,--,USD,12.77,6.08,1,2047-12-07,3.9,12.98,,6.08,12.98,6.08,USD,2017-12-07,2018-05-03
AMERIPRISE FINANCIAL INC,Brokerage/Asset Managers/Exchanges,Fixed Income,5306087.07,0.01542,5306087.07,5319000,98.36,United States,--,USD,6.79,5.44,1,2035-04-15,5.2,6.83,,5.44,6.83,5.44,USD,2025-02-28,2025-02-28
UNION PACIFIC CORPORATION,Transportation,Fixed Income,5309248.51,0.01542,5309248.51,5672000,92.49,United States,--,USD,3.29,4.73,1,2030-02-05,2.4,3.29,,4.73,3.29,4.73,USD,2020-01-31,2020-01-31
MONDELEZ INTERNATIONAL INC,Consumer Non-Cyclical,Fixed Income,5303236.43,0.01541,5303236.43,5828000,89.95,United States,--,USD,5.02,5.07,1,2032-03-17,3.0,5.03,,5.07,5.03,5.07,USD,2022-03-17,2022-03-17
ELEVANCE HEALTH INC,Insurance,Fixed Income,5293322.8,0.01538,5293322.8,5290000,98.42,United States,--,USD,12.44,6.22,1,2052-10-15,6.1,12.69,,6.22,12.69,6.22,USD,2022-11-04,2022-11-04
WELLTOWER OP LLC,Reits,Fixed Income,5284784.78,0.01535,5284784.78,5591000,94.46,United States,--,USD,3.23,4.85,1,2030-01-15,3.1,3.24,,4.85,3.24,4.85,USD,2019-08-19,2019-08-19
COCA-COLA CO,Consumer Non-Cyclical,Fixed Income,5273367.91,0.01532,5273367.91,5613000,93.15,United States,--,USD,2.95,4.5,1,2029-09-06,2.13,2.94,,4.5,2.94,4.5,USD,2019-09-06,2019-09-06
TOYOTA MOTOR CREDIT CORP MTN,Consumer Cyclical,Fixed Income,5274842.86,0.01532,5274842.86,5407000,97.42,United States,--,USD,4.02,4.85,1,2031-01-10,4.2,4.01,,4.85,4.01,4.85,USD,2026-01-12,2026-01-12
BLACKSTONE REG FINANCE CO LLC,Brokerage/Asset Managers/Exchanges,Fixed Income,5270478.61,0.01531,5270478.61,5397000,97.02,United States,--,USD,6.66,5.45,1,2034-12-06,5.0,6.69,,5.45,6.69,5.45,USD,2024-12-06,2024-12-06
UNION PACIFIC CORPORATION,Transportation,Fixed Income,5266217.4,0.0153,5266217.4,7161000,72.37,United States,--,USD,13.83,5.92,1,2051-10-01,3.8,14.08,,5.92,14.08,5.92,USD,2016-10-04,2016-12-19
VIRGINIA ELECTRIC AND POWER COMPAN,Electric,Fixed Income,5263404.92,0.01529,5263404.92,5636000,91.71,United States,--,USD,12.91,6.08,1,2053-04-01,5.45,13.17,,6.08,13.17,6.08,USD,2023-03-30,2023-03-30
MICROSOFT CORPORATION,Technology,Fixed Income,5258039.85,0.01528,5258039.85,6159000,84.4,United States,--,USD,11.85,5.8,1,2045-11-03,4.45,12.04,,5.8,12.04,5.8,USD,2015-11-03,2015-11-03
VODAFONE GROUP PLC,Communications,Fixed Income,5260403.92,0.01528,5260403.92,6937000,74.36,United Kingdom,--,USD,12.94,6.34,1,2050-09-17,4.25,13.12,,6.34,13.12,6.34,USD,2019-09-17,2019-09-17
LEIDOS INC,Technology,Fixed Income,5255555.25,0.01527,5255555.25,5425000,94.93,United States,--,USD,7.34,5.69,1,2036-03-15,5.0,7.35,,5.69,7.35,5.69,USD,2026-03-02,2026-03-02
NISOURCE INC,Natural Gas,Fixed Income,5252408.7,0.01526,5252408.7,6978000,74.04,United States,--,USD,12.67,6.13,1,2048-03-30,3.95,12.88,,6.13,12.88,6.13,USD,2017-09-14,2017-09-14
WASTE MANAGEMENT INC,Capital Goods,Fixed Income,5242835.91,0.01523,5242835.91,6039000,86.29,United States,--,USD,4.37,4.83,1,2031-03-15,1.5,4.36,,4.83,4.36,4.83,USD,2020-11-17,2020-11-17
AUGUSTA SPINCO CORP,Consumer Non-Cyclical,Fixed Income,5238007.02,0.01522,5238007.02,5231000,98.4,United States,--,USD,7.33,5.46,1,2036-03-23,5.25,7.36,,5.46,7.36,5.46,USD,2026-03-23,2026-03-23
HUMANA INC,Insurance,Fixed Income,5227671.87,0.01519,5227671.87,5848000,87.45,United States,--,USD,12.5,6.5,1,2053-03-15,5.5,12.73,,6.5,12.73,6.5,USD,2023-03-13,2023-03-13
HUNTINGTON NATIONAL BANK (THE),Banking,Fixed Income,5228513.42,0.01519,5228513.42,5113000,102.07,United States,--,USD,3.05,4.99,1,2030-01-10,5.65,3.12,,4.96,2.98,4.96,USD,2022-11-18,2022-11-18
SOUTHWEST AIRLINES CO,Transportation,Fixed Income,5211593.3,0.01514,5211593.3,5451000,94.63,United States,--,USD,7.14,6.01,1,2035-11-15,5.25,7.14,,6.01,7.14,6.01,USD,2025-11-03,2025-11-03
BANK OF AMERICA CORP MTN,Banking,Fixed Income,5207851.95,0.01513,5207851.95,8512000,60.49,United States,--,USD,13.3,5.91,1,2051-10-24,2.83,14.89,,5.91,14.88,5.91,USD,2020-10-21,2020-10-21
CSX CORP,Transportation,Fixed Income,5205459.63,0.01512,5205459.63,6339000,80.67,United States,--,USD,11.39,5.87,1,2044-03-15,4.1,11.53,,5.87,11.53,5.87,USD,2012-10-22,2012-10-22
CF INDUSTRIES INC,Basic Industry,Fixed Income,5196471.3,0.0151,5196471.3,5868000,87.85,United States,--,USD,10.74,6.11,1,2043-06-01,4.95,10.81,,6.11,10.81,6.11,USD,2013-05-23,2013-05-23
SOUTH BOW USA INFRASTRUCTURE HOLDI,Energy,Fixed Income,5193833.94,0.01509,5193833.94,5124000,99.81,Canada,--,USD,2.85,5.09,1,2029-10-01,5.03,2.87,,5.09,2.87,5.09,USD,2025-04-01,2025-08-08
CUMMINS INC,Consumer Cyclical,Fixed Income,5194708.86,0.01509,5194708.86,5867000,87.95,United States,--,USD,3.88,4.76,1,2030-09-01,1.5,3.87,,4.76,3.87,4.76,USD,2020-08-24,2020-08-24
ERP OPERATING LP,Reits,Fixed Income,5182032.98,0.01506,5182032.98,6085000,84.9,United States,--,USD,11.44,5.87,1,2044-07-01,4.5,11.59,,5.87,11.59,5.87,USD,2014-06-19,2014-06-19
CF INDUSTRIES INC,Basic Industry,Fixed Income,5183803.23,0.01506,5183803.23,5532000,91.81,United States,--,USD,10.68,6.14,1,2044-03-15,5.38,10.76,,6.14,10.76,6.14,USD,2014-03-11,2014-03-11
COMMONWEALTH BANK OF AUSTRALIA (NE MTN,Banking,Fixed Income,5172185.91,0.01503,5172185.91,5207000,98.05,Australia,--,USD,3.76,4.7,1,2030-10-01,4.15,3.75,,4.7,3.75,4.7,USD,2025-10-01,2025-10-01
KRAFT HEINZ FOODS CO,Consumer Non-Cyclical,Fixed Income,5165359.67,0.01501,5165359.67,6617000,77.44,United States,--,USD,11.84,6.4,1,2046-06-01,4.38,12.01,,6.4,12.01,6.4,USD,2016-05-24,2016-08-19
MARTIN MARIETTA MATERIALS INC,Capital Goods,Fixed Income,5157710.69,0.01498,5157710.69,5577000,91.7,United States,--,USD,13.28,6.12,1,2054-12-01,5.5,13.55,,6.12,13.55,6.12,USD,2024-11-04,2024-11-04
CONSOLIDATED EDISON COMPANY OF NEW,Electric,Fixed Income,5149511.0,0.01496,5149511.0,5760000,89.15,United States,--,USD,4.51,4.92,1,2031-06-15,2.4,4.51,,4.92,4.51,4.92,USD,2021-06-08,2021-06-08
GENERAL MOTORS CO,Consumer Cyclical,Fixed Income,5150962.52,0.01496,5150962.52,5792000,87.27,United States,--,USD,11.57,6.5,1,2048-04-01,5.4,11.78,,6.5,11.78,6.5,USD,2017-08-07,2017-08-07
AMGEN INC,Consumer Non-Cyclical,Fixed Income,5130735.92,0.01491,5130735.92,8874000,56.73,United States,--,USD,15.22,6.03,1,2053-09-01,2.77,15.46,,6.03,15.46,6.03,USD,2021-03-01,2021-05-13
EXXON MOBIL CORP,Energy,Fixed Income,5125813.27,0.01489,5125813.27,5393000,93.99,United States,--,USD,2.86,4.56,1,2029-08-16,2.44,2.87,,4.56,2.87,4.56,USD,2019-08-16,2019-08-16
RAYMOND JAMES FINANCIAL INC.,Brokerage/Asset Managers/Exchanges,Fixed Income,5114909.02,0.01486,5114909.02,7148000,70.4,United States,--,USD,13.63,6.08,1,2051-04-01,3.75,13.87,,6.08,13.87,6.08,USD,2021-04-01,2021-04-01
BURLINGTON NORTHERN SANTA FE LLC,Transportation,Fixed Income,5110004.4,0.01485,5110004.4,5823000,86.19,United States,--,USD,10.86,5.75,1,2043-03-15,4.45,10.99,,5.75,10.99,5.75,USD,2013-03-12,2013-03-12
CROWN CASTLE INC,Communications,Fixed Income,5104323.71,0.01483,5104323.71,8063000,63.24,United States,--,USD,14.19,6.18,1,2051-01-15,3.25,14.41,,6.18,14.41,6.18,USD,2020-06-15,2020-06-15
WESTPAC BANKING CORP,Banking,Fixed Income,5102663.04,0.01482,5102663.04,5442000,93.72,Australia,--,USD,3.28,4.67,1,2030-01-16,2.65,3.27,,4.67,3.27,4.67,USD,2020-01-16,2020-01-16
ASTRAZENECA PLC,Consumer Non-Cyclical,Fixed Income,5091969.46,0.01479,5091969.46,7853000,64.39,United Kingdom,--,USD,14.84,5.7,1,2051-05-28,3.0,15.1,,5.7,15.1,5.7,USD,2021-05-28,2021-05-28
PAYPAL HOLDINGS INC,Technology,Fixed Income,5086849.79,0.01478,5086849.79,7419000,68.1,United States,--,USD,14.28,5.72,1,2050-06-01,3.25,14.53,,5.72,14.53,5.72,USD,2020-05-18,2020-05-18
COMCAST CORPORATION,Communications,Fixed Income,5084573.79,0.01477,5084573.79,6304000,78.65,United States,--,USD,11.21,6.58,1,2045-08-15,4.6,11.34,,6.58,11.34,6.58,USD,2015-05-27,2015-05-27
CONSTELLATION BRANDS INC,Consumer Non-Cyclical,Fixed Income,5084913.49,0.01477,5084913.49,5149000,97.65,United States,--,USD,5.58,5.32,1,2033-05-01,4.9,5.62,,5.32,5.62,5.32,USD,2023-05-01,2023-05-01
GEORGIA POWER COMPANY,Electric,Fixed Income,5078983.96,0.01476,5078983.96,7661000,65.15,United States,--,USD,14.16,5.97,1,2051-03-15,3.25,14.4,,5.97,14.4,5.97,USD,2021-02-26,2021-02-26
QUEST DIAGNOSTICS INCORPORATED,Consumer Non-Cyclical,Fixed Income,5082064.61,0.01476,5082064.61,5447000,93.12,United States,--,USD,3.63,4.89,1,2030-06-30,2.95,3.64,,4.89,3.64,4.89,USD,2019-12-16,2019-12-16
CAPITAL ONE FINANCIAL CORPORATION,Banking,Fixed Income,5067351.07,0.01472,5067351.07,4682000,107.24,United States,--,USD,5.06,5.34,1,2032-11-29,6.7,5.14,,5.29,4.97,5.29,USD,2022-11-29,2022-11-29
EOG RESOURCES INC,Energy,Fixed Income,5061778.14,0.01471,5061778.14,5772000,86.36,United States,--,USD,12.61,6.04,1,2050-04-15,4.95,12.86,,6.04,12.86,6.04,USD,2020-04-14,2020-04-14
GENERAL MOTORS FINANCIAL COMPANY I,Consumer Cyclical,Fixed Income,5058221.34,0.0147,5058221.34,4998000,99.76,United States,--,USD,2.88,4.98,1,2029-10-06,4.9,2.89,,4.98,2.89,4.98,USD,2024-09-06,2024-09-06
HORMEL FOODS CORPORATION,Consumer Non-Cyclical,Fixed Income,5059765.18,0.0147,5059765.18,5649000,89.36,United States,--,USD,3.67,4.83,1,2030-06-11,1.8,3.67,,4.83,3.67,4.83,USD,2020-06-11,2020-06-11
ARCHER DANIELS MIDLAND CO,Consumer Non-Cyclical,Fixed Income,5035064.05,0.01463,5035064.05,5518000,90.11,United States,--,USD,4.99,4.94,1,2032-03-01,2.9,5.0,,4.94,5.0,4.94,USD,2022-02-28,2022-02-28
ALEXANDRIA REAL ESTATE EQUITIES IN,Reits,Fixed Income,5035953.06,0.01463,5035953.06,6188000,80.49,United States,--,USD,5.92,5.47,1,2033-02-01,1.88,5.89,,5.47,5.89,5.47,USD,2020-08-05,2020-08-05
ONEOK INC,Energy,Fixed Income,5031889.01,0.01462,5031889.01,7032000,70.01,United States,--,USD,12.9,6.44,1,2050-03-01,3.95,13.1,,6.44,13.1,6.44,USD,2024-03-01,2024-03-01
GILEAD SCIENCES INC,Consumer Non-Cyclical,Fixed Income,5032672.96,0.01462,5032672.96,5303000,93.86,United States,--,USD,14.62,6.01,1,2064-11-15,5.6,14.92,,6.01,14.92,6.01,USD,2024-11-20,2024-11-20
SUMITOMO MITSUI FINANCIAL(FXD-FRN),Banking,Fixed Income,5020621.92,0.01459,5020621.92,5072000,98.78,Japan,--,USD,4.31,5.14,1,2032-07-07,4.93,4.33,,5.14,4.33,5.14,USD,2026-07-07,2026-07-07
RAYTHEON TECHNOLOGIES CORPORATION,Capital Goods,Fixed Income,5021576.48,0.01459,5021576.48,7781000,64.35,United States,--,USD,14.34,5.93,1,2050-07-01,3.13,14.57,,5.93,14.57,5.93,USD,2020-05-18,2020-05-18
AMERICAN WATER CAPITAL CORP,Utility Other,Fixed Income,5016012.5,0.01457,5016012.5,6709000,73.3,United States,--,USD,12.68,6.0,1,2047-09-01,3.75,12.89,,6.0,12.89,6.0,USD,2017-08-10,2017-08-10
CHUBB INA HOLDINGS LLC,Insurance,Fixed Income,5003169.01,0.01454,5003169.01,8517000,58.43,Switzerland,--,USD,16.58,5.84,1,2061-12-15,3.05,16.88,,5.84,16.88,5.84,USD,2021-11-18,2021-11-18
PHILIP MORRIS INTERNATIONAL INC,Consumer Non-Cyclical,Fixed Income,4972320.03,0.01445,4972320.03,5098000,96.06,United States,--,USD,2.8,4.77,1,2029-08-15,3.38,2.82,,4.77,2.82,4.77,USD,2019-05-01,2019-05-01
TOTALENERGIES CAPITAL INTERNATIONA,Energy,Fixed Income,4962924.79,0.01442,4962924.79,6782000,72.99,France,--,USD,11.16,5.7,1,2041-06-29,2.99,11.22,,5.7,11.22,5.7,USD,2020-06-29,2020-06-29
INTEL CORPORATION,Technology,Fixed Income,4956057.74,0.0144,4956057.74,7164000,67.94,United States,--,USD,11.09,6.08,1,2041-08-12,2.8,11.13,,6.08,11.13,6.08,USD,2021-08-12,2021-08-12
KINDER MORGAN INC,Energy,Fixed Income,4952884.47,0.01439,4952884.47,5541000,87.18,United States,--,USD,11.28,6.19,1,2046-02-15,5.05,11.46,,6.19,11.46,6.19,USD,2015-02-26,2015-02-26
PIONEER NATURAL RESOURCES COMPANY,Energy,Fixed Income,4945696.32,0.01437,4945696.32,5545000,89.15,United States,--,USD,4.18,4.87,1,2031-01-15,2.15,4.18,,4.87,4.18,4.87,USD,2021-01-29,2021-01-29
DEERE & CO,Capital Goods,Fixed Income,4946722.74,0.01437,4946722.74,6566000,74.33,United States,--,USD,13.67,5.74,1,2050-04-15,3.75,13.92,,5.74,13.92,5.74,USD,2020-03-30,2020-03-30
LYB INTERNATIONAL FINANCE III LLC,Basic Industry,Fixed Income,4944308.26,0.01436,4944308.26,7497000,64.83,United States,--,USD,13.38,6.51,1,2051-04-01,3.63,13.62,,6.51,13.62,6.51,USD,2020-10-08,2020-10-08
PROLOGIS LP,Reits,Fixed Income,4939681.11,0.01435,4939681.11,5699000,86.34,United States,--,USD,4.02,4.86,1,2030-10-15,1.25,4.01,,4.86,4.01,4.86,USD,2020-08-20,2020-08-20
CADENCE DESIGN SYSTEMS INC,Technology,Fixed Income,4929149.15,0.01432,4929149.15,5012000,96.62,United States,--,USD,6.5,5.21,1,2034-09-10,4.7,6.54,,5.21,6.54,5.21,USD,2024-09-10,2024-09-10
AMEREN CORPORATION,Electric,Fixed Income,4930434.37,0.01432,4930434.37,4865000,99.45,United States,--,USD,6.67,5.45,1,2035-03-15,5.38,6.71,,5.45,6.71,5.45,USD,2025-03-07,2025-03-07
KAISER FOUNDATION HOSPITALS,Consumer Non-Cyclical,Fixed Income,4922376.27,0.0143,4922376.27,7268000,66.99,United States,--,USD,13.92,5.89,1,2049-11-01,3.27,14.16,,5.89,14.16,5.89,USD,2019-10-31,2019-10-31
NISOURCE INC,Natural Gas,Fixed Income,4911435.22,0.01427,4911435.22,5557000,86.29,United States,--,USD,10.85,6.08,1,2044-02-15,4.8,10.98,,6.08,10.98,6.08,USD,2013-04-12,2013-04-12
UNILEVER CAPITAL CORP,Consumer Non-Cyclical,Fixed Income,4912851.4,0.01427,4912851.4,5242000,92.92,United States,--,USD,2.94,4.58,1,2029-09-06,2.13,2.94,,4.58,2.94,4.58,USD,2019-09-06,2019-09-06
LYB INTERNATIONAL FINANCE III LLC,Basic Industry,Fixed Income,4909255.84,0.01426,4909255.84,6688000,72.36,United States,--,USD,10.3,6.36,1,2040-10-01,3.38,10.31,,6.36,10.31,6.36,USD,2020-10-08,2020-10-08
MARTIN MARIETTA MATERIALS INC,Capital Goods,Fixed Income,4905880.27,0.01425,4905880.27,7747000,63.26,United States,--,USD,14.44,6.08,1,2051-07-15,3.2,14.68,,6.08,14.68,6.08,USD,2021-07-02,2021-07-02
MIZUHO FINANCIAL GROUP INC,Banking,Fixed Income,4898163.54,0.01423,4898163.54,5152000,95.02,Japan,--,USD,2.77,5.05,1,2030-07-16,3.15,2.79,,5.02,2.8,5.02,USD,2019-07-16,2019-07-16
S&P GLOBAL INC,Technology,Fixed Income,4892070.35,0.01421,4892070.35,6698000,71.59,United States,--,USD,14.01,5.85,1,2052-03-01,3.7,14.27,,5.85,14.27,5.85,USD,2023-03-01,2023-02-28
COCA-COLA CO,Consumer Non-Cyclical,Fixed Income,4876376.74,0.01417,4876376.74,8721000,55.53,United States,--,USD,16.97,5.74,1,2060-06-01,2.75,17.22,,5.74,17.22,5.74,USD,2020-05-01,2020-05-01
VULCAN MATERIALS COMPANY,Capital Goods,Fixed Income,4857600.96,0.01411,4857600.96,5059000,95.21,United States,--,USD,13.24,6.05,1,2054-12-01,5.7,13.52,,6.05,13.52,6.05,USD,2024-11-20,2024-11-20
BRISTOL-MYERS SQUIBB CO,Consumer Non-Cyclical,Fixed Income,4853108.63,0.0141,4853108.63,6888000,69.08,United States,--,USD,15.25,6.02,1,2062-03-15,3.9,15.54,,6.02,15.54,6.02,USD,2022-03-02,2022-03-02
DUKE ENERGY CORP,Electric,Fixed Income,4843036.82,0.01407,4843036.82,7327000,65.74,United States,--,USD,13.94,6.22,1,2051-06-15,3.5,14.17,,6.22,14.17,6.22,USD,2021-06-10,2021-06-10
WESTPAC BANKING CORP,Banking,Fixed Income,4844602.87,0.01407,4844602.87,6634000,72.48,Australia,--,USD,10.81,5.84,1,2040-11-16,2.96,10.82,,5.84,10.82,5.84,USD,2020-11-16,2020-11-16
NOVARTIS CAPITAL CORP,Consumer Non-Cyclical,Fixed Income,4839397.11,0.01406,4839397.11,7792000,60.9,Switzerland,--,USD,14.67,5.78,1,2050-08-14,2.75,14.91,,5.78,14.91,5.78,USD,2020-02-14,2020-02-14
AIR PRODUCTS AND CHEMICALS INC,Basic Industry,Fixed Income,4835308.87,0.01405,4835308.87,6628000,72.45,United States,--,USD,10.72,5.59,1,2040-05-15,2.7,10.76,,5.59,10.76,5.59,USD,2020-04-30,2020-04-30
CANADIAN NATURAL RESOURCES LTD MTN,Energy,Fixed Income,4836271.01,0.01405,4836271.01,5587000,85.86,Canada,--,USD,11.89,6.16,1,2047-06-01,4.95,12.11,,6.16,12.11,6.16,USD,2017-05-30,2017-05-30
TRANSCANADA PIPELINES LTD,Energy,Fixed Income,4820786.26,0.01401,4820786.26,5193000,91.03,Canada,--,USD,12.35,5.82,1,2049-03-15,5.1,12.6,,5.82,12.6,5.82,USD,2018-10-12,2018-10-12
AUTOZONE INC,Consumer Cyclical,Fixed Income,4808333.5,0.01397,4808333.5,4802000,97.88,United States,--,USD,5.01,5.16,1,2032-08-01,4.75,5.05,,5.16,5.05,5.16,USD,2022-08-01,2022-08-01
T-MOBILE USA INC,Communications,Fixed Income,4796785.89,0.01394,4796785.89,5433000,88.18,United States,--,USD,13.14,6.41,1,2055-01-15,5.5,13.39,,6.41,13.39,6.41,USD,2024-01-12,2024-01-12
MCDONALDS CORPORATION MTN,Consumer Cyclical,Fixed Income,4787068.26,0.01391,4787068.26,5034000,94.07,United States,--,USD,2.9,4.7,1,2029-09-01,2.63,2.9,,4.7,2.9,4.7,USD,2019-08-12,2019-08-12
COMCAST CORPORATION,Communications,Fixed Income,4784957.9,0.0139,4784957.9,10124000,46.11,United States,--,USD,15.77,6.57,1,2062-08-15,2.65,16.0,,6.57,16.0,6.57,USD,2020-08-25,2020-08-25
ELEVANCE HEALTH INC,Insurance,Fixed Income,4779528.66,0.01389,4779528.66,6732000,69.69,United States,--,USD,13.2,6.18,1,2049-09-15,3.7,13.42,,6.18,13.42,6.18,USD,2019-09-09,2019-09-09
PRESIDENT AND FELLOWS OF HARVARD C,Industrial Other,Fixed Income,4780186.55,0.01389,4780186.55,4809000,97.39,United States,--,USD,6.79,4.99,1,2035-02-15,4.61,6.84,,4.99,6.84,4.99,USD,2024-03-12,2024-03-12
NISOURCE INC,Natural Gas,Fixed Income,4782208.5,0.01389,4782208.5,5473000,86.64,United States,--,USD,4.27,5.01,1,2031-02-15,1.7,4.25,,5.01,4.25,5.01,USD,2020-08-18,2020-08-18
TARGA RESOURCES PARTNERS LP,Energy,Fixed Income,4769458.58,0.01386,4769458.58,4640000,100.64,United States,--,USD,1.77,5.3,1,2030-03-01,5.5,3.17,,5.08,1.49,5.08,USD,2020-09-01,2019-11-27
ELEVANCE HEALTH INC,Insurance,Fixed Income,4767571.85,0.01385,4767571.85,4835000,96.98,United States,--,USD,5.17,5.18,1,2032-09-15,4.6,5.19,,5.18,5.19,5.18,USD,2025-09-15,2025-09-15
THERMO FISHER SCIENTIFIC INC,Consumer Non-Cyclical,Fixed Income,4760658.49,0.01383,4760658.49,5035000,93.75,United States,--,USD,2.98,4.73,1,2029-10-01,2.6,2.98,,4.73,2.98,4.73,USD,2019-10-08,2019-10-08
TRUIST FINANCIAL CORP MTN,Banking,Fixed Income,4761825.78,0.01383,4761825.78,4775000,99.72,United States,--,USD,2.76,4.94,1,2030-07-23,4.96,2.76,,4.94,2.76,4.94,USD,2026-07-23,2026-07-23
OTIS WORLDWIDE CORP,Capital Goods,Fixed Income,4756468.09,0.01382,4756468.09,6202000,75.34,United States,--,USD,10.2,5.76,1,2040-02-15,3.11,10.23,,5.76,10.23,5.76,USD,2020-08-15,2020-09-04
ATMOS ENERGY CORPORATION,Natural Gas,Fixed Income,4744361.36,0.01378,4744361.36,5755000,81.33,United States,--,USD,11.67,5.8,1,2044-10-15,4.13,11.82,,5.8,11.82,5.8,USD,2014-10-15,2014-10-15
PEPSICO INC,Consumer Non-Cyclical,Fixed Income,4731556.25,0.01375,4731556.25,7412000,63.06,United States,--,USD,14.37,5.79,1,2049-10-15,2.88,14.61,,5.79,14.61,5.79,USD,2019-10-09,2019-10-09
MIZUHO FINANCIAL GROUP INC,Banking,Fixed Income,4714830.79,0.0137,4714830.79,4653000,101.15,Japan,--,USD,2.69,5.04,1,2030-07-10,5.38,2.71,,4.99,2.71,4.99,USD,2024-07-10,2024-07-10
CHEVRON USA INC,Energy,Fixed Income,4715186.13,0.0137,4715186.13,8363000,55.34,United States,--,USD,15.22,5.81,1,2050-08-12,2.34,15.43,,5.81,15.43,5.81,USD,2020-08-12,2020-08-12
CARLISLE COMPANIES INCORPORATED,Capital Goods,Fixed Income,4713828.98,0.01369,4713828.98,5017000,92.88,United States,--,USD,3.32,4.93,1,2030-03-01,2.75,3.33,,4.93,3.33,4.93,USD,2020-02-28,2020-02-28
SOUTHERN CALIFORNIA EDISON COMPANY,Electric,Fixed Income,4706301.92,0.01367,4706301.92,7867000,58.42,United States,--,USD,14.12,6.3,1,2051-02-01,2.95,14.32,,6.3,14.32,6.3,USD,2021-01-08,2021-01-08
NOVARTIS CAPITAL CORP,Consumer Non-Cyclical,Fixed Income,4700046.04,0.01365,4700046.04,4754000,97.56,Switzerland,--,USD,2.88,4.64,1,2029-09-18,3.8,2.9,,4.64,2.9,4.64,USD,2024-09-18,2024-09-18
APOLLO DEBT SOLUTIONS BDC,Finance Companies,Fixed Income,4696616.62,0.01364,4696616.62,4584000,100.15,United States,--,USD,4.55,6.52,1,2032-03-15,6.55,4.56,,6.52,4.56,6.52,USD,2025-09-15,2025-12-22
PUBLIC SERVICE ENTERPRISE GROUP IN,Electric,Fixed Income,4684340.4,0.01361,4684340.4,5300000,87.93,United States,--,USD,4.85,5.07,1,2031-11-15,2.45,4.84,,5.07,4.84,5.07,USD,2021-11-08,2021-11-08
ZIMMER BIOMET HOLDINGS INC,Consumer Non-Cyclical,Fixed Income,4676097.26,0.01359,4676097.26,5242000,88.79,United States,--,USD,4.85,5.02,1,2031-11-24,2.6,4.85,,5.02,4.85,5.02,USD,2021-11-24,2021-11-24
SYSCO CORPORATION,Consumer Non-Cyclical,Fixed Income,4665528.98,0.01355,4665528.98,7532000,61.61,United States,--,USD,14.47,6.16,1,2051-12-14,3.15,14.7,,6.16,14.7,6.16,USD,2021-12-14,2021-12-14
STARBUCKS CORPORATION,Consumer Cyclical,Fixed Income,4654550.39,0.01352,4654550.39,4738000,96.69,United States,--,USD,2.78,4.72,1,2029-08-15,3.55,2.82,,4.72,2.82,4.72,USD,2019-05-13,2019-05-13
APPLIED MATERIALS INC,Technology,Fixed Income,4650088.83,0.01351,4650088.83,7543000,61.26,United States,--,USD,14.82,5.76,1,2050-06-01,2.75,15.06,,5.76,15.06,5.76,USD,2020-05-29,2020-05-29
CANADIAN NATURAL RESOURCES LTD,Energy,Fixed Income,4631466.2,0.01346,4631466.2,4588000,100.43,Canada,--,USD,3.06,4.86,1,2029-12-15,5.0,3.08,,4.86,3.01,4.86,USD,2025-06-15,2025-11-04
VIRGINIA ELECTRIC AND POWER COMPAN,Electric,Fixed Income,4628915.79,0.01345,4628915.79,8412000,54.78,United States,--,USD,15.24,6.0,1,2050-12-15,2.45,15.45,,6.0,15.45,6.0,USD,2020-12-15,2020-12-15
MICROSOFT CORPORATION,Technology,Fixed Income,4630860.76,0.01345,4630860.76,5591000,80.75,United States,--,USD,14.25,5.86,1,2057-02-06,4.5,14.53,,5.86,14.53,5.86,USD,2017-02-06,2017-02-06
PFIZER INC,Consumer Non-Cyclical,Fixed Income,4625464.67,0.01344,4625464.67,5351000,85.07,United States,--,USD,9.37,5.56,1,2039-03-15,3.9,9.43,,5.56,9.43,5.56,USD,2019-03-11,2019-03-11
CONOCOPHILLIPS CO,Energy,Fixed Income,4611481.8,0.0134,4611481.8,5760000,78.73,United States,--,USD,10.82,5.85,1,2042-03-15,3.76,10.91,,5.85,10.91,5.85,USD,2022-09-15,2022-10-03
CANADIAN NATIONAL RAILWAY COMPANY,Transportation,Fixed Income,4613192.99,0.0134,4613192.99,4774000,95.12,Canada,--,USD,6.6,5.11,1,2034-09-18,4.38,6.63,,5.11,6.63,5.11,USD,2024-09-18,2024-09-18
CONSOLIDATED EDISON COMPANY OF NEW,Electric,Fixed Income,4608446.65,0.01339,4608446.65,5411000,83.6,United States,--,USD,11.16,5.96,1,2044-03-15,4.45,11.29,,5.96,11.29,5.96,USD,2014-03-06,2014-03-06
STEEL DYNAMICS INC,Basic Industry,Fixed Income,4606803.36,0.01338,4606803.36,4631000,98.5,United States,--,USD,6.86,5.47,1,2035-05-15,5.25,6.9,,5.47,6.9,5.47,USD,2025-03-12,2025-03-12
UNION PACIFIC CORPORATION,Transportation,Fixed Income,4603306.42,0.01337,4603306.42,6859000,65.99,United States,--,USD,16.03,5.99,1,2071-04-06,3.8,16.33,,5.99,16.33,5.99,USD,2021-04-06,2021-10-01
BOEING CO,Capital Goods,Fixed Income,4597358.91,0.01336,4597358.91,6280000,72.33,United States,--,USD,13.03,6.18,1,2049-05-01,3.9,13.25,,6.18,13.25,6.18,USD,2019-05-02,2019-05-02
HEALTHPEAK OP LLC,Reits,Fixed Income,4594084.54,0.01335,4594084.54,4584000,99.68,United States,--,USD,5.29,5.31,1,2032-12-15,5.25,5.34,,5.31,5.34,5.31,USD,2023-01-17,2023-01-17
GLOBAL PAYMENTS INC,Technology,Fixed Income,4583415.38,0.01332,4583415.38,6284000,71.13,United States,--,USD,12.48,6.61,1,2049-08-15,4.15,12.67,,6.61,12.67,6.61,USD,2019-08-14,2019-08-14
LAM RESEARCH CORPORATION,Technology,Fixed Income,4586341.54,0.01332,4586341.54,5133000,87.63,United States,--,USD,12.44,5.87,1,2049-03-15,4.88,12.69,,5.87,12.69,5.87,USD,2019-03-04,2019-03-04
UNITED PARCEL SERVICE INC,Transportation,Fixed Income,4576397.94,0.0133,4576397.94,5732000,78.34,United States,--,USD,12.75,6.01,1,2049-03-15,4.25,12.99,,6.01,12.99,6.01,USD,2019-03-15,2019-03-15
SHELL FINANCE US INC,Energy,Fixed Income,4574285.41,0.01329,4574285.41,7243000,62.69,United States,--,USD,14.86,5.84,1,2051-11-26,3.0,15.11,,5.84,15.11,5.84,USD,2026-05-26,2026-07-08
FIFTH THIRD BANCORP,Banking,Fixed Income,4569426.55,0.01328,4569426.55,3711000,119.9,United States,--,USD,7.63,5.86,1,2038-03-01,8.25,7.62,,5.86,7.62,5.86,USD,2008-03-04,2008-03-04
PHILIP MORRIS INTERNATIONAL INC,Consumer Non-Cyclical,Fixed Income,4569769.57,0.01328,4569769.57,5166000,88.06,United States,--,USD,4.02,4.88,1,2030-11-01,1.75,4.01,,4.88,4.01,4.88,USD,2020-11-02,2020-11-02
ANALOG DEVICES INC,Technology,Fixed Income,4566701.39,0.01327,4566701.39,7303000,61.62,United States,--,USD,14.73,5.89,1,2051-10-01,2.95,14.97,,5.89,14.97,5.89,USD,2021-10-05,2021-10-05
PACIFICORP,Electric,Fixed Income,4565829.95,0.01326,4565829.95,7942000,57.19,United States,--,USD,14.8,6.26,1,2052-06-15,2.9,15.01,,6.26,15.01,6.26,USD,2021-07-09,2021-07-09
TRAVELERS COMPANIES INC,Insurance,Fixed Income,4535166.27,0.01318,4535166.27,7145000,63.1,United States,--,USD,14.65,5.9,1,2051-06-08,3.05,14.9,,5.9,14.9,5.9,USD,2021-06-08,2021-06-08
HARTFORD INSURANCE GROUP INC,Insurance,Fixed Income,4529761.24,0.01316,4529761.24,6322000,70.12,United States,--,USD,13.33,6.01,1,2049-08-19,3.6,13.56,,6.01,13.56,6.01,USD,2019-08-19,2019-08-19
DANAHER CORPORATION,Consumer Non-Cyclical,Fixed Income,4512894.17,0.01311,4512894.17,7515000,59.73,United States,--,USD,15.12,5.87,1,2051-12-10,2.8,15.36,,5.87,15.36,5.87,USD,2021-12-10,2021-12-10
SUMITOMO MITSUI FINANCIAL GROUP IN,Banking,Fixed Income,4505092.05,0.01309,4505092.05,6278000,70.74,Japan,--,USD,11.16,5.89,1,2041-09-17,2.93,11.19,,5.89,11.19,5.89,USD,2021-09-17,2021-09-17
SUMISHO AIR LEASE CORP MTN,Finance Companies,Fixed Income,4507243.81,0.01309,4507243.81,5087000,88.55,United States,--,USD,4.95,5.31,1,2032-01-15,2.88,4.95,,5.31,4.95,5.31,USD,2022-01-12,2022-01-12
CHARLES SCHWAB CORPORATION (THE),Brokerage/Asset Managers/Exchanges,Fixed Income,4480590.22,0.01302,4480590.22,5176000,86.29,United States,--,USD,4.96,4.89,1,2031-12-01,1.95,4.95,,4.89,4.95,4.89,USD,2021-08-26,2021-08-26
HONEYWELL INTERNATIONAL INC,Capital Goods,Fixed Income,4480842.63,0.01302,4480842.63,4699000,94.18,United States,--,USD,2.85,4.76,1,2029-08-15,2.7,2.85,,4.76,2.85,4.76,USD,2019-08-08,2019-08-08
ANALOG DEVICES INC,Technology,Fixed Income,4476432.16,0.01301,4476432.16,6270000,70.53,United States,--,USD,11.3,5.73,1,2041-10-01,2.8,11.37,,5.73,11.37,5.73,USD,2021-10-05,2021-10-05
PHILIP MORRIS INTERNATIONAL INC,Consumer Non-Cyclical,Fixed Income,4478260.23,0.01301,4478260.23,5529000,79.37,United States,--,USD,10.93,5.87,1,2042-08-21,3.88,10.99,,5.87,10.99,5.87,USD,2012-08-21,2012-08-21
SIMON PROPERTY GROUP LP,Reits,Fixed Income,4475850.42,0.013,4475850.42,6144000,72.78,United States,--,USD,13.72,5.94,1,2050-07-15,3.8,13.97,,5.94,13.97,5.94,USD,2020-07-09,2020-07-09
MONDELEZ INTERNATIONAL INC,Consumer Non-Cyclical,Fixed Income,4466607.22,0.01298,4466607.22,7530000,58.31,United States,--,USD,14.82,5.88,1,2050-09-04,2.63,15.04,,5.88,15.04,5.88,USD,2020-09-04,2020-09-04
KLA CORP,Technology,Fixed Income,4467292.65,0.01298,4467292.65,5025000,88.8,United States,--,USD,14.69,6.01,1,2062-07-15,5.25,14.98,,6.01,14.98,6.01,USD,2022-06-23,2022-06-23
APPLIED MATERIALS INC,Technology,Fixed Income,4463045.93,0.01297,4463045.93,5318000,82.58,United States,--,USD,12.27,5.81,1,2047-04-01,4.35,12.51,,5.81,12.51,5.81,USD,2017-03-31,2017-03-31
RELX CAPITAL INC,Technology,Fixed Income,4457947.81,0.01295,4457947.81,4425000,99.07,United Kingdom,--,USD,6.73,5.38,1,2035-03-27,5.25,6.77,,5.38,6.77,5.38,USD,2025-03-27,2025-03-27
DANAHER CORPORATION,Consumer Non-Cyclical,Fixed Income,4452872.41,0.01294,4452872.41,7586000,57.9,United States,--,USD,14.92,5.89,1,2050-10-01,2.6,15.14,,5.89,15.14,5.89,USD,2020-10-06,2020-10-06
DUKE ENERGY CORP,Electric,Fixed Income,4448871.07,0.01293,4448871.07,5967000,74.22,United States,--,USD,10.87,5.93,1,2041-06-15,3.3,10.92,,5.93,10.92,5.93,USD,2021-06-10,2021-06-10
EVEREST REINSURANCE HOLDINGS INC,Insurance,Fixed Income,4449954.95,0.01293,4449954.95,7324000,59.92,United States,--,USD,14.48,6.25,1,2052-10-15,3.13,14.7,,6.25,14.7,6.25,USD,2021-10-04,2021-10-04
FLORIDA POWER & LIGHT CO,Electric,Fixed Income,4450543.85,0.01293,4450543.85,6756000,64.9,United States,--,USD,13.91,5.96,1,2049-10-01,3.15,14.14,,5.96,14.14,5.96,USD,2019-09-13,2019-09-13
LEIDOS INC,Technology,Fixed Income,4443314.65,0.01291,4443314.65,4523000,97.42,United States,--,USD,3.38,5.13,1,2030-05-15,4.38,3.43,,5.13,3.43,5.13,USD,2021-05-15,2021-06-21
STATE STREET BANK AND TRUST COMPAN,Banking,Fixed Income,4423040.14,0.01285,4423040.14,4374000,100.34,United States,--,USD,3.04,4.67,1,2029-11-23,4.78,3.03,,4.67,3.03,4.67,USD,2024-11-25,2024-11-25
CHARLES SCHWAB CORPORATION (THE),Brokerage/Asset Managers/Exchanges,Fixed Income,4399274.26,0.01278,4399274.26,4922000,88.94,United States,--,USD,4.43,4.91,1,2031-05-13,2.3,4.43,,4.91,4.43,4.91,USD,2021-05-13,2021-05-13
MYLAN INC,Consumer Non-Cyclical,Fixed Income,4399702.98,0.01278,4399702.98,5345000,80.91,United States,--,USD,11.48,6.91,1,2048-04-15,5.2,11.66,,6.91,11.66,6.91,USD,2018-10-15,2019-01-09
GLOBAL PAYMENTS INC,Technology,Fixed Income,4391128.68,0.01276,4391128.68,4989000,87.48,United States,--,USD,4.79,5.66,1,2031-11-15,2.9,4.77,,5.66,4.77,5.66,USD,2021-11-22,2021-11-22
BURLINGTON NORTHERN SANTA FE LLC,Transportation,Fixed Income,4373103.79,0.0127,4373103.79,5526000,78.71,United States,--,USD,12.56,5.91,1,2047-06-15,4.13,12.79,,5.91,12.79,5.91,USD,2017-03-09,2017-03-09
BURLINGTON NORTHERN SANTA FE LLC,Transportation,Fixed Income,4367452.28,0.01269,4367452.28,5636000,77.08,United States,--,USD,12.9,5.93,1,2048-06-15,4.05,13.14,,5.93,13.14,5.93,USD,2018-03-05,2018-03-05
KROGER CO,Consumer Non-Cyclical,Fixed Income,4363385.78,0.01268,4363385.78,5962000,73.11,United States,--,USD,13.35,6.12,1,2050-01-15,3.95,13.58,,6.12,13.58,6.12,USD,2020-01-13,2020-01-13
TARGET CORPORATION,Consumer Cyclical,Fixed Income,4313774.26,0.01253,4313774.26,4622000,92.31,United States,--,USD,3.32,4.72,1,2030-02-15,2.35,3.32,,4.72,3.32,4.72,USD,2020-01-28,2020-01-28
BANK OF MONTREAL MTN,Banking,Fixed Income,4314615.93,0.01253,4314615.93,4277000,99.18,Canada,--,USD,2.81,4.92,1,2030-09-10,4.64,2.83,,4.92,2.83,4.92,USD,2024-09-10,2024-09-10
NORFOLK SOUTHERN CORPORATION,Transportation,Fixed Income,4308266.47,0.01252,4308266.47,6946000,61.44,United States,--,USD,15.27,5.98,1,2055-05-15,3.15,15.54,,5.98,15.54,5.98,USD,2020-05-15,2020-09-17
KIMBERLY-CLARK CORPORATION,Consumer Non-Cyclical,Fixed Income,4308413.52,0.01252,4308413.52,4516000,94.4,United States,--,USD,3.36,4.78,1,2030-03-26,3.1,3.38,,4.78,3.38,4.78,USD,2020-03-26,2020-03-26
SCHLUMBERGER INVESTMENT SA,Energy,Fixed Income,4306665.66,0.01251,4306665.66,4345000,98.04,United States,--,USD,7.47,5.41,1,2036-05-07,5.15,7.5,,5.41,7.5,5.41,USD,2026-05-07,2026-05-07
TAKEDA PHARMACEUTICAL CO LTD,Consumer Non-Cyclical,Fixed Income,4307144.63,0.01251,4307144.63,6955000,61.81,Japan,--,USD,15.82,6.03,1,2060-07-09,3.38,16.11,,6.03,16.11,6.03,USD,2020-07-09,2020-07-09
CONOCOPHILLIPS CO,Energy,Fixed Income,4298438.48,0.01249,4298438.48,5228000,81.42,United States,--,USD,11.56,5.98,1,2044-11-15,4.3,11.72,,5.98,11.72,5.98,USD,2014-11-12,2014-11-12
NETFLIX INC,Communications,Fixed Income,4291448.12,0.01247,4291448.12,4552000,91.92,United States,--,USD,13.17,6.0,1,2054-08-15,5.4,13.44,,6.0,13.44,6.0,USD,2024-08-01,2024-08-01
DOLLAR TREE INC,Consumer Cyclical,Fixed Income,4274571.22,0.01242,4274571.22,4815000,88.4,United States,--,USD,4.86,5.15,1,2031-12-01,2.65,4.86,,5.15,4.86,5.15,USD,2021-12-01,2021-12-01
FIRSTENERGY CORPORATION,Electric,Fixed Income,4261829.69,0.01238,4261829.69,6333000,65.96,United States,--,USD,13.58,6.15,1,2050-03-01,3.4,13.8,,6.15,13.8,6.15,USD,2020-02-20,2020-02-20
FISERV INC,Technology,Fixed Income,4254547.27,0.01236,4254547.27,4436000,95.71,United States,--,USD,2.73,5.09,1,2029-07-01,3.5,2.74,,5.09,2.74,5.09,USD,2019-06-24,2019-06-24
BURLINGTON NORTHERN SANTA FE LLC,Transportation,Fixed Income,4227738.14,0.01228,4227738.14,5405000,76.37,United States,--,USD,12.22,5.93,1,2046-08-01,3.9,12.42,,5.93,12.42,5.93,USD,2016-05-16,2016-05-16
CHEVRON CORP,Energy,Fixed Income,4221838.67,0.01227,4221838.67,6459000,64.76,United States,--,USD,14.32,5.84,1,2050-05-11,3.08,14.56,,5.84,14.56,5.84,USD,2020-05-11,2020-05-11
ENBRIDGE INC,Energy,Fixed Income,4206024.41,0.01222,4206024.41,6265000,65.52,Canada,--,USD,13.9,6.11,1,2051-08-01,3.4,14.13,,6.11,14.13,6.11,USD,2021-06-28,2021-06-28
JACKSON FINANCIAL INC,Insurance,Fixed Income,4207343.17,0.01222,4207343.17,4290000,97.95,United States,--,USD,7.6,6.42,1,2037-01-15,6.15,7.59,,6.42,7.59,6.42,USD,2026-06-15,2026-06-15
BERKSHIRE HATHAWAY FINANCE CORP,Insurance,Fixed Income,4196085.94,0.01219,4196085.94,7400000,56.66,United States,--,USD,15.36,5.85,1,2051-01-15,2.5,15.58,,5.85,15.58,5.85,USD,2021-01-15,2021-01-15
PPL ELECTRIC UTILITIES CORPORATION,Electric,Fixed Income,4187443.35,0.01217,4187443.35,4582000,90.41,United States,--,USD,13.22,5.97,1,2053-05-15,5.25,13.5,,5.97,13.5,5.97,USD,2023-03-02,2023-03-02
BP CAPITAL MARKETS AMERICA INC,Energy,Fixed Income,4167444.87,0.01211,4167444.87,4088000,100.63,United Kingdom,--,USD,2.82,4.75,1,2029-10-17,4.97,2.92,,4.74,2.71,4.74,USD,2024-05-17,2024-05-17
VALERO ENERGY CORPORATION,Energy,Fixed Income,4163092.68,0.01209,4163092.68,6092000,67.82,United States,--,USD,13.92,6.18,1,2051-12-01,3.65,14.15,,6.18,14.15,6.18,USD,2021-11-29,2021-11-29
AIR PRODUCTS AND CHEMICALS INC,Basic Industry,Fixed Income,4158954.18,0.01208,4158954.18,6706000,61.5,United States,--,USD,14.68,5.8,1,2050-05-15,2.8,14.92,,5.8,14.92,5.8,USD,2020-04-30,2020-04-30
DEVON ENERGY CORPORATION 144A,Energy,Fixed Income,4153539.65,0.01207,4153539.65,4259000,94.95,United States,--,USD,12.75,6.28,1,2055-02-15,5.9,13.01,,6.28,13.01,6.28,USD,2026-02-15,2026-06-25
FIFTH THIRD BANCORP,Banking,Fixed Income,4151499.55,0.01206,4151499.55,4087000,99.27,United States,--,USD,2.68,5.21,1,2030-07-28,4.77,2.71,,5.03,2.71,5.03,USD,2022-07-28,2022-07-28
SUNCOR ENERGY INC,Energy,Fixed Income,4146656.5,0.01205,4146656.5,5534000,74.19,Canada,--,USD,12.57,6.2,1,2047-11-15,4.0,12.78,,6.2,12.78,6.2,USD,2017-11-15,2017-11-15
AUTOZONE INC,Consumer Cyclical,Fixed Income,4147828.12,0.01205,4147828.12,4165000,99.48,United States,--,USD,4.35,5.07,1,2031-07-15,4.95,4.36,,5.07,4.36,5.07,USD,2026-07-14,2026-07-14
FAIRFAX FINANCIAL HOLDINGS LTD,Insurance,Fixed Income,4101634.18,0.01192,4101634.18,3953000,103.01,Canada,--,USD,5.83,5.5,1,2033-12-07,6.0,5.89,,5.48,5.72,5.48,USD,2024-06-07,2024-09-24
METLIFE INC,Insurance,Fixed Income,4090809.78,0.01188,4090809.78,4897000,81.72,United States,--,USD,10.76,5.9,1,2042-08-13,4.13,10.81,,5.9,10.81,5.9,USD,2012-08-13,2012-08-13
INTERNATIONAL BUSINESS MACHINES CO,Technology,Fixed Income,4074904.15,0.01184,4074904.15,6921000,58.33,United States,--,USD,14.1,6.37,1,2050-05-15,2.95,14.29,,6.37,14.29,6.37,USD,2020-05-07,2020-05-07
ELI LILLY AND COMPANY,Consumer Non-Cyclical,Fixed Income,4063737.93,0.01181,4063737.93,4033000,98.92,United States,--,USD,2.77,4.58,1,2029-08-14,4.2,2.79,,4.58,2.79,4.58,USD,2024-08-14,2024-08-14
JOHNSON & JOHNSON,Consumer Non-Cyclical,Fixed Income,4060943.82,0.0118,4060943.82,7185000,55.64,United States,--,USD,15.54,5.64,1,2050-09-01,2.25,15.77,,5.64,15.77,5.64,USD,2020-08-25,2020-08-25
HASBRO INC,Consumer Non-Cyclical,Fixed Income,4054965.93,0.01178,4054965.93,4169000,96.58,United States,--,USD,3.02,5.03,1,2029-11-19,3.9,3.05,,5.03,3.05,5.03,USD,2019-11-19,2019-11-19
INTEL CORPORATION,Technology,Fixed Income,4026874.13,0.0117,4026874.13,7240000,54.27,United States,--,USD,15.19,6.45,1,2060-02-15,3.1,15.43,,6.45,15.43,6.45,USD,2020-02-13,2020-02-13
SUMITOMO MITSUI FINANCIAL(FXD-FRN),Banking,Fixed Income,4019891.36,0.01168,4019891.36,4108000,97.63,Japan,--,USD,7.43,5.56,1,2037-07-07,5.3,7.61,,5.56,7.61,5.56,USD,2026-07-07,2026-07-07
SYNCHRONY FINANCIAL,Banking,Fixed Income,4014801.08,0.01166,4014801.08,4559000,87.39,United States,--,USD,4.74,5.68,1,2031-10-28,2.88,4.72,,5.68,4.72,5.68,USD,2021-10-28,2021-10-28
CHENIERE ENERGY PARTNERS LP 144A,Energy,Fixed Income,3981016.12,0.01157,3981016.12,4048000,97.62,United States,--,USD,13.26,6.22,1,2056-11-30,6.05,13.54,,6.22,13.54,6.22,USD,2026-06-09,2026-06-09
PEPSICO INC,Consumer Non-Cyclical,Fixed Income,3977827.2,0.01156,3977827.2,5633000,69.95,United States,--,USD,11.52,5.58,1,2041-10-21,2.63,11.59,,5.58,11.59,5.58,USD,2021-10-21,2021-10-21
CHARLES SCHWAB CORPORATION (THE),Brokerage/Asset Managers/Exchanges,Fixed Income,3976370.53,0.01155,3976370.53,3950000,99.74,United States,--,USD,7.29,5.49,1,2037-05-21,5.49,7.45,,5.49,7.45,5.49,USD,2026-05-21,2026-05-21
HA SUSTAINABLE INFRASTRUCTURE CAPI 144A,Financial Other,Fixed Income,3977097.02,0.01155,3977097.02,3986000,99.31,United States,--,USD,5.61,6.07,1,2033-07-15,5.95,5.61,,6.07,5.61,6.07,USD,2026-06-24,2026-06-24
WALT DISNEY CO,Communications,Fixed Income,3964056.83,0.01152,3964056.83,4250000,92.49,United States,--,USD,2.94,4.62,1,2029-09-01,2.0,2.93,,4.62,2.93,4.62,USD,2019-09-06,2019-09-06
AES CORPORATION (THE),Electric,Fixed Income,3962896.68,0.01151,3962896.68,4483000,88.35,United States,--,USD,4.16,5.41,1,2031-01-15,2.45,4.14,,5.41,4.14,5.41,USD,2021-07-15,2021-08-18
UNION PACIFIC CORPORATION,Transportation,Fixed Income,3905940.57,0.01135,3905940.57,6858000,55.91,United States,--,USD,16.37,5.96,1,2062-09-16,2.97,16.65,,5.96,16.65,5.96,USD,2021-03-16,2021-06-02
INTEL CORPORATION,Technology,Fixed Income,3908079.94,0.01135,3908079.94,6390000,59.8,United States,--,USD,14.2,6.24,1,2051-08-12,3.05,14.4,,6.24,14.4,6.24,USD,2021-08-12,2021-08-12
HA SUSTAINABLE INFRASTRUCTURE CAPI,Financial Other,Fixed Income,3904578.98,0.01134,3904578.98,3858000,100.84,United States,--,USD,6.13,6.24,1,2034-07-01,6.38,6.15,,6.24,5.99,6.24,USD,2025-01-01,2025-05-22
UNITEDHEALTH GROUP INC,Insurance,Fixed Income,3873101.24,0.01125,3873101.24,4032000,94.81,United States,--,USD,2.85,4.72,1,2029-08-15,2.88,2.85,,4.72,2.85,4.72,USD,2019-07-25,2019-07-25
SUNCOR ENERGY INC,Energy,Fixed Income,3862726.44,0.01122,3862726.44,5419000,69.84,Canada,--,USD,13.52,6.14,1,2051-03-04,3.75,13.75,,6.14,13.75,6.14,USD,2021-03-04,2021-03-04
NISOURCE INC,Natural Gas,Fixed Income,3855438.72,0.0112,3855438.72,3891000,98.14,United States,--,USD,7.46,5.55,1,2036-05-18,5.3,7.48,,5.55,7.48,5.55,USD,2026-05-18,2026-05-18
EQUINOR ASA,Owned No Guarantee,Fixed Income,3847544.46,0.01118,3847544.46,3975000,95.9,Norway,--,USD,7.3,5.31,1,2035-11-14,4.75,7.33,,5.31,7.33,5.31,USD,2025-11-14,2025-11-14
CADENCE DESIGN SYSTEMS INC,Technology,Fixed Income,3809723.69,0.01107,3809723.69,3803000,98.6,United States,--,USD,2.84,4.78,1,2029-09-10,4.3,2.85,,4.78,2.85,4.78,USD,2024-09-10,2024-09-10
GENERAL DYNAMICS CORPORATION,Capital Goods,Fixed Income,3810295.26,0.01107,3810295.26,4626000,81.06,United States,--,USD,13.25,5.72,1,2050-04-01,4.25,13.52,,5.72,13.52,5.72,USD,2020-03-25,2020-03-25
ASCENSION HEALTH ALLIANCE,Consumer Non-Cyclical,Fixed Income,3795408.8,0.01103,3795408.8,4833000,77.8,United States,--,USD,12.56,5.82,1,2046-11-15,3.94,12.73,,5.82,12.73,5.82,USD,2016-05-11,2016-05-11
EXTRA SPACE STORAGE LP,Reits,Fixed Income,3785081.04,0.011,3785081.04,3865000,97.84,United States,--,USD,5.45,5.35,1,2033-01-15,4.95,5.46,,5.35,5.46,5.35,USD,2025-08-08,2025-08-08
MASSACHUSETTS INSTITUTE OF TECHNOL,Industrial Other,Fixed Income,3783461.66,0.01099,3783461.66,3956000,95.31,United States,--,USD,16.6,5.88,1,2111-07-01,5.6,16.86,,5.88,16.86,5.88,USD,2011-05-18,2011-05-18
SBA COMMUNICATIONS CORP,Communications,Fixed Income,3765660.5,0.01094,3765660.5,3792000,99.31,United States,--,USD,5.76,5.57,1,2033-07-15,5.45,5.74,,5.57,5.74,5.57,USD,2026-07-23,2026-07-23
ELI LILLY AND COMPANY,Consumer Non-Cyclical,Fixed Income,3758312.73,0.01092,3758312.73,7147000,51.7,United States,--,USD,17.2,5.74,1,2060-09-15,2.5,17.49,,5.74,17.49,5.74,USD,2020-08-25,2020-08-25
EMERSON ELECTRIC CO,Capital Goods,Fixed Income,3748107.14,0.01089,3748107.14,6179000,60.42,United States,--,USD,15.21,5.79,1,2051-12-21,2.8,15.46,,5.79,15.46,5.79,USD,2021-12-21,2021-12-21
BRISTOL-MYERS SQUIBB CO,Consumer Non-Cyclical,Fixed Income,3748413.62,0.01089,3748413.62,3819000,96.49,United States,--,USD,2.74,4.66,1,2029-07-26,3.4,2.77,,4.66,2.77,4.66,USD,2020-01-26,2020-07-15
PROCTER & GAMBLE CO,Consumer Non-Cyclical,Fixed Income,3715821.17,0.0108,3715821.17,3698000,98.3,United States,--,USD,6.16,4.82,1,2034-01-29,4.55,6.15,,4.82,6.15,4.82,USD,2024-01-29,2024-01-29
BAXTER INTERNATIONAL INC,Consumer Non-Cyclical,Fixed Income,3711278.47,0.01078,3711278.47,6410000,57.45,United States,--,USD,14.08,6.61,1,2051-12-01,3.13,14.28,,6.61,14.28,6.61,USD,2022-06-01,2022-06-10
NATIONAL AUSTRALIA BANK LTD (NEW Y MTN,Banking,Fixed Income,3696870.35,0.01074,3696870.35,3692000,99.64,Australia,--,USD,3.52,4.68,1,2030-06-13,4.53,3.51,,4.68,3.51,4.68,USD,2025-06-13,2025-06-13
NATIONAL AUSTRALIA BANK LTD (NEW Y MTN,Banking,Fixed Income,3672667.36,0.01067,3672667.36,3631000,101.04,Australia,--,USD,3.17,4.67,1,2030-01-14,4.9,3.16,,4.67,3.16,4.67,USD,2025-01-14,2025-01-14
APPLE INC,Technology,Fixed Income,3653610.95,0.01061,3653610.95,3728000,96.52,United States,--,USD,2.79,4.48,1,2029-08-08,3.25,2.81,,4.48,2.81,4.48,USD,2022-08-08,2022-08-08
CENOVUS ENERGY INC,Energy,Fixed Income,3631335.2,0.01055,3631335.2,5142000,68.99,Canada,--,USD,13.65,6.18,1,2052-02-15,3.75,13.89,,6.18,13.89,6.18,USD,2021-09-13,2021-09-13
TOYOTA MOTOR CREDIT CORP MTN,Consumer Cyclical,Fixed Income,3619115.22,0.01051,3619115.22,3563000,99.51,United States,--,USD,2.76,4.72,1,2029-08-09,4.55,2.76,,4.72,2.76,4.72,USD,2024-08-09,2024-08-09
ELEVANCE HEALTH INC,Insurance,Fixed Income,3594481.66,0.01044,3594481.66,3774000,94.23,United States,--,USD,2.92,4.87,1,2029-09-15,2.88,2.92,,4.87,2.92,4.87,USD,2019-09-09,2019-09-09
UNION PACIFIC CORPORATION,Transportation,Fixed Income,3567172.4,0.01036,3567172.4,5321000,65.3,United States,--,USD,15.84,6.01,1,2070-02-05,3.75,16.13,,6.01,16.13,6.01,USD,2020-01-31,2020-01-31
EQUINOR ASA,Owned No Guarantee,Fixed Income,3538898.07,0.01028,3538898.07,3707000,94.55,Norway,--,USD,3.39,4.75,1,2030-04-06,3.13,3.41,,4.75,3.41,4.75,USD,2020-04-06,2020-04-06
LEIDOS INC,Technology,Fixed Income,3531513.4,0.01026,3531513.4,3409000,101.57,United States,--,USD,5.31,5.46,1,2033-03-15,5.75,5.37,,5.46,5.2,5.46,USD,2023-02-28,2023-02-28
SHELL FINANCE US INC,Energy,Fixed Income,3492917.99,0.01015,3492917.99,5289000,65.39,United States,--,USD,14.1,5.87,1,2049-11-07,3.13,14.33,,5.87,14.33,5.87,USD,2026-05-07,2026-07-08
STANLEY BLACK & DECKER INC,Capital Goods,Fixed Income,3486227.44,0.01013,3486227.44,6062000,57.0,United States,--,USD,14.6,6.2,1,2050-11-15,2.75,14.81,,6.2,14.81,6.2,USD,2020-11-02,2020-11-02
FAIRFAX FINANCIAL HOLDINGS LTD,Insurance,Fixed Income,3472335.89,0.01009,3472335.89,3343000,101.43,Canada,--,USD,4.92,5.34,1,2032-08-16,5.63,4.98,,5.34,4.8,5.34,USD,2023-02-16,2023-05-15
DUKE ENERGY CAROLINAS LLC,Electric,Fixed Income,3458939.83,0.01005,3458939.83,5206000,65.05,United States,--,USD,13.7,6.02,1,2049-08-15,3.2,13.92,,6.02,13.92,6.02,USD,2019-08-14,2019-08-14
NORFOLK SOUTHERN CORPORATION,Transportation,Fixed Income,3435206.01,0.00998,3435206.01,5399000,63.06,United States,--,USD,14.26,5.98,1,2050-05-15,3.05,14.49,,5.98,14.49,5.98,USD,2020-05-11,2020-05-11
INTEL CORPORATION,Technology,Fixed Income,3423191.9,0.00995,3423191.9,6035000,55.3,United States,--,USD,15.22,6.42,1,2061-08-12,3.2,15.47,,6.42,15.47,6.42,USD,2021-08-12,2021-08-12
WASTE CONNECTIONS INC,Capital Goods,Fixed Income,3418407.78,0.00993,3418407.78,5514000,61.94,United States,--,USD,15.05,5.84,1,2052-01-15,2.95,15.3,,5.84,15.3,5.84,USD,2021-09-20,2021-09-20
BROOKFIELD FINANCE INC,Brokerage/Asset Managers/Exchanges,Fixed Income,3389299.13,0.00985,3389299.13,5051000,66.01,Canada,--,USD,13.76,6.21,1,2051-03-30,3.5,13.98,,6.21,13.98,6.21,USD,2020-09-28,2020-09-28
ADOBE INC,Technology,Fixed Income,3334657.57,0.00969,3334657.57,3350000,98.06,United States,--,USD,6.18,5.26,1,2034-04-04,4.95,6.22,,5.26,6.22,5.26,USD,2024-04-04,2024-04-04
REGENERON PHARMACEUTICALS INC.,Consumer Non-Cyclical,Fixed Income,3334885.34,0.00969,3334885.34,5609000,58.47,United States,--,USD,14.44,6.11,1,2050-09-15,2.8,14.65,,6.11,14.65,6.11,USD,2020-08-12,2020-08-12
TOTALENERGIES CAPITAL INTERNATIONA,Energy,Fixed Income,3330324.48,0.00968,3330324.48,5284000,62.81,France,--,USD,15.9,5.95,1,2060-06-29,3.39,16.19,,5.95,16.19,5.95,USD,2020-06-29,2020-06-29
EBAY INC,Consumer Cyclical,Fixed Income,3312095.22,0.00962,3312095.22,4274000,77.42,United States,--,USD,10.88,6.26,1,2042-07-15,4.0,10.96,,6.26,10.96,6.26,USD,2012-07-24,2012-07-24
AERCAP IRELAND CAPITAL DAC,Finance Companies,Fixed Income,3301972.14,0.00959,3301972.14,3280000,98.97,Ireland,--,USD,2.82,4.98,1,2029-09-10,4.63,2.83,,4.98,2.83,4.98,USD,2024-09-10,2024-09-10
NATIONAL BANK OF CANADA MTN,Banking,Fixed Income,3250413.7,0.00944,3250413.7,3245000,98.89,Canada,--,USD,2.93,4.87,1,2029-10-10,4.5,2.92,,4.87,2.92,4.87,USD,2024-10-10,2024-10-10
CONSOLIDATED EDISON COMPANY OF NEW,Electric,Fixed Income,3206997.26,0.00932,3206997.26,4881000,65.33,United States,--,USD,15.72,5.98,1,2061-06-15,3.6,16.01,,5.98,16.01,5.98,USD,2021-06-08,2021-06-08
HOME DEPOT INC,Consumer Cyclical,Fixed Income,3148672.04,0.00915,3148672.04,4653000,66.44,United States,--,USD,15.08,5.89,1,2056-09-15,3.5,15.36,,5.89,15.36,5.89,USD,2016-09-15,2016-09-15
OTIS WORLDWIDE CORP,Capital Goods,Fixed Income,3141324.02,0.00913,3141324.02,4543000,67.68,United States,--,USD,13.74,5.92,1,2050-02-15,3.36,13.97,,5.92,13.97,5.92,USD,2020-08-15,2020-09-04
CONNECTICUT LIGHT AND POWER COMPAN,Electric,Fixed Income,3107489.73,0.00903,3107489.73,3984000,76.77,United States,--,USD,12.76,5.91,1,2048-04-01,4.0,12.99,,5.91,12.99,5.91,USD,2018-03-28,2018-03-28
FAIRFAX FINANCIAL HOLDINGS LTD 144A,Insurance,Fixed Income,3093554.74,0.00899,3093554.74,3200000,95.92,Canada,--,USD,12.86,6.51,1,2056-06-08,6.2,13.11,,6.51,13.11,6.51,USD,2026-06-08,2026-06-08
OMNICOM GROUP INC,Communications,Fixed Income,3058932.8,0.00889,3058932.8,3390000,89.0,United States,--,USD,4.54,5.11,1,2031-08-01,2.6,4.54,,5.11,4.54,5.11,USD,2021-05-03,2021-05-03
EXPAND ENERGY CORP,Energy,Fixed Income,3060563.1,0.00889,3060563.1,2994000,100.33,United States,--,USD,1.95,5.27,1,2030-03-15,5.38,3.22,,5.16,1.53,5.16,USD,2021-08-30,2021-08-30
PUBLIC SERVICE COMPANY OF COLORADO,Electric,Fixed Income,3043051.46,0.00884,3043051.46,3505000,86.63,United States,--,USD,4.56,4.99,1,2031-06-15,1.88,4.56,,4.99,4.56,4.99,USD,2021-03-01,2021-03-01
PARKER HANNIFIN CORPORATION,Capital Goods,Fixed Income,3016822.77,0.00876,3016822.77,3883000,77.27,United States,--,USD,13.3,5.81,1,2049-06-14,4.0,13.55,,5.81,13.55,5.81,USD,2019-06-14,2019-06-14
INTEL CORPORATION,Technology,Fixed Income,2981164.86,0.00866,2981164.86,2997000,97.62,United States,--,USD,2.74,4.85,1,2029-08-05,4.0,2.77,,4.85,2.77,4.85,USD,2022-08-05,2022-08-05
CONSTELLATION BRANDS INC,Consumer Non-Cyclical,Fixed Income,2956035.76,0.00859,2956035.76,3057000,95.2,United States,--,USD,2.78,4.88,1,2029-08-01,3.15,2.79,,4.88,2.79,4.88,USD,2019-07-29,2019-07-29
SAN DIEGO GAS & ELECTRIC CO,Electric,Fixed Income,2948997.35,0.00857,2948997.35,4709000,61.34,United States,--,USD,14.58,5.93,1,2051-08-15,2.95,14.81,,5.93,14.81,5.93,USD,2021-08-13,2021-08-13
LAM RESEARCH CORPORATION,Technology,Fixed Income,2887340.31,0.00839,2887340.31,4647000,61.84,United States,--,USD,14.63,5.86,1,2050-06-15,2.88,14.86,,5.86,14.86,5.86,USD,2020-05-05,2020-05-05
ARCHER DANIELS MIDLAND CO,Consumer Non-Cyclical,Fixed Income,2717719.67,0.0079,2717719.67,4547000,58.82,United States,--,USD,15.04,5.85,1,2051-09-15,2.7,15.28,,5.85,15.28,5.85,USD,2021-09-10,2021-09-10
AUSTRALIA AND NEW ZEALAND BANKING MTN,Banking,Fixed Income,2688198.25,0.00781,2688198.25,2673000,100.11,Australia,--,USD,3.11,4.6,1,2029-12-16,4.62,3.1,,4.6,3.1,4.6,USD,2024-12-16,2024-12-16
AMGEN INC,Consumer Non-Cyclical,Fixed Income,2633576.62,0.00765,2633576.62,2641000,97.99,United States,--,USD,2.77,4.76,1,2029-08-18,4.05,2.8,,4.76,2.8,4.76,USD,2022-08-18,2022-08-18
COMMONSPIRIT HEALTH,Consumer Non-Cyclical,Fixed Income,2559332.77,0.00744,2559332.77,2660000,95.18,United States,--,USD,2.9,5.0,1,2029-10-01,3.35,2.94,,5.0,2.94,5.0,USD,2019-08-21,2019-08-21
COMMONSPIRIT HEALTH,Consumer Non-Cyclical,Fixed Income,2522162.0,0.00733,2522162.0,2500000,100.15,United States,--,USD,4.45,5.17,1,2031-12-01,5.21,4.59,,5.17,4.22,5.17,USD,2024-03-20,2024-03-20
GOLDMAN SACHS PRIVATE CREDIT CORP,Finance Companies,Fixed Income,2522956.66,0.00733,2522956.66,2469000,98.28,United States,--,USD,3.78,6.32,1,2031-01-31,5.88,3.76,,6.32,3.76,6.32,USD,2025-11-24,2026-04-30
COMMONSPIRIT HEALTH,Consumer Non-Cyclical,Fixed Income,2508117.07,0.00729,2508117.07,3259000,75.67,United States,--,USD,12.86,6.17,1,2049-10-01,4.19,13.09,,6.17,13.09,6.17,USD,2019-08-21,2019-08-21
EQUINOR ASA,Owned No Guarantee,Fixed Income,2502388.0,0.00727,2502388.0,3712000,66.84,Norway,--,USD,13.99,5.88,1,2049-11-18,3.25,14.22,,5.88,14.22,5.88,USD,2019-11-18,2019-11-18
XILINX INC,Technology,Fixed Income,2490787.4,0.00724,2490787.4,2712000,91.51,United States,--,USD,3.6,4.81,1,2030-06-01,2.38,3.6,,4.81,3.6,4.81,USD,2020-05-19,2020-05-19
TAPESTRY INC,Consumer Cyclical,Fixed Income,2427898.46,0.00705,2427898.46,2402000,99.08,United States,--,USD,6.63,5.64,1,2035-03-11,5.5,6.66,,5.64,6.66,5.64,USD,2024-12-11,2024-12-11
EQUINOR ASA,Owned No Guarantee,Fixed Income,2349704.62,0.00683,2349704.62,2411000,95.26,Norway,--,USD,9.57,5.59,1,2040-08-17,5.1,9.6,,5.59,9.6,5.59,USD,2010-08-17,2010-08-17
BECTON DICKINSON AND COMPANY,Consumer Non-Cyclical,Fixed Income,2304104.33,0.00669,2304104.33,2695000,84.9,United States,--,USD,12.18,5.94,1,2047-06-06,4.67,12.41,,5.94,12.41,5.94,USD,2017-06-06,2017-06-06
EQUINOR ASA,Owned No Guarantee,Fixed Income,2146342.05,0.00624,2146342.05,2649000,80.29,Norway,--,USD,11.33,5.8,1,2043-05-15,3.95,11.41,,5.8,11.41,5.8,USD,2013-05-15,2013-05-15
PEPSICO INC,Consumer Non-Cyclical,Fixed Income,2113456.57,0.00614,2113456.57,2116000,99.82,United States,--,USD,2.73,4.57,1,2029-07-17,4.5,2.76,,4.57,2.76,4.57,USD,2024-07-17,2024-07-17
FORD MOTOR CREDIT COMPANY LLC,Consumer Cyclical,Fixed Income,2045244.61,0.00594,2045244.61,2018000,99.35,United States,--,USD,2.78,5.53,1,2029-09-06,5.3,2.78,,5.53,2.78,5.53,USD,2024-09-06,2024-09-06
DIGITAL REALTY TRUST LP,Reits,Fixed Income,1951962.42,0.00567,1951962.42,2021000,96.37,United States,--,USD,2.72,4.94,1,2029-07-01,3.6,2.74,,4.94,2.74,4.94,USD,2019-06-14,2019-06-14
CENTERPOINT ENERGY HOUSTON ELECTRI,Electric,Fixed Income,1937777.42,0.00563,1937777.42,1975000,96.16,United States,--,USD,7.42,5.36,1,2036-04-01,4.85,7.45,,5.36,7.45,5.36,USD,2026-02-27,2026-02-27
EQUINOR ASA,Owned No Guarantee,Fixed Income,1934112.97,0.00562,1934112.97,2609000,73.04,Norway,--,USD,13.64,5.81,1,2050-04-06,3.7,13.89,,5.81,13.89,5.81,USD,2020-04-06,2020-04-06
EQUINOR ASA,Owned No Guarantee,Fixed Income,1912933.06,0.00556,1912933.06,2104000,89.93,Norway,--,USD,11.07,5.72,1,2043-11-08,4.8,11.17,,5.72,11.17,5.72,USD,2013-11-08,2013-11-08
META PLATFORMS INC,Communications,Fixed Income,1850259.79,0.00538,1850259.79,1831000,99.18,United States,--,USD,2.76,4.59,1,2029-08-15,4.3,2.79,,4.59,2.79,4.59,USD,2024-08-09,2024-08-09
SUTTER HEALTH,Consumer Non-Cyclical,Fixed Income,1817261.6,0.00528,1817261.6,1750000,101.43,United States,--,USD,6.8,5.34,1,2035-08-15,5.54,6.91,,5.33,6.61,5.33,USD,2025-05-29,2025-05-29
CITIBANK NA,Banking,Fixed Income,1772757.95,0.00515,1772757.95,1730000,100.24,United States,--,USD,2.71,4.75,1,2029-08-06,4.84,2.74,,4.75,2.67,4.75,USD,2024-08-06,2024-08-06
BROADRIDGE FINANCIAL SOLUTIONS INC,Technology,Fixed Income,1749690.81,0.00508,1749690.81,1867000,93.31,United States,--,USD,3.13,5.09,1,2029-12-01,2.9,3.13,,5.09,3.13,5.09,USD,2019-12-09,2019-12-09
GLOBAL PAYMENTS INC,Technology,Fixed Income,1603966.47,0.00466,1603966.47,1677000,94.25,United States,--,USD,2.82,5.26,1,2029-08-15,3.2,2.82,,5.26,2.82,5.26,USD,2019-08-14,2019-08-14
NISOURCE INC,Natural Gas,Fixed Income,1508104.37,0.00438,1508104.37,1575000,94.6,United States,--,USD,2.88,4.84,1,2029-09-01,2.95,2.88,,4.84,2.88,4.84,USD,2019-08-12,2019-08-12
PUBLIC SERVICE COMPANY OF NEW HAMP,Electric,Fixed Income,1503023.45,0.00437,1503023.45,1468000,100.74,United States,--,USD,5.77,5.22,1,2033-10-01,5.35,5.82,,5.22,5.65,5.22,USD,2023-09-25,2023-09-25
CONSUMERS ENERGY COMPANY,Electric,Fixed Income,1490312.47,0.00433,1490312.47,1500000,98.26,United States,--,USD,7.42,5.36,1,2036-05-01,5.13,7.5,,5.36,7.5,5.36,USD,2026-05-05,2026-05-05
AFLAC INCORPORATED,Insurance,Fixed Income,1431367.08,0.00416,1431367.08,1475000,95.93,United States,--,USD,3.33,4.86,1,2030-04-01,3.6,3.36,,4.86,3.36,4.86,USD,2020-04-01,2020-04-01
PROVIDENCE ST. JOSEPH HEALTH,Consumer Non-Cyclical,Fixed Income,1399855.86,0.00407,1399855.86,2422000,56.97,United States,--,USD,14.92,6.05,1,2051-10-01,2.7,15.14,,6.05,15.14,6.05,USD,2021-10-01,2021-10-01
EQUINOR ASA,Owned No Guarantee,Fixed Income,1333181.16,0.00387,1333181.16,1449000,91.61,Norway,--,USD,3.57,4.8,1,2030-05-22,2.38,3.58,,4.8,3.58,4.8,USD,2020-05-22,2020-05-22
NOMURA HOLDINGS INC,Brokerage/Asset Managers/Exchanges,Fixed Income,1213186.59,0.00352,1213186.59,1160000,104.52,Japan,--,USD,5.35,5.36,1,2033-01-18,6.18,5.32,,5.36,5.32,5.36,USD,2023-01-11,2023-01-11
TAPESTRY INC,Consumer Cyclical,Fixed Income,968081.27,0.00281,968081.27,950000,100.05,United States,--,USD,3.2,5.08,1,2030-03-11,5.1,3.22,,5.08,3.22,5.08,USD,2024-12-11,2024-12-11
APTIV SWISS HOLDINGS LTD,Consumer Cyclical,Fixed Income,944266.39,0.00274,944266.39,1287000,72.43,Ireland,--,USD,13.4,6.33,1,2052-05-01,4.15,13.63,,6.33,13.63,6.33,USD,2022-02-18,2022-02-18
GE HEALTHCARE TECHNOLOGIES INC,Consumer Non-Cyclical,Fixed Income,863491.92,0.00251,863491.92,846000,99.96,United States,--,USD,2.74,4.81,1,2029-08-14,4.8,2.76,,4.81,2.76,4.81,USD,2024-08-14,2024-08-14
FEDEX CORP,Transportation,Fixed Income,859439.17,0.0025,859439.17,1000000,84.54,United States,--,USD,11.82,5.89,1,2046-04-01,4.55,12.02,,5.89,12.02,5.89,USD,2025-10-01,2025-10-08
BELL TELEPHONE COMPANY OF CANADA O,Communications,Fixed Income,818269.61,0.00238,818269.61,1000000,80.45,Canada,--,USD,12.33,6.1,1,2048-04-01,4.46,12.55,,6.1,12.55,6.1,USD,2018-03-29,2018-03-29
FISERV INC,Technology,Fixed Income,762739.16,0.00222,762739.16,1000000,76.02,United States,--,USD,12.68,6.41,1,2049-07-01,4.4,12.89,,6.41,12.89,6.41,USD,2019-06-24,2019-06-24
AMERICAN TOWER CORPORATION,Communications,Fixed Income,702232.26,0.00204,702232.26,712000,96.97,United States,--,USD,2.76,4.88,1,2029-08-15,3.8,2.8,,4.88,2.8,4.88,USD,2019-06-13,2019-06-13
PEPSICO INC,Consumer Non-Cyclical,Fixed Income,404252.96,0.00117,404252.96,422000,94.53,United States,--,USD,2.8,4.58,1,2029-07-29,2.63,2.82,,4.58,2.82,4.58,USD,2019-07-29,2019-07-29
SUMITOMO MITSUI FINANCIAL GROUP IN,Banking,Fixed Income,347902.21,0.00101,347902.21,343000,101.24,Japan,--,USD,2.72,4.89,1,2029-07-09,5.32,2.71,,4.89,2.71,4.89,USD,2024-07-09,2024-07-09
3M CO,Capital Goods,Fixed Income,331387.29,0.00096,331387.29,352000,93.18,United States,--,USD,2.9,4.77,1,2029-08-26,2.38,2.9,,4.77,2.9,4.77,USD,2019-08-26,2019-08-26
GENERAL MOTORS FINANCIAL COMPANY I,Consumer Cyclical,Fixed Income,24402.88,7e-05,24402.88,24000,101.57,United States,--,USD,2.69,4.98,1,2029-07-15,5.55,2.72,,4.97,2.65,4.97,USD,2024-04-04,2024-04-04
