Name,Sector,Asset Class,Market Value,Weight (%),Notional Value,Par Value,Price,Location,Exchange,Currency,Duration,YTM (%),FX Rate,Maturity,Coupon (%),Mod. Duration,Yield to Call (%),Yield to Worst (%),Real Duration,Real YTM (%),Market Currency,Accrual Date,Effective Date
BLK CSH FND TREASURY SL AGENCY,Cash and/or Derivatives,Money Market,2758278.2,4.65225,2758278.2,2758278,1.0,United States,--,USD,0.09,3.56,1,,3.71,0.1,,3.56,0.1,3.56,USD,,2009-02-04
SHIRE ACQUISITIONS INVESTMENTS IRE,Corporates,Fixed Income,363110.81,0.61244,363110.81,360000,99.8,United States,--,USD,0.17,4.38,1,2026-09-23,3.2,0.16,,4.38,0.16,4.38,USD,2016-09-23,2016-09-23
FORD MOTOR CREDIT COMPANY LLC,Corporates,Fixed Income,234088.29,0.39483,234088.29,220000,104.9,United States,--,USD,5.56,6.27,1,2033-11-07,7.12,5.6,,6.25,5.44,6.25,USD,2023-11-07,2023-11-07
AERCAP IRELAND CAPITAL DAC,Corporates,Fixed Income,231802.75,0.39097,231802.75,220000,103.43,Ireland,--,USD,3.54,5.22,1,2030-09-30,6.15,3.6,,5.19,3.47,5.19,USD,2023-09-25,2023-09-25
FORD MOTOR CREDIT COMPANY LLC (FXD,Corporates,Fixed Income,205779.72,0.34708,205779.72,200000,100.87,United States,--,USD,1.49,5.36,1,2028-03-20,5.92,1.53,,5.33,1.46,5.33,USD,2025-03-20,2025-03-20
SANTANDER UK GROUP HOLDINGS PLC,Corporates,Fixed Income,204785.41,0.3454,204785.41,200000,102.16,United Kingdom,--,USD,1.38,5.56,1,2029-01-10,6.53,1.37,,4.99,1.38,4.99,USD,2023-01-10,2023-01-10
NOMURA HOLDINGS INC,Corporates,Fixed Income,202974.1,0.34235,202974.1,200000,101.41,Japan,--,USD,1.42,4.88,1,2028-01-18,5.84,1.41,,4.88,1.41,4.88,USD,2023-01-11,2023-01-11
TAKEDA PHARMACEUTICAL CO LTD,Corporates,Fixed Income,202316.56,0.34124,202316.56,200000,100.37,Japan,--,USD,2.07,4.83,1,2028-11-26,5.0,2.17,,4.81,1.95,4.81,USD,2019-11-26,2019-12-13
BARCLAYS PLC,Corporates,Fixed Income,201255.08,0.33945,201255.08,200000,99.63,United Kingdom,--,USD,1.33,5.05,1,2028-05-09,4.84,1.68,,5.05,1.68,5.05,USD,2017-05-09,2017-05-09
TAKEDA PHARMACEUTICAL CO LTD,Corporates,Fixed Income,199826.3,0.33704,199826.3,220000,90.19,Japan,--,USD,3.46,5.0,1,2030-03-31,2.05,3.45,,5.0,3.45,5.0,USD,2020-07-09,2020-07-09
NOMURA HOLDINGS INC,Corporates,Fixed Income,181180.87,0.30559,181180.87,205000,88.32,Japan,--,USD,4.57,5.36,1,2031-07-14,2.61,4.55,,5.36,4.55,5.36,USD,2021-07-12,2021-07-12
DEUTSCHE BANK AG (NEW YORK BRANCH),Corporates,Fixed Income,175360.08,0.29577,175360.08,170000,100.54,Germany,--,USD,0.52,5.06,1,2028-02-08,5.71,0.51,,4.68,0.52,4.68,USD,2024-02-08,2024-02-08
VERIZON COMMUNICATIONS INC,Corporates,Fixed Income,172885.59,0.2916,172885.59,191000,89.65,United States,--,USD,4.26,5.07,1,2031-03-21,2.55,4.26,,5.07,4.26,5.07,USD,2021-03-22,2021-03-22
DEUTSCHE BANK AG (NEW YORK BRANCH),Corporates,Fixed Income,153928.9,0.25962,153928.9,150000,102.53,Germany,--,USD,1.38,5.67,1,2029-01-18,6.72,1.39,,4.94,1.4,4.94,USD,2023-01-18,2023-01-18
AERCAP IRELAND CAPITAL DAC / AERCA,Corporates,Fixed Income,151620.68,0.25573,151620.68,150000,99.82,Ireland,--,USD,1.12,4.77,1,2027-10-15,4.63,1.17,,4.77,1.17,4.77,USD,2020-09-25,2020-09-25
FORD MOTOR COMPANY,Corporates,Fixed Income,150280.1,0.25347,150280.1,140000,107.2,United States,--,USD,4.18,5.77,1,2031-07-16,7.45,4.16,,5.77,4.16,5.77,USD,1999-07-16,1999-07-16
AMERICAN TOWER CORPORATION,Corporates,Fixed Income,147708.34,0.24913,147708.34,150000,96.8,United States,--,USD,2.76,4.94,1,2029-08-15,3.8,2.8,,4.94,2.8,4.94,USD,2019-06-13,2019-06-13
DEUTSCHE BANK AG (NEW YORK BRANCH),Corporates,Fixed Income,146528.54,0.24714,146528.54,155000,93.3,Germany,--,USD,3.7,5.61,1,2031-09-18,3.55,3.73,,5.37,3.74,5.37,USD,2020-09-18,2020-09-18
AT&T INC,Corporates,Fixed Income,144478.83,0.24369,144478.83,160000,89.9,United States,--,USD,4.43,5.12,1,2031-06-01,2.75,4.43,,5.12,4.43,5.12,USD,2020-05-28,2020-05-28
SPACE EXPLORATION TECHNOLOGIES COR 144A,Corporates,Fixed Income,143371.92,0.24182,143371.92,150000,95.16,United States,--,USD,5.64,6.52,1,2033-07-15,5.65,5.62,,6.52,5.62,6.52,USD,2026-06-26,2026-06-26
GENERAL MOTORS FINANCIAL COMPANY I,Corporates,Fixed Income,141985.84,0.23948,141985.84,160000,88.64,United States,--,USD,4.14,5.24,1,2031-01-08,2.35,4.13,,5.24,4.13,5.24,USD,2021-01-08,2021-01-08
T-MOBILE USA INC,Corporates,Fixed Income,140762.05,0.23742,140762.05,145000,96.02,United States,--,USD,3.34,5.06,1,2030-04-15,3.88,3.38,,5.06,3.38,5.06,USD,2021-04-15,2021-05-21
SPACE EXPLORATION TECHNOLOGIES COR 144A,Corporates,Fixed Income,140331.26,0.23669,140331.26,150000,93.11,United States,--,USD,7.34,6.84,1,2036-07-15,5.88,7.31,,6.84,7.31,6.84,USD,2026-06-26,2026-06-26
AMGEN INC,Corporates,Fixed Income,138059.65,0.23286,138059.65,135000,100.21,United States,--,USD,5.36,5.21,1,2033-03-02,5.25,5.42,,5.21,5.24,5.21,USD,2023-03-02,2023-03-02
TELEFONICA EMISIONES SAU,Corporates,Fixed Income,135801.05,0.22905,135801.05,150000,88.76,Spain,--,USD,8.52,6.02,1,2038-03-06,4.67,8.49,,6.02,8.49,6.02,USD,2018-03-06,2018-03-06
AERCAP IRELAND CAPITAL DAC,Corporates,Fixed Income,132164.48,0.22292,132164.48,150000,87.32,Ireland,--,USD,6.21,5.54,1,2033-10-29,3.4,6.2,,5.54,6.2,5.54,USD,2021-10-29,2021-10-29
T-MOBILE USA INC,Corporates,Fixed Income,131762.78,0.22224,131762.78,145000,89.75,United States,--,USD,4.17,5.1,1,2031-02-15,2.55,4.16,,5.1,4.16,5.1,USD,2021-02-15,2021-05-21
AMGEN INC,Corporates,Fixed Income,128831.19,0.21729,128831.19,135000,93.22,United States,--,USD,12.67,6.17,1,2053-03-02,5.65,12.91,,6.17,12.91,6.17,USD,2023-03-02,2023-03-02
NEXTERA ENERGY CAPITAL HOLDINGS IN,Corporates,Fixed Income,127146.94,0.21445,127146.94,140000,90.49,United States,--,USD,3.61,4.99,1,2030-06-01,2.25,3.6,,4.99,3.6,4.99,USD,2020-05-12,2020-05-12
CVS HEALTH CORP,Corporates,Fixed Income,125229.56,0.21122,125229.56,145000,84.71,United States,--,USD,11.82,6.36,1,2048-03-25,5.05,12.03,,6.36,12.03,6.36,USD,2018-03-09,2018-03-09
ORACLE CORPORATION,Corporates,Fixed Income,123054.59,0.20755,123054.59,140000,86.95,United States,--,USD,4.23,6.13,1,2031-03-25,2.88,4.21,,6.13,4.21,6.13,USD,2021-03-24,2021-03-24
HCA INC,Corporates,Fixed Income,119248.19,0.20113,119248.19,125000,94.02,United States,--,USD,3.66,5.13,1,2030-09-01,3.5,3.7,,5.13,3.7,5.13,USD,2020-02-26,2020-02-26
CVS HEALTH CORP,Corporates,Fixed Income,115974.38,0.19561,115974.38,125000,91.21,United States,--,USD,8.49,5.83,1,2038-03-25,4.78,8.54,,5.83,8.54,5.83,USD,2018-03-09,2018-03-09
CITIGROUP INC,Corporates,Fixed Income,115711.3,0.19516,115711.3,115000,98.58,United States,--,USD,1.87,4.88,1,2028-07-25,4.13,1.86,,4.88,1.86,4.88,USD,2016-07-25,2016-07-25
GOLDMAN SACHS GROUP INC/THE,Corporates,Fixed Income,114064.03,0.19239,114064.03,105000,106.53,United States,--,USD,7.78,5.94,1,2037-10-01,6.75,7.75,,5.94,7.75,5.94,USD,2007-10-03,2007-10-03
INTEL CORPORATION,Corporates,Fixed Income,113080.24,0.19073,113080.24,130000,86.09,United States,--,USD,4.65,5.16,1,2031-08-12,2.0,4.64,,5.16,4.64,5.16,USD,2021-08-12,2021-08-12
ORACLE CORPORATION,Corporates,Fixed Income,111807.55,0.18858,111807.55,120000,91.61,United States,--,USD,5.15,6.47,1,2032-09-26,4.8,5.12,,6.47,5.12,6.47,USD,2025-09-26,2025-09-26
AMGEN INC,Corporates,Fixed Income,111540.82,0.18813,111540.82,120000,91.92,United States,--,USD,3.32,4.94,1,2030-02-21,2.45,3.32,,4.94,3.32,4.94,USD,2020-02-21,2020-02-21
BOEING CO,Corporates,Fixed Income,110625.64,0.18659,110625.64,115000,94.87,United States,--,USD,12.1,6.22,1,2050-05-01,5.8,12.34,,6.22,12.34,6.22,USD,2020-05-04,2020-05-04
INTEL CORPORATION,Corporates,Fixed Income,110164.2,0.18581,110164.2,110000,97.97,United States,--,USD,6.02,5.48,1,2034-02-21,5.15,6.05,,5.48,6.05,5.48,USD,2024-02-21,2024-02-21
HSBC HOLDINGS PLC,Corporates,Fixed Income,108189.76,0.18248,108189.76,100000,105.88,United Kingdom,--,USD,7.82,5.78,1,2037-09-15,6.5,7.8,,5.78,7.8,5.78,USD,2007-09-12,2007-09-12
AT&T INC,Corporates,Fixed Income,107678.61,0.18162,107678.61,130000,82.46,United States,--,USD,6.48,5.48,1,2033-12-01,2.55,6.47,,5.48,6.47,5.48,USD,2021-06-01,2021-09-03
CVS HEALTH CORP,Corporates,Fixed Income,107593.47,0.18147,107593.47,105000,100.31,United States,--,USD,3.12,5.03,1,2030-02-21,5.13,3.17,,5.03,3.03,5.03,USD,2023-02-21,2023-02-21
BOEING CO,Corporates,Fixed Income,106559.44,0.17973,106559.44,105000,100.31,United States,--,USD,3.27,5.06,1,2030-05-01,5.15,3.35,,5.05,3.15,5.05,USD,2020-05-04,2020-05-04
AT&T INC,Corporates,Fixed Income,105642.7,0.17818,105642.7,170000,60.88,United States,--,USD,14.14,6.58,1,2055-09-15,3.55,14.35,,6.58,14.35,6.58,USD,2021-03-15,2021-09-03
VERIZON COMMUNICATIONS INC,Corporates,Fixed Income,104329.46,0.17597,104329.46,120000,86.1,United States,--,USD,5.11,5.23,1,2032-03-15,2.36,5.1,,5.23,5.1,5.23,USD,2022-03-15,2022-04-28
AT&T INC,Corporates,Fixed Income,103577.47,0.1747,103577.47,165000,61.53,United States,--,USD,13.93,6.55,1,2053-09-15,3.5,14.13,,6.55,14.13,6.55,USD,2021-03-15,2021-09-03
SOUTHERN COMPANY (THE),Corporates,Fixed Income,103564.78,0.17468,103564.78,100000,101.61,United States,--,USD,2.31,4.84,1,2029-03-15,5.5,2.39,,4.8,2.25,4.8,USD,2023-09-08,2023-09-08
SANTANDER HOLDINGS USA INC,Corporates,Fixed Income,103252.41,0.17415,103252.41,100000,101.29,United States,--,USD,3.18,5.38,1,2031-03-20,5.74,3.2,,5.35,3.21,5.35,USD,2025-03-20,2025-03-20
GE HEALTHCARE TECHNOLOGIES INC,Corporates,Fixed Income,102184.25,0.17235,102184.25,100000,101.12,United States,--,USD,1.2,4.75,1,2027-11-15,5.65,1.24,,4.72,1.16,4.72,USD,2023-05-15,2023-06-07
AT&T INC,Corporates,Fixed Income,102110.32,0.17222,102110.32,110000,91.98,United States,--,USD,6.97,5.67,1,2035-05-15,4.5,7.03,,5.67,7.03,5.67,USD,2015-05-04,2015-05-04
SANTANDER HOLDINGS USA INC,Corporates,Fixed Income,100750.56,0.16993,100750.56,100000,99.78,United States,--,USD,0.2,4.32,1,2026-10-05,3.24,0.2,,4.32,0.2,4.32,USD,2019-10-04,2020-02-04
DUKE ENERGY CORP,Corporates,Fixed Income,100655.06,0.16977,100655.06,110000,91.15,United States,--,USD,3.6,5.0,1,2030-06-01,2.45,3.59,,5.0,3.59,5.0,USD,2020-05-15,2020-05-15
T-MOBILE USA INC,Corporates,Fixed Income,99406.75,0.16766,99406.75,105000,94.57,United States,--,USD,6.83,5.51,1,2035-01-15,4.7,6.85,,5.51,6.85,5.51,USD,2024-09-26,2024-09-26
AT&T INC,Corporates,Fixed Income,98375.38,0.16592,98375.38,100000,98.04,United States,--,USD,0.83,4.66,1,2027-06-01,2.3,0.83,,4.66,0.83,4.66,USD,2020-05-28,2020-05-28
ORACLE CORPORATION,Corporates,Fixed Income,95215.06,0.16059,95215.06,105000,89.76,United States,--,USD,3.4,6.09,1,2030-04-01,2.95,3.37,,6.09,3.37,6.09,USD,2020-04-01,2020-04-01
VERIZON COMMUNICATIONS INC,Corporates,Fixed Income,94486.46,0.15937,94486.46,95000,97.84,United States,--,USD,6.73,5.57,1,2035-04-02,5.25,6.77,,5.57,6.77,5.57,USD,2025-04-02,2025-04-02
JBS USA LUX SA,Corporates,Fixed Income,92801.42,0.15652,92801.42,105000,87.82,Brazil,--,USD,5.18,5.48,1,2032-05-15,3.0,5.17,,5.48,5.17,5.48,USD,2023-05-15,2023-08-21
PACIFIC GAS AND ELECTRIC COMPANY,Corporates,Fixed Income,91890.83,0.15499,91890.83,100000,91.42,United States,--,USD,4.37,5.27,1,2031-06-01,3.25,4.38,,5.27,4.38,5.27,USD,2021-03-11,2021-03-11
GENERAL MOTORS FINANCIAL COMPANY I,Corporates,Fixed Income,90941.02,0.15339,90941.02,90000,99.59,United States,--,USD,2.88,5.04,1,2029-10-06,4.9,2.89,,5.04,2.89,5.04,USD,2024-09-06,2024-09-06
AT&T INC,Corporates,Fixed Income,89935.32,0.15169,89935.32,115000,76.53,United States,--,USD,11.99,6.54,1,2048-03-09,4.5,12.18,,6.54,12.18,6.54,USD,2016-09-07,2016-12-15
VERIZON COMMUNICATIONS INC,Corporates,Fixed Income,89836.89,0.15152,89836.89,90000,98.78,United States,--,USD,5.57,5.26,1,2033-05-09,5.05,5.62,,5.26,5.62,5.26,USD,2023-05-09,2023-05-09
BAT CAPITAL CORP,Corporates,Fixed Income,89429.12,0.15084,89429.12,89000,98.92,United Kingdom,--,USD,1.01,4.61,1,2027-08-15,3.56,1.01,,4.61,1.01,4.61,USD,2018-08-15,2018-11-20
AT&T INC,Corporates,Fixed Income,89065.4,0.15022,89065.4,140000,63.07,United States,--,USD,14.33,6.6,1,2057-12-01,3.8,14.55,,6.6,14.55,6.6,USD,2021-06-01,2021-09-03
SPACE EXPLORATION TECHNOLOGIES COR 144A,Corporates,Fixed Income,87863.32,0.14819,87863.32,100000,87.36,United States,--,USD,11.66,7.74,1,2056-07-15,6.65,11.82,,7.74,11.82,7.74,USD,2026-06-26,2026-06-26
BOEING CO,Corporates,Fixed Income,86733.52,0.14629,86733.52,80000,106.93,United States,--,USD,5.96,5.42,1,2034-05-01,6.53,6.03,,5.39,5.88,5.39,USD,2024-11-01,2024-12-17
DIAMONDBACK ENERGY INC,Corporates,Fixed Income,86579.89,0.14603,86579.89,90000,95.69,United States,--,USD,3.08,4.91,1,2029-12-01,3.5,3.1,,4.91,3.1,4.91,USD,2019-12-05,2019-12-05
FIFTH THIRD BANCORP,Corporates,Fixed Income,86242.52,0.14546,86242.52,85000,99.14,United States,--,USD,2.68,5.25,1,2030-07-28,4.77,2.7,,5.08,2.71,5.08,USD,2022-07-28,2022-07-28
DOMINION ENERGY INC,Corporates,Fixed Income,86035.97,0.14511,86035.97,90000,94.55,United States,--,USD,3.35,5.01,1,2030-04-01,3.38,3.37,,5.01,3.37,5.01,USD,2020-04-03,2020-04-03
BOEING CO,Corporates,Fixed Income,85917.58,0.14491,85917.58,90000,94.11,United States,--,USD,13.55,6.35,1,2060-05-01,5.93,13.8,,6.35,13.8,6.35,USD,2020-05-04,2020-05-04
MCDONALDS CORPORATION MTN,Corporates,Fixed Income,85174.76,0.14366,85174.76,85000,98.24,United States,--,USD,3.98,4.84,1,2031-02-12,4.4,3.99,,4.84,3.99,4.84,USD,2025-08-27,2025-08-27
LOWES COMPANIES INC,Corporates,Fixed Income,84533.77,0.14258,84533.77,96000,87.59,United States,--,USD,3.98,4.99,1,2030-10-15,1.7,3.97,,4.99,3.97,4.99,USD,2020-10-22,2020-10-22
GE HEALTHCARE TECHNOLOGIES INC,Corporates,Fixed Income,84255.77,0.14211,84255.77,85000,99.02,United States,--,USD,3.97,5.05,1,2031-01-15,4.8,3.98,,5.05,3.98,5.05,USD,2025-06-09,2025-06-09
PACIFIC GAS AND ELECTRIC COMPANY,Corporates,Fixed Income,83256.42,0.14042,83256.42,85000,97.67,United States,--,USD,3.43,5.21,1,2030-07-01,4.55,3.54,,5.21,3.54,5.21,USD,2020-07-02,2020-07-01
INTEL CORPORATION,Corporates,Fixed Income,82883.14,0.13979,82883.14,120000,68.6,United States,--,USD,12.69,6.46,1,2047-12-08,3.73,12.87,,6.46,12.87,6.46,USD,2018-06-08,2018-06-08
WILLIAMS COMPANIES INC,Corporates,Fixed Income,81741.14,0.13787,81741.14,80000,100.19,United States,--,USD,6.61,5.57,1,2035-03-15,5.6,6.65,,5.57,6.65,5.57,USD,2025-01-09,2025-01-09
DELL INTERNATIONAL LLC,Corporates,Fixed Income,81605.36,0.13764,81605.36,80000,100.36,United States,--,USD,4.75,5.22,1,2032-04-01,5.3,4.78,,5.22,4.66,5.22,USD,2025-04-01,2025-04-01
HCA INC,Corporates,Fixed Income,81519.67,0.1375,81519.67,80000,100.16,United States,--,USD,6.04,5.57,1,2034-04-01,5.6,6.08,,5.57,6.08,5.57,USD,2024-02-23,2024-02-23
MARRIOTT INTERNATIONAL INC,Corporates,Fixed Income,81371.12,0.13724,81371.12,80000,100.35,United States,--,USD,1.13,4.69,1,2027-10-15,5.0,1.16,,4.68,1.09,4.68,USD,2022-09-08,2022-09-08
VERIZON COMMUNICATIONS INC,Corporates,Fixed Income,80872.92,0.1364,80872.92,85000,95.03,United States,--,USD,7.38,5.68,1,2036-01-15,5.0,7.39,,5.68,7.39,5.68,USD,2025-11-24,2025-11-24
CROWN CASTLE INC,Corporates,Fixed Income,79991.34,0.13492,79991.34,80000,98.32,United States,--,USD,1.46,4.93,1,2028-02-15,3.8,1.47,,4.93,1.47,4.93,USD,2018-01-16,2018-01-16
KEURIG DR PEPPER INC,Corporates,Fixed Income,79906.46,0.13477,79906.46,90000,87.98,United States,--,USD,4.28,5.19,1,2031-03-15,2.25,4.27,,5.19,4.27,5.19,USD,2021-03-15,2021-03-15
RAYTHEON TECHNOLOGIES CORPORATION,Corporates,Fixed Income,79575.05,0.13422,79575.05,80000,98.7,United States,--,USD,2.1,4.72,1,2028-11-16,4.13,2.16,,4.72,2.16,4.72,USD,2018-08-16,2018-08-16
ONEOK INC,Corporates,Fixed Income,79115.38,0.13344,79115.38,75000,103.1,United States,--,USD,5.56,5.52,1,2033-09-01,6.05,5.61,,5.5,5.45,5.5,USD,2023-08-24,2023-08-24
INTEL CORPORATION,Corporates,Fixed Income,78581.09,0.13254,78581.09,85000,89.87,United States,--,USD,12.31,6.51,1,2053-02-10,5.7,12.53,,6.51,12.53,6.51,USD,2023-02-10,2023-02-10
VERIZON COMMUNICATIONS INC,Corporates,Fixed Income,78459.4,0.13233,78459.4,80000,96.22,United States,--,USD,7.88,5.73,1,2037-03-16,5.25,7.86,,5.73,7.86,5.73,USD,2017-03-16,2017-03-16
VERIZON COMMUNICATIONS INC,Corporates,Fixed Income,77176.5,0.13017,77176.5,115000,65.92,United States,--,USD,13.63,6.29,1,2051-03-22,3.55,13.85,,6.29,13.85,6.29,USD,2021-03-22,2021-03-22
SANTANDER HOLDINGS USA INC,Corporates,Fixed Income,76909.21,0.12972,76909.21,70000,108.3,United States,--,USD,3.59,5.71,1,2031-11-09,7.66,3.61,,5.46,3.61,5.46,USD,2023-11-09,2023-11-09
BOEING CO,Corporates,Fixed Income,76885.06,0.12968,76885.06,77000,98.55,United States,--,USD,9.2,5.86,1,2040-05-01,5.71,9.29,,5.86,9.29,5.86,USD,2020-05-04,2020-05-04
SANTANDER HOLDINGS USA INC,Corporates,Fixed Income,76824.3,0.12958,76824.3,75000,102.19,United States,--,USD,2.25,5.46,1,2030-01-09,6.17,2.25,,5.21,2.26,5.21,USD,2024-01-09,2024-01-09
ENBRIDGE INC,Corporates,Fixed Income,76635.78,0.12926,76635.78,90000,83.96,Canada,--,USD,6.17,5.26,1,2033-08-01,2.5,6.17,,5.26,6.17,5.26,USD,2021-06-28,2021-06-28
ORACLE CORPORATION,Corporates,Fixed Income,75860.8,0.12795,75860.8,130000,57.01,United States,--,USD,12.92,7.65,1,2061-03-25,4.1,13.08,,7.65,13.08,7.65,USD,2021-03-24,2021-03-24
LOWES COMPANIES INC,Corporates,Fixed Income,75559.28,0.12744,75559.28,80000,93.28,United States,--,USD,4.94,5.13,1,2032-04-01,3.75,4.96,,5.13,4.96,5.13,USD,2022-03-24,2022-03-24
VERIZON COMMUNICATIONS INC,Corporates,Fixed Income,75460.25,0.12728,75460.25,100000,74.32,United States,--,USD,10.55,6.07,1,2041-03-22,3.4,10.59,,6.07,10.59,6.07,USD,2021-03-22,2021-03-22
T-MOBILE USA INC,Corporates,Fixed Income,75360.96,0.12711,75360.96,75000,99.51,United States,--,USD,4.9,5.22,1,2032-05-15,5.13,4.92,,5.22,4.92,5.22,USD,2025-03-27,2025-03-27
TYSON FOODS INC,Corporates,Fixed Income,75330.64,0.12706,75330.64,75000,98.73,United States,--,USD,2.32,4.88,1,2029-03-01,4.35,2.39,,4.88,2.39,4.88,USD,2019-02-19,2019-02-19
AT&T INC,Corporates,Fixed Income,75274.18,0.12696,75274.18,75000,98.65,United States,--,USD,2.32,4.91,1,2029-03-01,4.35,2.39,,4.91,2.39,4.91,USD,2019-02-19,2019-02-19
ELEVANCE HEALTH INC,Corporates,Fixed Income,75234.02,0.12689,75234.02,75000,99.74,United States,--,USD,6.28,5.41,1,2034-06-15,5.38,6.33,,5.41,6.33,5.41,USD,2024-05-30,2024-05-30
HCA INC,Corporates,Fixed Income,75157.6,0.12676,75157.6,75000,99.1,United States,--,USD,0.62,4.55,1,2027-03-15,3.13,0.62,,4.55,0.62,4.55,USD,2023-03-15,2023-08-07
ENERGY TRANSFER PARTNERS LP,Corporates,Fixed Income,75016.85,0.12653,75016.85,75000,99.41,United States,--,USD,8.37,5.87,1,2038-06-15,5.8,8.44,,5.87,8.44,5.87,USD,2018-06-08,2018-06-08
KEYCORP MTN,Corporates,Fixed Income,74952.73,0.12642,74952.73,80000,92.9,United States,--,USD,2.99,4.99,1,2029-10-01,2.55,2.98,,4.99,2.98,4.99,USD,2019-09-11,2019-09-11
ALTRIA GROUP INC,Corporates,Fixed Income,74818.13,0.12619,74818.13,85000,86.87,United States,--,USD,4.99,5.21,1,2032-02-04,2.45,4.98,,5.21,4.98,5.21,USD,2021-02-04,2021-02-04
ENERGY TRANSFER OPERATING LP,Corporates,Fixed Income,74627.09,0.12587,74627.09,90000,81.97,United States,--,USD,12.35,6.5,1,2050-05-15,5.0,12.57,,6.5,12.57,6.5,USD,2020-01-22,2020-01-22
GE HEALTHCARE TECHNOLOGIES INC,Corporates,Fixed Income,74237.97,0.12521,74237.97,75000,98.55,United States,--,USD,2.23,4.8,1,2028-12-15,4.15,2.24,,4.8,2.24,4.8,USD,2025-12-15,2025-12-15
HCA INC,Corporates,Fixed Income,73701.66,0.12431,73701.66,75000,97.83,United States,--,USD,2.63,4.94,1,2029-06-15,4.13,2.68,,4.94,2.68,4.94,USD,2019-06-12,2019-06-12
NORTHROP GRUMMAN CORP,Corporates,Fixed Income,73579.67,0.1241,73579.67,75000,98.03,United States,--,USD,1.42,4.64,1,2028-01-15,3.25,1.42,,4.64,1.42,4.64,USD,2017-10-13,2017-10-13
PACIFICORP,Corporates,Fixed Income,73364.93,0.12374,73364.93,100000,73.27,United States,--,USD,12.8,6.38,1,2049-01-15,4.13,13.01,,6.38,13.01,6.38,USD,2018-07-13,2018-07-13
DUKE ENERGY CORP,Corporates,Fixed Income,73266.34,0.12357,73266.34,70000,102.62,United States,--,USD,5.65,5.3,1,2033-09-15,5.75,5.71,,5.29,5.55,5.29,USD,2023-09-08,2023-09-08
ONEOK INC,Corporates,Fixed Income,73162.01,0.1234,73162.01,70000,104.38,United States,--,USD,3.77,5.24,1,2031-01-15,6.35,3.87,,5.19,3.68,5.19,USD,2020-05-07,2020-05-07
ROPER TECHNOLOGIES INC,Corporates,Fixed Income,72682.03,0.12259,72682.03,75000,96.41,United States,--,USD,1.11,4.65,1,2027-09-15,1.4,1.11,,4.65,1.11,4.65,USD,2020-09-01,2020-09-01
BAT CAPITAL CORP,Corporates,Fixed Income,72521.92,0.12232,72521.92,75000,95.96,United Kingdom,--,USD,1.61,4.8,1,2028-03-25,2.26,1.6,,4.8,1.6,4.8,USD,2020-09-25,2020-09-25
AMERICAN TOWER CORPORATION,Corporates,Fixed Income,72503.37,0.12229,72503.37,72000,99.78,United States,--,USD,0.23,4.31,1,2026-10-15,3.38,0.22,,4.31,0.22,4.31,USD,2016-05-13,2016-05-13
ORACLE CORPORATION,Corporates,Fixed Income,71853.79,0.12119,71853.79,75000,95.05,United States,--,USD,1.61,5.43,1,2028-03-25,2.3,1.59,,5.43,1.59,5.43,USD,2021-03-24,2021-03-24
AT&T INC,Corporates,Fixed Income,71534.53,0.12065,71534.53,75000,93.95,United States,--,USD,12.69,6.67,1,2056-10-30,6.2,12.91,,6.67,12.91,6.67,USD,2026-04-30,2026-04-30
ELEVANCE HEALTH INC,Corporates,Fixed Income,71520.65,0.12063,71520.65,75000,92.86,United States,--,USD,12.89,6.24,1,2055-02-15,5.7,13.14,,6.24,13.14,6.24,USD,2024-10-31,2024-10-31
SUMISHO AIR LEASE CORP,Corporates,Fixed Income,71283.47,0.12023,71283.47,75000,94.22,United States,--,USD,2.01,5.03,1,2028-09-01,2.1,2.0,,5.03,2.0,5.03,USD,2021-08-18,2021-08-18
BOEING CO,Corporates,Fixed Income,71174.3,0.12005,71174.3,65000,107.94,United States,--,USD,12.44,6.25,1,2054-05-01,6.86,12.7,,6.25,12.61,6.25,USD,2024-11-01,2024-12-17
AMGEN INC,Corporates,Fixed Income,71157.08,0.12002,71157.08,75000,92.62,United States,--,USD,13.9,6.27,1,2063-03-02,5.75,14.15,,6.27,14.15,6.27,USD,2023-03-02,2023-03-02
AT&T INC,Corporates,Fixed Income,71150.42,0.12001,71150.42,115000,60.57,United States,--,USD,14.48,6.59,1,2059-09-15,3.65,14.7,,6.59,14.7,6.59,USD,2021-03-15,2021-09-03
ALTRIA GROUP INC,Corporates,Fixed Income,70848.39,0.1195,70848.39,70000,98.65,United States,--,USD,8.52,5.95,1,2039-02-14,5.8,8.58,,5.95,8.58,5.95,USD,2019-02-14,2019-02-14
DIAMONDBACK ENERGY INC,Corporates,Fixed Income,70811.35,0.11943,70811.35,70000,99.73,United States,--,USD,6.12,5.44,1,2034-04-18,5.4,6.17,,5.44,6.17,5.44,USD,2024-04-18,2024-04-18
BRITISH TELECOMMUNICATIONS PLC,Corporates,Fixed Income,70703.85,0.11925,70703.85,60000,116.82,United Kingdom,--,USD,3.64,5.28,1,2030-12-15,9.63,3.62,,5.28,3.62,5.28,USD,2000-12-12,2000-12-12
CIGNA GROUP,Corporates,Fixed Income,69359.26,0.11698,69359.26,75000,91.63,United States,--,USD,3.39,4.94,1,2030-03-15,2.4,3.39,,4.94,3.39,4.94,USD,2020-03-16,2020-03-16
SPRINT CAPITAL CORPORATION,Corporates,Fixed Income,68587.81,0.11568,68587.81,65000,104.22,United States,--,USD,2.11,4.92,1,2028-11-15,6.88,2.1,,4.92,2.1,4.92,USD,1998-11-16,1998-11-16
BAT CAPITAL CORP,Corporates,Fixed Income,68478.03,0.1155,68478.03,75000,90.41,United Kingdom,--,USD,4.25,5.06,1,2031-03-25,2.73,4.25,,5.06,4.25,5.06,USD,2020-09-25,2020-09-25
WILLIAMS COMPANIES INC,Corporates,Fixed Income,67829.6,0.1144,67829.6,75000,89.52,United States,--,USD,4.24,5.17,1,2031-03-15,2.6,4.23,,5.17,4.23,5.17,USD,2021-03-02,2021-03-02
ORACLE CORPORATION,Corporates,Fixed Income,67789.84,0.11434,67789.84,75000,88.7,United States,--,USD,6.95,6.88,1,2035-09-26,5.2,6.91,,6.88,6.91,6.88,USD,2025-09-26,2025-09-26
VERIZON COMMUNICATIONS INC,Corporates,Fixed Income,67579.08,0.11398,67579.08,85000,77.84,United States,--,USD,13.45,6.36,1,2055-03-15,4.67,13.65,,6.36,13.65,6.36,USD,2015-03-13,2015-08-20
NISOURCE INC,Corporates,Fixed Income,67235.82,0.1134,67235.82,70000,95.23,United States,--,USD,3.41,5.0,1,2030-05-01,3.6,3.44,,5.0,3.44,5.0,USD,2020-04-13,2020-04-13
ORACLE CORPORATION,Corporates,Fixed Income,67097.12,0.11317,67097.12,85000,76.96,United States,--,USD,11.79,8.04,1,2065-09-26,6.1,11.94,,8.04,11.94,8.04,USD,2025-09-26,2025-09-26
CHARTER COMMUNICATIONS OPERATING L,Corporates,Fixed Income,66794.32,0.11266,66794.32,75000,87.44,United States,--,USD,10.02,7.75,1,2045-10-23,6.48,10.11,,7.75,10.11,7.75,USD,2016-10-23,2016-12-01
NEXTERA ENERGY CAPITAL HOLDINGS IN,Corporates,Fixed Income,66297.39,0.11182,66297.39,65000,100.25,United States,--,USD,2.38,4.79,1,2029-03-15,4.9,2.41,,4.79,2.34,4.79,USD,2024-01-31,2024-01-31
ORACLE CORPORATION,Corporates,Fixed Income,66176.92,0.11162,66176.92,80000,80.81,United States,--,USD,10.14,7.82,1,2045-09-26,5.88,10.22,,7.82,10.22,7.82,USD,2025-09-26,2025-09-26
PACIFIC GAS AND ELECTRIC COMPANY,Corporates,Fixed Income,66118.65,0.11152,66118.65,65000,100.63,United States,--,USD,6.11,5.7,1,2034-05-15,5.8,6.15,,5.7,6.0,5.7,USD,2024-02-28,2024-02-28
WRKCO INC,Corporates,Fixed Income,66090.66,0.11147,66090.66,65000,99.94,United States,--,USD,2.32,4.92,1,2029-03-15,4.9,2.41,,4.92,2.41,4.92,USD,2018-12-03,2019-02-15
DELL INTERNATIONAL LLC,Corporates,Fixed Income,65935.32,0.11121,65935.32,65000,99.96,United States,--,USD,1.57,4.77,1,2028-04-01,4.75,1.58,,4.77,1.58,4.77,USD,2025-04-01,2025-04-01
CITIGROUP INC,Corporates,Fixed Income,65694.36,0.1108,65694.36,65000,99.66,United States,--,USD,1.13,4.74,1,2027-09-29,4.45,1.12,,4.74,1.12,4.74,USD,2015-09-29,2015-09-29
DIGITAL REALTY TRUST LP,Corporates,Fixed Income,65428.81,0.11036,65428.81,65000,99.04,United States,--,USD,1.0,4.64,1,2027-08-15,3.7,1.01,,4.64,1.01,4.64,USD,2017-08-07,2017-08-07
CVS HEALTH CORP,Corporates,Fixed Income,65338.16,0.1102,65338.16,65000,99.11,United States,--,USD,1.52,4.86,1,2028-03-25,4.3,1.57,,4.86,1.57,4.86,USD,2018-03-09,2018-03-09
ENERGY TRANSFER LP,Corporates,Fixed Income,65270.24,0.11009,65270.24,65000,99.17,United States,--,USD,1.11,4.72,1,2027-10-01,4.0,1.13,,4.72,1.13,4.72,USD,2017-09-21,2017-09-21
CIGNA GROUP,Corporates,Fixed Income,65204.1,0.10998,65204.1,65000,99.12,United States,--,USD,2.01,4.79,1,2028-10-15,4.38,2.07,,4.79,2.07,4.79,USD,2019-04-15,2019-08-27
NASDAQ INC,Corporates,Fixed Income,65099.1,0.1098,65099.1,75000,86.76,United States,--,USD,4.23,4.99,1,2031-01-15,1.65,4.21,,4.99,4.21,4.99,USD,2020-12-21,2020-12-21
LOWES COMPANIES INC,Corporates,Fixed Income,65088.79,0.10978,65088.79,65000,98.78,United States,--,USD,5.51,5.22,1,2033-04-15,5.0,5.57,,5.22,5.57,5.22,USD,2022-09-08,2022-09-08
CHARTER COMMUNICATIONS OPERATING L,Corporates,Fixed Income,64869.44,0.10941,64869.44,80000,79.3,United States,--,USD,10.72,7.73,1,2048-04-01,5.75,10.85,,7.73,10.85,7.73,USD,2018-04-17,2018-04-17
GENERAL MOTORS FINANCIAL COMPANY I,Corporates,Fixed Income,64764.21,0.10923,64764.21,65000,98.68,United States,--,USD,0.58,4.64,1,2027-02-26,2.35,0.57,,4.64,0.57,4.64,USD,2022-01-11,2022-01-11
CVS HEALTH CORP,Corporates,Fixed Income,64417.39,0.10865,64417.39,63000,100.03,United States,--,USD,5.34,5.24,1,2033-02-21,5.25,5.38,,5.24,5.38,5.24,USD,2023-02-21,2023-02-21
ORACLE CORPORATION,Corporates,Fixed Income,64038.37,0.10801,64038.37,80000,78.11,United States,--,USD,11.48,7.87,1,2055-09-26,5.95,11.63,,7.87,11.63,7.87,USD,2025-09-26,2025-09-26
VERIZON COMMUNICATIONS INC,Corporates,Fixed Income,63927.06,0.10782,63927.06,75000,83.18,United States,--,USD,11.49,6.36,1,2046-08-21,4.86,11.63,,6.36,11.63,6.36,USD,2015-02-21,2015-03-11
ELEVANCE HEALTH INC,Corporates,Fixed Income,63472.7,0.10706,63472.7,70000,89.77,United States,--,USD,4.25,5.05,1,2031-03-15,2.55,4.24,,5.05,4.24,5.05,USD,2021-03-17,2021-03-17
QUEST DIAGNOSTICS INCORPORATED,Corporates,Fixed Income,63437.55,0.107,63437.55,70000,90.45,United States,--,USD,4.5,5.01,1,2031-06-30,2.8,4.5,,5.01,4.5,5.01,USD,2020-05-13,2020-05-13
SMITH & NEPHEW PLC,Corporates,Fixed Income,62966.03,0.1062,62966.03,71000,88.13,United Kingdom,--,USD,3.94,5.2,1,2030-10-14,2.03,3.93,,5.2,3.93,5.2,USD,2020-10-14,2020-10-14
T-MOBILE USA INC,Corporates,Fixed Income,62939.88,0.10616,62939.88,65000,95.93,United States,--,USD,1.5,4.79,1,2028-02-15,2.05,1.49,,4.79,1.49,4.79,USD,2021-02-15,2021-05-21
SHERWIN-WILLIAMS COMPANY (THE),Corporates,Fixed Income,62760.6,0.10586,62760.6,63000,99.12,United States,--,USD,0.82,4.5,1,2027-06-01,3.45,0.83,,4.5,0.83,4.5,USD,2017-05-16,2017-05-16
SYSCO CORPORATION,Corporates,Fixed Income,62738.71,0.10582,62738.71,60000,102.71,United States,--,USD,3.12,5.13,1,2030-04-01,5.95,3.23,,5.08,3.03,5.08,USD,2020-04-02,2020-04-02
NUTRIEN LTD,Corporates,Fixed Income,62683.05,0.10572,62683.05,67000,92.98,Canada,--,USD,3.5,5.0,1,2030-05-13,2.95,3.51,,5.0,3.51,5.0,USD,2020-05-13,2020-05-13
AT&T INC,Corporates,Fixed Income,62547.69,0.1055,62547.69,65000,95.44,United States,--,USD,1.47,4.79,1,2028-02-01,1.65,1.46,,4.79,1.46,4.79,USD,2020-08-04,2020-08-04
GENERAL MOTORS FINANCIAL COMPANY I,Corporates,Fixed Income,62457.13,0.10534,62457.13,60000,102.36,United States,--,USD,3.19,5.14,1,2030-04-06,5.85,3.25,,5.12,3.11,5.12,USD,2023-04-06,2023-04-06
ENBRIDGE INC,Corporates,Fixed Income,62412.59,0.10527,62412.59,60000,101.88,Canada,--,USD,5.3,5.36,1,2033-03-08,5.7,5.36,,5.35,5.19,5.35,USD,2023-03-08,2023-03-08
ARES CAPITAL CORPORATION,Corporates,Fixed Income,62381.28,0.10522,62381.28,65000,95.67,United States,--,USD,1.81,5.31,1,2028-06-15,2.88,1.8,,5.31,1.8,5.31,USD,2021-06-10,2021-06-10
HCA INC,Corporates,Fixed Income,62007.46,0.10458,62007.46,65000,93.28,United States,--,USD,12.56,6.47,1,2054-09-15,5.95,12.8,,6.47,12.8,6.47,USD,2024-08-12,2024-08-12
DELL INTERNATIONAL LLC / EMC CORP,Corporates,Fixed Income,61937.72,0.10447,61937.72,60000,100.72,United States,--,USD,1.38,4.75,1,2028-02-01,5.25,1.41,,4.73,1.34,4.73,USD,2023-01-24,2023-01-24
GENERAL MOTORS FINANCIAL COMPANY I,Corporates,Fixed Income,61818.86,0.10427,61818.86,60000,102.76,United States,--,USD,5.9,5.64,1,2034-01-07,6.1,5.94,,5.63,5.78,5.63,USD,2023-12-07,2023-12-07
ENERGY TRANSFER LP,Corporates,Fixed Income,61812.6,0.10426,61812.6,61000,100.54,United States,--,USD,0.64,4.84,1,2027-06-01,5.5,0.82,,4.59,0.59,4.59,USD,2018-12-01,2019-03-25
KINDER MORGAN INC MTN,Corporates,Fixed Income,61784.65,0.10421,61784.65,55000,112.16,United States,--,USD,4.52,5.17,1,2032-01-15,7.75,4.5,,5.17,4.5,5.17,USD,2002-01-11,2002-01-11
AMGEN INC,Corporates,Fixed Income,61551.44,0.10382,61551.44,60000,100.57,United States,--,USD,1.46,4.78,1,2028-03-02,5.15,1.5,,4.76,1.42,4.76,USD,2023-03-02,2023-03-02
INTEL CORPORATION,Corporates,Fixed Income,61451.89,0.10365,61451.89,65000,93.83,United States,--,USD,1.98,4.79,1,2028-08-12,1.6,1.96,,4.79,1.96,4.79,USD,2021-08-12,2021-08-12
PHILLIPS 66,Corporates,Fixed Income,61112.52,0.10308,61112.52,70000,86.38,United States,--,USD,11.19,6.12,1,2044-11-15,4.88,11.34,,6.12,11.34,6.12,USD,2014-11-17,2014-11-17
CVS HEALTH CORP,Corporates,Fixed Income,61023.12,0.10292,61023.12,70000,86.42,United States,--,USD,4.72,5.16,1,2031-09-15,2.13,4.71,,5.16,4.71,5.16,USD,2021-08-18,2021-08-18
VERIZON COMMUNICATIONS INC,Corporates,Fixed Income,60347.23,0.10178,60347.23,65000,91.96,United States,--,USD,13.83,6.57,1,2065-11-30,6.0,14.07,,6.57,14.07,6.57,USD,2025-11-24,2025-11-24
T-MOBILE USA INC,Corporates,Fixed Income,60295.1,0.1017,60295.1,60000,99.47,United States,--,USD,0.69,4.49,1,2027-04-15,3.75,0.7,,4.49,0.7,4.49,USD,2021-04-15,2021-05-21
CNA FINANCIAL CORP,Corporates,Fixed Income,60253.87,0.10163,60253.87,60000,98.91,United States,--,USD,1.01,4.51,1,2027-08-15,3.45,1.01,,4.51,1.01,4.51,USD,2017-08-10,2017-08-10
WELLS FARGO & COMPANY MTN,Corporates,Fixed Income,59867.01,0.10097,59867.01,60000,99.77,United States,--,USD,0.97,4.54,1,2027-07-22,4.3,0.96,,4.54,0.96,4.54,USD,2015-07-22,2015-07-22
AMGEN INC,Corporates,Fixed Income,59796.83,0.10086,59796.83,60000,98.73,United States,--,USD,0.57,4.44,1,2027-02-21,2.2,0.56,,4.44,0.56,4.44,USD,2020-02-21,2020-02-21
ONEOK INC,Corporates,Fixed Income,59792.04,0.10085,59792.04,60000,99.54,United States,--,USD,0.9,4.49,1,2027-07-13,4.0,0.94,,4.49,0.94,4.49,USD,2017-07-13,2017-07-13
VALERO ENERGY CORPORATION,Corporates,Fixed Income,59738.6,0.10076,59738.6,55000,107.92,United States,--,USD,7.8,5.64,1,2037-06-15,6.63,7.78,,5.64,7.78,5.64,USD,2007-06-08,2007-06-08
MARRIOTT INTERNATIONAL INC,Corporates,Fixed Income,59697.71,0.10069,59697.71,60000,98.07,United States,--,USD,7.08,5.52,1,2035-10-15,5.25,7.11,,5.52,7.11,5.52,USD,2025-08-20,2025-08-20
GENERAL MOTORS FINANCIAL COMPANY I,Corporates,Fixed Income,59659.86,0.10063,59659.86,60000,98.16,United States,--,USD,2.45,5.04,1,2029-04-06,4.3,2.48,,5.04,2.48,5.04,USD,2022-04-07,2022-04-07
CRH AMERICA FINANCE INC,Corporates,Fixed Income,59572.63,0.10048,59572.63,60000,97.28,Ireland,--,USD,3.98,5.08,1,2031-02-09,4.4,3.98,,5.08,3.98,5.08,USD,2025-10-09,2025-10-09
SABINE PASS LIQUEFACTION LLC,Corporates,Fixed Income,59421.01,0.10022,59421.01,60000,98.19,United States,--,USD,3.29,5.03,1,2030-05-15,4.5,3.43,,5.03,3.43,5.03,USD,2020-11-15,2021-02-23
FISERV INC,Corporates,Fixed Income,59316.55,0.10005,59316.55,65000,90.87,United States,--,USD,3.58,5.3,1,2030-06-01,2.65,3.57,,5.3,3.57,5.3,USD,2020-05-13,2020-05-13
BAT CAPITAL CORP,Corporates,Fixed Income,59268.11,0.09996,59268.11,65000,89.25,United Kingdom,--,USD,8.27,5.71,1,2037-08-15,4.39,8.31,,5.71,8.31,5.71,USD,2018-08-15,2018-11-20
CITIGROUP INC,Corporates,Fixed Income,59225.21,0.09989,59225.21,55000,106.98,United States,--,USD,4.87,5.23,1,2032-06-15,6.63,4.85,,5.23,4.85,5.23,USD,2002-06-06,2002-06-06
SYNOPSYS INC,Corporates,Fixed Income,59204.16,0.09986,59204.16,60000,97.07,United States,--,USD,6.76,5.58,1,2035-04-01,5.15,6.78,,5.58,6.78,5.58,USD,2025-03-17,2025-03-17
GENERAL MOTORS CO,Corporates,Fixed Income,59034.14,0.09957,59034.14,55000,105.28,United States,--,USD,6.94,5.88,1,2036-04-01,6.6,7.03,,5.85,6.77,5.85,USD,2016-02-23,2016-02-23
HUMANA INC,Corporates,Fixed Income,58821.26,0.09921,58821.26,60000,96.8,United States,--,USD,2.48,4.99,1,2029-03-23,3.7,2.47,,4.99,2.47,4.99,USD,2022-03-23,2022-03-23
VENTAS REALTY LP,Corporates,Fixed Income,58814.91,0.0992,58814.91,59000,98.79,United States,--,USD,3.76,5.06,1,2030-11-15,4.75,3.82,,5.06,3.82,5.06,USD,2020-04-01,2020-04-01
OREILLY AUTOMOTIVE INC,Corporates,Fixed Income,58806.1,0.09919,58806.1,60000,97.45,United States,--,USD,2.61,4.87,1,2029-06-01,3.9,2.65,,4.87,2.65,4.87,USD,2019-05-20,2019-05-20
ORACLE CORPORATION,Corporates,Fixed Income,58479.1,0.09863,58479.1,85000,67.68,United States,--,USD,9.73,7.39,1,2040-04-01,3.6,9.68,,7.39,9.68,7.39,USD,2020-04-01,2020-04-01
BAT CAPITAL CORP,Corporates,Fixed Income,58460.34,0.0986,58460.34,55000,103.74,United Kingdom,--,USD,5.86,5.39,1,2034-02-20,6.0,5.92,,5.38,5.76,5.38,USD,2024-02-20,2024-02-20
NORTHROP GRUMMAN CORP,Corporates,Fixed Income,58048.06,0.09791,58048.06,75000,76.3,United States,--,USD,12.56,6.02,1,2047-10-15,4.03,12.78,,6.02,12.78,6.02,USD,2017-10-13,2017-10-13
MCCORMICK & COMPANY INCORPORATED,Corporates,Fixed Income,58003.86,0.09783,58003.86,66000,87.07,United States,--,USD,4.25,5.06,1,2031-02-15,1.85,4.23,,5.06,4.23,5.06,USD,2021-02-11,2021-02-11
EDISON INTERNATIONAL,Corporates,Fixed Income,57900.46,0.09766,57900.46,55000,103.96,United States,--,USD,2.83,5.62,1,2029-11-15,6.95,2.9,,5.56,2.77,5.56,USD,2022-11-10,2022-11-10
ORACLE CORPORATION,Corporates,Fixed Income,57489.75,0.09697,57489.75,100000,56.37,United States,--,USD,12.44,7.6,1,2050-04-01,3.6,12.57,,7.6,12.57,7.6,USD,2020-04-01,2020-04-01
CHARTER COMMUNICATIONS OPERATING L,Corporates,Fixed Income,57458.14,0.09691,57458.14,65000,87.53,United States,--,USD,4.26,5.88,1,2031-04-01,2.8,4.24,,5.88,4.24,5.88,USD,2020-04-17,2020-04-17
FISERV INC,Corporates,Fixed Income,57430.18,0.09686,57430.18,60000,95.5,United States,--,USD,2.73,5.17,1,2029-07-01,3.5,2.74,,5.17,2.74,5.17,USD,2019-06-24,2019-06-24
ORACLE CORPORATION,Corporates,Fixed Income,57174.81,0.09643,57174.81,75000,73.66,United States,--,USD,11.22,7.95,1,2053-02-06,5.55,11.35,,7.95,11.35,7.95,USD,2023-02-06,2023-02-06
ENBRIDGE INC,Corporates,Fixed Income,57070.39,0.09626,57070.39,60000,94.53,Canada,--,USD,3.06,4.94,1,2029-11-15,3.13,3.07,,4.94,3.07,4.94,USD,2019-11-15,2019-11-15
HCA INC,Corporates,Fixed Income,56961.19,0.09607,56961.19,65000,87.58,United States,--,USD,4.59,5.24,1,2031-07-15,2.38,4.58,,5.24,4.58,5.24,USD,2021-06-30,2021-06-30
CIGNA GROUP,Corporates,Fixed Income,56935.68,0.09603,56935.68,85000,65.77,United States,--,USD,13.9,6.1,1,2051-03-15,3.4,14.13,,6.1,14.13,6.1,USD,2021-03-03,2021-03-03
CHARTER COMMUNICATIONS OPERATING L,Corporates,Fixed Income,56904.06,0.09598,56904.06,55000,100.28,United States,--,USD,5.66,6.6,1,2034-02-01,6.65,5.67,,6.6,5.67,6.6,USD,2023-11-10,2023-11-10
AT&T INC,Corporates,Fixed Income,56843.2,0.09587,56843.2,70000,80.31,United States,--,USD,11.51,6.54,1,2046-05-15,4.75,11.67,,6.54,11.67,6.54,USD,2015-05-04,2015-05-04
CIGNA GROUP,Corporates,Fixed Income,56594.04,0.09545,56594.04,55000,100.98,United States,--,USD,5.37,5.22,1,2033-03-15,5.4,5.43,,5.22,5.26,5.22,USD,2023-03-07,2023-03-07
KEYCORP MTN,Corporates,Fixed Income,56524.27,0.09534,56524.27,58000,96.76,United States,--,USD,5.71,4.74,1,2033-06-01,4.79,5.0,,4.74,5.0,4.74,USD,2022-05-23,2022-05-23
CIGNA GROUP,Corporates,Fixed Income,56441.35,0.0952,56441.35,60000,91.96,United States,--,USD,8.64,5.73,1,2038-08-15,4.8,8.7,,5.73,8.7,5.73,USD,2019-08-15,2019-08-27
ORACLE CORPORATION,Corporates,Fixed Income,56036.61,0.09451,56036.61,90000,62.17,United States,--,USD,11.54,7.75,1,2046-07-15,4.0,11.62,,7.75,11.62,7.75,USD,2016-07-07,2016-07-07
ALLY FINANCIAL INC,Corporates,Fixed Income,56016.67,0.09448,56016.67,50000,110.21,United States,--,USD,4.29,5.73,1,2031-11-01,8.0,4.26,,5.73,4.26,5.73,USD,2008-12-31,2008-12-31
INTEL CORPORATION,Corporates,Fixed Income,55977.13,0.09441,55977.13,60000,90.62,United States,--,USD,13.38,6.58,1,2063-02-10,5.9,13.6,,6.58,13.6,6.58,USD,2023-02-10,2023-02-10
AT&T INC,Corporates,Fixed Income,55965.14,0.09439,55965.14,55000,99.38,United States,--,USD,5.95,5.5,1,2034-02-15,5.4,5.99,,5.5,5.99,5.5,USD,2023-06-02,2023-06-02
INTEL CORPORATION,Corporates,Fixed Income,55909.75,0.0943,55909.75,55000,99.3,United States,--,USD,5.31,5.33,1,2033-02-10,5.2,5.36,,5.33,5.36,5.33,USD,2023-02-10,2023-02-10
CENCORA INC,Corporates,Fixed Income,55820.81,0.09415,55820.81,60000,92.51,United States,--,USD,3.52,4.98,1,2030-05-15,2.8,3.53,,4.98,3.53,4.98,USD,2020-05-19,2020-05-19
WELLS FARGO & COMPANY MTN,Corporates,Fixed Income,55400.23,0.09344,55400.23,65000,84.33,United States,--,USD,11.44,6.31,1,2045-11-17,4.9,11.56,,6.31,11.56,6.31,USD,2015-11-17,2015-11-17
ARES CAPITAL CORPORATION,Corporates,Fixed Income,55227.68,0.09315,55227.68,55000,98.24,United States,--,USD,4.62,6.17,1,2032-03-08,5.8,4.62,,6.17,4.62,6.17,USD,2025-01-08,2025-01-08
BLACKSTONE PRIVATE CREDIT FUND,Corporates,Fixed Income,55203.34,0.09311,55203.34,55000,97.47,United States,--,USD,4.49,6.55,1,2032-01-29,6.0,4.48,,6.55,4.48,6.55,USD,2025-01-29,2025-01-29
STARBUCKS CORPORATION,Corporates,Fixed Income,55006.79,0.09278,55006.79,60000,90.35,United States,--,USD,4.94,5.01,1,2032-02-14,3.0,4.94,,5.01,4.94,5.01,USD,2022-02-14,2022-02-14
MPLX LP,Corporates,Fixed Income,54923.88,0.09264,54923.88,55000,97.89,United States,--,USD,5.39,5.38,1,2033-03-01,5.0,5.44,,5.38,5.44,5.38,USD,2023-02-09,2023-02-09
CVS HEALTH CORP,Corporates,Fixed Income,54865.8,0.09254,54865.8,59000,90.62,United States,--,USD,12.49,6.36,1,2053-02-21,5.63,12.73,,6.36,12.73,6.36,USD,2023-02-21,2023-02-21
KINDER MORGAN ENERGY PARTNERS LP,Corporates,Fixed Income,54777.27,0.09239,54777.27,50000,109.4,United States,--,USD,8.03,5.82,1,2038-01-15,6.95,8.01,,5.82,8.01,5.82,USD,2007-06-21,2007-06-21
EQT CORP,Corporates,Fixed Income,54636.93,0.09215,54636.93,53000,101.32,United States,--,USD,1.54,4.87,1,2028-04-01,5.7,1.57,,4.84,1.5,4.84,USD,2022-10-04,2022-10-04
BIOGEN INC,Corporates,Fixed Income,54574.02,0.09205,54574.02,60000,90.44,United States,--,USD,3.52,5.06,1,2030-05-01,2.25,3.52,,5.06,3.52,5.06,USD,2020-04-30,2020-04-30
T-MOBILE USA INC,Corporates,Fixed Income,54575.1,0.09205,54575.1,70000,76.74,United States,--,USD,12.63,6.42,1,2050-04-15,4.5,12.84,,6.42,12.84,6.42,USD,2021-04-15,2021-05-21
AMERICAN TOWER CORPORATION,Corporates,Fixed Income,54517.56,0.09195,54517.56,55000,99.04,United States,--,USD,0.94,4.56,1,2027-07-15,3.55,0.95,,4.56,0.95,4.56,USD,2017-06-30,2017-06-30
MARTIN MARIETTA MATERIALS INC,Corporates,Fixed Income,54293.2,0.09157,54293.2,55000,98.35,United States,--,USD,1.33,4.74,1,2027-12-15,3.5,1.34,,4.74,1.34,4.74,USD,2017-12-20,2017-12-20
ORACLE CORPORATION,Corporates,Fixed Income,54167.36,0.09136,54167.36,80000,66.51,United States,--,USD,10.09,7.44,1,2041-03-25,3.65,10.05,,7.44,10.05,7.44,USD,2021-03-24,2021-03-24
ELEVANCE HEALTH INC,Corporates,Fixed Income,54087.49,0.09123,54087.49,55000,96.71,United States,--,USD,5.17,5.23,1,2032-09-15,4.6,5.18,,5.23,5.18,5.23,USD,2025-09-15,2025-09-15
RTX CORP,Corporates,Fixed Income,53727.71,0.09062,53727.71,50000,105.29,United States,--,USD,5.91,5.25,1,2034-03-15,6.1,5.98,,5.23,5.83,5.23,USD,2023-11-08,2023-11-08
OCCIDENTAL PETROLEUM CORPORATION,Corporates,Fixed Income,53718.03,0.0906,53718.03,50000,105.14,United States,--,USD,7.33,5.77,1,2036-09-15,6.45,7.3,,5.77,7.3,5.77,USD,2019-09-15,2019-09-18
WELLS FARGO & COMPANY MTN,Corporates,Fixed Income,53707.52,0.09059,53707.52,65000,82.02,United States,--,USD,11.85,6.33,1,2046-12-07,4.75,11.99,,6.33,11.99,6.33,USD,2016-12-08,2016-12-08
EQUINIX INC,Corporates,Fixed Income,53632.8,0.09046,53632.8,60000,89.34,United States,--,USD,3.73,5.15,1,2030-07-15,2.15,3.73,,5.15,3.73,5.15,USD,2020-06-22,2020-06-22
VERIZON COMMUNICATIONS INC,Corporates,Fixed Income,53467.27,0.09018,53467.27,95000,55.59,United States,--,USD,15.35,6.28,1,2056-10-30,2.99,15.58,,6.28,15.58,6.28,USD,2021-04-30,2021-05-03
CVS HEALTH CORP,Corporates,Fixed Income,53424.45,0.09011,53424.45,55000,96.59,United States,--,USD,1.05,4.58,1,2027-08-21,1.3,1.04,,4.58,1.04,4.58,USD,2020-08-21,2020-08-21
ORANGE SA,Corporates,Fixed Income,53421.88,0.0901,53421.88,45000,115.17,France,--,USD,3.73,5.25,1,2031-03-01,8.5,3.72,,5.25,3.72,5.25,USD,2001-09-01,2002-02-11
AMGEN INC,Corporates,Fixed Income,53261.62,0.08983,53261.62,65000,81.45,United States,--,USD,13.12,6.12,1,2051-06-15,4.66,13.36,,6.12,13.36,6.12,USD,2016-12-15,2017-01-10
ENERGY TRANSFER LP,Corporates,Fixed Income,53219.1,0.08976,53219.1,60000,87.69,United States,--,USD,10.95,6.49,1,2045-05-15,5.35,11.1,,6.49,11.1,6.49,USD,2014-11-17,2014-11-17
DOW CHEMICAL CO,Corporates,Fixed Income,52837.57,0.08912,52837.57,60000,87.67,United States,--,USD,4.02,5.34,1,2030-11-15,2.1,4.01,,5.34,4.01,5.34,USD,2020-08-26,2020-08-26
ORACLE CORPORATION,Corporates,Fixed Income,52831.93,0.08911,52831.93,55000,94.29,United States,--,USD,7.9,7.23,1,2038-04-15,6.5,7.84,,7.23,7.84,7.23,USD,2008-04-09,2008-04-09
AT&T INC,Corporates,Fixed Income,52439.45,0.08845,52439.45,70000,74.41,United States,--,USD,10.66,6.15,1,2041-06-01,3.5,10.7,,6.15,10.7,6.15,USD,2020-05-28,2020-05-28
ONEOK INC,Corporates,Fixed Income,52442.18,0.08845,52442.18,50000,103.73,United States,--,USD,5.09,5.39,1,2032-11-15,6.1,5.16,,5.37,4.98,5.37,USD,2022-11-18,2022-11-18
CVS HEALTH CORP,Corporates,Fixed Income,52287.33,0.08819,52287.33,55000,95.03,United States,--,USD,7.06,5.59,1,2035-07-20,4.88,7.13,,5.59,7.13,5.59,USD,2015-07-20,2015-07-20
MARVELL TECHNOLOGY INC,Corporates,Fixed Income,52182.02,0.08801,52182.02,57000,90.74,United States,--,USD,4.28,5.18,1,2031-04-15,2.95,4.28,,5.18,4.28,5.18,USD,2021-04-12,2021-10-07
ARCELORMITTAL SA,Corporates,Fixed Income,52109.29,0.08789,52109.29,53000,98.24,Luxembourg,--,USD,2.77,4.89,1,2029-07-16,4.25,2.76,,4.89,2.76,4.89,USD,2019-07-16,2019-07-16
APOLLO DEBT SOLUTIONS BDC,Corporates,Fixed Income,52060.9,0.08781,52060.9,50000,100.88,United States,--,USD,4.07,6.49,1,2031-07-29,6.7,4.08,,6.49,3.96,6.49,USD,2025-01-29,2025-03-03
ALLY FINANCIAL INC,Corporates,Fixed Income,52019.2,0.08774,52019.2,55000,94.09,United States,--,USD,2.17,4.98,1,2028-11-02,2.2,2.17,,4.98,2.17,4.98,USD,2021-11-02,2021-11-02
KINDER MORGAN INC,Corporates,Fixed Income,52020.7,0.08774,52020.7,75000,67.78,United States,--,USD,13.59,6.16,1,2051-02-15,3.6,13.81,,6.16,13.81,6.16,USD,2021-02-11,2021-02-11
ONEOK INC,Corporates,Fixed Income,51952.39,0.08763,51952.39,50000,101.29,United States,--,USD,12.06,6.52,1,2053-09-01,6.63,12.29,,6.52,12.2,6.52,USD,2023-08-24,2023-08-24
BLUE OWL CREDIT INCOME CORP,Corporates,Fixed Income,51935.05,0.0876,51935.05,50000,102.99,United States,--,USD,1.68,6.24,1,2028-06-13,7.95,1.73,,6.17,1.65,6.17,USD,2023-12-13,2024-05-20
CARRIER GLOBAL CORP,Corporates,Fixed Income,51774.36,0.08733,51774.36,49000,103.56,United States,--,USD,5.94,5.33,1,2034-03-15,5.9,6.01,,5.31,5.85,5.31,USD,2023-11-30,2024-02-21
SEMPRA,Corporates,Fixed Income,51776.44,0.08733,51776.44,52000,97.95,United States,--,USD,1.43,4.82,1,2028-02-01,3.4,1.44,,4.82,1.44,4.82,USD,2018-01-12,2018-01-12
HUNTINGTON BANCSHARES INC,Corporates,Fixed Income,51625.56,0.08707,51625.56,50000,100.54,United States,--,USD,5.79,5.61,1,2035-02-02,5.71,5.9,,5.61,5.9,5.61,USD,2024-02-02,2024-02-02
ELEVANCE HEALTH INC,Corporates,Fixed Income,51616.06,0.08706,51616.06,75000,67.54,United States,--,USD,13.65,6.18,1,2051-03-15,3.6,13.87,,6.18,13.87,6.18,USD,2021-03-17,2021-03-17
ORACLE CORPORATION,Corporates,Fixed Income,51593.37,0.08702,51593.37,85000,59.4,United States,--,USD,12.28,7.62,1,2051-03-25,3.95,12.41,,7.62,12.41,7.62,USD,2021-03-24,2021-03-24
AMGEN INC,Corporates,Fixed Income,51500.82,0.08686,51500.82,50000,100.95,United States,--,USD,3.14,4.96,1,2030-03-02,5.25,3.19,,4.95,3.05,4.95,USD,2023-03-02,2023-03-02
ELEVANCE HEALTH INC,Corporates,Fixed Income,51483.17,0.08683,51483.17,65000,78.57,United States,--,USD,12.35,6.2,1,2047-12-01,4.38,12.57,,6.2,12.57,6.2,USD,2017-11-21,2017-11-21
ORACLE CORPORATION,Corporates,Fixed Income,51331.5,0.08658,51331.5,55000,90.73,United States,--,USD,6.74,6.9,1,2035-08-03,5.5,6.7,,6.9,6.7,6.9,USD,2025-02-03,2025-02-03
CHENIERE ENERGY INC,Corporates,Fixed Income,51296.83,0.08652,51296.83,50000,101.06,United States,--,USD,6.0,5.48,1,2034-04-15,5.65,6.11,,5.47,5.79,5.47,USD,2024-03-19,2024-10-03
T-MOBILE USA INC,Corporates,Fixed Income,51290.54,0.08651,51290.54,55000,92.15,United States,--,USD,12.9,6.48,1,2055-11-15,5.88,13.14,,6.48,13.14,6.48,USD,2025-03-27,2025-03-27
CHARTER COMMUNICATIONS OPERATING L,Corporates,Fixed Income,51070.96,0.08614,51070.96,55000,92.81,United States,--,USD,2.37,5.39,1,2029-01-15,2.25,2.36,,5.39,2.36,5.39,USD,2021-10-12,2021-10-12
ENERGY TRANSFER OPERATING LP,Corporates,Fixed Income,51018.41,0.08605,51018.41,53000,95.55,United States,--,USD,3.44,5.05,1,2030-05-15,3.75,3.47,,5.05,3.47,5.05,USD,2020-01-22,2020-01-22
NISOURCE INC,Corporates,Fixed Income,50877.14,0.08581,50877.14,50000,100.09,United States,--,USD,6.09,5.33,1,2034-04-01,5.35,6.14,,5.33,6.14,5.33,USD,2024-03-14,2024-03-14
KINDER MORGAN INC,Corporates,Fixed Income,50753.51,0.0856,50753.51,50000,100.76,United States,--,USD,3.42,4.93,1,2030-06-01,5.15,3.44,,4.93,3.44,4.93,USD,2025-05-01,2025-05-01
GOLDMAN SACHS PRIVATE CREDIT CORP,Corporates,Fixed Income,50747.04,0.08559,50747.04,50000,98.91,United States,--,USD,2.26,5.85,1,2029-01-31,5.38,2.26,,5.85,2.26,5.85,USD,2026-01-31,2026-04-30
TIME WARNER CABLE LLC,Corporates,Fixed Income,50727.36,0.08556,50727.36,60000,82.38,United States,--,USD,9.31,7.46,1,2041-09-01,5.5,9.32,,7.46,9.32,7.46,USD,2011-09-12,2011-09-12
WEYERHAEUSER COMPANY,Corporates,Fixed Income,50667.6,0.08546,50667.6,45000,109.97,United States,--,USD,4.56,5.31,1,2032-03-15,7.38,4.54,,5.31,4.54,5.31,USD,2002-09-15,2002-10-07
PACIFIC GAS & ELECTRIC UTILITIES,Corporates,Fixed Income,50529.57,0.08523,50529.57,60000,83.94,United States,--,USD,9.76,6.24,1,2040-07-01,4.5,9.8,,6.24,9.8,6.24,USD,2020-07-02,2020-07-01
ROPER TECHNOLOGIES INC,Corporates,Fixed Income,50390.68,0.08499,50390.68,58000,86.11,United States,--,USD,4.26,5.21,1,2031-02-15,1.75,4.24,,5.21,4.24,5.21,USD,2020-09-01,2020-09-01
HEWLETT PACKARD ENTERPRISE CO,Corporates,Fixed Income,50352.08,0.08493,50352.08,50000,99.26,United States,--,USD,1.09,4.71,1,2027-09-15,4.05,1.09,,4.71,1.09,4.71,USD,2025-09-15,2025-09-15
NVENT FINANCE SARL,Corporates,Fixed Income,50230.72,0.08472,50230.72,50000,99.22,United Kingdom,--,USD,1.57,5.02,1,2028-04-15,4.55,1.62,,5.02,1.62,5.02,USD,2018-10-15,2018-10-22
FIDELITY NATIONAL INFORMATION SERV,Corporates,Fixed Income,50224.24,0.08471,50224.24,50000,98.77,United States,--,USD,2.39,5.05,1,2029-03-10,4.55,2.41,,5.05,2.41,5.05,USD,2026-03-10,2026-03-10
MPLX LP,Corporates,Fixed Income,50182.24,0.08464,50182.24,55000,88.83,United States,--,USD,11.67,6.45,1,2049-02-15,5.5,11.88,,6.45,11.88,6.45,USD,2018-11-15,2018-11-15
DELTA AIR LINES INC,Corporates,Fixed Income,50131.07,0.08455,50131.07,50000,100.08,United States,--,USD,1.82,4.9,1,2028-07-10,4.95,1.85,,4.9,1.85,4.9,USD,2025-06-10,2025-06-10
MOBILITY GLOBAL INC 144A,Corporates,Fixed Income,50094.26,0.08449,50094.26,50000,99.43,United States,--,USD,2.63,5.26,1,2029-06-15,5.05,2.64,,5.26,2.64,5.26,USD,2026-05-29,2026-05-29
JABIL INC,Corporates,Fixed Income,50008.53,0.08435,50008.53,55000,90.86,United States,--,USD,4.1,5.32,1,2031-01-15,3.0,4.1,,5.32,4.1,5.32,USD,2020-07-13,2020-07-13
NOKIA OYJ,Corporates,Fixed Income,49966.74,0.08428,49966.74,50000,99.44,Finland,--,USD,0.86,5.03,1,2027-06-12,4.38,0.85,,5.03,0.85,5.03,USD,2017-06-12,2017-06-12
CONSTELLATION BRANDS INC,Corporates,Fixed Income,49927.15,0.08421,49927.15,50000,98.27,United States,--,USD,1.46,4.76,1,2028-02-15,3.6,1.47,,4.76,1.47,4.76,USD,2018-02-07,2018-02-07
AT&T INC,Corporates,Fixed Income,49857.22,0.08409,49857.22,50000,97.83,United States,--,USD,3.15,4.97,1,2030-02-15,4.3,3.19,,4.97,3.19,4.97,USD,2018-08-15,2018-11-23
STRYKER CORPORATION,Corporates,Fixed Income,49838.15,0.08406,49838.15,50000,98.3,United States,--,USD,1.51,4.75,1,2028-03-07,3.65,1.53,,4.75,1.53,4.75,USD,2018-03-07,2018-03-07
HEWLETT PACKARD ENTERPRISE CO,Corporates,Fixed Income,49813.78,0.08402,49813.78,50000,98.31,United States,--,USD,4.47,5.22,1,2031-10-15,4.85,4.5,,5.22,4.5,5.22,USD,2024-09-26,2024-09-26
MCDONALDS CORPORATION MTN,Corporates,Fixed Income,49797.81,0.08399,49797.81,57000,86.77,United States,--,USD,11.59,6.04,1,2045-12-09,4.88,11.77,,6.04,11.77,6.04,USD,2015-12-09,2015-12-09
ENBRIDGE INC,Corporates,Fixed Income,49678.7,0.08379,49678.7,50000,98.62,Canada,--,USD,2.16,4.83,1,2028-11-20,4.2,2.17,,4.83,2.17,4.83,USD,2025-11-20,2025-11-20
WELLS FARGO & COMPANY,Corporates,Fixed Income,49643.86,0.08373,49643.86,53000,93.54,United States,--,USD,10.7,6.22,1,2044-01-15,5.61,10.78,,6.22,10.78,6.22,USD,2013-11-26,2014-02-04
TEXTRON INC,Corporates,Fixed Income,49579.04,0.08362,49579.04,55000,89.27,United States,--,USD,4.26,5.07,1,2031-03-15,2.45,4.25,,5.07,4.25,5.07,USD,2020-08-05,2020-08-05
AMGEN INC,Corporates,Fixed Income,49565.75,0.0836,49565.75,55000,89.17,United States,--,USD,4.22,4.97,1,2031-02-25,2.3,4.22,,4.97,4.22,4.97,USD,2020-05-06,2020-05-06
BLUE OWL CREDIT INCOME CORP,Corporates,Fixed Income,49501.9,0.08349,49501.9,50000,96.94,United States,--,USD,3.17,6.76,1,2030-03-15,5.8,3.16,,6.76,3.16,6.76,USD,2025-03-15,2025-04-30
ALTRIA GROUP INC,Corporates,Fixed Income,49495.34,0.08348,49495.34,60000,81.48,United States,--,USD,10.82,6.3,1,2043-05-02,4.5,10.87,,6.3,10.87,6.3,USD,2013-05-02,2013-05-02
WOODSIDE FINANCE LTD,Corporates,Fixed Income,49458.95,0.08342,49458.95,50000,97.06,Australia,--,USD,6.4,5.59,1,2034-09-12,5.1,6.43,,5.59,6.43,5.59,USD,2024-09-12,2024-09-12
CVS HEALTH CORP,Corporates,Fixed Income,49412.18,0.08334,49412.18,50000,96.6,United States,--,USD,13.67,6.49,1,2065-09-15,6.25,13.9,,6.49,13.9,6.49,USD,2025-08-15,2025-08-15
BARRICK NORTH AMERICA FINANCE LLC,Corporates,Fixed Income,49396.5,0.08331,49396.5,50000,97.95,Canada,--,USD,9.75,5.91,1,2041-05-30,5.7,9.79,,5.91,9.79,5.91,USD,2011-06-01,2011-09-07
LEGGETT & PLATT INC,Corporates,Fixed Income,49289.62,0.08313,49289.62,50000,97.92,United States,--,USD,1.26,5.16,1,2027-11-15,3.5,1.25,,5.16,1.25,5.16,USD,2017-11-16,2017-11-16
PACIFIC GAS AND ELECTRIC COMPANY,Corporates,Fixed Income,49152.63,0.0829,49152.63,50000,97.3,United States,--,USD,0.99,4.84,1,2027-08-01,2.1,0.98,,4.84,0.98,4.84,USD,2020-06-19,2020-06-19
WESTERN MIDSTREAM OPERATING LP,Corporates,Fixed Income,49106.99,0.08283,49106.99,50000,96.28,United States,--,USD,3.14,5.22,1,2030-02-01,4.05,3.17,,5.22,3.17,5.22,USD,2020-01-13,2020-01-13
PACIFIC GAS AND ELECTRIC COMPANY,Corporates,Fixed Income,49023.98,0.08269,49023.98,60000,81.4,United States,--,USD,12.51,6.49,1,2050-07-01,4.95,12.72,,6.49,12.72,6.49,USD,2020-07-02,2020-07-01
DELL INTERNATIONAL LLC,Corporates,Fixed Income,49002.94,0.08265,49002.94,50000,95.69,United States,--,USD,6.67,5.49,1,2035-02-01,4.85,6.69,,5.49,6.69,5.49,USD,2024-10-08,2024-10-08
VIATRIS INC,Corporates,Fixed Income,48946.26,0.08256,48946.26,50000,97.69,United States,--,USD,0.89,4.91,1,2027-06-22,2.3,0.89,,4.91,0.89,4.91,USD,2021-06-22,2021-10-28
AT&T INC,Corporates,Fixed Income,48869.21,0.08243,48869.21,75000,64.63,United States,--,USD,13.52,6.55,1,2051-06-01,3.65,13.72,,6.55,13.72,6.55,USD,2020-05-28,2020-05-28
BROWN & BROWN INC,Corporates,Fixed Income,48774.84,0.08227,48774.84,55000,87.84,United States,--,USD,4.27,5.37,1,2031-03-15,2.38,4.25,,5.37,4.25,5.37,USD,2020-09-24,2020-09-24
AUTODESK INC,Corporates,Fixed Income,48731.78,0.08219,48731.78,56000,86.77,United States,--,USD,4.93,5.25,1,2031-12-15,2.4,4.92,,5.25,4.92,5.25,USD,2021-10-07,2021-10-07
CONSTELLATION ENERGY GENERATION LL,Corporates,Fixed Income,48713.76,0.08216,48713.76,50000,97.33,United States,--,USD,4.0,5.07,1,2031-01-15,4.4,4.0,,5.07,4.0,5.07,USD,2026-01-08,2026-01-08
UBER TECHNOLOGIES INC,Corporates,Fixed Income,48693.9,0.08213,48693.9,50000,95.68,United States,--,USD,6.48,5.46,1,2034-09-15,4.8,6.51,,5.46,6.51,5.46,USD,2024-09-09,2024-09-09
CARLISLE COMPANIES INCORPORATED,Corporates,Fixed Income,48661.53,0.08208,48661.53,49000,98.77,United States,--,USD,1.28,4.7,1,2027-12-01,3.75,1.3,,4.7,1.3,4.7,USD,2017-11-16,2017-11-16
HCA INC,Corporates,Fixed Income,48653.59,0.08206,48653.59,50000,96.11,United States,--,USD,2.45,4.96,1,2029-03-15,3.38,2.46,,4.96,2.46,4.96,USD,2023-03-15,2023-08-07
GOLDMAN SACHS GROUP INC/THE,Corporates,Fixed Income,48611.7,0.08199,48611.7,55000,87.51,United States,--,USD,11.2,6.29,1,2045-05-22,5.15,11.31,,6.29,11.31,6.29,USD,2015-05-22,2015-05-22
PACIFIC GAS AND ELECTRIC COMPANY,Corporates,Fixed Income,48564.76,0.08191,48564.76,50000,94.7,United States,--,USD,12.44,6.56,1,2055-03-01,6.15,12.67,,6.56,12.67,6.56,USD,2025-02-26,2025-02-26
TIME WARNER CABLE LLC,Corporates,Fixed Income,48516.24,0.08183,48516.24,50000,95.54,United States,--,USD,7.5,7.15,1,2037-05-01,6.55,7.43,,7.15,7.43,7.15,USD,2007-04-09,2007-10-30
ONEOK INC,Corporates,Fixed Income,48454.78,0.08173,48454.78,50000,95.57,United States,--,USD,2.85,4.96,1,2029-09-01,3.4,2.86,,4.96,2.86,4.96,USD,2019-08-15,2019-08-15
CVS HEALTH CORP,Corporates,Fixed Income,48445.61,0.08171,48445.61,50000,95.72,United States,--,USD,3.32,5.03,1,2030-04-01,3.75,3.35,,5.03,3.35,5.03,USD,2020-03-31,2020-03-31
ENERGY TRANSFER LP,Corporates,Fixed Income,48400.9,0.08164,48400.9,45000,106.61,United States,--,USD,5.73,5.45,1,2033-12-01,6.55,5.8,,5.42,5.64,5.42,USD,2023-10-13,2023-10-13
MARVELL TECHNOLOGY INC,Corporates,Fixed Income,48397.37,0.08163,48397.37,50000,96.13,United States,--,USD,1.66,4.81,1,2028-04-15,2.45,1.65,,4.81,1.65,4.81,USD,2021-04-12,2021-10-07
VERIZON COMMUNICATIONS INC,Corporates,Fixed Income,48360.16,0.08157,48360.16,75000,63.24,United States,--,USD,14.93,6.33,1,2061-03-22,3.7,15.17,,6.33,15.17,6.33,USD,2021-03-22,2021-03-22
CVS HEALTH CORP,Corporates,Fixed Income,48358.19,0.08156,48358.19,50000,95.84,United States,--,USD,12.73,6.37,1,2054-06-01,6.05,12.97,,6.37,12.97,6.37,USD,2024-05-09,2024-05-09
AON CORP,Corporates,Fixed Income,48315.22,0.08149,48315.22,52000,92.39,United States,--,USD,3.52,5.02,1,2030-05-15,2.8,3.52,,5.02,3.52,5.02,USD,2020-05-15,2020-05-15
AEP TEXAS INC,Corporates,Fixed Income,48281.78,0.08143,48281.78,55000,86.79,United States,--,USD,12.77,6.29,1,2052-05-15,5.25,13.01,,6.29,13.01,6.29,USD,2022-05-18,2022-05-18
VERIZON COMMUNICATIONS INC,Corporates,Fixed Income,48259.67,0.0814,48259.67,50000,95.81,United States,--,USD,1.6,4.74,1,2028-03-22,2.1,1.59,,4.74,1.59,4.74,USD,2021-03-22,2021-03-22
GLOBAL PAYMENTS INC,Corporates,Fixed Income,48223.93,0.08134,48223.93,50000,95.4,United States,--,USD,7.05,6.21,1,2035-11-15,5.55,7.05,,6.21,7.05,6.21,USD,2025-11-14,2025-11-14
CONAGRA BRANDS INC,Corporates,Fixed Income,47996.08,0.08095,47996.08,50000,95.68,United States,--,USD,1.24,4.92,1,2027-11-01,1.38,1.23,,4.92,1.23,4.92,USD,2020-10-16,2020-10-16
HEWLETT PACKARD ENTERPRISE CO,Corporates,Fixed Income,47957.29,0.08089,47957.29,45000,104.88,United States,--,USD,6.8,5.52,1,2035-10-15,6.2,6.92,,5.49,6.63,5.49,USD,2016-10-15,2016-12-30
WRKCO INC,Corporates,Fixed Income,47876.86,0.08075,47876.86,55000,86.73,United States,--,USD,6.04,5.32,1,2033-06-15,3.0,6.04,,5.32,6.04,5.32,USD,2020-06-03,2020-06-03
EQUINIX INC,Corporates,Fixed Income,47729.11,0.0805,47729.11,50000,94.91,United States,--,USD,1.59,4.81,1,2028-03-15,1.55,1.58,,4.81,1.58,4.81,USD,2020-10-07,2020-10-07
GENERAL MOTORS FINANCIAL COMPANY I,Corporates,Fixed Income,47689.98,0.08044,47689.98,50000,94.73,United States,--,USD,2.12,4.93,1,2028-10-15,2.4,2.11,,4.93,2.11,4.93,USD,2021-10-15,2021-10-15
VERIZON COMMUNICATIONS INC,Corporates,Fixed Income,47528.76,0.08016,47528.76,50000,94.0,United States,--,USD,3.34,4.96,1,2030-03-22,3.15,3.36,,4.96,3.36,4.96,USD,2020-03-20,2020-03-20
T-MOBILE USA INC,Corporates,Fixed Income,47512.98,0.08014,47512.98,55000,85.2,United States,--,USD,9.66,5.97,1,2040-04-15,4.38,9.71,,5.97,9.71,5.97,USD,2021-04-15,2021-05-21
BAXALTA INC,Corporates,Fixed Income,47442.36,0.08002,47442.36,52000,90.8,United States,--,USD,11.27,6.07,1,2045-06-23,5.25,11.45,,6.07,11.45,6.07,USD,2015-12-23,2016-05-27
PACIFIC GAS AND ELECTRIC COMPANY,Corporates,Fixed Income,47356.81,0.07987,47356.81,45000,104.56,United States,--,USD,5.46,5.59,1,2033-06-15,6.4,5.52,,5.57,5.36,5.57,USD,2023-06-05,2023-06-05
WELLS FARGO & COMPANY,Corporates,Fixed Income,47349.26,0.07986,47349.26,60000,78.44,United States,--,USD,11.93,6.32,1,2046-06-14,4.4,12.07,,6.32,12.07,6.32,USD,2016-06-14,2016-06-14
CLOROX COMPANY,Corporates,Fixed Income,47330.34,0.07983,47330.34,53000,88.96,United States,--,USD,3.59,5.02,1,2030-05-15,1.8,3.59,,5.02,3.59,5.02,USD,2020-05-08,2020-05-08
HUNTINGTON BANCSHARES INC,Corporates,Fixed Income,47258.21,0.07971,47258.21,45000,102.4,United States,--,USD,1.88,5.19,1,2029-08-21,6.21,1.88,,4.98,1.89,4.98,USD,2023-08-21,2023-08-21
AMERICAN ELECTRIC POWER COMPANY IN,Corporates,Fixed Income,46966.51,0.07922,46966.51,45000,102.15,United States,--,USD,5.29,5.23,1,2033-03-01,5.63,5.36,,5.22,5.19,5.22,USD,2023-03-01,2023-03-01
FIFTH THIRD BANCORP,Corporates,Fixed Income,46924.89,0.07915,46924.89,45000,101.56,United States,--,USD,3.81,5.28,1,2032-01-29,5.63,3.85,,5.24,3.85,5.24,USD,2024-01-29,2024-01-29
VERIZON COMMUNICATIONS INC,Corporates,Fixed Income,46902.29,0.07911,46902.29,50000,92.8,United States,--,USD,6.64,5.49,1,2034-11-01,4.4,6.71,,5.49,6.71,5.49,USD,2014-10-29,2014-10-29
OMNICOM GROUP INC,Corporates,Fixed Income,46761.49,0.07887,46761.49,52000,88.68,United States,--,USD,4.54,5.19,1,2031-08-01,2.6,4.54,,5.19,4.54,5.19,USD,2021-05-03,2021-05-03
AMERICAN TOWER CORPORATION,Corporates,Fixed Income,46620.0,0.07863,46620.0,45000,102.49,United States,--,USD,5.78,5.48,1,2033-11-15,5.9,5.84,,5.47,5.67,5.47,USD,2023-09-15,2023-09-15
EBAY INC,Corporates,Fixed Income,46572.37,0.07855,46572.37,50000,92.15,United States,--,USD,3.35,5.09,1,2030-03-11,2.7,3.36,,5.09,3.36,5.09,USD,2020-03-11,2020-03-11
FIFTH THIRD BANCORP,Corporates,Fixed Income,46501.82,0.07843,46501.82,45000,101.82,United States,--,USD,1.16,5.27,1,2028-10-27,6.36,1.18,,4.85,1.19,4.85,USD,2022-10-27,2022-10-27
CHENIERE ENERGY PARTNERS LP,Corporates,Fixed Income,46492.93,0.07842,46492.93,45000,102.94,United States,--,USD,5.48,5.44,1,2033-06-30,5.95,5.63,,5.4,5.3,5.4,USD,2023-12-30,2024-02-27
CHARTER COMMUNICATIONS OPERATING L,Corporates,Fixed Income,46472.51,0.07838,46472.51,60000,76.23,United States,--,USD,10.81,7.68,1,2047-05-01,5.38,10.93,,7.68,10.93,7.68,USD,2017-11-01,2017-11-27
TARGA RESOURCES PARTNERS LP,Corporates,Fixed Income,46255.06,0.07802,46255.06,45000,100.62,United States,--,USD,1.77,5.31,1,2030-03-01,5.5,3.17,,5.09,1.49,5.09,USD,2020-09-01,2019-11-27
COREBRIDGE FINANCIAL INC,Corporates,Fixed Income,46217.32,0.07795,46217.32,46000,99.38,United States,--,USD,0.68,4.56,1,2027-04-05,3.65,0.68,,4.56,0.68,4.56,USD,2023-04-05,2023-05-24
RAYTHEON TECHNOLOGIES CORPORATION,Corporates,Fixed Income,46199.16,0.07792,46199.16,55000,83.14,United States,--,USD,12.53,6.01,1,2048-11-16,4.63,12.77,,6.01,12.77,6.01,USD,2018-08-16,2018-08-16
RAYTHEON TECHNOLOGIES CORPORATION,Corporates,Fixed Income,46062.32,0.07769,46062.32,45000,100.27,United States,--,USD,5.37,5.1,1,2033-02-27,5.15,5.42,,5.1,5.25,5.1,USD,2023-02-27,2023-02-27
AON NORTH AMERICA INC,Corporates,Fixed Income,46031.74,0.07764,46031.74,45000,100.14,United States,--,USD,5.99,5.43,1,2034-03-01,5.45,6.03,,5.43,6.03,5.43,USD,2024-03-01,2024-03-01
ALEXANDRIA REAL ESTATE EQUITIES IN,Corporates,Fixed Income,45924.89,0.07746,45924.89,55000,83.14,United States,--,USD,5.34,5.42,1,2032-05-18,2.0,5.32,,5.42,5.32,5.42,USD,2021-02-18,2021-02-18
FORD MOTOR COMPANY,Corporates,Fixed Income,45906.17,0.07743,45906.17,60000,76.4,United States,--,USD,10.41,7.22,1,2043-01-15,4.75,10.42,,7.22,10.42,7.22,USD,2013-01-08,2013-01-08
CHARTER COMMUNICATIONS OPERATING L,Corporates,Fixed Income,45815.68,0.07728,45815.68,50000,90.26,United States,--,USD,5.57,6.2,1,2033-04-01,4.4,5.56,,6.2,5.56,6.2,USD,2022-03-15,2022-03-15
CITIGROUP INC,Corporates,Fixed Income,45765.66,0.07719,45765.66,55000,82.35,United States,--,USD,11.66,6.32,1,2046-05-18,4.75,11.79,,6.32,11.79,6.32,USD,2016-05-18,2016-05-18
CANADIAN PACIFIC RAILWAY COMPANY,Corporates,Fixed Income,45749.33,0.07716,45749.33,50000,90.71,Canada,--,USD,3.39,4.88,1,2030-03-05,2.05,3.39,,4.88,3.39,4.88,USD,2020-03-05,2020-03-05
CIGNA GROUP,Corporates,Fixed Income,45723.89,0.07712,45723.89,45000,99.3,United States,--,USD,5.99,5.36,1,2034-02-15,5.25,6.03,,5.36,6.03,5.36,USD,2024-02-13,2024-02-13
MORGAN STANLEY MTN,Corporates,Fixed Income,45719.26,0.07711,45719.26,45000,99.97,United States,--,USD,0.13,4.54,1,2026-09-08,4.35,0.12,,4.54,0.12,4.54,USD,2014-09-08,2014-09-08
STRYKER CORPORATION,Corporates,Fixed Income,45674.93,0.07704,45674.93,45000,99.15,United States,--,USD,6.62,5.33,1,2035-02-10,5.2,6.66,,5.33,6.66,5.33,USD,2025-02-10,2025-02-10
FISERV INC,Corporates,Fixed Income,45640.62,0.07698,45640.62,45000,99.05,United States,--,USD,5.6,5.79,1,2033-08-21,5.63,5.63,,5.79,5.63,5.79,USD,2023-08-21,2023-08-21
AON CORP,Corporates,Fixed Income,45558.0,0.07684,45558.0,63000,70.74,United States,--,USD,13.55,6.19,1,2052-02-28,3.9,13.78,,6.19,13.78,6.19,USD,2022-02-28,2022-02-28
JEFFERIES GROUP INC,Corporates,Fixed Income,45427.54,0.07662,45427.54,45000,100.81,United States,--,USD,7.12,6.14,1,2036-01-15,6.25,7.08,,6.14,7.08,6.14,USD,2006-01-26,2006-01-26
KINDER MORGAN INC,Corporates,Fixed Income,45232.26,0.07629,45232.26,45000,99.77,United States,--,USD,5.61,5.24,1,2033-06-01,5.2,5.66,,5.24,5.66,5.24,USD,2023-01-31,2023-01-31
CENCORA INC,Corporates,Fixed Income,45197.63,0.07623,45197.63,45000,98.18,United States,--,USD,6.64,5.42,1,2035-02-15,5.15,6.68,,5.42,6.68,5.42,USD,2024-12-09,2024-12-09
EXELON CORPORATION,Corporates,Fixed Income,44998.38,0.0759,44998.38,46000,96.72,United States,--,USD,3.33,5.02,1,2030-04-15,4.05,3.37,,5.02,3.37,5.02,USD,2020-04-01,2020-04-01
MPLX LP,Corporates,Fixed Income,44938.7,0.0758,44938.7,45000,97.94,United States,--,USD,6.96,5.69,1,2035-09-15,5.4,6.98,,5.69,6.98,5.69,USD,2025-08-11,2025-08-11
WILLIAMS COMPANIES INC,Corporates,Fixed Income,44870.44,0.07568,44870.44,45000,99.32,United States,--,USD,0.85,4.53,1,2027-06-15,3.75,0.87,,4.53,0.87,4.53,USD,2017-06-05,2017-06-05
T-MOBILE USA INC,Corporates,Fixed Income,44858.84,0.07566,44858.84,50000,89.59,United States,--,USD,12.68,6.48,1,2053-01-15,5.65,12.91,,6.48,12.91,6.48,USD,2022-09-15,2022-09-15
ORACLE CORPORATION,Corporates,Fixed Income,44818.13,0.07559,44818.13,45000,97.46,United States,--,USD,2.31,5.64,1,2029-02-04,4.55,2.3,,5.64,2.3,5.64,USD,2026-02-04,2026-02-04
WILLIAMS COMPANIES INC,Corporates,Fixed Income,44759.63,0.07549,44759.63,50000,87.71,United States,--,USD,11.18,6.21,1,2045-09-15,5.1,11.35,,6.21,11.35,6.21,USD,2015-03-03,2015-03-03
BELL TELEPHONE COMPANY OF CANADA O,Corporates,Fixed Income,44715.21,0.07542,44715.21,45000,98.35,Canada,--,USD,5.57,5.39,1,2033-05-11,5.1,5.61,,5.39,5.61,5.39,USD,2023-05-11,2023-05-11
ENABLE MIDSTREAM PARTNERS LP,Corporates,Fixed Income,44688.93,0.07537,44688.93,52000,85.0,United States,--,USD,10.85,6.43,1,2044-05-15,5.0,10.97,,6.43,10.97,6.43,USD,2015-11-15,2015-12-22
AT&T INC,Corporates,Fixed Income,44672.2,0.07535,44672.2,50000,88.05,United States,--,USD,12.65,6.64,1,2054-11-01,5.7,12.87,,6.64,12.87,6.64,USD,2025-09-24,2025-09-24
NXP BV,Corporates,Fixed Income,44607.3,0.07524,44607.3,50000,88.71,United States,--,USD,4.4,5.19,1,2031-05-11,2.5,4.4,,5.19,4.4,5.19,USD,2022-05-11,2022-05-16
AMERICAN HONDA FINANCE CORPORATION,Corporates,Fixed Income,44572.8,0.07518,44572.8,45000,98.85,United States,--,USD,5.08,5.38,1,2032-07-09,5.15,5.06,,5.38,5.06,5.38,USD,2025-07-10,2025-07-10
ALTRIA GROUP INC,Corporates,Fixed Income,44540.82,0.07512,44540.82,65000,66.79,United States,--,USD,13.28,6.4,1,2051-02-04,3.7,13.49,,6.4,13.49,6.4,USD,2021-02-04,2021-02-04
FIDELITY NATIONAL INFORMATION SERV,Corporates,Fixed Income,44484.11,0.07503,44484.11,45000,98.74,United States,--,USD,5.03,5.35,1,2032-07-15,5.1,5.08,,5.35,5.08,5.35,USD,2022-07-13,2022-07-13
REVVITY INC,Corporates,Fixed Income,44453.7,0.07498,44453.7,47000,93.91,United States,--,USD,2.05,4.93,1,2028-09-15,1.9,2.05,,4.93,2.05,4.93,USD,2021-09-10,2021-09-10
SOUTHWESTERN ELECTRIC POWER COMPAN,Corporates,Fixed Income,44352.37,0.07481,44352.37,45000,96.63,United States,--,USD,7.32,5.66,1,2036-04-01,5.2,7.34,,5.66,7.34,5.66,USD,2026-03-09,2026-03-09
ENTERGY CORPORATION,Corporates,Fixed Income,44224.58,0.07459,44224.58,50000,88.2,United States,--,USD,4.51,5.16,1,2031-06-15,2.4,4.5,,5.16,4.5,5.16,USD,2021-03-05,2021-03-05
NXP BV,Corporates,Fixed Income,44179.33,0.07452,44179.33,45000,98.07,United States,--,USD,5.42,5.36,1,2033-01-15,5.0,5.45,,5.36,5.45,5.36,USD,2022-05-16,2022-05-16
PACIFIC GAS AND ELECTRIC COMPANY,Corporates,Fixed Income,43940.15,0.07411,43940.15,43000,102.04,United States,--,USD,12.15,6.59,1,2053-01-15,6.75,12.38,,6.59,12.29,6.59,USD,2023-01-06,2023-01-06
VERIZON COMMUNICATIONS INC,Corporates,Fixed Income,43927.37,0.07409,43927.37,75000,58.07,United States,--,USD,14.42,6.25,1,2050-11-20,2.88,14.62,,6.25,14.62,6.25,USD,2020-11-20,2020-11-20
L3HARRIS TECHNOLOGIES INC,Corporates,Fixed Income,43894.0,0.07403,43894.0,44000,99.29,United States,--,USD,1.72,4.79,1,2028-06-15,4.4,1.79,,4.79,1.79,4.79,USD,2019-12-15,2020-05-01
ROYALTY PHARMA PLC,Corporates,Fixed Income,43811.07,0.07389,43811.07,50000,86.78,United States,--,USD,4.69,5.12,1,2031-09-02,2.15,4.68,,5.12,4.68,5.12,USD,2021-07-26,2021-07-26
L3HARRIS TECHNOLOGIES INC,Corporates,Fixed Income,43698.54,0.0737,43698.54,50000,87.36,United States,--,USD,4.21,4.99,1,2031-01-15,1.8,4.2,,4.99,4.2,4.99,USD,2020-11-25,2020-11-25
BAXTER INTERNATIONAL INC,Corporates,Fixed Income,43649.75,0.07362,43649.75,45000,95.77,United States,--,USD,3.31,5.22,1,2030-04-01,3.95,3.33,,5.22,3.33,5.22,USD,2021-04-01,2021-05-11
RAYTHEON TECHNOLOGIES CORPORATION,Corporates,Fixed Income,43599.84,0.07354,43599.84,50000,86.55,United States,--,USD,10.68,5.81,1,2042-06-01,4.5,10.73,,5.81,10.73,5.81,USD,2012-06-01,2012-06-01
ALTRIA GROUP INC,Corporates,Fixed Income,43576.62,0.0735,43576.62,45000,94.21,United States,--,USD,11.47,6.44,1,2049-02-14,5.95,11.68,,6.44,11.68,6.44,USD,2019-02-14,2019-02-14
NISOURCE INC,Corporates,Fixed Income,43467.92,0.07332,43467.92,45000,94.78,United States,--,USD,12.94,6.24,1,2055-04-01,5.85,13.19,,6.24,13.19,6.24,USD,2025-03-27,2025-03-27
ROPER TECHNOLOGIES INC,Corporates,Fixed Income,43320.93,0.07307,43320.93,45000,94.93,United States,--,USD,6.53,5.68,1,2034-10-15,4.9,6.55,,5.68,6.55,5.68,USD,2024-08-21,2024-08-21
BECTON DICKINSON AND COMPANY,Corporates,Fixed Income,43289.19,0.07301,43289.19,49000,87.46,United States,--,USD,4.22,5.08,1,2031-02-11,1.96,4.21,,5.08,4.21,5.08,USD,2021-02-11,2021-02-11
ENERGY TRANSFER LP,Corporates,Fixed Income,43280.88,0.073,43280.88,44000,96.66,United States,--,USD,11.44,6.53,1,2049-04-15,6.25,11.66,,6.53,11.66,6.53,USD,2019-01-15,2019-01-15
MCDONALDS CORPORATION MTN,Corporates,Fixed Income,43215.47,0.07289,43215.47,45000,95.81,United States,--,USD,3.57,4.78,1,2030-07-01,3.6,3.61,,4.78,3.61,4.78,USD,2020-03-27,2020-03-27
FIFTH THIRD BANCORP,Corporates,Fixed Income,43206.73,0.07287,43206.73,45000,94.95,United States,--,USD,4.89,5.36,1,2033-04-25,4.34,4.95,,5.36,4.9,5.36,USD,2022-04-25,2022-04-25
CONSTELLATION BRANDS INC,Corporates,Fixed Income,43057.85,0.07262,43057.85,60000,70.91,United States,--,USD,13.48,6.08,1,2050-05-01,3.75,13.7,,6.08,13.7,6.08,USD,2020-04-27,2020-04-27
RTX CORP,Corporates,Fixed Income,43014.66,0.07255,43014.66,40000,105.26,United States,--,USD,12.7,6.01,1,2054-03-15,6.4,12.97,,6.0,12.87,6.0,USD,2023-11-08,2023-11-08
AT&T INC,Corporates,Fixed Income,42986.63,0.0725,42986.63,45000,94.41,United States,--,USD,7.2,5.68,1,2035-11-01,4.9,7.21,,5.68,7.21,5.68,USD,2025-09-24,2025-09-24
GLOBAL PAYMENTS INC,Corporates,Fixed Income,42963.77,0.07246,42963.77,45000,94.07,United States,--,USD,2.82,5.32,1,2029-08-15,3.2,2.82,,5.32,2.82,5.32,USD,2019-08-14,2019-08-14
DIAMONDBACK ENERGY INC,Corporates,Fixed Income,42952.61,0.07245,42952.61,45000,93.93,United States,--,USD,12.89,6.21,1,2054-04-18,5.75,13.14,,6.21,13.14,6.21,USD,2024-04-18,2024-04-18
WILLIAMS COMPANIES INC,Corporates,Fixed Income,42804.43,0.0722,42804.43,45000,94.03,United States,--,USD,12.98,6.25,1,2054-11-15,5.8,13.24,,6.25,13.24,6.25,USD,2024-08-13,2024-08-13
KEYCORP MTN,Corporates,Fixed Income,42801.37,0.07219,42801.37,40000,104.57,United States,--,USD,5.76,5.69,1,2035-03-06,6.4,5.88,,5.65,5.88,5.65,USD,2024-02-28,2024-02-28
MCDONALDS CORPORATION MTN,Corporates,Fixed Income,42569.26,0.0718,42569.26,45000,92.19,United States,--,USD,12.92,6.04,1,2053-08-14,5.45,13.18,,6.04,13.18,6.04,USD,2023-08-14,2023-08-14
SYNOPSYS INC,Corporates,Fixed Income,42340.59,0.07141,42340.59,45000,92.32,United States,--,USD,12.97,6.28,1,2055-04-01,5.7,13.22,,6.28,13.22,6.28,USD,2025-03-17,2025-03-17
BOARDWALK PIPELINES LP,Corporates,Fixed Income,42322.43,0.07138,42322.43,45000,92.56,United States,--,USD,4.08,5.26,1,2031-02-15,3.4,4.08,,5.26,4.08,5.26,USD,2020-08-11,2020-08-11
TRANSCANADA PIPELINES LTD,Corporates,Fixed Income,42143.67,0.07108,42143.67,40000,103.67,Canada,--,USD,7.97,5.75,1,2037-10-15,6.2,7.95,,5.75,7.95,5.75,USD,2007-10-05,2007-10-05
EXELON CORPORATION,Corporates,Fixed Income,42074.62,0.07097,42074.62,45000,91.51,United States,--,USD,12.65,6.26,1,2053-03-15,5.6,12.9,,6.26,12.9,6.26,USD,2023-02-21,2023-02-21
WILLIAMS COMPANIES INC,Corporates,Fixed Income,42074.95,0.07097,42074.95,40000,103.47,United States,--,USD,9.03,5.93,1,2040-04-15,6.3,9.05,,5.93,9.05,5.93,USD,2010-02-09,2010-07-02
PUBLIC SERVICE ENTERPRISE GROUP IN,Corporates,Fixed Income,42031.73,0.07089,42031.73,41000,101.41,United States,--,USD,1.19,4.72,1,2027-11-15,5.85,1.24,,4.67,1.16,4.67,USD,2022-11-08,2022-11-08
NORFOLK SOUTHERN CORPORATION,Corporates,Fixed Income,42017.72,0.07087,42017.72,45000,90.82,United States,--,USD,13.13,6.03,1,2054-08-01,5.35,13.39,,6.03,13.39,6.03,USD,2023-08-02,2023-08-02
AETNA INC,Corporates,Fixed Income,41951.35,0.07076,41951.35,39000,106.87,United States,--,USD,7.28,5.71,1,2036-06-15,6.63,7.25,,5.71,7.25,5.71,USD,2006-06-09,2006-06-09
INGERSOLL RAND INC,Corporates,Fixed Income,41893.9,0.07066,41893.9,40000,102.22,United States,--,USD,5.58,5.32,1,2033-08-14,5.7,5.63,,5.31,5.47,5.31,USD,2023-08-14,2023-08-14
SOUTHERN COMPANY GAS CAPITAL CORPO,Corporates,Fixed Income,41788.56,0.07048,41788.56,40000,102.43,United States,--,USD,5.56,5.34,1,2033-09-15,5.75,5.71,,5.31,5.38,5.31,USD,2023-09-14,2023-09-14
SPRINT CAPITAL CORPORATION,Corporates,Fixed Income,41778.04,0.07046,41778.04,35000,116.25,United States,--,USD,4.44,5.37,1,2032-03-15,8.75,4.42,,5.37,4.42,5.37,USD,2002-03-14,2002-06-21
HYATT HOTELS CORP,Corporates,Fixed Income,41332.46,0.06971,41332.46,40000,101.53,United States,--,USD,4.69,5.43,1,2032-03-30,5.75,4.72,,5.43,4.61,5.43,USD,2025-03-26,2025-03-26
MARRIOTT INTERNATIONAL INC,Corporates,Fixed Income,41258.97,0.06959,41258.97,45000,90.73,United States,--,USD,5.4,5.26,1,2032-10-15,3.5,5.41,,5.26,5.41,5.26,USD,2020-08-14,2020-08-14
EXTRA SPACE STORAGE LP,Corporates,Fixed Income,41243.59,0.06956,41243.59,40000,101.34,United States,--,USD,1.54,4.86,1,2028-04-01,5.7,1.57,,4.82,1.5,4.82,USD,2023-03-28,2023-03-28
CBRE SERVICES INC,Corporates,Fixed Income,41197.26,0.06949,41197.26,40000,101.28,United States,--,USD,2.41,4.98,1,2029-04-01,5.5,2.44,,4.97,2.36,4.97,USD,2024-02-23,2024-02-23
KINDER MORGAN INC,Corporates,Fixed Income,41089.77,0.0693,41089.77,40000,100.14,United States,--,USD,5.92,5.38,1,2034-02-01,5.4,5.96,,5.38,5.96,5.38,USD,2024-02-01,2024-02-01
REGIONS FINANCIAL CORP,Corporates,Fixed Income,41009.17,0.06917,41009.17,40000,101.78,United States,--,USD,2.58,5.07,1,2030-06-06,5.72,2.6,,5.05,2.6,5.05,USD,2024-06-06,2024-06-06
RAYTHEON TECHNOLOGIES CORPORATION,Corporates,Fixed Income,41004.95,0.06916,41004.95,45000,90.29,United States,--,USD,9.04,5.55,1,2038-11-16,4.45,9.11,,5.55,9.11,5.55,USD,2018-08-16,2018-08-16
EASTMAN CHEMICAL COMPANY,Corporates,Fixed Income,40966.3,0.0691,40966.3,40000,100.03,United States,--,USD,5.93,5.62,1,2034-02-20,5.63,5.96,,5.62,5.96,5.62,USD,2024-02-20,2024-02-20
VIATRIS INC,Corporates,Fixed Income,40964.5,0.06909,40964.5,45000,90.8,United States,--,USD,3.64,5.34,1,2030-06-22,2.7,3.62,,5.34,3.62,5.34,USD,2021-06-22,2021-10-28
DELL INTERNATIONAL LLC,Corporates,Fixed Income,40846.39,0.06889,40846.39,35000,116.52,United States,--,USD,6.93,5.89,1,2036-07-15,8.1,7.05,,5.81,6.81,5.81,USD,2021-01-15,2021-06-15
SOUTHERN COMPANY (THE),Corporates,Fixed Income,40734.2,0.0687,40734.2,45000,90.26,United States,--,USD,7.81,5.54,1,2036-07-01,4.25,7.86,,5.54,7.86,5.54,USD,2016-05-24,2016-05-24
FOX CORP,Corporates,Fixed Income,40652.11,0.06857,40652.11,40000,99.3,United States,--,USD,2.21,5.01,1,2029-01-25,4.71,2.28,,5.01,2.28,5.01,USD,2020-01-25,2020-03-30
TARGA RESOURCES CORP,Corporates,Fixed Income,40656.79,0.06857,40656.79,40000,99.21,United States,--,USD,6.84,5.66,1,2035-08-15,5.55,6.87,,5.66,6.87,5.66,USD,2025-02-27,2025-02-27
ORACLE CORPORATION,Corporates,Fixed Income,40614.35,0.0685,40614.35,50000,78.4,United States,--,USD,11.3,7.91,1,2055-08-03,6.0,11.44,,7.91,11.44,7.91,USD,2025-02-03,2025-02-03
MOTOROLA SOLUTIONS INC,Corporates,Fixed Income,40569.26,0.06843,40569.26,45000,89.7,United States,--,USD,4.41,5.18,1,2031-05-24,2.75,4.41,,5.18,4.41,5.18,USD,2021-05-24,2021-05-24
BOEING CO,Corporates,Fixed Income,40555.81,0.0684,40555.81,40000,100.24,United States,--,USD,0.67,4.71,1,2027-05-01,5.04,0.74,,4.64,0.58,4.64,USD,2020-05-04,2020-05-04
ARTHUR J GALLAGHER & CO,Corporates,Fixed Income,40478.0,0.06827,40478.0,40000,99.0,United States,--,USD,4.67,5.21,1,2032-02-15,5.0,4.69,,5.21,4.69,5.21,USD,2024-12-19,2024-12-19
SOUTHERN COMPANY (THE),Corporates,Fixed Income,40443.55,0.06821,40443.55,50000,80.62,United States,--,USD,12.05,6.09,1,2046-07-01,4.4,12.24,,6.09,12.24,6.09,USD,2016-05-24,2016-05-24
AEP TEXAS INC,Corporates,Fixed Income,40430.4,0.06819,40430.4,45000,89.72,United States,--,USD,3.7,5.01,1,2030-07-01,2.1,3.69,,5.01,3.69,5.01,USD,2020-07-01,2020-07-01
QUEST DIAGNOSTICS INCORPORATED,Corporates,Fixed Income,40397.18,0.06814,40397.18,41000,98.26,United States,--,USD,2.67,4.84,1,2029-06-30,4.2,2.72,,4.84,2.72,4.84,USD,2019-03-12,2019-03-12
LYB INTERNATIONAL FINANCE III LLC,Corporates,Fixed Income,40363.1,0.06808,40363.1,45000,89.0,United States,--,USD,3.89,5.21,1,2030-10-01,2.25,3.88,,5.21,3.88,5.21,USD,2020-10-08,2020-10-08
AUTOZONE INC,Corporates,Fixed Income,40330.27,0.06802,40330.27,40000,100.71,United States,--,USD,2.71,4.84,1,2029-07-15,5.1,2.73,,4.84,2.66,4.84,USD,2024-06-28,2024-06-28
IDEX CORPORATION,Corporates,Fixed Income,40315.82,0.068,40315.82,45000,89.31,United States,--,USD,4.48,5.12,1,2031-06-15,2.63,4.48,,5.12,4.48,5.12,USD,2021-05-28,2021-05-28
ENERGY TRANSFER PARTNERS LP,Corporates,Fixed Income,40300.05,0.06797,40300.05,40000,100.23,United States,--,USD,1.67,4.82,1,2028-06-15,4.95,1.78,,4.81,1.55,4.81,USD,2018-06-08,2018-06-08
ELEVANCE HEALTH INC,Corporates,Fixed Income,40235.45,0.06786,40235.45,40000,98.97,United States,--,USD,1.46,4.77,1,2028-03-01,4.1,1.51,,4.77,1.51,4.77,USD,2018-03-02,2018-03-02
RAYTHEON TECHNOLOGIES CORPORATION,Corporates,Fixed Income,40235.75,0.06786,40235.75,50000,79.69,United States,--,USD,11.83,5.96,1,2045-05-15,4.15,11.99,,5.96,11.99,5.96,USD,2015-05-04,2015-05-04
L3HARRIS TECHNOLOGIES INC,Corporates,Fixed Income,40229.09,0.06785,40229.09,40000,99.8,United States,--,USD,6.25,5.38,1,2034-06-01,5.35,6.3,,5.38,6.3,5.38,USD,2024-03-13,2024-03-13
LOWES COMPANIES INC,Corporates,Fixed Income,40160.59,0.06774,40160.59,55000,72.01,United States,--,USD,12.29,6.17,1,2046-04-15,3.7,12.46,,6.17,12.46,6.17,USD,2016-04-20,2016-04-20
SHERWIN-WILLIAMS COMPANY (THE),Corporates,Fixed Income,40100.62,0.06764,40100.62,40000,98.28,United States,--,USD,3.58,4.97,1,2030-08-15,4.5,3.59,,4.97,3.59,4.97,USD,2025-07-31,2025-07-31
EVERSOURCE ENERGY,Corporates,Fixed Income,40080.95,0.0676,40080.95,40000,99.06,United States,--,USD,0.59,4.49,1,2027-03-01,2.9,0.59,,4.49,0.59,4.49,USD,2022-02-25,2022-02-25
BLACKSTONE PRIVATE CREDIT FUND,Corporates,Fixed Income,40008.3,0.06748,40008.3,40000,98.87,United States,--,USD,0.62,5.06,1,2027-03-15,3.25,0.62,,5.06,0.62,5.06,USD,2022-03-15,2022-08-08
EQUINIX EUROPE 2 FINANCING CORPORA,Corporates,Fixed Income,40010.15,0.06748,40010.15,40000,99.44,United States,--,USD,6.25,5.59,1,2034-06-15,5.5,6.29,,5.59,6.29,5.59,USD,2024-05-30,2024-05-30
HP INC,Corporates,Fixed Income,39996.61,0.06746,39996.61,45000,88.62,United States,--,USD,4.48,5.32,1,2031-06-17,2.65,4.47,,5.32,4.47,5.32,USD,2021-12-17,2022-01-20
DELL INTERNATIONAL LLC,Corporates,Fixed Income,39982.08,0.06744,39982.08,40000,97.88,United States,--,USD,3.15,5.01,1,2030-02-01,4.35,3.15,,5.01,3.15,5.01,USD,2024-10-08,2024-10-08
VALERO ENERGY CORPORATION,Corporates,Fixed Income,39962.39,0.0674,39962.39,40000,99.28,United States,--,USD,1.68,4.76,1,2028-06-01,4.35,1.75,,4.76,1.75,4.76,USD,2018-06-01,2018-06-01
WILLIS NORTH AMERICA INC,Corporates,Fixed Income,39900.84,0.0673,39900.84,40000,97.09,United States,--,USD,4.02,5.26,1,2031-03-15,4.55,4.02,,5.26,4.02,5.26,USD,2025-12-22,2025-12-22
DOLLAR TREE INC,Corporates,Fixed Income,39884.0,0.06727,39884.0,40000,98.92,United States,--,USD,1.65,4.83,1,2028-05-15,4.2,1.71,,4.83,1.71,4.83,USD,2018-04-19,2018-04-19
KROGER CO,Corporates,Fixed Income,39866.31,0.06724,39866.31,55000,72.4,United States,--,USD,13.31,6.2,1,2050-01-15,3.95,13.52,,6.2,13.52,6.2,USD,2020-01-13,2020-01-13
NXP BV,Corporates,Fixed Income,39866.97,0.06724,39866.97,45000,87.43,United States,--,USD,5.0,5.28,1,2032-02-15,2.65,4.98,,5.28,4.98,5.28,USD,2022-02-15,2022-05-16
TELEFONICA EUROPE BV,Corporates,Fixed Income,39843.04,0.0672,39843.04,35000,110.9,Spain,--,USD,3.46,5.28,1,2030-09-15,8.25,3.44,,5.28,3.44,5.28,USD,2000-09-21,2000-09-21
MCDONALDS CORPORATION MTN,Corporates,Fixed Income,39822.49,0.06717,39822.49,40000,97.63,United States,--,USD,6.74,5.3,1,2035-03-03,4.95,6.78,,5.3,6.78,5.3,USD,2025-03-03,2025-03-03
ESSEX PORTFOLIO LP,Corporates,Fixed Income,39818.65,0.06716,39818.65,45000,87.54,United States,--,USD,5.06,5.23,1,2032-03-15,2.65,5.06,,5.23,5.06,5.23,USD,2020-02-11,2020-02-11
BOSTON PROPERTIES LP,Corporates,Fixed Income,39804.98,0.06714,39804.98,40000,99.38,United States,--,USD,6.6,5.84,1,2035-01-15,5.75,6.62,,5.84,6.62,5.84,USD,2024-08-26,2024-08-26
DELL INTERNATIONAL LLC,Corporates,Fixed Income,39803.71,0.06713,39803.71,40000,97.53,United States,--,USD,3.99,5.11,1,2031-02-15,4.5,3.98,,5.11,3.98,5.11,USD,2025-10-06,2025-10-06
ORACLE CORPORATION,Corporates,Fixed Income,39777.79,0.06709,39777.79,40000,98.48,United States,--,USD,1.68,5.4,1,2028-05-06,4.5,1.68,,5.4,1.68,5.4,USD,2023-02-06,2023-02-06
ROGERS COMMUNICATIONS INC,Corporates,Fixed Income,39770.36,0.06708,39770.36,40000,97.1,Canada,--,USD,5.96,5.78,1,2034-02-15,5.3,5.99,,5.78,5.99,5.78,USD,2024-02-09,2024-02-09
T-MOBILE USA INC,Corporates,Fixed Income,39764.8,0.06707,39764.8,55000,70.98,United States,--,USD,10.72,6.02,1,2041-02-15,3.0,10.76,,6.02,10.76,6.02,USD,2021-02-15,2021-05-21
ALTRIA GROUP INC,Corporates,Fixed Income,39767.05,0.06707,39767.05,39000,99.85,United States,--,USD,2.25,4.86,1,2029-02-14,4.8,2.33,,4.86,2.33,4.86,USD,2019-02-14,2019-02-14
AES CORPORATION (THE),Corporates,Fixed Income,39714.47,0.06698,39714.47,45000,88.2,United States,--,USD,4.15,5.46,1,2031-01-15,2.45,4.14,,5.46,4.14,5.46,USD,2021-07-15,2021-08-18
ENERGY TRANSFER PARTNERS LP,Corporates,Fixed Income,39684.78,0.06693,39684.78,45000,86.36,United States,--,USD,10.92,6.41,1,2045-03-15,5.15,11.07,,6.41,11.07,6.41,USD,2015-03-12,2015-03-12
SANTANDER HOLDINGS USA INC,Corporates,Fixed Income,39637.41,0.06685,39637.41,40000,98.4,United States,--,USD,4.18,5.5,1,2032-06-05,5.22,4.21,,5.5,4.21,5.5,USD,2026-06-05,2026-06-05
SANTANDER HOLDINGS USA INC,Corporates,Fixed Income,39628.77,0.06684,39628.77,40000,98.95,United States,--,USD,0.44,4.87,1,2028-01-06,2.49,0.44,,4.84,0.44,4.84,USD,2022-01-06,2022-01-06
GENERAL MOTORS FINANCIAL COMPANY I,Corporates,Fixed Income,39620.5,0.06683,39620.5,40000,97.9,United States,--,USD,1.03,4.72,1,2027-08-20,2.7,1.03,,4.72,1.03,4.72,USD,2020-08-20,2020-08-20
MPLX LP,Corporates,Fixed Income,39621.12,0.06683,39621.12,40000,96.85,United States,--,USD,12.64,6.44,1,2055-09-15,6.2,12.88,,6.44,12.88,6.44,USD,2025-08-11,2025-08-11
VISTRA OPERATIONS COMPANY LLC 144A,Corporates,Fixed Income,39618.49,0.06682,39618.49,40000,97.64,United States,--,USD,7.31,5.87,1,2036-04-30,5.55,7.32,,5.87,7.32,5.87,USD,2026-04-22,2026-04-22
TYSON FOODS INC,Corporates,Fixed Income,39587.65,0.06677,39587.65,45000,86.34,United States,--,USD,11.99,6.25,1,2048-09-28,5.1,12.21,,6.25,12.21,6.25,USD,2018-09-28,2018-09-28
CHARTER COMMUNICATIONS OPERATING L,Corporates,Fixed Income,39562.26,0.06673,39562.26,40000,97.31,United States,--,USD,6.72,6.78,1,2035-10-23,6.38,6.75,,6.78,6.75,6.78,USD,2016-10-23,2016-12-01
INTEL CORPORATION,Corporates,Fixed Income,39520.74,0.06666,39520.74,65000,59.44,United States,--,USD,14.17,6.29,1,2051-08-12,3.05,14.36,,6.29,14.36,6.29,USD,2021-08-12,2021-08-12
CROWN CASTLE INC,Corporates,Fixed Income,39398.11,0.06645,39398.11,45000,86.9,United States,--,USD,4.34,5.29,1,2031-04-01,2.1,4.32,,5.29,4.32,5.29,USD,2021-02-16,2021-02-16
AGILENT TECHNOLOGIES INC,Corporates,Fixed Income,39391.99,0.06644,39391.99,44000,88.69,United States,--,USD,4.26,5.07,1,2031-03-12,2.3,4.26,,5.07,4.26,5.07,USD,2021-03-12,2021-03-12
COREBRIDGE FINANCIAL INC,Corporates,Fixed Income,39307.64,0.0663,39307.64,40000,97.11,United States,--,USD,2.47,5.0,1,2029-04-05,3.85,2.5,,5.0,2.5,5.0,USD,2023-04-05,2023-05-24
CHARTER COMMUNICATIONS OPERATING L,Corporates,Fixed Income,39297.3,0.06628,39297.3,65000,59.89,United States,--,USD,12.8,7.4,1,2052-06-01,3.9,12.95,,7.4,12.95,7.4,USD,2021-03-04,2021-03-04
QUANTA SERVICES INC.,Corporates,Fixed Income,39033.27,0.06584,39033.27,45000,86.69,United States,--,USD,5.02,5.17,1,2032-01-15,2.35,5.01,,5.17,5.01,5.17,USD,2021-09-23,2021-09-23
GLOBAL PAYMENTS INC,Corporates,Fixed Income,38968.17,0.06573,38968.17,40000,96.44,United States,--,USD,5.23,5.88,1,2032-11-15,5.2,5.23,,5.88,5.23,5.88,USD,2025-11-14,2025-11-14
AT&T INC,Corporates,Fixed Income,38796.46,0.06544,38796.46,55000,69.06,United States,--,USD,11.51,6.1,1,2043-02-01,3.1,11.58,,6.1,11.58,6.1,USD,2020-08-04,2020-08-04
JBS USA LUX SA,Corporates,Fixed Income,38774.95,0.0654,38774.95,40000,95.51,Brazil,--,USD,2.36,4.91,1,2029-02-02,3.0,2.35,,4.91,2.35,4.91,USD,2023-08-02,2023-08-21
HALLIBURTON COMPANY,Corporates,Fixed Income,38731.71,0.06533,38731.71,45000,85.22,United States,--,USD,10.33,5.99,1,2041-11-15,4.5,10.41,,5.99,10.41,5.99,USD,2011-11-14,2011-11-14
CONSTELLATION ENERGY GENERATION LL,Corporates,Fixed Income,38726.63,0.06532,38726.63,40000,94.77,United States,--,USD,12.86,6.14,1,2054-03-15,5.75,13.11,,6.14,13.11,6.14,USD,2024-03-15,2024-03-15
AMERICAN HONDA FINANCE CORPORATION MTN,Corporates,Fixed Income,38606.1,0.06512,38606.1,40000,96.3,United States,--,USD,7.38,5.61,1,2036-01-08,5.1,7.36,,5.61,7.36,5.61,USD,2026-01-08,2026-01-08
GENERAL MOTORS CO,Corporates,Fixed Income,38602.93,0.06511,38602.93,40000,94.95,United States,--,USD,6.83,5.74,1,2035-04-01,5.0,6.8,,5.74,6.8,5.74,USD,2014-11-12,2014-11-12
HCA INC,Corporates,Fixed Income,38547.4,0.06502,38547.4,60000,64.17,United States,--,USD,13.9,6.39,1,2051-07-15,3.5,14.11,,6.39,14.11,6.39,USD,2021-06-30,2021-06-30
JBS NV 144A,Corporates,Fixed Income,38547.56,0.06502,38547.56,40000,94.59,United States,--,USD,12.49,6.82,1,2057-05-10,6.4,12.71,,6.82,12.71,6.82,USD,2026-04-13,2026-04-13
WRKCO INC,Corporates,Fixed Income,38217.99,0.06446,38217.99,40000,94.94,United States,--,USD,5.04,5.21,1,2032-06-01,4.2,5.07,,5.21,5.07,5.21,USD,2019-05-20,2019-05-20
TIME WARNER CABLE LLC,Corporates,Fixed Income,38203.47,0.06444,38203.47,40000,94.8,United States,--,USD,8.37,7.38,1,2039-06-15,6.75,8.32,,7.38,8.32,7.38,USD,2009-06-29,2009-06-29
TARGA RESOURCES CORP,Corporates,Fixed Income,38208.69,0.06444,38208.69,40000,93.52,United States,--,USD,5.47,5.39,1,2033-02-01,4.2,5.47,,5.39,5.47,5.39,USD,2022-04-06,2022-04-06
LOWES COMPANIES INC,Corporates,Fixed Income,38087.94,0.06424,38087.94,50000,74.85,United States,--,USD,13.34,6.22,1,2052-04-01,4.25,13.57,,6.22,13.57,6.22,USD,2022-03-24,2022-03-24
T-MOBILE USA INC,Corporates,Fixed Income,38012.22,0.06411,38012.22,60000,61.91,United States,--,USD,13.7,6.4,1,2051-02-15,3.3,13.9,,6.4,13.9,6.4,USD,2021-02-15,2021-05-21
NORFOLK SOUTHERN CORPORATION,Corporates,Fixed Income,37905.34,0.06393,37905.34,60000,62.6,United States,--,USD,14.23,6.03,1,2050-05-15,3.05,14.45,,6.03,14.45,6.03,USD,2020-05-11,2020-05-11
T-MOBILE USA INC,Corporates,Fixed Income,37801.0,0.06376,37801.0,60000,62.08,United States,--,USD,14.06,6.4,1,2052-10-15,3.4,14.27,,6.4,14.27,6.4,USD,2022-04-15,2022-06-29
ORACLE CORPORATION,Corporates,Fixed Income,37746.6,0.06367,37746.6,50000,74.78,United States,--,USD,8.59,7.08,1,2037-11-15,3.8,8.53,,7.08,8.53,7.08,USD,2017-11-09,2017-11-09
DUKE ENERGY CORP,Corporates,Fixed Income,37711.76,0.06361,37711.76,40000,93.67,United States,--,USD,12.95,6.28,1,2054-06-15,5.8,13.2,,6.28,13.2,6.28,USD,2024-06-07,2024-06-07
GENERAL MOTORS FINANCIAL COMPANY I,Corporates,Fixed Income,37634.65,0.06348,37634.65,37000,100.27,United States,--,USD,0.64,4.6,1,2027-04-09,5.0,0.68,,4.55,0.6,4.55,USD,2022-06-09,2022-06-09
VERISIGN INC,Corporates,Fixed Income,37555.92,0.06334,37555.92,42000,89.13,United States,--,USD,4.47,5.25,1,2031-06-15,2.7,4.47,,5.25,4.47,5.25,USD,2021-06-08,2021-06-08
JABIL INC,Corporates,Fixed Income,37541.41,0.06332,37541.41,38000,98.67,United States,--,USD,1.39,4.9,1,2028-01-12,3.95,1.41,,4.9,1.41,4.9,USD,2018-01-17,2018-01-17
MARATHON PETROLEUM CORP,Corporates,Fixed Income,37529.27,0.0633,37529.27,35000,104.66,United States,--,USD,9.15,6.01,1,2041-03-01,6.5,9.26,,6.0,9.06,6.0,USD,2011-09-01,2011-11-14
AUTONATION INC,Corporates,Fixed Income,37526.69,0.06329,37526.69,40000,92.3,United States,--,USD,4.85,5.46,1,2032-03-01,3.85,4.86,,5.46,4.86,5.46,USD,2022-02-28,2022-02-28
ENBRIDGE INC,Corporates,Fixed Income,37508.88,0.06326,37508.88,35000,105.9,Canada,--,USD,12.45,6.25,1,2053-11-15,6.7,12.7,,6.24,12.62,6.24,USD,2023-11-09,2023-11-09
KINDER MORGAN INC,Corporates,Fixed Income,37495.8,0.06324,37495.8,40000,92.94,United States,--,USD,11.03,6.19,1,2045-06-01,5.55,11.2,,6.19,11.2,6.19,USD,2014-11-26,2014-11-26
WORKDAY INC,Corporates,Fixed Income,37321.71,0.06295,37321.71,40000,92.12,United States,--,USD,4.94,5.43,1,2032-04-01,3.8,4.94,,5.43,4.94,5.43,USD,2022-04-01,2022-04-01
J M SMUCKER CO,Corporates,Fixed Income,37311.34,0.06293,37311.34,45000,81.36,United States,--,USD,11.54,6.06,1,2045-03-15,4.38,11.65,,6.06,11.65,6.06,USD,2015-09-15,2015-10-07
VERIZON COMMUNICATIONS INC,Corporates,Fixed Income,37288.21,0.06289,37288.21,40000,92.36,United States,--,USD,12.96,6.46,1,2055-11-30,5.88,13.2,,6.46,13.2,6.46,USD,2025-11-24,2025-11-24
T-MOBILE USA INC,Corporates,Fixed Income,37250.09,0.06283,37250.09,60000,61.4,United States,--,USD,15.04,6.39,1,2060-11-15,3.6,15.27,,6.39,15.27,6.39,USD,2021-05-15,2021-05-21
BAT CAPITAL CORP,Corporates,Fixed Income,37204.18,0.06275,37204.18,45000,80.87,United Kingdom,--,USD,12.3,6.35,1,2049-09-06,4.76,12.52,,6.35,12.52,6.35,USD,2019-09-06,2019-09-06
REGAL REXNORD CORP,Corporates,Fixed Income,37139.5,0.06264,37139.5,35000,104.37,United States,--,USD,5.3,5.61,1,2033-04-15,6.4,5.36,,5.59,5.2,5.59,USD,2024-04-15,2024-05-01
AMGEN INC,Corporates,Fixed Income,37105.25,0.06258,37105.25,45000,81.45,United States,--,USD,11.59,6.07,1,2045-05-01,4.4,11.75,,6.07,11.75,6.07,USD,2015-05-01,2015-05-01
CANADIAN NATURAL RESOURCES LIMITED,Corporates,Fixed Income,37031.53,0.06246,37031.53,35000,103.58,Canada,--,USD,8.11,5.82,1,2038-03-15,6.25,8.09,,5.82,8.09,5.82,USD,2007-03-19,2007-03-19
MPLX LP,Corporates,Fixed Income,36981.38,0.06237,36981.38,40000,90.22,United States,--,USD,12.46,6.42,1,2053-03-01,5.65,12.69,,6.42,12.69,6.42,USD,2023-02-09,2023-02-09
VERIZON COMMUNICATIONS INC,Corporates,Fixed Income,36833.16,0.06212,36833.16,40000,89.79,United States,--,USD,12.8,6.28,1,2054-02-23,5.5,13.04,,6.28,13.04,6.28,USD,2024-02-23,2024-02-23
CHENIERE ENERGY PARTNERS LP,Corporates,Fixed Income,36751.4,0.06199,36751.4,40000,90.32,United States,--,USD,4.68,5.3,1,2032-01-31,3.25,4.86,,5.3,4.86,5.3,USD,2021-09-27,2022-07-05
BECTON DICKINSON AND COMPANY,Corporates,Fixed Income,36711.56,0.06192,36711.56,36000,99.89,United States,--,USD,1.44,4.76,1,2028-02-13,4.69,1.45,,4.76,1.45,4.76,USD,2023-02-13,2023-02-13
KROGER CO,Corporates,Fixed Income,36702.59,0.0619,36702.59,40000,89.8,United States,--,USD,12.95,6.28,1,2054-09-15,5.5,13.19,,6.28,13.19,6.28,USD,2024-08-27,2024-08-27
BAT CAPITAL CORP,Corporates,Fixed Income,36672.77,0.06185,36672.77,45000,79.5,United Kingdom,--,USD,11.9,6.31,1,2047-08-15,4.54,12.11,,6.31,12.11,6.31,USD,2018-08-15,2018-11-20
ENERGY TRANSFER LP,Corporates,Fixed Income,36652.83,0.06182,36652.83,35000,102.2,United States,--,USD,5.24,5.35,1,2033-02-15,5.75,5.3,,5.34,5.12,5.34,USD,2022-12-14,2022-12-14
GENERAL MOTORS CO,Corporates,Fixed Income,36569.95,0.06168,36569.95,35000,102.39,United States,--,USD,10.52,6.53,1,2046-04-01,6.75,10.7,,6.53,10.56,6.53,USD,2016-02-23,2016-02-23
GXO LOGISTICS INC,Corporates,Fixed Income,36407.19,0.06141,36407.19,35000,102.68,United States,--,USD,2.47,5.2,1,2029-05-06,6.25,2.51,,5.17,2.44,5.17,USD,2024-05-06,2024-05-06
SOUTHERN COMPANY (THE),Corporates,Fixed Income,36386.38,0.06137,36386.38,35000,101.93,United States,--,USD,5.89,5.39,1,2034-03-15,5.7,6.03,,5.37,5.71,5.37,USD,2023-09-08,2023-09-08
CAMPBELLS CO,Corporates,Fixed Income,36245.04,0.06113,36245.04,40000,90.03,United States,--,USD,3.5,5.34,1,2030-04-24,2.38,3.49,,5.34,3.49,5.34,USD,2020-04-24,2020-04-24
CONSTELLATION ENERGY GENERATION LL,Corporates,Fixed Income,36214.72,0.06108,36214.72,35000,101.26,United States,--,USD,1.44,4.77,1,2028-03-01,5.6,1.49,,4.73,1.42,4.73,USD,2023-02-24,2023-02-24
REGAL REXNORD CORP,Corporates,Fixed Income,36143.93,0.06096,36143.93,35000,101.62,United States,--,USD,1.57,5.05,1,2028-04-15,6.05,1.6,,5.01,1.53,5.01,USD,2024-04-15,2024-05-01
DOW CHEMICAL CO,Corporates,Fixed Income,36014.59,0.06074,36014.59,45000,79.21,United States,--,USD,10.65,6.45,1,2042-11-15,4.38,10.72,,6.45,10.72,6.45,USD,2012-11-14,2012-11-14
F&G ANNUITIES & LIFE INC,Corporates,Fixed Income,35998.44,0.06072,35998.44,35000,101.97,United States,--,USD,2.54,5.74,1,2029-06-04,6.5,2.57,,5.72,2.5,5.72,USD,2024-06-04,2024-06-04
VERALTO CORP,Corporates,Fixed Income,35972.75,0.06067,35972.75,35000,100.89,United States,--,USD,5.71,5.3,1,2033-09-18,5.45,5.76,,5.29,5.59,5.29,USD,2024-03-18,2024-09-05
UNIVERSAL HEALTH SERVICES INC,Corporates,Fixed Income,35955.14,0.06064,35955.14,40000,89.17,United States,--,USD,3.89,5.56,1,2030-10-15,2.65,3.87,,5.56,3.87,5.56,USD,2022-10-15,2022-12-29
CHARTER COMMUNICATIONS OPERATING L,Corporates,Fixed Income,35906.86,0.06056,35906.86,35000,101.71,United States,--,USD,2.55,5.44,1,2029-06-01,6.1,2.57,,5.43,2.5,5.43,USD,2024-05-14,2024-05-14
VIPER ENERGY PARTNERS LLC,Corporates,Fixed Income,35755.39,0.06031,35755.39,35000,99.43,United States,--,USD,6.76,5.78,1,2035-08-01,5.7,6.78,,5.78,6.78,5.78,USD,2025-07-23,2025-07-23
NEXTERA ENERGY CAPITAL HOLDINGS IN,Corporates,Fixed Income,35737.77,0.06028,35737.77,40000,87.23,United States,--,USD,12.8,6.24,1,2053-02-28,5.25,13.04,,6.24,13.04,6.24,USD,2023-02-09,2023-02-09
PLAINS ALL AMERICAN PIPELINE LP,Corporates,Fixed Income,35692.3,0.0602,35692.3,35000,101.35,United States,--,USD,6.78,5.75,1,2035-06-15,5.95,6.81,,5.75,6.66,5.75,USD,2025-01-15,2025-01-15
AMGEN INC,Corporates,Fixed Income,35681.94,0.06018,35681.94,50000,70.14,United States,--,USD,11.16,5.8,1,2041-08-15,2.8,11.22,,5.8,11.22,5.8,USD,2021-08-09,2021-08-09
CITIZENS FINANCIAL GROUP INC,Corporates,Fixed Income,35654.69,0.06014,35654.69,35000,101.87,United States,--,USD,2.29,5.21,1,2030-01-23,5.84,2.3,,5.04,2.31,5.04,USD,2024-01-23,2024-01-23
ZOETIS INC,Corporates,Fixed Income,35612.67,0.06007,35612.67,40000,86.79,United States,--,USD,10.55,5.97,1,2043-02-01,4.7,10.66,,5.97,10.66,5.97,USD,2013-08-01,2013-10-30
HUMANA INC,Corporates,Fixed Income,35611.61,0.06006,35611.61,40000,87.07,United States,--,USD,12.48,6.53,1,2053-03-15,5.5,12.7,,6.53,12.7,6.53,USD,2023-03-13,2023-03-13
AMERICAN TOWER CORPORATION,Corporates,Fixed Income,35588.82,0.06003,35588.82,35000,99.09,United States,--,USD,6.54,5.54,1,2035-01-31,5.4,6.57,,5.54,6.57,5.54,USD,2024-11-21,2024-11-21
AMCOR FLEXIBLES NORTH AMERICA INC,Corporates,Fixed Income,35588.2,0.06002,35588.2,35000,99.76,United States,--,USD,6.65,5.53,1,2035-03-17,5.5,6.68,,5.53,6.68,5.53,USD,2025-03-17,2025-08-22
HA SUSTAINABLE INFRASTRUCTURE CAPI,Corporates,Fixed Income,35580.22,0.06001,35580.22,35000,101.52,United States,--,USD,3.87,5.76,1,2031-01-15,6.15,3.87,,5.75,3.81,5.75,USD,2025-06-24,2025-06-24
XCEL ENERGY INC,Corporates,Fixed Income,35519.34,0.05991,35519.34,35000,99.96,United States,--,USD,6.63,5.6,1,2035-04-15,5.6,6.73,,5.6,6.73,5.6,USD,2025-03-21,2025-03-21
CITIZENS FINANCIAL GROUP INC,Corporates,Fixed Income,35516.43,0.0599,35516.43,35000,101.48,United States,--,USD,4.27,5.41,1,2032-07-23,5.72,4.31,,5.38,4.31,5.38,USD,2024-07-23,2024-07-23
DOMINION ENERGY INC,Corporates,Fixed Income,35503.32,0.05988,35503.32,35000,99.5,United States,--,USD,6.65,5.52,1,2035-03-15,5.45,6.69,,5.52,6.69,5.52,USD,2025-03-11,2025-03-11
LABORATORY CORPORATION OF AMERICA,Corporates,Fixed Income,35444.55,0.05978,35444.55,40000,86.37,United States,--,USD,11.25,5.92,1,2045-02-01,4.7,11.41,,5.92,11.41,5.92,USD,2015-01-30,2015-01-30
BAT CAPITAL CORP,Corporates,Fixed Income,35391.92,0.05969,35391.92,35000,98.38,United Kingdom,--,USD,12.61,6.37,1,2055-08-15,6.25,12.85,,6.37,12.85,6.37,USD,2025-03-13,2025-03-13
VICI PROPERTIES LP,Corporates,Fixed Income,35317.05,0.05957,35317.05,35000,98.73,United States,--,USD,3.12,5.34,1,2030-02-15,4.95,3.15,,5.34,3.15,5.34,USD,2022-04-29,2022-04-29
CDW LLC,Corporates,Fixed Income,35282.03,0.05951,35282.03,35000,98.79,United States,--,USD,3.17,5.47,1,2030-03-01,5.1,3.18,,5.47,3.18,5.47,USD,2024-08-22,2024-08-22
XYLEM INC,Corporates,Fixed Income,35265.76,0.05948,35265.76,35000,99.94,United States,--,USD,7.46,5.46,1,2036-06-01,5.45,7.49,,5.46,7.49,5.46,USD,2026-05-29,2026-05-29
ARES STRATEGIC INCOME FUND,Corporates,Fixed Income,35212.76,0.05939,35212.76,35000,98.51,United States,--,USD,4.65,6.52,1,2032-03-21,6.2,4.6,,6.52,4.6,6.52,USD,2025-03-21,2025-05-23
CHENIERE CORPUS CHRISTI HOLDINGS L,Corporates,Fixed Income,35197.42,0.05937,35197.42,35000,100.24,United States,--,USD,0.57,4.86,1,2027-06-30,5.13,0.9,,4.57,0.43,4.57,USD,2017-05-19,2017-12-21
HEWLETT PACKARD ENTERPRISE CO,Corporates,Fixed Income,35171.0,0.05932,35171.0,35000,98.76,United States,--,USD,10.61,6.46,1,2045-10-15,6.35,10.77,,6.46,10.77,6.46,USD,2016-10-15,2016-12-30
KEURIG DR PEPPER INC,Corporates,Fixed Income,35131.49,0.05925,35131.49,35000,99.64,United States,--,USD,1.64,4.8,1,2028-05-25,4.6,1.73,,4.8,1.73,4.8,USD,2019-05-25,2019-05-31
HASBRO INC,Corporates,Fixed Income,35105.97,0.05921,35105.97,35000,99.67,United States,--,USD,0.32,4.56,1,2026-11-19,3.55,0.32,,4.56,0.32,4.56,USD,2019-11-19,2019-11-19
TARGA RESOURCES CORP,Corporates,Fixed Income,35077.44,0.05916,35077.44,35000,97.63,United States,--,USD,7.4,5.71,1,2036-07-30,5.4,7.42,,5.71,7.42,5.71,USD,2025-11-12,2025-11-12
BUNGE FINANCE LTD CORP,Corporates,Fixed Income,35070.75,0.05915,35070.75,35000,98.97,United States,--,USD,1.11,4.66,1,2027-09-25,3.75,1.12,,4.66,1.12,4.66,USD,2017-09-25,2017-09-25
TAKEOFF MERGER SUB INC 144A,Corporates,Fixed Income,35048.2,0.05911,35048.2,35000,98.65,United States,--,USD,2.43,5.04,1,2029-03-24,4.5,2.45,,5.04,2.45,5.04,USD,2026-03-24,2026-03-24
BLUE OWL FINANCE LLC,Corporates,Fixed Income,35041.87,0.0591,35041.87,40000,87.23,United States,--,USD,4.41,6.2,1,2031-06-10,3.13,4.38,,6.2,4.38,6.2,USD,2024-06-10,2024-10-24
ROGERS COMMUNICATIONS INC,Corporates,Fixed Income,35031.49,0.05909,35031.49,40000,85.8,Canada,--,USD,10.72,6.35,1,2044-03-15,5.0,10.84,,6.35,10.84,6.35,USD,2014-03-10,2014-03-10
HALLIBURTON COMPANY,Corporates,Fixed Income,35031.76,0.05909,35031.76,30000,114.12,United States,--,USD,8.46,5.89,1,2039-09-15,7.45,8.47,,5.89,8.47,5.89,USD,2009-03-13,2009-03-13
SOUTH BOW USA INFRASTRUCTURE HOLDI,Corporates,Fixed Income,35003.49,0.05904,35003.49,35000,98.27,Canada,--,USD,6.35,5.85,1,2034-10-01,5.58,6.37,,5.85,6.37,5.85,USD,2025-04-01,2025-08-08
NISOURCE INC,Corporates,Fixed Income,34970.77,0.05898,34970.77,35000,99.26,United States,--,USD,0.78,4.43,1,2027-05-15,3.49,0.79,,4.43,0.79,4.43,USD,2017-05-22,2017-05-22
VODAFONE GROUP PLC,Corporates,Fixed Income,34949.71,0.05895,34949.71,33000,103.41,United Kingdom,--,USD,7.61,5.72,1,2037-02-27,6.15,7.59,,5.72,7.59,5.72,USD,2007-02-27,2007-02-27
MARRIOTT INTERNATIONAL INC,Corporates,Fixed Income,34929.79,0.05891,34929.79,35000,98.3,United States,--,USD,7.85,5.71,1,2037-04-15,5.5,7.87,,5.71,7.87,5.71,USD,2025-02-26,2025-02-26
AUGUSTA SPINCO CORP,Corporates,Fixed Income,34919.26,0.0589,34919.26,35000,98.02,United States,--,USD,7.32,5.51,1,2036-03-23,5.25,7.35,,5.51,7.35,5.51,USD,2026-03-23,2026-03-23
BAT CAPITAL CORP,Corporates,Fixed Income,34921.92,0.0589,34921.92,35000,98.1,United Kingdom,--,USD,4.75,5.13,1,2032-03-16,4.74,4.81,,5.13,4.81,5.13,USD,2022-03-16,2022-03-16
CARDINAL HEALTH INC,Corporates,Fixed Income,34895.03,0.05886,34895.03,35000,98.1,United States,--,USD,3.67,5.01,1,2030-09-15,4.5,3.67,,5.01,3.67,5.01,USD,2025-08-27,2025-08-27
FIDELITY NATIONAL INFORMATION SERV,Corporates,Fixed Income,34882.8,0.05884,34882.8,35000,97.89,United States,--,USD,4.01,5.32,1,2031-03-10,4.8,4.02,,5.32,4.02,5.32,USD,2026-03-10,2026-03-10
ROGERS COMMUNICATIONS INC,Corporates,Fixed Income,34872.62,0.05882,34872.62,45000,75.88,Canada,--,USD,12.87,6.49,1,2052-03-15,4.55,13.09,,6.49,13.09,6.49,USD,2023-03-15,2023-07-25
NORTHROP GRUMMAN CORP,Corporates,Fixed Income,34849.18,0.05878,34849.18,35000,99.45,United States,--,USD,7.03,5.33,1,2035-07-15,5.25,7.07,,5.33,7.07,5.33,USD,2025-05-29,2025-05-29
DEVON ENERGY CORPORATION,Corporates,Fixed Income,34808.3,0.05871,34808.3,40000,86.49,United States,--,USD,11.31,6.23,1,2045-06-15,5.0,11.47,,6.23,11.47,6.23,USD,2015-06-16,2015-06-16
EBAY INC,Corporates,Fixed Income,34805.36,0.0587,34805.36,35000,98.96,United States,--,USD,0.84,4.83,1,2027-06-05,3.6,0.84,,4.83,0.84,4.83,USD,2017-06-06,2017-06-06
GLOBAL PAYMENTS INC,Corporates,Fixed Income,34790.09,0.05868,34790.09,35000,98.55,United States,--,USD,2.14,5.17,1,2028-11-15,4.5,2.15,,5.17,2.15,5.17,USD,2025-11-14,2025-11-14
ALEXANDRIA REAL ESTATE EQUITIES IN,Corporates,Fixed Income,34775.42,0.05865,34775.42,35000,97.65,United States,--,USD,6.97,5.83,1,2035-10-01,5.5,6.98,,5.83,6.98,5.83,USD,2025-02-13,2025-02-13
CANADIAN PACIFIC RAILWAY COMPANY,Corporates,Fixed Income,34767.73,0.05864,34767.73,35000,99.09,Canada,--,USD,0.35,4.32,1,2026-12-02,1.75,0.35,,4.32,0.35,4.32,USD,2021-12-02,2021-12-02
GENERAL MOTORS CO,Corporates,Fixed Income,34768.43,0.05864,34768.43,35000,97.41,United States,--,USD,10.09,6.5,1,2043-10-02,6.25,10.15,,6.5,10.15,6.5,USD,2014-04-02,2014-07-21
BROADRIDGE FINANCIAL SOLUTIONS INC,Corporates,Fixed Income,34717.73,0.05856,34717.73,39000,88.43,United States,--,USD,4.36,5.38,1,2031-05-01,2.6,4.35,,5.38,4.35,5.38,USD,2021-05-17,2021-05-17
STEEL DYNAMICS INC,Corporates,Fixed Income,34717.73,0.05856,34717.73,35000,98.2,United States,--,USD,6.85,5.51,1,2035-05-15,5.25,6.89,,5.51,6.89,5.51,USD,2025-03-12,2025-03-12
HUMANA INC,Corporates,Fixed Income,34663.66,0.05847,34663.66,40000,85.64,United States,--,USD,5.03,5.17,1,2032-02-03,2.15,5.02,,5.17,5.02,5.17,USD,2021-08-03,2021-08-03
OREILLY AUTOMOTIVE INC,Corporates,Fixed Income,34649.11,0.05844,34649.11,35000,96.86,United States,--,USD,6.37,5.49,1,2034-08-19,5.0,6.39,,5.49,6.39,5.49,USD,2024-08-19,2024-08-19
ZOETIS INC,Corporates,Fixed Income,34631.75,0.05841,34631.75,35000,96.78,United States,--,USD,6.99,5.45,1,2035-08-17,5.0,7.01,,5.45,7.01,5.45,USD,2025-08-18,2025-08-18
TRUIST FINANCIAL CORP MTN,Corporates,Fixed Income,34564.03,0.0583,34564.03,35000,97.42,United States,--,USD,2.44,4.92,1,2029-03-19,3.88,2.45,,4.92,2.45,4.92,USD,2019-03-18,2019-03-18
AMGEN INC,Corporates,Fixed Income,34566.86,0.0583,34566.86,50000,67.71,United States,--,USD,13.74,5.94,1,2050-02-21,3.38,13.96,,5.94,13.96,5.94,USD,2020-02-21,2020-02-21
CNA FINANCIAL CORP,Corporates,Fixed Income,34548.43,0.05827,34548.43,35000,96.43,United States,--,USD,6.92,5.71,1,2035-08-15,5.2,6.94,,5.71,6.94,5.71,USD,2025-08-12,2025-08-12
BUNGE FINANCE LTD CORP,Corporates,Fixed Income,34542.15,0.05826,34542.15,38000,90.37,United States,--,USD,4.38,5.03,1,2031-05-14,2.75,4.38,,5.03,4.38,5.03,USD,2021-05-14,2021-05-14
FERGUSON ENTERPRISES INC,Corporates,Fixed Income,34517.24,0.05822,34517.24,35000,97.09,United States,--,USD,6.48,5.44,1,2034-10-03,5.0,6.52,,5.44,6.52,5.44,USD,2024-10-03,2024-10-03
HEWLETT PACKARD ENTERPRISE CO,Corporates,Fixed Income,34511.62,0.05821,34511.62,35000,97.41,United States,--,USD,3.75,5.09,1,2030-10-15,4.4,3.76,,5.09,3.76,5.09,USD,2025-09-15,2025-09-15
HCA INC,Corporates,Fixed Income,34493.6,0.05818,34493.6,40000,85.68,United States,--,USD,12.1,6.46,1,2049-06-15,5.25,12.32,,6.46,12.32,6.46,USD,2019-06-12,2019-06-12
VERISK ANALYTICS INC,Corporates,Fixed Income,34496.83,0.05818,34496.83,35000,97.86,United States,--,USD,6.27,5.59,1,2034-06-05,5.25,6.31,,5.59,6.31,5.59,USD,2024-06-05,2024-06-05
STARBUCKS CORPORATION,Corporates,Fixed Income,34464.22,0.05813,34464.22,51000,66.92,United States,--,USD,13.82,6.14,1,2050-11-15,3.5,14.04,,6.14,14.04,6.14,USD,2020-05-07,2020-05-07
PLAINS ALL AMERICAN PIPELINE LP,Corporates,Fixed Income,34392.58,0.05801,34392.58,35000,98.16,United States,--,USD,3.97,5.17,1,2031-01-15,4.7,3.98,,5.17,3.98,5.17,USD,2025-09-08,2025-09-08
CRH AMERICA FINANCE INC,Corporates,Fixed Income,34347.24,0.05793,34347.24,35000,95.86,Ireland,--,USD,7.26,5.56,1,2036-02-09,5.0,7.28,,5.56,7.28,5.56,USD,2025-10-09,2025-10-09
TYSON FOODS INC,Corporates,Fixed Income,34328.86,0.0579,34328.86,35000,95.94,United States,--,USD,6.32,5.5,1,2034-08-15,4.88,6.41,,5.5,6.41,5.5,USD,2014-08-08,2014-08-08
T-MOBILE USA INC,Corporates,Fixed Income,34269.35,0.0578,34269.35,35000,97.8,United States,--,USD,5.75,5.43,1,2033-07-15,5.05,5.79,,5.43,5.79,5.43,USD,2023-02-09,2023-02-09
KEURIG DR PEPPER INC,Corporates,Fixed Income,34246.49,0.05776,34246.49,35000,96.87,United States,--,USD,6.87,5.6,1,2035-05-15,5.15,6.9,,5.6,6.9,5.6,USD,2025-05-05,2025-05-05
ORACLE CORPORATION,Corporates,Fixed Income,34122.3,0.05755,34122.3,40000,85.13,United States,--,USD,6.5,6.75,1,2034-07-08,4.3,6.47,,6.75,6.47,6.75,USD,2014-07-08,2014-07-08
ROYALTY PHARMA PLC,Corporates,Fixed Income,34114.42,0.05754,34114.42,35000,95.16,United States,--,USD,12.73,6.27,1,2054-09-02,5.9,12.98,,6.27,12.98,6.27,USD,2024-06-10,2024-06-10
CARRIER GLOBAL CORP,Corporates,Fixed Income,34117.71,0.05754,34117.71,48000,70.01,United States,--,USD,13.65,5.95,1,2050-04-05,3.58,13.88,,5.95,13.88,5.95,USD,2020-10-05,2020-12-08
JBS NV/USA FOODS/FOOD CO,Corporates,Fixed Income,34109.3,0.05753,34109.3,35000,96.52,Brazil,--,USD,11.97,6.78,1,2052-12-01,6.5,12.18,,6.78,12.18,6.78,USD,2023-06-01,2023-08-21
CIGNA GROUP,Corporates,Fixed Income,33985.75,0.05732,33985.75,40000,84.45,United States,--,USD,12.34,6.19,1,2048-12-15,4.9,12.56,,6.19,12.56,6.19,USD,2019-06-15,2019-08-27
BAXTER INTERNATIONAL INC,Corporates,Fixed Income,33976.29,0.05731,33976.29,40000,84.4,United States,--,USD,4.38,5.55,1,2031-04-01,1.73,4.36,,5.55,4.36,5.55,USD,2021-04-01,2021-05-11
T-MOBILE USA INC,Corporates,Fixed Income,33977.0,0.05731,33977.0,35000,96.16,United States,--,USD,2.42,4.89,1,2029-04-15,3.38,2.54,,4.89,2.54,4.89,USD,2021-03-23,2021-03-23
LABORATORY CORPORATION OF AMERICA,Corporates,Fixed Income,33970.95,0.0573,33970.95,35000,95.57,United States,--,USD,6.52,5.48,1,2034-10-01,4.8,6.55,,5.48,6.55,5.48,USD,2024-09-23,2024-09-23
HOWMET AEROSPACE INC,Corporates,Fixed Income,33962.81,0.05728,33962.81,35000,95.19,United States,--,USD,7.47,5.39,1,2036-04-15,4.75,7.5,,5.39,7.5,5.39,USD,2026-03-03,2026-03-03
CIGNA GROUP,Corporates,Fixed Income,33940.3,0.05725,33940.3,40000,84.74,United States,--,USD,11.83,6.14,1,2046-07-15,4.8,12.02,,6.14,12.02,6.14,USD,2020-01-15,2020-07-13
WILLIAMS COMPANIES INC,Corporates,Fixed Income,33768.54,0.05696,33768.54,50000,66.58,United States,--,USD,13.99,6.12,1,2051-10-15,3.5,14.22,,6.12,14.22,6.12,USD,2021-10-08,2021-10-08
BAT CAPITAL CORP,Corporates,Fixed Income,33669.71,0.05679,33669.71,30000,108.87,United Kingdom,--,USD,11.94,6.39,1,2053-08-02,7.08,12.17,,6.38,12.09,6.38,USD,2023-08-02,2023-08-02
HALLIBURTON COMPANY,Corporates,Fixed Income,33597.83,0.05667,33597.83,35000,95.08,United States,--,USD,7.21,5.53,1,2035-11-15,4.85,7.28,,5.53,7.28,5.53,USD,2015-11-13,2015-11-13
RAYTHEON TECHNOLOGIES CORPORATION,Corporates,Fixed Income,33541.98,0.05657,33541.98,45000,73.68,United States,--,USD,12.52,6.01,1,2046-11-01,3.75,12.72,,6.01,12.72,6.01,USD,2016-11-01,2016-11-01
ATHENE HOLDING LTD,Corporates,Fixed Income,33501.45,0.05651,33501.45,35000,94.54,United States,--,USD,12.03,7.07,1,2055-05-19,6.63,12.23,,7.07,12.23,7.07,USD,2025-05-19,2025-05-19
KRAFT HEINZ FOODS CO,Corporates,Fixed Income,33475.86,0.05646,33475.86,35000,95.53,United States,--,USD,7.02,5.64,1,2035-07-15,5.0,7.09,,5.64,7.09,5.64,USD,2016-07-15,2016-08-19
FREEPORT-MCMORAN INC,Corporates,Fixed Income,33390.39,0.05632,33390.39,35000,93.46,United States,--,USD,10.27,6.08,1,2043-03-15,5.45,10.4,,6.08,10.4,6.08,USD,2013-09-15,2013-10-09
SPECTRA ENERGY PARTNERS LP,Corporates,Fixed Income,33322.98,0.0562,33322.98,40000,81.71,United States,--,USD,11.37,6.16,1,2045-03-15,4.5,11.53,,6.16,11.53,6.16,USD,2015-03-12,2015-03-12
OCCIDENTAL PETROLEUM CORPORATION,Corporates,Fixed Income,33291.88,0.05615,33291.88,30000,109.26,United States,--,USD,3.98,5.28,1,2031-05-01,7.5,3.97,,5.28,3.97,5.28,USD,2019-05-01,2019-09-18
HOST HOTELS & RESORTS LP,Corporates,Fixed Income,33232.17,0.05605,33232.17,35000,94.59,United States,--,USD,3.13,5.13,1,2029-12-15,3.38,3.14,,5.13,3.14,5.13,USD,2019-09-26,2019-09-26
NUTRIEN LTD,Corporates,Fixed Income,33208.35,0.05601,33208.35,45000,73.03,Canada,--,USD,13.32,6.11,1,2050-05-13,3.95,13.55,,6.11,13.55,6.11,USD,2020-05-13,2020-05-13
MORGAN STANLEY MTN,Corporates,Fixed Income,33175.4,0.05596,33175.4,33000,99.54,United States,--,USD,0.73,4.57,1,2027-04-23,3.95,0.72,,4.57,0.72,4.57,USD,2015-04-23,2015-04-23
PACIFIC GAS AND ELECTRIC COMPANY,Corporates,Fixed Income,33133.54,0.05588,33133.54,50000,64.59,United States,--,USD,13.34,6.41,1,2050-08-01,3.5,13.54,,6.41,13.54,6.41,USD,2020-06-19,2020-06-19
CITIZENS FINANCIAL GROUP INC,Corporates,Fixed Income,33087.26,0.05581,33087.26,35000,93.79,United States,--,USD,3.44,5.08,1,2030-04-30,3.25,3.46,,5.08,3.46,5.08,USD,2020-04-30,2020-04-30
ORANGE SA,Corporates,Fixed Income,33005.79,0.05567,33005.79,35000,94.15,France,--,USD,10.17,5.96,1,2042-01-13,5.38,10.21,,5.96,10.21,5.96,USD,2012-01-13,2012-01-13
AUTOZONE INC,Corporates,Fixed Income,32961.26,0.05559,32961.26,33000,97.61,United States,--,USD,5.01,5.22,1,2032-08-01,4.75,5.05,,5.22,5.05,5.22,USD,2022-08-01,2022-08-01
T-MOBILE USA INC,Corporates,Fixed Income,32946.43,0.05557,32946.43,35000,93.18,United States,--,USD,3.98,5.14,1,2031-04-15,3.5,4.23,,5.14,4.23,5.14,USD,2021-03-23,2021-03-23
CHARTER COMMUNICATIONS OPERATING L,Corporates,Fixed Income,32912.73,0.05551,32912.73,55000,58.69,United States,--,USD,12.7,7.35,1,2051-04-01,3.7,12.85,,7.35,12.85,7.35,USD,2020-04-17,2020-04-17
FAIRFAX FINANCIAL HOLDINGS LTD,Corporates,Fixed Income,32842.72,0.05539,32842.72,35000,92.52,Canada,--,USD,4.11,5.22,1,2031-03-03,3.38,4.13,,5.22,4.13,5.22,USD,2021-09-03,2021-11-05
KRAFT HEINZ FOODS CO,Corporates,Fixed Income,32831.42,0.05538,32831.42,40000,80.56,United States,--,USD,12.19,6.51,1,2049-10-01,4.88,12.4,,6.51,12.4,6.51,USD,2020-10-01,2021-01-19
DOW CHEMICAL CO,Corporates,Fixed Income,32798.88,0.05532,32798.88,50000,64.92,United States,--,USD,13.47,6.49,1,2050-11-15,3.6,13.67,,6.49,13.67,6.49,USD,2020-08-26,2020-08-26
ARTHUR J GALLAGHER & CO,Corporates,Fixed Income,32792.88,0.05531,32792.88,35000,93.57,United States,--,USD,13.09,6.24,1,2054-07-15,5.75,13.35,,6.24,13.35,6.24,USD,2024-02-15,2024-02-15
MYLAN INC,Corporates,Fixed Income,32775.23,0.05528,32775.23,40000,80.52,United States,--,USD,11.45,6.95,1,2048-04-15,5.2,11.63,,6.95,11.63,6.95,USD,2018-10-15,2019-01-09
EASTERN ENERGY GAS HOLDINGS LLC,Corporates,Fixed Income,32760.28,0.05526,32760.28,35000,92.06,United States,--,USD,12.97,6.25,1,2054-10-15,5.65,13.23,,6.25,13.23,6.25,USD,2024-10-09,2024-10-09
CDW LLC,Corporates,Fixed Income,32710.24,0.05517,32710.24,34000,95.73,United States,--,USD,2.22,5.22,1,2028-12-01,3.28,2.22,,5.22,2.22,5.22,USD,2021-12-01,2021-12-01
CF INDUSTRIES INC,Corporates,Fixed Income,32644.21,0.05506,32644.21,35000,91.36,United States,--,USD,10.66,6.19,1,2044-03-15,5.38,10.74,,6.19,10.74,6.19,USD,2014-03-11,2014-03-11
ROGERS COMMUNICATIONS INC,Corporates,Fixed Income,32644.49,0.05506,32644.49,35000,91.92,Canada,--,USD,4.89,5.48,1,2032-03-15,3.8,4.9,,5.48,4.9,5.48,USD,2023-03-15,2023-07-25
PUBLIC SERVICE ENTERPRISE GROUP IN,Corporates,Fixed Income,32575.73,0.05494,32575.73,37000,87.58,United States,--,USD,4.85,5.15,1,2031-11-15,2.45,4.84,,5.15,4.84,5.15,USD,2021-11-08,2021-11-08
HCA INC,Corporates,Fixed Income,32575.82,0.05494,32575.82,35000,91.78,United States,--,USD,4.92,5.33,1,2032-03-15,3.63,4.93,,5.33,4.93,5.33,USD,2023-03-15,2023-08-07
CONSTELLATION BRANDS INC,Corporates,Fixed Income,32548.65,0.0549,32548.65,33000,97.66,United States,--,USD,4.9,5.22,1,2032-05-09,4.75,4.95,,5.22,4.95,5.22,USD,2022-05-09,2022-05-09
RYDER SYSTEM INC MTN,Corporates,Fixed Income,32458.88,0.05475,32458.88,30000,107.24,United States,--,USD,5.72,5.39,1,2033-12-01,6.6,5.79,,5.36,5.64,5.36,USD,2023-11-01,2023-11-01
OVINTIV INC,Corporates,Fixed Income,32352.47,0.05457,32352.47,30000,104.99,United States,--,USD,6.13,5.72,1,2034-08-15,6.5,6.1,,5.72,6.1,5.72,USD,2004-08-04,2004-08-04
LYB INTERNATIONAL FINANCE III LLC,Corporates,Fixed Income,32304.61,0.05449,32304.61,45000,70.83,United States,--,USD,12.71,6.66,1,2050-05-01,4.2,12.91,,6.66,12.91,6.66,USD,2020-04-20,2020-04-20
AT&T INC,Corporates,Fixed Income,32188.53,0.05429,32188.53,35000,90.05,United States,--,USD,8.88,5.98,1,2039-03-01,4.85,8.92,,5.98,8.92,5.98,USD,2019-02-19,2019-02-19
EXPEDIA GROUP INC,Corporates,Fixed Income,32138.85,0.05421,32138.85,35000,90.78,United States,--,USD,4.2,5.21,1,2031-03-15,2.95,4.2,,5.21,4.2,5.21,USD,2021-03-03,2021-06-15
ONEOK INC,Corporates,Fixed Income,32134.81,0.0542,32134.81,45000,69.85,United States,--,USD,12.89,6.45,1,2050-03-01,3.95,13.09,,6.45,13.09,6.45,USD,2024-03-01,2024-03-01
FOX CORP,Corporates,Fixed Income,32059.93,0.05407,32059.93,30000,105.06,United States,--,USD,5.6,5.64,1,2033-10-13,6.5,5.66,,5.61,5.5,5.61,USD,2023-10-13,2023-10-13
NORTHROP GRUMMAN CORP,Corporates,Fixed Income,32029.66,0.05402,32029.66,35000,90.32,United States,--,USD,12.5,6.02,1,2050-05-01,5.25,12.75,,6.02,12.75,6.02,USD,2020-03-23,2020-03-23
DARDEN RESTAURANTS INC,Corporates,Fixed Income,31924.12,0.05384,31924.12,30000,104.61,United States,--,USD,5.63,5.51,1,2033-10-10,6.3,5.69,,5.49,5.53,5.49,USD,2023-10-10,2023-10-10
NISOURCE INC,Corporates,Fixed Income,31891.09,0.05379,31891.09,40000,78.9,United States,--,USD,12.17,6.19,1,2047-05-15,4.38,12.38,,6.19,12.38,6.19,USD,2017-05-22,2017-05-22
KROGER CO,Corporates,Fixed Income,31864.01,0.05374,31864.01,35000,90.54,United States,--,USD,3.53,4.98,1,2030-05-01,2.2,3.53,,4.98,3.53,4.98,USD,2020-04-28,2020-04-28
MONDELEZ INTERNATIONAL INC,Corporates,Fixed Income,31760.08,0.05357,31760.08,35000,89.69,United States,--,USD,5.02,5.12,1,2032-03-17,3.0,5.02,,5.12,5.02,5.12,USD,2022-03-17,2022-03-17
VODAFONE GROUP PLC,Corporates,Fixed Income,31747.46,0.05355,31747.46,35000,90.31,United Kingdom,--,USD,12.81,6.51,1,2054-06-28,5.75,13.05,,6.51,13.05,6.51,USD,2024-06-28,2024-06-28
INTERNATIONAL PAPER CO,Corporates,Fixed Income,31715.33,0.05349,31715.33,40000,77.36,United States,--,USD,11.96,6.37,1,2047-08-15,4.4,12.16,,6.37,12.16,6.37,USD,2016-08-11,2016-08-11
AMERICAN TOWER CORPORATION,Corporates,Fixed Income,31702.18,0.05347,31702.18,35000,89.84,United States,--,USD,4.31,5.15,1,2031-04-15,2.7,4.31,,5.15,4.31,5.15,USD,2021-03-29,2021-03-29
FEDEX CORP,Corporates,Fixed Income,31642.43,0.05337,31642.43,35000,89.42,United States,--,USD,12.49,6.1,1,2050-05-15,5.25,12.73,,6.1,12.73,6.1,USD,2025-05-15,2025-10-06
CHARTER COMMUNICATIONS OPERATING L,Corporates,Fixed Income,31619.5,0.05333,31619.5,35000,88.63,United States,--,USD,11.31,7.83,1,2055-10-23,6.83,11.46,,7.83,11.46,7.83,USD,2016-10-23,2016-12-01
DUKE ENERGY CORP,Corporates,Fixed Income,31554.04,0.05322,31554.04,43000,71.9,United States,--,USD,12.27,6.22,1,2046-09-01,3.75,12.44,,6.22,12.44,6.22,USD,2016-08-12,2016-08-12
GLP CAPITAL LP,Corporates,Fixed Income,31484.22,0.0531,31484.22,31000,100.73,United States,--,USD,1.61,5.33,1,2028-06-01,5.75,1.73,,5.27,1.51,5.27,USD,2018-05-21,2018-05-21
ALLSTATE CORPORATION (THE),Corporates,Fixed Income,31446.59,0.05304,31446.59,40000,78.17,United States,--,USD,12.28,6.08,1,2046-12-15,4.2,12.48,,6.08,12.48,6.08,USD,2016-12-08,2016-12-08
SYSCO CORPORATION,Corporates,Fixed Income,31447.42,0.05304,31447.42,30000,102.77,United States,--,USD,11.59,6.37,1,2050-04-01,6.6,11.82,,6.37,11.72,6.37,USD,2020-04-02,2020-04-02
TRIMBLE INC,Corporates,Fixed Income,31433.74,0.05302,31433.74,30000,102.61,United States,--,USD,5.26,5.62,1,2033-03-15,6.1,5.31,,5.61,5.15,5.61,USD,2023-03-09,2023-03-09
BLACKSTONE SECURED LENDING FUND,Corporates,Fixed Income,31349.71,0.05288,31349.71,33000,94.1,United States,--,USD,2.08,5.76,1,2028-09-30,2.85,2.05,,5.76,2.05,5.76,USD,2022-03-30,2022-06-28
JACOBS ENGINEERING GROUP INC.,Corporates,Fixed Income,31215.01,0.05265,31215.01,30000,101.72,United States,--,USD,5.25,5.58,1,2033-03-01,5.9,5.3,,5.57,5.14,5.57,USD,2023-02-16,2023-02-16
APOLLO DEBT SOLUTIONS BDC,Corporates,Fixed Income,31189.84,0.05261,31189.84,30000,102.05,United States,--,USD,2.39,6.07,1,2029-04-13,6.9,2.41,,6.05,2.34,6.05,USD,2024-10-13,2025-03-03
KINDER MORGAN INC,Corporates,Fixed Income,31156.83,0.05255,31156.83,35000,86.8,United States,--,USD,11.26,6.23,1,2046-02-15,5.05,11.44,,6.23,11.44,6.23,USD,2015-02-26,2015-02-26
CANADIAN PACIFIC RAILWAY COMPANY,Corporates,Fixed Income,31136.44,0.05252,31136.44,45000,68.39,Canada,--,USD,13.74,6.02,1,2050-05-01,3.5,13.97,,6.02,13.97,6.02,USD,2023-04-19,2023-04-19
SUN COMMUNITIES OPERATING LP,Corporates,Fixed Income,31125.5,0.0525,31125.5,35000,88.87,United States,--,USD,4.55,5.27,1,2031-07-15,2.7,4.55,,5.27,4.55,5.27,USD,2021-06-28,2021-06-28
HUMANA INC,Corporates,Fixed Income,31129.07,0.0525,31129.07,30000,101.65,United States,--,USD,5.92,5.68,1,2034-03-15,5.95,5.97,,5.67,5.81,5.67,USD,2023-11-09,2023-11-09
EQT CORP,Corporates,Fixed Income,31115.61,0.05248,31115.61,30000,100.97,United States,--,USD,5.85,5.59,1,2034-02-01,5.75,5.89,,5.59,5.73,5.59,USD,2024-01-19,2024-01-19
HUMANA INC,Corporates,Fixed Income,31068.3,0.0524,31068.3,30000,101.29,United States,--,USD,1.44,4.9,1,2028-03-01,5.75,1.49,,4.86,1.41,4.86,USD,2022-11-22,2022-11-22
DTE ENERGY COMPANY,Corporates,Fixed Income,31054.87,0.05238,31054.87,30000,102.67,United States,--,USD,6.16,5.43,1,2034-06-01,5.85,6.21,,5.42,6.05,5.42,USD,2024-05-03,2024-05-03
MPLX LP,Corporates,Fixed Income,31050.86,0.05237,31050.86,35000,86.67,United States,--,USD,11.41,6.37,1,2047-03-01,5.2,11.61,,6.37,11.61,6.37,USD,2017-02-10,2017-02-10
FORTUNE BRANDS INNOVATIONS INC,Corporates,Fixed Income,31024.57,0.05233,31024.57,30000,102.57,United States,--,USD,5.5,5.42,1,2033-06-01,5.88,5.56,,5.41,5.39,5.41,USD,2023-06-14,2023-06-14
FORD MOTOR COMPANY,Corporates,Fixed Income,31005.94,0.0523,31005.94,30000,100.74,United States,--,USD,4.86,5.95,1,2032-08-19,6.1,4.89,,5.95,4.72,5.95,USD,2022-08-19,2022-08-19
ORACLE CORPORATION,Corporates,Fixed Income,30970.5,0.05224,30970.5,35000,86.97,United States,--,USD,6.48,6.8,1,2034-09-27,4.7,6.44,,6.8,6.44,6.8,USD,2024-09-27,2024-09-27
ONEOK PARTNERS LP,Corporates,Fixed Income,30973.49,0.05224,30973.49,30000,100.32,United States,--,USD,9.18,6.09,1,2041-02-01,6.13,9.27,,6.09,9.07,6.09,USD,2011-01-26,2011-01-26
BGC GROUP INC,Corporates,Fixed Income,30935.83,0.05218,30935.83,30000,101.22,United States,--,USD,3.2,5.77,1,2030-04-02,6.15,3.21,,5.77,3.14,5.77,USD,2025-10-02,2025-10-03
HF SINCLAIR CORP,Corporates,Fixed Income,30912.87,0.05214,30912.87,30000,102.9,United States,--,USD,6.5,5.81,1,2035-01-15,6.25,6.54,,5.8,6.39,5.8,USD,2025-01-23,2025-01-23
CARDINAL HEALTH INC,Corporates,Fixed Income,30850.41,0.05203,30850.41,30000,100.59,United States,--,USD,2.3,4.88,1,2029-02-15,5.13,2.32,,4.87,2.25,4.87,USD,2024-02-20,2024-02-20
FISERV INC,Corporates,Fixed Income,30844.48,0.05202,30844.48,30000,100.68,United States,--,USD,1.45,5.0,1,2028-03-02,5.45,1.49,,4.98,1.42,4.98,USD,2023-03-02,2023-03-02
PINNACLE FINANCIAL PARTNERS INC,Corporates,Fixed Income,30805.51,0.05196,30805.51,30000,101.28,United States,--,USD,2.87,5.8,1,2030-11-01,6.17,2.89,,5.73,2.89,5.73,USD,2024-11-01,2024-11-01
HEICO CORP,Corporates,Fixed Income,30790.77,0.05193,30790.77,30000,100.08,United States,--,USD,5.6,5.34,1,2033-08-01,5.35,5.65,,5.34,5.65,5.34,USD,2023-07-27,2023-07-27
SOLVENTUM CORP,Corporates,Fixed Income,30708.65,0.05179,30708.65,30000,100.5,United States,--,USD,6.01,5.52,1,2034-03-23,5.6,6.06,,5.52,5.9,5.52,USD,2024-09-23,2024-12-31
AEP TEXAS INC,Corporates,Fixed Income,30708.72,0.05179,30708.72,30000,101.33,United States,--,USD,2.52,4.93,1,2029-05-15,5.45,2.56,,4.92,2.49,4.92,USD,2024-05-22,2024-05-22
BORGWARNER INC,Corporates,Fixed Income,30680.39,0.05175,30680.39,30000,99.9,United States,--,USD,6.27,5.42,1,2034-08-15,5.4,6.32,,5.42,6.32,5.42,USD,2024-08-16,2024-08-16
T-MOBILE USA INC,Corporates,Fixed Income,30658.23,0.05171,30658.23,35000,87.47,United States,--,USD,13.09,6.47,1,2055-01-15,5.5,13.33,,6.47,13.33,6.47,USD,2024-01-12,2024-01-12
MOTOROLA SOLUTIONS INC,Corporates,Fixed Income,30630.72,0.05166,30630.72,30000,99.67,United States,--,USD,6.84,5.6,1,2035-08-15,5.55,6.87,,5.6,6.87,5.6,USD,2025-06-16,2025-06-16
HEALTHCARE TRUST OF AMERICA HOLDIN,Corporates,Fixed Income,30596.77,0.05161,30596.77,35000,86.71,United States,--,USD,4.31,5.26,1,2031-03-15,2.0,4.29,,5.26,4.29,5.26,USD,2020-09-28,2020-09-28
EXELON CORPORATION,Corporates,Fixed Income,30581.25,0.05158,30581.25,30000,100.05,United States,--,USD,5.39,5.29,1,2033-03-15,5.3,5.44,,5.29,5.44,5.29,USD,2023-02-21,2023-02-21
ATHENE HOLDING LTD,Corporates,Fixed Income,30567.61,0.05156,30567.61,33000,92.55,United States,--,USD,4.05,5.39,1,2031-01-15,3.5,4.06,,5.39,4.06,5.39,USD,2020-10-08,2020-10-08
ILLUMINA INC,Corporates,Fixed Income,30568.83,0.05156,30568.83,30000,101.26,United States,--,USD,1.27,4.8,1,2027-12-13,5.75,1.32,,4.75,1.24,4.75,USD,2022-12-13,2022-12-13
MICROCHIP TECHNOLOGY INCORPORATED,Corporates,Fixed Income,30563.45,0.05155,30563.45,30000,99.66,United States,--,USD,3.14,5.15,1,2030-02-15,5.05,3.15,,5.15,3.15,5.15,USD,2024-12-16,2024-12-16
VODAFONE GROUP PLC,Corporates,Fixed Income,30537.15,0.05151,30537.15,35000,86.48,United Kingdom,--,USD,11.91,6.41,1,2048-05-30,5.25,12.07,,6.41,12.07,6.41,USD,2018-05-30,2018-05-30
LPL HOLDINGS INC,Corporates,Fixed Income,30540.03,0.05151,30540.03,30000,100.75,United States,--,USD,6.09,5.88,1,2034-05-20,6.0,6.12,,5.88,5.96,5.88,USD,2024-05-20,2024-05-20
WELLS FARGO & COMPANY,Corporates,Fixed Income,30533.24,0.0515,30533.24,30000,99.15,United States,--,USD,6.87,5.62,1,2035-08-01,5.5,6.84,,5.62,6.84,5.62,USD,2005-08-01,2005-08-01
JEFFERIES GROUP LLC MTN,Corporates,Fixed Income,30525.8,0.05149,30525.8,35000,86.5,United States,--,USD,4.74,5.64,1,2031-10-15,2.63,4.72,,5.64,4.72,5.64,USD,2021-10-08,2021-10-08
KRAFT HEINZ FOODS CO,Corporates,Fixed Income,30528.26,0.05149,30528.26,35000,86.54,United States,--,USD,10.29,6.36,1,2042-06-04,5.0,10.32,,6.36,10.32,6.36,USD,2012-12-04,2013-01-14
GOLDMAN SACHS PRIVATE CREDIT CORP,Corporates,Fixed Income,30502.71,0.05145,30502.71,30000,100.34,United States,--,USD,3.28,6.14,1,2030-05-06,6.25,3.29,,6.14,3.22,6.14,USD,2025-11-06,2026-05-06
BLOCK FINANCIAL LLC,Corporates,Fixed Income,30481.92,0.05141,30481.92,32000,95.2,United States,--,USD,1.9,5.08,1,2028-07-15,2.5,1.89,,5.08,1.89,5.08,USD,2021-06-25,2021-06-25
MAREX GROUP PLC,Corporates,Fixed Income,30469.87,0.05139,30469.87,30000,100.35,United Kingdom,--,USD,1.63,5.61,1,2028-05-08,5.83,1.66,,5.61,1.59,5.61,USD,2025-05-08,2025-05-08
COCA-COLA CONSOLIDATED INC,Corporates,Fixed Income,30449.96,0.05136,30449.96,30000,100.71,United States,--,USD,6.23,5.34,1,2034-06-01,5.45,6.28,,5.33,6.12,5.33,USD,2024-05-29,2024-05-29
NEXTERA ENERGY CAPITAL HOLDINGS IN,Corporates,Fixed Income,30434.42,0.05133,30434.42,30000,99.51,United States,--,USD,6.65,5.52,1,2035-03-15,5.45,6.69,,5.52,6.69,5.52,USD,2025-02-04,2025-02-04
ELEVANCE HEALTH INC,Corporates,Fixed Income,30395.76,0.05127,30395.76,30000,100.78,United States,--,USD,2.62,4.86,1,2029-06-15,5.15,2.65,,4.85,2.58,4.85,USD,2024-05-30,2024-05-30
ARES STRATEGIC INCOME FUND,Corporates,Fixed Income,30370.31,0.05122,30370.31,30000,99.21,United States,--,USD,1.95,5.85,1,2028-09-09,5.45,1.94,,5.85,1.94,5.85,USD,2026-03-09,2026-05-28
PHILLIPS 66 CO,Corporates,Fixed Income,30333.62,0.05116,30333.62,30000,100.4,United States,--,USD,1.26,4.64,1,2027-12-01,4.95,1.29,,4.62,1.21,4.62,USD,2023-03-29,2023-03-29
HEALTHPEAK OP LLC,Corporates,Fixed Income,30324.75,0.05115,30324.75,30000,98.72,United States,--,USD,6.58,5.56,1,2035-02-15,5.38,6.62,,5.56,6.62,5.56,USD,2025-02-14,2025-02-14
MARRIOTT INTERNATIONAL INC,Corporates,Fixed Income,30327.1,0.05115,30327.1,30000,99.38,United States,--,USD,3.23,4.99,1,2030-03-15,4.8,3.25,,4.99,3.25,4.99,USD,2024-08-12,2024-08-12
INTERSTATE POWER AND LIGHT CO,Corporates,Fixed Income,30308.64,0.05112,30308.64,30000,100.66,United States,--,USD,6.9,5.51,1,2035-06-29,5.6,6.94,,5.5,6.79,5.5,USD,2025-05-19,2025-05-19
REGIONS FINANCIAL CORP,Corporates,Fixed Income,30303.11,0.05111,30303.11,30000,98.92,United States,--,USD,6.19,5.67,1,2035-09-06,5.5,6.33,,5.67,6.33,5.67,USD,2024-09-06,2024-09-06
ARROW ELECTRONICS INC,Corporates,Fixed Income,30296.77,0.0511,30296.77,34000,87.81,United States,--,USD,4.95,5.52,1,2032-02-15,2.95,4.93,,5.52,4.93,5.52,USD,2021-12-01,2021-12-01
BERRY GLOBAL INC,Corporates,Fixed Income,30291.3,0.05109,30291.3,30000,100.85,United States,--,USD,6.0,5.51,1,2034-01-15,5.65,6.03,,5.51,5.87,5.51,USD,2025-01-15,2025-02-11
APPLOVIN CORP,Corporates,Fixed Income,30293.58,0.05109,30293.58,30000,100.2,United States,--,USD,4.54,5.33,1,2031-12-01,5.38,4.57,,5.33,4.57,5.33,USD,2024-12-05,2024-12-05
WESTINGHOUSE AIR BRAKE TECHNOLOGIE,Corporates,Fixed Income,30269.15,0.05105,30269.15,30000,100.07,United States,--,USD,6.84,5.49,1,2035-05-29,5.5,6.88,,5.49,6.88,5.49,USD,2025-05-29,2025-05-29
NEXTERA ENERGY CAPITAL HOLDINGS IN,Corporates,Fixed Income,30258.95,0.05104,30258.95,30000,99.0,United States,--,USD,6.06,5.41,1,2034-03-15,5.25,6.1,,5.41,6.1,5.41,USD,2024-01-31,2024-01-31
PAYCHEX INC,Corporates,Fixed Income,30261.23,0.05104,30261.23,30000,99.35,United States,--,USD,6.69,5.69,1,2035-04-15,5.6,6.72,,5.69,6.72,5.69,USD,2025-04-10,2025-04-10
RAYTHEON TECHNOLOGIES CORPORATION,Corporates,Fixed Income,30256.71,0.05103,30256.71,50000,59.4,United States,--,USD,14.76,5.96,1,2051-09-01,2.82,14.99,,5.96,14.99,5.96,USD,2021-08-10,2021-08-10
CHENIERE ENERGY PARTNERS LP,Corporates,Fixed Income,30234.37,0.05099,30234.37,30000,99.5,United States,--,USD,6.98,5.62,1,2035-10-30,5.55,7.07,,5.62,7.07,5.62,USD,2025-07-10,2026-02-24
GENERAL MILLS INC,Corporates,Fixed Income,30227.09,0.05098,30227.09,30000,98.23,United States,--,USD,6.57,5.51,1,2035-01-30,5.25,6.6,,5.51,6.6,5.51,USD,2024-11-21,2024-11-21
CHARTER COMMUNICATIONS OPERATING L,Corporates,Fixed Income,30163.48,0.05088,30163.48,30000,99.6,United States,--,USD,6.0,6.61,1,2034-06-01,6.55,6.01,,6.61,6.01,6.61,USD,2024-05-14,2024-05-14
BAXTER INTERNATIONAL INC,Corporates,Fixed Income,30153.54,0.05086,30153.54,35000,84.94,United States,--,USD,4.97,5.76,1,2032-02-01,2.54,4.94,,5.76,4.94,5.76,USD,2021-12-01,2022-06-10
CENCORA INC,Corporates,Fixed Income,30142.31,0.05084,30142.31,30000,99.99,United States,--,USD,1.3,4.63,1,2027-12-15,4.63,1.33,,4.63,1.33,4.63,USD,2024-12-09,2024-12-09
LYB INTERNATIONAL FINANCE III LLC,Corporates,Fixed Income,30109.97,0.05079,30109.97,30000,98.2,United States,--,USD,5.96,5.8,1,2034-03-01,5.5,5.99,,5.8,5.99,5.8,USD,2024-02-28,2024-02-28
GE HEALTHCARE TECHNOLOGIES INC,Corporates,Fixed Income,30093.48,0.05076,30093.48,30000,99.73,United States,--,USD,6.88,5.54,1,2035-06-15,5.5,6.92,,5.54,6.92,5.54,USD,2025-06-09,2025-06-09
SYSCO CORPORATION,Corporates,Fixed Income,30087.78,0.05075,30087.78,30000,98.49,United States,--,USD,6.68,5.62,1,2035-03-23,5.4,6.71,,5.62,6.71,5.62,USD,2025-02-25,2025-02-25
TRACTOR SUPPLY COMPANY,Corporates,Fixed Income,30070.96,0.05072,30070.96,30000,99.24,United States,--,USD,5.56,5.38,1,2033-05-15,5.25,5.6,,5.38,5.6,5.38,USD,2023-05-05,2023-05-05
BELL TELEPHONE COMPANY OF CANADA O,Corporates,Fixed Income,30071.09,0.05072,30071.09,30000,97.95,Canada,--,USD,5.99,5.53,1,2034-02-15,5.2,6.02,,5.53,6.02,5.53,USD,2024-02-15,2024-02-15
ZIMMER BIOMET HOLDINGS INC,Corporates,Fixed Income,30056.4,0.05069,30056.4,30000,98.34,United States,--,USD,6.39,5.45,1,2034-09-15,5.2,6.43,,5.45,6.43,5.45,USD,2024-08-15,2024-08-15
TRANSCANADA PIPELINES LTD,Corporates,Fixed Income,30009.19,0.05062,30009.19,26000,115.25,Canada,--,USD,8.33,5.88,1,2039-01-15,7.63,8.32,,5.88,8.32,5.88,USD,2009-01-09,2009-01-09
HEWLETT PACKARD ENTERPRISE CO,Corporates,Fixed Income,29986.31,0.05058,29986.31,30000,98.72,United States,--,USD,2.91,4.98,1,2029-10-15,4.55,2.93,,4.98,2.93,4.98,USD,2024-09-26,2024-09-26
MPLX LP,Corporates,Fixed Income,29986.72,0.05058,29986.72,30000,99.34,United States,--,USD,1.25,4.75,1,2027-12-01,4.25,1.29,,4.75,1.29,4.75,USD,2019-12-01,2020-05-20
TRANSCANADA PIPELINES LTD,Corporates,Fixed Income,29980.8,0.05057,29980.8,30000,99.13,Canada,--,USD,1.64,4.75,1,2028-05-15,4.25,1.71,,4.75,1.71,4.75,USD,2018-05-07,2018-05-07
MOSAIC CO/THE,Corporates,Fixed Income,29962.05,0.05054,29962.05,30000,99.11,United States,--,USD,1.22,4.75,1,2027-11-15,4.05,1.25,,4.75,1.25,4.75,USD,2017-11-13,2017-11-13
NASDAQ INC,Corporates,Fixed Income,29957.98,0.05053,29957.98,30000,97.25,United States,--,USD,12.59,6.16,1,2053-08-15,5.95,12.84,,6.16,12.84,6.16,USD,2023-06-28,2023-06-28
ESSENTIAL UTILITIES INC,Corporates,Fixed Income,29948.04,0.05051,29948.04,30000,99.71,United States,--,USD,6.04,5.42,1,2034-01-15,5.38,6.08,,5.42,6.08,5.42,USD,2024-01-08,2024-01-08
CBRE SERVICES INC,Corporates,Fixed Income,29932.21,0.05049,29932.21,30000,99.19,United States,--,USD,6.88,5.62,1,2035-06-15,5.5,6.91,,5.62,6.91,5.62,USD,2025-05-12,2025-05-12
ARTHUR J GALLAGHER & CO,Corporates,Fixed Income,29890.8,0.05042,29890.8,30000,97.38,United States,--,USD,6.64,5.54,1,2035-02-15,5.15,6.66,,5.54,6.66,5.54,USD,2024-12-19,2024-12-19
CF INDUSTRIES INC,Corporates,Fixed Income,29885.06,0.05041,29885.06,30000,97.79,United States,--,USD,6.14,5.51,1,2034-03-15,5.15,6.11,,5.51,6.11,5.51,USD,2014-03-11,2014-03-11
JACOBS SOLUTIONS INC,Corporates,Fixed Income,29885.46,0.05041,29885.46,30000,97.77,United States,--,USD,4.0,5.3,1,2031-03-03,4.75,4.01,,5.3,4.01,5.3,USD,2026-03-03,2026-03-03
EXPAND ENERGY CORP,Corporates,Fixed Income,29852.6,0.05035,29852.6,30000,99.38,United States,--,USD,6.61,5.79,1,2035-01-15,5.7,6.63,,5.79,6.63,5.79,USD,2024-12-02,2024-12-02
INTEL CORPORATION,Corporates,Fixed Income,29845.06,0.05034,29845.06,40000,73.88,United States,--,USD,11.96,6.45,1,2046-05-19,4.1,12.12,,6.45,12.12,6.45,USD,2016-05-19,2016-05-19
CARDINAL HEALTH INC,Corporates,Fixed Income,29823.02,0.0503,29823.02,30000,99.05,United States,--,USD,0.86,4.5,1,2027-06-15,3.41,0.87,,4.5,0.87,4.5,USD,2017-06-12,2017-06-12
GLP CAPITAL LP,Corporates,Fixed Income,29811.95,0.05028,29811.95,30000,97.37,United States,--,USD,6.28,6.04,1,2034-09-15,5.63,6.3,,6.04,6.3,6.04,USD,2024-08-06,2024-08-06
GOLUB CAPITAL PRIVATE CREDIT FUND,Corporates,Fixed Income,29801.41,0.05026,29801.41,30000,98.0,United States,--,USD,3.3,6.48,1,2030-05-01,5.88,3.28,,6.48,3.28,6.48,USD,2025-02-24,2025-06-10
EXTRA SPACE STORAGE LP,Corporates,Fixed Income,29785.91,0.05024,29785.91,30000,98.72,United States,--,USD,6.9,5.58,1,2035-06-15,5.4,6.93,,5.58,6.93,5.58,USD,2025-03-19,2025-03-19
CARLISLE COMPANIES INCORPORATED,Corporates,Fixed Income,29775.55,0.05022,29775.55,30000,97.39,United States,--,USD,7.0,5.62,1,2035-09-15,5.25,7.02,,5.62,7.02,5.62,USD,2025-08-20,2025-08-20
CONTINENTAL RESOURCES INC,Corporates,Fixed Income,29768.39,0.05021,29768.39,30000,99.13,United States,--,USD,1.39,4.99,1,2028-01-15,4.38,1.41,,4.99,1.41,4.99,USD,2017-12-08,2018-05-23
WESTERN MIDSTREAM OPERATING LP,Corporates,Fixed Income,29763.75,0.0502,29763.75,30000,98.18,United States,--,USD,6.49,5.73,1,2034-11-15,5.45,6.52,,5.73,6.52,5.73,USD,2024-08-20,2024-08-20
APPLOVIN CORP,Corporates,Fixed Income,29759.5,0.05019,29759.5,30000,98.4,United States,--,USD,6.53,5.74,1,2034-12-01,5.5,6.55,,5.74,6.55,5.74,USD,2024-12-05,2024-12-05
AIRBNB INC,Corporates,Fixed Income,29741.43,0.05016,29741.43,30000,97.29,United States,--,USD,7.29,5.62,1,2036-03-16,5.25,7.31,,5.62,7.31,5.62,USD,2026-03-16,2026-03-16
CROWN CASTLE INC,Corporates,Fixed Income,29702.83,0.0501,29702.83,30000,96.96,United States,--,USD,6.35,5.67,1,2034-09-01,5.2,6.37,,5.67,6.37,5.67,USD,2024-08-12,2024-08-12
ENBRIDGE INC,Corporates,Fixed Income,29681.1,0.05006,29681.1,40000,73.45,Canada,--,USD,13.13,6.16,1,2049-11-15,4.0,13.35,,6.16,13.35,6.16,USD,2019-11-15,2019-11-15
ILLUMINA INC,Corporates,Fixed Income,29655.97,0.05002,29655.97,30000,98.31,United States,--,USD,3.88,5.18,1,2030-12-12,4.75,3.89,,5.18,3.89,5.18,USD,2025-11-25,2025-11-25
DUKE ENERGY CORP,Corporates,Fixed Income,29658.47,0.05002,29658.47,45000,65.54,United States,--,USD,13.93,6.25,1,2051-06-15,3.5,14.15,,6.25,14.15,6.25,USD,2021-06-10,2021-06-10
SEMPRA,Corporates,Fixed Income,29648.09,0.05001,29648.09,35000,82.89,United States,--,USD,8.72,5.86,1,2038-02-01,3.8,8.73,,5.86,8.73,5.86,USD,2018-01-12,2018-01-12
BUNGE FINANCE LTD CORP,Corporates,Fixed Income,29641.14,0.04999,29641.14,30000,97.03,United States,--,USD,7.33,5.55,1,2036-03-19,5.15,7.35,,5.55,7.35,5.55,USD,2026-03-19,2026-03-19
NORFOLK SOUTHERN CORPORATION,Corporates,Fixed Income,29594.6,0.04992,29594.6,35000,84.45,United States,--,USD,11.82,6.02,1,2046-01-15,4.65,12.01,,6.02,12.01,6.02,USD,2015-11-03,2015-11-03
MARKEL GROUP INC,Corporates,Fixed Income,29583.8,0.0499,29583.8,45000,65.01,United States,--,USD,14.15,6.18,1,2052-05-07,3.45,14.38,,6.18,14.38,6.18,USD,2021-05-07,2021-05-07
CONSTELLATION ENERGY GENERATION LL,Corporates,Fixed Income,29524.17,0.0498,29524.17,30000,97.4,United States,--,USD,7.46,5.65,1,2036-06-01,5.3,7.48,,5.65,7.48,5.65,USD,2026-05-14,2026-05-14
ENBRIDGE INC,Corporates,Fixed Income,29499.77,0.04976,29499.77,30000,97.42,Canada,--,USD,7.19,5.56,1,2035-11-20,5.2,7.21,,5.56,7.21,5.56,USD,2025-11-20,2025-11-20
BROWN & BROWN INC,Corporates,Fixed Income,29485.3,0.04973,29485.3,30000,97.82,United States,--,USD,6.82,5.87,1,2035-06-23,5.55,6.89,,5.87,6.89,5.87,USD,2025-06-23,2025-06-23
SANTANDER HOLDINGS USA INC,Corporates,Fixed Income,29486.24,0.04973,29486.24,30000,97.53,United States,--,USD,7.13,5.98,1,2037-06-05,5.7,7.37,,5.98,7.37,5.98,USD,2026-06-05,2026-06-05
NORFOLK SOUTHERN CORPORATION,Corporates,Fixed Income,29481.17,0.04972,29481.17,30000,96.52,United States,--,USD,5.49,5.08,1,2033-03-01,4.45,5.54,,5.08,5.54,5.08,USD,2023-02-02,2023-02-02
ARIZONA PUBLIC SERVICE COMPANY,Corporates,Fixed Income,29458.99,0.04969,29458.99,30000,96.34,United States,--,USD,7.33,5.6,1,2036-03-15,5.1,7.34,,5.6,7.34,5.6,USD,2026-03-12,2026-03-12
PLAINS ALL AMERICAN PIPELINE LP,Corporates,Fixed Income,29462.77,0.04969,29462.77,35000,83.68,United States,--,USD,11.16,6.22,1,2044-06-15,4.7,11.29,,6.22,11.29,6.22,USD,2014-04-23,2014-04-23
FEDEX FREIGHT HOLDING COMPANY INC 144A,Corporates,Fixed Income,29373.45,0.04954,29373.45,30000,95.46,United States,--,USD,7.23,5.87,1,2036-03-15,5.25,7.23,,5.87,7.23,5.87,USD,2026-02-05,2026-02-05
REYNOLDS AMERICAN INC,Corporates,Fixed Income,29360.55,0.04952,29360.55,30000,95.3,United States,--,USD,10.73,6.28,1,2045-08-15,5.85,10.9,,6.28,10.9,6.28,USD,2015-06-12,2015-06-12
EASTMAN CHEMICAL CO,Corporates,Fixed Income,29345.16,0.0495,29345.16,35000,82.58,United States,--,USD,11.17,6.27,1,2044-10-15,4.65,11.31,,6.27,11.31,6.27,USD,2014-05-15,2014-05-15
INVITATION HOMES OPERATING PARTNER,Corporates,Fixed Income,29246.4,0.04933,29246.4,30000,95.16,United States,--,USD,6.66,5.6,1,2035-02-01,4.88,6.68,,5.6,6.68,5.6,USD,2024-09-26,2024-09-26
VODAFONE GROUP PLC MTN,Corporates,Fixed Income,29215.93,0.04928,29215.93,30000,96.87,United Kingdom,--,USD,7.5,5.77,1,2036-06-18,5.35,7.52,,5.77,7.52,5.77,USD,2026-06-18,2026-06-18
JBS NV,Corporates,Fixed Income,29212.65,0.04927,29212.65,30000,97.25,United States,--,USD,7.25,5.88,1,2036-01-15,5.5,7.26,,5.88,7.26,5.88,USD,2025-07-03,2026-01-12
NEXTERA ENERGY CAPITAL HOLDINGS IN,Corporates,Fixed Income,29204.19,0.04926,29204.19,30000,95.25,United States,--,USD,12.86,6.26,1,2055-03-15,5.9,13.11,,6.26,13.11,6.26,USD,2025-02-04,2025-02-04
VERIZON COMMUNICATIONS INC,Corporates,Fixed Income,29166.85,0.04919,29166.85,29000,99.11,United States,--,USD,2.02,4.77,1,2028-09-21,4.33,2.01,,4.77,2.01,4.77,USD,2018-06-21,2018-10-22
EXELON CORPORATION,Corporates,Fixed Income,29098.5,0.04908,29098.5,30000,94.89,United States,--,USD,7.34,5.64,1,2036-03-15,4.95,7.35,,5.64,7.35,5.64,USD,2026-02-20,2026-02-20
PACIFIC GAS AND ELECTRIC CO,Corporates,Fixed Income,29045.16,0.04899,29045.16,40000,72.04,United States,--,USD,12.17,6.5,1,2046-12-01,4.0,12.34,,6.5,12.34,6.5,USD,2016-12-01,2016-12-01
AMERICAN HONDA FINANCE CORPORATION MTN,Corporates,Fixed Income,28999.38,0.04891,28999.38,30000,96.49,United States,--,USD,6.16,5.48,1,2034-01-10,4.9,6.14,,5.48,6.14,5.48,USD,2024-01-10,2024-01-10
BLOCK FINANCIAL LLC,Corporates,Fixed Income,28871.76,0.0487,28871.76,30000,94.54,United States,--,USD,3.61,5.39,1,2030-08-15,3.88,3.62,,5.39,3.62,5.39,USD,2020-08-07,2020-08-07
SOLVENTUM CORP,Corporates,Fixed Income,28845.91,0.04865,28845.91,30000,94.79,United States,--,USD,12.77,6.3,1,2054-04-30,5.9,13.02,,6.3,13.02,6.3,USD,2024-10-30,2024-12-31
AMGEN INC,Corporates,Fixed Income,28838.21,0.04864,28838.21,30000,93.77,United States,--,USD,11.14,6.05,1,2046-02-19,5.5,11.33,,6.05,11.33,6.05,USD,2026-02-19,2026-02-19
HCA INC,Corporates,Fixed Income,28739.7,0.04847,28739.7,30000,93.93,United States,--,USD,12.5,6.47,1,2054-04-01,6.0,12.74,,6.47,12.74,6.47,USD,2024-02-23,2024-02-23
EXELON CORPORATION,Corporates,Fixed Income,28674.32,0.04836,28674.32,28000,100.58,United States,--,USD,1.49,4.78,1,2028-03-15,5.15,1.53,,4.76,1.46,4.76,USD,2023-02-21,2023-02-21
GE VERNOVA INC,Corporates,Fixed Income,28652.48,0.04833,28652.48,30000,92.93,United States,--,USD,13.34,6.01,1,2056-02-04,5.5,13.6,,6.01,13.6,6.01,USD,2026-02-04,2026-02-04
PACIFICORP,Corporates,Fixed Income,28601.54,0.04824,28601.54,50000,56.9,United States,--,USD,14.77,6.3,1,2052-06-15,2.9,14.98,,6.3,14.98,6.3,USD,2021-07-09,2021-07-09
LOWES COMPANIES INC,Corporates,Fixed Income,28566.06,0.04818,28566.06,30000,93.4,United States,--,USD,13.87,6.31,1,2063-04-01,5.85,14.12,,6.31,14.12,6.31,USD,2023-03-30,2023-03-30
MCDONALDS CORPORATION MTN,Corporates,Fixed Income,28486.24,0.04805,28486.24,40000,69.79,United States,--,USD,13.3,6.07,1,2049-09-01,3.63,13.52,,6.07,13.52,6.07,USD,2019-08-12,2019-08-12
LOWES COMPANIES INC,Corporates,Fixed Income,28441.13,0.04797,28441.13,30000,92.74,United States,--,USD,13.8,6.31,1,2062-09-15,5.8,14.05,,6.31,14.05,6.31,USD,2022-09-08,2022-09-08
GENERAL MOTORS CO,Corporates,Fixed Income,28410.91,0.04792,28410.91,30000,93.1,United States,--,USD,8.36,5.98,1,2038-04-01,5.15,8.41,,5.98,8.41,5.98,USD,2017-08-07,2017-08-07
CIGNA GROUP,Corporates,Fixed Income,28383.94,0.04787,28383.94,30000,92.16,United States,--,USD,12.81,6.2,1,2054-02-15,5.6,13.05,,6.2,13.05,6.2,USD,2024-02-13,2024-02-13
LOWES COMPANIES INC,Corporates,Fixed Income,28333.06,0.04779,28333.06,30000,93.84,United States,--,USD,2.06,4.75,1,2028-09-15,1.7,2.05,,4.75,2.05,4.75,USD,2021-09-20,2021-09-20
CROWN CASTLE INC,Corporates,Fixed Income,28326.17,0.04778,28326.17,45000,62.87,United States,--,USD,14.16,6.22,1,2051-01-15,3.25,14.37,,6.22,14.37,6.22,USD,2020-06-15,2020-06-15
KINDER MORGAN ENERGY PARTNERS LP,Corporates,Fixed Income,28329.76,0.04778,28329.76,30000,92.26,United States,--,USD,10.5,6.23,1,2044-03-01,5.5,10.63,,6.23,10.63,6.23,USD,2014-02-24,2014-02-24
LENNAR CORPORATION,Corporates,Fixed Income,28212.21,0.04758,28212.21,28000,100.05,United States,--,USD,1.08,4.71,1,2027-11-29,4.75,1.29,,4.69,0.82,4.69,USD,2018-05-29,2018-06-11
EMERA US FINANCE LP,Corporates,Fixed Income,28185.55,0.04754,28185.55,34000,82.4,Canada,--,USD,11.69,6.32,1,2046-06-15,4.75,11.87,,6.32,11.87,6.32,USD,2016-12-15,2017-01-17
AMEREN CORPORATION,Corporates,Fixed Income,28180.88,0.04753,28180.88,30000,93.86,United States,--,USD,4.05,5.05,1,2031-01-15,3.5,4.07,,5.05,4.07,5.05,USD,2020-04-03,2020-04-03
CAMPBELLS CO,Corporates,Fixed Income,28078.17,0.04736,28078.17,28000,98.8,United States,--,USD,1.5,4.91,1,2028-03-15,4.15,1.55,,4.91,1.55,4.91,USD,2018-03-16,2018-03-16
CENCORA INC,Corporates,Fixed Income,28042.48,0.0473,28042.48,35000,79.67,United States,--,USD,12.55,6.0,1,2047-12-15,4.3,12.78,,6.0,12.78,6.0,USD,2017-12-04,2017-12-04
ROGERS COMMUNICATIONS INC,Corporates,Fixed Income,28032.65,0.04728,28032.65,40000,69.38,Canada,--,USD,13.34,6.2,1,2049-11-15,3.7,13.56,,6.2,13.56,6.2,USD,2019-11-12,2019-11-12
DOW CHEMICAL CO,Corporates,Fixed Income,27944.76,0.04713,27944.76,30000,91.03,United States,--,USD,12.48,6.65,1,2055-03-15,5.95,12.7,,6.65,12.7,6.65,USD,2025-03-11,2025-03-11
OCCIDENTAL PETROLEUM CORPORATION,Corporates,Fixed Income,27924.94,0.0471,27924.94,25000,111.5,United States,--,USD,3.05,5.61,1,2030-07-15,8.88,3.37,,5.21,3.01,5.21,USD,2020-07-13,2020-07-13
HCA INC,Corporates,Fixed Income,27907.51,0.04707,27907.51,30000,92.48,United States,--,USD,9.05,5.97,1,2039-06-15,5.13,9.11,,5.97,9.11,5.97,USD,2019-06-12,2019-06-12
CONAGRA BRANDS INC,Corporates,Fixed Income,27884.76,0.04703,27884.76,30000,91.74,United States,--,USD,8.6,6.27,1,2038-11-01,5.3,8.63,,6.27,8.63,6.27,USD,2018-10-22,2018-10-22
FOX CORP,Corporates,Fixed Income,27755.19,0.04681,27755.19,30000,89.76,United States,--,USD,11.58,6.44,1,2049-01-25,5.58,11.79,,6.44,11.79,6.44,USD,2020-01-25,2020-03-30
MPLX LP,Corporates,Fixed Income,27722.4,0.04676,27722.4,30000,91.24,United States,--,USD,3.72,5.06,1,2030-08-15,2.65,3.72,,5.06,3.72,5.06,USD,2020-08-18,2020-08-18
BIOGEN INC,Corporates,Fixed Income,27676.64,0.04668,27676.64,43000,62.94,United States,--,USD,13.9,6.21,1,2051-02-15,3.25,14.1,,6.21,14.1,6.21,USD,2022-02-15,2022-06-27
NATIONAL FUEL GAS COMPANY,Corporates,Fixed Income,27549.49,0.04647,27549.49,30000,90.67,United States,--,USD,4.16,5.26,1,2031-03-01,2.95,4.16,,5.26,4.16,5.26,USD,2021-02-24,2021-02-24
KEURIG DR PEPPER INC,Corporates,Fixed Income,27423.29,0.04625,27423.29,35000,77.13,United States,--,USD,13.13,6.31,1,2052-04-15,4.5,13.36,,6.31,13.36,6.31,USD,2022-04-22,2022-04-22
EQUITABLE HOLDINGS INC,Corporates,Fixed Income,27390.42,0.0462,27390.42,32000,84.3,United States,--,USD,11.92,6.34,1,2048-04-20,5.0,12.13,,6.34,12.13,6.34,USD,2018-10-20,2019-01-16
STARBUCKS CORPORATION,Corporates,Fixed Income,27365.82,0.04616,27365.82,30000,90.74,United States,--,USD,3.98,4.96,1,2030-11-15,2.55,3.98,,4.96,3.98,4.96,USD,2020-05-07,2020-05-07
TELEDYNE TECHNOLOGIES INCORPORATED,Corporates,Fixed Income,27323.29,0.04608,27323.29,30000,90.22,United States,--,USD,4.26,5.12,1,2031-04-01,2.75,4.26,,5.12,4.26,5.12,USD,2021-03-22,2021-03-22
ROYALTY PHARMA PLC,Corporates,Fixed Income,27299.75,0.04605,27299.75,28000,96.81,United States,--,USD,1.08,4.73,1,2027-09-02,1.75,1.07,,4.73,1.07,4.73,USD,2021-03-02,2021-08-03
DUPONT DE NEMOURS INC,Corporates,Fixed Income,27220.46,0.04591,27220.46,28000,96.21,United States,--,USD,8.7,5.75,1,2038-11-15,5.32,8.77,,5.75,8.77,5.75,USD,2018-11-28,2018-11-28
MCDONALDS CORPORATION MTN,Corporates,Fixed Income,27201.36,0.04588,27201.36,25000,106.32,United States,--,USD,8.1,5.55,1,2038-03-01,6.3,8.1,,5.55,8.1,5.55,USD,2008-02-29,2008-02-29
SUNCOR ENERGY INC,Corporates,Fixed Income,27176.43,0.04584,27176.43,25000,107.42,Canada,--,USD,8.12,5.92,1,2038-05-15,6.8,8.11,,5.92,8.11,5.92,USD,2008-05-15,2008-05-15
AMCOR FLEXIBLES NORTH AMERICA INC,Corporates,Fixed Income,27012.29,0.04556,27012.29,30000,89.61,United States,--,USD,4.42,5.14,1,2031-05-25,2.69,4.42,,5.14,4.42,5.14,USD,2021-05-25,2021-05-25
CAPITAL ONE FINANCIAL CORPORATION,Corporates,Fixed Income,26980.47,0.04551,26980.47,25000,106.92,United States,--,USD,5.05,5.4,1,2032-11-29,6.7,5.13,,5.35,4.97,5.35,USD,2022-11-29,2022-11-29
HCA INC,Corporates,Fixed Income,26974.42,0.0455,26974.42,30000,89.33,United States,--,USD,11.51,6.43,1,2047-06-15,5.5,11.71,,6.43,11.71,6.43,USD,2017-06-22,2017-06-22
DELL INTERNATIONAL LLC,Corporates,Fixed Income,26949.41,0.04545,26949.41,40000,67.01,United States,--,USD,14.29,6.0,1,2051-12-15,3.45,14.53,,6.0,14.53,6.0,USD,2023-06-15,2023-09-27
KROGER CO,Corporates,Fixed Income,26903.37,0.04538,26903.37,33000,79.4,United States,--,USD,11.82,6.24,1,2047-02-01,4.45,12.02,,6.24,12.02,6.24,USD,2017-01-24,2017-01-24
CAMPBELLS CO,Corporates,Fixed Income,26905.2,0.04538,26905.2,45000,59.02,United States,--,USD,13.72,6.55,1,2050-04-24,3.13,13.9,,6.55,13.9,6.55,USD,2020-04-24,2020-04-24
MOLSON COORS BREWING CO,Corporates,Fixed Income,26899.15,0.04537,26899.15,35000,76.76,United States,--,USD,12.13,6.25,1,2046-07-15,4.2,12.31,,6.25,12.31,6.25,USD,2016-07-07,2016-07-07
AMGEN INC,Corporates,Fixed Income,26891.09,0.04536,26891.09,35000,75.5,United States,--,USD,10.19,5.78,1,2040-02-21,3.15,10.22,,5.78,10.22,5.78,USD,2020-02-21,2020-02-21
CBRE SERVICES INC,Corporates,Fixed Income,26873.3,0.04533,26873.3,30000,88.8,United States,--,USD,4.29,5.22,1,2031-04-01,2.5,4.29,,5.22,4.29,5.22,USD,2021-03-18,2021-03-18
AT&T INC,Corporates,Fixed Income,26855.89,0.0453,26855.89,45000,58.01,United States,--,USD,14.61,6.6,1,2061-02-01,3.5,14.82,,6.6,14.82,6.6,USD,2020-08-04,2020-08-04
FIRSTENERGY CORPORATION,Corporates,Fixed Income,26803.47,0.04521,26803.47,40000,65.67,United States,--,USD,13.56,6.18,1,2050-03-01,3.4,13.77,,6.18,13.77,6.18,USD,2020-02-20,2020-02-20
BRIXMOR OPERATING PARTNERSHIP LP,Corporates,Fixed Income,26772.77,0.04516,26772.77,30000,88.15,United States,--,USD,4.6,5.19,1,2031-08-16,2.5,4.59,,5.19,4.59,5.19,USD,2021-08-16,2021-08-16
ROYALTY PHARMA PLC,Corporates,Fixed Income,26762.01,0.04514,26762.01,35000,75.17,United Kingdom,--,USD,10.36,5.92,1,2040-09-02,3.3,10.39,,5.92,10.39,5.92,USD,2021-03-02,2021-08-03
TD SYNNEX CORP,Corporates,Fixed Income,26725.23,0.04508,26725.23,30000,87.88,United States,--,USD,4.56,5.43,1,2031-08-09,2.65,4.54,,5.43,4.54,5.43,USD,2022-02-09,2022-07-15
BOEING CO,Corporates,Fixed Income,26634.61,0.04492,26634.61,25000,105.08,United States,--,USD,3.98,5.17,1,2031-05-01,6.39,4.05,,5.13,3.92,5.13,USD,2024-11-01,2024-12-17
MOTOROLA SOLUTIONS INC,Corporates,Fixed Income,26579.41,0.04483,26579.41,26000,101.42,United States,--,USD,4.85,5.31,1,2032-06-01,5.6,4.91,,5.3,4.73,5.3,USD,2022-05-31,2022-05-31
FORD MOTOR COMPANY,Corporates,Fixed Income,26554.29,0.04479,26554.29,30000,87.06,United States,--,USD,4.89,6.03,1,2032-02-12,3.25,4.86,,6.03,4.86,6.03,USD,2021-11-12,2021-11-12
REGAL REXNORD CORP,Corporates,Fixed Income,26540.64,0.04476,26540.64,25000,103.4,United States,--,USD,3.02,5.24,1,2030-02-15,6.3,3.09,,5.2,2.96,5.2,USD,2024-02-15,2024-05-01
GOLDMAN SACHS GROUP INC/THE,Corporates,Fixed Income,26442.19,0.0446,26442.19,25000,104.3,United States,--,USD,7.18,5.86,1,2036-05-01,6.45,7.14,,5.86,7.14,5.86,USD,2006-04-18,2006-04-18
VULCAN MATERIALS COMPANY,Corporates,Fixed Income,26434.37,0.04459,26434.37,32000,82.13,United States,--,USD,12.26,6.01,1,2047-06-15,4.5,12.49,,6.01,12.49,6.01,USD,2017-06-15,2017-06-15
FIFTH THIRD BANCORP,Corporates,Fixed Income,26428.45,0.04458,26428.45,25000,102.61,United States,--,USD,1.8,5.29,1,2029-07-27,6.34,1.81,,4.96,1.82,4.96,USD,2023-07-27,2023-07-27
VODAFONE GROUP PLC,Corporates,Fixed Income,26414.23,0.04455,26414.23,35000,73.98,United Kingdom,--,USD,12.92,6.38,1,2050-09-17,4.25,13.08,,6.38,13.08,6.38,USD,2019-09-17,2019-09-17
OMEGA HEALTHCARE INVESTORS INC,Corporates,Fixed Income,26409.12,0.04454,26409.12,30000,87.15,United States,--,USD,5.83,5.57,1,2033-04-15,3.25,5.82,,5.57,5.82,5.57,USD,2021-03-10,2021-03-10
GENUINE PARTS CO,Corporates,Fixed Income,26380.05,0.04449,26380.05,30000,86.62,United States,--,USD,4.94,5.6,1,2032-02-01,2.75,4.91,,5.6,4.91,5.6,USD,2022-01-10,2022-01-10
BAT CAPITAL CORP,Corporates,Fixed Income,26364.34,0.04447,26364.34,25000,102.98,United Kingdom,--,USD,3.84,5.09,1,2031-02-20,5.83,3.9,,5.07,3.77,5.07,USD,2024-02-20,2024-02-20
CROWN CASTLE INC,Corporates,Fixed Income,26318.67,0.04439,26318.67,30000,87.67,United States,--,USD,4.57,5.35,1,2031-07-15,2.5,4.56,,5.35,4.56,5.35,USD,2021-06-29,2021-06-29
AMERICAN ELECTRIC POWER COMPANY IN,Corporates,Fixed Income,26314.13,0.04438,26314.13,25000,103.9,United States,--,USD,5.07,5.21,1,2032-11-01,5.95,5.15,,5.19,4.97,5.19,USD,2022-11-02,2022-11-02
CONSTELLATION ENERGY GENERATION LL,Corporates,Fixed Income,26296.35,0.04435,26296.35,25000,102.9,United States,--,USD,5.27,5.27,1,2033-03-01,5.8,5.34,,5.26,5.17,5.26,USD,2023-02-24,2023-02-24
APTIV SWISS HOLDINGS LTD,Corporates,Fixed Income,26276.49,0.04432,26276.49,36000,72.04,Ireland,--,USD,13.37,6.37,1,2052-05-01,4.15,13.59,,6.37,13.59,6.37,USD,2022-02-18,2022-02-18
OCCIDENTAL PETROLEUM CORPORATION,Corporates,Fixed Income,26242.38,0.04426,26242.38,25000,102.62,United States,--,USD,10.61,6.36,1,2046-03-15,6.6,10.8,,6.36,10.66,6.36,USD,2019-09-15,2019-09-18
BOEING CO,Corporates,Fixed Income,26209.99,0.04421,26209.99,25000,103.41,United States,--,USD,2.45,4.96,1,2029-05-01,6.3,2.5,,4.93,2.43,4.93,USD,2024-11-01,2024-12-17
LPL HOLDINGS INC,Corporates,Fixed Income,26193.27,0.04418,26193.27,25000,103.54,United States,--,USD,2.06,5.11,1,2028-11-17,6.75,2.11,,5.05,2.04,5.05,USD,2023-11-17,2023-11-17
SANTANDER HOLDINGS USA INC,Corporates,Fixed Income,26145.6,0.0441,26145.6,25000,102.16,United States,--,USD,1.48,5.43,1,2029-03-09,6.5,1.49,,5.09,1.5,5.09,USD,2023-03-09,2023-03-09
SANTANDER HOLDINGS USA INC,Corporates,Fixed Income,26105.15,0.04403,26105.15,25000,103.49,United States,--,USD,5.97,5.91,1,2035-05-31,6.34,6.11,,5.76,6.1,5.76,USD,2024-05-31,2024-05-31
EVERSOURCE ENERGY,Corporates,Fixed Income,26085.07,0.044,26085.07,25000,102.75,United States,--,USD,3.98,5.18,1,2031-04-15,5.85,4.04,,5.17,3.91,5.17,USD,2024-04-18,2024-04-18
ROGERS COMMUNICATIONS INC,Corporates,Fixed Income,26071.78,0.04397,26071.78,26000,99.14,Canada,--,USD,0.62,4.57,1,2027-03-15,3.2,0.62,,4.57,0.62,4.57,USD,2023-03-15,2023-07-25
SOUTHERN COMPANY (THE),Corporates,Fixed Income,26025.63,0.0439,26025.63,25000,102.55,United States,--,USD,4.97,5.21,1,2032-10-15,5.7,5.13,,5.18,4.78,5.18,USD,2022-10-06,2022-10-06
ALLY FINANCIAL INC,Corporates,Fixed Income,26001.94,0.04386,26001.94,25000,102.67,United States,--,USD,1.17,4.97,1,2027-11-15,7.1,1.23,,4.85,1.15,4.85,USD,2022-11-15,2022-11-15
BOEING CO,Corporates,Fixed Income,26000.24,0.04385,26000.24,30000,85.11,United States,--,USD,7.09,5.46,1,2035-02-01,3.25,7.08,,5.46,7.08,5.46,USD,2019-07-31,2019-07-31
CHARTER COMMUNICATIONS OPERATING L,Corporates,Fixed Income,25990.4,0.04384,25990.4,35000,72.55,United States,--,USD,12.21,7.77,1,2063-04-01,5.5,12.37,,7.77,12.37,7.77,USD,2022-03-15,2022-03-15
HASBRO INC,Corporates,Fixed Income,25990.85,0.04384,25990.85,25000,102.8,United States,--,USD,6.07,5.6,1,2034-05-14,6.05,6.12,,5.59,5.96,5.59,USD,2024-05-14,2024-05-14
STRYKER CORPORATION,Corporates,Fixed Income,25954.04,0.04378,25954.04,30000,84.87,United States,--,USD,11.71,5.94,1,2046-03-15,4.63,11.9,,5.94,11.9,5.94,USD,2016-03-10,2016-03-10
GENERAL MOTORS FINANCIAL COMPANY I,Corporates,Fixed Income,25887.24,0.04366,25887.24,25000,101.75,United States,--,USD,5.98,5.67,1,2034-04-04,5.95,6.02,,5.66,5.87,5.66,USD,2024-04-04,2024-04-04
KINDER MORGAN INC,Corporates,Fixed Income,25869.58,0.04363,25869.58,26000,99.17,United States,--,USD,0.31,4.45,1,2026-11-15,1.75,0.3,,4.45,0.3,4.45,USD,2021-11-09,2021-11-09
AMGEN INC,Corporates,Fixed Income,25841.83,0.04359,25841.83,45000,56.33,United States,--,USD,15.19,6.08,1,2053-09-01,2.77,15.41,,6.08,15.41,6.08,USD,2021-03-01,2021-05-13
CANADIAN NATURAL RESOURCES LTD MTN,Corporates,Fixed Income,25824.6,0.04356,25824.6,30000,85.37,Canada,--,USD,11.86,6.21,1,2047-06-01,4.95,12.08,,6.21,12.08,6.21,USD,2017-05-30,2017-05-30
MARATHON PETROLEUM CORP,Corporates,Fixed Income,25814.29,0.04354,25814.29,25000,101.01,United States,--,USD,6.56,5.55,1,2035-03-01,5.7,6.6,,5.55,6.45,5.55,USD,2025-02-10,2025-02-10
ENABLE MIDSTREAM PARTNERS LP,Corporates,Fixed Income,25776.97,0.04348,25776.97,26000,97.67,United States,--,USD,2.82,4.96,1,2029-09-15,4.15,2.86,,4.96,2.86,4.96,USD,2019-09-13,2019-09-13
CNO FINANCIAL GROUP INC,Corporates,Fixed Income,25772.38,0.04347,25772.38,25000,102.41,United States,--,USD,6.07,6.06,1,2034-06-15,6.45,6.11,,6.05,5.95,6.05,USD,2024-05-13,2024-05-13
EVERSOURCE ENERGY,Corporates,Fixed Income,25760.68,0.04345,25760.68,25000,100.89,United States,--,USD,1.45,4.86,1,2028-03-01,5.45,1.49,,4.83,1.42,4.83,USD,2023-03-06,2023-03-06
CITIZENS FINANCIAL GROUP INC,Corporates,Fixed Income,25755.72,0.04344,25755.72,30000,85.02,United States,--,USD,5.51,5.53,1,2032-09-30,2.64,5.5,,5.53,5.5,5.53,USD,2021-03-30,2021-06-23
JEFFERIES FINANCIAL GROUP INC,Corporates,Fixed Income,25707.17,0.04336,25707.17,25000,101.12,United States,--,USD,5.95,6.01,1,2034-04-14,6.2,5.98,,6.01,5.83,6.01,USD,2024-04-16,2024-04-16
EVERSOURCE ENERGY,Corporates,Fixed Income,25694.29,0.04334,25694.29,25000,102.64,United States,--,USD,6.26,5.54,1,2034-07-15,5.95,6.31,,5.53,6.15,5.53,USD,2024-04-18,2024-04-18
ARES CAPITAL CORPORATION,Corporates,Fixed Income,25669.78,0.0433,25669.78,25000,100.36,United States,--,USD,2.31,5.72,1,2029-03-01,5.88,2.33,,5.72,2.26,5.72,USD,2024-01-23,2024-01-23
AON NORTH AMERICA INC,Corporates,Fixed Income,25674.96,0.0433,25674.96,25000,100.67,United States,--,USD,2.33,4.87,1,2029-03-01,5.15,2.37,,4.86,2.3,4.86,USD,2024-03-01,2024-03-01
HCA INC,Corporates,Fixed Income,25661.44,0.04328,25661.44,25000,100.95,United States,--,USD,3.99,5.22,1,2031-04-01,5.45,4.03,,5.21,3.9,5.21,USD,2024-02-23,2024-02-23
MARATHON PETROLEUM CORP,Corporates,Fixed Income,25641.54,0.04325,25641.54,25000,100.53,United States,--,USD,3.17,4.98,1,2030-03-01,5.15,3.19,,4.98,3.19,4.98,USD,2025-02-10,2025-02-10
DTE ENERGY COMPANY,Corporates,Fixed Income,25638.92,0.04324,25638.92,25000,100.54,United States,--,USD,2.33,4.87,1,2029-03-01,5.1,2.37,,4.87,2.3,4.87,USD,2024-02-15,2024-02-15
SANTANDER HOLDINGS USA (FXD-FRN),Corporates,Fixed Income,25624.88,0.04322,25624.88,25000,100.63,United States,--,USD,1.53,5.15,1,2029-03-20,5.47,1.54,,5.07,1.54,5.07,USD,2025-03-20,2025-03-20
JEFFERIES GROUP LLC,Corporates,Fixed Income,25619.5,0.04321,25619.5,30000,84.65,United States,--,USD,5.53,5.71,1,2032-10-15,2.75,5.51,,5.71,5.51,5.71,USD,2020-10-07,2020-10-07
AON GLOBAL LTD,Corporates,Fixed Income,25608.77,0.04319,25608.77,30000,84.47,United States,--,USD,11.39,6.15,1,2045-05-15,4.75,11.55,,6.15,11.55,6.15,USD,2015-05-20,2015-05-20
INTEL CORPORATION,Corporates,Fixed Income,25592.7,0.04317,25592.7,25000,100.16,United States,--,USD,1.42,4.76,1,2028-02-10,4.88,1.44,,4.76,1.37,4.76,USD,2023-02-10,2023-02-10
NETAPP INC,Corporates,Fixed Income,25580.88,0.04315,25580.88,25000,100.33,United States,--,USD,6.6,5.65,1,2035-03-17,5.7,6.63,,5.65,6.63,5.65,USD,2025-03-17,2025-03-17
VODAFONE GROUP PLC,Corporates,Fixed Income,25584.55,0.04315,25584.55,28000,88.77,United Kingdom,--,USD,13.46,6.56,1,2063-02-10,5.75,13.68,,6.56,13.68,6.56,USD,2023-02-10,2023-02-10
BORGWARNER INC,Corporates,Fixed Income,25552.11,0.0431,25552.11,26000,98.12,United States,--,USD,0.91,4.72,1,2027-07-01,2.65,0.91,,4.72,0.91,4.72,USD,2020-06-19,2020-06-19
ROGERS COMMUNICATIONS INC,Corporates,Fixed Income,25533.63,0.04307,25533.63,25000,99.94,Canada,--,USD,2.31,5.02,1,2029-02-15,5.0,2.33,,5.02,2.33,5.02,USD,2024-02-09,2024-02-09
DTE ENERGY COMPANY,Corporates,Fixed Income,25522.55,0.04305,25522.55,25000,100.47,United States,--,USD,3.25,5.06,1,2030-04-01,5.2,3.27,,5.05,3.2,5.05,USD,2025-02-21,2025-02-21
EXPAND ENERGY CORP,Corporates,Fixed Income,25515.03,0.04303,25515.03,25000,100.15,United States,--,USD,2.01,5.33,1,2030-03-15,5.38,3.21,,5.27,1.53,5.27,USD,2021-08-30,2021-08-30
T-MOBILE USA INC,Corporates,Fixed Income,25507.57,0.04302,25507.57,25000,100.27,United States,--,USD,1.5,4.77,1,2028-03-15,4.95,1.54,,4.77,1.46,4.77,USD,2023-02-09,2023-02-09
QUANTA SERVICES INC.,Corporates,Fixed Income,25508.72,0.04302,25508.72,35000,71.93,United States,--,USD,11.09,5.87,1,2041-10-01,3.05,11.15,,5.87,11.15,5.87,USD,2021-09-23,2021-09-23
LEIDOS INC,Corporates,Fixed Income,25492.12,0.043,25492.12,26000,97.22,United States,--,USD,3.38,5.19,1,2030-05-15,4.38,3.43,,5.19,3.43,5.19,USD,2021-05-15,2021-06-21
NEXTERA ENERGY CAPITAL HOLDINGS IN,Corporates,Fixed Income,25477.15,0.04297,25477.15,25000,100.06,United States,--,USD,1.05,4.62,1,2027-09-01,4.68,1.05,,4.62,1.05,4.62,USD,2025-08-01,2025-08-01
ALLSTATE CORPORATION (THE),Corporates,Fixed Income,25473.41,0.04296,25473.41,25000,100.25,United States,--,USD,5.43,5.2,1,2033-03-30,5.25,5.49,,5.2,5.32,5.2,USD,2023-03-31,2023-03-31
PUBLIC SERVICE ENTERPRISE GROUP IN,Corporates,Fixed Income,25465.49,0.04295,25465.49,25000,100.17,United States,--,USD,6.07,5.42,1,2034-04-01,5.45,6.11,,5.42,6.11,5.42,USD,2024-03-27,2024-03-27
MICROCHIP TECHNOLOGY INCORPORATED,Corporates,Fixed Income,25467.12,0.04295,25467.12,25000,100.13,United States,--,USD,1.54,4.82,1,2028-03-15,4.9,1.54,,4.82,1.54,4.82,USD,2024-12-16,2024-12-16
WOODSIDE FINANCE LTD,Corporates,Fixed Income,25458.31,0.04294,25458.31,25000,100.87,Australia,--,USD,3.37,5.17,1,2030-05-19,5.4,3.39,,5.17,3.32,5.17,USD,2025-05-19,2025-05-19
GENERAL MOTORS FINANCIAL COMPANY I,Corporates,Fixed Income,25450.6,0.04293,25450.6,25000,101.26,United States,--,USD,4.18,5.3,1,2031-06-18,5.6,4.22,,5.3,4.1,5.3,USD,2024-06-18,2024-06-18
GENERAL MOTORS FINANCIAL COMPANY I,Corporates,Fixed Income,25450.73,0.04293,25450.73,25000,100.27,United States,--,USD,1.59,4.88,1,2028-04-04,5.05,1.59,,4.88,1.59,4.88,USD,2025-03-04,2025-03-04
ARES STRATEGIC INCOME FUND,Corporates,Fixed Income,25428.55,0.04289,25428.55,25000,99.69,United States,--,USD,1.5,5.9,1,2028-03-15,5.7,1.52,,5.9,1.52,5.9,USD,2025-03-15,2025-05-23
EASTERN ENERGY GAS HOLDINGS LLC,Corporates,Fixed Income,25424.73,0.04288,25424.73,25000,101.57,United States,--,USD,6.6,5.56,1,2035-01-15,5.8,6.64,,5.56,6.48,5.56,USD,2025-01-15,2025-01-15
BLUE OWL TECHNOLOGY FINANCE CORP I,Corporates,Fixed Income,25417.07,0.04287,25417.07,25000,99.62,United States,--,USD,2.38,6.9,1,2029-04-04,6.75,2.38,,6.9,2.38,6.9,USD,2024-10-04,2025-01-24
CHARTER COMMUNICATIONS OPERATING L,Corporates,Fixed Income,25406.62,0.04285,25406.62,45000,55.26,United States,--,USD,13.32,7.48,1,2061-04-01,3.85,13.49,,7.48,13.49,7.48,USD,2020-12-04,2020-12-04
AT&T INC,Corporates,Fixed Income,25376.82,0.0428,25376.82,25000,99.83,United States,--,USD,0.53,4.53,1,2027-03-01,4.25,0.58,,4.53,0.58,4.53,USD,2017-02-09,2017-02-09
HUNTINGTON INGALLS INDUSTRIES INC,Corporates,Fixed Income,25362.82,0.04278,25362.82,25000,101.32,United States,--,USD,6.61,5.55,1,2035-01-15,5.75,6.65,,5.55,6.49,5.55,USD,2024-11-18,2024-11-18
NASDAQ INC,Corporates,Fixed Income,25356.97,0.04277,25356.97,25000,101.06,United States,--,USD,1.77,4.77,1,2028-06-28,5.35,1.81,,4.75,1.74,4.75,USD,2023-06-28,2023-06-28
PAYCHEX INC,Corporates,Fixed Income,25350.62,0.04276,25350.62,25000,99.95,United States,--,USD,4.78,5.36,1,2032-04-15,5.35,4.81,,5.36,4.81,5.36,USD,2025-04-10,2025-04-10
POLARIS INC,Corporates,Fixed Income,25345.48,0.04275,25345.48,25000,99.17,United States,--,USD,3.92,5.81,1,2031-03-01,5.6,3.92,,5.81,3.92,5.81,USD,2025-11-13,2025-11-13
SYNCHRONY FINANCIAL,Corporates,Fixed Income,25337.77,0.04274,25337.77,25000,99.58,United States,--,USD,2.33,5.32,1,2029-03-19,5.15,2.41,,5.32,2.41,5.32,USD,2019-03-19,2019-03-19
PAYCHEX INC,Corporates,Fixed Income,25303.91,0.04268,25303.91,25000,99.83,United States,--,USD,3.26,5.15,1,2030-04-15,5.1,3.31,,5.15,3.31,5.15,USD,2025-04-10,2025-04-10
LPL HOLDINGS INC,Corporates,Fixed Income,25307.37,0.04268,25307.37,25000,99.73,United States,--,USD,1.56,5.06,1,2028-04-03,4.9,1.58,,5.06,1.58,5.06,USD,2025-04-03,2025-04-03
SYNOPSYS INC,Corporates,Fixed Income,25298.44,0.04267,25298.44,25000,99.75,United States,--,USD,1.57,4.8,1,2028-04-01,4.65,1.58,,4.8,1.58,4.8,USD,2025-03-17,2025-03-17
AMRIZE FINANCE US LLC,Corporates,Fixed Income,25291.89,0.04266,25291.89,25000,99.58,United States,--,USD,6.73,5.46,1,2035-04-07,5.4,6.76,,5.46,6.76,5.46,USD,2025-10-07,2025-12-18
COREBRIDGE FINANCIAL INC,Corporates,Fixed Income,25295.45,0.04266,25295.45,25000,101.05,United States,--,USD,5.98,5.58,1,2034-01-15,5.75,6.01,,5.57,5.85,5.57,USD,2023-12-08,2023-12-08
CHARTER COMMUNICATIONS OPERATING L,Corporates,Fixed Income,25285.01,0.04265,25285.01,45000,55.94,United States,--,USD,13.48,7.51,1,2062-06-30,3.95,13.65,,7.51,13.65,7.51,USD,2021-10-12,2021-10-12
DELL INTERNATIONAL LLC,Corporates,Fixed Income,25282.79,0.04264,25282.79,25000,99.66,United States,--,USD,6.12,5.45,1,2034-04-15,5.4,6.16,,5.45,6.16,5.45,USD,2024-03-18,2024-03-18
DIGITAL REALTY TRUST LP,Corporates,Fixed Income,25277.56,0.04263,25277.56,25000,100.99,United States,--,USD,1.38,4.85,1,2028-01-15,5.55,1.4,,4.81,1.33,4.81,USD,2022-09-27,2022-09-27
KINDER MORGAN INC,Corporates,Fixed Income,25269.79,0.04262,25269.79,25000,99.38,United States,--,USD,1.44,4.7,1,2028-03-01,4.3,1.51,,4.7,1.51,4.7,USD,2018-03-01,2018-03-01
PUGET ENERGY INC,Corporates,Fixed Income,25270.23,0.04262,25270.23,25000,99.05,United States,--,USD,6.57,5.87,1,2035-03-15,5.72,6.6,,5.87,6.6,5.87,USD,2025-03-13,2025-07-08
FREEPORT-MCMORAN INC,Corporates,Fixed Income,25249.04,0.04259,25249.04,25000,99.96,United States,--,USD,6.45,5.4,1,2034-11-14,5.4,6.56,,5.4,6.56,5.4,USD,2014-11-14,2014-11-14
CAPITAL ONE FINANCIAL CORPORATION,Corporates,Fixed Income,25252.25,0.04259,25252.25,25000,99.61,United States,--,USD,0.59,4.38,1,2027-03-09,3.75,0.61,,4.38,0.61,4.38,USD,2017-03-09,2017-03-09
AMGEN INC,Corporates,Fixed Income,25246.14,0.04258,25246.14,25000,99.87,United States,--,USD,0.07,4.33,1,2026-08-19,2.6,0.07,,4.33,0.07,4.33,USD,2016-08-19,2016-08-19
CANADIAN PACIFIC RAILWAY COMPANY,Corporates,Fixed Income,25239.87,0.04257,25239.87,40000,62.66,Canada,--,USD,14.65,5.98,1,2051-12-02,3.1,14.88,,5.98,14.88,5.98,USD,2021-12-02,2021-12-02
ONEOK INC,Corporates,Fixed Income,25231.34,0.04256,25231.34,25000,99.52,United States,--,USD,1.1,4.67,1,2027-09-24,4.25,1.11,,4.67,1.11,4.67,USD,2024-09-24,2024-09-24
MARTIN MARIETTA MATERIALS INC,Corporates,Fixed Income,25231.49,0.04256,25231.49,40000,63.01,United States,--,USD,14.43,6.11,1,2051-07-15,3.2,14.65,,6.11,14.65,6.11,USD,2021-07-02,2021-07-02
HA SUSTAINABLE INFRASTRUCTURE CAPI,Corporates,Fixed Income,25217.93,0.04253,25217.93,25000,100.48,United States,--,USD,6.13,6.3,1,2034-07-01,6.38,6.14,,6.3,6.14,6.3,USD,2025-01-01,2025-05-22
WILLIS NORTH AMERICA INC,Corporates,Fixed Income,25211.68,0.04252,25211.68,25000,99.84,United States,--,USD,5.54,5.38,1,2033-05-15,5.35,5.59,,5.38,5.59,5.38,USD,2023-05-17,2023-05-17
SONOCO PRODUCTS COMPANY,Corporates,Fixed Income,25197.12,0.0425,25197.12,28000,88.63,United States,--,USD,4.92,5.25,1,2032-02-01,2.85,4.91,,5.25,4.91,5.25,USD,2022-01-21,2022-01-21
GOLUB CAPITAL BDC INC.,Corporates,Fixed Income,25198.81,0.0425,25198.81,25000,99.76,United States,--,USD,0.09,5.24,1,2026-08-24,2.5,0.08,,5.24,0.08,5.24,USD,2021-02-24,2021-02-24
HP INC,Corporates,Fixed Income,25192.52,0.04249,25192.52,25000,100.65,United States,--,USD,5.35,5.38,1,2033-01-15,5.5,5.39,,5.38,5.21,5.38,USD,2022-06-21,2022-06-21
PPL CAPITAL FUNDING INC,Corporates,Fixed Income,25179.71,0.04247,25179.71,25000,98.65,United States,--,USD,6.33,5.46,1,2034-09-01,5.25,6.38,,5.46,6.38,5.46,USD,2024-08-09,2024-08-09
DCP MIDSTREAM OPERATING LP,Corporates,Fixed Income,25174.6,0.04246,25174.6,25000,100.57,United States,--,USD,0.77,5.02,1,2027-07-15,5.63,0.94,,4.82,0.7,4.82,USD,2020-06-24,2020-06-24
ELEVANCE HEALTH INC,Corporates,Fixed Income,25153.43,0.04243,25153.43,40000,62.29,United States,--,USD,14.05,6.17,1,2050-05-15,3.13,14.26,,6.17,14.26,6.17,USD,2020-05-05,2020-05-05
ORACLE CORPORATION,Corporates,Fixed Income,25156.79,0.04243,25156.79,45000,54.71,United States,--,USD,13.14,7.59,1,2060-04-01,3.85,13.3,,7.59,13.3,7.59,USD,2020-04-01,2020-04-01
TAKEOFF MERGER SUB INC 144A,Corporates,Fixed Income,25157.96,0.04243,25157.96,25000,99.18,United States,--,USD,1.57,4.92,1,2028-03-24,4.4,1.57,,4.92,1.57,4.92,USD,2026-03-24,2026-03-24
MPLX LP,Corporates,Fixed Income,25150.49,0.04242,25150.49,25000,98.5,United States,--,USD,3.96,5.17,1,2031-02-15,4.8,3.96,,5.17,3.96,5.17,USD,2025-08-11,2025-08-11
HUNTINGTON BANCSHARES INC,Corporates,Fixed Income,25108.08,0.04235,25108.08,25000,100.32,United States,--,USD,3.12,5.12,1,2031-01-15,5.27,3.14,,5.12,3.14,5.12,USD,2024-11-18,2024-11-18
EVERSOURCE ENERGY,Corporates,Fixed Income,25104.51,0.04234,25104.51,25000,100.08,United States,--,USD,5.98,5.49,1,2034-01-01,5.5,6.02,,5.49,6.02,5.49,USD,2024-01-19,2024-01-19
ARTHUR J GALLAGHER & CO,Corporates,Fixed Income,25097.49,0.04233,25097.49,25000,99.9,United States,--,USD,1.3,4.67,1,2027-12-15,4.6,1.33,,4.67,1.33,4.67,USD,2024-12-19,2024-12-19
BOEING CO,Corporates,Fixed Income,25093.9,0.04232,25093.9,25000,99.09,United States,--,USD,0.51,4.49,1,2027-02-01,2.7,0.5,,4.49,0.5,4.49,USD,2019-07-31,2019-07-31
CAPITAL ONE FINANCIAL CORPORATION,Corporates,Fixed Income,25087.73,0.04231,25087.73,25000,98.52,United States,--,USD,1.43,4.82,1,2028-01-31,3.8,1.43,,4.82,1.43,4.82,USD,2018-01-30,2018-01-30
DOLLAR GENERAL CORP,Corporates,Fixed Income,25074.16,0.04229,25074.16,25000,100.02,United States,--,USD,5.66,5.45,1,2033-07-05,5.45,5.71,,5.45,5.71,5.45,USD,2023-06-07,2023-06-07
DOW CHEMICAL CO,Corporates,Fixed Income,25069.27,0.04228,25069.27,25000,98.27,United States,--,USD,7.17,5.89,1,2036-03-15,5.65,7.18,,5.89,7.18,5.89,USD,2025-09-08,2025-09-08
DEVON ENERGY CORPORATION,Corporates,Fixed Income,25069.72,0.04228,25069.72,25000,98.43,United States,--,USD,6.39,5.44,1,2034-09-15,5.2,6.43,,5.44,6.43,5.44,USD,2024-08-28,2024-08-28
HP INC,Corporates,Fixed Income,25063.49,0.04227,25063.49,25000,98.12,United States,--,USD,9.56,6.19,1,2041-09-15,6.0,9.59,,6.19,9.59,6.19,USD,2011-09-19,2011-09-19
GENERAL MILLS INC,Corporates,Fixed Income,25048.71,0.04225,25048.71,25000,99.07,United States,--,USD,1.57,4.76,1,2028-04-17,4.2,1.63,,4.76,1.63,4.76,USD,2018-04-17,2018-04-17
TIME WARNER CABLE LLC,Corporates,Fixed Income,25044.26,0.04224,25044.26,25000,99.73,United States,--,USD,7.9,7.33,1,2038-07-01,7.3,7.84,,7.33,7.84,7.33,USD,2008-06-19,2008-06-19
BOOZ ALLEN HAMILTON INC,Corporates,Fixed Income,25037.21,0.04223,25037.21,25000,98.53,United States,--,USD,6.59,6.17,1,2035-04-15,5.95,6.6,,6.17,6.6,6.17,USD,2025-03-14,2025-03-14
GLP CAPITAL LP,Corporates,Fixed Income,25029.58,0.04222,25029.58,25000,100.0,United States,--,USD,2.21,5.3,1,2029-01-15,5.3,2.29,,5.3,2.29,5.3,USD,2018-09-26,2018-09-26
MPLX LP,Corporates,Fixed Income,25031.41,0.04222,25031.41,25000,98.7,United States,--,USD,1.51,4.83,1,2028-03-15,4.0,1.55,,4.83,1.55,4.83,USD,2018-02-08,2018-02-08
CHENIERE ENERGY PARTNERS LP,Corporates,Fixed Income,25033.41,0.04222,25033.41,25000,98.73,United States,--,USD,2.2,4.93,1,2029-10-01,4.5,2.89,,4.93,2.89,4.93,USD,2020-04-01,2020-06-26
NNN REIT INC,Corporates,Fixed Income,25022.67,0.0422,25022.67,25000,98.07,United States,--,USD,3.98,5.08,1,2031-02-15,4.6,3.98,,5.08,3.98,5.08,USD,2025-07-01,2025-07-01
NATIONAL GRID PLC,Corporates,Fixed Income,25006.81,0.04218,25006.81,25000,99.85,United Kingdom,--,USD,6.02,5.44,1,2034-01-11,5.42,6.06,,5.44,6.06,5.44,USD,2024-01-11,2024-01-11
DIAMONDBACK ENERGY INC,Corporates,Fixed Income,24987.54,0.04215,24987.54,25000,99.48,United States,--,USD,0.35,4.71,1,2026-12-01,3.25,0.35,,4.71,0.35,4.71,USD,2019-12-05,2019-12-05
FISERV INC,Corporates,Fixed Income,24983.79,0.04214,24983.79,25000,98.25,United States,--,USD,3.23,5.28,1,2030-03-15,4.75,3.24,,5.28,3.24,5.28,USD,2024-08-12,2024-08-12
LOWES COMPANIES INC,Corporates,Fixed Income,24969.7,0.04212,24969.7,25000,98.65,United States,--,USD,3.28,4.9,1,2030-04-15,4.5,3.35,,4.9,3.35,4.9,USD,2020-03-26,2020-03-26
EVERSOURCE ENERGY,Corporates,Fixed Income,24970.82,0.04212,24970.82,25000,98.56,United States,--,USD,2.41,4.82,1,2029-04-01,4.25,2.48,,4.82,2.48,4.82,USD,2018-12-13,2018-12-13
AMERICAN TOWER CORPORATION,Corporates,Fixed Income,24971.13,0.04212,24971.13,40000,62.1,United States,--,USD,14.17,6.15,1,2050-06-15,3.1,14.38,,6.15,14.38,6.15,USD,2020-06-03,2020-06-03
SIXTH STREET LENDING PARTNERS,Corporates,Fixed Income,24972.72,0.04212,24972.72,25000,99.75,United States,--,USD,3.48,6.19,1,2030-07-15,6.13,3.48,,6.19,3.48,6.19,USD,2025-07-15,2025-12-24
CANADIAN NATURAL RESOURCES LTD,Corporates,Fixed Income,24969.24,0.04211,24969.24,25000,99.32,Canada,--,USD,0.81,4.66,1,2027-06-01,3.85,0.83,,4.66,0.83,4.66,USD,2017-05-30,2017-05-30
LPL HOLDINGS INC,Corporates,Fixed Income,24950.68,0.04208,24950.68,25000,99.26,United States,--,USD,3.46,5.36,1,2030-06-15,5.15,3.47,,5.36,3.47,5.36,USD,2025-04-03,2025-04-03
HOST HOTELS & RESORTS LP,Corporates,Fixed Income,24942.54,0.04207,24942.54,25000,98.27,United States,--,USD,6.71,5.75,1,2035-04-15,5.5,6.73,,5.75,6.73,5.75,USD,2024-08-12,2024-08-12
FEDEX FREIGHT HOLDING COMPANY INC 144A,Corporates,Fixed Income,24944.5,0.04207,24944.5,25000,97.61,United States,--,USD,4.03,5.23,1,2031-03-15,4.65,4.03,,5.23,4.03,5.23,USD,2026-02-05,2026-02-05
BECTON DICKINSON AND COMPANY,Corporates,Fixed Income,24945.59,0.04207,24945.59,25000,99.3,United States,--,USD,0.83,4.53,1,2027-06-06,3.7,0.84,,4.53,0.84,4.53,USD,2017-06-06,2017-06-06
AMERICAN HOMES 4 RENT LP,Corporates,Fixed Income,24936.01,0.04206,24936.01,25000,99.22,United States,--,USD,3.48,5.17,1,2030-06-15,4.95,3.48,,5.17,3.48,5.17,USD,2025-05-13,2025-05-13
BOSTON PROPERTIES LP,Corporates,Fixed Income,24922.22,0.04204,24922.22,25000,99.04,United States,--,USD,2.12,4.93,1,2028-12-01,4.5,2.19,,4.93,2.19,4.93,USD,2018-11-28,2018-11-28
CDW LLC,Corporates,Fixed Income,24907.12,0.04201,24907.12,25000,99.24,United States,--,USD,0.35,4.82,1,2026-12-01,2.67,0.35,,4.82,0.35,4.82,USD,2021-12-01,2021-12-01
ELEVANCE HEALTH INC,Corporates,Fixed Income,24907.47,0.04201,24907.47,25000,97.97,United States,--,USD,12.41,6.26,1,2052-10-15,6.1,12.66,,6.26,12.66,6.26,USD,2022-11-04,2022-11-04
ATHENE HOLDING LTD,Corporates,Fixed Income,24900.65,0.042,24900.65,25000,99.47,United States,--,USD,5.95,5.96,1,2034-01-15,5.88,5.97,,5.96,5.97,5.96,USD,2023-12-12,2023-12-12
RAYTHEON TECHNOLOGIES CORPORATION,Corporates,Fixed Income,24900.84,0.042,24900.84,25000,98.92,United States,--,USD,0.76,4.55,1,2027-05-04,3.13,0.76,,4.55,0.76,4.55,USD,2017-05-04,2017-05-04
CHARTER COMMUNICATIONS OPERATING L,Corporates,Fixed Income,24875.58,0.04196,24875.58,25000,97.86,United States,--,USD,1.47,5.2,1,2028-02-15,3.75,1.47,,5.2,1.47,5.2,USD,2017-07-06,2017-11-27
TAKEOFF MERGER SUB INC 144A,Corporates,Fixed Income,24876.5,0.04196,24876.5,25000,97.9,United States,--,USD,4.05,5.36,1,2031-03-24,4.85,4.05,,5.36,4.05,5.36,USD,2026-03-24,2026-03-24
VISTRA OPERATIONS COMPANY LLC 144A,Corporates,Fixed Income,24877.6,0.04196,24877.6,25000,98.25,United States,--,USD,4.13,5.42,1,2031-04-30,5.0,4.13,,5.42,4.13,5.42,USD,2026-04-22,2026-04-22
AMERICAN HOMES 4 RENT LP,Corporates,Fixed Income,24840.71,0.0419,24840.71,25000,97.5,United States,--,USD,6.68,5.62,1,2035-03-15,5.25,6.72,,5.62,6.72,5.62,USD,2024-12-09,2024-12-09
KEYCORP MTN,Corporates,Fixed Income,24823.21,0.04187,24823.21,25000,96.71,United States,--,USD,6.97,5.71,1,2037-01-28,5.3,7.15,,5.71,7.15,5.71,USD,2026-01-28,2026-01-28
SYNCHRONY FINANCIAL,Corporates,Fixed Income,24827.1,0.04187,24827.1,25000,98.74,United States,--,USD,1.28,4.92,1,2027-12-01,3.95,1.29,,4.92,1.29,4.92,USD,2017-12-01,2017-12-01
ONEOK INC,Corporates,Fixed Income,24816.13,0.04186,24816.13,25000,97.79,United States,--,USD,7.03,5.71,1,2035-10-15,5.4,7.05,,5.71,7.05,5.71,USD,2025-08-12,2025-08-12
ORIX CORPORATION,Corporates,Fixed Income,24801.04,0.04183,24801.04,25000,99.15,Japan,--,USD,0.96,4.59,1,2027-07-18,3.7,0.96,,4.59,0.96,4.59,USD,2017-07-18,2017-07-18
ELEVANCE HEALTH INC,Corporates,Fixed Income,24782.7,0.0418,24782.7,25000,98.6,United States,--,USD,1.28,4.72,1,2027-12-01,3.65,1.3,,4.72,1.3,4.72,USD,2017-11-21,2017-11-21
KEYCORP MTN,Corporates,Fixed Income,24777.17,0.04179,24777.17,25000,98.44,United States,--,USD,0.68,4.53,1,2027-04-06,2.25,0.68,,4.53,0.68,4.53,USD,2020-02-06,2020-02-06
BLUE OWL CAPITAL CORP,Corporates,Fixed Income,24778.71,0.04179,24778.71,25000,98.98,United States,--,USD,3.48,6.5,1,2030-07-15,6.2,3.47,,6.5,3.47,6.5,USD,2025-05-15,2025-05-15
JEFFERIES FINANCIAL GROUP INC MTN,Corporates,Fixed Income,24746.69,0.04174,24746.69,25000,97.78,United States,--,USD,4.12,5.66,1,2031-04-28,5.13,4.11,,5.66,4.11,5.66,USD,2026-04-28,2026-04-28
VENTAS REALTY LP,Corporates,Fixed Income,24736.71,0.04172,24736.71,25000,98.85,United States,--,USD,2.26,4.9,1,2029-01-15,4.4,2.32,,4.9,2.32,4.9,USD,2018-08-15,2018-08-15
ATHENE HOLDING LTD,Corporates,Fixed Income,24726.79,0.04171,24726.79,25000,98.78,United States,--,USD,1.38,4.99,1,2028-01-12,4.13,1.4,,4.99,1.4,4.99,USD,2018-01-12,2018-01-12
ANTERO RESOURCES CORP,Corporates,Fixed Income,24726.84,0.04171,24726.84,25000,96.28,United States,--,USD,7.11,5.92,1,2036-02-01,5.4,7.11,,5.92,7.11,5.92,USD,2026-01-28,2026-01-28
NORFOLK SOUTHERN CORPORATION,Corporates,Fixed Income,24725.57,0.0417,24725.57,40000,61.22,United States,--,USD,15.26,6.0,1,2055-05-15,3.15,15.51,,6.0,15.51,6.0,USD,2020-05-15,2020-09-17
GLP CAPITAL LP,Corporates,Fixed Income,24716.69,0.04169,24716.69,25000,96.56,United States,--,USD,5.33,5.89,1,2033-02-15,5.25,5.33,,5.89,5.33,5.89,USD,2025-08-27,2025-08-27
CDW LLC,Corporates,Fixed Income,24706.29,0.04167,24706.29,25000,96.5,United States,--,USD,6.23,6.1,1,2034-08-22,5.55,6.24,,6.1,6.24,6.1,USD,2024-08-22,2024-08-22
TARGA RESOURCES CORP,Corporates,Fixed Income,24708.17,0.04167,24708.17,25000,98.45,United States,--,USD,12.37,6.37,1,2052-07-01,6.25,12.61,,6.37,12.61,6.37,USD,2022-07-07,2022-07-07
MARTIN MARIETTA MATERIALS INC,Corporates,Fixed Income,24681.31,0.04163,24681.31,25000,97.98,United States,--,USD,6.61,5.45,1,2034-12-01,5.15,6.65,,5.45,6.65,5.45,USD,2024-11-04,2024-11-04
KEYSIGHT TECHNOLOGIES INC,Corporates,Fixed Income,24682.24,0.04163,24682.24,26000,94.24,United States,--,USD,3.03,4.93,1,2029-10-30,3.0,3.04,,4.93,3.04,4.93,USD,2019-10-22,2019-10-22
HONDA MOTOR CO LTD,Corporates,Fixed Income,24678.28,0.04162,24678.28,25000,98.52,Japan,--,USD,3.55,5.16,1,2030-07-08,4.69,3.56,,5.16,3.56,5.16,USD,2025-07-02,2025-07-02
OMNICOM GROUP INC,Corporates,Fixed Income,24667.43,0.04161,24667.43,25000,97.46,United States,--,USD,6.49,5.69,1,2034-11-01,5.3,6.51,,5.69,6.51,5.69,USD,2024-08-02,2024-08-02
JBS NV 144A,Corporates,Fixed Income,24658.36,0.04159,24658.36,25000,97.07,United States,--,USD,7.73,6.0,1,2037-03-10,5.63,7.74,,6.0,7.74,6.0,USD,2026-04-13,2026-04-13
HP INC,Corporates,Fixed Income,24653.53,0.04158,24653.53,25000,97.53,United States,--,USD,2.5,4.98,1,2029-04-15,4.0,2.52,,4.98,2.52,4.98,USD,2022-03-31,2022-03-31
FISERV INC,Corporates,Fixed Income,24646.84,0.04157,24646.84,25000,96.59,United States,--,USD,3.99,5.4,1,2031-02-15,4.55,3.97,,5.4,3.97,5.4,USD,2025-08-11,2025-08-11
EXELON CORPORATION,Corporates,Fixed Income,24639.57,0.04156,24639.57,30000,80.85,United States,--,USD,12.61,6.26,1,2050-04-15,4.7,12.84,,6.26,12.84,6.26,USD,2020-04-01,2020-04-01
EQUINIX EUROPE 2 FINANCING CORPORA,Corporates,Fixed Income,24626.39,0.04154,24626.39,25000,97.64,United States,--,USD,3.82,5.22,1,2030-11-15,4.6,3.82,,5.22,3.82,5.22,USD,2025-11-13,2025-11-13
BAXTER INTERNATIONAL INC,Corporates,Fixed Income,24604.82,0.0415,24604.82,25000,97.9,United States,--,USD,3.88,5.44,1,2030-12-15,4.9,3.88,,5.44,3.88,5.44,USD,2025-12-04,2025-12-04
CLOROX COMPANY,Corporates,Fixed Income,24600.04,0.04149,24600.04,25000,97.35,United States,--,USD,7.45,5.6,1,2036-05-15,5.25,7.47,,5.6,7.47,5.6,USD,2026-05-11,2026-05-11
LOWES COMPANIES INC,Corporates,Fixed Income,24580.67,0.04146,24580.67,25000,96.81,United States,--,USD,4.08,5.03,1,2031-03-15,4.25,4.09,,5.03,4.09,5.03,USD,2025-09-30,2025-09-30
VICI PROPERTIES LP,Corporates,Fixed Income,24566.66,0.04144,24566.66,25000,97.3,United States,--,USD,4.87,5.68,1,2032-05-15,5.13,4.9,,5.68,4.9,5.68,USD,2022-04-29,2022-04-29
EQT CORP,Corporates,Fixed Income,24561.54,0.04143,24561.54,25000,98.14,United States,--,USD,3.85,5.22,1,2031-01-15,4.75,3.97,,5.22,3.97,5.22,USD,2025-07-15,2025-09-08
NORTHROP GRUMMAN CORP,Corporates,Fixed Income,24556.48,0.04142,24556.48,25000,97.52,United States,--,USD,6.34,5.29,1,2034-06-01,4.9,6.38,,5.29,6.38,5.29,USD,2024-01-31,2024-01-31
AMGEN INC,Corporates,Fixed Income,24558.03,0.04142,24558.03,25000,96.04,United States,--,USD,10.21,5.98,1,2043-03-02,5.6,10.35,,5.98,10.35,5.98,USD,2023-03-02,2023-03-02
BLACKSTONE PRIVATE CREDIT FUND,Corporates,Fixed Income,24550.06,0.04141,24550.06,25000,95.36,United States,--,USD,3.93,6.52,1,2031-03-12,5.35,3.91,,6.52,3.91,6.52,USD,2026-01-12,2026-01-12
GLP CAPITAL LP,Corporates,Fixed Income,24545.04,0.0414,24545.04,25000,96.01,United States,--,USD,7.12,6.18,1,2036-03-01,5.63,7.12,,6.18,7.12,6.18,USD,2026-03-04,2026-03-04
EQUIFAX INC,Corporates,Fixed Income,24539.54,0.04139,24539.54,28000,86.81,United States,--,USD,4.69,5.31,1,2031-09-15,2.35,4.68,,5.31,4.68,5.31,USD,2021-08-13,2021-08-13
UBER TECHNOLOGIES INC,Corporates,Fixed Income,24496.58,0.04132,24496.58,25000,97.89,United States,--,USD,3.17,4.97,1,2030-01-15,4.3,3.18,,4.97,3.18,4.97,USD,2024-09-09,2024-09-09
AMERICAN NATIONAL GROUP INC,Corporates,Fixed Income,24491.84,0.04131,24491.84,25000,97.83,United States,--,USD,6.82,6.32,1,2035-07-15,6.0,6.82,,6.32,6.82,6.32,USD,2025-06-27,2025-06-27
VERIZON COMMUNICATIONS INC,Corporates,Fixed Income,24481.67,0.04129,24481.67,25000,97.37,United States,--,USD,3.03,4.87,1,2029-12-03,4.02,3.08,,4.87,3.08,4.87,USD,2019-06-03,2019-09-10
ENERGY TRANSFER LP,Corporates,Fixed Income,24451.14,0.04124,24451.14,25000,97.7,United States,--,USD,3.99,5.13,1,2031-01-15,4.55,3.99,,5.13,3.99,5.13,USD,2026-01-27,2026-01-27
TARGA RESOURCES CORP,Corporates,Fixed Income,24426.74,0.0412,24426.74,25000,96.55,United States,--,USD,12.8,6.39,1,2055-05-15,6.13,13.05,,6.39,13.05,6.39,USD,2025-02-27,2025-02-27
EXTRA SPACE STORAGE LP,Corporates,Fixed Income,24411.61,0.04117,24411.61,25000,97.54,United States,--,USD,5.45,5.41,1,2033-01-15,4.95,5.45,,5.41,5.45,5.41,USD,2025-08-08,2025-08-08
ORACLE CORPORATION,Corporates,Fixed Income,24392.33,0.04114,24392.33,25000,95.25,United States,--,USD,3.91,6.17,1,2031-02-04,4.95,3.88,,6.17,3.88,6.17,USD,2026-02-04,2026-02-04
KRAFT HEINZ FOODS CO,Corporates,Fixed Income,24374.29,0.04111,24374.29,23000,103.01,United States,--,USD,8.75,6.17,1,2040-02-09,6.5,8.75,,6.17,8.75,6.17,USD,2012-08-09,2013-01-14
FISERV INC,Corporates,Fixed Income,24359.23,0.04109,24359.23,25000,95.13,United States,--,USD,6.3,5.92,1,2034-08-12,5.15,6.31,,5.92,6.31,5.92,USD,2024-08-12,2024-08-12
INTEL CORPORATION,Corporates,Fixed Income,24359.35,0.04109,24359.35,25000,96.16,United States,--,USD,3.29,5.06,1,2030-03-25,3.9,3.32,,5.06,3.32,5.06,USD,2020-03-25,2020-03-25
BLACKSTONE SECURED LENDING FUND,Corporates,Fixed Income,24360.82,0.04109,24360.82,25000,94.98,United States,--,USD,3.88,6.42,1,2031-01-31,5.13,3.85,,6.42,3.85,6.42,USD,2025-10-14,2025-10-14
EQUINIX INC,Corporates,Fixed Income,24358.48,0.04108,24358.48,25000,97.39,United States,--,USD,0.95,4.55,1,2027-07-15,1.8,0.95,,4.55,0.95,4.55,USD,2020-06-22,2020-06-22
FOX CORP,Corporates,Fixed Income,24351.26,0.04107,24351.26,25000,94.7,United States,--,USD,8.54,6.09,1,2039-01-25,5.48,8.6,,6.09,8.6,6.09,USD,2020-01-25,2020-03-30
HELMERICH AND PAYNE INC,Corporates,Fixed Income,24328.1,0.04103,24328.1,25000,96.52,United States,--,USD,6.52,6.04,1,2034-12-01,5.5,6.53,,6.04,6.53,6.04,USD,2025-06-01,2025-07-10
ENERGY TRANSFER LP,Corporates,Fixed Income,24303.66,0.04099,24303.66,25000,95.47,United States,--,USD,6.71,5.57,1,2035-03-15,4.9,6.79,,5.57,6.79,5.57,USD,2015-03-12,2015-03-12
DEVON ENERGY CORPORATION 144A,Corporates,Fixed Income,24295.96,0.04098,24295.96,25000,94.59,United States,--,USD,12.73,6.31,1,2055-02-15,5.9,12.98,,6.31,12.98,6.31,USD,2026-02-15,2026-06-25
CHENIERE CORPUS CHRISTI HOLDINGS L,Corporates,Fixed Income,24296.82,0.04098,24296.82,29000,83.61,United States,--,USD,6.15,5.54,1,2039-12-31,2.74,6.16,,5.54,6.16,5.54,USD,2021-12-31,2022-04-25
ORACLE CORPORATION,Corporates,Fixed Income,24244.89,0.04089,24244.89,25000,95.98,United States,--,USD,3.37,5.85,1,2030-05-06,4.65,3.38,,5.85,3.38,5.85,USD,2023-02-06,2023-02-06
ORACLE CORPORATION,Corporates,Fixed Income,24229.66,0.04087,24229.66,25000,95.57,United States,--,USD,2.89,5.74,1,2029-09-27,4.2,2.88,,5.74,2.88,5.74,USD,2024-09-27,2024-09-27
CHENIERE CORPUS CHRISTI HOLDINGS L,Corporates,Fixed Income,24220.83,0.04085,24220.83,25000,96.18,United States,--,USD,2.98,4.96,1,2029-11-15,3.7,3.05,,4.96,3.05,4.96,USD,2020-05-15,2020-10-23
TRANSCANADA PIPELINES LTD,Corporates,Fixed Income,24215.97,0.04084,24215.97,25000,95.04,Canada,--,USD,6.15,5.43,1,2034-03-01,4.63,6.18,,5.43,6.18,5.43,USD,2014-02-28,2014-02-28
CHENIERE ENERGY PARTNERS LP,Corporates,Fixed Income,24193.16,0.04081,24193.16,25000,95.19,United States,--,USD,3.67,5.19,1,2031-03-01,4.0,4.07,,5.19,4.07,5.19,USD,2021-09-01,2021-11-30
FAIRFAX FINANCIAL HOLDINGS LTD,Corporates,Fixed Income,24187.2,0.0408,24187.2,25000,94.58,Canada,--,USD,12.53,6.52,1,2055-03-15,6.1,12.77,,6.52,12.77,6.52,USD,2025-03-15,2025-04-22
FORD MOTOR COMPANY,Corporates,Fixed Income,24166.28,0.04076,24166.28,30000,79.89,United States,--,USD,11.09,7.18,1,2046-12-08,5.29,11.23,,7.18,11.23,7.18,USD,2016-12-08,2016-12-08
VICI PROPERTIES LP,Corporates,Fixed Income,24167.44,0.04076,24167.44,27000,88.45,United States,--,USD,12.38,6.56,1,2052-05-15,5.63,12.6,,6.56,12.6,6.56,USD,2022-04-29,2022-04-29
CONSTELLATION BRANDS INC,Corporates,Fixed Income,24128.23,0.0407,24128.23,25000,95.39,United States,--,USD,7.19,5.59,1,2035-11-01,4.95,7.21,,5.59,7.21,5.59,USD,2025-10-17,2025-10-17
CROWN CASTLE INC,Corporates,Fixed Income,24099.57,0.04065,24099.57,34000,69.98,United States,--,USD,10.91,6.0,1,2041-04-01,2.9,10.95,,6.0,10.95,6.0,USD,2021-02-16,2021-02-16
CRH AMERICA FINANCE INC,Corporates,Fixed Income,24102.81,0.04065,24102.81,25000,93.86,Ireland,--,USD,13.17,6.05,1,2056-02-09,5.6,13.53,,6.05,13.53,6.05,USD,2025-10-09,2025-10-09
UBER TECHNOLOGIES INC,Corporates,Fixed Income,24103.62,0.04065,24103.62,25000,96.32,United States,--,USD,4.02,5.08,1,2031-01-15,4.15,4.02,,5.08,4.02,5.08,USD,2025-09-11,2025-09-11
CARDINAL HEALTH INC,Corporates,Fixed Income,24062.03,0.04058,24062.03,30000,79.75,United States,--,USD,12.3,6.09,1,2047-06-15,4.37,12.52,,6.09,12.52,6.09,USD,2017-06-12,2017-06-12
PHILLIPS 66,Corporates,Fixed Income,24045.21,0.04056,24045.21,25000,95.3,United States,--,USD,6.62,5.36,1,2034-11-15,4.65,6.71,,5.36,6.71,5.36,USD,2014-11-17,2014-11-17
MCCORMICK & COMPANY INCORPORATED,Corporates,Fixed Income,24025.69,0.04052,24025.69,25000,94.82,United States,--,USD,6.58,5.49,1,2034-10-15,4.7,6.6,,5.49,6.6,5.49,USD,2024-10-08,2024-10-08
JEFFERIES GROUP LLC,Corporates,Fixed Income,24006.76,0.04049,24006.76,25000,96.03,United States,--,USD,3.22,5.41,1,2030-01-23,4.15,3.2,,5.41,3.2,5.41,USD,2018-01-23,2018-01-23
PLAINS ALL AMERICAN PIPELINE LP,Corporates,Fixed Income,24008.92,0.04049,24008.92,25000,95.66,United States,--,USD,3.11,4.95,1,2029-12-15,3.55,3.13,,4.95,3.13,4.95,USD,2019-09-16,2019-09-16
DEVON ENERGY CORP,Corporates,Fixed Income,24000.37,0.04048,24000.37,25000,95.88,United States,--,USD,9.81,6.02,1,2041-07-15,5.6,9.91,,6.02,9.91,6.02,USD,2011-07-12,2011-07-12
VERTIV HOLDINGS CO,Corporates,Fixed Income,23994.91,0.04047,23994.91,25000,93.67,United States,--,USD,13.91,6.39,1,2066-03-15,5.95,14.16,,6.39,14.16,6.39,USD,2026-03-03,2026-03-03
EAGLE MATERIALS INC,Corporates,Fixed Income,23963.91,0.04042,23963.91,25000,94.08,United States,--,USD,7.34,5.81,1,2036-03-15,5.0,7.34,,5.81,7.34,5.81,USD,2025-11-13,2025-11-13
BOEING CO,Corporates,Fixed Income,23945.35,0.04039,23945.35,25000,94.05,United States,--,USD,4.01,5.12,1,2031-02-01,3.63,4.02,,5.12,4.02,5.12,USD,2020-11-02,2020-11-02
JBS NV,Corporates,Fixed Income,23924.94,0.04035,23924.94,25000,93.23,United States,--,USD,12.34,6.78,1,2056-03-01,6.25,12.55,,6.78,12.55,6.78,USD,2025-07-03,2026-01-12
BLACKSTONE PRIVATE CREDIT FUND,Corporates,Fixed Income,23912.73,0.04033,23912.73,25000,95.56,United States,--,USD,2.33,5.95,1,2029-01-15,4.0,2.31,,5.95,2.31,5.95,USD,2022-07-15,2022-08-08
ROYALTY PHARMA PLC,Corporates,Fixed Income,23894.83,0.0403,23894.83,35000,66.88,United Kingdom,--,USD,13.52,6.22,1,2050-09-02,3.55,13.73,,6.22,13.73,6.22,USD,2021-03-02,2021-08-03
VALERO ENERGY CORPORATION,Corporates,Fixed Income,23861.34,0.04025,23861.34,35000,67.65,United States,--,USD,13.91,6.2,1,2051-12-01,3.65,14.13,,6.2,14.13,6.2,USD,2021-11-29,2021-11-29
HP INC,Corporates,Fixed Income,23831.47,0.0402,23831.47,25000,94.18,United States,--,USD,4.91,5.39,1,2032-04-15,4.2,4.94,,5.39,4.94,5.39,USD,2022-03-31,2022-03-31
WILLIS NORTH AMERICA INC,Corporates,Fixed Income,23784.6,0.04012,23784.6,25000,94.09,United States,--,USD,2.92,5.0,1,2029-09-15,2.95,2.92,,5.0,2.92,5.0,USD,2019-09-10,2019-09-10
EQUINIX INC,Corporates,Fixed Income,23769.21,0.04009,23769.21,25000,94.5,United States,--,USD,3.07,5.02,1,2029-11-18,3.2,3.08,,5.02,3.08,5.02,USD,2019-11-18,2019-11-18
AT&T INC,Corporates,Fixed Income,23741.72,0.04004,23741.72,25000,92.8,United States,--,USD,8.08,5.79,1,2037-08-15,4.9,8.13,,5.79,8.13,5.79,USD,2018-08-14,2018-11-30
VODAFONE GROUP PLC MTN,Corporates,Fixed Income,23733.15,0.04003,23733.15,25000,94.34,United Kingdom,--,USD,12.92,6.53,1,2056-06-18,6.1,13.15,,6.53,13.15,6.53,USD,2026-06-18,2026-06-18
WOODSIDE FINANCE LTD,Corporates,Fixed Income,23728.21,0.04002,23728.21,25000,92.84,Australia,--,USD,12.86,6.26,1,2054-09-12,5.7,13.11,,6.26,13.11,6.26,USD,2024-09-12,2024-09-12
SYNCHRONY FINANCIAL,Corporates,Fixed Income,23715.23,0.04,23715.23,27000,87.16,United States,--,USD,4.74,5.74,1,2031-10-28,2.88,4.72,,5.74,4.72,5.74,USD,2021-10-28,2021-10-28
HEALTHCARE TRUST OF AMERICA HOLDIN,Corporates,Fixed Income,23682.48,0.03994,23682.48,25000,93.37,United States,--,USD,3.26,5.16,1,2030-02-15,3.1,3.26,,5.16,3.26,5.16,USD,2019-09-16,2019-09-16
SUMISHO AIR LEASE CORP MTN,Corporates,Fixed Income,23591.4,0.03979,23591.4,25000,92.93,United States,--,USD,3.23,5.22,1,2030-02-01,3.0,3.23,,5.22,3.23,5.22,USD,2020-01-14,2020-01-14
PACKAGING CORP OF AMERICA,Corporates,Fixed Income,23592.87,0.03979,23592.87,25000,94.05,United States,--,USD,3.15,4.92,1,2029-12-15,3.0,3.16,,4.92,3.16,4.92,USD,2019-11-21,2019-11-21
CVS HEALTH CORP,Corporates,Fixed Income,23582.93,0.03978,23582.93,25000,93.47,United States,--,USD,13.78,6.47,1,2063-06-01,6.0,14.02,,6.47,14.02,6.47,USD,2023-06-02,2023-06-02
LOWES COMPANIES INC,Corporates,Fixed Income,23510.07,0.03965,23510.07,25000,93.69,United States,--,USD,12.88,6.24,1,2053-07-01,5.75,13.13,,6.24,13.13,6.24,USD,2023-03-30,2023-03-30
RAYTHEON TECHNOLOGIES CORPORATION,Corporates,Fixed Income,23492.38,0.03962,23492.38,25000,91.79,United States,--,USD,12.94,6.0,1,2053-02-27,5.38,13.2,,6.0,13.2,6.0,USD,2023-02-27,2023-02-27
CARRIER GLOBAL CORP,Corporates,Fixed Income,23482.21,0.03961,23482.21,25000,92.73,United States,--,USD,3.29,4.97,1,2030-02-15,2.72,3.29,,4.97,3.29,4.97,USD,2020-08-15,2020-12-08
COREBRIDGE FINANCIAL INC,Corporates,Fixed Income,23331.35,0.03935,23331.35,30000,76.45,United States,--,USD,13.22,6.25,1,2052-04-05,4.4,13.45,,6.25,13.45,6.25,USD,2023-04-05,2023-05-24
WESTINGHOUSE AIR BRAKE TECHNOLOGIE,Corporates,Fixed Income,23309.67,0.03932,23309.67,23000,99.68,United States,--,USD,1.9,4.86,1,2028-09-15,4.7,1.98,,4.86,1.98,4.86,USD,2018-09-14,2018-09-14
ARTHUR J GALLAGHER & CO,Corporates,Fixed Income,23289.97,0.03928,23289.97,25000,90.72,United States,--,USD,12.95,6.25,1,2055-02-15,5.55,13.2,,6.25,13.2,6.25,USD,2024-12-19,2024-12-19
BELL TELEPHONE COMPANY OF CANADA O,Corporates,Fixed Income,23280.07,0.03927,23280.07,25000,90.68,Canada,--,USD,12.77,6.26,1,2054-02-15,5.55,13.01,,6.26,13.01,6.26,USD,2024-02-15,2024-02-15
AT&T INC,Corporates,Fixed Income,23266.57,0.03924,23266.57,30000,77.1,United States,--,USD,11.57,6.47,1,2045-06-15,4.35,11.7,,6.47,11.7,6.47,USD,2013-06-15,2013-06-18
BECTON DICKINSON AND COMPANY,Corporates,Fixed Income,23245.11,0.03921,23245.11,25000,92.49,United States,--,USD,3.53,5.0,1,2030-05-20,2.82,3.54,,5.0,3.54,5.0,USD,2020-05-20,2020-05-20
LINCOLN NATIONAL CORPORATION,Corporates,Fixed Income,23235.14,0.03919,23235.14,25000,92.86,United States,--,USD,4.06,5.21,1,2031-01-15,3.4,4.07,,5.21,4.07,5.21,USD,2020-05-15,2020-05-15
J M SMUCKER CO,Corporates,Fixed Income,23225.33,0.03917,23225.33,25000,91.39,United States,--,USD,6.97,5.51,1,2035-03-15,4.25,6.94,,5.51,6.94,5.51,USD,2015-09-15,2015-10-07
INTEL CORPORATION,Corporates,Fixed Income,23195.56,0.03912,23195.56,25000,92.32,United States,--,USD,3.11,4.99,1,2029-11-15,2.45,3.1,,4.99,3.1,4.99,USD,2019-11-21,2019-11-21
SOUTHWEST AIRLINES CO,Corporates,Fixed Income,23182.91,0.0391,23182.91,25000,91.54,United States,--,USD,3.29,5.27,1,2030-02-10,2.63,3.27,,5.27,3.27,5.27,USD,2020-02-10,2020-02-10
TRANSCANADA PIPELINES LTD,Corporates,Fixed Income,23076.18,0.03892,23076.18,25000,90.49,Canada,--,USD,12.32,5.86,1,2049-03-15,5.1,12.57,,5.86,12.57,5.86,USD,2018-10-12,2018-10-12
AMERICAN ASSETS TRUST LP,Corporates,Fixed Income,23069.81,0.03891,23069.81,25000,90.67,United States,--,USD,4.05,5.75,1,2031-02-01,3.38,4.02,,5.75,4.02,5.75,USD,2021-01-26,2021-01-26
CITIGROUP INC,Corporates,Fixed Income,23034.39,0.03885,23034.39,25000,91.0,United States,--,USD,10.84,6.14,1,2044-05-06,5.3,10.93,,6.14,10.93,6.14,USD,2014-05-06,2014-05-06
UDR INC MTN,Corporates,Fixed Income,23028.34,0.03884,23028.34,25000,90.8,United States,--,USD,4.52,5.08,1,2031-08-15,3.0,4.53,,5.08,4.53,5.08,USD,2019-08-15,2019-08-15
NOV INC,Corporates,Fixed Income,22959.91,0.03873,22959.91,30000,75.96,United States,--,USD,10.97,6.33,1,2042-12-01,3.95,11.04,,6.33,11.04,6.33,USD,2012-11-20,2012-11-20
KROGER CO,Corporates,Fixed Income,22935.98,0.03869,22935.98,25000,89.74,United States,--,USD,13.97,6.37,1,2064-09-15,5.65,14.21,,6.37,14.21,6.37,USD,2024-08-27,2024-08-27
HCA INC,Corporates,Fixed Income,22917.58,0.03865,22917.58,25000,90.59,United States,--,USD,13.04,6.42,1,2055-11-15,5.7,13.28,,6.42,13.28,6.42,USD,2025-10-31,2025-10-31
BIOGEN INC,Corporates,Fixed Income,22862.31,0.03856,22862.31,25000,89.6,United States,--,USD,11.16,6.13,1,2045-09-15,5.2,11.34,,6.13,11.34,6.13,USD,2015-09-15,2015-09-15
PACIFICORP,Corporates,Fixed Income,22798.31,0.03845,22798.31,25000,91.06,United States,--,USD,12.93,6.49,1,2055-01-15,5.8,13.17,,6.49,13.17,6.49,USD,2024-01-05,2024-01-05
LYONDELLBASELL INDUSTRIES NV,Corporates,Fixed Income,22793.4,0.03844,22793.4,30000,74.09,United States,--,USD,13.1,6.66,1,2055-02-26,4.63,13.31,,6.66,13.31,6.66,USD,2015-03-05,2015-03-05
L3HARRIS TECHNOLOGIES INC,Corporates,Fixed Income,22780.72,0.03842,22780.72,25000,89.92,United States,--,USD,11.27,5.95,1,2045-04-27,5.05,11.45,,5.95,11.45,5.95,USD,2015-04-27,2015-04-27
ONEOK INC,Corporates,Fixed Income,22728.5,0.03834,22728.5,25000,89.62,United States,--,USD,12.77,6.51,1,2054-11-01,5.7,13.0,,6.51,13.0,6.51,USD,2024-09-24,2024-09-24
LOWES COMPANIES INC,Corporates,Fixed Income,22717.96,0.03832,22717.96,25000,90.06,United States,--,USD,4.28,5.03,1,2031-04-01,2.63,4.28,,5.03,4.28,5.03,USD,2021-03-31,2021-03-31
INTEL CORPORATION,Corporates,Fixed Income,22590.13,0.0381,22590.13,40000,55.04,United States,--,USD,15.2,6.45,1,2061-08-12,3.2,15.42,,6.45,15.42,6.45,USD,2021-08-12,2021-08-12
UBER TECHNOLOGIES INC,Corporates,Fixed Income,22571.01,0.03807,22571.01,25000,88.38,United States,--,USD,13.06,6.23,1,2054-09-15,5.35,13.31,,6.23,13.31,6.23,USD,2024-09-09,2024-09-09
PACIFIC GAS AND ELECTRIC COMPANY,Corporates,Fixed Income,22558.43,0.03805,22558.43,25000,89.04,United States,--,USD,4.14,5.25,1,2031-02-01,2.5,4.12,,5.25,4.12,5.25,USD,2020-06-19,2020-06-19
PHILLIPS 66,Corporates,Fixed Income,22554.93,0.03804,22554.93,35000,63.27,United States,--,USD,14.18,6.17,1,2052-03-15,3.3,14.4,,6.17,14.4,6.17,USD,2021-11-15,2021-11-15
LABORATORY CORPORATION OF AMERICA,Corporates,Fixed Income,22547.32,0.03803,22547.32,25000,89.8,United States,--,USD,4.43,5.1,1,2031-06-01,2.7,4.43,,5.1,4.43,5.1,USD,2021-05-26,2021-05-26
HEWLETT PACKARD ENTERPRISE CO,Corporates,Fixed Income,22500.76,0.03795,22500.76,25000,88.48,United States,--,USD,12.78,6.49,1,2054-10-15,5.6,13.01,,6.49,13.01,6.49,USD,2024-09-26,2024-09-26
CIGNA GROUP,Corporates,Fixed Income,22486.59,0.03793,22486.59,25000,89.1,United States,--,USD,4.27,5.04,1,2031-03-15,2.38,4.26,,5.04,4.26,5.04,USD,2021-03-03,2021-03-03
HONDA MOTOR CO LTD,Corporates,Fixed Income,22443.47,0.03785,22443.47,25000,88.68,Japan,--,USD,5.0,5.35,1,2032-03-10,2.97,5.0,,5.35,5.0,5.35,USD,2022-03-10,2022-03-10
ENSTAR GROUP LTD,Corporates,Fixed Income,22423.18,0.03782,22423.18,25000,88.47,United States,--,USD,4.55,5.74,1,2031-09-01,3.1,4.54,,5.74,4.54,5.74,USD,2021-08-24,2021-08-24
KONINKLIJKE PHILIPS NV,Corporates,Fixed Income,22425.87,0.03782,22425.87,20000,109.61,Netherlands,--,USD,7.96,5.73,1,2038-03-11,6.88,7.95,,5.73,7.95,5.73,USD,2008-03-11,2008-03-11
OTIS WORLDWIDE CORP,Corporates,Fixed Income,22396.87,0.03778,22396.87,24000,92.19,United States,--,USD,3.3,4.98,1,2030-02-15,2.56,3.3,,4.98,3.3,4.98,USD,2020-08-15,2020-09-04
MPLX LP,Corporates,Fixed Income,22393.24,0.03777,22393.24,25000,88.35,United States,--,USD,8.64,5.89,1,2038-04-15,4.5,8.67,,5.89,8.67,5.89,USD,2018-02-08,2018-02-08
MOTOROLA SOLUTIONS INC,Corporates,Fixed Income,22396.39,0.03777,22396.39,22000,99.89,United States,--,USD,1.4,4.67,1,2028-02-23,4.6,1.48,,4.67,1.48,4.67,USD,2018-02-23,2018-02-23
EQUINIX INC,Corporates,Fixed Income,22338.11,0.03768,22338.11,37000,59.32,United States,--,USD,14.48,6.15,1,2051-09-15,2.95,14.69,,6.15,14.69,6.15,USD,2020-10-07,2020-10-07
MOLSON COORS BREWING CO,Corporates,Fixed Income,22254.82,0.03754,22254.82,25000,87.88,United States,--,USD,10.24,6.22,1,2042-05-01,5.0,10.28,,6.22,10.28,6.22,USD,2012-05-03,2012-05-03
ORACLE CORPORATION,Corporates,Fixed Income,22258.02,0.03754,22258.02,25000,85.89,United States,--,USD,11.09,7.95,1,2056-02-04,6.7,11.23,,7.95,11.23,7.95,USD,2026-02-04,2026-02-04
ONEOK INC,Corporates,Fixed Income,22250.7,0.03753,22250.7,25000,88.22,United States,--,USD,11.47,6.49,1,2047-06-01,5.45,11.67,,6.49,11.67,6.49,USD,2017-05-11,2017-05-11
KRAFT HEINZ FOODS CO,Corporates,Fixed Income,22185.48,0.03742,22185.48,25000,87.95,United States,--,USD,12.13,6.5,1,2050-06-01,5.5,12.35,,6.5,12.35,6.5,USD,2020-12-01,2021-01-19
FIDELITY NATIONAL FINANCIAL INC,Corporates,Fixed Income,22163.56,0.03738,22163.56,25000,87.78,United States,--,USD,4.26,5.46,1,2031-03-15,2.45,4.24,,5.46,4.24,5.46,USD,2020-09-15,2020-09-15
CENOVUS ENERGY INC,Corporates,Fixed Income,22132.71,0.03733,22132.71,25000,88.47,Canada,--,USD,4.98,5.09,1,2032-01-15,2.65,4.98,,5.09,4.98,5.09,USD,2021-09-13,2021-09-13
BOEING CO,Corporates,Fixed Income,22079.94,0.03724,22079.94,20000,108.8,United States,--,USD,13.57,6.39,1,2064-05-01,7.01,13.81,,6.39,13.77,6.39,USD,2024-11-01,2024-12-17
SUMISHO AIR LEASE CORP MTN,Corporates,Fixed Income,22080.65,0.03724,22080.65,25000,88.26,United States,--,USD,4.95,5.38,1,2032-01-15,2.88,4.94,,5.38,4.94,5.38,USD,2022-01-12,2022-01-12
CROWN CASTLE INC,Corporates,Fixed Income,22014.74,0.03713,22014.74,25000,88.01,United States,--,USD,4.17,5.29,1,2031-01-15,2.25,4.16,,5.29,4.16,5.29,USD,2020-06-15,2020-06-15
ENERGY TRANSFER PARTNERS LP,Corporates,Fixed Income,21977.18,0.03707,21977.18,25000,86.47,United States,--,USD,11.41,6.5,1,2047-04-15,5.3,11.61,,6.5,11.61,6.5,USD,2017-01-17,2017-01-17
FLOWSERVE CORPORATION,Corporates,Fixed Income,21925.85,0.03698,21925.85,25000,87.64,United States,--,USD,4.96,5.44,1,2032-01-15,2.8,4.95,,5.44,4.95,5.44,USD,2021-09-23,2021-09-23
LYB INTERNATIONAL FINANCE III LLC,Corporates,Fixed Income,21919.65,0.03697,21919.65,30000,72.02,United States,--,USD,10.28,6.41,1,2040-10-01,3.38,10.3,,6.41,10.3,6.41,USD,2020-10-08,2020-10-08
ARCELORMITTAL SA,Corporates,Fixed Income,21847.32,0.03685,21847.32,20000,108.22,Luxembourg,--,USD,5.04,5.26,1,2032-11-29,6.8,5.13,,5.21,4.96,5.21,USD,2022-11-29,2022-11-29
CVS HEALTH CORP,Corporates,Fixed Income,21779.41,0.03673,21779.41,25000,87.07,United States,--,USD,11.31,6.3,1,2045-07-20,5.13,11.47,,6.3,11.47,6.3,USD,2015-07-20,2015-07-20
GLOBAL PAYMENTS INC,Corporates,Fixed Income,21763.99,0.03671,21763.99,30000,70.73,United States,--,USD,12.45,6.65,1,2049-08-15,4.15,12.64,,6.65,12.64,6.65,USD,2019-08-14,2019-08-14
DOW CHEMICAL CO,Corporates,Fixed Income,21744.29,0.03668,21744.29,20000,107.04,United States,--,USD,2.88,5.01,1,2029-11-01,7.38,2.86,,5.01,2.86,5.01,USD,1999-11-01,1999-11-09
KROGER CO,Corporates,Fixed Income,21743.19,0.03667,21743.19,25000,86.93,United States,--,USD,4.22,4.99,1,2031-01-15,1.7,4.21,,4.99,4.21,4.99,USD,2021-01-12,2021-01-12
VERIZON COMMUNICATIONS INC,Corporates,Fixed Income,21718.04,0.03663,21718.04,25000,86.86,United States,--,USD,4.23,5.06,1,2031-01-20,1.75,4.22,,5.06,4.22,5.06,USD,2020-11-20,2020-11-20
UNIVERSAL HEALTH SERVICES INC,Corporates,Fixed Income,21634.32,0.03649,21634.32,25000,86.48,United States,--,USD,4.98,5.55,1,2032-01-15,2.65,4.96,,5.55,4.96,5.55,USD,2022-07-15,2022-12-22
AUTOZONE INC,Corporates,Fixed Income,21598.17,0.03643,21598.17,25000,86.36,United States,--,USD,4.23,5.1,1,2031-01-15,1.65,4.21,,5.1,4.21,5.1,USD,2020-08-14,2020-08-14
CANADIAN PACIFIC RAILWAY COMPANY,Corporates,Fixed Income,21594.52,0.03642,21594.52,30000,71.56,Canada,--,USD,11.29,5.83,1,2041-12-02,3.0,11.36,,5.83,11.36,5.83,USD,2021-12-02,2021-12-02
WESTERN MIDSTREAM OPERATING LP,Corporates,Fixed Income,21575.13,0.03639,21575.13,25000,83.79,United States,--,USD,11.86,6.62,1,2050-02-01,5.25,12.07,,6.62,12.07,6.62,USD,2020-01-13,2020-01-13
MARATHON PETROLEUM CORP,Corporates,Fixed Income,21569.79,0.03638,21569.79,25000,84.59,United States,--,USD,11.08,6.17,1,2044-09-15,4.75,11.22,,6.17,11.22,6.17,USD,2014-09-05,2014-09-05
ALEXANDRIA REAL ESTATE EQUITIES IN,Corporates,Fixed Income,21560.96,0.03637,21560.96,25000,84.84,United States,--,USD,12.9,6.33,1,2053-04-15,5.15,13.14,,6.33,13.14,6.33,USD,2023-02-16,2023-02-16
KRAFT HEINZ FOODS CO,Corporates,Fixed Income,21518.9,0.03629,21518.9,25000,85.96,United States,--,USD,11.18,6.5,1,2045-07-15,5.2,11.32,,6.5,11.32,6.5,USD,2016-07-15,2016-08-19
MOODYS CORPORATION,Corporates,Fixed Income,21508.98,0.03628,21508.98,30000,70.15,United States,--,USD,13.78,6.06,1,2052-02-25,3.75,14.02,,6.06,14.02,6.06,USD,2022-02-25,2022-02-25
SUNCOR ENERGY INC,Corporates,Fixed Income,21333.26,0.03598,21333.26,30000,69.66,Canada,--,USD,13.5,6.16,1,2051-03-04,3.75,13.73,,6.16,13.73,6.16,USD,2021-03-04,2021-03-04
TARGA RESOURCES CORP,Corporates,Fixed Income,21217.74,0.03579,21217.74,20000,103.91,United States,--,USD,5.26,5.41,1,2033-03-15,6.13,5.32,,5.39,5.16,5.39,USD,2023-01-09,2023-01-09
JBS USA HOLDING LUX SARL,Corporates,Fixed Income,21205.81,0.03577,21205.81,20000,104.66,Brazil,--,USD,11.77,6.87,1,2053-11-15,7.25,11.99,,6.87,11.91,6.87,USD,2024-11-15,2024-11-25
EVEREST REINSURANCE HOLDINGS INC,Corporates,Fixed Income,21131.72,0.03564,21131.72,35000,59.53,United States,--,USD,14.45,6.3,1,2052-10-15,3.13,14.66,,6.3,14.66,6.3,USD,2021-10-04,2021-10-04
IQVIA INC,Corporates,Fixed Income,21119.53,0.03562,21119.53,20000,102.61,United States,--,USD,2.22,5.13,1,2029-02-01,6.25,2.25,,5.1,2.18,5.1,USD,2024-02-01,2024-02-26
CENOVUS ENERGY INC,Corporates,Fixed Income,21119.61,0.03562,21119.61,30000,68.75,Canada,--,USD,13.64,6.2,1,2052-02-15,3.75,13.86,,6.2,13.86,6.2,USD,2021-09-13,2021-09-13
DUPONT DE NEMOURS INC,Corporates,Fixed Income,21088.76,0.03557,21088.76,23000,90.67,United States,--,USD,11.98,6.2,1,2048-11-15,5.42,12.21,,6.2,12.21,6.2,USD,2018-11-28,2018-11-28
DOLLAR GENERAL CORP,Corporates,Fixed Income,21079.11,0.03555,21079.11,22000,94.74,United States,--,USD,3.35,5.08,1,2030-04-03,3.5,3.37,,5.08,3.37,5.08,USD,2020-04-03,2020-04-03
EBAY INC,Corporates,Fixed Income,21061.59,0.03552,21061.59,30000,69.47,United States,--,USD,13.86,6.04,1,2051-05-10,3.65,14.09,,6.04,14.09,6.04,USD,2021-05-10,2021-05-10
EXELON GENERATION CO LLC,Corporates,Fixed Income,20971.58,0.03537,20971.58,20000,102.91,United States,--,USD,8.8,5.93,1,2039-10-01,6.25,8.81,,5.93,8.81,5.93,USD,2009-09-23,2009-09-23
TARGA RESOURCES CORP,Corporates,Fixed Income,20959.05,0.03535,20959.05,25000,82.49,United States,--,USD,12.82,6.34,1,2052-04-15,4.95,13.06,,6.34,13.06,6.34,USD,2022-04-06,2022-04-06
JOHNSON CONTROLS INTERNATIONAL PLC,Corporates,Fixed Income,20935.27,0.03531,20935.27,24000,86.52,United States,--,USD,4.74,5.0,1,2031-09-16,2.0,4.74,,5.0,4.74,5.0,USD,2021-09-16,2021-09-16
BOSTON PROPERTIES LP,Corporates,Fixed Income,20870.99,0.0352,20870.99,20000,104.21,United States,--,USD,5.85,5.8,1,2034-01-15,6.5,5.89,,5.78,5.74,5.78,USD,2023-05-15,2023-05-15
KYNDRYL HOLDINGS INC,Corporates,Fixed Income,20834.54,0.03514,20834.54,25000,82.48,United States,--,USD,4.66,7.23,1,2031-10-15,3.15,4.6,,7.23,4.6,7.23,USD,2022-04-15,2022-09-23
CHENIERE ENERGY PARTNERS LP,Corporates,Fixed Income,20792.29,0.03507,20792.29,20000,101.44,United States,--,USD,6.13,5.53,1,2034-08-15,5.75,6.24,,5.51,5.93,5.51,USD,2024-05-22,2025-01-10
STANLEY BLACK & DECKER INC,Corporates,Fixed Income,20769.07,0.03503,20769.07,25000,82.16,United States,--,USD,12.19,6.36,1,2048-11-15,4.85,12.4,,6.36,12.4,6.36,USD,2018-11-06,2018-11-06
SIXTH STREET LENDING PARTNERS,Corporates,Fixed Income,20765.92,0.03502,20765.92,20000,101.45,United States,--,USD,2.32,5.9,1,2029-03-11,6.5,2.34,,5.88,2.27,5.88,USD,2024-09-11,2025-01-17
LAS VEGAS SANDS CORP,Corporates,Fixed Income,20737.23,0.03498,20737.23,20000,100.97,United States,--,USD,6.09,6.05,1,2034-08-15,6.2,6.12,,6.04,5.97,6.04,USD,2024-05-16,2024-05-16
WOODSIDE FINANCE LTD,Corporates,Fixed Income,20693.05,0.0349,20693.05,20000,102.4,Australia,--,USD,6.7,5.68,1,2035-05-19,6.0,6.74,,5.68,6.59,5.68,USD,2025-05-19,2025-05-19
MCDONALDS CORPORATION MTN,Corporates,Fixed Income,20693.11,0.0349,20693.11,25000,81.02,United States,--,USD,11.99,6.08,1,2047-03-01,4.45,12.2,,6.08,12.2,6.08,USD,2017-03-09,2017-03-09
MONDELEZ INTERNATIONAL INC,Corporates,Fixed Income,20668.03,0.03486,20668.03,35000,58.04,United States,--,USD,14.8,5.91,1,2050-09-04,2.63,15.01,,5.91,15.01,5.91,USD,2020-09-04,2020-09-04
GOLUB CAPITAL BDC INC.,Corporates,Fixed Income,20669.67,0.03486,20669.67,20000,102.41,United States,--,USD,2.11,5.94,1,2028-12-05,7.05,2.14,,5.91,2.07,5.91,USD,2023-12-05,2023-12-05
SOLVENTUM CORP,Corporates,Fixed Income,20639.7,0.03481,20639.7,20000,101.23,United States,--,USD,3.93,5.15,1,2031-03-13,5.45,3.98,,5.14,3.86,5.14,USD,2024-09-13,2024-12-31
MAREX GROUP PLC,Corporates,Fixed Income,20627.81,0.03479,20627.81,20000,101.73,United Kingdom,--,USD,2.88,5.81,1,2029-11-04,6.4,2.89,,5.8,2.82,5.8,USD,2024-11-04,2024-11-04
CITIGROUP INC,Corporates,Fixed Income,20606.75,0.03476,20606.75,19000,106.05,United States,--,USD,10.04,6.1,1,2043-09-13,6.67,10.12,,6.1,10.12,6.1,USD,2013-09-13,2013-09-13
DEVON ENERGY CORPORATION 144A,Corporates,Fixed Income,20583.29,0.03472,20583.29,20000,100.93,United States,--,USD,5.99,5.45,1,2034-03-15,5.6,6.04,,5.45,5.88,5.45,USD,2026-03-15,2026-06-25
JBS USA LUX SA,Corporates,Fixed Income,20577.14,0.03471,20577.14,20000,101.1,Brazil,--,USD,5.36,5.55,1,2033-04-01,5.75,5.41,,5.54,5.24,5.54,USD,2023-04-01,2023-08-21
COUSINS PROPERTIES LP,Corporates,Fixed Income,20541.52,0.03465,20541.52,20000,100.88,United States,--,USD,6.29,5.74,1,2034-10-01,5.88,6.33,,5.74,6.17,5.74,USD,2024-08-16,2024-08-16
MCDONALDS CORPORATION MTN,Corporates,Fixed Income,20522.26,0.03461,20522.26,25000,80.33,United States,--,USD,12.41,6.08,1,2048-09-01,4.45,12.63,,6.08,12.63,6.08,USD,2018-08-15,2018-08-15
LADDER CAPITAL FINANCE HOLDINGS LL,Corporates,Fixed Income,20510.74,0.03459,20510.74,20000,99.93,United States,--,USD,3.47,5.52,1,2030-08-01,5.5,3.47,,5.52,3.47,5.52,USD,2025-07-03,2025-07-03
ENERGY TRANSFER LP,Corporates,Fixed Income,20489.7,0.03456,20489.7,20000,100.68,United States,--,USD,6.64,5.6,1,2035-04-01,5.7,6.67,,5.6,6.52,5.6,USD,2025-03-04,2025-03-04
LAS VEGAS SANDS CORP,Corporates,Fixed Income,20481.85,0.03455,20481.85,20000,101.76,United States,--,USD,3.4,5.49,1,2030-06-14,6.0,3.42,,5.48,3.35,5.48,USD,2025-05-06,2025-05-06
CVS HEALTH CORP,Corporates,Fixed Income,20455.28,0.0345,20455.28,20000,101.5,United States,--,USD,2.57,4.83,1,2029-06-01,5.4,2.6,,4.82,2.53,4.82,USD,2024-05-09,2024-05-09
ZIMMER BIOMET HOLDINGS INC,Corporates,Fixed Income,20439.93,0.03448,20439.93,23000,88.44,United States,--,USD,4.85,5.1,1,2031-11-24,2.6,4.85,,5.1,4.85,5.1,USD,2021-11-24,2021-11-24
CITIZENS FINANCIAL GROUP INC,Corporates,Fixed Income,20437.53,0.03447,20437.53,20000,100.17,United States,--,USD,3.18,5.14,1,2031-03-05,5.25,3.19,,5.14,3.19,5.14,USD,2025-03-05,2025-03-05
AMGEN INC,Corporates,Fixed Income,20438.4,0.03447,20438.4,25000,81.27,United States,--,USD,12.44,6.13,1,2048-06-15,4.56,12.67,,6.13,12.67,6.13,USD,2016-12-15,2017-01-10
XCEL ENERGY INC,Corporates,Fixed Income,20439.47,0.03447,20439.47,30000,67.63,United States,--,USD,13.62,6.12,1,2049-12-01,3.5,13.84,,6.12,13.84,6.12,USD,2019-11-07,2019-11-07
BECTON DICKINSON AND COMPANY,Corporates,Fixed Income,20428.27,0.03446,20428.27,20000,99.91,United States,--,USD,2.29,4.91,1,2029-02-08,4.87,2.31,,4.91,2.31,4.91,USD,2024-02-08,2024-02-08
SHERWIN-WILLIAMS COMPANY (THE),Corporates,Fixed Income,20388.22,0.03439,20388.22,25000,80.9,United States,--,USD,12.16,6.13,1,2047-06-01,4.5,12.38,,6.13,12.38,6.13,USD,2017-05-16,2017-05-16
OWENS CORNING,Corporates,Fixed Income,20373.6,0.03436,20373.6,20000,101.27,United States,--,USD,6.22,5.5,1,2034-06-15,5.7,6.27,,5.49,6.11,5.49,USD,2024-05-31,2024-05-31
CAPITAL ONE FINANCIAL CORPORATION,Corporates,Fixed Income,20345.89,0.03432,20345.89,20000,99.86,United States,--,USD,0.48,4.36,1,2027-02-09,4.1,0.52,,4.36,0.52,4.36,USD,2017-02-09,2017-02-09
JEFFERIES FINANCIAL GROUP INC,Corporates,Fixed Income,20332.07,0.03429,20332.07,20000,101.63,United States,--,USD,1.82,5.01,1,2028-07-21,5.88,1.86,,4.97,1.79,4.97,USD,2023-07-21,2023-07-21
ENBRIDGE INC,Corporates,Fixed Income,20312.38,0.03426,20312.38,20000,100.45,Canada,--,USD,0.23,4.39,1,2026-11-15,5.9,0.3,,3.87,0.22,3.87,USD,2023-11-09,2023-11-09
PHILLIPS 66 CO,Corporates,Fixed Income,20289.26,0.03422,20289.26,20000,100.89,United States,--,USD,4.21,5.04,1,2031-06-15,5.25,4.25,,5.04,4.12,5.04,USD,2024-02-28,2024-02-28
EQUITABLE HOLDINGS INC,Corporates,Fixed Income,20279.36,0.0342,20279.36,20000,101.21,United States,--,USD,5.31,5.37,1,2033-01-11,5.59,5.37,,5.36,5.19,5.36,USD,2023-01-11,2023-01-11
VICI PROPERTIES LP,Corporates,Fixed Income,20258.79,0.03417,20258.79,20000,99.51,United States,--,USD,6.0,5.83,1,2034-04-01,5.75,6.03,,5.83,6.03,5.83,USD,2024-03-18,2024-03-18
VENTAS REALTY LP,Corporates,Fixed Income,20250.42,0.03416,20250.42,20000,100.91,United States,--,USD,6.28,5.48,1,2034-07-01,5.63,6.32,,5.48,6.16,5.48,USD,2024-05-13,2024-05-13
ENERGY TRANSFER LP,Corporates,Fixed Income,20240.83,0.03414,20240.83,20000,100.16,United States,--,USD,6.16,5.52,1,2034-05-15,5.55,6.21,,5.52,6.21,5.52,USD,2024-01-25,2024-01-25
MARRIOTT INTERNATIONAL INC,Corporates,Fixed Income,20203.88,0.03408,20203.88,20000,100.1,United States,--,USD,2.55,4.83,1,2029-05-15,4.88,2.58,,4.83,2.58,4.83,USD,2024-02-22,2024-02-22
CVS HEALTH CORP,Corporates,Fixed Income,20178.43,0.03403,20178.43,20000,98.95,United States,--,USD,6.95,5.6,1,2035-09-15,5.45,6.98,,5.6,6.98,5.6,USD,2025-08-15,2025-08-15
ENBRIDGE INC,Corporates,Fixed Income,20162.69,0.03401,20162.69,20000,99.06,Canada,--,USD,7.27,5.58,1,2036-03-27,5.45,7.3,,5.58,7.3,5.58,USD,2026-03-27,2026-03-27
INTEL CORPORATION,Corporates,Fixed Income,20166.38,0.03401,20166.38,25000,79.11,United States,--,USD,12.37,6.49,1,2050-03-25,4.75,12.58,,6.49,12.58,6.49,USD,2020-03-25,2020-03-25
SYNOPSYS INC,Corporates,Fixed Income,20152.64,0.03399,20152.64,20000,99.25,United States,--,USD,3.27,5.07,1,2030-04-01,4.85,3.29,,5.07,3.29,5.07,USD,2025-03-17,2025-03-17
BOSTON PROPERTIES LP,Corporates,Fixed Income,20107.56,0.03391,20107.56,20000,99.68,United States,--,USD,0.19,4.41,1,2026-10-01,2.75,0.18,,4.41,0.18,4.41,USD,2016-08-17,2016-08-17
AMERICAN HONDA FINANCE CORP (FXD) MTN,Corporates,Fixed Income,20099.96,0.0339,20099.96,20000,98.82,United States,--,USD,1.96,4.84,1,2028-09-01,4.25,1.96,,4.84,1.96,4.84,USD,2025-09-04,2025-09-04
ARES CAPITAL CORPORATION,Corporates,Fixed Income,20080.75,0.03387,20080.75,20000,98.23,United States,--,USD,3.56,5.99,1,2030-09-01,5.5,3.54,,5.99,3.54,5.99,USD,2025-06-03,2025-06-03
DELTA AIR LINES INC,Corporates,Fixed Income,20070.07,0.03385,20070.07,20000,100.16,United States,--,USD,3.52,5.2,1,2030-07-10,5.25,3.53,,5.2,3.53,5.2,USD,2025-06-10,2025-06-10
KROGER CO,Corporates,Fixed Income,20064.43,0.03384,20064.43,20000,99.6,United States,--,USD,0.23,4.39,1,2026-10-15,2.65,0.22,,4.39,0.22,4.39,USD,2016-10-03,2016-10-03
ARTHUR J GALLAGHER & CO,Corporates,Fixed Income,20053.25,0.03382,20053.25,20000,99.75,United States,--,USD,3.07,4.93,1,2029-12-15,4.85,3.08,,4.93,3.08,4.93,USD,2024-12-19,2024-12-19
MPLX LP,Corporates,Fixed Income,20053.74,0.03382,20053.74,20000,99.47,United States,--,USD,6.22,5.58,1,2034-06-01,5.5,6.25,,5.58,6.25,5.58,USD,2024-05-20,2024-05-20
SYNOPSYS INC,Corporates,Fixed Income,20048.51,0.03381,20048.51,20000,98.69,United States,--,USD,4.79,5.27,1,2032-04-01,5.0,4.81,,5.27,4.81,5.27,USD,2025-03-17,2025-03-17
ORACLE CORPORATION,Corporates,Fixed Income,20037.1,0.0338,20037.1,25000,77.26,United States,--,USD,11.65,8.04,1,2065-08-03,6.13,11.79,,8.04,11.79,8.04,USD,2025-02-03,2025-02-03
VIATRIS INC,Corporates,Fixed Income,20033.93,0.03379,20033.93,30000,66.44,United States,--,USD,12.84,6.88,1,2050-06-22,4.0,13.02,,6.88,13.02,6.88,USD,2021-06-22,2021-10-28
CAPITAL ONE FINANCIAL CORPORATION,Corporates,Fixed Income,20015.82,0.03376,20015.82,20000,99.35,United States,--,USD,0.77,4.48,1,2027-05-11,3.65,0.77,,4.48,0.77,4.48,USD,2020-05-11,2020-05-11
FEDEX FREIGHT HOLDING COMPANY INC 144A,Corporates,Fixed Income,20016.99,0.03376,20016.99,20000,98.08,United States,--,USD,2.4,5.08,1,2029-03-15,4.3,2.42,,5.08,2.42,5.08,USD,2026-02-05,2026-02-05
GOLUB CAPITAL BDC INC.,Corporates,Fixed Income,20009.6,0.03375,20009.6,20000,99.91,United States,--,USD,2.68,6.03,1,2029-07-15,6.0,2.69,,6.03,2.69,6.03,USD,2024-02-01,2024-02-01
EBAY INC,Corporates,Fixed Income,20010.14,0.03375,20010.14,20000,98.43,United States,--,USD,2.39,4.89,1,2029-03-06,4.25,2.41,,4.89,2.41,4.89,USD,2025-11-06,2025-11-06
VERIZON COMMUNICATIONS INC,Corporates,Fixed Income,20011.08,0.03375,20011.08,25000,78.44,United States,--,USD,12.29,6.35,1,2048-09-15,4.52,12.44,,6.35,12.44,6.35,USD,2015-03-13,2015-08-20
WILLIAMS COMPANIES INC,Corporates,Fixed Income,20002.74,0.03374,20002.74,20000,98.18,United States,--,USD,6.08,5.44,1,2034-03-15,5.15,6.12,,5.44,6.12,5.44,USD,2024-01-05,2024-01-05
HP INC,Corporates,Fixed Income,19997.94,0.03373,19997.94,20000,99.88,United States,--,USD,1.4,4.83,1,2028-01-15,4.75,1.41,,4.83,1.41,4.83,USD,2022-06-21,2022-06-21
LAS VEGAS SANDS CORP,Corporates,Fixed Income,19895.68,0.03356,19895.68,20000,98.38,United States,--,USD,5.51,5.94,1,2033-05-18,5.65,5.52,,5.94,5.52,5.94,USD,2026-05-13,2026-05-13
INVITATION HOMES OPERATING PARTNER,Corporates,Fixed Income,19899.73,0.03356,19899.73,21000,94.33,United States,--,USD,2.21,4.93,1,2028-11-15,2.3,2.2,,4.93,2.2,4.93,USD,2021-11-05,2021-11-05
GLOBAL PAYMENTS INC,Corporates,Fixed Income,19889.92,0.03355,19889.92,20000,97.48,United States,--,USD,5.38,5.86,1,2033-03-15,5.4,5.39,,5.86,5.39,5.86,USD,2026-03-12,2026-03-12
MOLSON COORS BEVERAGE CO,Corporates,Fixed Income,19888.17,0.03354,19888.17,20000,98.68,United States,--,USD,4.31,5.2,1,2031-07-08,4.9,4.32,,5.2,4.32,5.2,USD,2026-05-27,2026-05-27
EXPEDIA GROUP INC,Corporates,Fixed Income,19888.39,0.03354,19888.39,20000,97.07,United States,--,USD,6.57,5.84,1,2035-02-15,5.4,6.58,,5.84,6.58,5.84,USD,2025-02-21,2025-02-21
SUMISHO AIR LEASE CORP 144A,Corporates,Fixed Income,19869.36,0.03351,19869.36,20000,97.53,United States,--,USD,7.23,5.84,1,2036-03-24,5.5,7.25,,5.84,7.25,5.84,USD,2026-03-24,2026-03-24
AMERICAN HONDA FINANCE CORPORATION MTN,Corporates,Fixed Income,19870.27,0.03351,19870.27,20000,97.36,United States,--,USD,6.73,5.59,1,2035-03-05,5.2,6.7,,5.59,6.7,5.59,USD,2025-03-05,2025-03-05
FORD MOTOR CREDIT COMPANY LLC,Corporates,Fixed Income,19860.81,0.0335,19860.81,20000,97.59,United States,--,USD,5.38,6.2,1,2033-04-06,5.75,5.38,,6.2,5.38,6.2,USD,2026-01-08,2026-01-08
TRITON CONTAINER INTERNATIONAL LTD,Corporates,Fixed Income,19862.88,0.0335,19862.88,20000,96.71,Bermuda,--,USD,5.33,5.76,1,2033-02-15,5.15,5.33,,5.76,5.33,5.76,USD,2026-01-21,2026-01-21
AGILENT TECHNOLOGIES INC 144A,Corporates,Fixed Income,19850.19,0.03348,19850.19,20000,98.87,United States,--,USD,4.75,5.14,1,2032-01-15,4.9,4.73,,5.14,4.73,5.14,USD,2026-06-25,2026-06-25
MPLX LP,Corporates,Fixed Income,19840.45,0.03346,19840.45,20000,96.83,United States,--,USD,7.26,5.73,1,2036-04-01,5.3,7.28,,5.73,7.28,5.73,USD,2026-02-12,2026-02-12
AUTOZONE INC,Corporates,Fixed Income,19825.55,0.03344,19825.55,20000,96.86,United States,--,USD,5.36,5.33,1,2033-02-01,4.75,5.4,,5.33,5.4,5.33,USD,2023-01-27,2023-01-27
CNH INDUSTRIAL CAPITAL LLC,Corporates,Fixed Income,19818.99,0.03343,19818.99,20000,98.71,United States,--,USD,4.29,5.25,1,2031-06-25,4.95,4.3,,5.25,4.3,5.25,USD,2026-06-25,2026-06-25
OCCIDENTAL PETROLEUM CORPORATION,Corporates,Fixed Income,19808.41,0.03341,19808.41,20000,97.16,United States,--,USD,12.75,6.27,1,2054-10-01,6.05,13.0,,6.27,13.0,6.27,USD,2024-07-26,2024-07-26
VICI PROPERTIES LP,Corporates,Fixed Income,19803.87,0.0334,19803.87,20000,98.05,United States,--,USD,4.53,5.55,1,2031-11-15,5.13,4.54,,5.55,4.54,5.55,USD,2024-12-19,2024-12-19
SUMISHO AIR LEASE CORP MTN,Corporates,Fixed Income,19774.99,0.03335,19774.99,20000,98.83,United States,--,USD,0.47,4.71,1,2027-01-15,2.2,0.47,,4.71,0.47,4.71,USD,2022-01-12,2022-01-12
CNH INDUSTRIAL CAPITAL LLC,Corporates,Fixed Income,19755.98,0.03332,19755.98,20000,97.57,United States,--,USD,3.75,5.15,1,2030-10-16,4.5,3.75,,5.15,3.75,5.15,USD,2025-09-29,2025-09-29
KEURIG DR PEPPER INC,Corporates,Fixed Income,19708.6,0.03324,19708.6,20000,97.47,United States,--,USD,2.5,4.95,1,2029-04-15,3.95,2.52,,4.95,2.52,4.95,USD,2022-04-22,2022-04-22
WILLIS NORTH AMERICA INC,Corporates,Fixed Income,19709.05,0.03324,19709.05,27000,71.62,United States,--,USD,13.04,6.2,1,2049-09-15,3.88,13.26,,6.2,13.26,6.2,USD,2019-09-10,2019-09-10
MARVELL TECHNOLOGY INC,Corporates,Fixed Income,19699.67,0.03323,19699.67,20000,97.06,United States,--,USD,7.35,5.7,1,2036-04-15,5.3,7.37,,5.7,7.37,5.7,USD,2026-04-15,2026-04-15
EDISON INTERNATIONAL,Corporates,Fixed Income,19703.34,0.03323,19703.34,20000,96.56,United States,--,USD,4.02,5.65,1,2031-03-15,4.8,4.01,,5.65,4.01,5.65,USD,2026-02-26,2026-02-26
WESTLAKE CORP,Corporates,Fixed Income,19684.87,0.0332,19684.87,20000,97.38,United States,--,USD,7.07,5.92,1,2035-11-15,5.55,7.08,,5.92,7.08,5.92,USD,2025-11-06,2025-11-06
KROGER CO,Corporates,Fixed Income,19685.31,0.0332,19685.31,20000,96.65,United States,--,USD,6.43,5.52,1,2034-09-15,5.0,6.46,,5.52,6.46,5.52,USD,2024-08-27,2024-08-27
CAMPBELLS CO,Corporates,Fixed Income,19686.21,0.0332,19686.21,20000,96.6,United States,--,USD,6.03,5.96,1,2034-03-21,5.4,6.05,,5.96,6.05,5.96,USD,2024-03-21,2024-03-21
CHENIERE ENERGY INC 144A,Corporates,Fixed Income,19675.14,0.03319,19675.14,20000,96.58,United States,--,USD,7.47,5.65,1,2036-07-30,5.2,7.53,,5.65,7.53,5.65,USD,2026-03-19,2026-03-19
EXPEDIA GROUP INC,Corporates,Fixed Income,19670.35,0.03318,19670.35,20000,96.78,United States,--,USD,7.28,5.94,1,2036-04-15,5.5,7.29,,5.94,7.29,5.94,USD,2026-04-10,2026-04-10
NATIONAL GRID PLC,Corporates,Fixed Income,19647.76,0.03314,19647.76,20000,97.58,United Kingdom,--,USD,7.47,5.73,1,2036-06-09,5.41,7.49,,5.73,7.49,5.73,USD,2026-06-09,2026-06-09
INTEL CORPORATION,Corporates,Fixed Income,19642.09,0.03313,19642.09,20000,96.99,United States,--,USD,7.41,5.7,1,2036-05-15,5.3,7.43,,5.7,7.43,5.7,USD,2026-04-30,2026-04-30
ARES STRATEGIC INCOME FUND,Corporates,Fixed Income,19581.93,0.03303,19581.93,20000,97.8,United States,--,USD,2.3,5.81,1,2029-01-15,4.85,2.29,,5.81,2.29,5.81,USD,2026-01-15,2026-05-28
NATIONAL FUEL GAS COMPANY,Corporates,Fixed Income,19576.45,0.03302,19576.45,20000,97.23,United States,--,USD,7.4,5.88,1,2036-05-15,5.5,7.41,,5.88,7.41,5.88,USD,2026-06-10,2026-06-10
HUBBELL INCORPORATED,Corporates,Fixed Income,19565.36,0.033,19565.36,20000,97.18,United States,--,USD,7.56,5.52,1,2036-06-15,5.15,7.58,,5.52,7.58,5.52,USD,2026-06-08,2026-06-08
T-MOBILE USA INC,Corporates,Fixed Income,19559.12,0.03299,19559.12,20000,95.14,United States,--,USD,7.24,5.66,1,2036-02-15,5.0,7.25,,5.66,7.25,5.66,USD,2026-01-12,2026-01-12
ENERGY TRANSFER LP,Corporates,Fixed Income,19560.59,0.03299,19560.59,20000,95.87,United States,--,USD,12.54,6.52,1,2055-04-01,6.2,12.77,,6.52,12.77,6.52,USD,2025-03-04,2025-03-04
ARCELORMITTAL SA,Corporates,Fixed Income,19561.99,0.03299,19561.99,20000,96.85,Luxembourg,--,USD,7.42,5.8,1,2036-05-19,5.38,7.43,,5.8,7.43,5.8,USD,2026-05-19,2026-05-19
MSCI INC,Corporates,Fixed Income,19544.55,0.03296,19544.55,20000,95.65,United States,--,USD,6.95,5.87,1,2035-09-01,5.25,6.95,,5.87,6.95,5.87,USD,2025-08-08,2025-08-08
MOODYS CORPORATION,Corporates,Fixed Income,19534.24,0.03295,19534.24,20000,95.72,United States,--,USD,5.1,5.08,1,2032-08-08,4.25,5.14,,5.08,5.14,5.08,USD,2022-08-08,2022-08-08
WESTERN MIDSTREAM OPERATING LP,Corporates,Fixed Income,19516.22,0.03292,19516.22,20000,97.0,United States,--,USD,7.16,5.92,1,2035-12-15,5.5,7.17,,5.92,7.17,5.92,USD,2025-12-04,2025-12-04
JBS NV,Corporates,Fixed Income,19517.26,0.03292,19517.26,20000,94.97,United States,--,USD,12.15,6.78,1,2055-02-25,6.38,12.36,,6.78,12.36,6.78,USD,2025-08-25,2026-01-12
DOW CHEMICAL CO,Corporates,Fixed Income,19463.68,0.03283,19463.68,15000,127.98,United States,--,USD,7.97,6.2,1,2039-05-15,9.4,7.97,,6.2,7.97,6.2,USD,2009-05-13,2009-05-13
REGENERON PHARMACEUTICALS INC.,Corporates,Fixed Income,19439.13,0.03279,19439.13,22000,87.74,United States,--,USD,3.89,5.07,1,2030-09-15,1.75,3.88,,5.07,3.88,5.07,USD,2020-08-12,2020-08-12
BROWN & BROWN INC,Corporates,Fixed Income,19427.35,0.03277,19427.35,20000,96.62,United States,--,USD,12.74,6.51,1,2055-06-23,6.25,12.98,,6.51,12.98,6.51,USD,2025-06-23,2025-06-23
HEWLETT PACKARD ENTERPRISE CO,Corporates,Fixed Income,19429.25,0.03277,19429.25,20000,95.79,United States,--,USD,6.51,5.65,1,2034-10-15,5.0,6.53,,5.65,6.53,5.65,USD,2024-09-26,2024-09-26
ROPER TECHNOLOGIES INC,Corporates,Fixed Income,19429.98,0.03277,19429.98,20000,95.34,United States,--,USD,7.02,5.76,1,2035-09-15,5.1,7.03,,5.76,7.03,5.76,USD,2025-08-12,2025-08-12
BLACKSTONE PRIVATE CREDIT FUND,Corporates,Fixed Income,19431.69,0.03277,19431.69,20000,95.29,United States,--,USD,3.61,6.36,1,2030-09-10,5.05,3.58,,6.36,3.58,6.36,USD,2025-09-10,2025-09-10
TD SYNNEX CORP,Corporates,Fixed Income,19404.01,0.03273,19404.01,20000,95.5,United States,--,USD,7.03,5.94,1,2035-10-10,5.3,7.04,,5.94,7.04,5.94,USD,2025-10-10,2025-10-10
KRAFT HEINZ FOODS CO,Corporates,Fixed Income,19397.21,0.03272,19397.21,20000,95.82,United States,--,USD,3.32,5.0,1,2030-04-01,3.75,3.35,,5.0,3.35,5.0,USD,2020-10-01,2021-01-19
BLACKSTONE SECURED LENDING FUND,Corporates,Fixed Income,19392.26,0.03271,19392.26,20000,96.62,United States,--,USD,3.5,6.28,1,2030-06-30,5.3,3.48,,6.28,3.48,6.28,USD,2025-03-04,2025-03-04
COLUMBIA PIPELINE GROUP INC,Corporates,Fixed Income,19386.88,0.0327,19386.88,20000,96.1,United States,--,USD,10.94,6.15,1,2045-06-01,5.8,11.11,,6.15,11.11,6.15,USD,2015-12-01,2016-05-12
BUNGE FINANCE LTD CORP,Corporates,Fixed Income,19375.14,0.03268,19375.14,20000,95.25,United States,--,USD,6.52,5.38,1,2034-09-17,4.65,6.55,,5.38,6.55,5.38,USD,2024-09-17,2024-09-17
AT&T INC,Corporates,Fixed Income,19370.38,0.03267,19370.38,20000,95.64,United States,--,USD,7.68,5.82,1,2036-10-30,5.25,7.69,,5.82,7.69,5.82,USD,2026-04-30,2026-04-30
LOWES COMPANIES INC,Corporates,Fixed Income,19337.23,0.03262,19337.23,20000,95.37,United States,--,USD,7.18,5.5,1,2035-10-15,4.85,7.2,,5.5,7.2,5.5,USD,2025-09-30,2025-09-30
L3HARRIS TECHNOLOGIES INC,Corporates,Fixed Income,19311.66,0.03257,19311.66,20000,93.87,United States,--,USD,12.79,6.06,1,2053-07-31,5.6,13.05,,6.06,13.05,6.06,USD,2023-07-31,2023-07-31
CONSTELLATION BRANDS INC,Corporates,Fixed Income,19304.9,0.03256,19304.9,20000,95.02,United States,--,USD,2.78,4.94,1,2029-08-01,3.15,2.79,,4.94,2.79,4.94,USD,2019-07-29,2019-07-29
KEURIG DR PEPPER INC,Corporates,Fixed Income,19292.52,0.03254,19292.52,30000,63.12,United States,--,USD,13.78,6.32,1,2051-03-15,3.35,13.99,,6.32,13.99,6.32,USD,2021-03-15,2021-03-15
UBER TECHNOLOGIES INC,Corporates,Fixed Income,19269.09,0.0325,19269.09,20000,94.64,United States,--,USD,7.11,5.55,1,2035-09-15,4.8,7.12,,5.55,7.12,5.55,USD,2025-09-11,2025-09-11
CORNING INC,Corporates,Fixed Income,19263.3,0.03249,19263.3,25000,76.23,United States,--,USD,14.43,6.08,1,2057-11-15,4.38,14.7,,6.08,14.7,6.08,USD,2017-11-13,2017-11-13
MSCI INC,Corporates,Fixed Income,19259.48,0.03248,19259.48,20000,94.47,United States,--,USD,7.29,5.91,1,2036-03-15,5.15,7.3,,5.91,7.3,5.91,USD,2025-11-06,2025-11-06
SYSCO CORPORATION,Corporates,Fixed Income,19245.28,0.03246,19245.28,20000,94.03,United States,--,USD,7.34,5.76,1,2036-03-25,4.95,7.35,,5.76,7.35,5.76,USD,2026-02-13,2026-02-13
GE HEALTHCARE TECHNOLOGIES INC,Corporates,Fixed Income,19216.81,0.03241,19216.81,20000,95.56,United States,--,USD,7.32,5.56,1,2035-12-15,4.95,7.33,,5.56,7.33,5.56,USD,2025-12-15,2025-12-15
EXELON GENERATION CO LLC,Corporates,Fixed Income,19217.67,0.03241,19217.67,20000,95.5,United States,--,USD,10.11,6.04,1,2042-06-15,5.6,10.22,,6.04,10.22,6.04,USD,2012-12-15,2013-02-12
HCA INC,Corporates,Fixed Income,19186.33,0.03236,19186.33,20000,94.03,United States,--,USD,13.59,6.53,1,2064-04-01,6.1,13.82,,6.53,13.82,6.53,USD,2024-02-23,2024-02-23
MARRIOTT INTERNATIONAL INC,Corporates,Fixed Income,19179.79,0.03235,19179.79,20000,93.73,United States,--,USD,8.43,5.84,1,2038-05-01,5.1,8.45,,5.84,8.45,5.84,USD,2026-02-20,2026-02-20
INTEL CORPORATION,Corporates,Fixed Income,19175.01,0.03234,19175.01,20000,93.33,United States,--,USD,10.05,6.28,1,2043-02-10,5.63,10.16,,6.28,10.16,6.28,USD,2023-02-10,2023-02-10
EXPEDIA GROUP INC,Corporates,Fixed Income,19100.04,0.03222,19100.04,20000,94.07,United States,--,USD,3.24,5.09,1,2030-02-15,3.25,3.25,,5.09,3.25,5.09,USD,2020-02-15,2020-03-23
OTIS WORLDWIDE CORP,Corporates,Fixed Income,19051.8,0.03213,19051.8,25000,74.84,United States,--,USD,10.18,5.82,1,2040-02-15,3.11,10.21,,5.82,10.21,5.82,USD,2020-08-15,2020-09-04
TAKE TWO INTERACTIVE SOFTWARE INC,Corporates,Fixed Income,19043.73,0.03212,19043.73,20000,94.12,United States,--,USD,4.94,5.2,1,2032-04-14,4.0,4.97,,5.2,4.97,5.2,USD,2022-04-14,2022-04-14
MCDONALDS CORPORATION MTN,Corporates,Fixed Income,19002.48,0.03205,19002.48,20000,93.98,United States,--,USD,2.9,4.73,1,2029-09-01,2.63,2.9,,4.73,2.9,4.73,USD,2019-08-12,2019-08-12
JBS NV,Corporates,Fixed Income,18953.04,0.03197,18953.04,20000,93.03,United States,--,USD,13.21,6.89,1,2066-04-15,6.38,13.42,,6.89,13.42,6.89,USD,2025-07-03,2026-01-12
ALEXANDRIA REAL ESTATE EQUITIES IN,Corporates,Fixed Income,18891.46,0.03186,18891.46,20000,93.16,United States,--,USD,6.88,5.76,1,2035-04-15,4.75,6.89,,5.76,6.89,5.76,USD,2023-02-16,2023-02-16
BAXTER INTERNATIONAL INC,Corporates,Fixed Income,18810.13,0.03173,18810.13,20000,93.72,United States,--,USD,2.27,5.1,1,2028-12-01,2.27,2.26,,5.1,2.26,5.1,USD,2022-06-01,2022-06-10
VERIZON COMMUNICATIONS INC,Corporates,Fixed Income,18772.8,0.03166,18772.8,20000,93.02,United States,--,USD,10.99,6.38,1,2045-11-30,5.75,11.17,,6.38,11.17,6.38,USD,2025-11-24,2025-11-24
DOMINION ENERGY INC,Corporates,Fixed Income,18732.55,0.0316,18732.55,25000,74.03,United States,--,USD,10.69,5.98,1,2041-04-15,3.3,10.74,,5.98,10.74,5.98,USD,2021-04-05,2021-04-05
BOSTON PROPERTIES LP,Corporates,Fixed Income,18706.06,0.03155,18706.06,20000,92.5,United States,--,USD,3.35,5.18,1,2030-03-15,2.9,3.35,,5.18,3.35,5.18,USD,2019-09-03,2019-09-03
SEMPRA,Corporates,Fixed Income,18620.48,0.03141,18620.48,25000,72.57,United States,--,USD,12.35,6.36,1,2048-02-01,4.0,12.54,,6.36,12.54,6.36,USD,2018-01-12,2018-01-12
CAMPBELLS CO,Corporates,Fixed Income,18614.72,0.0314,18614.72,20000,91.49,United States,--,USD,6.8,6.02,1,2035-03-23,4.75,6.8,,6.02,6.8,6.02,USD,2024-10-02,2024-10-02
DELL INTERNATIONAL LLC,Corporates,Fixed Income,18528.29,0.03125,18528.29,15000,123.34,United States,--,USD,10.44,6.28,1,2046-07-15,8.35,10.65,,6.26,10.52,6.26,USD,2021-01-15,2021-06-15
APA CORP (US),Corporates,Fixed Income,18479.09,0.03117,18479.09,20000,90.38,United States,--,USD,9.43,6.13,1,2040-09-01,5.1,9.49,,6.13,9.49,6.13,USD,2025-09-01,2025-09-16
AETNA INC,Corporates,Fixed Income,18461.23,0.03114,18461.23,25000,72.14,United States,--,USD,12.38,6.28,1,2047-08-15,3.88,12.58,,6.28,12.58,6.28,USD,2017-08-10,2017-08-10
PHILLIPS 66 CO,Corporates,Fixed Income,18439.08,0.0311,18439.08,20000,90.24,United States,--,USD,13.07,6.23,1,2055-03-15,5.5,13.32,,6.23,13.32,6.23,USD,2024-09-11,2024-09-11
DOMINION RESOURCES INC,Corporates,Fixed Income,18435.23,0.03109,18435.23,20000,89.84,United States,--,USD,9.88,5.93,1,2041-08-01,4.9,9.97,,5.93,9.97,5.93,USD,2011-08-05,2011-08-05
JBS USA LUX SA,Corporates,Fixed Income,18336.26,0.03093,18336.26,20000,91.6,Brazil,--,USD,4.61,5.42,1,2032-01-15,3.63,4.86,,5.42,4.86,5.42,USD,2023-07-15,2023-08-21
ONEOK INC,Corporates,Fixed Income,18331.29,0.03092,18331.29,20000,90.32,United States,--,USD,13.78,6.54,1,2064-11-01,5.85,14.01,,6.54,14.01,6.54,USD,2024-09-24,2024-09-24
INTEL CORPORATION,Corporates,Fixed Income,18270.87,0.03082,18270.87,20000,88.99,United States,--,USD,12.59,6.46,1,2054-02-21,5.6,12.82,,6.46,12.82,6.46,USD,2024-02-21,2024-02-21
RAYTHEON TECHNOLOGIES CORPORATION,Corporates,Fixed Income,18176.35,0.03066,18176.35,20000,90.74,United States,--,USD,3.69,4.86,1,2030-07-01,2.25,3.69,,4.86,3.69,4.86,USD,2020-05-18,2020-05-18
AT&T INC,Corporates,Fixed Income,18162.29,0.03063,18162.29,20000,89.55,United States,--,USD,10.95,6.51,1,2045-11-01,5.55,11.11,,6.51,11.11,6.51,USD,2025-09-24,2025-09-24
KONINKLIJKE PHILIPS ELECTRONICS NV,Corporates,Fixed Income,18128.35,0.03058,18128.35,20000,88.86,Netherlands,--,USD,10.15,6.12,1,2042-03-15,5.0,10.19,,6.12,10.19,6.12,USD,2012-03-09,2012-03-09
VULCAN MATERIALS COMPANY,Corporates,Fixed Income,18098.75,0.03053,18098.75,19000,94.75,United States,--,USD,3.51,5.01,1,2030-06-01,3.5,3.53,,5.01,3.53,5.01,USD,2020-05-18,2020-05-18
TELUS CORPORATION,Corporates,Fixed Income,18055.16,0.03045,18055.16,20000,89.61,Canada,--,USD,5.11,5.51,1,2032-05-13,3.4,5.11,,5.51,5.11,5.51,USD,2022-02-28,2022-02-28
CI FINANCIAL CORP,Government Related,Fixed Income,18056.28,0.03045,18056.28,20000,89.96,Canada,--,USD,4.01,5.82,1,2030-12-17,3.2,3.99,,5.82,3.99,5.82,USD,2020-12-17,2020-12-17
ESSENTIAL UTILITIES INC,Corporates,Fixed Income,17983.3,0.03033,17983.3,20000,88.71,United States,--,USD,12.8,6.18,1,2052-05-01,5.3,13.04,,6.18,13.04,6.18,USD,2022-05-20,2022-05-20
LYB INTERNATIONAL FINANCE III LLC,Corporates,Fixed Income,17974.42,0.03032,17974.42,25000,70.75,United States,--,USD,12.54,6.7,1,2049-10-15,4.2,12.72,,6.7,12.72,6.7,USD,2019-10-10,2019-10-10
KYNDRYL HOLDINGS INC,Corporates,Fixed Income,17977.83,0.03032,17977.83,18000,99.32,United States,--,USD,0.23,5.05,1,2026-10-15,2.05,0.22,,5.05,0.22,5.05,USD,2022-04-15,2022-09-23
ARES MANAGEMENT CORP,Corporates,Fixed Income,17874.82,0.03015,17874.82,20000,87.79,United States,--,USD,12.72,6.55,1,2054-10-11,5.6,12.94,,6.55,12.94,6.55,USD,2024-10-11,2024-10-11
GLOBAL PAYMENTS INC,Corporates,Fixed Income,17575.97,0.02964,17575.97,20000,87.33,United States,--,USD,4.79,5.7,1,2031-11-15,2.9,4.76,,5.7,4.76,5.7,USD,2021-11-22,2021-11-22
VERIZON COMMUNICATIONS INC,Corporates,Fixed Income,17557.57,0.02961,17557.57,20000,87.4,United States,--,USD,4.02,4.99,1,2030-10-30,1.68,4.01,,4.99,4.01,4.99,USD,2021-04-30,2021-05-03
OGLETHORPE POWER CORPORATION,Corporates,Fixed Income,17511.34,0.02954,17511.34,20000,85.99,United States,--,USD,12.04,6.22,1,2048-10-01,5.05,12.26,,6.22,12.26,6.22,USD,2019-04-01,2019-05-09
AVERY DENNISON CORPORATION,Corporates,Fixed Income,17412.77,0.02937,17412.77,20000,86.08,United States,--,USD,5.06,5.16,1,2032-02-15,2.25,5.04,,5.16,5.04,5.16,USD,2021-08-18,2021-08-18
BAXTER INTERNATIONAL INC,Corporates,Fixed Income,17289.72,0.02916,17289.72,30000,57.18,United States,--,USD,14.06,6.65,1,2051-12-01,3.13,14.24,,6.65,14.24,6.65,USD,2022-06-01,2022-06-10
OTIS WORLDWIDE CORP,Corporates,Fixed Income,17234.85,0.02907,17234.85,25000,67.46,United States,--,USD,13.73,5.95,1,2050-02-15,3.36,13.95,,5.95,13.95,5.95,USD,2020-08-15,2020-09-04
INTEL CORPORATION,Corporates,Fixed Income,17185.41,0.02899,17185.41,25000,67.49,United States,--,USD,11.07,6.14,1,2041-08-12,2.8,11.11,,6.14,11.11,6.14,USD,2021-08-12,2021-08-12
WILLIAMS COMPANIES INC,Corporates,Fixed Income,17140.21,0.02891,17140.21,20000,85.59,United States,--,USD,11.29,6.22,1,2045-01-15,4.9,11.44,,6.22,11.44,6.22,USD,2014-06-27,2014-06-27
ALTRIA GROUP INC,Corporates,Fixed Income,17099.91,0.02884,17099.91,25000,66.52,United States,--,USD,14.43,6.42,1,2061-02-04,4.0,14.66,,6.42,14.66,6.42,USD,2021-02-04,2021-02-04
BECTON DICKINSON AND COMPANY,Corporates,Fixed Income,17093.82,0.02883,17093.82,20000,84.97,United States,--,USD,11.39,6.05,1,2044-12-15,4.68,11.55,,6.05,11.55,6.05,USD,2014-12-15,2014-12-15
CONAGRA BRANDS INC,Corporates,Fixed Income,17094.16,0.02883,17094.16,20000,84.24,United States,--,USD,11.6,6.78,1,2048-11-01,5.4,11.79,,6.78,11.79,6.78,USD,2018-10-22,2018-10-22
DUKE ENERGY CORP,Corporates,Fixed Income,17043.6,0.02875,17043.6,20000,84.71,United States,--,USD,11.59,6.16,1,2045-12-15,4.8,11.77,,6.16,11.77,6.16,USD,2015-11-19,2015-11-19
STARBUCKS CORPORATION,Corporates,Fixed Income,17010.09,0.02869,17010.09,21000,79.05,United States,--,USD,12.57,6.16,1,2049-08-15,4.45,12.79,,6.16,12.79,6.16,USD,2019-05-13,2019-05-13
T-MOBILE USA INC,Corporates,Fixed Income,16983.23,0.02864,16983.23,20000,84.36,United States,--,USD,13.23,6.45,1,2055-06-15,5.25,13.47,,6.45,13.47,6.45,USD,2024-09-26,2024-09-26
GENERAL MILLS INC,Corporates,Fixed Income,16927.8,0.02855,16927.8,27000,61.26,United States,--,USD,14.26,6.05,1,2051-02-01,3.0,14.48,,6.05,14.48,6.05,USD,2021-08-01,2021-12-20
AETNA INC,Corporates,Fixed Income,16888.3,0.02848,16888.3,20000,83.59,United States,--,USD,10.49,6.14,1,2042-05-15,4.5,10.58,,6.14,10.58,6.14,USD,2012-05-04,2012-05-04
CIGNA GROUP,Corporates,Fixed Income,16826.55,0.02838,16826.55,25000,66.1,United States,--,USD,13.63,6.13,1,2050-03-15,3.4,13.85,,6.13,13.85,6.13,USD,2020-03-16,2020-03-16
AGL CAPITAL CORPORATION,Corporates,Fixed Income,16761.49,0.02827,16761.49,20000,83.17,United States,--,USD,11.01,6.0,1,2043-06-01,4.4,11.12,,6.0,11.12,6.0,USD,2013-05-16,2013-05-16
HCA INC,Corporates,Fixed Income,16728.93,0.02822,16728.93,20000,82.09,United States,--,USD,10.38,6.18,1,2042-03-15,4.38,10.46,,6.18,10.46,6.18,USD,2023-03-15,2023-08-07
VODAFONE GROUP PLC,Corporates,Fixed Income,16523.16,0.02787,16523.16,20000,80.74,United Kingdom,--,USD,10.71,6.26,1,2043-02-19,4.38,10.76,,6.26,10.76,6.26,USD,2013-02-19,2013-02-19
HALLIBURTON COMPANY,Corporates,Fixed Income,16511.79,0.02785,16511.79,15000,107.7,United States,--,USD,8.23,5.81,1,2038-09-15,6.7,8.22,,5.81,8.22,5.81,USD,2008-09-12,2008-09-12
KRAFT HEINZ FOODS CO,Corporates,Fixed Income,16488.76,0.02781,16488.76,15000,106.54,United States,--,USD,8.22,6.12,1,2039-01-26,6.88,8.2,,6.12,8.2,6.12,USD,2012-07-26,2013-01-14
SHERWIN-WILLIAMS COMPANY (THE),Corporates,Fixed Income,16464.89,0.02777,16464.89,25000,65.24,United States,--,USD,13.93,6.08,1,2050-05-15,3.3,14.15,,6.08,14.15,6.08,USD,2020-03-17,2020-03-17
NASDAQ INC,Corporates,Fixed Income,16417.51,0.02769,16417.51,25000,64.9,United States,--,USD,13.95,6.05,1,2050-04-28,3.25,14.17,,6.05,14.17,6.05,USD,2020-04-28,2020-04-28
SUNCOR ENERGY INC.,Corporates,Fixed Income,16366.56,0.0276,16366.56,15000,108.12,Canada,--,USD,8.59,5.94,1,2039-06-01,6.85,8.59,,5.94,8.59,5.94,USD,2008-06-06,2008-06-06
ORACLE CORPORATION,Corporates,Fixed Income,16320.23,0.02753,16320.23,20000,80.86,United States,--,USD,7.1,6.82,1,2035-05-15,3.9,7.06,,6.82,7.06,6.82,USD,2015-05-05,2015-05-05
NORFOLK SOUTHERN CORPORATION,Corporates,Fixed Income,16188.2,0.0273,16188.2,20000,79.71,United States,--,USD,10.93,5.91,1,2042-10-01,3.95,11.03,,5.91,11.03,5.91,USD,2012-09-07,2012-09-07
BAT CAPITAL CORP,Corporates,Fixed Income,16156.47,0.02725,16156.47,15000,104.7,United Kingdom,--,USD,3.36,5.04,1,2030-08-02,6.34,3.44,,4.99,3.31,4.99,USD,2023-08-02,2023-08-02
ARIZONA PUBLIC SERVICE CO,Corporates,Fixed Income,16048.06,0.02707,16048.06,20000,79.42,United States,--,USD,11.76,6.19,1,2045-11-15,4.35,11.93,,6.19,11.93,6.19,USD,2015-11-06,2015-11-06
J M SMUCKER CO,Corporates,Fixed Income,15917.24,0.02685,15917.24,15000,104.89,United States,--,USD,12.62,6.13,1,2053-11-15,6.5,12.88,,6.13,12.79,6.13,USD,2023-10-25,2023-10-25
HEALTHPEAK OP LLC,Corporates,Fixed Income,15912.49,0.02684,15912.49,17000,93.54,United States,--,USD,3.23,5.05,1,2030-01-15,3.0,3.24,,5.05,3.24,5.05,USD,2019-11-21,2019-11-21
FORTIVE CORP,Corporates,Fixed Income,15891.3,0.0268,15891.3,20000,79.0,United States,--,USD,12.04,6.14,1,2046-06-15,4.3,12.23,,6.14,12.23,6.14,USD,2017-06-15,2017-06-15
J M SMUCKER CO,Corporates,Fixed Income,15822.77,0.02669,15822.77,15000,104.26,United States,--,USD,10.19,6.1,1,2043-11-15,6.5,10.34,,6.09,10.18,6.09,USD,2023-10-25,2023-10-25
DOW CHEMICAL CO,Corporates,Fixed Income,15794.11,0.02664,15794.11,20000,78.06,United States,--,USD,12.13,6.69,1,2049-05-15,4.8,12.32,,6.69,12.32,6.69,USD,2019-11-15,2019-11-18
GENERAL MOTORS FINANCIAL COMPANY I,Corporates,Fixed Income,15767.29,0.02659,15767.29,15000,104.87,United States,--,USD,5.2,5.49,1,2033-01-09,6.4,5.26,,5.47,5.1,5.47,USD,2023-01-09,2023-01-09
COREBRIDGE FINANCIAL INC,Corporates,Fixed Income,15753.86,0.02657,15753.86,15000,102.89,United States,--,USD,5.59,5.56,1,2033-09-15,6.05,5.65,,5.54,5.49,5.54,USD,2024-03-15,2024-08-12
LAS VEGAS SANDS CORP,Corporates,Fixed Income,15701.47,0.02648,15701.47,15000,102.04,United States,--,USD,2.68,5.27,1,2029-08-15,6.0,2.7,,5.25,2.63,5.25,USD,2024-05-16,2024-05-16
ATHENE HOLDING LTD,Corporates,Fixed Income,15691.21,0.02647,15691.21,15000,102.73,United States,--,USD,3.11,5.32,1,2030-04-03,6.15,3.22,,5.27,3.02,5.27,USD,2020-04-03,2020-04-03
LYB INTERNATIONAL FINANCE III LLC,Corporates,Fixed Income,15641.32,0.02638,15641.32,25000,61.38,United States,--,USD,14.35,6.69,1,2060-10-01,3.8,14.56,,6.69,14.56,6.69,USD,2020-10-08,2020-10-08
TARGA RESOURCES CORP,Corporates,Fixed Income,15622.31,0.02635,15622.31,15000,101.3,United States,--,USD,12.08,6.4,1,2053-02-15,6.5,12.31,,6.4,12.22,6.4,USD,2023-01-09,2023-01-09
OWENS CORNING,Corporates,Fixed Income,15603.8,0.02632,15603.8,20000,77.92,United States,--,USD,12.37,6.19,1,2047-07-15,4.3,12.59,,6.19,12.59,6.19,USD,2017-06-26,2017-06-26
DOW CHEMICAL CO,Corporates,Fixed Income,15598.96,0.02631,15598.96,15000,102.69,United States,--,USD,11.95,6.68,1,2053-05-15,6.9,12.17,,6.68,12.09,6.68,USD,2022-10-26,2022-10-26
APA CORP (US),Corporates,Fixed Income,15568.12,0.02626,15568.12,15000,100.82,United States,--,USD,12.07,6.68,1,2055-02-15,6.75,12.29,,6.68,12.22,6.68,USD,2025-08-15,2025-09-18
AMERICAN TOWER CORPORATION,Corporates,Fixed Income,15531.43,0.0262,15531.43,15000,101.53,United States,--,USD,5.33,5.37,1,2033-03-15,5.65,5.39,,5.36,5.22,5.36,USD,2023-03-03,2023-03-03
MAPLE PARENT HOLDINGS CORP 144A,Corporates,Fixed Income,15533.63,0.0262,15533.63,15000,101.4,United States,--,USD,12.52,6.52,1,2056-03-26,6.63,12.75,,6.52,12.68,6.52,USD,2026-03-26,2026-03-26
INGERSOLL RAND INC,Corporates,Fixed Income,15535.41,0.0262,15535.41,15000,101.18,United States,--,USD,1.85,4.79,1,2028-08-14,5.4,1.89,,4.76,1.81,4.76,USD,2023-08-14,2023-08-14
ALTRIA GROUP INC,Corporates,Fixed Income,15506.96,0.02615,15506.96,15000,100.77,United States,--,USD,6.51,5.51,1,2035-02-06,5.63,6.55,,5.51,6.39,5.51,USD,2025-02-06,2025-02-06
BERRY GLOBAL INC,Corporates,Fixed Income,15494.86,0.02613,15494.86,15000,102.69,United States,--,USD,4.16,5.17,1,2031-06-15,5.8,4.21,,5.15,4.08,5.15,USD,2024-12-15,2025-02-13
WOODSIDE FINANCE LTD,Corporates,Fixed Income,15445.36,0.02605,15445.36,15000,101.96,Australia,--,USD,4.83,5.34,1,2032-05-19,5.7,4.87,,5.33,4.75,5.33,USD,2025-05-19,2025-05-19
TRANSCANADA PIPELINES LTD,Corporates,Fixed Income,15407.55,0.02599,15407.55,15000,101.84,Canada,--,USD,9.22,5.9,1,2040-06-01,6.1,9.24,,5.9,9.24,5.9,USD,2010-06-01,2010-06-01
LKQ CORP,Corporates,Fixed Income,15403.61,0.02598,15403.61,15000,102.03,United States,--,USD,5.48,5.89,1,2033-06-15,6.25,5.52,,5.88,5.36,5.88,USD,2023-05-24,2023-10-20
BERRY GLOBAL INC,Corporates,Fixed Income,15399.31,0.02597,15399.31,15000,101.16,United States,--,USD,1.58,4.78,1,2028-04-15,5.5,1.61,,4.75,1.54,4.75,USD,2023-10-15,2024-02-27
OCCIDENTAL PETROLEUM CORPORATION,Corporates,Fixed Income,15391.24,0.02596,15391.24,15000,100.4,United States,--,USD,8.93,6.15,1,2040-03-15,6.2,8.94,,6.15,8.94,6.15,USD,2019-09-15,2019-09-18
ENERGY TRANSFER LP,Corporates,Fixed Income,15378.52,0.02594,15378.52,15000,100.31,United States,--,USD,6.27,5.55,1,2034-09-01,5.6,6.31,,5.55,6.15,5.55,USD,2024-06-21,2024-06-21
SYSCO CORPORATION,Corporates,Fixed Income,15370.02,0.02592,15370.02,25000,61.14,United States,--,USD,14.43,6.21,1,2051-12-14,3.15,14.65,,6.21,14.65,6.21,USD,2021-12-14,2021-12-14
ZOETIS INC,Corporates,Fixed Income,15336.02,0.02587,15336.02,17000,89.83,United States,--,USD,3.58,4.96,1,2030-05-15,2.0,3.58,,4.96,3.58,4.96,USD,2020-05-12,2020-05-12
CENTERPOINT ENERGY INC,Corporates,Fixed Income,15328.71,0.02585,15328.71,15000,101.41,United States,--,USD,2.57,4.86,1,2029-06-01,5.4,2.6,,4.85,2.53,4.85,USD,2024-05-10,2024-05-10
SEMPRA,Corporates,Fixed Income,15305.59,0.02582,15305.59,15000,100.4,United States,--,USD,8.91,5.95,1,2039-10-15,6.0,8.91,,5.95,8.91,5.95,USD,2009-10-08,2009-10-08
ENBRIDGE INC,Corporates,Fixed Income,15301.16,0.02581,15301.16,15000,100.43,Canada,--,USD,0.62,4.6,1,2027-04-05,5.25,0.67,,4.53,0.59,4.53,USD,2024-04-05,2024-04-05
MCDONALDS CORPORATION MTN,Corporates,Fixed Income,15301.23,0.02581,15301.23,20000,75.68,United States,--,USD,11.45,5.93,1,2043-05-01,3.63,11.52,,5.93,11.52,5.93,USD,2013-05-06,2013-05-06
AMCOR FLEXIBLES NORTH AMERICA INC,Corporates,Fixed Income,15294.99,0.0258,15294.99,15000,100.18,United States,--,USD,3.22,5.04,1,2030-03-17,5.1,3.24,,5.04,3.17,5.04,USD,2025-03-17,2025-08-22
SOUTH BOW USA INFRASTRUCTURE HOLDI,Corporates,Fixed Income,15297.1,0.0258,15297.1,15000,100.04,Canada,--,USD,1.02,4.87,1,2027-09-01,4.91,1.04,,4.87,1.04,4.87,USD,2025-03-01,2025-08-08
ARCELORMITTAL SA,Corporates,Fixed Income,15259.59,0.02574,15259.59,15000,101.1,Luxembourg,--,USD,12.74,6.27,1,2054-06-17,6.35,12.99,,6.27,12.9,6.27,USD,2024-06-17,2024-06-17
NUTRIEN LTD,Corporates,Fixed Income,15262.13,0.02574,15262.13,15000,100.17,Canada,--,USD,1.53,4.79,1,2028-03-27,4.9,1.57,,4.79,1.49,4.79,USD,2023-03-27,2023-03-27
HF SINCLAIR CORP,Corporates,Fixed Income,15254.08,0.02573,15254.08,15000,101.57,United States,--,USD,3.9,5.35,1,2031-01-15,5.75,3.91,,5.35,3.84,5.35,USD,2025-01-23,2025-01-23
DOLLAR GENERAL CORP,Corporates,Fixed Income,15241.55,0.02571,15241.55,20000,74.95,United States,--,USD,13.06,6.15,1,2050-04-03,4.13,13.28,,6.15,13.28,6.15,USD,2020-04-03,2020-04-03
AMRIZE FINANCE US LLC,Corporates,Fixed Income,15192.22,0.02562,15192.22,15000,99.9,United States,--,USD,1.57,4.76,1,2028-04-07,4.7,1.6,,4.76,1.6,4.76,USD,2025-10-07,2025-12-19
GENERAL MOTORS FINANCIAL COMPANY I,Corporates,Fixed Income,15176.81,0.0256,15176.81,15000,100.92,United States,--,USD,6.55,5.76,1,2035-01-07,5.9,6.58,,5.76,6.43,5.76,USD,2025-01-07,2025-01-07
SOUTHWEST AIRLINES CO,Corporates,Fixed Income,15158.21,0.02557,15158.21,15000,100.51,United States,--,USD,0.76,4.53,1,2027-06-15,5.13,0.86,,4.4,0.7,4.4,USD,2020-06-08,2020-06-08
HEWLETT PACKARD ENTERPRISE CO,Corporates,Fixed Income,15160.46,0.02557,15160.46,15000,99.63,United States,--,USD,1.11,4.73,1,2027-09-25,4.4,1.11,,4.73,1.11,4.73,USD,2024-09-26,2024-09-26
EQUIFAX INC,Corporates,Fixed Income,15152.82,0.02556,15152.82,15000,100.28,United States,--,USD,1.71,4.94,1,2028-06-01,5.1,1.74,,4.93,1.66,4.93,USD,2023-05-16,2023-05-16
HCA INC,Corporates,Fixed Income,15137.13,0.02553,15137.13,15000,98.98,United States,--,USD,6.34,5.61,1,2034-09-15,5.45,6.37,,5.61,6.37,5.61,USD,2024-08-12,2024-08-12
GOLDMAN SACHS GROUP INC/THE,Corporates,Fixed Income,15123.42,0.02551,15123.42,15000,100.69,United States,--,USD,0.47,4.47,1,2027-01-15,5.95,0.47,,4.47,0.47,4.47,USD,2006-11-09,2006-11-09
CORNING INC,Corporates,Fixed Income,15127.05,0.02551,15127.05,17000,87.95,United States,--,USD,15.23,6.23,1,2079-11-15,5.45,15.46,,6.23,15.46,6.23,USD,2019-11-19,2019-11-19
CHENIERE ENERGY INC,Corporates,Fixed Income,15116.12,0.0255,15116.12,15000,99.52,United States,--,USD,1.29,4.85,1,2028-10-15,4.63,2.07,,4.85,2.07,4.85,USD,2021-04-15,2021-07-07
CANADIAN PACIFIC RAILWAY COMPANY,Corporates,Fixed Income,15120.69,0.0255,15120.69,15000,99.17,Canada,--,USD,6.75,5.32,1,2035-03-30,5.2,6.8,,5.32,6.8,5.32,USD,2025-03-17,2025-03-17
NNN REIT INC,Corporates,Fixed Income,15110.51,0.02549,15110.51,15000,100.16,United States,--,USD,6.26,5.47,1,2034-06-15,5.5,6.3,,5.47,6.3,5.47,USD,2024-05-29,2024-05-29
CNH INDUSTRIAL CAPITAL LLC,Corporates,Fixed Income,15110.71,0.02549,15110.71,15000,99.44,United States,--,USD,1.59,4.89,1,2028-04-10,4.55,1.61,,4.89,1.61,4.89,USD,2023-04-10,2023-04-10
DTE ENERGY COMPANY,Corporates,Fixed Income,15098.51,0.02547,15098.51,15000,99.77,United States,--,USD,0.19,4.04,1,2026-10-01,2.85,0.19,,4.04,0.19,4.04,USD,2016-10-05,2016-10-05
TD SYNNEX CORP,Corporates,Fixed Income,15100.08,0.02547,15100.08,15000,99.87,United States,--,USD,0.05,4.64,1,2026-08-09,1.75,0.04,,4.64,0.04,4.64,USD,2022-02-09,2022-07-14
BLACKSTONE SECURED LENDING FUND,Corporates,Fixed Income,15090.57,0.02545,15090.57,15000,99.63,United States,--,USD,0.15,5.21,1,2026-09-16,2.75,0.14,,5.21,0.14,5.21,USD,2021-03-16,2021-07-06
SABINE PASS LIQUEFACTION LLC,Corporates,Fixed Income,15083.64,0.02544,15083.64,15000,99.06,United States,--,USD,1.44,4.8,1,2028-03-15,4.2,1.55,,4.8,1.55,4.8,USD,2017-03-06,2017-07-17
AMEREN CORPORATION,Corporates,Fixed Income,15069.75,0.02542,15069.75,15000,100.35,United States,--,USD,2.28,4.85,1,2029-01-15,5.0,2.3,,4.85,2.3,4.85,USD,2023-12-21,2023-12-21
NUTRIEN LTD,Corporates,Fixed Income,15062.6,0.02541,15062.6,15000,99.94,Canada,--,USD,6.29,5.41,1,2034-06-21,5.4,6.34,,5.41,6.34,5.41,USD,2024-06-21,2024-06-21
DUKE ENERGY CORP,Corporates,Fixed Income,15057.52,0.0254,15057.52,15000,100.14,United States,--,USD,0.45,4.52,1,2027-01-05,4.85,0.44,,4.52,0.44,4.52,USD,2024-01-05,2024-01-05
TAKE TWO INTERACTIVE SOFTWARE INC,Corporates,Fixed Income,15051.48,0.02539,15051.48,15000,99.33,United States,--,USD,0.7,4.65,1,2027-04-14,3.7,0.7,,4.65,0.7,4.65,USD,2022-04-14,2022-04-14
DUKE ENERGY CORP,Corporates,Fixed Income,15052.63,0.02539,15052.63,15000,100.11,United States,--,USD,2.26,4.8,1,2029-01-05,4.85,2.28,,4.8,2.28,4.8,USD,2024-01-05,2024-01-05
PHILLIPS 66,Corporates,Fixed Income,15054.11,0.02539,15054.11,15000,99.02,United States,--,USD,9.97,5.97,1,2042-05-01,5.88,10.03,,5.97,10.03,5.97,USD,2012-11-01,2013-01-18
WORKDAY INC,Corporates,Fixed Income,15054.16,0.02539,15054.16,15000,99.27,United States,--,USD,0.67,4.58,1,2027-04-01,3.5,0.67,,4.58,0.67,4.58,USD,2022-04-01,2022-04-01
VENTAS REALTY LP,Corporates,Fixed Income,15044.41,0.02537,15044.41,15000,98.72,United States,--,USD,1.47,4.84,1,2028-03-01,4.0,1.51,,4.84,1.51,4.84,USD,2018-02-23,2018-02-23
AUGUSTA SPINCO CORP,Corporates,Fixed Income,15022.58,0.02534,15022.58,15000,98.68,United States,--,USD,2.45,4.93,1,2029-03-23,4.4,2.45,,4.93,2.45,4.93,USD,2026-03-23,2026-03-23
CARRIER GLOBAL CORP,Corporates,Fixed Income,15016.6,0.02533,15016.6,15000,99.02,United States,--,USD,0.55,4.28,1,2027-02-15,2.49,0.54,,4.28,0.54,4.28,USD,2020-08-15,2020-12-08
NORFOLK SOUTHERN CORPORATION,Corporates,Fixed Income,15017.74,0.02533,15017.74,15000,98.3,United States,--,USD,1.84,4.69,1,2028-08-01,3.8,1.89,,4.69,1.89,4.69,USD,2018-08-02,2018-08-02
CROWN CASTLE INC,Corporates,Fixed Income,15000.09,0.0253,15000.09,15000,98.97,United States,--,USD,0.62,4.54,1,2027-03-15,2.9,0.62,,4.54,0.62,4.54,USD,2022-03-04,2022-03-04
AIRBNB INC,Corporates,Fixed Income,14992.75,0.02529,14992.75,15000,98.31,United States,--,USD,4.05,5.06,1,2031-03-16,4.65,4.06,,5.06,4.06,5.06,USD,2026-03-16,2026-03-16
ALLSTATE CORPORATION (THE),Corporates,Fixed Income,14996.25,0.02529,14996.25,15000,99.63,United States,--,USD,0.39,4.22,1,2026-12-15,3.28,0.39,,4.22,0.39,4.22,USD,2016-12-08,2016-12-08
LAZARD GROUP LLC,Corporates,Fixed Income,14988.39,0.02528,14988.39,15000,98.32,United States,--,USD,2.36,5.06,1,2029-03-11,4.38,2.41,,5.06,2.41,5.06,USD,2019-03-11,2019-03-11
GATX CORPORATION,Corporates,Fixed Income,14980.64,0.02527,14980.64,15000,99.29,United States,--,USD,6.88,5.6,1,2035-06-15,5.5,6.91,,5.6,6.91,5.6,USD,2025-02-06,2025-02-06
SONOCO PRODUCTS COMPANY,Corporates,Fixed Income,14978.03,0.02526,14978.03,15000,98.54,United States,--,USD,9.39,5.9,1,2040-11-01,5.75,9.48,,5.9,9.48,5.9,USD,2010-11-01,2010-11-01
MCDONALDS CORPORATION MTN,Corporates,Fixed Income,14968.72,0.02525,14968.72,15000,98.61,United States,--,USD,1.56,4.66,1,2028-04-01,3.8,1.6,,4.66,1.6,4.66,USD,2018-03-16,2018-03-16
L3HARRIS TECHNOLOGIES INC,Corporates,Fixed Income,14963.86,0.02524,14963.86,15000,99.29,United States,--,USD,1.72,4.79,1,2028-06-15,4.4,1.79,,4.79,1.79,4.79,USD,2018-06-04,2018-06-04
PPG INDUSTRIES INC,Corporates,Fixed Income,14963.87,0.02524,14963.87,15000,98.43,United States,--,USD,1.52,4.75,1,2028-03-15,3.75,1.55,,4.75,1.55,4.75,USD,2018-02-27,2018-02-27
TARGA RESOURCES PARTNERS LP,Corporates,Fixed Income,14965.43,0.02524,14965.43,15000,99.66,United States,--,USD,1.0,5.24,1,2028-01-15,5.0,1.4,,5.24,1.4,5.24,USD,2017-10-17,2017-10-17
STANLEY BLACK & DECKER INC,Corporates,Fixed Income,14953.56,0.02522,14953.56,15000,98.89,United States,--,USD,2.09,4.76,1,2028-11-15,4.25,2.16,,4.76,2.16,4.76,USD,2018-11-06,2018-11-06
ORACLE CORPORATION,Corporates,Fixed Income,14929.74,0.02518,14929.74,15000,98.66,United States,--,USD,0.67,4.79,1,2027-04-01,2.8,0.67,,4.79,0.67,4.79,USD,2020-04-01,2020-04-01
INTEL CORPORATION,Corporates,Fixed Income,14930.94,0.02518,14930.94,15000,98.91,United States,--,USD,0.77,4.55,1,2027-05-11,3.15,0.77,,4.55,0.77,4.55,USD,2017-05-11,2017-05-11
LYB INTERNATIONAL FINANCE III LLC,Corporates,Fixed Income,14920.63,0.02517,14920.63,15000,99.34,United States,--,USD,7.15,5.97,1,2036-01-15,5.88,7.17,,5.97,7.17,5.97,USD,2025-11-13,2025-11-13
INTERNATIONAL PAPER CO,Corporates,Fixed Income,14925.09,0.02517,14925.09,15000,98.37,United States,--,USD,9.66,6.17,1,2041-11-15,6.0,9.76,,6.17,9.76,6.17,USD,2011-11-16,2011-11-16
EVERSOURCE ENERGY,Corporates,Fixed Income,14907.42,0.02514,14907.42,15000,98.41,United States,--,USD,5.57,5.4,1,2033-05-15,5.13,5.62,,5.4,5.62,5.4,USD,2023-05-11,2023-05-11
STARBUCKS CORPORATION,Corporates,Fixed Income,14888.51,0.02511,14888.51,15000,98.53,United States,--,USD,0.62,4.37,1,2027-03-12,2.0,0.62,,4.37,0.62,4.37,USD,2020-03-12,2020-03-12
WILLIAMS COMPANIES INC,Corporates,Fixed Income,14867.14,0.02508,14867.14,15000,96.32,United States,--,USD,7.25,5.65,1,2036-03-15,5.15,7.26,,5.65,7.26,5.65,USD,2026-01-08,2026-01-08
AON CORP,Corporates,Fixed Income,14867.66,0.02508,14867.66,15000,98.68,United States,--,USD,0.82,4.45,1,2027-05-28,2.85,0.82,,4.45,0.82,4.45,USD,2022-02-28,2022-02-28
HCA INC,Corporates,Fixed Income,14869.68,0.02508,14869.68,15000,96.69,United States,--,USD,12.52,6.45,1,2055-03-01,6.2,12.75,,6.45,12.75,6.45,USD,2025-02-21,2025-02-21
VISTRA OPERATIONS COMPANY LLC 144A,Corporates,Fixed Income,14863.14,0.02507,14863.14,15000,97.76,United States,--,USD,5.53,5.65,1,2033-04-30,5.25,5.54,,5.65,5.54,5.65,USD,2026-04-22,2026-04-22
HUMANA INC,Corporates,Fixed Income,14851.82,0.02505,14851.82,15000,98.37,United States,--,USD,0.52,4.5,1,2027-02-03,1.35,0.51,,4.5,0.51,4.5,USD,2021-08-03,2021-08-03
EXPAND ENERGY CORP,Corporates,Fixed Income,14853.0,0.02505,14853.0,15000,96.75,United States,--,USD,3.94,5.44,1,2032-02-01,4.75,4.67,,5.44,4.67,5.44,USD,2021-12-22,2021-12-22
NEXTERA ENERGY CAPITAL HOLDINGS IN,Corporates,Fixed Income,14839.49,0.02503,14839.49,15000,98.89,United States,--,USD,0.47,4.25,1,2027-01-15,1.88,0.47,,4.25,0.47,4.25,USD,2021-12-13,2021-12-13
DELL INTERNATIONAL LLC,Corporates,Fixed Income,14841.05,0.02503,14841.05,20000,73.85,United States,--,USD,11.03,6.0,1,2041-12-15,3.38,11.1,,6.0,11.1,6.0,USD,2023-06-15,2023-09-27
PLAINS ALL AMERICAN PIPELINE LP,Corporates,Fixed Income,14816.75,0.02499,14816.75,15000,98.65,United States,--,USD,7.23,5.79,1,2036-01-15,5.6,7.25,,5.79,7.25,5.79,USD,2025-09-08,2025-09-08
REGENERON PHARMACEUTICALS INC.,Corporates,Fixed Income,14809.68,0.02498,14809.68,25000,58.24,United States,--,USD,14.42,6.14,1,2050-09-15,2.8,14.63,,6.14,14.63,6.14,USD,2020-08-12,2020-08-12
WILLIAMS COMPANIES INC,Corporates,Fixed Income,14810.93,0.02498,14810.93,15000,95.52,United States,--,USD,12.82,6.28,1,2056-03-15,5.95,13.07,,6.28,13.07,6.28,USD,2026-01-08,2026-01-08
BRIXMOR OPERATING PARTNERSHIP LP,Corporates,Fixed Income,14804.83,0.02497,14804.83,15000,97.92,United States,--,USD,2.54,4.92,1,2029-05-15,4.13,2.6,,4.92,2.6,4.92,USD,2019-05-10,2019-05-10
CHENIERE ENERGY INC 144A,Corporates,Fixed Income,14806.47,0.02497,14806.47,15000,96.64,United States,--,USD,13.04,6.25,1,2056-07-30,6.0,13.3,,6.25,13.3,6.25,USD,2026-03-19,2026-03-19
ATLASSIAN CORP,Corporates,Fixed Income,14753.88,0.02488,14753.88,15000,97.32,United States,--,USD,6.16,5.93,1,2034-05-15,5.5,6.18,,5.93,6.18,5.93,USD,2024-05-15,2024-05-15
ENBRIDGE INC,Corporates,Fixed Income,14743.74,0.02487,14743.74,15000,96.51,Canada,--,USD,12.76,6.22,1,2054-04-05,5.95,13.01,,6.22,13.01,6.22,USD,2024-04-05,2024-04-05
KRAFT HEINZ FOODS CO,Corporates,Fixed Income,14734.71,0.02485,14734.71,19000,76.92,United States,--,USD,11.81,6.45,1,2046-06-01,4.38,11.97,,6.45,11.97,6.45,USD,2016-05-24,2016-08-19
GATX CORPORATION,Corporates,Fixed Income,14700.22,0.02479,14700.22,15000,97.19,United States,--,USD,12.83,6.26,1,2054-06-05,6.05,13.08,,6.26,13.08,6.26,USD,2024-06-05,2024-06-05
NXP BV / NXP FUNDING LLC / NXP USA,Corporates,Fixed Income,14690.29,0.02478,14690.29,20000,72.8,United States,--,USD,10.78,6.06,1,2041-05-11,3.25,10.82,,6.06,10.82,6.06,USD,2022-05-11,2022-05-16
AON CORP,Corporates,Fixed Income,14678.44,0.02476,14678.44,15000,97.01,United States,--,USD,2.54,4.91,1,2029-05-02,3.75,2.57,,4.91,2.57,4.91,USD,2019-05-02,2019-05-02
FISERV INC,Corporates,Fixed Income,14672.45,0.02475,14672.45,15000,95.45,United States,--,USD,6.89,5.91,1,2035-08-11,5.25,6.89,,5.91,6.89,5.91,USD,2025-08-11,2025-08-11
BAXTER INTERNATIONAL INC,Corporates,Fixed Income,14675.62,0.02475,14675.62,15000,97.24,United States,--,USD,7.12,6.04,1,2035-12-15,5.65,7.13,,6.04,7.13,6.04,USD,2025-12-04,2025-12-04
HOWMET AEROSPACE INC,Corporates,Fixed Income,14661.09,0.02473,14661.09,15000,96.88,United States,--,USD,5.33,5.13,1,2032-11-15,4.55,5.36,,5.13,5.36,5.13,USD,2025-11-12,2025-11-12
LOWES COMPANIES INC,Corporates,Fixed Income,14646.46,0.0247,14646.46,15000,96.42,United States,--,USD,5.26,5.18,1,2032-10-15,4.5,5.28,,5.18,5.28,5.18,USD,2025-09-30,2025-09-30
STRYKER CORPORATION,Corporates,Fixed Income,14624.34,0.02467,14624.34,15000,95.8,United States,--,USD,6.51,5.27,1,2034-09-11,4.63,6.55,,5.27,6.55,5.27,USD,2024-09-11,2024-09-11
FLOWERS FOODS INC,Corporates,Fixed Income,14548.79,0.02454,14548.79,15000,94.95,United States,--,USD,6.53,6.52,1,2035-03-15,5.75,6.52,,6.52,6.52,6.52,USD,2025-02-14,2025-02-14
WESTLAKE CORP,Corporates,Fixed Income,14549.23,0.02454,14549.23,15000,95.79,United States,--,USD,12.49,6.7,1,2055-11-15,6.38,12.72,,6.7,12.72,6.7,USD,2025-11-06,2025-11-06
KYNDRYL HOLDINGS INC,Corporates,Fixed Income,14532.54,0.02451,14532.54,15000,94.18,United States,--,USD,5.74,7.36,1,2034-02-20,6.35,5.7,,7.36,5.7,7.36,USD,2024-02-20,2024-02-20
GATX CORPORATION,Corporates,Fixed Income,14525.27,0.0245,14525.27,15000,96.58,United States,--,USD,3.54,4.97,1,2030-06-30,4.0,3.58,,4.97,3.58,4.97,USD,2020-05-12,2020-05-12
VERTIV HOLDINGS CO,Corporates,Fixed Income,14506.14,0.02447,14506.14,15000,94.82,United States,--,USD,7.39,5.55,1,2036-03-15,4.85,7.4,,5.55,7.4,5.55,USD,2026-03-03,2026-03-03
BRIXMOR OPERATING PARTNERSHIP LP,Corporates,Fixed Income,14485.38,0.02443,14485.38,15000,96.32,United States,--,USD,3.54,5.09,1,2030-07-01,4.05,3.57,,5.09,3.57,5.09,USD,2020-06-10,2020-06-10
OMEGA HEALTHCARE INVESTORS INC,Corporates,Fixed Income,14471.68,0.02441,14471.68,15000,95.35,United States,--,USD,2.91,5.23,1,2029-10-01,3.63,2.93,,5.23,2.93,5.23,USD,2019-09-20,2019-09-20
INTEL CORPORATION,Corporates,Fixed Income,14465.41,0.0244,14465.41,15000,95.02,United States,--,USD,12.81,6.5,1,2056-05-15,6.13,13.05,,6.5,13.05,6.5,USD,2026-04-30,2026-04-30
ENERGY TRANSFER LP,Corporates,Fixed Income,14441.18,0.02436,14441.18,15000,93.89,United States,--,USD,12.44,6.53,1,2054-09-01,6.05,12.67,,6.53,12.67,6.53,USD,2024-06-21,2024-06-21
NOV INC,Corporates,Fixed Income,14424.58,0.02433,14424.58,15000,95.64,United States,--,USD,3.07,5.03,1,2029-12-01,3.6,3.09,,5.03,3.09,5.03,USD,2019-11-14,2019-11-14
HEALTHPEAK OP LLC,Corporates,Fixed Income,14414.87,0.02431,14414.87,15000,96.02,United States,--,USD,2.76,4.95,1,2029-07-15,3.5,2.78,,4.95,2.78,4.95,USD,2019-07-05,2019-07-05
AON NORTH AMERICA INC,Corporates,Fixed Income,14392.66,0.02428,14392.66,15000,93.68,United States,--,USD,12.75,6.23,1,2054-03-01,5.75,12.99,,6.23,12.99,6.23,USD,2024-03-01,2024-03-01
HOWMET AEROSPACE INC,Corporates,Fixed Income,14382.81,0.02426,14382.81,15000,95.82,United States,--,USD,2.35,4.81,1,2029-01-15,3.0,2.35,,4.81,2.35,4.81,USD,2021-09-01,2021-09-01
INGERSOLL RAND INC,Corporates,Fixed Income,14359.11,0.02422,14359.11,15000,95.13,United States,--,USD,13.19,6.06,1,2054-06-15,5.7,13.46,,6.06,13.46,6.06,USD,2024-05-10,2024-05-10
VULCAN MATERIALS COMPANY,Corporates,Fixed Income,14323.36,0.02416,14323.36,15000,94.67,United States,--,USD,13.21,6.1,1,2054-12-01,5.7,13.48,,6.1,13.48,6.1,USD,2024-11-20,2024-11-20
DIAMONDBACK ENERGY INC,Corporates,Fixed Income,14311.41,0.02414,14311.41,15000,93.85,United States,--,USD,13.97,6.33,1,2064-04-18,5.9,14.22,,6.33,14.22,6.33,USD,2024-04-18,2024-04-18
FIDELITY NATIONAL INFORMATION SERV,Corporates,Fixed Income,14307.59,0.02413,14307.59,20000,70.32,United States,--,USD,10.65,6.22,1,2041-03-01,3.1,10.68,,6.22,10.68,6.22,USD,2021-03-02,2021-03-02
ARTHUR J GALLAGHER & CO,Corporates,Fixed Income,14258.9,0.02405,14258.9,15000,92.81,United States,--,USD,12.5,6.31,1,2053-03-02,5.75,12.74,,6.31,12.74,6.31,USD,2023-03-02,2023-03-02
EVERGY INC,Corporates,Fixed Income,14254.4,0.02404,14254.4,15000,94.0,United States,--,USD,2.92,4.98,1,2029-09-15,2.9,2.92,,4.98,2.92,4.98,USD,2019-09-09,2019-09-09
HUMANA INC,Corporates,Fixed Income,14245.43,0.02403,14245.43,20000,69.49,United States,--,USD,12.68,6.53,1,2049-08-15,3.95,12.87,,6.53,12.87,6.53,USD,2019-08-15,2019-08-15
ENTERGY CORPORATION,Corporates,Fixed Income,14238.83,0.02402,14238.83,15000,94.72,United States,--,USD,1.83,4.85,1,2028-06-15,1.9,1.82,,4.85,1.82,4.85,USD,2021-03-05,2021-03-05
PHILLIPS 66 CO,Corporates,Fixed Income,14241.74,0.02402,14241.74,15000,94.61,United States,--,USD,3.14,4.89,1,2029-12-15,3.15,3.15,,4.89,3.15,4.89,USD,2022-12-15,2023-04-28
GENERAL MOTORS CO,Corporates,Fixed Income,14230.75,0.024,14230.75,15000,93.02,United States,--,USD,11.53,6.54,1,2049-04-01,5.95,11.74,,6.54,11.74,6.54,USD,2018-09-10,2018-09-10
SOUTH BOW USA INFRASTRUCTURE HOLDI,Corporates,Fixed Income,14210.71,0.02397,14210.71,15000,92.82,Canada,--,USD,12.27,6.75,1,2054-10-01,6.18,12.49,,6.75,12.49,6.75,USD,2025-04-01,2025-08-06
AMGEN INC,Corporates,Fixed Income,14202.98,0.02396,14202.98,15000,93.96,United States,--,USD,1.98,4.76,1,2028-08-15,1.65,1.97,,4.76,1.97,4.76,USD,2021-08-09,2021-08-09
T-MOBILE USA INC,Corporates,Fixed Income,14203.14,0.02396,14203.14,15000,94.05,United States,--,USD,12.71,6.46,1,2054-06-15,6.0,12.95,,6.46,12.95,6.46,USD,2023-09-14,2023-09-14
CROWN CASTLE INC,Corporates,Fixed Income,14180.93,0.02392,14180.93,15000,93.95,United States,--,USD,3.07,5.11,1,2029-11-15,3.1,3.07,,5.11,3.07,5.11,USD,2019-08-15,2019-08-15
AT&T INC,Corporates,Fixed Income,14165.61,0.02389,14165.61,15000,91.64,United States,--,USD,12.54,6.65,1,2056-04-30,6.0,12.76,,6.65,12.76,6.65,USD,2026-02-05,2026-02-05
CENOVUS ENERGY INC,Corporates,Fixed Income,14145.75,0.02386,14145.75,13000,107.54,Canada,--,USD,8.78,5.92,1,2039-11-15,6.75,8.79,,5.92,8.79,5.92,USD,2010-05-15,2010-06-30
HEALTHPEAK OP LLC,Corporates,Fixed Income,14141.94,0.02385,14141.94,15000,93.97,United States,--,USD,2.25,4.86,1,2028-12-01,2.13,2.25,,4.86,2.25,4.86,USD,2021-11-24,2021-11-24
ORACLE CORPORATION,Corporates,Fixed Income,14077.77,0.02374,14077.77,15000,91.18,United States,--,USD,6.96,6.98,1,2036-02-04,5.7,6.92,,6.98,6.92,6.98,USD,2026-02-04,2026-02-04
LOWES COMPANIES INC,Corporates,Fixed Income,14044.57,0.02369,14044.57,15000,92.1,United States,--,USD,12.74,6.24,1,2053-04-15,5.63,12.99,,6.24,12.99,6.24,USD,2022-09-08,2022-09-08
BOSTON PROPERTIES LP,Corporates,Fixed Income,14041.3,0.02368,14041.3,15000,92.05,United States,--,USD,4.04,5.25,1,2031-01-30,3.25,4.05,,5.25,4.05,5.25,USD,2020-05-05,2020-05-05
EQUIFAX INC,Corporates,Fixed Income,14035.77,0.02367,14035.77,15000,92.99,United States,--,USD,3.49,5.15,1,2030-05-15,3.1,3.5,,5.15,3.5,5.15,USD,2020-04-27,2020-04-27
MONDELEZ INTERNATIONAL INC,Corporates,Fixed Income,14013.1,0.02364,14013.1,15000,92.66,United States,--,USD,3.44,4.93,1,2030-04-13,2.75,3.44,,4.93,3.44,4.93,USD,2020-04-13,2020-04-13
DICKS SPORTING GOODS INC,Corporates,Fixed Income,13999.75,0.02361,13999.75,20000,69.91,United States,--,USD,13.37,6.54,1,2052-01-15,4.1,13.58,,6.54,13.58,6.54,USD,2022-01-14,2022-01-14
MOSAIC CO/THE,Corporates,Fixed Income,13983.73,0.02359,13983.73,15000,92.16,United States,--,USD,10.42,6.38,1,2043-11-15,5.63,10.55,,6.38,10.55,6.38,USD,2013-11-13,2013-11-13
INGREDION INC,Corporates,Fixed Income,13972.2,0.02357,13972.2,15000,92.73,United States,--,USD,3.56,5.0,1,2030-06-01,2.9,3.56,,5.0,3.56,5.0,USD,2020-05-13,2020-05-13
EASTMAN CHEMICAL COMPANY,Corporates,Fixed Income,13963.83,0.02355,13963.83,14000,99.09,United States,--,USD,2.12,4.91,1,2028-12-01,4.5,2.19,,4.91,2.19,4.91,USD,2018-11-06,2018-11-06
STEEL DYNAMICS INC,Corporates,Fixed Income,13931.73,0.0235,13931.73,15000,92.81,United States,--,USD,4.07,5.07,1,2031-01-15,3.25,4.08,,5.07,4.08,5.07,USD,2020-06-05,2020-06-05
KINDER MORGAN INC,Corporates,Fixed Income,13899.66,0.02344,13899.66,15000,90.06,United States,--,USD,12.54,6.23,1,2052-08-01,5.45,12.78,,6.23,12.78,6.23,USD,2022-08-03,2022-08-03
OLD REPUBLIC INTERNATIONAL CORPORA,Corporates,Fixed Income,13893.96,0.02343,13893.96,20000,69.02,United States,--,USD,13.54,6.34,1,2051-06-11,3.85,13.75,,6.34,13.75,6.34,USD,2021-06-11,2021-06-11
APPLOVIN CORP,Corporates,Fixed Income,13878.72,0.02341,13878.72,15000,91.67,United States,--,USD,12.65,6.6,1,2054-12-01,5.95,12.88,,6.6,12.88,6.6,USD,2024-12-05,2024-12-05
ALTRIA GROUP INC,Corporates,Fixed Income,13882.38,0.02341,13882.38,15000,89.97,United States,--,USD,10.49,6.33,1,2044-01-31,5.38,10.56,,6.33,10.56,6.33,USD,2013-10-31,2013-10-31
DEVON ENERGY CORPORATION,Corporates,Fixed Income,13843.49,0.02335,13843.49,14000,98.78,United States,--,USD,2.39,4.88,1,2030-01-15,4.5,3.18,,4.88,3.18,4.88,USD,2021-07-15,2021-12-29
MARTIN MARIETTA MATERIALS INC,Corporates,Fixed Income,13833.79,0.02333,13833.79,15000,91.43,United States,--,USD,13.27,6.14,1,2054-12-01,5.5,13.53,,6.14,13.53,6.14,USD,2024-11-04,2024-11-04
CARRIER GLOBAL CORP,Corporates,Fixed Income,13783.06,0.02325,13783.06,15000,90.7,United States,--,USD,4.16,5.0,1,2031-02-15,2.7,4.15,,5.0,4.15,5.0,USD,2020-06-19,2020-12-08
AMCOR FLEXIBLES NORTH AMERICA INC,Corporates,Fixed Income,13772.28,0.02323,13772.28,15000,91.57,United States,--,USD,3.63,5.03,1,2030-06-19,2.63,3.63,,5.03,3.63,5.03,USD,2020-06-19,2020-06-19
VERISK ANALYTICS INC,Corporates,Fixed Income,13725.19,0.02315,13725.19,20000,67.94,United States,--,USD,13.52,6.22,1,2050-05-15,3.63,13.73,,6.22,13.73,6.22,USD,2020-05-13,2020-05-13
HUMANA INC,Corporates,Fixed Income,13721.31,0.02314,13721.31,15000,89.91,United States,--,USD,12.59,6.54,1,2054-04-15,5.75,12.82,,6.54,12.82,6.54,USD,2024-03-13,2024-03-13
NORFOLK SOUTHERN CORPORATION,Corporates,Fixed Income,13715.76,0.02313,13715.76,15000,90.37,United States,--,USD,5.01,4.98,1,2032-03-15,3.0,5.02,,4.98,5.02,4.98,USD,2022-02-25,2022-02-25
VONTIER CORP,Corporates,Fixed Income,13630.38,0.02299,13630.38,15000,89.95,United States,--,USD,4.24,5.4,1,2031-04-01,2.95,4.24,,5.4,4.24,5.4,USD,2021-10-01,2022-01-11
VODAFONE GROUP PLC,Corporates,Fixed Income,13564.94,0.02288,13564.94,15000,90.02,United Kingdom,--,USD,13.81,6.59,1,2064-06-28,5.88,14.05,,6.59,14.05,6.59,USD,2024-06-28,2024-06-28
WESTERN MIDSTREAM OPERATING LP,Corporates,Fixed Income,13543.11,0.02284,13543.11,15000,88.59,United States,--,USD,10.48,6.55,1,2044-04-01,5.45,10.59,,6.55,10.59,6.55,USD,2014-03-20,2014-03-20
NORTHROP GRUMMAN CORP,Corporates,Fixed Income,13498.31,0.02277,13498.31,15000,89.24,United States,--,USD,13.47,6.0,1,2054-06-01,5.2,13.73,,6.0,13.73,6.0,USD,2024-01-31,2024-01-31
CHARTER COMMUNICATIONS OPERATING L,Corporates,Fixed Income,13484.49,0.02274,13484.49,20000,66.92,United States,--,USD,10.42,7.15,1,2041-06-01,3.5,10.4,,7.15,10.4,7.15,USD,2021-03-04,2021-03-04
CHARTER COMMUNICATIONS OPERATING L,Corporates,Fixed Income,13464.97,0.02271,13464.97,20000,65.94,United States,--,USD,10.58,7.16,1,2042-03-01,3.5,10.58,,7.16,10.58,7.16,USD,2021-10-12,2021-10-12
JACKSON FINANCIAL INC,Corporates,Fixed Income,13360.5,0.02253,13360.5,15000,88.55,United States,--,USD,4.78,5.64,1,2031-11-23,3.13,4.76,,5.64,4.76,5.64,USD,2022-05-23,2022-09-22
JACKSON FINANCIAL INC,Corporates,Fixed Income,13255.51,0.02236,13255.51,20000,65.61,United States,--,USD,13.04,6.89,1,2051-11-23,4.0,13.22,,6.89,13.22,6.89,USD,2022-05-23,2022-09-22
GENERAL MOTORS CO,Corporates,Fixed Income,13258.67,0.02236,13258.67,15000,86.71,United States,--,USD,11.54,6.56,1,2048-04-01,5.4,11.74,,6.56,11.74,6.56,USD,2017-08-07,2017-08-07
BIOGEN INC,Corporates,Fixed Income,13233.75,0.02232,13233.75,21000,62.3,United States,--,USD,13.96,6.2,1,2050-05-01,3.15,14.17,,6.2,14.17,6.2,USD,2020-04-30,2020-04-30
MARKEL GROUP INC,Corporates,Fixed Income,13173.34,0.02222,13173.34,15000,86.32,United States,--,USD,11.47,6.21,1,2046-04-05,5.0,11.61,,6.21,11.61,6.21,USD,2016-04-05,2016-04-05
EXTRA SPACE STORAGE LP,Corporates,Fixed Income,13176.19,0.02222,13176.19,15000,87.19,United States,--,USD,4.77,5.23,1,2031-10-15,2.4,4.76,,5.23,4.76,5.23,USD,2023-04-15,2023-07-25
MOODYS CORPORATION,Corporates,Fixed Income,13176.34,0.02222,13176.34,15000,86.99,United States,--,USD,4.67,4.93,1,2031-08-19,2.0,4.67,,4.93,4.67,4.93,USD,2021-08-19,2021-08-19
HALLIBURTON COMPANY,Corporates,Fixed Income,13147.66,0.02218,13147.66,15000,86.71,United States,--,USD,11.4,6.19,1,2045-11-15,5.0,11.57,,6.19,11.57,6.19,USD,2015-11-13,2015-11-13
GENERAL MILLS INC,Corporates,Fixed Income,13152.55,0.02218,13152.55,15000,87.06,United States,--,USD,4.78,5.1,1,2031-10-14,2.25,4.78,,5.1,4.78,5.1,USD,2021-10-14,2021-10-14
TIME WARNER CABLE LLC,Corporates,Fixed Income,13145.6,0.02217,13145.6,15000,86.53,United States,--,USD,9.04,7.42,1,2040-11-15,5.88,9.04,,7.42,9.04,7.42,USD,2010-11-15,2010-11-15
GENERAL MOTORS CO,Corporates,Fixed Income,13077.34,0.02206,13077.34,15000,85.56,United States,--,USD,10.93,6.55,1,2045-04-01,5.2,11.02,,6.55,11.02,6.55,USD,2014-11-12,2014-11-12
ALLSTATE CORPORATION (THE),Corporates,Fixed Income,12957.86,0.02186,12957.86,15000,86.23,United States,--,USD,4.16,4.98,1,2030-12-15,1.45,4.15,,4.98,4.15,4.98,USD,2020-11-24,2020-11-24
AMRIZE FINANCE US LLC,Corporates,Fixed Income,12914.14,0.02178,12914.14,15000,84.5,United States,--,USD,11.71,6.1,1,2046-09-22,4.75,11.92,,6.1,11.92,6.1,USD,2025-09-22,2025-12-19
DUKE ENERGY CORP,Corporates,Fixed Income,12889.41,0.02174,12889.41,15000,83.73,United States,--,USD,12.79,6.28,1,2052-08-15,5.0,13.02,,6.28,13.02,6.28,USD,2022-08-11,2022-08-11
WESTLAKE CORP,Corporates,Fixed Income,12883.09,0.02173,12883.09,15000,83.69,United States,--,USD,11.31,6.46,1,2046-08-15,5.0,11.48,,6.46,11.48,6.46,USD,2017-02-15,2017-04-24
ONEOK INC,Corporates,Fixed Income,12864.0,0.0217,12864.0,15000,85.64,United States,--,USD,11.99,6.43,1,2048-07-15,5.2,12.2,,6.43,12.2,6.43,USD,2018-07-02,2018-07-02
INTEL CORPORATION,Corporates,Fixed Income,12833.45,0.02165,12833.45,15000,83.19,United States,--,USD,11.06,6.45,1,2045-07-29,4.9,11.2,,6.45,11.2,6.45,USD,2015-07-29,2015-07-29
LINCOLN NATIONAL CORPORATION,Corporates,Fixed Income,12815.02,0.02161,12815.02,12000,106.05,United States,--,USD,8.91,6.34,1,2040-06-15,7.0,8.91,,6.34,8.91,6.34,USD,2010-06-18,2010-06-18
NXP BV,Corporates,Fixed Income,12785.03,0.02156,12785.03,20000,63.45,United States,--,USD,14.37,6.1,1,2051-11-30,3.25,14.6,,6.1,14.6,6.1,USD,2021-11-30,2022-05-16
JOHNSON CONTROLS INTERNATIONAL PLC,Corporates,Fixed Income,12643.37,0.02132,12643.37,15000,82.31,United States,--,USD,11.95,6.01,1,2047-02-15,4.5,12.17,,6.01,12.17,6.01,USD,2017-02-07,2017-02-07
MPLX LP,Corporates,Fixed Income,12507.02,0.02109,12507.02,15000,81.61,United States,--,USD,12.68,6.42,1,2052-03-14,4.95,12.9,,6.42,12.9,6.42,USD,2022-03-14,2022-03-14
BROWN & BROWN INC,Corporates,Fixed Income,12469.23,0.02103,12469.23,15000,81.4,United States,--,USD,12.67,6.44,1,2052-03-17,4.95,12.89,,6.44,12.89,6.44,USD,2022-03-17,2022-03-17
BEST BUY CO INC,Corporates,Fixed Income,12451.36,0.021,12451.36,14000,88.33,United States,--,USD,3.91,5.08,1,2030-10-01,1.95,3.91,,5.08,3.91,5.08,USD,2020-10-01,2020-10-01
VODAFONE GROUP PLC,Corporates,Fixed Income,12284.94,0.02072,12284.94,15000,81.44,United Kingdom,--,USD,12.39,6.43,1,2049-06-19,4.88,12.55,,6.43,12.55,6.43,USD,2019-06-19,2019-06-19
CHARTER COMMUNICATIONS OPERATING L,Corporates,Fixed Income,12272.3,0.0207,12272.3,20000,60.73,United States,--,USD,12.97,7.62,1,2061-12-01,4.4,13.14,,7.62,13.14,7.62,USD,2021-06-02,2021-06-02
WEC ENERGY GROUP INC,Corporates,Fixed Income,12273.73,0.0207,12273.73,13000,94.18,United States,--,USD,2.29,4.8,1,2028-12-15,2.2,2.28,,4.8,2.28,4.8,USD,2021-12-13,2021-12-13
TELUS CORPORATION,Corporates,Fixed Income,12260.51,0.02068,12260.51,15000,80.88,Canada,--,USD,12.44,6.19,1,2048-11-16,4.6,12.66,,6.19,12.66,6.19,USD,2018-06-12,2018-06-12
FIFTH THIRD BANCORP,Corporates,Fixed Income,12255.46,0.02067,12255.46,10000,119.3,United States,--,USD,7.62,5.93,1,2038-03-01,8.25,7.61,,5.93,7.61,5.93,USD,2008-03-04,2008-03-04
LEGGETT & PLATT INC,Corporates,Fixed Income,12190.41,0.02056,12190.41,20000,60.29,United States,--,USD,13.51,6.81,1,2051-11-15,3.5,13.69,,6.81,13.69,6.81,USD,2021-11-19,2021-11-19
CONTINENTAL RESOURCES INC,Corporates,Fixed Income,12117.59,0.02044,12117.59,15000,80.08,United States,--,USD,10.78,6.85,1,2044-06-01,4.9,10.87,,6.85,10.87,6.85,USD,2014-05-19,2014-09-05
WILLIS NORTH AMERICA INC,Corporates,Fixed Income,12109.17,0.02042,12109.17,12000,99.31,United States,--,USD,1.92,4.84,1,2028-09-15,4.5,1.99,,4.84,1.99,4.84,USD,2018-09-10,2018-09-10
ATHENE HOLDING LTD,Corporates,Fixed Income,12095.96,0.0204,12095.96,20000,59.83,United States,--,USD,13.69,6.76,1,2052-05-15,3.45,13.87,,6.76,13.87,6.76,USD,2021-12-13,2021-12-13
SYSCO CORPORATION,Corporates,Fixed Income,12015.39,0.02027,12015.39,15000,78.52,United States,--,USD,12.19,6.28,1,2048-03-15,4.45,12.4,,6.28,12.4,6.28,USD,2018-03-19,2018-03-19
AMERICAN TOWER CORPORATION,Corporates,Fixed Income,12004.68,0.02025,12004.68,20000,59.96,United States,--,USD,14.57,6.13,1,2051-01-15,2.95,14.78,,6.13,14.78,6.13,USD,2020-11-20,2020-11-20
CARRIER GLOBAL CORP,Corporates,Fixed Income,11805.1,0.01991,11805.1,15000,77.69,United States,--,USD,10.17,5.75,1,2040-04-05,3.38,10.22,,5.75,10.22,5.75,USD,2020-10-05,2020-12-08
MICRON TECHNOLOGY INC,Corporates,Fixed Income,11396.13,0.01922,11396.13,15000,75.21,United States,--,USD,10.96,5.84,1,2041-11-01,3.37,11.03,,5.84,11.03,5.84,USD,2021-11-01,2021-11-01
ALTRIA GROUP INC,Corporates,Fixed Income,11349.27,0.01914,11349.27,15000,74.07,United States,--,USD,10.42,6.12,1,2041-02-04,3.4,10.45,,6.12,10.45,6.12,USD,2021-02-04,2021-02-04
LOWES COMPANIES INC,Corporates,Fixed Income,11284.6,0.01903,11284.6,15000,73.85,United States,--,USD,14.51,6.3,1,2062-04-01,4.45,14.76,,6.3,14.76,6.3,USD,2022-03-24,2022-03-24
PACIFIC GAS AND ELECTRIC COMPANY,Corporates,Fixed Income,11190.85,0.01888,11190.85,15000,73.03,United States,--,USD,10.21,6.21,1,2040-08-01,3.3,10.23,,6.21,10.23,6.21,USD,2020-06-19,2020-06-19
ALLY FINANCIAL INC,Corporates,Fixed Income,11073.54,0.01868,11073.54,11000,100.09,United States,--,USD,0.82,4.64,1,2027-06-09,4.75,0.85,,4.63,0.77,4.63,USD,2022-06-09,2022-06-09
DUPONT DE NEMOURS INC 144A,Corporates,Fixed Income,11035.2,0.01861,11035.2,11000,99.43,United States,--,USD,2.07,4.99,1,2028-11-15,4.72,2.14,,4.99,2.14,4.99,USD,2025-05-15,2025-09-30
EQUITABLE HOLDINGS INC,Corporates,Fixed Income,11028.14,0.0186,11028.14,11000,99.13,United States,--,USD,1.58,4.87,1,2028-04-20,4.35,1.64,,4.87,1.64,4.87,USD,2018-10-20,2019-01-16
ARCELORMITTAL SA,Corporates,Fixed Income,10999.03,0.01855,10999.03,10000,108.08,Luxembourg,--,USD,8.6,6.1,1,2039-10-15,7.0,8.6,,6.1,8.6,6.1,USD,2009-10-08,2009-10-08
UNUM GROUP,Corporates,Fixed Income,10864.85,0.01833,10864.85,15000,72.0,United States,--,USD,13.29,6.39,1,2051-06-15,4.13,13.51,,6.39,13.51,6.39,USD,2021-06-14,2021-06-14
NXP BV,Corporates,Fixed Income,10857.74,0.01831,10857.74,11000,98.29,United States,--,USD,2.62,4.94,1,2029-06-18,4.3,2.68,,4.94,2.68,4.94,USD,2021-12-18,2022-05-16
CHARTER COMMUNICATIONS OPERATING L,Corporates,Fixed Income,10834.29,0.01827,10834.29,15000,70.34,United States,--,USD,11.59,7.5,1,2050-03-01,4.8,11.74,,7.5,11.74,7.5,USD,2019-10-24,2019-10-24
QUEST DIAGNOSTICS INCORPORATED,Corporates,Fixed Income,10751.15,0.01813,10751.15,10000,106.57,United States,--,USD,5.75,5.31,1,2033-11-30,6.4,5.82,,5.28,5.66,5.28,USD,2023-11-01,2023-11-01
NXP BV,Corporates,Fixed Income,10699.46,0.01805,10699.46,15000,69.96,United States,--,USD,11.08,6.15,1,2042-02-15,3.13,11.12,,6.15,11.12,6.15,USD,2022-02-15,2022-05-16
LEAR CORPORATION,Corporates,Fixed Income,10570.25,0.01783,10570.25,12000,87.09,United States,--,USD,12.11,6.33,1,2049-05-15,5.25,12.33,,6.33,12.33,6.33,USD,2019-05-01,2019-05-01
MAIN STREET CAPITAL CORP,Corporates,Fixed Income,10545.65,0.01779,10545.65,10000,102.72,United States,--,USD,2.27,5.81,1,2029-03-01,6.95,2.3,,5.78,2.23,5.78,USD,2024-01-12,2024-01-12
KYNDRYL HOLDINGS INC,Corporates,Fixed Income,10533.44,0.01777,10533.44,15000,69.11,United States,--,USD,10.04,7.55,1,2041-10-15,4.1,10.03,,7.55,10.03,7.55,USD,2022-04-15,2022-09-23
GATX CORPORATION,Corporates,Fixed Income,10533.93,0.01777,10533.93,10000,103.19,United States,--,USD,5.91,5.53,1,2034-03-15,6.05,5.97,,5.52,5.81,5.52,USD,2023-09-08,2023-09-08
CONSTELLATION ENERGY GENERATION LL,Corporates,Fixed Income,10475.63,0.01767,10475.63,10000,104.62,United States,--,USD,5.92,5.37,1,2034-01-15,6.13,5.98,,5.35,5.82,5.35,USD,2023-09-29,2023-09-29
MARVELL TECHNOLOGY INC,Corporates,Fixed Income,10445.79,0.01762,10445.79,10000,101.93,United States,--,USD,2.27,4.94,1,2029-02-15,5.75,2.3,,4.91,2.23,4.91,USD,2023-09-18,2023-09-18
NORDSON CORPORATION,Corporates,Fixed Income,10436.46,0.0176,10436.46,10000,102.3,United States,--,USD,5.64,5.41,1,2033-09-15,5.8,5.7,,5.4,5.53,5.4,USD,2023-09-13,2023-09-13
AUTOZONE INC,Corporates,Fixed Income,10436.59,0.0176,10436.59,10000,102.94,United States,--,USD,2.03,4.86,1,2028-11-01,6.25,2.08,,4.82,2.01,4.82,USD,2023-10-25,2023-10-25
BLACKSTONE PRIVATE CREDIT FUND 144A,Corporates,Fixed Income,10408.88,0.01756,10408.88,10000,102.95,United States,--,USD,2.08,5.93,1,2028-11-27,7.3,2.11,,5.9,2.04,5.9,USD,2024-05-27,2024-11-07
BOEING CO,Corporates,Fixed Income,10396.08,0.01753,10396.08,15000,67.42,United States,--,USD,14.47,6.31,1,2059-08-01,3.95,14.7,,6.31,14.7,6.31,USD,2019-07-31,2019-07-31
TYSON FOODS INC,Corporates,Fixed Income,10347.62,0.01745,10347.62,10000,101.45,United States,--,USD,5.97,5.46,1,2034-03-15,5.7,6.03,,5.46,5.87,5.46,USD,2024-03-08,2024-03-08
CARDINAL HEALTH INC,Corporates,Fixed Income,10286.48,0.01735,10286.48,10000,100.47,United States,--,USD,5.95,5.37,1,2034-02-15,5.45,5.99,,5.37,5.83,5.37,USD,2024-02-20,2024-02-20
CVS HEALTH CORP,Corporates,Fixed Income,10280.29,0.01734,10280.29,10000,100.4,United States,--,USD,2.26,4.83,1,2029-01-30,5.0,2.29,,4.83,2.22,4.83,USD,2023-06-02,2023-06-02
MICRON TECHNOLOGY INC,Corporates,Fixed Income,10280.77,0.01734,10280.77,15000,67.75,United States,--,USD,14.18,5.96,1,2051-11-01,3.48,14.42,,5.96,14.42,5.96,USD,2021-11-01,2021-11-01
EXPAND ENERGY CORP,Corporates,Fixed Income,10255.48,0.0173,10255.48,10000,99.99,United States,--,USD,0.53,5.38,1,2029-02-01,5.38,2.27,,5.38,2.27,5.38,USD,2021-08-01,2021-11-12
MASTEC INC.,Corporates,Fixed Income,10257.75,0.0173,10257.75,10000,101.95,United States,--,USD,2.59,5.16,1,2029-06-15,5.9,2.62,,5.14,2.55,5.14,USD,2024-06-10,2024-06-10
VERIZON COMMUNICATIONS INC,Corporates,Fixed Income,10240.99,0.01727,10240.99,15000,67.81,United States,--,USD,10.96,6.04,1,2040-11-20,2.65,10.98,,6.04,10.98,6.04,USD,2020-11-20,2020-11-20
MICROCHIP TECHNOLOGY INCORPORATED,Corporates,Fixed Income,10206.68,0.01722,10206.68,10000,100.27,United States,--,USD,2.37,4.94,1,2029-03-15,5.05,2.41,,4.93,2.33,4.93,USD,2024-03-07,2024-03-07
DIAMONDBACK ENERGY INC,Corporates,Fixed Income,10212.27,0.01722,10212.27,10000,100.4,United States,--,USD,6.67,5.49,1,2035-04-01,5.55,6.71,,5.49,6.71,5.49,USD,2025-03-20,2025-03-20
GOLDMAN SACHS PRIVATE CREDIT CORP,Corporates,Fixed Income,10195.46,0.0172,10195.46,10000,98.04,United States,--,USD,3.78,6.38,1,2031-01-31,5.88,3.75,,6.38,3.75,6.38,USD,2025-11-24,2026-04-30
KEURIG DR PEPPER INC,Corporates,Fixed Income,10188.53,0.01718,10188.53,10000,100.09,United States,--,USD,2.37,5.01,1,2029-03-15,5.05,2.41,,5.01,2.41,5.01,USD,2024-03-07,2024-03-07
KRAFT HEINZ FOODS CO,Corporates,Fixed Income,10177.75,0.01717,10177.75,10000,99.93,United States,--,USD,4.72,5.21,1,2032-03-15,5.2,4.75,,5.21,4.75,5.21,USD,2025-02-25,2025-02-25
Jefferies Financial Group Inc MTN,Corporates,Fixed Income,10178.16,0.01717,10178.16,10000,99.85,United States,--,USD,0.48,4.58,1,2027-02-11,4.3,0.53,,4.58,0.53,4.58,USD,2026-02-11,2026-02-11
MCDONALDS CORPORATION MTN,Corporates,Fixed Income,10180.66,0.01717,10180.66,10000,99.62,United States,--,USD,5.71,5.01,1,2033-08-14,4.95,5.77,,5.01,5.77,5.01,USD,2023-08-14,2023-08-14
HOST HOTELS & RESORTS LP,Corporates,Fixed Income,10172.8,0.01716,10172.8,10000,101.13,United States,--,USD,4.9,5.47,1,2032-06-15,5.7,4.93,,5.47,4.81,5.47,USD,2025-05-20,2025-05-20
FISERV INC,Corporates,Fixed Income,10168.8,0.01715,10168.8,10000,99.49,United States,--,USD,5.3,5.69,1,2033-03-02,5.6,5.34,,5.69,5.34,5.69,USD,2023-03-02,2023-03-02
AMERICAN HONDA FINANCE CORPORATION MTN,Corporates,Fixed Income,10170.73,0.01715,10170.73,10000,99.94,United States,--,USD,2.41,4.92,1,2029-03-13,4.9,2.41,,4.92,2.41,4.92,USD,2024-03-13,2024-03-13
TARGA RESOURCES CORP,Corporates,Fixed Income,10164.57,0.01714,10164.57,10000,99.23,United States,--,USD,6.56,5.61,1,2035-02-15,5.5,6.59,,5.61,6.59,5.61,USD,2024-08-09,2024-08-09
RYDER SYSTEM INC MTN,Corporates,Fixed Income,10153.56,0.01713,10153.56,10000,100.78,United States,--,USD,1.7,4.8,1,2028-06-01,5.25,1.74,,4.79,1.66,4.79,USD,2023-05-19,2023-05-19
AMERICAN ASSETS TRUST LP,Corporates,Fixed Income,10137.91,0.0171,10137.91,10000,99.47,United States,--,USD,6.22,6.23,1,2034-10-01,6.15,6.23,,6.23,6.23,6.23,USD,2024-09-17,2024-09-17
LAS VEGAS SANDS CORP,Corporates,Fixed Income,10139.53,0.0171,10139.53,10000,100.8,United States,--,USD,1.74,5.17,1,2028-06-15,5.63,1.77,,5.15,1.69,5.15,USD,2025-05-06,2025-05-06
ORACLE CORPORATION,Corporates,Fixed Income,10113.83,0.01706,10113.83,10000,98.87,United States,--,USD,1.86,5.39,1,2028-08-03,4.8,1.86,,5.39,1.86,5.39,USD,2025-02-03,2025-02-03
CANADIAN PACIFIC RAILWAY COMPANY,Corporates,Fixed Income,10102.3,0.01704,10102.3,10000,98.85,Canada,--,USD,14.53,6.2,1,2115-09-15,6.13,14.76,,6.2,14.76,6.2,USD,2015-09-11,2015-09-11
CONAGRA BRANDS INC,Corporates,Fixed Income,10103.82,0.01704,10103.82,10000,98.65,United States,--,USD,3.51,5.38,1,2030-08-01,5.0,3.51,,5.38,3.51,5.38,USD,2025-07-22,2025-07-22
AMEREN CORPORATION,Corporates,Fixed Income,10098.92,0.01703,10098.92,10000,99.08,United States,--,USD,6.66,5.51,1,2035-03-15,5.38,6.7,,5.51,6.7,5.51,USD,2025-03-07,2025-03-07
TEXTRON INC,Corporates,Fixed Income,10092.22,0.01702,10092.22,10000,99.88,United States,--,USD,6.8,5.52,1,2035-05-15,5.5,6.84,,5.52,6.84,5.52,USD,2025-02-13,2025-02-13
MCDONALDS CORPORATION MTN,Corporates,Fixed Income,10085.81,0.01701,10085.81,10000,99.48,United States,--,USD,0.58,4.38,1,2027-03-01,3.5,0.58,,4.38,0.58,4.38,USD,2017-03-09,2017-03-09
GATX CORPORATION,Corporates,Fixed Income,10080.18,0.017,10080.18,10000,99.34,United States,--,USD,2.38,4.96,1,2029-04-01,4.7,2.46,,4.96,2.46,4.96,USD,2019-01-31,2019-01-31
GOLUB CAPITAL PRIVATE CREDIT FUND,Corporates,Fixed Income,10075.89,0.01699,10075.89,10000,98.65,United States,--,USD,2.77,6.28,1,2029-09-12,5.8,2.76,,6.28,2.76,6.28,USD,2025-03-12,2025-06-12
AMERICAN TOWER CORPORATION,Corporates,Fixed Income,10052.54,0.01696,10052.54,10000,98.62,United States,--,USD,6.67,5.55,1,2035-03-15,5.35,6.7,,5.55,6.7,5.55,USD,2025-03-14,2025-03-14
APOLLO DEBT SOLUTIONS BDC,Corporates,Fixed Income,10053.22,0.01696,10053.22,10000,98.17,United States,--,USD,3.52,6.39,1,2030-08-30,5.88,3.5,,6.39,3.5,6.39,USD,2025-07-17,2025-12-23
KRAFT HEINZ FOODS CO,Corporates,Fixed Income,10056.81,0.01696,10056.81,10000,98.65,United States,--,USD,6.65,5.6,1,2035-03-15,5.4,6.69,,5.6,6.69,5.6,USD,2025-02-25,2025-02-25
ARES STRATEGIC INCOME FUND,Corporates,Fixed Income,10041.8,0.01694,10041.8,10000,97.96,United States,--,USD,3.11,6.25,1,2030-02-15,5.6,3.1,,6.25,3.1,6.25,USD,2025-02-15,2025-05-23
CARDINAL HEALTH INC,Corporates,Fixed Income,10036.76,0.01693,10036.76,10000,99.36,United States,--,USD,6.53,5.45,1,2034-11-15,5.35,6.57,,5.45,6.57,5.45,USD,2024-11-22,2024-11-22
STARBUCKS CORPORATION,Corporates,Fixed Income,10003.33,0.01687,10003.33,10000,97.93,United States,--,USD,5.39,5.18,1,2033-02-15,4.8,5.43,,5.18,5.43,5.18,USD,2023-02-16,2023-02-16
STRYKER CORPORATION,Corporates,Fixed Income,9994.72,0.01686,9994.72,10000,98.39,United States,--,USD,2.84,4.81,1,2029-09-11,4.25,2.85,,4.81,2.85,4.81,USD,2024-09-11,2024-09-11
ROPER TECHNOLOGIES INC,Corporates,Fixed Income,9991.65,0.01685,9991.65,10000,98.69,United States,--,USD,2.92,4.94,1,2029-10-15,4.5,2.93,,4.94,2.93,4.94,USD,2024-08-21,2024-08-21
PINNACLE FINANCIAL PARTNERS INC,Corporates,Fixed Income,9992.99,0.01685,9992.99,10000,98.94,United States,--,USD,4.08,5.78,1,2032-05-19,5.6,4.13,,5.78,4.13,5.78,USD,2026-05-19,2026-05-19
BLACKSTONE PRIVATE CREDIT FUND,Corporates,Fixed Income,9971.0,0.01682,9971.0,10000,99.59,United States,--,USD,2.68,6.1,1,2029-07-16,5.95,2.69,,6.1,2.69,6.1,USD,2024-05-29,2024-11-07
VICI PROPERTIES LP,Corporates,Fixed Income,9964.95,0.01681,9964.95,10000,97.9,United States,--,USD,6.63,5.94,1,2035-04-01,5.63,6.65,,5.94,6.65,5.94,USD,2025-04-07,2025-04-07
WILLIAMS COMPANIES INC,Corporates,Fixed Income,9952.44,0.01679,9952.44,10000,97.86,United States,--,USD,7.02,5.6,1,2035-09-30,5.3,7.05,,5.6,7.05,5.6,USD,2025-06-30,2025-06-30
MATTEL INC,Corporates,Fixed Income,9953.95,0.01679,9953.95,10000,98.62,United States,--,USD,3.8,5.36,1,2030-11-17,5.0,3.8,,5.36,3.8,5.36,USD,2025-11-17,2025-11-17
CNA FINANCIAL CORP,Corporates,Fixed Income,9954.44,0.01679,9954.44,10000,97.3,United States,--,USD,6.0,5.57,1,2034-02-15,5.13,6.03,,5.57,6.03,5.57,USD,2024-02-09,2024-02-09
CENCORA INC,Corporates,Fixed Income,9956.31,0.01679,9956.31,10000,97.81,United States,--,USD,2.35,4.87,1,2029-02-13,3.95,2.35,,4.87,2.35,4.87,USD,2026-02-13,2026-02-13
MOBILITY GLOBAL INC 144A,Corporates,Fixed Income,9948.98,0.01678,9948.98,10000,98.58,United States,--,USD,7.28,6.24,1,2036-06-15,6.05,7.28,,6.24,7.28,6.24,USD,2026-05-29,2026-05-29
BLACKSTONE SECURED LENDING FUND,Corporates,Fixed Income,9940.68,0.01677,9940.68,10000,98.47,United States,--,USD,0.55,4.91,1,2027-02-15,2.13,0.54,,4.91,0.54,4.91,USD,2022-02-15,2022-06-28
OTIS WORLDWIDE CORP,Corporates,Fixed Income,9937.99,0.01676,9937.99,10000,98.69,United States,--,USD,0.68,4.2,1,2027-04-05,2.29,0.68,,4.2,0.68,4.2,USD,2020-02-27,2020-09-04
OLD REPUBLIC INTERNATIONAL CORPORA,Corporates,Fixed Income,9928.66,0.01675,9928.66,10000,98.26,United States,--,USD,7.35,5.93,1,2036-06-01,5.7,7.36,,5.93,7.36,5.93,USD,2026-05-18,2026-05-18
CENOVUS ENERGY INC,Corporates,Fixed Income,9930.43,0.01675,9930.43,10000,97.46,Canada,--,USD,7.25,5.75,1,2036-03-20,5.4,7.27,,5.75,7.27,5.75,USD,2025-11-20,2025-11-20
BAXTER INTERNATIONAL INC,Corporates,Fixed Income,9923.93,0.01674,9923.93,10000,98.32,United States,--,USD,0.51,5.21,1,2027-02-01,1.92,0.5,,5.21,0.5,5.21,USD,2021-12-01,2022-06-10
ESSENTIAL UTILITIES INC,Corporates,Fixed Income,9919.68,0.01673,9919.68,15000,65.22,United States,--,USD,13.74,6.16,1,2050-04-15,3.35,13.96,,6.16,13.96,6.16,USD,2020-04-15,2020-04-15
MOLSON COORS BEVERAGE CO,Corporates,Fixed Income,9913.43,0.01672,9913.43,10000,98.28,United States,--,USD,7.48,5.73,1,2036-07-08,5.5,7.5,,5.73,7.5,5.73,USD,2026-05-27,2026-05-27
AMEREN CORPORATION,Corporates,Fixed Income,9914.52,0.01672,9914.52,10000,98.45,United States,--,USD,0.63,4.41,1,2027-03-15,1.95,0.63,,4.41,0.63,4.41,USD,2021-11-18,2021-11-18
UNUM GROUP,Corporates,Fixed Income,9906.65,0.01671,9906.65,10000,96.54,United States,--,USD,9.96,6.09,1,2042-08-15,5.75,10.01,,6.09,10.01,6.09,USD,2012-08-23,2012-08-23
FORTIVE CORP,Corporates,Fixed Income,9900.98,0.0167,9900.98,10000,98.1,United States,--,USD,4.2,5.2,1,2031-05-15,4.75,4.2,,5.2,4.2,5.2,USD,2026-05-14,2026-05-14
BROADRIDGE FINANCIAL SOLUTIONS INC,Corporates,Fixed Income,9902.93,0.0167,9902.93,10000,97.94,United States,--,USD,7.3,6.03,1,2036-05-15,5.75,7.3,,6.03,7.3,6.03,USD,2026-05-15,2026-05-15
ARIZONA PUBLIC SERVICE COMPANY,Corporates,Fixed Income,9891.53,0.01668,9891.53,10000,96.33,United States,--,USD,12.94,6.17,1,2055-08-15,5.9,13.19,,6.17,13.19,6.17,USD,2025-08-15,2025-08-15
FLOWSERVE CORPORATION,Corporates,Fixed Income,9891.79,0.01668,9891.79,10000,97.79,United States,--,USD,7.31,6.0,1,2036-05-15,5.7,7.32,,6.0,7.32,6.0,USD,2026-05-12,2026-05-12
XCEL ENERGY INC,Corporates,Fixed Income,9877.43,0.01666,9877.43,10000,98.15,United States,--,USD,0.63,4.69,1,2027-03-15,1.75,0.63,,4.69,0.63,4.69,USD,2021-11-03,2021-11-03
F&G ANNUITIES & LIFE INC,Corporates,Fixed Income,9873.77,0.01665,9873.77,10000,96.85,United States,--,USD,6.19,6.76,1,2034-10-04,6.25,6.17,,6.76,6.17,6.76,USD,2024-10-04,2024-10-04
TRANSCONTINENTAL GAS PIPE LINE COM,Corporates,Fixed Income,9866.15,0.01664,9866.15,10000,96.85,United States,--,USD,7.34,5.52,1,2036-03-15,5.1,7.36,,5.52,7.36,5.52,USD,2026-03-15,2026-04-06
FIFTH THIRD BANCORP,Corporates,Fixed Income,9857.2,0.01663,9857.2,10000,96.09,United States,--,USD,7.04,5.62,1,2037-01-29,5.14,7.2,,5.62,7.2,5.62,USD,2026-01-29,2026-01-29
OREILLY AUTOMOTIVE INC,Corporates,Fixed Income,9851.37,0.01662,9851.37,10000,98.02,United States,--,USD,5.0,5.09,1,2032-06-15,4.7,5.05,,5.09,5.05,5.09,USD,2022-06-15,2022-06-15
AEP TEXAS INC,Corporates,Fixed Income,9840.63,0.0166,9840.63,10000,96.51,United States,--,USD,7.34,5.67,1,2036-04-15,5.2,7.36,,5.67,7.36,5.67,USD,2026-03-12,2026-03-12
SONOCO PRODUCTS COMPANY,Corporates,Fixed Income,9841.75,0.0166,9841.75,10000,96.45,United States,--,USD,6.39,5.55,1,2034-09-01,5.0,6.42,,5.55,6.42,5.55,USD,2024-09-19,2024-09-19
AMERICAN HONDA FINANCE CORPORATION MTN,Corporates,Fixed Income,9843.02,0.0166,9843.02,10000,98.26,United States,--,USD,2.31,4.91,1,2029-01-08,4.15,2.3,,4.91,2.3,4.91,USD,2026-01-08,2026-01-08
NUTRIEN LTD,Corporates,Fixed Income,9844.41,0.0166,9844.41,10000,97.64,Canada,--,USD,7.46,5.66,1,2036-05-29,5.35,7.48,,5.66,7.48,5.66,USD,2026-05-29,2026-05-29
AEGON FUNDING COMPANY LLC,Corporates,Fixed Income,9837.89,0.01659,9837.89,10000,97.19,Netherlands,--,USD,7.31,6.01,1,2036-05-07,5.63,7.31,,6.01,7.31,6.01,USD,2026-05-07,2026-05-07
HUBBELL INCORPORATED,Corporates,Fixed Income,9823.25,0.01657,9823.25,10000,97.62,United States,--,USD,5.71,5.32,1,2033-06-15,4.9,5.73,,5.32,5.73,5.32,USD,2026-06-08,2026-06-08
NETAPP INC,Corporates,Fixed Income,9825.24,0.01657,9825.24,10000,98.05,United States,--,USD,0.89,4.58,1,2027-06-22,2.38,0.89,,4.58,0.89,4.58,USD,2020-06-22,2020-06-22
KEYSIGHT TECHNOLOGIES INC,Corporates,Fixed Income,9809.7,0.01655,9809.7,10000,96.75,United States,--,USD,6.53,5.44,1,2034-10-15,4.95,6.56,,5.44,6.56,5.44,USD,2024-10-09,2024-10-09
LOWES COMPANIES INC,Corporates,Fixed Income,9804.03,0.01654,9804.03,10000,96.95,United States,--,USD,2.47,4.87,1,2029-04-05,3.65,2.51,,4.87,2.51,4.87,USD,2019-04-05,2019-04-05
CIGNA GROUP,Corporates,Fixed Income,9806.2,0.01654,9806.2,10000,97.95,United States,--,USD,7.33,5.53,1,2036-01-15,5.25,7.35,,5.53,7.35,5.53,USD,2025-09-04,2025-09-04
QUANTA SERVICES INC.,Corporates,Fixed Income,9791.95,0.01652,9791.95,10000,97.82,United States,--,USD,3.99,5.05,1,2031-01-15,4.5,4.0,,5.05,4.0,5.05,USD,2025-08-07,2025-08-07
CENCORA INC,Corporates,Fixed Income,9787.58,0.01651,9787.58,10000,95.7,United States,--,USD,7.3,5.48,1,2036-02-13,4.9,7.32,,5.48,7.32,5.48,USD,2026-02-13,2026-02-13
BRIGHTHOUSE FINANCIAL INC,Corporates,Fixed Income,9790.41,0.01651,9790.41,15000,64.86,United States,--,USD,10.98,8.25,1,2047-06-22,4.7,11.06,,8.25,11.06,8.25,USD,2017-12-22,2018-04-25
PUBLIC SERVICE COMPANY OF OKLAHOMA,Corporates,Fixed Income,9784.38,0.0165,9784.38,10000,97.73,United States,--,USD,6.72,5.54,1,2035-01-15,5.2,6.75,,5.54,6.75,5.54,USD,2024-12-05,2024-12-05
CBRE SERVICES INC,Corporates,Fixed Income,9775.23,0.01649,9775.23,10000,96.6,United States,--,USD,7.46,5.7,1,2036-06-01,5.25,7.48,,5.7,7.48,5.7,USD,2026-05-04,2026-05-04
WEYERHAEUSER COMPANY,Corporates,Fixed Income,9779.58,0.01649,9779.58,10000,97.04,United States,--,USD,2.99,4.98,1,2029-11-15,4.0,3.03,,4.98,3.03,4.98,USD,2019-02-25,2019-02-25
CIGNA GROUP,Corporates,Fixed Income,9757.04,0.01646,9757.04,10000,97.44,United States,--,USD,13.28,6.19,1,2056-01-15,6.0,13.54,,6.19,13.54,6.19,USD,2025-09-04,2025-09-04
OWENS CORNING,Corporates,Fixed Income,9748.76,0.01644,9748.76,10000,96.86,United States,--,USD,12.97,6.19,1,2054-06-15,5.95,13.23,,6.19,13.23,6.19,USD,2024-05-31,2024-05-31
BECTON DICKINSON AND COMPANY,Corporates,Fixed Income,9738.36,0.01643,9738.36,10000,95.58,United States,--,USD,5.13,5.15,1,2032-08-22,4.3,5.16,,5.15,5.16,5.15,USD,2022-08-22,2022-08-22
NISOURCE INC,Corporates,Fixed Income,9740.54,0.01643,9740.54,10000,94.71,United States,--,USD,10.7,6.13,1,2045-02-01,5.65,10.86,,6.13,10.86,6.13,USD,2013-10-10,2013-10-10
LINCOLN NATIONAL CORPORATION,Corporates,Fixed Income,9732.99,0.01642,9732.99,10000,96.32,United States,--,USD,7.12,5.87,1,2035-11-15,5.35,7.13,,5.87,7.13,5.87,USD,2025-11-10,2025-11-10
QUEST DIAGNOSTICS INCORPORATED,Corporates,Fixed Income,9728.17,0.01641,9728.17,10000,96.21,United States,--,USD,7.59,5.5,1,2036-06-30,5.0,7.61,,5.5,7.61,5.5,USD,2026-05-06,2026-05-06
EXELON CORPORATION,Corporates,Fixed Income,9722.89,0.0164,9722.89,10000,95.14,United States,--,USD,12.88,6.24,1,2055-03-15,5.88,13.14,,6.24,13.14,6.24,USD,2025-02-21,2025-02-21
CBRE SERVICES INC,Corporates,Fixed Income,9719.56,0.01639,9719.56,10000,97.09,United States,--,USD,5.45,5.44,1,2033-01-15,4.9,5.46,,5.44,5.46,5.44,USD,2025-11-13,2025-11-13
OMNICOM GROUP INC,Corporates,Fixed Income,9719.71,0.01639,9719.71,10000,96.49,United States,--,USD,5.66,5.62,1,2033-06-02,5.0,5.67,,5.62,5.67,5.62,USD,2026-03-02,2026-03-02
DELL INTERNATIONAL LLC,Corporates,Fixed Income,9694.46,0.01635,9694.46,10000,96.4,United States,--,USD,7.91,5.71,1,2037-02-15,5.25,7.92,,5.71,7.92,5.71,USD,2026-06-16,2026-06-16
ORANGE SA,Corporates,Fixed Income,9680.8,0.01633,9680.8,10000,94.26,France,--,USD,10.51,6.04,1,2044-02-06,5.5,10.65,,6.04,10.65,6.04,USD,2014-02-06,2014-02-06
DIGITAL REALTY TRUST LP,Corporates,Fixed Income,9645.31,0.01627,9645.31,10000,96.23,United States,--,USD,2.71,4.99,1,2029-07-01,3.6,2.74,,4.99,2.74,4.99,USD,2019-06-14,2019-06-14
NORTHROP GRUMMAN CORP,Corporates,Fixed Income,9635.75,0.01625,9635.75,10000,95.18,United States,--,USD,9.44,5.66,1,2040-05-01,5.15,9.53,,5.66,9.53,5.66,USD,2020-03-23,2020-03-23
PUGET ENERGY INC,Corporates,Fixed Income,9555.79,0.01612,9555.79,10000,95.31,United States,--,USD,1.82,5.01,1,2028-06-15,2.38,1.81,,5.01,1.81,5.01,USD,2021-06-14,2021-10-12
PACIFIC GAS AND ELECTRIC COMPANY,Corporates,Fixed Income,9548.14,0.0161,9548.14,10000,92.93,United States,--,USD,12.67,6.54,1,2056-05-01,6.0,12.9,,6.54,12.9,6.54,USD,2026-02-20,2026-02-20
AT&T INC,Corporates,Fixed Income,9526.25,0.01607,9526.25,10000,93.81,United States,--,USD,13.49,6.75,1,2066-10-30,6.3,13.71,,6.75,13.71,6.75,USD,2026-04-30,2026-04-30
SOUTHWEST AIRLINES CO,Corporates,Fixed Income,9513.13,0.01605,9513.13,10000,94.14,United States,--,USD,7.13,6.08,1,2035-11-15,5.25,7.12,,6.08,7.12,6.08,USD,2025-11-03,2025-11-03
ELEVANCE HEALTH INC,Corporates,Fixed Income,9491.44,0.01601,9491.44,10000,93.58,United States,--,USD,14.11,6.29,1,2064-11-01,5.85,14.36,,6.29,14.36,6.29,USD,2024-10-31,2024-10-31
GENERAL MOTORS FINANCIAL COMPANY I,Corporates,Fixed Income,9485.12,0.016,9485.12,10000,94.53,United States,--,USD,3.55,5.16,1,2030-06-21,3.6,3.57,,5.16,3.57,5.16,USD,2020-06-22,2020-06-22
T-MOBILE USA INC,Corporates,Fixed Income,9488.22,0.016,9488.22,10000,91.78,United States,--,USD,12.68,6.48,1,2056-02-15,5.85,12.91,,6.48,12.91,6.48,USD,2026-01-12,2026-01-12
PACKAGING CORP OF AMERICA,Corporates,Fixed Income,9475.69,0.01598,9475.69,15000,62.22,United States,--,USD,14.55,5.97,1,2051-10-01,3.05,14.78,,5.97,14.78,5.97,USD,2021-09-21,2021-09-21
CUBESMART LP,Corporates,Fixed Income,9436.93,0.01592,9436.93,10000,94.13,United States,--,USD,2.29,4.88,1,2028-12-15,2.25,2.28,,4.88,2.28,4.88,USD,2021-11-30,2021-11-30
CONSTELLATION ENERGY GENERATION LL,Corporates,Fixed Income,9384.93,0.01583,9384.93,10000,93.72,United States,--,USD,14.37,6.31,1,2066-01-15,5.88,14.62,,6.31,14.62,6.31,USD,2026-01-08,2026-01-08
AMGEN INC,Corporates,Fixed Income,9376.99,0.01582,9376.99,10000,92.8,United States,--,USD,10.06,5.87,1,2041-11-15,5.15,10.17,,5.87,10.17,5.87,USD,2011-11-10,2011-11-10
FIDELITY NATIONAL FINANCIAL INC,Corporates,Fixed Income,9371.83,0.01581,9371.83,10000,93.36,United States,--,USD,3.56,5.31,1,2030-06-15,3.4,3.56,,5.31,3.56,5.31,USD,2020-06-12,2020-06-12
XCEL ENERGY INC,Corporates,Fixed Income,9324.88,0.01573,9324.88,10000,92.87,United States,--,USD,3.13,4.93,1,2029-12-01,2.6,3.14,,4.93,3.14,4.93,USD,2019-11-07,2019-11-07
KINDER MORGAN ENERGY PARTNERS LP,Corporates,Fixed Income,9307.78,0.0157,9307.78,10000,90.95,United States,--,USD,10.69,6.24,1,2044-09-01,5.4,10.84,,6.24,10.84,6.24,USD,2014-09-11,2014-09-11
ELEVANCE HEALTH INC,Corporates,Fixed Income,9295.98,0.01568,9295.98,10000,92.36,United States,--,USD,13.07,6.23,1,2054-06-15,5.65,13.32,,6.23,13.32,6.23,USD,2024-05-30,2024-05-30
JBS USA LUX SA,Corporates,Fixed Income,9298.03,0.01568,9298.03,10000,92.44,Brazil,--,USD,4.44,5.39,1,2031-12-01,3.75,4.72,,5.39,4.72,5.39,USD,2023-06-01,2023-08-21
ESSENTIAL UTILITIES INC,Corporates,Fixed Income,9284.28,0.01566,9284.28,10000,92.11,United States,--,USD,3.45,5.05,1,2030-04-15,2.7,3.45,,5.05,3.45,5.05,USD,2020-04-15,2020-04-15
BAT CAPITAL CORP,Corporates,Fixed Income,9287.09,0.01566,9287.09,10000,90.88,United Kingdom,--,USD,12.35,6.38,1,2052-03-16,5.65,12.58,,6.38,12.58,6.38,USD,2022-03-16,2022-03-16
AMERICAN HOMES 4 RENT LP,Corporates,Fixed Income,9253.92,0.01561,9253.92,10000,91.55,United States,--,USD,5.0,5.36,1,2032-04-15,3.63,5.01,,5.36,5.01,5.36,USD,2022-04-07,2022-04-07
GATX CORPORATION,Corporates,Fixed Income,9245.56,0.01559,9245.56,15000,61.19,United States,--,USD,14.37,6.17,1,2051-06-01,3.1,14.58,,6.17,14.58,6.17,USD,2021-02-03,2021-02-03
J M SMUCKER CO,Corporates,Fixed Income,9234.49,0.01558,9234.49,10000,91.5,United States,--,USD,3.39,4.95,1,2030-03-15,2.38,3.39,,4.95,3.39,4.95,USD,2020-03-09,2020-03-09
CORNING INC,Corporates,Fixed Income,9202.4,0.01552,9202.4,10000,91.01,United States,--,USD,12.08,6.09,1,2048-11-15,5.35,12.31,,6.09,12.31,6.09,USD,2018-11-06,2018-11-06
MOODYS CORPORATION,Corporates,Fixed Income,9175.9,0.01548,9175.9,10000,91.64,United States,--,USD,11.09,6.02,1,2044-07-15,5.25,11.2,,6.02,11.2,6.02,USD,2014-07-16,2014-07-16
NORFOLK SOUTHERN CORPORATION,Corporates,Fixed Income,9172.59,0.01547,9172.59,10000,90.22,United States,--,USD,10.16,5.81,1,2041-10-01,4.84,10.2,,5.81,10.2,5.81,USD,2012-04-01,2012-05-23
WESTLAKE CORP,Corporates,Fixed Income,9116.86,0.01538,9116.86,15000,59.41,United States,--,USD,14.0,6.4,1,2051-08-15,3.13,14.19,,6.4,14.19,6.4,USD,2021-08-19,2021-08-19
FACTSET RESEARCH SYSTEMS INC,Corporates,Fixed Income,9065.3,0.01529,9065.3,10000,89.29,United States,--,USD,4.91,5.71,1,2032-03-01,3.45,4.9,,5.71,4.9,5.71,USD,2022-03-01,2022-03-01
CORNING INC,Corporates,Fixed Income,9017.71,0.01521,9017.71,10000,88.49,United States,--,USD,10.33,5.89,1,2042-03-15,4.75,10.38,,5.89,10.38,5.89,USD,2012-02-21,2012-02-21
APTIV SWISS HOLDINGS LTD,Corporates,Fixed Income,9003.44,0.01519,9003.44,15000,59.58,United States,--,USD,14.37,6.32,1,2051-12-01,3.1,14.57,,6.32,14.57,6.32,USD,2021-11-23,2021-11-23
EBAY INC,Corporates,Fixed Income,8961.76,0.01512,8961.76,10000,89.09,United States,--,USD,4.39,5.2,1,2031-05-10,2.6,4.38,,5.2,4.38,5.2,USD,2021-05-10,2021-05-10
ELEVANCE HEALTH INC,Corporates,Fixed Income,8935.19,0.01507,8935.19,10000,89.24,United States,--,USD,10.96,6.11,1,2044-01-15,5.1,11.04,,6.11,11.04,6.11,USD,2013-08-06,2013-08-06
CANADIAN PACIFIC RAILWAY COMPANY,Corporates,Fixed Income,8931.89,0.01506,8931.89,10000,87.03,Canada,--,USD,11.34,5.95,1,2045-08-01,4.8,11.52,,5.95,11.52,5.95,USD,2015-08-03,2015-08-03
VENTAS REALTY LP,Corporates,Fixed Income,8901.46,0.01501,8901.46,10000,88.03,United States,--,USD,4.64,5.2,1,2031-09-01,2.5,4.63,,5.2,4.63,5.2,USD,2021-08-20,2021-08-20
GLP CAPITAL LP,Corporates,Fixed Income,8851.04,0.01493,8851.04,10000,88.44,United States,--,USD,4.9,5.74,1,2032-01-15,3.25,4.89,,5.74,4.89,5.74,USD,2021-12-13,2021-12-13
MASCO CORP,Corporates,Fixed Income,8845.61,0.01492,8845.61,10000,87.58,United States,--,USD,4.24,5.09,1,2031-02-15,2.0,4.22,,5.09,4.22,5.09,USD,2021-03-04,2021-03-04
INTEL CORPORATION,Corporates,Fixed Income,8846.19,0.01492,8846.19,10000,86.95,United States,--,USD,9.5,6.01,1,2040-03-25,4.6,9.55,,6.01,9.55,6.01,USD,2020-03-25,2020-03-25
DOLLAR TREE INC,Corporates,Fixed Income,8848.35,0.01492,8848.35,10000,88.1,United States,--,USD,4.86,5.23,1,2031-12-01,2.65,4.85,,5.23,4.85,5.23,USD,2021-12-01,2021-12-01
NISOURCE INC,Corporates,Fixed Income,8796.25,0.01484,8796.25,10000,85.86,United States,--,USD,10.83,6.13,1,2044-02-15,4.8,10.96,,6.13,10.96,6.13,USD,2013-04-12,2013-04-12
CUBESMART LP,Corporates,Fixed Income,8797.34,0.01484,8797.34,10000,86.88,United States,--,USD,5.02,5.25,1,2032-02-15,2.5,5.0,,5.25,5.0,5.25,USD,2021-11-30,2021-11-30
CVS HEALTH CORP,Corporates,Fixed Income,8756.71,0.01477,8756.71,10000,86.81,United States,--,USD,4.28,5.13,1,2031-02-28,1.88,4.26,,5.13,4.26,5.13,USD,2020-12-16,2020-12-16
INVITATION HOMES OPERATING PARTNER,Corporates,Fixed Income,8637.42,0.01457,8637.42,10000,85.5,United States,--,USD,4.66,5.3,1,2031-08-15,2.0,4.64,,5.3,4.64,5.3,USD,2021-08-06,2021-08-06
INTERNATIONAL FLAVORS & FRAGRANCES,Corporates,Fixed Income,8629.8,0.01456,8629.8,10000,84.67,United States,--,USD,12.01,6.29,1,2048-09-26,5.0,12.23,,6.29,12.23,6.29,USD,2018-09-26,2018-09-26
WESTERN MIDSTREAM OPERATING LP,Corporates,Fixed Income,8618.32,0.01454,8618.32,10000,84.09,United States,--,USD,11.43,6.7,1,2048-03-01,5.3,11.62,,6.7,11.62,6.7,USD,2018-03-02,2018-03-02
HUMANA INC,Corporates,Fixed Income,8546.61,0.01442,8546.61,10000,83.93,United States,--,USD,10.9,6.46,1,2044-10-01,4.95,11.02,,6.46,11.02,6.46,USD,2014-09-19,2014-09-19
DOMINION ENERGY INC,Corporates,Fixed Income,8519.4,0.01437,8519.4,10000,83.07,United States,--,USD,12.97,6.16,1,2052-08-15,4.85,13.21,,6.16,13.21,6.16,USD,2022-08-19,2022-08-19
CHARTER COMMUNICATIONS OPERATING L,Corporates,Fixed Income,8448.23,0.01425,8448.23,10000,83.38,United States,--,USD,5.0,5.87,1,2032-02-01,2.3,4.97,,5.87,4.97,5.87,USD,2020-12-04,2020-12-04
PACIFIC GAS AND ELECTRIC CO,Corporates,Fixed Income,8428.75,0.01422,8428.75,10000,82.2,United States,--,USD,10.73,6.46,1,2044-02-15,4.75,10.83,,6.46,10.83,6.46,USD,2014-02-21,2014-02-21
COREBRIDGE FINANCIAL INC,Corporates,Fixed Income,8319.07,0.01403,8319.07,10000,81.89,United States,--,USD,10.45,6.17,1,2042-04-05,4.35,10.53,,6.17,10.53,6.17,USD,2023-04-05,2023-05-24
STARBUCKS CORPORATION,Corporates,Fixed Income,8085.41,0.01364,8085.41,10000,80.0,United States,--,USD,12.52,6.16,1,2048-11-15,4.5,12.74,,6.16,12.74,6.16,USD,2018-08-10,2018-08-10
LOWES COMPANIES INC,Corporates,Fixed Income,8089.72,0.01364,8089.72,10000,79.53,United States,--,USD,12.45,6.25,1,2049-04-05,4.55,12.67,,6.25,12.67,6.25,USD,2019-04-05,2019-04-05
AT&T INC,Corporates,Fixed Income,7970.39,0.01344,7970.39,10000,79.25,United States,--,USD,10.8,6.36,1,2042-12-15,4.3,10.88,,6.36,10.88,6.36,USD,2013-06-15,2013-06-18
HCA INC,Corporates,Fixed Income,7904.33,0.01333,7904.33,10000,77.4,United States,--,USD,12.87,6.44,1,2052-03-15,4.63,13.09,,6.44,13.09,6.44,USD,2023-03-15,2023-08-07
PACIFIC GAS & ELECTRIC CO,Corporates,Fixed Income,7793.39,0.01314,7793.39,10000,76.41,United States,--,USD,11.35,6.5,1,2045-03-15,4.3,11.48,,6.5,11.48,6.5,USD,2014-11-06,2014-11-06
NORTHROP GRUMMAN CORP,Corporates,Fixed Income,7756.84,0.01308,7756.84,10000,76.52,United States,--,USD,11.96,5.94,1,2045-04-15,3.85,12.12,,5.94,12.12,5.94,USD,2015-02-06,2015-02-06
ONEOK INC,Corporates,Fixed Income,7700.11,0.01299,7700.11,10000,75.49,United States,--,USD,11.84,6.44,1,2046-09-15,4.25,12.01,,6.44,12.01,6.44,USD,2016-09-13,2016-09-13
MARKEL GROUP INC,Corporates,Fixed Income,7547.04,0.01273,7547.04,10000,74.02,United States,--,USD,13.04,6.25,1,2050-09-17,4.15,13.26,,6.25,13.26,6.25,USD,2019-09-17,2019-09-17
ENTERGY CORPORATION,Corporates,Fixed Income,7070.7,0.01193,7070.7,10000,70.31,United States,--,USD,13.55,6.13,1,2050-06-15,3.75,13.78,,6.13,13.78,6.13,USD,2020-05-19,2020-05-19
APPALACHIAN POWER CO,Corporates,Fixed Income,7007.96,0.01182,7007.96,10000,69.24,United States,--,USD,13.44,6.19,1,2050-05-01,3.7,13.66,,6.19,13.66,6.19,USD,2020-05-14,2020-05-14
VERIZON COMMUNICATIONS INC,Corporates,Fixed Income,6943.16,0.01171,6943.16,10000,68.32,United States,--,USD,11.1,6.08,1,2041-09-03,2.85,11.14,,6.08,11.14,6.08,USD,2021-09-03,2021-09-03
ORACLE CORPORATION,Corporates,Fixed Income,6930.94,0.01169,6930.94,10000,69.12,United States,--,USD,10.76,7.7,1,2044-07-08,4.5,10.8,,7.7,10.8,7.7,USD,2014-07-08,2014-07-08
NASDAQ INC,Corporates,Fixed Income,6835.63,0.01153,6835.63,10000,68.13,United States,--,USD,11.19,5.79,1,2040-12-21,2.5,11.23,,5.79,11.23,5.79,USD,2020-12-21,2020-12-21
EVERSOURCE ENERGY,Corporates,Fixed Income,6702.68,0.01131,6702.68,10000,66.95,United States,--,USD,13.78,6.12,1,2050-01-15,3.45,14.0,,6.12,14.0,6.12,USD,2020-01-10,2020-01-10
EVEREST REINSURANCE HOLDINGS INC,Corporates,Fixed Income,6590.23,0.01112,6590.23,10000,64.95,United States,--,USD,13.58,6.35,1,2050-10-15,3.5,13.78,,6.35,13.78,6.35,USD,2020-10-07,2020-10-07
SHERWIN-WILLIAMS COMPANY (THE),Corporates,Fixed Income,6043.33,0.01019,6043.33,10000,59.4,United States,--,USD,14.76,6.03,1,2052-03-15,2.9,14.98,,6.03,14.98,6.03,USD,2021-11-10,2021-11-10
NEXTERA ENERGY CAPITAL HOLDINGS IN,Corporates,Fixed Income,5941.33,0.01002,5941.33,10000,59.35,United States,--,USD,14.71,6.19,1,2052-01-15,3.0,14.92,,6.19,14.92,6.19,USD,2021-12-13,2021-12-13
INTEL CORPORATION,Corporates,Fixed Income,5535.58,0.00934,5535.58,10000,54.0,United States,--,USD,15.17,6.48,1,2060-02-15,3.1,15.38,,6.48,15.38,6.48,USD,2020-02-13,2020-02-13
USD CASH,Cash and/or Derivatives,Cash,-3116.19,-0.00526,-3116.19,-3116,100.0,United States,--,USD,0.0,3.71,1,,0.0,0.0,,3.71,0.0,3.71,USD,,1989-01-01
