Name,Sector,Asset Class,Market Value,Weight (%),Notional Value,Par Value,Location,Exchange,Currency,Duration,YTM (%),FX Rate,Maturity,Coupon (%),Mod. Duration,Yield to Call (%),Yield to Worst (%),Real Duration,Real YTM (%),Market Currency,Accrual Date,Effective Date
BLK CSH FND TREASURY SL AGENCY,Cash and/or Derivatives,Money Market,4780000.02,0.38483,4780000.02,4780000,United States,--,USD,0.09,3.56,1,,3.71,0.1,,3.56,0.1,3.56,USD,,2009-02-04
BROADCOM INC,Technology,Fixed Income,3326398.67,0.2678,3326398.67,3370000,United States,--,USD,5.08,5.18,1,2032-07-15,4.9,5.11,,5.18,5.11,5.18,USD,2025-07-11,2025-07-11
BROADCOM INC,Technology,Fixed Income,2856518.36,0.22997,2856518.36,3440000,United States,--,USD,7.74,5.58,1,2035-11-15,3.14,7.73,,5.58,7.73,5.58,USD,2026-05-15,2026-07-21
ANHEUSER-BUSCH COMPANIES LLC,Consumer Non-Cyclical,Fixed Income,2741706.78,0.22073,2741706.78,3047000,Belgium,--,USD,11.42,5.98,1,2046-02-01,4.9,11.61,,5.98,11.61,5.98,USD,2019-02-01,2019-05-13
META PLATFORMS INC,Communications,Fixed Income,2553968.13,0.20561,2553968.13,2688000,United States,--,USD,7.24,5.7,1,2035-11-15,4.88,7.25,,5.7,7.25,5.7,USD,2025-11-03,2025-11-03
META PLATFORMS INC,Communications,Fixed Income,1949324.77,0.15694,1949324.77,2050000,United States,--,USD,12.48,6.79,1,2056-05-15,6.3,12.7,,6.79,12.7,6.79,USD,2026-05-04,2026-05-04
AMAZON.COM INC,Consumer Cyclical,Fixed Income,1928745.92,0.15528,1928745.92,1989000,United States,--,USD,7.39,5.52,1,2036-03-13,4.88,7.41,,5.52,7.41,5.52,USD,2026-03-13,2026-03-13
NVIDIA CORPORATION,Technology,Fixed Income,1925478.44,0.15502,1925478.44,1950000,United States,--,USD,4.31,4.89,1,2031-06-15,4.5,4.32,,4.89,4.32,4.89,USD,2026-06-18,2026-06-18
META PLATFORMS INC,Communications,Fixed Income,1914859.89,0.15416,1914859.89,2221000,United States,--,USD,12.71,6.8,1,2055-11-15,5.63,12.93,,6.8,12.93,6.8,USD,2025-11-03,2025-11-03
NVIDIA CORPORATION,Technology,Fixed Income,1884100.55,0.15168,1884100.55,1950000,United States,--,USD,7.62,5.46,1,2036-06-15,4.95,7.65,,5.46,7.65,5.46,USD,2026-06-18,2026-06-18
PFIZER INVESTMENT ENTERPRISES PTE,Consumer Non-Cyclical,Fixed Income,1880343.82,0.15138,1880343.82,2065000,United States,--,USD,13.15,6.05,1,2053-05-19,5.3,13.41,,6.05,13.41,6.05,USD,2023-05-19,2023-05-19
ANHEUSER-BUSCH COMPANIES LLC,Consumer Non-Cyclical,Fixed Income,1834704.87,0.14771,1834704.87,1884000,Belgium,--,USD,7.29,5.36,1,2036-02-01,4.7,7.36,,5.36,7.36,5.36,USD,2019-02-01,2019-05-13
AMAZON.COM INC,Consumer Cyclical,Fixed Income,1819609.95,0.14649,1819609.95,1919000,United States,--,USD,12.97,6.35,1,2056-03-13,5.8,13.21,,6.35,13.21,6.35,USD,2026-03-13,2026-03-13
WELLS FARGO & COMPANY MTN,Banking,Fixed Income,1744321.53,0.14043,1744321.53,1685000,United States,--,USD,5.51,5.44,1,2034-07-25,5.56,5.59,,5.42,5.59,5.42,USD,2023-07-25,2023-07-25
ABBVIE INC,Consumer Non-Cyclical,Fixed Income,1725371.4,0.13891,1725371.4,1805000,United States,--,USD,3.07,4.83,1,2029-11-21,3.2,3.09,,4.83,3.09,4.83,USD,2020-05-21,2020-11-17
AMAZON.COM INC,Consumer Cyclical,Fixed Income,1714297.73,0.13801,1714297.73,1740000,United States,--,USD,4.07,4.98,1,2031-03-13,4.25,4.09,,4.98,4.09,4.98,USD,2026-03-13,2026-03-13
PFIZER INVESTMENT ENTERPRISES PTE,Consumer Non-Cyclical,Fixed Income,1708038.16,0.13751,1708038.16,1735000,United States,--,USD,5.65,5.17,1,2033-05-19,4.75,5.7,,5.17,5.7,5.17,USD,2023-05-19,2023-05-19
WELLS FARGO & COMPANY MTN,Banking,Fixed Income,1640097.98,0.13204,1640097.98,1867000,United States,--,USD,11.72,6.16,1,2051-04-04,5.01,12.78,,6.11,12.74,6.11,USD,2020-03-30,2020-03-30
BANK OF AMERICA CORP,Banking,Fixed Income,1601179.42,0.12891,1601179.42,1626000,United States,--,USD,1.33,4.81,1,2028-12-20,3.42,2.27,,4.78,1.35,4.78,USD,2017-12-20,2018-05-22
ABBVIE INC,Consumer Non-Cyclical,Fixed Income,1586811.08,0.12775,1586811.08,2015000,United States,--,USD,13.06,6.01,1,2049-11-21,4.25,13.29,,6.01,13.29,6.01,USD,2020-05-21,2020-11-17
WELLS FARGO & COMPANY MTN,Banking,Fixed Income,1562895.01,0.12583,1562895.01,1555000,United States,--,USD,4.95,5.34,1,2033-07-25,4.9,5.01,,5.27,5.01,5.27,USD,2022-07-25,2022-07-25
ALPHABET INC,Technology,Fixed Income,1535973.66,0.12366,1535973.66,1575000,United States,--,USD,7.34,5.42,1,2036-02-15,4.8,7.36,,5.42,7.36,5.42,USD,2026-02-13,2026-02-13
SALESFORCE INC,Technology,Fixed Income,1484810.96,0.11954,1484810.96,1495000,United States,--,USD,7.19,5.92,1,2036-03-15,5.55,7.2,,5.92,7.2,5.92,USD,2026-03-13,2026-03-13
HONEYWELL AEROSPACE INC 144A,Capital Goods,Fixed Income,1467790.27,0.11817,1467790.27,1498000,United States,--,USD,7.38,5.46,1,2036-03-16,4.95,7.4,,5.46,7.4,5.46,USD,2026-03-16,2026-03-16
BROADCOM INC,Technology,Fixed Income,1458224.41,0.1174,1458224.41,1505000,United States,--,USD,6.56,5.47,1,2034-10-15,4.8,6.59,,5.47,6.59,5.47,USD,2024-10-02,2024-10-02
WELLS FARGO & COMPANY,Banking,Fixed Income,1447713.82,0.11655,1447713.82,1340000,United States,--,USD,5.63,5.44,1,2034-10-23,6.49,5.7,,5.41,5.7,5.41,USD,2023-10-23,2023-10-23
GOLDMAN SACHS GROUP INC (FXD-FRN),Banking,Fixed Income,1434001.18,0.11545,1434001.18,1450000,United States,--,USD,1.44,4.75,1,2029-01-21,4.15,1.43,,4.75,1.43,4.75,USD,2026-01-21,2026-01-21
NVIDIA CORPORATION,Technology,Fixed Income,1426557.77,0.11485,1426557.77,1530000,United States,--,USD,13.48,6.16,1,2056-06-15,5.63,13.74,,6.16,13.74,6.16,USD,2026-06-18,2026-06-18
META PLATFORMS INC,Communications,Fixed Income,1390606.72,0.11195,1390606.72,1425000,United States,--,USD,6.41,5.45,1,2034-08-15,4.75,6.44,,5.45,6.44,5.45,USD,2024-08-09,2024-08-09
WELLS FARGO & COMPANY MTN,Banking,Fixed Income,1383032.05,0.11134,1383032.05,1365000,United States,--,USD,5.46,5.42,1,2034-04-24,5.39,5.53,,5.39,5.53,5.39,USD,2023-04-24,2023-04-24
META PLATFORMS INC,Communications,Fixed Income,1365592.73,0.10994,1365592.73,1540000,United States,--,USD,10.95,6.64,1,2045-11-15,5.5,11.1,,6.64,11.1,6.64,USD,2025-11-03,2025-11-03
CITIGROUP INC,Banking,Fixed Income,1355029.7,0.10909,1355029.7,1368000,United States,--,USD,3.29,5.59,1,2031-03-31,4.41,3.3,,5.11,3.31,5.11,USD,2020-03-31,2020-03-31
GOLDMAN SACHS GROUP INC/THE MTN,Banking,Fixed Income,1345158.0,0.1083,1345158.0,1350000,United States,--,USD,4.31,5.26,1,2032-07-21,5.24,4.34,,5.26,4.34,5.26,USD,2026-07-21,2026-07-21
NVIDIA CORPORATION,Technology,Fixed Income,1344548.42,0.10825,1344548.42,1425000,United States,--,USD,11.4,6.09,1,2046-06-15,5.55,11.6,,6.09,11.6,6.09,USD,2026-06-18,2026-06-18
GOLDMAN SACHS GROUP INC/THE MTN,Banking,Fixed Income,1344103.36,0.10821,1344103.36,1350000,United States,--,USD,7.36,5.68,1,2037-07-21,5.66,7.55,,5.68,7.55,5.68,USD,2026-07-21,2026-07-21
MICROSOFT CORPORATION,Technology,Fixed Income,1339930.63,0.10787,1339930.63,2199000,United States,--,USD,14.76,6.0,1,2052-03-17,2.92,14.99,,6.0,14.99,6.0,USD,2021-03-17,2021-03-17
META PLATFORMS INC,Communications,Fixed Income,1328581.61,0.10696,1328581.61,1560000,United States,--,USD,13.39,6.93,1,2065-11-15,5.75,13.6,,6.93,13.6,6.93,USD,2025-11-03,2025-11-03
ALPHABET INC,Technology,Fixed Income,1313320.11,0.10573,1313320.11,1380000,United States,--,USD,13.11,6.19,1,2056-02-15,5.65,13.36,,6.19,13.36,6.19,USD,2026-02-13,2026-02-13
WELLS FARGO & COMPANY MTN,Banking,Fixed Income,1311051.32,0.10555,1311051.32,1260000,United States,--,USD,1.84,5.04,1,2029-07-25,5.57,1.83,,4.89,1.83,4.89,USD,2023-07-25,2023-07-25
META PLATFORMS INC,Communications,Fixed Income,1307241.57,0.10524,1307241.57,1340000,United States,--,USD,5.33,5.22,1,2032-11-15,4.6,5.35,,5.22,5.35,5.22,USD,2025-11-03,2025-11-03
WELLS FARGO & COMPANY MTN,Banking,Fixed Income,1306725.44,0.1052,1306725.44,1420000,United States,--,USD,4.88,5.27,1,2033-03-02,3.35,4.93,,5.27,4.93,5.27,USD,2022-03-02,2022-03-02
META PLATFORMS INC,Communications,Fixed Income,1303184.49,0.10492,1303184.49,1385000,United States,--,USD,13.1,7.0,1,2066-05-15,6.45,13.31,,7.0,13.31,7.0,USD,2026-05-04,2026-05-04
CITIBANK NA (FXD-FRN),Banking,Fixed Income,1299019.01,0.10458,1299019.01,1300000,United States,--,USD,1.81,4.65,1,2029-06-18,4.55,1.79,,4.65,1.79,4.65,USD,2026-06-18,2026-06-18
GOLDMAN SACHS GROUP INC/THE,Banking,Fixed Income,1298645.63,0.10455,1298645.63,1435000,United States,--,USD,4.89,5.32,1,2033-02-24,3.1,4.93,,5.32,4.94,5.32,USD,2022-01-24,2022-01-24
GOLDMAN SACHS GROUP INC/THE,Banking,Fixed Income,1292079.15,0.10402,1292079.15,1355000,United States,--,USD,7.21,5.65,1,2037-01-21,5.07,7.39,,5.65,7.39,5.65,USD,2026-01-21,2026-01-21
HONEYWELL AEROSPACE INC 144A,Capital Goods,Fixed Income,1290276.67,0.10388,1290276.67,1320000,United States,--,USD,13.3,6.04,1,2056-03-16,5.73,13.57,,6.04,13.57,6.04,USD,2026-03-16,2026-03-16
WELLS FARGO & COMPANY MTN,Banking,Fixed Income,1288337.81,0.10372,1288337.81,1270000,United States,--,USD,3.3,5.11,1,2031-04-23,5.15,3.33,,5.1,3.33,5.1,USD,2025-04-23,2025-04-23
ANHEUSER-BUSCH INBEV WORLDWIDE INC,Consumer Non-Cyclical,Fixed Income,1286756.26,0.10359,1286756.26,1360000,Belgium,--,USD,12.22,5.99,1,2049-01-23,5.55,12.47,,5.99,12.47,5.99,USD,2019-01-23,2019-01-23
NVIDIA CORPORATION,Technology,Fixed Income,1277687.31,0.10286,1277687.31,1280000,United States,--,USD,1.8,4.58,1,2028-06-15,4.25,1.79,,4.58,1.79,4.58,USD,2026-06-18,2026-06-18
SALESFORCE INC,Technology,Fixed Income,1270769.07,0.10231,1270769.07,1270000,United States,--,USD,4.43,5.28,1,2031-09-15,4.9,4.41,,5.28,4.41,5.28,USD,2026-03-13,2026-03-13
PFIZER INVESTMENT ENTERPRISES PTE,Consumer Non-Cyclical,Fixed Income,1270244.16,0.10226,1270244.16,1264000,United States,--,USD,1.69,4.62,1,2028-05-19,4.45,1.72,,4.62,1.72,4.62,USD,2023-05-19,2023-05-19
SALESFORCE INC,Technology,Fixed Income,1265274.32,0.10186,1265274.32,1255000,United States,--,USD,2.39,5.0,1,2029-03-15,4.65,2.42,,5.0,2.42,5.0,USD,2026-03-13,2026-03-13
BANK OF AMERICA CORP MTN,Banking,Fixed Income,1265019.68,0.10184,1265019.68,1260000,United States,--,USD,5.99,5.4,1,2035-01-23,5.47,6.09,,5.4,6.09,5.4,USD,2024-01-23,2024-01-23
ALPHABET INC,Technology,Fixed Income,1258069.49,0.10128,1258069.49,1383000,United States,--,USD,13.37,6.2,1,2055-11-15,5.45,13.62,,6.2,13.62,6.2,USD,2025-11-06,2025-11-06
BANK OF AMERICA CORP MTN,Banking,Fixed Income,1258075.75,0.10128,1258075.75,1245000,United States,--,USD,5.48,5.35,1,2034-04-25,5.29,5.55,,5.33,5.55,5.33,USD,2023-04-25,2023-04-25
ABBVIE INC,Consumer Non-Cyclical,Fixed Income,1253405.79,0.10091,1253405.79,1455000,United States,--,USD,9.73,5.61,1,2039-11-21,4.05,9.79,,5.61,9.79,5.61,USD,2020-05-21,2020-11-17
GOLDMAN SACHS GROUP INC (FXD-FRN),Banking,Fixed Income,1251126.99,0.10073,1251126.99,1280000,United States,--,USD,3.75,5.17,1,2031-10-21,4.37,3.77,,5.17,3.77,5.17,USD,2025-10-21,2025-10-21
SALESFORCE INC,Technology,Fixed Income,1244396.66,0.10018,1244396.66,1275000,United States,--,USD,12.13,6.93,1,2056-03-15,6.55,12.34,,6.93,12.34,6.93,USD,2026-03-13,2026-03-13
WELLS FARGO & COMPANY MTN,Banking,Fixed Income,1239483.31,0.09979,1239483.31,1215000,United States,--,USD,6.63,5.51,1,2036-04-23,5.61,6.76,,5.51,6.76,5.51,USD,2025-04-23,2025-04-23
CITIBANK NA (FXD-FRN),Banking,Fixed Income,1238546.12,0.09971,1238546.12,1250000,United States,--,USD,4.33,5.07,1,2032-06-18,4.85,4.29,,5.07,4.29,5.07,USD,2026-06-18,2026-06-18
ABBOTT LABORATORIES,Consumer Non-Cyclical,Fixed Income,1232201.25,0.0992,1232201.25,1285000,United States,--,USD,13.5,5.94,1,2056-03-15,5.5,13.77,,5.94,13.77,5.94,USD,2026-03-09,2026-03-09
PFIZER INVESTMENT ENTERPRISES PTE,Consumer Non-Cyclical,Fixed Income,1219362.1,0.09817,1219362.1,1371000,United States,--,USD,14.41,6.17,1,2063-05-19,5.34,14.67,,6.17,14.67,6.17,USD,2023-05-19,2023-05-19
NVIDIA CORPORATION,Technology,Fixed Income,1218196.39,0.09807,1218196.39,1225000,United States,--,USD,2.66,4.71,1,2029-06-15,4.35,2.68,,4.71,2.68,4.71,USD,2026-06-18,2026-06-18
AMAZON.COM INC,Consumer Cyclical,Fixed Income,1214878.86,0.09781,1214878.86,1225000,United States,--,USD,4.34,5.03,1,2031-07-09,4.8,4.35,,5.03,4.35,5.03,USD,2026-07-09,2026-07-09
GOLDMAN SACHS GROUP INC/THE MTN,Banking,Fixed Income,1214893.93,0.09781,1214893.93,1215000,United States,--,USD,12.37,6.21,1,2057-07-21,6.21,13.52,,6.21,13.52,6.21,USD,2026-07-21,2026-07-21
SALESFORCE INC,Technology,Fixed Income,1214181.46,0.09775,1214181.46,1200000,United States,--,USD,1.52,4.78,1,2028-03-15,4.5,1.54,,4.78,1.54,4.78,USD,2026-03-13,2026-03-13
META PLATFORMS INC,Communications,Fixed Income,1208598.32,0.0973,1208598.32,1235000,United States,--,USD,3.85,4.96,1,2030-11-15,4.2,3.86,,4.96,3.86,4.96,USD,2025-11-03,2025-11-03
AMAZON.COM INC,Consumer Cyclical,Fixed Income,1206005.59,0.09709,1206005.59,1225000,United States,--,USD,7.59,5.53,1,2036-07-09,5.3,7.62,,5.53,7.62,5.53,USD,2026-07-09,2026-07-09
NVIDIA CORPORATION,Technology,Fixed Income,1199878.83,0.0966,1199878.83,1225000,United States,--,USD,5.74,5.19,1,2033-06-15,4.75,5.77,,5.19,5.77,5.19,USD,2026-06-18,2026-06-18
GOLDMAN SACHS GROUP INC/THE,Banking,Fixed Income,1189667.22,0.09578,1189667.22,1330000,United States,--,USD,4.31,5.25,1,2032-04-22,2.62,4.33,,5.25,4.33,5.25,USD,2021-04-22,2021-04-22
AMAZON.COM INC,Consumer Cyclical,Fixed Income,1187052.86,0.09557,1187052.86,1225000,United States,--,USD,13.14,6.35,1,2056-07-09,6.1,13.39,,6.35,13.39,6.35,USD,2026-07-09,2026-07-09
BANK OF AMERICA CORP MTN,Banking,Fixed Income,1184979.49,0.0954,1184979.49,1200000,United States,--,USD,5.05,5.33,1,2033-07-22,5.01,5.11,,5.26,5.11,5.26,USD,2022-07-22,2022-07-22
GOLDMAN SACHS GROUP INC/THE,Banking,Fixed Income,1182601.91,0.09521,1182601.91,1357000,United States,--,USD,4.56,5.28,1,2032-07-21,2.38,4.59,,5.28,4.59,5.28,USD,2021-07-21,2021-07-21
WELLS FARGO & COMPANY MTN,Banking,Fixed Income,1173583.75,0.09448,1173583.75,1176000,United States,--,USD,0.97,4.53,1,2027-07-22,4.3,0.96,,4.53,0.96,4.53,USD,2015-07-22,2015-07-22
CITIGROUP INC,Banking,Fixed Income,1157189.71,0.09316,1157189.71,1090000,United States,--,USD,5.08,5.4,1,2033-11-17,6.27,5.15,,5.32,5.15,5.32,USD,2022-11-17,2022-11-17
MICROSOFT CORPORATION,Technology,Fixed Income,1147942.39,0.09242,1147942.39,2030000,United States,--,USD,14.95,6.0,1,2050-06-01,2.52,15.16,,6.0,15.16,6.0,USD,2020-06-01,2020-06-01
CITIGROUP INC,Banking,Fixed Income,1141088.54,0.09187,1141088.54,1248000,United States,--,USD,3.57,5.27,1,2031-06-03,2.57,3.58,,5.15,3.58,5.15,USD,2020-06-03,2020-06-03
ABBOTT LABORATORIES,Consumer Non-Cyclical,Fixed Income,1140044.12,0.09178,1140044.12,1180000,United States,--,USD,7.46,5.33,1,2036-03-15,4.65,7.49,,5.33,7.49,5.33,USD,2026-03-09,2026-03-09
GOLDMAN SACHS GROUP INC/THE,Banking,Fixed Income,1121716.67,0.09031,1121716.67,1140000,United States,--,USD,6.3,5.55,1,2035-07-23,5.33,6.42,,5.55,6.42,5.55,USD,2024-07-23,2024-07-23
GOLDMAN SACHS GROUP INC (FXD-FRN),Banking,Fixed Income,1118944.53,0.09008,1118944.53,1155000,United States,--,USD,3.99,5.2,1,2032-01-21,4.52,4.0,,5.2,4.0,5.2,USD,2026-01-21,2026-01-21
CITIGROUP INC,Banking,Fixed Income,1118511.92,0.09005,1118511.92,1230000,United States,--,USD,4.83,5.26,1,2033-01-25,3.06,4.87,,5.26,4.87,5.26,USD,2022-01-25,2022-01-25
GLAXOSMITHKLINE CAPITAL INC,Consumer Non-Cyclical,Fixed Income,1117994.58,0.09001,1117994.58,1029000,United Kingdom,--,USD,8.29,5.51,1,2038-05-15,6.38,8.29,,5.51,8.29,5.51,USD,2008-05-13,2008-05-13
WELLS FARGO & COMPANY MTN,Banking,Fixed Income,1116276.11,0.08987,1116276.11,1090000,United States,--,USD,0.94,5.2,1,2028-07-25,4.81,0.94,,4.77,0.95,4.77,USD,2022-07-25,2022-07-25
HOME DEPOT INC,Consumer Cyclical,Fixed Income,1111626.46,0.08949,1111626.46,1064000,United States,--,USD,7.74,5.38,1,2036-12-16,5.88,7.73,,5.38,7.73,5.38,USD,2006-12-19,2006-12-19
META PLATFORMS INC,Communications,Fixed Income,1111095.23,0.08945,1111095.23,1145000,United States,--,USD,7.42,5.8,1,2036-05-15,5.25,7.44,,5.8,7.44,5.8,USD,2026-05-04,2026-05-04
WELLS FARGO & COMPANY MTN,Banking,Fixed Income,1103377.21,0.08883,1103377.21,1070000,United States,--,USD,3.09,4.97,1,2031-01-24,5.24,3.08,,4.97,3.09,4.97,USD,2025-01-24,2025-01-24
WELLS FARGO & COMPANY MTN,Banking,Fixed Income,1102334.81,0.08875,1102334.81,1170000,United States,--,USD,3.03,5.03,1,2030-10-30,2.88,3.04,,5.03,3.04,5.03,USD,2019-10-31,2019-10-31
BANK OF AMERICA CORP MTN,Banking,Fixed Income,1100856.91,0.08863,1100856.91,1220000,United States,--,USD,4.31,5.16,1,2032-04-22,2.69,4.32,,5.16,4.33,5.16,USD,2021-04-22,2021-04-22
HSBC HOLDINGS PLC,Banking,Fixed Income,1094636.27,0.08813,1094636.27,1078000,United Kingdom,--,USD,3.3,4.95,1,2030-03-31,4.95,3.28,,4.95,3.28,4.95,USD,2020-03-31,2020-03-31
GOLDMAN SACHS GROUP INC/THE,Banking,Fixed Income,1088833.82,0.08766,1088833.82,1040000,United States,--,USD,2.03,5.13,1,2029-10-24,6.48,2.05,,5.01,2.05,5.01,USD,2023-10-24,2023-10-24
WELLS FARGO & COMPANY (FXD-FRN) MTN,Banking,Fixed Income,1088174.92,0.08761,1088174.92,1140000,United States,--,USD,7.28,5.5,1,2037-01-23,4.96,7.43,,5.5,7.43,5.5,USD,2026-01-23,2026-01-23
CITIGROUP INC (FX-FRN),Banking,Fixed Income,1082435.07,0.08714,1082435.07,1150000,United States,--,USD,4.94,5.32,1,2033-03-17,3.79,4.91,,5.27,4.92,5.27,USD,2022-03-17,2022-03-17
PFIZER INVESTMENT ENTERPRISES PTE,Consumer Non-Cyclical,Fixed Income,1071061.29,0.08623,1071061.29,1070000,United States,--,USD,3.39,4.86,1,2030-05-19,4.65,3.43,,4.86,3.43,4.86,USD,2023-05-19,2023-05-19
JPMORGAN CHASE & CO,Banking,Fixed Income,1068568.15,0.08603,1068568.15,1060000,United States,--,USD,4.95,5.3,1,2033-07-25,4.91,5.01,,5.23,5.01,5.23,USD,2022-07-25,2022-07-25
SHELL FINANCE US INC,Energy,Fixed Income,1067918.56,0.08598,1067918.56,995000,United States,--,USD,8.58,5.62,1,2038-12-15,6.38,8.59,,5.62,8.59,5.62,USD,2026-06-15,2026-07-08
ABBVIE INC,Consumer Non-Cyclical,Fixed Income,1067006.02,0.0859,1067006.02,1055000,United States,--,USD,6.11,5.15,1,2034-03-15,5.05,6.16,,5.15,6.16,5.15,USD,2024-02-26,2024-02-26
APPLE INC,Technology,Fixed Income,1065248.93,0.08576,1065248.93,1212000,United States,--,USD,11.67,5.87,1,2046-02-23,4.65,11.87,,5.87,11.87,5.87,USD,2016-02-23,2016-02-23
GOLDMAN SACHS GROUP INC/THE,Banking,Fixed Income,1059072.24,0.08526,1059072.24,1062000,United States,--,USD,1.67,5.01,1,2029-05-01,4.22,2.55,,4.96,1.67,4.96,USD,2018-04-23,2018-04-23
ASTRAZENECA PLC,Consumer Non-Cyclical,Fixed Income,1057419.75,0.08513,1057419.75,956000,United Kingdom,--,USD,7.87,5.44,1,2037-09-15,6.45,7.87,,5.44,7.87,5.44,USD,2007-09-12,2007-09-12
BROADCOM INC,Technology,Fixed Income,1055449.76,0.08497,1055449.76,1360000,United States,--,USD,10.42,5.98,1,2041-02-15,3.5,10.46,,5.98,10.46,5.98,USD,2025-08-15,2025-10-17
GOLDMAN SACHS GROUP INC/THE,Banking,Fixed Income,1053834.76,0.08484,1053834.76,1040000,United States,--,USD,3.29,5.22,1,2031-04-23,5.22,3.32,,5.21,3.33,5.21,USD,2025-04-23,2025-04-23
CITIGROUP INC,Banking,Fixed Income,1045945.14,0.08421,1045945.14,1045000,United States,--,USD,2.84,5.04,1,2030-09-19,4.54,2.85,,5.04,2.86,5.04,USD,2024-09-19,2024-09-19
WELLS FARGO & COMPANY MTN,Banking,Fixed Income,1044140.96,0.08406,1044140.96,1041000,United States,--,USD,5.98,5.45,1,2035-01-23,5.5,6.08,,5.45,6.08,5.45,USD,2024-01-23,2024-01-23
WELLS FARGO & COMPANY MTN,Banking,Fixed Income,1042624.29,0.08394,1042624.29,1055000,United States,--,USD,6.52,5.46,1,2035-12-03,5.21,6.64,,5.46,6.64,5.46,USD,2024-12-03,2024-12-03
ALPHABET INC,Technology,Fixed Income,1035572.97,0.08337,1035572.97,1050000,United States,--,USD,4.03,4.89,1,2031-02-15,4.1,4.02,,4.89,4.02,4.89,USD,2026-02-13,2026-02-13
GOLDMAN SACHS GROUP INC/THE,Banking,Fixed Income,1030087.05,0.08293,1030087.05,1165000,United States,--,USD,4.71,5.29,1,2032-10-21,2.65,4.74,,5.29,4.74,5.29,USD,2021-10-21,2021-10-21
COMCAST CORPORATION,Communications,Fixed Income,1027522.94,0.08272,1027522.94,1993000,United States,--,USD,14.85,6.77,1,2056-11-01,2.94,15.04,,6.77,15.04,6.77,USD,2022-05-01,2022-06-06
PFIZER INC,Consumer Non-Cyclical,Fixed Income,1019814.05,0.0821,1019814.05,872000,United States,--,USD,8.36,5.6,1,2039-03-15,7.2,8.38,,5.6,8.38,5.6,USD,2009-03-24,2009-03-24
AMAZON.COM INC,Consumer Cyclical,Fixed Income,1019549.07,0.08208,1019549.07,1075000,United States,--,USD,13.84,6.46,1,2066-03-13,5.95,14.07,,6.46,14.07,6.46,USD,2026-03-13,2026-03-13
AMAZON.COM INC,Consumer Cyclical,Fixed Income,1018139.02,0.08197,1018139.02,1070000,United States,--,USD,14.24,6.53,1,2076-03-13,6.05,14.46,,6.53,14.46,6.53,USD,2026-03-13,2026-03-13
CITIGROUP INC,Banking,Fixed Income,1018159.77,0.08197,1018159.77,1140000,United States,--,USD,4.35,5.19,1,2032-05-01,2.56,4.36,,5.19,4.36,5.19,USD,2021-05-04,2021-05-04
LLOYDS BANKING GROUP PLC,Banking,Fixed Income,1017036.13,0.08188,1017036.13,1025000,United Kingdom,--,USD,1.21,5.34,1,2028-11-07,3.57,2.14,,4.81,1.23,4.81,USD,2017-11-07,2017-11-07
GOLDMAN SACHS GROUP INC/THE,Banking,Fixed Income,1016420.69,0.08183,1016420.69,1042000,United States,--,USD,6.43,5.54,1,2035-10-23,5.02,6.56,,5.54,6.56,5.54,USD,2024-10-23,2024-10-23
INTERNATIONAL BUSINESS MACHINES CO,Technology,Fixed Income,1014126.18,0.08164,1014126.18,1045000,United States,--,USD,2.62,4.89,1,2029-05-15,3.5,2.62,,4.89,2.62,4.89,USD,2019-05-15,2019-05-15
AMAZON.COM INC,Consumer Cyclical,Fixed Income,1013385.15,0.08159,1013385.15,1010000,United States,--,USD,1.55,4.52,1,2028-03-13,3.85,1.55,,4.52,1.55,4.52,USD,2026-03-13,2026-03-13
CITIGROUP INC,Banking,Fixed Income,1010059.0,0.08132,1010059.0,1020000,United States,--,USD,4.91,5.33,1,2033-05-24,4.91,4.96,,5.27,4.97,5.27,USD,2022-05-24,2022-05-24
BANK OF AMERICA CORP MTN,Banking,Fixed Income,1006981.99,0.08107,1006981.99,1005000,United States,--,USD,0.96,5.22,1,2028-07-22,4.95,0.95,,4.76,0.96,4.76,USD,2022-07-22,2022-07-22
VISA INC,Technology,Fixed Income,1004580.9,0.08088,1004580.9,1206000,United States,--,USD,12.05,5.78,1,2045-12-14,4.3,12.25,,5.78,12.25,5.78,USD,2015-12-14,2015-12-14
AMAZON.COM INC,Consumer Cyclical,Fixed Income,1003656.37,0.0808,1003656.37,1120000,United States,--,USD,13.28,6.3,1,2055-11-20,5.45,13.53,,6.3,13.53,6.3,USD,2025-11-20,2025-11-20
JPMORGAN CHASE & CO MTN,Banking,Fixed Income,998729.89,0.08041,998729.89,1005000,United States,--,USD,4.35,5.11,1,2032-07-23,5.04,4.37,,5.11,4.37,5.11,USD,2026-07-23,2026-07-23
JPMORGAN CHASE & CO,Banking,Fixed Income,998767.71,0.08041,998767.71,990000,United States,--,USD,5.55,5.35,1,2034-06-01,5.35,5.64,,5.33,5.64,5.33,USD,2023-06-01,2023-06-01
GOLDMAN SACHS GROUP INC/THE,Banking,Fixed Income,997741.88,0.08033,997741.88,1040000,United States,--,USD,7.0,5.64,1,2036-10-21,4.94,7.18,,5.64,7.17,5.64,USD,2025-10-21,2025-10-21
JPMORGAN CHASE & CO (FXD-FRN) MTN,Banking,Fixed Income,995360.12,0.08013,995360.12,1000000,United States,--,USD,2.76,4.91,1,2030-07-23,4.86,2.76,,4.91,2.76,4.91,USD,2026-07-23,2026-07-23
AMAZON.COM INC,Consumer Cyclical,Fixed Income,990036.76,0.07971,990036.76,1040000,United States,--,USD,7.33,5.42,1,2035-11-20,4.65,7.35,,5.42,7.35,5.42,USD,2025-11-20,2025-11-20
LLOYDS BANKING GROUP PLC,Banking,Fixed Income,985013.86,0.0793,985013.86,960000,United Kingdom,--,USD,2.58,5.07,1,2030-06-05,5.72,2.6,,5.02,2.6,5.02,USD,2024-06-05,2024-06-05
MORGAN STANLEY MTN,Banking,Fixed Income,983748.73,0.0792,983748.73,985000,United States,--,USD,2.92,5.04,1,2030-10-18,4.65,2.93,,5.04,2.93,5.04,USD,2024-10-18,2024-10-18
GOLDMAN SACHS GROUP INC/THE MTN,Banking,Fixed Income,981382.34,0.07901,981382.34,990000,United States,--,USD,4.21,5.24,1,2032-06-03,4.97,4.23,,5.24,4.23,5.24,USD,2026-06-03,2026-06-03
ABBOTT LABORATORIES,Consumer Non-Cyclical,Fixed Income,981323.5,0.079,981323.5,1010000,United States,--,USD,5.57,5.09,1,2033-03-15,4.3,5.59,,5.09,5.59,5.09,USD,2026-03-09,2026-03-09
AMAZON.COM INC,Consumer Cyclical,Fixed Income,980319.61,0.07892,980319.61,990000,United States,--,USD,5.33,5.01,1,2032-12-01,4.7,5.39,,5.01,5.39,5.01,USD,2022-12-01,2022-12-01
META PLATFORMS INC,Communications,Fixed Income,978355.64,0.07877,978355.64,1015000,United States,--,USD,10.76,6.65,1,2046-05-15,6.2,10.93,,6.65,10.93,6.65,USD,2026-05-04,2026-05-04
AMAZON.COM INC,Consumer Cyclical,Fixed Income,978446.28,0.07877,978446.28,1040000,United States,--,USD,5.0,5.0,1,2032-04-13,3.6,5.02,,5.0,5.02,5.0,USD,2022-04-13,2022-04-13
BANK OF AMERICA CORP MTN,Banking,Fixed Income,975748.35,0.07856,975748.35,1258000,United States,--,USD,12.32,6.0,1,2051-03-20,4.08,13.44,,5.98,13.41,5.98,USD,2020-03-20,2020-03-20
AMAZON.COM INC,Consumer Cyclical,Fixed Income,971909.43,0.07825,971909.43,975000,United States,--,USD,2.71,4.78,1,2029-07-09,4.6,2.73,,4.78,2.73,4.78,USD,2026-07-09,2026-07-09
ABBVIE INC,Consumer Non-Cyclical,Fixed Income,971961.84,0.07825,971961.84,1035000,United States,--,USD,13.16,6.0,1,2054-03-15,5.4,13.43,,6.0,13.43,6.0,USD,2024-02-26,2024-02-26
META PLATFORMS INC,Communications,Fixed Income,971978.59,0.07825,971978.59,985000,United States,--,USD,4.21,5.1,1,2031-05-15,4.55,4.22,,5.1,4.22,5.1,USD,2026-05-04,2026-05-04
HSBC HOLDINGS PLC,Banking,Fixed Income,971408.87,0.07821,971408.87,985000,United Kingdom,--,USD,7.09,5.7,1,2037-03-10,5.28,7.28,,5.7,7.27,5.7,USD,2026-03-10,2026-03-10
WELLS FARGO & COMPANY MTN,Banking,Fixed Income,970506.71,0.07813,970506.71,965000,United States,--,USD,2.31,5.01,1,2030-01-23,5.2,2.32,,4.95,2.32,4.95,USD,2024-01-23,2024-01-23
AMAZON.COM INC,Consumer Cyclical,Fixed Income,962676.94,0.0775,962676.94,1257000,United States,--,USD,12.31,6.2,1,2047-08-22,4.05,12.51,,6.2,12.51,6.2,USD,2018-02-22,2018-06-06
BRISTOL-MYERS SQUIBB CO,Consumer Non-Cyclical,Fixed Income,959462.54,0.07724,959462.54,1222000,United States,--,USD,12.95,6.07,1,2049-10-26,4.25,13.19,,6.07,13.19,6.07,USD,2020-04-26,2020-07-15
META PLATFORMS INC,Communications,Fixed Income,956604.49,0.07701,956604.49,1125000,United States,--,USD,12.46,6.79,1,2054-08-15,5.4,12.66,,6.79,12.66,6.79,USD,2024-08-09,2024-08-09
MORGAN STANLEY PRIVATE BANK NA,Banking,Fixed Income,955250.7,0.07691,955250.7,975000,United States,--,USD,3.87,5.11,1,2031-11-19,4.46,3.84,,5.11,3.84,5.11,USD,2025-11-19,2025-11-19
META PLATFORMS INC,Communications,Fixed Income,954456.05,0.07684,954456.05,1010000,United States,--,USD,5.19,5.25,1,2032-08-15,3.85,5.2,,5.25,5.2,5.25,USD,2022-08-09,2022-12-28
AMAZON.COM INC,Consumer Cyclical,Fixed Income,951292.23,0.07659,951292.23,955000,United States,--,USD,2.42,4.75,1,2029-03-13,4.0,2.44,,4.75,2.44,4.75,USD,2026-03-13,2026-03-13
CISCO SYSTEMS INC,Technology,Fixed Income,950472.13,0.07652,950472.13,940000,United States,--,USD,6.06,5.2,1,2034-02-26,5.05,6.1,,5.2,6.1,5.2,USD,2024-02-26,2024-02-26
MORGAN STANLEY (FXD-FRN) MTN,Banking,Fixed Income,947402.74,0.07627,947402.74,889000,United States,--,USD,4.99,5.5,1,2033-10-18,6.34,5.06,,5.4,5.06,5.4,USD,2022-10-18,2022-10-18
WELLS FARGO & COMPANY MTN,Banking,Fixed Income,940314.7,0.0757,940314.7,946000,United States,--,USD,3.29,5.6,1,2031-04-04,4.48,3.31,,5.06,3.32,5.06,USD,2020-03-30,2020-03-30
BANK OF AMERICA CORP MTN,Banking,Fixed Income,940326.18,0.0757,940326.18,895000,United States,--,USD,5.61,5.38,1,2034-09-15,5.87,5.69,,5.36,5.69,5.36,USD,2023-09-15,2023-09-15
GOLDMAN SACHS GROUP INC/THE,Banking,Fixed Income,931229.33,0.07497,931229.33,1060000,United States,--,USD,4.15,5.2,1,2032-01-27,1.99,4.16,,5.2,4.16,5.2,USD,2021-01-27,2021-01-27
ABBOTT LABORATORIES,Consumer Non-Cyclical,Fixed Income,930277.45,0.07489,930277.45,1041000,United States,--,USD,11.92,5.86,1,2046-11-30,4.9,12.15,,5.86,12.15,5.86,USD,2016-11-22,2016-11-22
HSBC HOLDINGS PLC FXD-FLT,Banking,Fixed Income,929997.8,0.07487,929997.8,920000,United Kingdom,--,USD,3.36,5.22,1,2031-05-13,5.24,3.37,,5.22,3.38,5.22,USD,2025-05-13,2025-05-13
AMERICA MOVIL SAB DE CV,Communications,Fixed Income,927876.25,0.0747,927876.25,894000,Mexico,--,USD,9.05,5.92,1,2040-03-30,6.13,9.06,,5.92,9.06,5.92,USD,2010-03-30,2010-08-25
HSBC HOLDINGS PLC,Banking,Fixed Income,926083.56,0.07456,926083.56,928000,United Kingdom,--,USD,1.8,5.07,1,2029-06-19,4.58,2.67,,4.94,1.79,4.94,USD,2018-06-19,2018-06-19
HSBC HOLDINGS PLC,Banking,Fixed Income,925818.13,0.07454,925818.13,948000,United Kingdom,--,USD,2.59,5.26,1,2030-05-22,3.97,2.61,,5.13,2.62,5.13,USD,2019-05-22,2019-05-22
LLOYDS BANKING GROUP PLC (FXD-FXD),Banking,Fixed Income,924691.27,0.07444,924691.27,914000,United Kingdom,--,USD,1.28,4.88,1,2028-11-26,5.09,1.27,,4.8,1.27,4.8,USD,2024-11-26,2024-11-26
MORGAN STANLEY,Banking,Fixed Income,923537.38,0.07435,923537.38,935000,United States,--,USD,0.97,5.52,1,2028-07-22,3.59,1.89,,4.88,0.96,4.88,USD,2017-07-24,2017-07-24
UBS GROUP AG,Banking,Fixed Income,918626.46,0.07396,918626.46,1040000,Switzerland,--,USD,11.44,6.0,1,2045-05-15,4.88,11.57,,6.0,11.57,6.0,USD,2015-11-15,2016-01-14
GOLDMAN SACHS GROUP INC/THE,Banking,Fixed Income,912357.89,0.07345,912357.89,893000,United States,--,USD,6.41,5.57,1,2036-01-28,5.54,6.53,,5.57,6.53,5.57,USD,2025-01-28,2025-01-28
PFIZER INVESTMENT ENTERPRISES PTE,Consumer Non-Cyclical,Fixed Income,910576.32,0.07331,910576.32,985000,United States,--,USD,10.64,5.91,1,2043-05-19,5.11,10.78,,5.91,10.78,5.91,USD,2023-05-19,2023-05-19
BANK OF AMERICA CORP MTN,Banking,Fixed Income,909188.9,0.0732,909188.9,1005000,United States,--,USD,4.87,5.23,1,2033-02-04,2.97,4.9,,5.23,4.9,5.23,USD,2022-02-04,2022-02-04
ALPHABET INC,Technology,Fixed Income,908811.25,0.07317,908811.25,1003000,United States,--,USD,14.7,6.4,1,2075-11-15,5.7,14.93,,6.4,14.93,6.4,USD,2025-11-06,2025-11-06
WELLS FARGO & COMPANY MTN,Banking,Fixed Income,908452.57,0.07314,908452.57,915000,United States,--,USD,4.19,5.12,1,2032-05-20,4.84,4.21,,5.12,4.21,5.12,USD,2026-05-20,2026-05-20
DUKE ENERGY CAROLINAS LLC,Electric,Fixed Income,907283.81,0.07304,907283.81,915000,United States,--,USD,2.11,4.68,1,2028-11-15,3.95,2.16,,4.68,2.16,4.68,USD,2018-11-08,2018-11-08
WELLS FARGO & COMPANY,Banking,Fixed Income,903365.54,0.07273,903365.54,865000,United States,--,USD,2.03,5.09,1,2029-10-23,6.3,2.05,,4.94,2.05,4.94,USD,2023-10-23,2023-10-23
COMCAST CORPORATION,Communications,Fixed Income,902877.41,0.07269,902877.41,1670000,United States,--,USD,14.18,6.76,1,2051-11-01,2.89,14.35,,6.76,14.35,6.76,USD,2022-05-01,2022-06-06
MORGAN STANLEY MTN,Banking,Fixed Income,902938.39,0.07269,902938.39,910000,United States,--,USD,4.09,5.24,1,2032-04-16,4.81,4.12,,5.24,4.12,5.24,USD,2026-04-17,2026-04-17
WELLS FARGO & COMPANY FX-FRN MTN,Banking,Fixed Income,902667.25,0.07267,902667.25,1101000,United States,--,USD,12.29,6.09,1,2053-04-25,4.61,13.52,,6.09,13.5,6.09,USD,2022-04-25,2022-04-25
CITIGROUP INC,Banking,Fixed Income,902507.75,0.07266,902507.75,910000,United States,--,USD,6.88,5.53,1,2036-09-11,5.17,7.03,,5.53,7.03,5.53,USD,2025-09-11,2025-09-11
ALPHABET INC,Technology,Fixed Income,897134.66,0.07223,897134.66,935000,United States,--,USD,7.31,5.38,1,2035-11-15,4.7,7.33,,5.38,7.33,5.38,USD,2025-11-06,2025-11-06
BRISTOL-MYERS SQUIBB CO,Consumer Non-Cyclical,Fixed Income,895000.55,0.07205,895000.55,935000,United States,--,USD,12.98,6.04,1,2054-02-22,5.55,13.24,,6.04,13.24,6.04,USD,2024-02-22,2024-02-22
MORGAN STANLEY (FXD-FRN) MTN,Banking,Fixed Income,892385.67,0.07184,892385.67,920000,United States,--,USD,3.98,5.17,1,2032-01-16,4.49,3.99,,5.17,3.99,5.17,USD,2026-01-20,2026-01-20
BANCO BILBAO VIZCAYA ARGENTARIA SA,Banking,Fixed Income,892131.73,0.07182,892131.73,865000,Spain,--,USD,2.4,4.89,1,2029-03-13,5.38,2.39,,4.89,2.39,4.89,USD,2024-03-13,2024-03-13
BANK OF AMERICA CORP (FXD-FRN) MTN,Banking,Fixed Income,891999.58,0.07181,891999.58,900000,United States,--,USD,4.13,5.11,1,2032-04-23,4.7,4.15,,5.11,4.15,5.11,USD,2026-04-23,2026-04-23
GOLDMAN SACHS GROUP INC/THE,Banking,Fixed Income,889244.79,0.07159,889244.79,891000,United States,--,USD,2.74,5.07,1,2030-07-23,5.05,2.75,,5.07,2.75,5.07,USD,2024-07-23,2024-07-23
MORGAN STANLEY MTN,Banking,Fixed Income,888576.94,0.07154,888576.94,895000,United States,--,USD,4.0,5.24,1,2032-03-12,4.71,4.03,,5.24,4.03,5.24,USD,2026-03-13,2026-03-13
GOLDMAN SACHS GROUP INC/THE,Banking,Fixed Income,885909.27,0.07132,885909.27,895000,United States,--,USD,5.46,5.46,1,2034-04-20,5.09,5.55,,5.46,5.55,5.46,USD,2026-04-20,2026-04-20
BRISTOL-MYERS SQUIBB CO,Consumer Non-Cyclical,Fixed Income,885711.79,0.07131,885711.79,865000,United States,--,USD,6.02,5.16,1,2034-02-22,5.2,6.07,,5.16,5.91,5.16,USD,2024-02-22,2024-02-22
BANK OF AMERICA CORP MTN,Banking,Fixed Income,885226.1,0.07127,885226.1,885000,United States,--,USD,6.49,5.69,1,2035-10-25,5.52,6.46,,5.72,6.46,5.72,USD,2024-10-25,2024-10-25
AMAZON.COM INC,Consumer Cyclical,Fixed Income,884291.58,0.07119,884291.58,905000,United States,--,USD,3.87,4.88,1,2030-11-20,4.1,3.88,,4.88,3.88,4.88,USD,2025-11-20,2025-11-20
CITIBANK NA,Banking,Fixed Income,881634.16,0.07098,881634.16,875000,United States,--,USD,3.42,4.91,1,2030-05-29,4.91,3.45,,4.91,3.45,4.91,USD,2025-05-29,2025-05-29
MORGAN STANLEY MTN,Banking,Fixed Income,880412.68,0.07088,880412.68,877000,United States,--,USD,5.47,5.43,1,2034-04-21,5.25,5.53,,5.42,5.54,5.42,USD,2023-04-21,2023-04-21
JPMORGAN CHASE & CO,Banking,Fixed Income,877845.22,0.07067,877845.22,885000,United States,--,USD,7.02,5.66,1,2036-07-23,5.58,6.99,,5.69,6.99,5.69,USD,2025-07-23,2025-07-23
MORGAN STANLEY MTN,Banking,Fixed Income,876624.56,0.07058,876624.56,895000,United States,--,USD,7.05,5.63,1,2037-01-30,5.07,7.22,,5.63,7.22,5.63,USD,2026-02-02,2026-02-02
ABBOTT LABORATORIES,Consumer Non-Cyclical,Fixed Income,876059.44,0.07053,876059.44,895000,United States,--,USD,4.11,4.88,1,2031-03-15,4.0,4.11,,4.88,4.11,4.88,USD,2026-03-09,2026-03-09
HSBC HOLDINGS PLC,Banking,Fixed Income,875435.05,0.07048,875435.05,975000,United Kingdom,--,USD,4.38,5.25,1,2032-05-24,2.8,4.39,,5.25,4.4,5.25,USD,2021-05-24,2021-05-24
WALMART INC,Consumer Cyclical,Fixed Income,873904.84,0.07036,873904.84,995000,United States,--,USD,4.79,4.61,1,2031-09-22,1.8,4.79,,4.61,4.79,4.61,USD,2021-09-22,2021-09-22
SUMITOMO MITSUI FINANCIAL GROUP IN,Banking,Fixed Income,870841.11,0.07011,870841.11,919000,Japan,--,USD,2.81,4.97,1,2029-07-16,3.04,2.8,,4.97,2.8,4.97,USD,2019-07-16,2019-07-16
CISCO SYSTEMS INC,Technology,Fixed Income,865835.22,0.06971,865835.22,845000,United States,--,USD,2.34,4.65,1,2029-02-26,4.85,2.37,,4.65,2.37,4.65,USD,2024-02-26,2024-02-26
AMAZON.COM INC,Consumer Cyclical,Fixed Income,864878.8,0.06963,864878.8,979000,United States,--,USD,8.5,5.49,1,2037-08-22,3.88,8.54,,5.49,8.54,5.49,USD,2018-02-22,2018-06-06
GOLDMAN SACHS GROUP INC/THE,Banking,Fixed Income,862797.29,0.06946,862797.29,893000,United States,--,USD,11.97,6.19,1,2056-01-28,5.73,13.12,,6.19,13.12,6.19,USD,2025-01-28,2025-01-28
ALPHABET INC,Technology,Fixed Income,861205.15,0.06933,861205.15,880000,United States,--,USD,5.48,5.14,1,2033-02-15,4.4,5.49,,5.14,5.49,5.14,USD,2026-02-13,2026-02-13
WELLS FARGO & COMPANY MTN,Banking,Fixed Income,860062.9,0.06924,860062.9,855000,United States,--,USD,2.24,4.78,1,2029-01-24,4.15,2.3,,4.78,2.3,4.78,USD,2019-01-24,2019-01-24
BANCO SANTANDER SA,Banking,Fixed Income,859038.56,0.06916,859038.56,835000,Spain,--,USD,1.01,4.71,1,2027-08-18,5.29,1.01,,4.71,1.01,4.71,USD,2022-08-18,2022-08-18
UNITEDHEALTH GROUP INC,Insurance,Fixed Income,859059.15,0.06916,859059.15,915000,United States,--,USD,13.28,6.09,1,2054-07-15,5.63,13.55,,6.09,13.55,6.09,USD,2024-07-25,2024-07-25
GOLDMAN SACHS GROUP INC/THE,Banking,Fixed Income,854939.88,0.06883,854939.88,830000,United States,--,USD,2.48,5.0,1,2030-04-25,5.73,2.49,,5.0,2.49,5.0,USD,2024-04-25,2024-04-25
PNC FINANCIAL SERVICES GROUP INC (,Banking,Fixed Income,854575.14,0.0688,854575.14,775000,United States,--,USD,5.57,5.49,1,2034-10-20,6.88,5.64,,5.44,5.64,5.44,USD,2023-10-20,2023-10-20
PHILIP MORRIS INTERNATIONAL INC,Consumer Non-Cyclical,Fixed Income,853164.05,0.06869,853164.05,824000,United States,--,USD,5.3,5.16,1,2033-02-15,5.38,5.36,,5.15,5.18,5.15,USD,2023-02-15,2023-02-15
ABBVIE INC,Consumer Non-Cyclical,Fixed Income,852152.17,0.0686,852152.17,980000,United States,--,USD,11.51,5.94,1,2045-05-14,4.7,11.68,,5.94,11.68,5.94,USD,2015-05-14,2015-05-14
INTERCONTINENTAL EXCHANGE INC,Brokerage/Asset Managers/Exchanges,Fixed Income,851600.42,0.06856,851600.42,845000,United States,--,USD,1.08,4.58,1,2027-09-15,4.0,1.09,,4.58,1.09,4.58,USD,2022-05-23,2022-05-23
JPMORGAN CHASE & CO,Banking,Fixed Income,850908.44,0.0685,850908.44,834000,United States,--,USD,6.65,5.47,1,2036-04-22,5.57,6.77,,5.47,6.77,5.47,USD,2025-04-22,2025-04-22
PHILIP MORRIS INTERNATIONAL INC,Consumer Non-Cyclical,Fixed Income,848940.46,0.06835,848940.46,825000,United States,--,USD,3.1,4.92,1,2030-02-15,5.13,3.15,,4.91,3.02,4.91,USD,2023-02-15,2023-02-15
CITIGROUP INC (FXD-FRN),Banking,Fixed Income,848596.49,0.06832,848596.49,855000,United States,--,USD,3.64,5.1,1,2031-09-11,4.5,3.65,,5.1,3.66,5.1,USD,2025-09-11,2025-09-11
SALESFORCE INC,Technology,Fixed Income,842543.54,0.06783,842543.54,843000,United States,--,USD,5.42,5.55,1,2033-03-15,5.2,5.44,,5.55,5.44,5.55,USD,2026-03-13,2026-03-13
BANK OF AMERICA CORP MTN,Banking,Fixed Income,842367.46,0.06782,842367.46,855000,United States,--,USD,7.11,5.51,1,2037-02-06,5.04,7.26,,5.51,7.26,5.51,USD,2026-02-06,2026-02-06
HSBC HOLDINGS PLC FXD-FLT,Banking,Fixed Income,841822.1,0.06777,841822.1,835000,United Kingdom,--,USD,6.5,5.61,1,2036-03-03,5.45,6.33,,5.61,6.64,5.61,USD,2025-03-03,2025-03-03
HSBC HOLDINGS PLC FXD-TO-FLT,Banking,Fixed Income,840935.32,0.0677,840935.32,830000,United Kingdom,--,USD,2.98,5.06,1,2030-11-19,5.29,2.99,,5.06,2.99,5.06,USD,2024-11-19,2024-11-19
WELLS FARGO & COMPANY MTN,Banking,Fixed Income,840511.79,0.06767,840511.79,903000,United States,--,USD,3.27,5.08,1,2031-02-11,2.57,3.28,,5.08,3.28,5.08,USD,2020-02-11,2020-02-11
BANK OF AMERICA CORP MTN,Banking,Fixed Income,839731.66,0.0676,839731.66,905000,United States,--,USD,3.3,5.02,1,2031-02-13,2.5,3.29,,5.02,3.29,5.02,USD,2020-02-13,2020-02-13
CITIGROUP INC,Banking,Fixed Income,834343.7,0.06717,834343.7,830000,United States,--,USD,6.2,5.41,1,2035-06-11,5.45,6.3,,5.41,6.3,5.41,USD,2024-06-11,2024-06-11
BHP BILLITON FINANCE (USA) LTD,Basic Industry,Fixed Income,833486.57,0.0671,833486.57,899000,Australia,--,USD,10.84,5.82,1,2043-09-30,5.0,10.93,,5.82,10.93,5.82,USD,2013-09-30,2013-09-30
AMAZON.COM INC,Consumer Cyclical,Fixed Income,831938.03,0.06698,831938.03,942000,United States,--,USD,4.45,4.96,1,2031-05-12,2.1,4.45,,4.96,4.45,4.96,USD,2021-05-12,2021-05-12
BANK OF AMERICA CORP,Banking,Fixed Income,829493.05,0.06678,829493.05,950000,United States,--,USD,4.58,5.16,1,2032-07-21,2.3,4.6,,5.16,4.6,5.16,USD,2021-07-21,2021-07-21
BANK OF AMERICA CORP MTN,Banking,Fixed Income,828351.29,0.06669,828351.29,935000,United States,--,USD,4.72,5.18,1,2032-10-20,2.57,4.75,,5.18,4.75,5.18,USD,2021-10-20,2021-10-20
GOLDMAN SACHS GROUP INC (FXD-FRN),Banking,Fixed Income,828078.7,0.06667,828078.7,835000,United States,--,USD,2.1,4.91,1,2029-10-21,4.15,2.09,,4.91,2.09,4.91,USD,2025-10-21,2025-10-21
BANK OF AMERICA CORP MTN,Banking,Fixed Income,827790.71,0.06664,827790.71,1170000,United States,--,USD,10.3,5.78,1,2041-06-19,2.68,10.82,,5.78,10.82,5.78,USD,2020-06-19,2020-06-19
JPMORGAN CHASE & CO,Banking,Fixed Income,826713.15,0.06656,826713.15,880000,United States,--,USD,2.99,5.11,1,2030-10-15,2.74,3.0,,5.05,3.01,5.05,USD,2019-09-12,2019-09-12
UNION PACIFIC CORPORATION,Transportation,Fixed Income,826134.23,0.06651,826134.23,825000,United States,--,USD,1.94,4.61,1,2028-09-10,3.95,1.99,,4.61,1.99,4.61,USD,2018-06-08,2018-06-08
BANK OF AMERICA CORP MTN,Banking,Fixed Income,825562.49,0.06646,825562.49,845000,United States,--,USD,4.88,5.29,1,2033-04-27,4.57,4.93,,5.26,4.93,5.26,USD,2022-04-27,2022-04-27
VMWARE LLC,Technology,Fixed Income,824294.73,0.06636,824294.73,825000,United States,--,USD,3.34,4.98,1,2030-05-15,4.7,3.42,,4.98,3.42,4.98,USD,2020-04-07,2020-04-07
MIDAMERICAN ENERGY COMPANY,Electric,Fixed Income,823374.48,0.06629,823374.48,838000,United States,--,USD,2.5,4.73,1,2029-04-15,3.65,2.53,,4.73,2.53,4.73,USD,2019-01-09,2019-01-09
BANK OF AMERICA CORP,Banking,Fixed Income,818570.74,0.0659,818570.74,828000,United States,--,USD,1.89,5.04,1,2029-07-23,4.27,2.77,,4.88,1.89,4.88,USD,2018-07-23,2018-07-23
APPLE INC,Technology,Fixed Income,818212.08,0.06587,818212.08,854000,United States,--,USD,1.5,4.41,1,2028-02-08,1.2,1.49,,4.41,1.49,4.41,USD,2021-02-08,2021-02-08
ALPHABET INC,Technology,Fixed Income,818027.83,0.06586,818027.83,835000,United States,--,USD,3.86,4.83,1,2030-11-15,4.1,3.87,,4.83,3.87,4.83,USD,2025-11-06,2025-11-06
MORGAN STANLEY,Banking,Fixed Income,816186.63,0.06571,816186.63,850000,United States,--,USD,3.33,5.47,1,2031-04-01,3.62,3.35,,5.16,3.35,5.16,USD,2020-03-31,2020-03-31
CITIGROUP INC,Banking,Fixed Income,815276.61,0.06564,815276.61,794000,United States,--,USD,2.3,4.96,1,2030-02-13,5.17,2.31,,4.96,2.32,4.96,USD,2024-02-13,2024-02-13
JPMORGAN CHASE & CO,Banking,Fixed Income,813878.04,0.06552,813878.04,785000,United States,--,USD,5.06,5.5,1,2033-09-14,5.72,5.03,,5.4,5.03,5.4,USD,2022-09-14,2022-09-14
WALT DISNEY CO,Communications,Fixed Income,813307.0,0.06548,813307.0,890000,United States,--,USD,4.14,4.83,1,2031-01-13,2.65,4.13,,4.83,4.13,4.83,USD,2020-05-13,2020-05-13
CITIGROUP INC,Banking,Fixed Income,809980.64,0.06521,809980.64,804000,United States,--,USD,0.95,5.12,1,2028-07-24,3.67,1.86,,4.78,0.95,4.78,USD,2017-07-24,2017-07-24
META PLATFORMS INC,Communications,Fixed Income,808970.0,0.06513,808970.0,963000,United States,--,USD,13.18,6.93,1,2064-08-15,5.55,13.38,,6.93,13.38,6.93,USD,2024-08-09,2024-08-09
LLOYDS BANKING GROUP PLC,Banking,Fixed Income,808612.11,0.0651,808612.11,779000,United Kingdom,--,USD,1.49,5.21,1,2029-03-06,5.87,1.49,,4.85,1.5,4.85,USD,2023-03-06,2023-03-06
ANHEUSER-BUSCH INBEV WORLDWIDE INC,Consumer Non-Cyclical,Fixed Income,807332.16,0.065,807332.16,807000,Belgium,--,USD,2.24,4.73,1,2029-01-23,4.75,2.33,,4.73,2.33,4.73,USD,2019-01-23,2019-01-23
BP CAPITAL MARKETS AMERICA INC,Energy,Fixed Income,806269.36,0.06491,806269.36,805000,United Kingdom,--,USD,5.39,5.17,1,2033-02-13,4.81,5.43,,5.17,5.43,5.17,USD,2023-02-13,2023-02-13
EXXON MOBIL CORP,Energy,Fixed Income,804964.99,0.06481,804964.99,984000,United States,--,USD,13.05,5.88,1,2050-03-19,4.33,13.31,,5.88,13.31,5.88,USD,2020-03-19,2020-03-19
BANK OF AMERICA CORP (FXD-FRN) MTN,Banking,Fixed Income,803200.73,0.06466,803200.73,810000,United States,--,USD,3.95,5.08,1,2032-02-06,4.46,3.96,,5.08,3.96,5.08,USD,2026-02-06,2026-02-06
MIZUHO FINANCIAL GROUP INC,Banking,Fixed Income,800566.39,0.06445,800566.39,785000,Japan,--,USD,1.83,5.15,1,2029-07-06,5.78,1.82,,4.85,1.83,4.85,USD,2023-07-06,2023-07-06
HSBC HOLDINGS PLC,Banking,Fixed Income,799958.18,0.0644,799958.18,781000,United Kingdom,--,USD,4.91,5.54,1,2033-08-11,5.4,4.98,,5.4,4.98,5.4,USD,2022-08-11,2022-08-11
ABBVIE INC,Consumer Non-Cyclical,Fixed Income,798660.82,0.0643,798660.82,838000,United States,--,USD,6.98,5.3,1,2035-05-14,4.5,7.07,,5.3,7.07,5.3,USD,2015-05-14,2015-05-14
JPMORGAN CHASE & CO,Banking,Fixed Income,797324.68,0.06419,797324.68,800000,United States,--,USD,3.25,5.54,1,2031-03-24,4.49,3.28,,5.04,3.29,5.04,USD,2020-03-24,2020-03-24
WELLS FARGO & COMPANY,Banking,Fixed Income,795591.79,0.06405,795591.79,850000,United States,--,USD,10.7,6.22,1,2044-01-15,5.61,10.78,,6.22,10.78,6.22,USD,2013-11-26,2014-02-04
GOLDMAN SACHS GROUP INC/THE,Banking,Fixed Income,792801.22,0.06383,792801.22,747000,United States,--,USD,9.25,5.92,1,2041-02-01,6.25,9.28,,5.92,9.28,5.92,USD,2011-01-28,2011-01-28
MORGAN STANLEY MTN,Banking,Fixed Income,790473.9,0.06364,790473.9,765000,United States,--,USD,5.98,5.51,1,2035-04-19,5.83,6.09,,5.51,6.09,5.51,USD,2024-04-19,2024-04-19
MORGAN STANLEY MTN,Banking,Fixed Income,790074.88,0.06361,790074.88,769000,United States,--,USD,1.39,5.09,1,2029-02-01,5.12,1.41,,4.92,1.41,4.92,USD,2023-01-19,2023-01-19
WALT DISNEY CO,Communications,Fixed Income,789813.6,0.06359,789813.6,848000,United States,--,USD,2.94,4.67,1,2029-09-01,2.0,2.93,,4.67,2.93,4.67,USD,2019-09-06,2019-09-06
GOLDMAN SACHS GROUP INC (FXD-FRN),Banking,Fixed Income,788858.21,0.06351,788858.21,769000,United States,--,USD,3.09,5.1,1,2031-01-28,5.21,3.09,,5.1,3.1,5.1,USD,2025-01-28,2025-01-28
GILEAD SCIENCES INC,Consumer Non-Cyclical,Fixed Income,787030.88,0.06336,787030.88,895000,United States,--,USD,11.59,5.96,1,2046-03-01,4.75,11.78,,5.96,11.78,5.96,USD,2015-09-14,2015-09-14
APPLE INC,Technology,Fixed Income,785716.19,0.06326,785716.19,886000,United States,--,USD,4.25,4.63,1,2031-02-08,1.65,4.25,,4.63,4.25,4.63,USD,2021-02-08,2021-02-08
ALPHABET INC,Technology,Fixed Income,785479.43,0.06324,785479.43,790000,United States,--,USD,2.36,4.63,1,2029-02-15,3.7,2.37,,4.63,2.37,4.63,USD,2026-02-13,2026-02-13
MORGAN STANLEY MTN,Banking,Fixed Income,784456.25,0.06315,784456.25,851000,United States,--,USD,3.27,5.1,1,2031-01-22,2.7,3.27,,5.1,3.27,5.1,USD,2020-01-22,2020-01-22
BANK OF MONTREAL MTN,Banking,Fixed Income,784244.27,0.06314,784244.27,760000,Canada,--,USD,1.38,4.72,1,2028-02-01,5.2,1.41,,4.7,1.34,4.7,USD,2023-01-12,2023-01-12
MORGAN STANLEY MTN,Banking,Fixed Income,784180.41,0.06313,784180.41,795000,United States,--,USD,6.3,5.51,1,2035-07-19,5.32,6.42,,5.51,6.42,5.51,USD,2024-07-19,2024-07-19
JPMORGAN CHASE & CO,Banking,Fixed Income,783416.76,0.06307,783416.76,790000,United States,--,USD,6.48,5.4,1,2035-07-22,5.29,6.44,,5.4,6.44,5.4,USD,2024-07-22,2024-07-22
ABBOTT LABORATORIES,Consumer Non-Cyclical,Fixed Income,781070.02,0.06288,781070.02,790000,United States,--,USD,2.42,4.72,1,2029-03-09,3.7,2.43,,4.72,2.43,4.72,USD,2026-03-09,2026-03-09
APPLE INC,Technology,Fixed Income,777591.73,0.0626,777591.73,820000,United States,--,USD,1.96,4.43,1,2028-08-05,1.4,1.95,,4.43,1.95,4.43,USD,2021-08-05,2021-08-05
HSBC HOLDINGS PLC,Banking,Fixed Income,776323.66,0.0625,776323.66,745000,United Kingdom,--,USD,1.49,5.19,1,2029-03-09,6.16,1.5,,4.92,1.5,4.92,USD,2023-03-09,2023-03-09
HSBC HOLDINGS PLC,Banking,Fixed Income,775267.6,0.06241,775267.6,760000,United Kingdom,--,USD,6.61,5.65,1,2036-05-13,5.79,6.76,,5.65,6.76,5.65,USD,2025-05-13,2025-05-13
AMAZON.COM INC,Consumer Cyclical,Fixed Income,772605.28,0.0622,772605.28,780000,United States,--,USD,2.17,4.65,1,2028-11-20,3.9,2.18,,4.65,2.18,4.65,USD,2025-11-20,2025-11-20
WELLS FARGO & COMPANY MTN,Banking,Fixed Income,771800.43,0.06214,771800.43,1033000,United States,--,USD,9.92,5.86,1,2041-04-30,3.07,10.44,,5.84,10.44,5.84,USD,2020-04-30,2020-04-30
MORGAN STANLEY MTN,Banking,Fixed Income,769338.39,0.06194,769338.39,755000,United States,--,USD,6.58,5.59,1,2036-04-17,5.66,6.72,,5.59,6.72,5.59,USD,2025-04-17,2025-04-17
NOVARTIS CAPITAL CORP,Consumer Non-Cyclical,Fixed Income,768716.46,0.06189,768716.46,774000,Switzerland,--,USD,13.48,5.89,1,2056-03-18,5.7,13.75,,5.89,13.75,5.89,USD,2026-03-18,2026-03-18
HSBC HOLDINGS PLC FXD-TO-FLT MTN,Banking,Fixed Income,768756.54,0.06189,768756.54,780000,United Kingdom,--,USD,3.77,5.19,1,2031-11-06,4.62,3.79,,5.19,3.79,5.19,USD,2025-11-06,2025-11-06
GOLDMAN SACHS GROUP INC/THE,Banking,Fixed Income,767625.93,0.0618,767625.93,744000,United States,--,USD,6.0,5.51,1,2035-04-25,5.85,6.1,,5.51,6.1,5.51,USD,2024-04-25,2024-04-25
MEDTRONIC INC,Consumer Non-Cyclical,Fixed Income,767656.56,0.0618,767656.56,802000,United States,--,USD,6.96,5.22,1,2035-03-15,4.38,6.94,,5.22,6.94,5.22,USD,2015-03-15,2015-08-31
CONOCOPHILLIPS,Energy,Fixed Income,767203.97,0.06177,767203.97,690000,United States,--,USD,8.43,5.59,1,2039-02-01,6.5,8.43,,5.59,8.43,5.59,USD,2009-02-03,2009-02-03
MORGAN STANLEY MTN,Banking,Fixed Income,765338.35,0.06162,765338.35,765000,United States,--,USD,6.55,5.55,1,2036-01-18,5.59,6.68,,5.55,6.68,5.55,USD,2025-01-21,2025-01-21
CISCO SYSTEMS INC,Technology,Fixed Income,763451.08,0.06146,763451.08,745000,United States,--,USD,3.94,4.84,1,2031-02-26,4.95,3.99,,4.83,3.86,4.83,USD,2024-02-26,2024-02-26
LLOYDS BANKING GROUP PLC,Banking,Fixed Income,761616.99,0.06132,761616.99,755000,United Kingdom,--,USD,1.57,4.75,1,2028-03-22,4.38,1.56,,4.75,1.56,4.75,USD,2018-03-22,2018-03-22
WELLS FARGO & COMPANY (FXD-FRN) MTN,Banking,Fixed Income,760964.44,0.06126,760964.44,775000,United States,--,USD,2.35,4.77,1,2030-01-23,4.18,2.34,,4.77,2.34,4.77,USD,2026-01-23,2026-01-23
MORGAN STANLEY MTN,Banking,Fixed Income,758146.8,0.06104,758146.8,755000,United States,--,USD,3.13,5.06,1,2031-01-15,5.23,3.14,,5.06,3.14,5.06,USD,2025-01-21,2025-01-21
GOLDMAN SACHS GROUP INC/THE,Banking,Fixed Income,758032.33,0.06103,758032.33,819000,United States,--,USD,10.71,6.18,1,2047-01-21,5.54,11.49,,6.18,11.48,6.18,USD,2026-01-21,2026-01-21
BANK OF AMERICA CORP MTN,Banking,Fixed Income,755611.67,0.06083,755611.67,760000,United States,--,USD,2.33,5.0,1,2030-02-07,3.97,3.19,,5.0,2.34,5.0,USD,2019-02-07,2019-02-07
BANCO SANTANDER SA,Banking,Fixed Income,755230.87,0.0608,755230.87,750000,Spain,--,USD,0.95,4.92,1,2028-07-15,5.37,0.94,,4.75,0.94,4.75,USD,2024-07-15,2024-07-15
CITIGROUP INC,Banking,Fixed Income,754257.64,0.06072,754257.64,618000,United States,--,USD,8.46,5.72,1,2039-07-15,8.13,8.47,,5.72,8.47,5.72,USD,2009-07-23,2009-07-23
PNC FINANCIAL SERVICES GROUP INC (,Banking,Fixed Income,752571.18,0.06059,752571.18,738000,United States,--,USD,1.76,5.05,1,2029-06-12,5.58,1.76,,4.83,1.76,4.83,USD,2023-06-12,2023-06-12
JPMORGAN CHASE & CO,Banking,Fixed Income,751555.59,0.06051,751555.59,725000,United States,--,USD,6.03,5.39,1,2035-04-22,5.77,6.12,,5.39,6.12,5.39,USD,2024-04-22,2024-04-22
ABBVIE INC,Consumer Non-Cyclical,Fixed Income,749736.78,0.06036,749736.78,735000,United States,--,USD,3.99,4.89,1,2031-03-15,4.95,4.04,,4.89,4.04,4.89,USD,2024-02-26,2024-02-26
UNITEDHEALTH GROUP INC,Insurance,Fixed Income,749662.69,0.06035,749662.69,725000,United States,--,USD,5.3,5.16,1,2033-02-15,5.35,5.36,,5.15,5.18,5.15,USD,2022-10-28,2022-10-28
SHELL FINANCE US INC,Energy,Fixed Income,749126.46,0.06031,749126.46,902000,United States,--,USD,11.72,5.96,1,2045-05-11,4.38,11.85,,5.96,11.85,5.96,USD,2024-05-11,2024-10-08
MORGAN STANLEY MTN,Banking,Fixed Income,747636.36,0.06019,747636.36,780000,United States,--,USD,7.03,5.6,1,2036-10-22,4.89,7.19,,5.6,7.19,5.6,USD,2025-10-22,2025-10-22
US BANCORP MTN,Banking,Fixed Income,745766.79,0.06004,745766.79,735000,United States,--,USD,5.96,5.45,1,2035-01-23,5.68,6.06,,5.44,6.06,5.44,USD,2024-01-23,2024-01-23
META PLATFORMS INC,Communications,Fixed Income,745118.47,0.05999,745118.47,860000,United States,--,USD,12.39,6.77,1,2053-05-15,5.6,12.6,,6.77,12.6,6.77,USD,2023-05-03,2023-05-03
HSBC HOLDINGS PLC,Banking,Fixed Income,745135.24,0.05999,745135.24,699000,United Kingdom,--,USD,5.2,5.54,1,2034-03-09,6.25,5.29,,5.48,5.29,5.48,USD,2023-03-09,2023-03-09
MORGAN STANLEY (FXD-FRN) MTN,Banking,Fixed Income,743276.83,0.05984,743276.83,760000,United States,--,USD,3.76,5.15,1,2031-10-22,4.36,3.77,,5.15,3.78,5.15,USD,2025-10-22,2025-10-22
COCA-COLA CO,Consumer Non-Cyclical,Fixed Income,743014.86,0.05982,743014.86,840000,United States,--,USD,5.02,4.7,1,2032-01-05,2.25,5.01,,4.7,5.01,4.7,USD,2021-05-05,2021-05-05
COMCAST CORPORATION,Communications,Fixed Income,742516.42,0.05978,742516.42,760000,United States,--,USD,5.42,5.45,1,2033-02-15,4.65,5.44,,5.45,5.44,5.45,USD,2023-02-09,2023-02-09
BANK OF AMERICA CORP MTN,Banking,Fixed Income,740957.43,0.05965,740957.43,720000,United States,--,USD,6.42,5.44,1,2036-01-24,5.51,6.54,,5.44,6.54,5.44,USD,2025-01-24,2025-01-24
CITIGROUP INC,Banking,Fixed Income,738700.25,0.05947,738700.25,783000,United States,--,USD,3.04,5.09,1,2030-11-05,2.98,3.05,,5.08,3.05,5.08,USD,2019-11-05,2019-11-05
HSBC HOLDINGS PLC,Banking,Fixed Income,738268.12,0.05944,738268.12,700000,United Kingdom,--,USD,9.6,6.04,1,2044-03-09,6.33,10.08,,6.03,10.08,6.03,USD,2023-03-09,2023-03-09
CISCO SYSTEMS INC,Technology,Fixed Income,737969.1,0.05941,737969.1,698000,United States,--,USD,8.64,5.55,1,2039-02-15,5.9,8.64,,5.55,8.64,5.55,USD,2009-02-17,2009-02-17
CITIGROUP INC (FXD-FRN),Banking,Fixed Income,737782.3,0.0594,737782.3,735000,United States,--,USD,3.35,5.14,1,2031-05-07,4.95,3.38,,5.14,3.38,5.14,USD,2025-05-07,2025-05-07
MORGAN STANLEY MTN,Banking,Fixed Income,733029.85,0.05901,733029.85,848000,United States,--,USD,4.4,5.19,1,2032-04-28,1.93,4.41,,5.19,4.42,5.19,USD,2021-01-25,2021-01-25
APPLE INC,Technology,Fixed Income,731643.36,0.0589,731643.36,907000,United States,--,USD,11.38,5.74,1,2043-05-04,3.85,11.46,,5.74,11.46,5.74,USD,2013-05-03,2013-05-03
BANK OF MONTREAL MTN,Banking,Fixed Income,728621.46,0.05866,728621.46,709000,Canada,--,USD,4.15,5.04,1,2031-06-04,5.51,4.2,,5.02,4.08,5.02,USD,2024-06-04,2024-06-04
ALIBABA GROUP HOLDING LTD,Consumer Cyclical,Fixed Income,726807.92,0.05851,726807.92,735000,China,--,USD,1.3,4.58,1,2027-12-06,3.4,1.31,,4.58,1.31,4.58,USD,2017-12-06,2017-12-06
BERKSHIRE HATHAWAY FINANCE CORP,Insurance,Fixed Income,725932.5,0.05844,725932.5,980000,United States,--,USD,13.85,5.93,1,2052-03-15,3.85,14.1,,5.93,14.1,5.93,USD,2022-03-15,2022-03-15
JPMORGAN CHASE & CO,Banking,Fixed Income,725272.89,0.05839,725272.89,679000,United States,--,USD,5.67,5.38,1,2034-10-23,6.25,5.74,,5.37,5.74,5.37,USD,2023-10-23,2023-10-23
HSBC HOLDINGS PLC FXD-TO-FLT MTN,Banking,Fixed Income,722401.03,0.05816,722401.03,710000,United Kingdom,--,USD,3.18,5.16,1,2031-03-03,5.13,3.19,,5.16,3.19,5.16,USD,2025-03-03,2025-03-03
MORGAN STANLEY,Banking,Fixed Income,721088.12,0.05805,721088.12,710000,United States,--,USD,3.3,5.14,1,2031-04-17,5.19,3.31,,5.14,3.31,5.14,USD,2025-04-17,2025-04-17
WELLS FARGO & COMPANY MTN,Banking,Fixed Income,720219.01,0.05798,720219.01,740000,United States,--,USD,6.94,8.84,1,2036-09-15,4.89,7.14,,5.51,7.11,5.51,USD,2025-09-15,2025-09-15
BROADCOM INC,Technology,Fixed Income,719616.77,0.05793,719616.77,720000,United States,--,USD,3.19,4.96,1,2030-02-15,4.35,3.19,,4.96,3.19,4.96,USD,2024-10-02,2024-10-02
HSBC HOLDINGS PLC,Banking,Fixed Income,719193.16,0.0579,719193.16,700000,United Kingdom,--,USD,0.98,5.5,1,2028-08-11,5.21,0.98,,4.81,0.99,4.81,USD,2022-08-11,2022-08-11
BRISTOL-MYERS SQUIBB CO,Consumer Non-Cyclical,Fixed Income,718387.09,0.05784,718387.09,825000,United States,--,USD,9.51,5.59,1,2039-06-15,4.13,9.57,,5.59,9.57,5.59,USD,2020-06-15,2020-07-15
JPMORGAN CHASE & CO,Banking,Fixed Income,717015.5,0.05773,717015.5,719000,United States,--,USD,6.02,5.37,1,2035-01-23,5.34,6.11,,5.37,6.11,5.37,USD,2024-01-23,2024-01-23
JPMORGAN CHASE & CO,Banking,Fixed Income,714001.99,0.05748,714001.99,795000,United States,--,USD,4.37,5.16,1,2032-04-22,2.58,4.33,,5.16,4.34,5.16,USD,2021-04-22,2021-04-22
MICROSOFT CORPORATION,Technology,Fixed Income,711346.88,0.05727,711346.88,1363000,United States,--,USD,16.65,6.03,1,2060-06-01,2.67,16.9,,6.03,16.9,6.03,USD,2020-06-01,2020-06-01
META PLATFORMS INC,Communications,Fixed Income,709071.11,0.05709,709071.11,955000,United States,--,USD,12.77,6.72,1,2052-08-15,4.45,12.96,,6.72,12.96,6.72,USD,2022-08-09,2022-12-28
EATON CORPORATION,Capital Goods,Fixed Income,708943.34,0.05708,708943.34,725000,United States,--,USD,7.4,5.34,1,2036-03-06,4.8,7.43,,5.34,7.43,5.34,USD,2026-03-06,2026-03-06
BERKSHIRE HATHAWAY FINANCE CORP,Insurance,Fixed Income,707876.9,0.05699,707876.9,881000,United States,--,USD,12.61,5.96,1,2048-08-15,4.2,12.83,,5.96,12.83,5.96,USD,2018-08-15,2018-08-15
JPMORGAN CHASE & CO,Banking,Fixed Income,707226.06,0.05694,707226.06,690000,United States,--,USD,0.94,5.19,1,2028-07-25,4.85,0.94,,4.75,0.95,4.75,USD,2022-07-25,2022-07-25
CITIGROUP INC,Banking,Fixed Income,707316.6,0.05694,707316.6,705000,United States,--,USD,6.62,5.5,1,2036-03-27,5.33,6.74,,5.5,6.74,5.5,USD,2025-03-27,2025-03-27
INTERNATIONAL BUSINESS MACHINES CO,Technology,Fixed Income,705778.22,0.05682,705778.22,955000,United States,--,USD,12.63,6.53,1,2049-05-15,4.25,12.77,,6.53,12.77,6.53,USD,2019-05-15,2019-05-15
ROYAL BANK OF CANADA (FX-FRN) MTN,Banking,Fixed Income,704094.53,0.05669,704094.53,685000,Canada,--,USD,3.12,4.97,1,2031-02-04,5.15,3.12,,4.97,3.12,4.97,USD,2025-01-24,2025-01-24
US BANCORP MTN,Banking,Fixed Income,704161.66,0.05669,704161.66,705000,United States,--,USD,0.96,5.01,1,2028-07-22,4.55,0.96,,4.68,0.96,4.68,USD,2022-07-22,2022-07-22
BANK OF AMERICA CORP MTN,Banking,Fixed Income,703986.41,0.05668,703986.41,764000,United States,--,USD,3.5,5.23,1,2031-04-29,2.59,3.49,,5.09,3.49,5.09,USD,2020-04-29,2020-04-29
WALT DISNEY CO,Communications,Fixed Income,703433.89,0.05663,703433.89,715000,United States,--,USD,4.11,4.83,1,2031-03-14,4.0,4.1,,4.83,4.1,4.83,USD,2026-02-12,2026-02-12
NOVARTIS CAPITAL CORP,Consumer Non-Cyclical,Fixed Income,703009.14,0.0566,703009.14,710000,Switzerland,--,USD,5.53,5.06,1,2033-03-18,4.6,5.56,,5.06,5.56,5.06,USD,2026-03-18,2026-03-18
GOLDMAN SACHS GROUP INC/THE,Banking,Fixed Income,703043.05,0.0566,703043.05,723000,United States,--,USD,3.27,5.05,1,2030-03-15,3.8,3.3,,5.05,3.3,5.05,USD,2020-03-19,2020-03-19
MORGAN STANLEY MTN,Banking,Fixed Income,702609.18,0.05657,702609.18,800000,United States,--,USD,4.73,5.27,1,2032-10-20,2.51,4.75,,5.27,4.76,5.27,USD,2021-10-19,2021-10-19
NOVARTIS CAPITAL CORP,Consumer Non-Cyclical,Fixed Income,702300.89,0.05654,702300.89,710000,Switzerland,--,USD,7.41,5.27,1,2036-03-18,4.9,7.45,,5.27,7.45,5.27,USD,2026-03-18,2026-03-18
MORGAN STANLEY MTN,Banking,Fixed Income,702315.32,0.05654,702315.32,792000,United States,--,USD,4.91,5.3,1,2033-01-21,2.94,4.95,,5.3,4.95,5.3,USD,2022-01-24,2022-01-24
AMAZON.COM INC,Consumer Cyclical,Fixed Income,701237.98,0.05646,701237.98,715000,United States,--,USD,5.52,5.19,1,2033-03-13,4.55,5.55,,5.19,5.55,5.19,USD,2026-03-13,2026-03-13
JPMORGAN CHASE & CO,Banking,Fixed Income,699768.72,0.05634,699768.72,734000,United States,--,USD,7.3,5.48,1,2037-01-22,4.9,7.45,,5.48,7.45,5.48,USD,2026-01-22,2026-01-22
MORGAN STANLEY MTN,Banking,Fixed Income,699806.98,0.05634,699806.98,750000,United States,--,USD,12.43,6.08,1,2055-11-19,5.52,13.55,,6.08,13.54,6.08,USD,2024-11-20,2024-11-20
AMAZON.COM INC,Consumer Cyclical,Fixed Income,697575.49,0.05616,697575.49,1135000,United States,--,USD,14.28,6.22,1,2051-05-12,3.1,14.49,,6.22,14.49,6.22,USD,2021-05-12,2021-05-12
GOLDMAN SACHS GROUP INC/THE,Banking,Fixed Income,694986.35,0.05595,694986.35,685000,United States,--,USD,1.02,5.12,1,2028-08-23,4.48,1.02,,4.87,1.03,4.87,USD,2022-08-23,2022-08-23
TOTALENERGIES CAPITAL INTERNATIONA,Energy,Fixed Income,694232.87,0.05589,694232.87,739000,France,--,USD,3.23,4.78,1,2030-01-10,2.83,3.24,,4.78,3.24,4.78,USD,2019-07-10,2019-07-10
GOLDMAN SACHS GROUP INC/THE MTN,Banking,Fixed Income,694026.74,0.05587,694026.74,705000,United States,--,USD,7.28,5.68,1,2037-06-03,5.42,7.47,,5.68,7.46,5.68,USD,2026-06-03,2026-06-03
JPMORGAN CHASE & CO,Banking,Fixed Income,693511.66,0.05583,693511.66,684000,United States,--,USD,3.3,5.08,1,2031-04-22,5.1,3.33,,5.07,3.33,5.07,USD,2025-04-22,2025-04-22
WYETH LLC,Consumer Non-Cyclical,Fixed Income,692403.41,0.05574,692403.41,656000,United States,--,USD,7.77,5.49,1,2037-04-01,5.95,7.76,,5.49,7.76,5.49,USD,2007-03-27,2007-03-27
HONEYWELL AEROSPACE INC 144A,Capital Goods,Fixed Income,691785.02,0.05569,691785.02,705000,United States,--,USD,5.52,5.23,1,2033-03-16,4.6,5.54,,5.23,5.54,5.23,USD,2026-03-16,2026-03-16
EXXON MOBIL CORP,Energy,Fixed Income,691352.16,0.05566,691352.16,711000,United States,--,USD,3.3,4.67,1,2030-03-19,3.48,3.34,,4.67,3.34,4.67,USD,2020-03-19,2020-03-19
US BANCORP MTN,Banking,Fixed Income,690736.85,0.05561,690736.85,695000,United States,--,USD,5.31,5.37,1,2034-02-01,4.84,5.38,,5.37,5.38,5.37,USD,2023-02-01,2023-02-01
MORGAN STANLEY MTN,Banking,Fixed Income,690510.38,0.05559,690510.38,797000,United States,--,USD,4.58,5.24,1,2032-07-21,2.24,4.61,,5.24,4.61,5.24,USD,2021-07-20,2021-07-20
EXXON MOBIL CORP,Energy,Fixed Income,690222.78,0.05557,690222.78,993000,United States,--,USD,14.1,5.88,1,2051-04-15,3.45,14.35,,5.88,14.35,5.88,USD,2020-04-15,2020-04-15
AMAZON.COM INC,Consumer Cyclical,Fixed Income,689850.8,0.05554,689850.8,720000,United States,--,USD,11.05,6.2,1,2046-03-13,5.65,11.25,,6.2,11.25,6.2,USD,2026-03-13,2026-03-13
JPMORGAN CHASE & CO,Banking,Fixed Income,689783.13,0.05553,689783.13,700000,United States,--,USD,7.23,5.67,1,2037-02-05,5.19,7.2,,5.73,7.2,5.73,USD,2026-02-05,2026-02-05
AMERICAN EXPRESS CO (FXD-FRN),Banking,Fixed Income,688307.23,0.05541,688307.23,690000,United States,--,USD,2.56,4.81,1,2030-05-03,4.44,2.55,,4.81,2.56,4.81,USD,2026-05-04,2026-05-04
HSBC HOLDINGS PLC,Banking,Fixed Income,687849.95,0.05538,687849.95,720000,United Kingdom,--,USD,1.96,4.99,1,2029-08-17,2.21,1.96,,4.99,1.96,4.99,USD,2021-08-17,2021-08-17
MORGAN STANLEY MTN,Banking,Fixed Income,686954.34,0.05531,686954.34,690000,United States,--,USD,4.3,5.23,1,2032-07-14,5.17,4.33,,5.23,4.33,5.23,USD,2026-07-17,2026-07-17
CITIBANK NA,Banking,Fixed Income,685512.73,0.05519,685512.73,665000,United States,--,USD,6.2,5.28,1,2034-04-30,5.57,6.18,,5.28,6.13,5.28,USD,2024-04-30,2024-04-30
MORGAN STANLEY,Banking,Fixed Income,685074.94,0.05515,685074.94,683000,United States,--,USD,1.41,5.0,1,2029-01-24,3.77,2.31,,4.87,1.41,4.87,USD,2018-01-23,2018-01-23
HSBC HOLDINGS PLC FXD-TO-FLT,Banking,Fixed Income,684557.68,0.05511,684557.68,690000,United Kingdom,--,USD,4.0,5.23,1,2032-03-10,4.67,4.03,,5.23,4.03,5.23,USD,2026-03-10,2026-03-10
TRUIST FINANCIAL CORP MTN,Banking,Fixed Income,684578.53,0.05511,684578.53,660000,United States,--,USD,2.24,5.07,1,2030-01-24,5.43,2.25,,5.0,2.26,5.0,USD,2024-01-24,2024-01-24
CHARLES SCHWAB CORPORATION (THE),Brokerage/Asset Managers/Exchanges,Fixed Income,683774.6,0.05505,683774.6,767000,United States,--,USD,4.43,4.97,1,2031-05-13,2.3,4.43,,4.97,4.43,4.97,USD,2021-05-13,2021-05-13
BANK OF AMERICA CORP MTN,Banking,Fixed Income,682736.2,0.05497,682736.2,670000,United States,--,USD,1.61,4.98,1,2029-04-25,5.2,1.64,,4.82,1.64,4.82,USD,2023-04-25,2023-04-25
HSBC HOLDINGS PLC,Banking,Fixed Income,682657.67,0.05496,682657.67,700000,United Kingdom,--,USD,1.12,5.08,1,2028-09-22,2.01,1.12,,4.83,1.12,4.83,USD,2020-09-22,2020-09-22
ABBVIE INC,Consumer Non-Cyclical,Fixed Income,682539.43,0.05495,682539.43,670000,United States,--,USD,2.38,4.73,1,2029-03-15,4.8,2.42,,4.73,2.34,4.73,USD,2024-02-26,2024-02-26
CITIGROUP INC,Banking,Fixed Income,681752.8,0.05489,681752.8,710000,United States,--,USD,12.34,6.06,1,2056-03-04,5.61,13.41,,6.06,13.41,6.06,USD,2025-03-04,2025-03-04
HESS CORP,Energy,Fixed Income,681592.78,0.05487,681592.78,675000,United States,--,USD,9.55,5.75,1,2041-02-15,5.6,9.59,,5.75,9.59,5.75,USD,2010-08-10,2010-08-10
TORONTO-DOMINION BANK/THE MTN,Banking,Fixed Income,681380.7,0.05486,681380.7,700000,Canada,--,USD,5.08,5.1,1,2032-06-08,4.46,5.06,,5.1,5.06,5.1,USD,2022-06-08,2022-06-08
BANK OF AMERICA CORP MTN,Banking,Fixed Income,680749.46,0.05481,680749.46,655000,United States,--,USD,1.96,4.98,1,2029-09-15,5.82,1.96,,4.89,1.96,4.89,USD,2023-09-15,2023-09-15
AMERICAN EXPRESS COMPANY (FXD-FRN),Banking,Fixed Income,678397.86,0.05462,678397.86,660000,United States,--,USD,3.1,4.92,1,2031-01-30,5.09,3.11,,4.92,3.11,4.92,USD,2025-01-30,2025-01-30
US BANCORP MTN,Banking,Fixed Income,677928.88,0.05458,677928.88,671000,United States,--,USD,2.31,5.02,1,2030-01-23,5.38,2.31,,4.94,2.32,4.94,USD,2024-01-23,2024-01-23
BP CAPITAL MARKETS AMERICA INC,Energy,Fixed Income,677129.81,0.05451,677129.81,760000,United States,--,USD,4.96,5.04,1,2032-01-12,2.72,4.96,,5.04,4.96,5.04,USD,2022-01-12,2022-01-12
BANK OF AMERICA CORP (FXD-FRN) MTN,Banking,Fixed Income,675905.6,0.05442,675905.6,685000,United States,--,USD,7.36,5.81,1,2037-04-23,5.49,7.33,,5.86,7.33,5.86,USD,2026-04-23,2026-04-23
JPMORGAN CHASE & CO,Banking,Fixed Income,674722.3,0.05432,674722.3,622000,United States,--,USD,8.27,5.55,1,2038-05-15,6.4,8.27,,5.55,8.27,5.55,USD,2008-05-22,2008-05-22
PNC FINANCIAL SERVICES GROUP INC (,Banking,Fixed Income,674121.65,0.05427,674121.65,730000,United States,--,USD,3.28,4.96,1,2030-01-22,2.55,3.28,,4.96,3.28,4.96,USD,2020-01-22,2020-01-22
MORGAN STANLEY MTN,Banking,Fixed Income,673726.89,0.05424,673726.89,685000,United States,--,USD,7.17,5.68,1,2037-04-10,5.3,7.35,,5.68,7.35,5.68,USD,2026-04-17,2026-04-17
JPMORGAN CHASE & CO,Banking,Fixed Income,673298.89,0.05421,673298.89,655000,United States,--,USD,3.09,4.96,1,2031-01-24,5.14,3.09,,4.96,3.09,4.96,USD,2025-01-24,2025-01-24
CITIGROUP INC,Banking,Fixed Income,673375.81,0.05421,673375.81,765000,United States,--,USD,4.76,5.2,1,2032-11-03,2.52,4.79,,5.2,4.79,5.2,USD,2021-11-03,2021-11-03
MERCK & CO INC,Consumer Non-Cyclical,Fixed Income,670457.53,0.05398,670457.53,675000,United States,--,USD,7.09,5.29,1,2035-09-15,4.95,7.12,,5.29,7.12,5.29,USD,2025-09-09,2025-09-09
ANHEUSER-BUSCH INBEV WORLDWIDE INC,Consumer Non-Cyclical,Fixed Income,669631.75,0.05391,669631.75,675000,Belgium,--,USD,8.88,5.54,1,2039-01-23,5.45,8.96,,5.54,8.96,5.54,USD,2019-01-23,2019-01-23
JPMORGAN CHASE & CO,Banking,Fixed Income,668573.7,0.05383,668573.7,649000,United States,--,USD,6.43,5.42,1,2036-01-24,5.5,6.54,,5.42,6.54,5.42,USD,2025-01-24,2025-01-24
ABBOTT LABORATORIES,Consumer Non-Cyclical,Fixed Income,668464.24,0.05382,668464.24,700000,United States,--,USD,14.57,6.04,1,2066-03-15,5.6,14.84,,6.04,14.84,6.04,USD,2026-03-09,2026-03-09
JPMORGAN CHASE & CO,Banking,Fixed Income,667480.28,0.05374,667480.28,680000,United States,--,USD,1.45,4.78,1,2029-01-23,3.51,2.36,,4.78,2.36,4.78,USD,2018-01-23,2018-01-23
ROYAL BANK OF CANADA (FX-FRN) MTN,Banking,Fixed Income,666331.09,0.05364,666331.09,665000,Canada,--,USD,2.92,4.94,1,2030-10-18,4.65,2.93,,4.94,2.93,4.94,USD,2024-10-18,2024-10-18
BP CAPITAL MARKETS AMERICA INC,Energy,Fixed Income,665766.7,0.0536,665766.7,660000,United Kingdom,--,USD,6.56,5.24,1,2034-11-17,5.23,6.61,,5.24,6.61,5.24,USD,2024-05-17,2024-05-17
PHILIP MORRIS INTERNATIONAL INC,Consumer Non-Cyclical,Fixed Income,664865.05,0.05353,664865.05,650000,United States,--,USD,5.98,5.26,1,2034-02-13,5.25,6.03,,5.26,6.03,5.26,USD,2024-02-13,2024-02-13
JPMORGAN CHASE & CO,Banking,Fixed Income,664011.27,0.05346,664011.27,754000,United States,--,USD,4.18,5.12,1,2032-02-04,1.95,4.19,,5.12,4.19,5.12,USD,2021-02-04,2021-02-04
CITIBANK NA,Banking,Fixed Income,661759.08,0.05328,661759.08,635000,United States,--,USD,1.95,4.64,1,2028-09-29,5.8,2.0,,4.6,1.93,4.6,USD,2023-09-29,2023-09-29
BRISTOL-MYERS SQUIBB CO,Consumer Non-Cyclical,Fixed Income,661439.35,0.05325,661439.35,725000,United States,--,USD,5.02,4.96,1,2032-03-15,2.95,5.03,,4.96,5.03,4.96,USD,2022-03-02,2022-03-02
MORGAN STANLEY PRIVATE BANK NA,Banking,Fixed Income,660399.82,0.05317,660399.82,670000,United States,--,USD,3.58,5.08,1,2031-07-18,4.73,3.58,,5.08,3.58,5.08,USD,2025-07-21,2025-07-21
SANOFI SA,Consumer Non-Cyclical,Fixed Income,659880.91,0.05313,659880.91,668000,France,--,USD,1.77,4.49,1,2028-06-19,3.63,1.81,,4.49,1.81,4.49,USD,2018-06-19,2018-06-19
GOLDMAN SACHS GROUP INC/THE,Banking,Fixed Income,658630.27,0.05302,658630.27,660000,United States,--,USD,2.92,5.08,1,2030-10-23,4.69,2.94,,5.08,2.94,5.08,USD,2024-10-23,2024-10-23
GOLDMAN SACHS GROUP INC/THE,Banking,Fixed Income,657724.59,0.05295,657724.59,763000,United States,--,USD,8.32,5.79,1,2038-10-31,4.02,8.62,,5.79,8.62,5.79,USD,2017-10-31,2017-10-31
ABBOTT LABORATORIES,Consumer Non-Cyclical,Fixed Income,655920.97,0.05281,655920.97,685000,United States,--,USD,8.55,5.45,1,2038-03-15,4.75,8.58,,5.45,8.58,5.45,USD,2026-03-09,2026-03-09
COMCAST CORPORATION,Communications,Fixed Income,654827.74,0.05272,654827.74,1327000,United States,--,USD,15.25,6.79,1,2063-11-01,2.99,15.45,,6.79,15.45,6.79,USD,2022-05-01,2022-06-06
PHILIP MORRIS INTERNATIONAL INC,Consumer Non-Cyclical,Fixed Income,652409.43,0.05252,652409.43,605000,United States,--,USD,8.27,5.6,1,2038-05-16,6.38,8.27,,5.6,8.27,5.6,USD,2008-05-16,2008-05-16
ABBVIE INC,Consumer Non-Cyclical,Fixed Income,651862.5,0.05248,651862.5,760000,United States,--,USD,10.84,5.86,1,2042-11-06,4.4,10.91,,5.86,10.91,5.86,USD,2013-05-06,2013-08-05
JPMORGAN CHASE & CO MTN,Banking,Fixed Income,651877.25,0.05248,651877.25,660000,United States,--,USD,4.14,5.11,1,2032-04-23,4.62,4.15,,5.11,4.16,5.11,USD,2026-04-23,2026-04-23
HONEYWELL AEROSPACE INC (FXD) 144A,Capital Goods,Fixed Income,651217.82,0.05243,651217.82,655000,United States,--,USD,2.42,4.81,1,2029-03-16,4.0,2.44,,4.81,2.44,4.81,USD,2026-03-16,2026-03-16
MERCK & CO INC,Consumer Non-Cyclical,Fixed Income,651269.36,0.05243,651269.36,745000,United States,--,USD,4.95,4.89,1,2031-12-10,2.15,4.95,,4.89,4.95,4.89,USD,2021-12-10,2021-12-10
MORGAN STANLEY MTN,Banking,Fixed Income,650901.87,0.0524,650901.87,750000,United States,--,USD,4.2,5.19,1,2032-02-13,1.79,4.23,,5.19,4.23,5.19,USD,2020-11-13,2020-11-13
AMAZON.COM INC,Consumer Cyclical,Fixed Income,649300.17,0.05227,649300.17,900000,United States,--,USD,13.61,6.22,1,2052-04-13,3.95,13.84,,6.22,13.84,6.22,USD,2022-04-13,2022-04-13
LLOYDS BANKING GROUP PLC,Banking,Fixed Income,648189.47,0.05218,648189.47,640000,United Kingdom,--,USD,5.9,5.57,1,2035-01-05,5.68,6.0,,5.51,6.0,5.51,USD,2024-01-05,2024-01-05
US BANCORP MTN,Banking,Fixed Income,648014.86,0.05217,648014.86,628000,United States,--,USD,5.51,5.45,1,2034-06-12,5.84,5.26,,5.39,5.59,5.39,USD,2023-06-12,2023-06-12
ANHEUSER-BUSCH INBEV WORLDWIDE INC,Consumer Non-Cyclical,Fixed Income,647298.54,0.05211,647298.54,665000,Belgium,--,USD,14.05,5.99,1,2059-01-23,5.8,14.33,,5.99,14.33,5.99,USD,2019-01-23,2019-01-23
AMAZON.COM INC,Consumer Cyclical,Fixed Income,647061.24,0.05209,647061.24,731000,United States,--,USD,3.67,4.86,1,2030-06-03,1.5,3.66,,4.86,3.66,4.86,USD,2020-06-03,2020-06-03
GOLDMAN SACHS GROUP INC/THE,Banking,Fixed Income,646935.69,0.05208,646935.69,693000,United States,--,USD,3.28,5.05,1,2030-02-07,2.6,3.27,,5.05,3.27,5.05,USD,2020-02-07,2020-02-07
BANK OF AMERICA CORP,Banking,Fixed Income,646332.23,0.05203,646332.23,850000,United States,--,USD,10.28,5.81,1,2042-04-22,3.31,10.79,,5.81,10.79,5.81,USD,2021-04-22,2021-04-22
AMAZON.COM INC,Consumer Cyclical,Fixed Income,645462.65,0.05196,645462.65,677000,United States,--,USD,1.74,4.56,1,2028-05-12,1.65,1.74,,4.56,1.74,4.56,USD,2021-05-12,2021-05-12
CITIGROUP INC,Banking,Fixed Income,645173.12,0.05194,645173.12,653000,United States,--,USD,2.44,5.13,1,2030-03-20,3.98,3.3,,5.02,2.45,5.02,USD,2019-03-20,2019-03-20
AMAZON.COM INC,Consumer Cyclical,Fixed Income,644738.9,0.05191,644738.9,650000,United States,--,USD,5.75,5.27,1,2033-07-09,5.1,5.78,,5.27,5.78,5.27,USD,2026-07-09,2026-07-09
BAKER HUGHES HOLDINGS LLC,Energy,Fixed Income,643995.95,0.05185,643995.95,670000,United States,--,USD,13.35,6.18,1,2056-06-15,5.85,13.61,,6.18,13.61,6.18,USD,2026-03-11,2026-03-11
BROADCOM INC,Technology,Fixed Income,643729.71,0.05183,643729.71,665000,United States,--,USD,1.5,4.67,1,2028-02-15,1.95,1.5,,4.67,1.5,4.67,USD,2025-08-15,2025-10-17
JPMORGAN CHASE & CO,Banking,Fixed Income,643621.45,0.05182,643621.45,710000,United States,--,USD,4.85,5.2,1,2033-01-25,2.96,4.88,,5.2,4.88,5.2,USD,2022-01-25,2022-01-25
WALT DISNEY CO,Communications,Fixed Income,636946.6,0.05128,636946.6,793000,United States,--,USD,10.22,5.64,1,2040-05-13,3.5,10.28,,5.64,10.28,5.64,USD,2020-05-13,2020-05-13
GOLDMAN SACHS GROUP INC/THE,Banking,Fixed Income,636203.54,0.05122,636203.54,590000,United States,--,USD,5.61,5.52,1,2034-10-24,6.56,5.69,,5.51,5.69,5.51,USD,2023-10-24,2023-10-24
CITIGROUP INC,Banking,Fixed Income,636070.75,0.05121,636070.75,681000,United States,--,USD,3.27,5.08,1,2031-01-29,2.67,3.24,,5.08,3.24,5.08,USD,2020-01-29,2020-01-29
AMAZON.COM INC,Consumer Cyclical,Fixed Income,635511.35,0.05116,635511.35,650000,United States,--,USD,11.2,6.22,1,2046-07-09,6.0,11.4,,6.22,11.4,6.22,USD,2026-07-09,2026-07-09
ALPHABET INC,Technology,Fixed Income,635047.7,0.05113,635047.7,727000,United States,--,USD,3.87,4.69,1,2030-08-15,1.1,3.86,,4.69,3.86,4.69,USD,2020-08-05,2020-08-05
PNC FINANCIAL SERVICES GROUP INC (,Banking,Fixed Income,633209.56,0.05098,633209.56,649000,United States,--,USD,2.53,4.74,1,2029-04-23,3.45,2.56,,4.74,2.56,4.74,USD,2019-04-22,2019-04-22
HSBC HOLDINGS PLC,Banking,Fixed Income,633276.6,0.05098,633276.6,605000,United Kingdom,--,USD,1.19,5.78,1,2028-11-03,7.39,1.18,,4.9,1.2,4.9,USD,2022-11-03,2022-11-03
AMAZON.COM INC,Consumer Cyclical,Fixed Income,632929.73,0.05096,632929.73,719000,United States,--,USD,14.13,6.46,1,2065-11-20,5.55,14.37,,6.46,14.37,6.46,USD,2025-11-20,2025-11-20
BANCO BILBAO VIZCAYA ARGENTARIA SA,Banking,Fixed Income,632939.25,0.05096,632939.25,635000,Spain,--,USD,2.41,4.95,1,2029-03-03,4.15,2.4,,4.95,2.4,4.95,USD,2026-03-03,2026-03-03
CITIGROUP INC,Banking,Fixed Income,632062.17,0.05089,632062.17,634000,United States,--,USD,1.63,5.01,1,2029-04-23,4.08,2.54,,4.87,1.65,4.87,USD,2018-04-23,2018-04-23
TRUIST FINANCIAL CORP MTN,Banking,Fixed Income,632100.49,0.05089,632100.49,595000,United States,--,USD,2.05,5.3,1,2029-10-30,7.16,2.05,,4.99,2.06,4.99,USD,2023-10-27,2023-10-27
AMAZON.COM INC,Consumer Cyclical,Fixed Income,630795.99,0.05078,630795.99,650000,United States,--,USD,14.03,6.47,1,2066-07-09,6.25,14.27,,6.47,14.27,6.47,USD,2026-07-09,2026-07-09
EXXON MOBIL CORP,Energy,Fixed Income,630386.19,0.05075,630386.19,774000,United States,--,USD,12.03,5.86,1,2046-03-01,4.11,12.22,,5.86,12.22,5.86,USD,2016-03-03,2016-03-03
JPMORGAN CHASE & CO,Banking,Fixed Income,629802.94,0.0507,629802.94,630000,United States,--,USD,2.74,4.96,1,2030-07-22,5.0,2.75,,4.96,2.75,4.96,USD,2024-07-22,2024-07-22
UNITEDHEALTH GROUP INC,Insurance,Fixed Income,629806.07,0.0507,629806.07,675000,United States,--,USD,14.41,6.22,1,2064-07-15,5.75,14.66,,6.22,14.66,6.22,USD,2024-07-25,2024-07-25
JPMORGAN CHASE & CO,Banking,Fixed Income,629166.61,0.05065,629166.61,676000,United States,--,USD,3.52,5.38,1,2031-05-13,2.96,3.5,,5.15,3.51,5.15,USD,2020-05-13,2020-05-13
MORGAN STANLEY PRIVATE BANK NA,Banking,Fixed Income,628946.49,0.05064,628946.49,629000,United States,--,USD,1.27,4.67,1,2028-11-17,4.2,1.25,,4.67,1.26,4.67,USD,2025-11-19,2025-11-19
WESTPAC BANKING CORP,Banking,Fixed Income,628514.85,0.0506,628514.85,615000,Australia,--,USD,1.26,4.49,1,2027-11-18,5.46,1.25,,4.49,1.25,4.49,USD,2022-11-18,2022-11-18
META PLATFORMS INC MTN,Communications,Fixed Income,628559.64,0.0506,628559.64,625000,United States,--,USD,1.01,4.44,1,2027-08-15,3.5,1.01,,4.44,1.01,4.44,USD,2022-08-09,2022-12-28
MORGAN STANLEY MTN,Banking,Fixed Income,628342.37,0.05059,628342.37,637000,United States,--,USD,2.32,5.13,1,2030-01-23,4.43,3.2,,5.02,2.33,5.02,USD,2019-01-23,2019-01-23
UNITEDHEALTH GROUP INC,Insurance,Fixed Income,626357.44,0.05043,626357.44,630000,United States,--,USD,12.57,6.12,1,2053-02-15,5.88,12.81,,6.12,12.81,6.12,USD,2022-10-28,2022-10-28
PFIZER INC,Consumer Non-Cyclical,Fixed Income,625971.19,0.0504,625971.19,636000,United States,--,USD,2.42,4.59,1,2029-03-15,3.45,2.46,,4.59,2.46,4.59,USD,2019-03-11,2019-03-11
NATWEST GROUP PLC,Banking,Fixed Income,625796.52,0.05038,625796.52,610000,United Kingdom,--,USD,2.28,5.49,1,2030-01-27,5.08,2.27,,5.03,2.27,5.03,USD,2018-09-27,2018-09-27
TORONTO-DOMINION BANK/THE MTN,Banking,Fixed Income,624398.27,0.05027,624398.27,615000,Canada,--,USD,1.87,4.76,1,2028-07-17,5.52,1.86,,4.76,1.86,4.76,USD,2023-07-17,2023-07-17
JPMORGAN CHASE & CO,Banking,Fixed Income,621946.61,0.05007,621946.61,634000,United States,--,USD,6.47,5.39,1,2035-10-22,4.95,6.58,,5.39,6.58,5.39,USD,2024-10-22,2024-10-22
HSBC HOLDINGS PLC FXD-TO-FLT MTN,Banking,Fixed Income,621790.4,0.05006,621790.4,610000,United Kingdom,--,USD,1.51,4.82,1,2029-03-03,4.9,1.5,,4.82,1.5,4.82,USD,2025-03-03,2025-03-03
PAYPAL HOLDINGS INC,Technology,Fixed Income,621594.43,0.05004,621594.43,655000,United States,--,USD,2.96,4.9,1,2029-10-01,2.85,2.97,,4.9,2.97,4.9,USD,2019-09-26,2019-09-26
AMAZON.COM INC,Consumer Cyclical,Fixed Income,621416.68,0.05003,621416.68,692000,United States,--,USD,11.27,5.93,1,2044-12-05,4.95,11.44,,5.93,11.44,5.93,USD,2014-12-05,2014-12-05
AMERICAN EXPRESS COMPANY,Banking,Fixed Income,620528.37,0.04996,620528.37,614000,United States,--,USD,1.62,4.82,1,2029-04-25,4.73,1.64,,4.78,1.65,4.78,USD,2025-04-25,2025-04-25
AMERICAN EXPRESS COMPANY (FXD-FRN),Banking,Fixed Income,619860.42,0.0499,619860.42,625000,United States,--,USD,1.89,4.7,1,2029-07-20,4.35,1.88,,4.7,1.88,4.7,USD,2025-07-25,2025-07-25
BANK OF AMERICA CORP MTN,Banking,Fixed Income,619416.14,0.04987,619416.14,700000,United States,--,USD,3.75,5.13,1,2031-07-23,1.9,3.76,,5.12,3.76,5.12,USD,2020-07-23,2020-07-23
MORGAN STANLEY,Banking,Fixed Income,618433.09,0.04979,618433.09,620000,United States,--,USD,5.97,5.51,1,2035-01-18,5.47,6.07,,5.51,6.07,5.51,USD,2024-01-18,2024-01-18
TOTALENERGIES CAPITAL SA,Energy,Fixed Income,618264.61,0.04978,618264.61,653000,France,--,USD,13.16,6.01,1,2054-04-05,5.49,13.43,,6.01,13.43,6.01,USD,2024-04-05,2024-04-05
JPMORGAN CHASE & CO,Banking,Fixed Income,618342.1,0.04978,618342.1,643000,United States,--,USD,7.08,5.46,1,2036-10-22,4.81,7.23,,5.46,7.23,5.46,USD,2025-10-22,2025-10-22
JPMORGAN CHASE & CO,Banking,Fixed Income,617266.27,0.04969,617266.27,630000,United States,--,USD,4.88,5.25,1,2033-04-26,4.59,4.93,,5.22,4.93,5.22,USD,2022-04-26,2022-04-26
JPMORGAN CHASE & CO,Banking,Fixed Income,614464.24,0.04947,614464.24,615000,United States,--,USD,2.93,4.96,1,2030-10-22,4.6,2.94,,4.96,2.94,4.96,USD,2024-10-22,2024-10-22
HONEYWELL INTERNATIONAL INC,Capital Goods,Fixed Income,613882.8,0.04942,613882.8,710000,United States,--,USD,4.74,4.94,1,2031-09-01,1.75,4.73,,4.94,4.73,4.94,USD,2021-08-16,2021-08-16
TRUIST FINANCIAL CORP MTN,Banking,Fixed Income,613578.42,0.0494,613578.42,590000,United States,--,USD,5.78,5.53,1,2035-01-24,5.71,5.88,,5.52,5.88,5.52,USD,2024-01-24,2024-01-24
JPMORGAN CHASE & CO,Banking,Fixed Income,613286.99,0.04937,613286.99,695000,United States,--,USD,4.78,5.17,1,2032-11-08,2.54,4.8,,5.17,4.8,5.17,USD,2021-11-08,2021-11-08
UNITEDHEALTH GROUP INC,Insurance,Fixed Income,612788.31,0.04933,612788.31,618000,United States,--,USD,6.41,5.3,1,2034-07-15,5.15,6.46,,5.3,6.46,5.3,USD,2024-07-25,2024-07-25
HSBC HOLDINGS PLC FXD-TO-FLT,Banking,Fixed Income,612382.48,0.0493,612382.48,605000,United Kingdom,--,USD,1.25,4.81,1,2028-11-19,5.13,1.25,,4.81,1.25,4.81,USD,2024-11-19,2024-11-19
JPMORGAN CHASE & CO,Banking,Fixed Income,612117.87,0.04928,612117.87,800000,United States,--,USD,11.97,5.98,1,2048-11-15,3.96,13.28,,5.98,13.28,5.98,USD,2017-11-10,2017-11-10
CHUBB INA HOLDINGS LLC,Insurance,Fixed Income,611732.65,0.04925,611732.65,610000,Switzerland,--,USD,6.11,5.24,1,2034-03-15,5.0,6.16,,5.24,6.16,5.24,USD,2024-03-07,2024-03-07
WELLS FARGO & COMPANY (FXD-FRN) MTN,Banking,Fixed Income,611501.44,0.04923,611501.44,610000,United States,--,USD,1.73,4.73,1,2029-05-20,4.58,1.72,,4.73,1.72,4.73,USD,2026-05-20,2026-05-20
BANK OF AMERICA CORP,Banking,Fixed Income,610599.4,0.04916,610599.4,595000,United States,--,USD,6.55,5.71,1,2036-02-12,5.74,6.52,,5.74,6.52,5.74,USD,2025-02-12,2025-02-12
UNITED PARCEL SERVICE INC,Transportation,Fixed Income,607709.52,0.04893,607709.52,571000,United States,--,USD,8.25,5.46,1,2038-01-15,6.2,8.25,,5.46,8.25,5.46,USD,2008-01-15,2008-01-15
META PLATFORMS INC,Communications,Fixed Income,607699.51,0.04892,607699.51,620000,United States,--,USD,5.63,5.42,1,2033-05-15,4.88,5.64,,5.42,5.64,5.42,USD,2026-05-04,2026-05-04
CSX CORP,Transportation,Fixed Income,607532.13,0.04891,607532.13,605000,United States,--,USD,2.36,4.69,1,2029-03-15,4.25,2.43,,4.69,2.43,4.69,USD,2018-11-15,2018-11-15
RIO TINTO FINANCE (USA) PLC,Basic Industry,Fixed Income,605748.79,0.04877,605748.79,595000,Australia,--,USD,3.22,4.86,1,2030-03-14,4.88,3.25,,4.86,3.25,4.86,USD,2025-03-14,2025-03-14
BHP BILLITON FINANCE (USA) LTD,Basic Industry,Fixed Income,602510.4,0.04851,602510.4,590000,Australia,--,USD,1.47,4.61,1,2028-02-28,4.75,1.49,,4.61,1.49,4.61,USD,2023-02-28,2023-02-28
BANK OF AMERICA CORP MTN,Banking,Fixed Income,600956.9,0.04838,600956.9,645000,United States,--,USD,4.9,5.94,1,2037-03-08,3.85,4.85,,5.58,4.87,5.58,USD,2022-03-08,2022-03-08
BANK OF AMERICA CORP (FXD-FLT) MTN,Banking,Fixed Income,600872.3,0.04837,600872.3,585000,United States,--,USD,1.4,4.7,1,2029-01-24,4.98,1.4,,4.7,1.4,4.7,USD,2025-01-24,2025-01-24
AMAZON.COM INC,Consumer Cyclical,Fixed Income,599607.01,0.04827,599607.01,807000,United States,--,USD,14.1,6.27,1,2057-08-22,4.25,14.34,,6.27,14.34,6.27,USD,2018-02-22,2018-06-06
PNC FINANCIAL SERVICES GROUP INC (,Banking,Fixed Income,599312.59,0.04825,599312.59,585000,United States,--,USD,2.55,4.93,1,2030-05-14,5.49,2.55,,4.93,2.55,4.93,USD,2024-05-14,2024-05-14
LLOYDS BANKING GROUP PLC,Banking,Fixed Income,599249.75,0.04824,599249.75,590000,United Kingdom,--,USD,1.92,4.76,1,2028-08-16,4.55,1.91,,4.76,1.91,4.76,USD,2018-08-16,2018-08-16
JPMORGAN CHASE & CO,Banking,Fixed Income,598629.35,0.04819,598629.35,650000,United States,--,USD,3.44,5.17,1,2031-04-22,2.52,3.47,,5.05,3.48,5.05,USD,2020-04-22,2020-04-22
WASTE MANAGEMENT INC,Capital Goods,Fixed Income,598512.85,0.04818,598512.85,600000,United States,--,USD,6.77,5.24,1,2035-03-15,4.95,6.82,,5.24,6.82,5.24,USD,2024-11-04,2024-11-04
UNITEDHEALTH GROUP INC,Insurance,Fixed Income,597960.16,0.04814,597960.16,715000,United States,--,USD,13.23,6.08,1,2052-05-15,4.75,13.48,,6.08,13.48,6.08,USD,2022-05-20,2022-05-20
BANK OF AMERICA CORP (FXD-FLT) MTN,Banking,Fixed Income,596098.51,0.04799,596098.51,579000,United States,--,USD,3.09,4.96,1,2031-01-24,5.16,3.09,,4.96,3.09,4.96,USD,2025-01-24,2025-01-24
BAKER HUGHES HOLDINGS LLC,Energy,Fixed Income,595552.74,0.04795,595552.74,618000,United States,--,USD,7.6,5.55,1,2036-06-15,5.0,7.62,,5.55,7.62,5.55,USD,2026-03-11,2026-03-11
MORGAN STANLEY MTN,Banking,Fixed Income,594926.77,0.0479,594926.77,595000,United States,--,USD,2.74,5.03,1,2030-07-19,5.04,2.74,,5.03,2.74,5.03,USD,2024-07-19,2024-07-19
BANK OF AMERICA CORP,Banking,Fixed Income,594805.81,0.04789,594805.81,626000,United States,--,USD,2.8,5.0,1,2030-07-23,3.19,2.81,,5.0,2.81,5.0,USD,2019-07-23,2019-07-23
JPMORGAN CHASE & CO,Banking,Fixed Income,593608.53,0.04779,593608.53,609000,United States,--,USD,2.56,5.05,1,2030-05-06,3.7,3.45,,4.99,2.59,4.99,USD,2019-05-06,2019-05-06
INTERNATIONAL BUSINESS MACHINES CO,Technology,Fixed Income,593623.01,0.04779,593623.01,705000,United States,--,USD,9.39,6.03,1,2039-05-15,4.15,9.38,,6.03,9.38,6.03,USD,2019-05-15,2019-05-15
MORGAN STANLEY MTN,Banking,Fixed Income,592596.45,0.04771,592596.45,595000,United States,--,USD,10.5,6.11,1,2047-03-13,5.9,11.19,,6.11,11.18,6.11,USD,2026-03-13,2026-03-13
MORGAN STANLEY MTN,Banking,Fixed Income,592059.79,0.04767,592059.79,575000,United States,--,USD,2.47,5.03,1,2030-04-18,5.66,2.47,,5.03,2.48,5.03,USD,2024-04-19,2024-04-19
APPLE INC,Technology,Fixed Income,590301.83,0.04752,590301.83,757000,United States,--,USD,12.28,5.89,1,2046-08-04,3.85,12.48,,5.89,12.48,5.89,USD,2016-08-04,2016-08-04
CISCO SYSTEMS INC,Technology,Fixed Income,589885.15,0.04749,589885.15,635000,United States,--,USD,13.17,5.99,1,2054-02-26,5.3,13.43,,5.99,13.43,5.99,USD,2024-02-26,2024-02-26
BANK OF AMERICA CORP (FXD-FRN) MTN,Banking,Fixed Income,588585.93,0.04739,588585.93,590000,United States,--,USD,2.52,4.89,1,2030-04-23,4.48,2.52,,4.89,2.53,4.89,USD,2026-04-23,2026-04-23
WELLS FARGO & COMPANY,Banking,Fixed Income,588285.98,0.04736,588285.98,635000,United States,--,USD,10.62,6.19,1,2043-11-02,5.38,10.69,,6.19,10.69,6.19,USD,2013-10-28,2013-10-28
GOLDMAN SACHS GROUP INC (FXD-FRN),Banking,Fixed Income,588039.9,0.04734,588039.9,589000,United States,--,USD,2.53,5.01,1,2030-04-20,4.59,2.51,,5.01,2.51,5.01,USD,2026-04-20,2026-04-20
UNITEDHEALTH GROUP INC,Insurance,Fixed Income,587607.98,0.04731,587607.98,670000,United States,--,USD,13.16,6.09,1,2053-04-15,5.05,13.41,,6.09,13.41,6.09,USD,2023-03-28,2023-03-28
APPLE INC,Technology,Fixed Income,586541.39,0.04722,586541.39,590000,United States,--,USD,1.09,4.39,1,2027-09-12,2.9,1.09,,4.39,1.09,4.39,USD,2017-09-12,2017-09-12
ING GROEP NV,Banking,Fixed Income,585988.68,0.04718,585988.68,570000,Netherlands,--,USD,2.4,4.97,1,2030-03-19,5.34,2.41,,4.94,2.41,4.94,USD,2024-03-19,2024-03-19
GILEAD SCIENCES INC,Consumer Non-Cyclical,Fixed Income,585837.84,0.04716,585837.84,655000,United States,--,USD,11.02,5.91,1,2044-04-01,4.8,11.18,,5.91,11.18,5.91,USD,2014-03-07,2014-03-07
META PLATFORMS INC,Communications,Fixed Income,585177.7,0.04711,585177.7,580000,United States,--,USD,2.76,4.65,1,2029-08-15,4.3,2.78,,4.65,2.78,4.65,USD,2024-08-09,2024-08-09
MORGAN STANLEY MTN,Banking,Fixed Income,584793.29,0.04708,584793.29,585000,United States,--,USD,5.67,5.44,1,2034-07-21,5.42,5.75,,5.44,5.75,5.44,USD,2023-07-21,2023-07-21
ABBVIE INC,Consumer Non-Cyclical,Fixed Income,584207.29,0.04703,584207.29,605000,United States,--,USD,6.8,5.29,1,2035-03-15,4.55,6.9,,5.29,6.9,5.29,USD,2020-09-15,2020-11-17
UNITEDHEALTH GROUP INC,Insurance,Fixed Income,583496.54,0.04698,583496.54,635000,United States,--,USD,13.17,6.09,1,2054-04-15,5.38,13.43,,6.09,13.43,6.09,USD,2024-03-21,2024-03-21
MARSH & MCLENNAN COMPANIES INC,Insurance,Fixed Income,583373.54,0.04697,583373.54,590000,United States,--,USD,6.75,5.42,1,2035-03-15,5.0,6.79,,5.42,6.79,5.42,USD,2024-11-08,2024-11-08
WALT DISNEY CO,Communications,Fixed Income,583454.27,0.04697,583454.27,594000,United States,--,USD,3.33,4.72,1,2030-03-22,3.8,3.33,,4.72,3.33,4.72,USD,2020-03-23,2020-03-23
JPMORGAN CHASE & CO,Banking,Fixed Income,583151.19,0.04695,583151.19,661000,United States,--,USD,8.24,5.54,1,2038-07-24,3.88,8.45,,5.54,8.45,5.54,USD,2017-07-24,2017-07-24
ABBOTT LABORATORIES,Consumer Non-Cyclical,Fixed Income,583154.67,0.04695,583154.67,607000,United States,--,USD,7.89,5.34,1,2036-11-30,4.75,7.97,,5.34,7.97,5.34,USD,2016-11-22,2016-11-22
COMCAST CORPORATION,Communications,Fixed Income,582820.89,0.04692,582820.89,625000,United States,--,USD,3.26,5.17,1,2030-02-01,2.65,3.25,,5.17,3.25,5.17,USD,2019-11-05,2019-11-05
CANADIAN IMPERIAL BANK (FXD-FRN),Banking,Fixed Income,582679.77,0.04691,582679.77,580000,Canada,--,USD,2.31,4.83,1,2030-01-29,4.28,2.3,,4.83,2.3,4.83,USD,2026-01-29,2026-01-29
ABBVIE INC,Consumer Non-Cyclical,Fixed Income,582266.38,0.04688,582266.38,700000,United States,--,USD,11.94,5.98,1,2046-05-14,4.45,12.14,,5.98,12.14,5.98,USD,2016-05-12,2016-05-12
TRUIST FINANCIAL CORP MTN,Banking,Fixed Income,581972.93,0.04685,581972.93,565000,United States,--,USD,5.49,5.52,1,2034-06-08,5.87,5.58,,5.47,5.58,5.47,USD,2023-06-08,2023-06-08
ANHEUSER-BUSCH INBEV WORLDWIDE INC,Consumer Non-Cyclical,Fixed Income,581252.11,0.0468,581252.11,605000,Belgium,--,USD,3.5,4.77,1,2030-06-01,3.5,3.53,,4.77,3.53,4.77,USD,2020-04-03,2020-04-03
ASTRAZENECA FINANCE LLC,Consumer Non-Cyclical,Fixed Income,581315.69,0.0468,581315.69,575000,United Kingdom,--,USD,6.07,5.15,1,2034-02-26,5.0,6.12,,5.15,6.12,5.15,USD,2024-02-26,2024-02-26
SERVICENOW INC,Technology,Fixed Income,581154.07,0.04679,581154.07,665000,United States,--,USD,3.89,4.98,1,2030-09-01,1.4,3.87,,4.98,3.87,4.98,USD,2020-08-11,2020-08-11
EXXON MOBIL CORP,Energy,Fixed Income,581212.79,0.04679,581212.79,627000,United States,--,USD,3.89,4.72,1,2030-10-15,2.61,3.9,,4.72,3.9,4.72,USD,2020-04-15,2020-04-15
AMAZON.COM INC,Consumer Cyclical,Fixed Income,580316.95,0.04672,580316.95,600000,United States,--,USD,5.58,5.21,1,2033-03-20,4.35,5.59,,5.21,5.59,5.21,USD,2025-11-20,2025-11-20
HSBC HOLDINGS PLC,Banking,Fixed Income,580027.35,0.0467,580027.35,650000,United Kingdom,--,USD,4.77,5.28,1,2032-11-22,2.87,4.8,,5.28,4.8,5.28,USD,2021-11-22,2021-11-22
GILEAD SCIENCES INC,Consumer Non-Cyclical,Fixed Income,580101.13,0.0467,580101.13,675000,United States,--,USD,11.35,5.96,1,2045-02-01,4.5,11.51,,5.96,11.51,5.96,USD,2014-11-17,2014-11-17
CITIGROUP INC (FXD-FRN),Banking,Fixed Income,579732.06,0.04667,579732.06,570000,United States,--,USD,1.52,4.75,1,2029-03-04,4.79,1.51,,4.75,1.51,4.75,USD,2025-03-04,2025-03-04
AMPHENOL CORPORATION,Capital Goods,Fixed Income,579324.26,0.04664,579324.26,600000,United States,--,USD,7.39,5.36,1,2036-02-15,4.63,7.41,,5.36,7.41,5.36,USD,2025-11-10,2025-11-10
MORGAN STANLEY MTN,Banking,Fixed Income,579154.19,0.04663,579154.19,535000,United States,--,USD,5.61,5.51,1,2034-11-01,6.63,5.7,,5.49,5.7,5.49,USD,2023-11-01,2023-11-01
UNITEDHEALTH GROUP INC,Insurance,Fixed Income,578845.88,0.0466,578845.88,675000,United States,--,USD,11.65,6.03,1,2045-07-15,4.75,11.78,,6.03,11.78,6.03,USD,2015-07-23,2015-07-23
GOLDMAN SACHS GROUP INC/THE,Banking,Fixed Income,577829.63,0.04652,577829.63,787000,United States,--,USD,10.15,6.0,1,2042-04-22,3.21,10.8,,6.0,10.8,6.0,USD,2021-04-22,2021-04-22
ELI LILLY AND COMPANY,Consumer Non-Cyclical,Fixed Income,577648.31,0.04651,577648.31,579000,United States,--,USD,6.08,5.08,1,2034-02-09,4.7,6.13,,5.08,6.13,5.08,USD,2024-02-09,2024-02-09
PNC FINANCIAL SERVICES GROUP INC (,Banking,Fixed Income,577739.48,0.04651,577739.48,560000,United States,--,USD,6.42,5.47,1,2036-01-29,5.58,6.54,,5.47,6.54,5.47,USD,2025-01-29,2025-01-29
UBS AG (LONDON BRANCH),Banking,Fixed Income,577330.18,0.04648,577330.18,555000,Switzerland,--,USD,1.96,4.67,1,2028-09-11,5.65,1.96,,4.67,1.96,4.67,USD,2023-09-11,2023-09-11
NATWEST GROUP PLC,Banking,Fixed Income,576268.7,0.04639,576268.7,555000,United Kingdom,--,USD,1.93,5.29,1,2029-09-13,5.81,1.95,,4.94,1.96,4.94,USD,2023-06-13,2023-06-13
HSBC HOLDINGS PLC,Banking,Fixed Income,575791.33,0.04636,575791.33,635000,United Kingdom,--,USD,3.73,5.28,1,2031-08-18,2.36,3.75,,5.21,3.75,5.21,USD,2020-08-18,2020-08-18
CINTAS CORPORATION NO 2,Industrial Other,Fixed Income,575464.72,0.04633,575464.72,600000,United States,--,USD,4.99,5.01,1,2032-05-01,4.0,5.02,,5.01,5.02,5.01,USD,2022-05-03,2022-05-03
MANULIFE FINANCIAL CORP,Insurance,Fixed Income,574799.01,0.04628,574799.01,605000,Canada,--,USD,4.9,5.0,1,2032-03-16,3.7,4.93,,5.0,4.93,5.0,USD,2022-03-16,2022-03-16
MITSUBISHI UFJ FINANCIAL GROUP INC,Banking,Fixed Income,574748.65,0.04627,574748.65,604000,Japan,--,USD,2.81,4.98,1,2029-07-18,3.19,2.8,,4.98,2.8,4.98,USD,2019-07-18,2019-07-18
JPMORGAN CHASE & CO (FXD-FRN),Banking,Fixed Income,574781.2,0.04627,574781.2,594000,United States,--,USD,4.01,5.06,1,2032-01-22,4.35,4.02,,5.06,4.02,5.06,USD,2026-01-22,2026-01-22
US BANCORP,Banking,Fixed Income,573960.5,0.04621,573960.5,550000,United States,--,USD,5.08,5.35,1,2033-10-21,5.85,5.12,,5.3,5.13,5.3,USD,2022-10-21,2022-10-21
UNITEDHEALTH GROUP INC,Insurance,Fixed Income,573278.55,0.04615,573278.55,575000,United States,--,USD,4.7,5.04,1,2032-01-15,4.95,4.74,,5.04,4.74,5.04,USD,2024-07-25,2024-07-25
ALPHABET INC,Technology,Fixed Income,572924.84,0.04612,572924.84,615000,United States,--,USD,11.28,6.04,1,2045-11-15,5.35,11.48,,6.04,11.48,6.04,USD,2025-11-06,2025-11-06
ANHEUSER-BUSCH INBEV WORLDWIDE INC,Consumer Non-Cyclical,Fixed Income,571938.26,0.04605,571938.26,465000,Belgium,--,USD,8.26,5.63,1,2039-01-15,8.2,8.26,,5.63,8.26,5.63,USD,2011-01-15,2011-03-14
CITIGROUP INC,Banking,Fixed Income,571945.24,0.04605,571945.24,576000,United States,--,USD,1.18,4.98,1,2028-10-27,3.52,2.12,,4.79,1.21,4.79,USD,2017-10-27,2017-10-27
BANK OF AMERICA CORP,Banking,Fixed Income,571816.8,0.04604,571816.8,631000,United States,--,USD,4.2,5.14,1,2032-03-11,2.65,4.22,,5.14,4.22,5.14,USD,2021-03-11,2021-03-11
COMCAST CORPORATION,Communications,Fixed Income,570801.77,0.04595,570801.77,665000,United States,--,USD,4.29,5.19,1,2031-02-15,1.5,4.27,,5.19,4.27,5.19,USD,2020-08-25,2020-08-25
AMERICAN INTERNATIONAL GROUP INC,Insurance,Fixed Income,570261.29,0.04591,570261.29,713000,United States,--,USD,13.22,5.98,1,2050-06-30,4.38,13.47,,5.98,13.47,5.98,USD,2020-05-11,2020-05-11
ALPHABET INC,Technology,Fixed Income,569468.81,0.04585,569468.81,605000,United States,--,USD,14.02,6.33,1,2066-02-15,5.75,14.26,,6.33,14.26,6.33,USD,2026-02-13,2026-02-13
UNITEDHEALTH GROUP INC,Insurance,Fixed Income,568083.67,0.04574,568083.67,550000,United States,--,USD,1.41,4.59,1,2028-02-15,5.25,1.45,,4.56,1.38,4.56,USD,2022-10-28,2022-10-28
BANK OF NOVA SCOTIA (FXD-FRN) MTN,Banking,Fixed Income,567929.02,0.04572,567929.02,555000,Canada,--,USD,1.45,4.73,1,2029-02-14,4.93,1.45,,4.73,1.45,4.73,USD,2025-02-04,2025-02-04
JPMORGAN CHASE & CO (FXD-FRN) MTN,Banking,Fixed Income,567634.07,0.0457,567634.07,570000,United States,--,USD,2.54,4.87,1,2030-04-23,4.41,2.53,,4.87,2.53,4.87,USD,2026-04-23,2026-04-23
SUMITOMO MITSUI FINANCIAL GROUP IN,Banking,Fixed Income,567482.31,0.04569,567482.31,560000,Japan,--,USD,1.41,4.68,1,2028-01-13,5.52,1.4,,4.68,1.4,4.68,USD,2023-01-13,2023-01-13
PHILIP MORRIS INTERNATIONAL INC,Consumer Non-Cyclical,Fixed Income,567164.5,0.04566,567164.5,544000,United States,--,USD,5.14,5.15,1,2032-11-17,5.75,5.22,,5.13,5.04,5.13,USD,2022-11-17,2022-11-17
US BANCORP MTN,Banking,Fixed Income,566252.34,0.04559,566252.34,555000,United States,--,USD,1.4,4.84,1,2029-02-01,4.65,1.42,,4.79,1.42,4.79,USD,2023-02-01,2023-02-01
AMERICAN EXPRESS COMPANY (FXD-FRN),Banking,Fixed Income,565642.36,0.04554,565642.36,550000,United States,--,USD,0.96,4.64,1,2028-07-26,5.04,0.95,,4.64,0.95,4.64,USD,2024-07-26,2024-07-26
MITSUBISHI UFJ FINANCIAL GROUP INC,Banking,Fixed Income,565018.83,0.04549,565018.83,570000,Japan,--,USD,5.03,5.43,1,2033-07-20,5.13,5.09,,5.31,5.09,5.31,USD,2022-07-20,2022-07-20
AMERICAN EXPRESS COMPANY,Banking,Fixed Income,564408.16,0.04544,564408.16,555000,United States,--,USD,6.17,5.39,1,2035-07-26,5.28,6.29,,5.39,6.29,5.39,USD,2024-07-26,2024-07-26
MERCK & CO INC,Consumer Non-Cyclical,Fixed Income,564324.62,0.04543,564324.62,575000,United States,--,USD,5.68,4.97,1,2033-05-17,4.5,5.74,,4.97,5.74,4.97,USD,2023-05-17,2023-05-17
WELLS FARGO & COMPANY MTN,Banking,Fixed Income,564155.09,0.04542,564155.09,661000,United States,--,USD,11.45,6.3,1,2045-11-17,4.9,11.57,,6.3,11.57,6.3,USD,2015-11-17,2015-11-17
SUMITOMO MITSUI FINANCIAL GROUP IN,Banking,Fixed Income,564179.95,0.04542,564179.95,595000,Japan,--,USD,2.06,4.79,1,2028-09-17,1.9,2.05,,4.79,2.05,4.79,USD,2021-09-17,2021-09-17
WALT DISNEY CO,Communications,Fixed Income,562604.73,0.04529,562604.73,508000,United States,--,USD,7.98,5.51,1,2037-11-15,6.65,7.97,,5.51,7.97,5.51,USD,2019-11-15,2019-11-22
BANCO SANTANDER SA,Banking,Fixed Income,561831.36,0.04523,561831.36,505000,Spain,--,USD,5.71,5.3,1,2033-11-07,6.94,5.69,,5.3,5.69,5.3,USD,2023-11-07,2023-11-07
APPLE INC,Technology,Fixed Income,560145.17,0.0451,560145.17,749000,United States,--,USD,12.17,5.83,1,2045-02-09,3.45,12.28,,5.83,12.28,5.83,USD,2015-02-09,2015-02-09
COMCAST CORPORATION,Communications,Fixed Income,560251.08,0.0451,560251.08,574000,United States,--,USD,3.73,5.19,1,2030-10-15,4.25,3.76,,5.19,3.76,5.19,USD,2018-10-05,2018-10-05
CHARLES SCHWAB CORPORATION (THE),Brokerage/Asset Managers/Exchanges,Fixed Income,559858.12,0.04507,559858.12,523000,United States,--,USD,5.51,5.39,1,2034-08-24,6.14,5.6,,5.36,5.6,5.36,USD,2023-08-24,2023-08-24
SUMITOMO MITSUI FINANCIAL GROUP IN,Banking,Fixed Income,558397.79,0.04496,558397.79,564000,Japan,--,USD,0.94,4.53,1,2027-07-12,3.36,0.94,,4.53,0.94,4.53,USD,2017-07-12,2017-07-12
MERCK & CO INC,Consumer Non-Cyclical,Fixed Income,558041.08,0.04493,558041.08,568000,United States,--,USD,2.4,4.64,1,2029-03-07,3.4,2.44,,4.64,2.44,4.64,USD,2019-03-07,2019-03-07
ALPHABET INC,Technology,Fixed Income,557668.18,0.0449,557668.18,580000,United States,--,USD,7.04,5.17,1,2035-05-15,4.5,7.08,,5.17,7.08,5.17,USD,2025-05-01,2025-05-01
WELLS FARGO & COMPANY,Banking,Fixed Income,557079.44,0.04485,557079.44,667000,United States,--,USD,11.26,6.27,1,2044-11-04,4.65,11.35,,6.27,11.35,6.27,USD,2014-11-04,2014-11-04
BP CAPITAL MARKETS AMERICA INC,Energy,Fixed Income,557146.79,0.04485,557146.79,558000,United States,--,USD,2.07,4.73,1,2028-11-06,4.23,2.13,,4.73,2.13,4.73,USD,2018-11-06,2018-11-06
BANCO SANTANDER SA,Banking,Fixed Income,556392.79,0.04479,556392.79,535000,Spain,--,USD,1.87,4.84,1,2028-08-08,5.59,1.87,,4.84,1.87,4.84,USD,2023-08-08,2023-08-08
MERCEDES-BENZ FINANCE NORTH AMERIC,Consumer Cyclical,Fixed Income,555776.26,0.04474,555776.26,490000,Germany,--,USD,3.79,5.14,1,2031-01-18,8.5,3.77,,5.14,3.77,5.14,USD,2001-01-18,2001-01-18
MITSUBISHI UFJ FINANCIAL GROUP INC,Banking,Fixed Income,555070.17,0.04469,555070.17,560000,Japan,--,USD,7.21,5.59,1,2037-04-21,5.33,7.39,,5.59,7.39,5.59,USD,2026-04-21,2026-04-21
WALMART INC,Consumer Cyclical,Fixed Income,554299.54,0.04463,554299.54,560000,United States,--,USD,1.78,4.41,1,2028-06-26,3.7,1.83,,4.41,1.83,4.41,USD,2018-06-27,2018-06-27
AMAZON.COM INC,Consumer Cyclical,Fixed Income,554209.3,0.04462,554209.3,550000,United States,--,USD,1.26,4.46,1,2027-12-01,4.55,1.29,,4.46,1.22,4.46,USD,2022-12-01,2022-12-01
MITSUBISHI UFJ FINANCIAL GROUP INC,Banking,Fixed Income,553603.74,0.04457,553603.74,635000,Japan,--,USD,4.55,5.24,1,2032-07-20,2.31,4.6,,5.24,4.6,5.24,USD,2021-07-20,2021-07-20
NOVARTIS CAPITAL CORP,Consumer Non-Cyclical,Fixed Income,552909.9,0.04451,552909.9,555000,Switzerland,--,USD,4.07,4.86,1,2031-03-18,4.4,4.09,,4.86,4.09,4.86,USD,2026-03-18,2026-03-18
WESTPAC BANKING CORP,Banking,Fixed Income,552435.34,0.04448,552435.34,615000,Australia,--,USD,3.98,5.84,1,2035-11-15,2.67,3.93,,5.48,3.96,5.48,USD,2020-11-16,2020-11-16
MASTERCARD INC,Technology,Fixed Income,551421.68,0.04439,551421.68,572000,United States,--,USD,3.33,4.75,1,2030-03-26,3.35,3.36,,4.75,3.36,4.75,USD,2020-03-26,2020-03-26
COSTCO WHOLESALE CORPORATION,Consumer Cyclical,Fixed Income,551233.57,0.04438,551233.57,612000,United States,--,USD,3.55,4.64,1,2030-04-20,1.6,3.54,,4.64,3.54,4.64,USD,2020-04-20,2020-04-20
INTERCONTINENTAL EXCHANGE INC,Brokerage/Asset Managers/Exchanges,Fixed Income,551073.14,0.04437,551073.14,560000,United States,--,USD,5.5,5.18,1,2033-03-15,4.6,5.54,,5.18,5.54,5.18,USD,2022-05-23,2022-05-23
EXXON MOBIL CORP,Energy,Fixed Income,550844.36,0.04435,550844.36,618000,United States,--,USD,9.74,5.52,1,2040-03-19,4.23,9.82,,5.52,9.82,5.52,USD,2020-03-19,2020-03-19
HSBC HOLDINGS PLC MTN,Banking,Fixed Income,549445.34,0.04423,549445.34,565000,United Kingdom,--,USD,7.01,5.63,1,2036-11-06,5.13,7.17,,5.63,7.17,5.63,USD,2025-11-06,2025-11-06
APPLE INC,Technology,Fixed Income,549266.82,0.04422,549266.82,927000,United States,--,USD,14.83,5.91,1,2051-02-08,2.65,15.05,,5.91,15.05,5.91,USD,2021-02-08,2021-02-08
BANK OF MONTREAL (FXD-FRN) MTN,Banking,Fixed Income,548360.15,0.04415,548360.15,545000,Canada,--,USD,1.12,4.59,1,2028-09-22,4.06,1.11,,4.59,1.11,4.59,USD,2025-09-22,2025-09-22
EOG RESOURCES INC,Energy,Fixed Income,547692.26,0.04409,547692.26,550000,United States,--,USD,5.07,5.1,1,2032-07-15,5.0,5.1,,5.1,5.1,5.1,USD,2025-07-01,2025-07-01
WELLS FARGO & COMPANY MTN,Banking,Fixed Income,546399.93,0.04399,546399.93,708000,United States,--,USD,11.97,6.03,1,2045-05-01,3.9,12.09,,6.03,12.09,6.03,USD,2015-04-30,2015-04-30
BANK OF NEW YORK MELLON CORP/THE MTN,Banking,Fixed Income,546016.6,0.04396,546016.6,520000,United States,--,USD,5.1,5.22,1,2033-10-25,5.83,5.14,,5.16,5.15,5.16,USD,2022-10-25,2022-10-25
NETFLIX INC,Communications,Fixed Income,546071.35,0.04396,546071.35,580000,United States,--,USD,13.16,6.01,1,2054-08-15,5.4,13.42,,6.01,13.42,6.01,USD,2024-08-01,2024-08-01
BANK OF AMERICA CORP,Banking,Fixed Income,545957.87,0.04395,545957.87,515000,United States,--,USD,7.54,5.72,1,2037-01-29,6.11,7.52,,5.72,7.52,5.72,USD,2007-01-29,2007-01-29
TRUIST FINANCIAL CORP MTN,Banking,Fixed Income,545594.1,0.04392,545594.1,575000,United States,--,USD,1.82,4.77,1,2029-06-07,1.89,1.8,,4.77,1.8,4.77,USD,2021-06-07,2021-06-07
JPMORGAN CHASE & CO,Banking,Fixed Income,545069.72,0.04388,545069.72,530000,United States,--,USD,2.47,4.97,1,2030-04-22,5.58,2.49,,4.97,2.49,4.97,USD,2024-04-22,2024-04-22
BANK OF AMERICA CORP MTN,Banking,Fixed Income,543410.1,0.04375,543410.1,549000,United States,--,USD,0.93,5.05,1,2028-07-21,3.59,1.89,,4.67,0.96,4.67,USD,2017-07-21,2017-07-21
BANK OF AMERICA CORP MTN,Banking,Fixed Income,542557.7,0.04368,542557.7,575000,United States,--,USD,3.01,5.08,1,2030-10-22,2.88,3.02,,5.03,3.02,5.03,USD,2019-10-22,2019-10-22
MORGAN STANLEY,Banking,Fixed Income,541854.72,0.04362,541854.72,540000,United States,--,USD,2.28,5.08,1,2030-01-16,5.17,2.3,,5.07,2.3,5.07,USD,2024-01-18,2024-01-18
RIO TINTO FINANCE (USA) PLC,Basic Industry,Fixed Income,541690.76,0.04361,541690.76,545000,Australia,--,USD,13.21,5.94,1,2055-03-14,5.75,13.49,,5.94,13.49,5.94,USD,2025-03-14,2025-03-14
CISCO SYSTEMS INC,Technology,Fixed Income,541590.07,0.0436,541590.07,546000,United States,--,USD,9.38,5.6,1,2040-01-15,5.5,9.4,,5.6,9.4,5.6,USD,2009-11-17,2009-11-17
ING GROEP NV,Banking,Fixed Income,540738.59,0.04353,540738.59,530000,Netherlands,--,USD,5.95,5.52,1,2035-03-19,5.55,6.06,,5.52,6.06,5.52,USD,2024-03-19,2024-03-19
NOVARTIS CAPITAL CORP,Consumer Non-Cyclical,Fixed Income,540193.16,0.04349,540193.16,590000,Switzerland,--,USD,3.76,4.78,1,2030-08-14,2.2,3.76,,4.78,3.76,4.78,USD,2020-02-14,2020-02-14
BP CAPITAL MARKETS AMERICA INC,Energy,Fixed Income,539769.65,0.04346,539769.65,877000,United Kingdom,--,USD,14.74,5.95,1,2051-06-04,2.94,14.96,,5.95,14.96,5.95,USD,2020-12-04,2020-12-04
NOVARTIS CAPITAL CORP,Consumer Non-Cyclical,Fixed Income,539588.71,0.04344,539588.71,550000,Switzerland,--,USD,3.83,4.82,1,2030-11-05,4.1,3.84,,4.82,3.84,4.82,USD,2025-11-05,2025-11-05
BERKSHIRE HATHAWAY FINANCE CORP,Insurance,Fixed Income,539475.25,0.04343,539475.25,682000,United States,--,USD,12.97,5.96,1,2049-01-15,4.25,13.21,,5.96,13.21,5.96,USD,2019-01-11,2019-01-11
TOTALENERGIES CAPITAL SA,Energy,Fixed Income,539174.6,0.04341,539174.6,545000,France,--,USD,6.49,5.15,1,2034-09-10,4.72,6.54,,5.15,6.54,5.15,USD,2024-09-10,2024-09-10
INTERCONTINENTAL EXCHANGE INC,Brokerage/Asset Managers/Exchanges,Fixed Income,537437.24,0.04327,537437.24,595000,United States,--,USD,3.66,4.92,1,2030-06-15,2.1,3.65,,4.92,3.65,4.92,USD,2020-05-26,2020-05-26
WALT DISNEY CO,Communications,Fixed Income,537194.64,0.04325,537194.64,766000,United States,--,USD,14.03,5.94,1,2051-01-13,3.6,14.27,,5.94,14.27,5.94,USD,2020-05-13,2020-05-13
US BANCORP MTN,Banking,Fixed Income,537253.46,0.04325,537253.46,525000,United States,--,USD,1.75,5.1,1,2029-06-12,5.78,1.76,,4.83,1.76,4.83,USD,2023-06-12,2023-06-12
PEPSICO INC,Consumer Non-Cyclical,Fixed Income,535054.78,0.04308,535054.78,567000,United States,--,USD,3.36,4.73,1,2030-03-19,2.75,3.38,,4.73,3.38,4.73,USD,2020-03-19,2020-03-19
MERCK & CO INC,Consumer Non-Cyclical,Fixed Income,534835.28,0.04306,534835.28,565000,United States,--,USD,13.56,5.99,1,2055-12-04,5.55,13.84,,5.99,13.84,5.99,USD,2025-12-04,2025-12-04
TRUIST FINANCIAL CORP MTN,Banking,Fixed Income,534749.44,0.04305,534749.44,530000,United States,--,USD,5.24,5.44,1,2034-01-26,5.12,5.32,,5.42,5.32,5.42,USD,2023-01-26,2023-01-26
WELLS FARGO & COMPANY,Banking,Fixed Income,534582.28,0.04304,534582.28,677000,United States,--,USD,11.93,6.31,1,2046-06-14,4.4,12.07,,6.31,12.07,6.31,USD,2016-06-14,2016-06-14
JOHNSON & JOHNSON,Consumer Non-Cyclical,Fixed Income,534632.42,0.04304,534632.42,525000,United States,--,USD,4.2,4.64,1,2031-06-01,4.9,4.26,,4.63,4.12,4.63,USD,2024-05-20,2024-05-20
META PLATFORMS INC,Communications,Fixed Income,533736.06,0.04297,533736.06,625000,United States,--,USD,13.24,6.93,1,2063-05-15,5.75,13.45,,6.93,13.45,6.93,USD,2023-05-03,2023-05-03
TRUIST FINANCIAL CORP MTN,Banking,Fixed Income,532725.07,0.04289,532725.07,520000,United States,--,USD,1.39,4.93,1,2029-01-26,4.87,1.4,,4.84,1.4,4.84,USD,2023-01-26,2023-01-26
COMCAST CORPORATION 144A,Communications,Fixed Income,532677.5,0.04288,532677.5,570000,United States,--,USD,7.88,6.04,1,2037-01-15,5.17,7.88,,6.04,7.88,6.04,USD,2025-10-02,2025-10-02
PNC FINANCIAL SERVICES GROUP INC (,Banking,Fixed Income,531852.79,0.04282,531852.79,535000,United States,--,USD,6.3,5.47,1,2035-07-23,5.4,6.42,,5.47,6.42,5.47,USD,2024-07-23,2024-07-23
JOHNSON & JOHNSON,Consumer Non-Cyclical,Fixed Income,531650.02,0.0428,531650.02,678000,United States,--,USD,12.42,5.66,1,2046-03-01,3.7,12.62,,5.66,12.62,5.66,USD,2016-03-01,2016-03-01
WALMART INC,Consumer Cyclical,Fixed Income,531470.6,0.04279,531470.6,530000,United States,--,USD,3.38,4.57,1,2030-04-28,4.35,3.4,,4.57,3.4,4.57,USD,2025-04-28,2025-04-28
WESTPAC BANKING CORP,Banking,Fixed Income,530890.88,0.04274,530890.88,515000,Australia,--,USD,2.14,4.58,1,2028-11-17,5.54,2.14,,4.58,2.14,4.58,USD,2023-11-17,2023-11-17
MORGAN STANLEY (FXD-FRN) MTN,Banking,Fixed Income,530586.2,0.04272,530586.2,540000,United States,--,USD,2.31,4.91,1,2030-01-09,4.24,2.3,,4.91,2.3,4.91,USD,2026-01-20,2026-01-20
WELLTOWER OP LLC,Reits,Fixed Income,530540.77,0.04271,530540.77,537000,United States,--,USD,3.54,4.92,1,2030-07-01,4.5,3.55,,4.92,3.55,4.92,USD,2025-06-27,2025-06-27
PNC FINANCIAL SERVICES GROUP INC (,Banking,Fixed Income,529781.01,0.04265,529781.01,523000,United States,--,USD,5.95,5.48,1,2035-01-22,5.68,6.05,,5.47,6.05,5.47,USD,2024-01-22,2024-01-22
UNITEDHEALTH GROUP INC,Insurance,Fixed Income,529608.19,0.04264,529608.19,528000,United States,--,USD,13.81,6.21,1,2063-02-15,6.05,14.06,,6.21,14.06,6.21,USD,2022-10-28,2022-10-28
COMCAST CORPORATION,Communications,Fixed Income,529406.01,0.04262,529406.01,565000,United States,--,USD,5.58,5.43,1,2033-01-15,4.25,5.54,,5.43,5.54,5.43,USD,2013-01-14,2013-01-14
BANK OF AMERICA CORP MTN,Banking,Fixed Income,529274.89,0.04261,529274.89,525000,United States,--,USD,6.32,5.66,1,2035-08-15,5.42,6.29,,5.67,6.29,5.67,USD,2024-08-15,2024-08-15
JOHNSON & JOHNSON,Consumer Non-Cyclical,Fixed Income,528770.09,0.04257,528770.09,593000,United States,--,USD,8.35,5.14,1,2037-03-03,3.63,8.41,,5.14,8.41,5.14,USD,2017-03-03,2017-03-03
ELI LILLY AND COMPANY,Consumer Non-Cyclical,Fixed Income,528676.34,0.04256,528676.34,545000,United States,--,USD,13.69,5.88,1,2056-05-20,5.6,13.98,,5.88,13.98,5.88,USD,2026-05-20,2026-05-20
BERKSHIRE HATHAWAY ENERGY CO,Electric,Fixed Income,526379.44,0.04238,526379.44,496000,United States,--,USD,7.19,5.55,1,2036-04-01,6.13,7.17,,5.55,7.17,5.55,USD,2006-10-01,2006-10-16
CATERPILLAR INC,Capital Goods,Fixed Income,526031.59,0.04235,526031.59,642000,United States,--,USD,11.02,5.69,1,2042-08-15,3.8,11.08,,5.69,11.08,5.69,USD,2012-08-15,2012-12-05
COMCAST CORPORATION,Communications,Fixed Income,525772.39,0.04233,525772.39,631000,United States,--,USD,8.72,6.11,1,2038-03-01,3.9,8.73,,6.11,8.73,6.11,USD,2018-02-08,2018-02-08
RIO TINTO FINANCE (USA) LTD,Basic Industry,Fixed Income,524715.99,0.04224,524715.99,542000,Australia,--,USD,9.72,5.65,1,2040-11-02,5.2,9.75,,5.65,9.75,5.65,USD,2010-11-02,2010-11-02
WASTE MANAGEMENT INC,Capital Goods,Fixed Income,524478.46,0.04222,524478.46,520000,United States,--,USD,6.06,5.08,1,2034-02-15,4.88,6.11,,5.08,6.11,5.08,USD,2023-08-03,2023-08-03
TORONTO-DOMINION BANK/THE (FXD) MTN,Banking,Fixed Income,522934.63,0.0421,522934.63,510000,Canada,--,USD,1.42,4.72,1,2028-01-31,4.86,1.42,,4.72,1.42,4.72,USD,2025-01-31,2025-01-31
AMERICAN EXPRESS COMPANY,Banking,Fixed Income,521992.33,0.04202,521992.33,530000,United States,--,USD,5.07,5.18,1,2033-07-20,4.92,5.12,,5.18,5.12,5.18,USD,2025-07-25,2025-07-25
REPUBLIC SERVICES INC,Capital Goods,Fixed Income,521789.83,0.04201,521789.83,520000,United States,--,USD,6.16,5.19,1,2034-04-01,5.0,6.21,,5.19,6.21,5.19,USD,2023-03-28,2023-03-28
WALMART INC,Consumer Cyclical,Fixed Income,521531.75,0.04199,521531.75,552000,United States,--,USD,2.08,4.45,1,2028-09-22,1.5,2.08,,4.45,2.08,4.45,USD,2021-09-22,2021-09-22
BANK OF AMERICA CORP MTN,Banking,Fixed Income,520221.68,0.04188,520221.68,641000,United States,--,USD,11.98,5.97,1,2050-03-15,4.33,12.96,,5.97,12.95,5.97,USD,2019-03-15,2019-03-15
SALESFORCE INC,Technology,Fixed Income,520246.8,0.04188,520246.8,523000,United States,--,USD,1.59,4.66,1,2028-04-11,3.7,1.62,,4.66,1.62,4.66,USD,2018-04-11,2018-04-11
ELI LILLY AND COMPANY,Consumer Non-Cyclical,Fixed Income,518533.81,0.04175,518533.81,525000,United States,--,USD,4.25,4.84,1,2031-05-20,4.38,4.26,,4.84,4.26,4.84,USD,2026-05-20,2026-05-20
WELLS FARGO & COMPANY (FXD-FRN) MTN,Banking,Fixed Income,517648.41,0.04167,517648.41,560000,United States,--,USD,10.88,6.04,1,2047-01-23,5.43,11.58,,6.04,11.58,6.04,USD,2026-01-23,2026-01-23
PNC FINANCIAL SERVICES GROUP INC (,Banking,Fixed Income,517471.04,0.04166,517471.04,520000,United States,--,USD,4.48,5.15,1,2032-10-21,4.81,4.52,,5.15,4.52,5.15,USD,2024-10-21,2024-10-21
TEXAS INSTRUMENTS INC,Technology,Fixed Income,516357.29,0.04157,516357.29,600000,United States,--,USD,14.7,6.06,1,2063-05-18,5.05,14.97,,6.06,14.97,6.06,USD,2023-05-18,2023-05-18
APPLE INC,Technology,Fixed Income,515398.99,0.04149,515398.99,547000,United States,--,USD,2.94,4.47,1,2029-09-11,2.2,2.95,,4.47,2.95,4.47,USD,2019-09-11,2019-09-11
ABBVIE INC,Consumer Non-Cyclical,Fixed Income,515179.1,0.04148,515179.1,550000,United States,--,USD,14.41,6.06,1,2064-03-15,5.5,14.68,,6.06,14.68,6.06,USD,2024-02-26,2024-02-26
ABBVIE INC,Consumer Non-Cyclical,Fixed Income,514220.49,0.0414,514220.49,590000,United States,--,USD,12.38,6.0,1,2048-11-14,4.88,12.62,,6.0,12.62,6.0,USD,2018-09-18,2018-09-18
BRISTOL-MYERS SQUIBB CO,Consumer Non-Cyclical,Fixed Income,513878.71,0.04137,513878.71,499000,United States,--,USD,3.92,4.89,1,2031-02-22,5.1,3.96,,4.89,3.83,4.89,USD,2024-02-22,2024-02-22
CANADIAN IMPERIAL BANK OF COMMERCE,Banking,Fixed Income,512755.14,0.04128,512755.14,505000,Canada,--,USD,1.58,4.8,1,2029-03-30,4.86,1.12,,4.8,1.58,4.8,USD,2025-03-31,2025-03-31
APPLE INC,Technology,Fixed Income,512195.77,0.04124,512195.77,608000,United States,--,USD,11.78,5.84,1,2045-05-13,4.38,11.91,,5.84,11.91,5.84,USD,2015-05-13,2015-05-13
AMAZON.COM INC,Consumer Cyclical,Fixed Income,512222.54,0.04124,512222.54,512000,United States,--,USD,1.03,4.37,1,2027-08-22,3.15,1.03,,4.37,1.03,4.37,USD,2018-02-22,2018-06-06
VISA INC,Technology,Fixed Income,512034.06,0.04122,512034.06,558000,United States,--,USD,3.49,4.65,1,2030-04-15,2.05,3.5,,4.65,3.5,4.65,USD,2020-04-02,2020-04-02
AMERICAN EXPRESS COMPANY FXD-FRN,Banking,Fixed Income,511814.43,0.0412,511814.43,505000,United States,--,USD,3.34,5.0,1,2031-04-25,5.02,3.34,,4.98,3.35,4.98,USD,2025-04-25,2025-04-25
SUMITOMO MITSUI FINANCIAL GROUP IN,Banking,Fixed Income,510618.88,0.04111,510618.88,570000,Japan,--,USD,3.72,5.09,1,2030-07-08,2.13,3.71,,5.09,3.71,5.09,USD,2020-07-08,2020-07-08
MERCK & CO INC,Consumer Non-Cyclical,Fixed Income,510440.43,0.04109,510440.43,510000,United States,--,USD,7.5,5.3,1,2036-05-22,5.2,7.54,,5.3,7.54,5.3,USD,2026-05-22,2026-05-22
AMERICAN EXPRESS COMPANY,Banking,Fixed Income,509675.58,0.04103,509675.58,520000,United States,--,USD,5.04,5.24,1,2033-08-03,4.42,5.09,,5.22,5.09,5.22,USD,2022-08-03,2022-08-03
HSBC HOLDINGS PLC,Banking,Fixed Income,509699.8,0.04103,509699.8,510000,United Kingdom,--,USD,2.41,4.98,1,2030-03-10,4.4,2.41,,4.98,2.41,4.98,USD,2026-03-10,2026-03-10
WESTPAC BANKING CORP,Banking,Fixed Income,509508.91,0.04102,509508.91,515000,Australia,--,USD,2.73,5.94,1,2034-07-24,4.11,2.69,,5.24,2.72,5.24,USD,2019-07-24,2019-07-24
ALIBABA GROUP HOLDING LTD,Consumer Cyclical,Fixed Income,508559.25,0.04094,508559.25,570000,China,--,USD,8.75,5.34,1,2037-12-06,4.0,8.8,,5.34,8.8,5.34,USD,2017-12-06,2017-12-06
AMPHENOL CORPORATION,Capital Goods,Fixed Income,508215.21,0.04092,508215.21,520000,United States,--,USD,5.48,5.16,1,2033-02-15,4.4,5.49,,5.16,5.49,5.16,USD,2025-11-10,2025-11-10
MORGAN STANLEY MTN,Banking,Fixed Income,508010.07,0.0409,508010.07,519000,United States,--,USD,5.06,5.37,1,2033-07-20,4.89,5.12,,5.31,5.12,5.31,USD,2022-07-20,2022-07-20
SUMITOMO MITSUI FINANCIAL GROUP IN,Banking,Fixed Income,507888.27,0.04089,507888.27,495000,Japan,--,USD,5.38,5.31,1,2033-01-13,5.77,5.36,,5.31,5.36,5.31,USD,2023-01-13,2023-01-13
UNITEDHEALTH GROUP INC,Insurance,Fixed Income,507788.82,0.04088,507788.82,535000,United States,--,USD,10.94,5.98,1,2044-07-15,5.5,11.1,,5.98,11.1,5.98,USD,2024-07-25,2024-07-25
COMCAST CORPORATION,Communications,Fixed Income,507605.1,0.04087,507605.1,534000,United States,--,USD,3.35,5.21,1,2030-04-01,3.4,3.37,,5.21,3.37,5.21,USD,2020-03-27,2020-03-27
TORONTO-DOMINION BANK/THE MTN,Banking,Fixed Income,506643.38,0.04079,506643.38,505000,Canada,--,USD,1.76,4.75,1,2028-06-02,4.57,1.75,,4.75,1.75,4.75,USD,2025-06-03,2025-06-03
UNITEDHEALTH GROUP INC,Insurance,Fixed Income,506644.26,0.04079,506644.26,560000,United States,--,USD,3.59,4.88,1,2030-05-15,2.0,3.58,,4.88,3.58,4.88,USD,2020-05-18,2020-05-18
BANK OF NEW YORK MELLON/THE MTN,Banking,Fixed Income,506519.25,0.04078,506519.25,500000,United States,--,USD,1.62,4.64,1,2029-04-20,4.73,1.63,,4.64,1.64,4.64,USD,2025-04-22,2025-04-22
AMPHENOL CORPORATION,Capital Goods,Fixed Income,506283.73,0.04076,506283.73,550000,United States,--,USD,13.69,5.95,1,2055-11-15,5.3,13.96,,5.95,13.96,5.95,USD,2025-11-10,2025-11-10
ELI LILLY AND COMPANY,Consumer Non-Cyclical,Fixed Income,506322.59,0.04076,506322.59,495000,United States,--,USD,3.15,4.7,1,2030-02-12,4.75,3.17,,4.7,3.17,4.7,USD,2025-02-12,2025-02-12
WELLS FARGO BANK NA MTN,Banking,Fixed Income,506158.65,0.04075,506158.65,473000,United States,--,USD,8.11,5.77,1,2038-01-15,6.6,8.1,,5.77,8.1,5.77,USD,2007-12-07,2007-12-07
SOUTHERN CALIFORNIA EDISON COMPANY,Electric,Fixed Income,505617.65,0.04071,505617.65,500000,United States,--,USD,2.58,5.0,1,2029-06-01,5.15,2.61,,5.0,2.54,5.0,USD,2024-03-01,2024-03-01
BURLINGTON NORTHERN SANTA FE LLC,Transportation,Fixed Income,504646.85,0.04063,504646.85,555000,United States,--,USD,13.36,5.98,1,2054-04-15,5.2,13.63,,5.98,13.63,5.98,USD,2023-06-09,2023-06-09
MORGAN STANLEY,Banking,Fixed Income,504488.38,0.04062,504488.38,446000,United States,--,USD,4.62,5.03,1,2032-04-01,7.25,4.61,,5.03,4.61,5.03,USD,2002-04-03,2002-04-03
NATWEST GROUP PLC,Banking,Fixed Income,504604.86,0.04062,504604.86,500000,United Kingdom,--,USD,1.69,5.45,1,2029-05-18,4.89,1.7,,4.87,1.71,4.87,USD,2018-05-18,2018-05-18
META PLATFORMS INC,Communications,Fixed Income,504313.28,0.0406,504313.28,500000,United States,--,USD,3.36,4.81,1,2030-05-15,4.8,3.42,,4.81,3.42,4.81,USD,2023-05-03,2023-05-03
JOHNSON & JOHNSON,Consumer Non-Cyclical,Fixed Income,503733.87,0.04055,503733.87,490000,United States,--,USD,4.72,4.67,1,2032-03-01,4.85,4.78,,4.66,4.65,4.66,USD,2025-02-20,2025-02-20
AMERICAN EXPRESS COMPANY,Banking,Fixed Income,503600.25,0.04054,503600.25,525000,United States,--,USD,7.08,5.49,1,2036-10-24,4.8,7.23,,5.49,7.23,5.49,USD,2025-10-24,2025-10-24
UNITEDHEALTH GROUP INC,Insurance,Fixed Income,503376.12,0.04053,503376.12,520000,United States,--,USD,5.0,5.0,1,2032-05-15,4.2,5.03,,5.0,5.03,5.0,USD,2022-05-20,2022-05-20
BANK OF AMERICA CORP MTN,Banking,Fixed Income,503387.96,0.04053,503387.96,570000,United States,--,USD,3.95,5.12,1,2031-10-24,1.92,3.97,,5.12,3.97,5.12,USD,2020-10-21,2020-10-21
MORGAN STANLEY MTN,Banking,Fixed Income,503335.41,0.04052,503335.41,495000,United States,--,USD,1.61,5.05,1,2029-04-20,5.16,1.62,,4.95,1.63,4.95,USD,2023-04-21,2023-04-21
ROYAL BANK OF CANADA MTN,Banking,Fixed Income,502875.14,0.04049,502875.14,495000,Canada,--,USD,5.39,5.15,1,2033-02-01,5.0,5.37,,5.15,5.37,5.15,USD,2023-01-12,2023-01-12
ALPHABET INC,Technology,Fixed Income,501918.52,0.04041,501918.52,580000,United States,--,USD,14.41,6.3,1,2065-05-15,5.3,14.66,,6.3,14.66,6.3,USD,2025-05-01,2025-05-01
CREDIT SUISSE (USA) LLC,Banking,Fixed Income,500744.71,0.04031,500744.71,456000,Switzerland,--,USD,4.91,5.22,1,2032-07-15,7.13,4.89,,5.22,4.89,5.22,USD,2002-07-19,2002-07-19
WESTPAC BANKING CORP,Banking,Fixed Income,500609.87,0.0403,500609.87,500000,Australia,--,USD,1.43,4.48,1,2028-01-25,3.4,1.42,,4.48,1.42,4.48,USD,2018-01-25,2018-01-25
AMERICAN EXPRESS COMPANY,Banking,Fixed Income,499191.3,0.04019,499191.3,485000,United States,--,USD,6.64,5.44,1,2036-04-25,5.67,6.76,,5.44,6.76,5.44,USD,2025-04-25,2025-04-25
HOME DEPOT INC,Consumer Cyclical,Fixed Income,499068.84,0.04018,499068.84,505000,United States,--,USD,6.4,5.19,1,2034-06-25,4.95,6.44,,5.19,6.44,5.19,USD,2024-06-25,2024-06-25
NATWEST GROUP PLC,Banking,Fixed Income,499096.36,0.04018,499096.36,490000,United Kingdom,--,USD,2.72,5.14,1,2030-08-15,4.96,2.74,,5.08,2.75,5.08,USD,2024-08-15,2024-08-15
UNITEDHEALTH GROUP INC,Insurance,Fixed Income,497940.55,0.04009,497940.55,480000,United States,--,USD,3.09,4.86,1,2030-02-15,5.3,3.14,,4.84,3.01,4.84,USD,2022-10-28,2022-10-28
COMCAST CORPORATION,Communications,Fixed Income,497851.47,0.04008,497851.47,643000,United States,--,USD,11.93,6.79,1,2048-10-15,4.7,12.11,,6.79,12.11,6.79,USD,2018-10-05,2018-10-05
MORGAN STANLEY MTN,Banking,Fixed Income,497698.67,0.04007,497698.67,490000,United States,--,USD,1.58,4.93,1,2029-04-12,4.99,1.6,,4.89,1.61,4.89,USD,2025-04-17,2025-04-17
HOME DEPOT INC,Consumer Cyclical,Fixed Income,494836.09,0.03984,494836.09,517000,United States,--,USD,2.7,4.67,1,2029-06-15,2.95,2.72,,4.67,2.72,4.67,USD,2019-06-17,2019-06-17
MORGAN STANLEY (FXD-FRN) MTN,Banking,Fixed Income,494211.93,0.03979,494211.93,495000,United States,--,USD,1.86,4.87,1,2029-07-12,4.87,1.85,,4.87,1.85,4.87,USD,2026-07-17,2026-07-17
TOTALENERGIES CAPITAL INTERNATIONA,Energy,Fixed Income,493562.54,0.03974,493562.54,766000,France,--,USD,14.22,5.98,1,2050-05-29,3.13,14.44,,5.98,14.44,5.98,USD,2020-05-29,2020-05-29
PNC FINANCIAL SERVICES GROUP INC (,Banking,Fixed Income,492898.71,0.03968,492898.71,469000,United States,--,USD,5.06,5.39,1,2033-10-28,6.04,5.12,,5.34,5.12,5.34,USD,2022-10-28,2022-10-28
JPMORGAN CHASE & CO,Banking,Fixed Income,491450.46,0.03957,491450.46,495000,United States,--,USD,2.64,5.11,1,2030-06-14,4.57,2.66,,5.02,2.66,5.02,USD,2022-06-14,2022-06-14
ELI LILLY AND COMPANY,Consumer Non-Cyclical,Fixed Income,491051.84,0.03953,491051.84,550000,United States,--,USD,14.64,5.97,1,2064-02-09,5.1,14.9,,5.97,14.9,5.97,USD,2024-02-09,2024-02-09
BANK OF AMERICA CORP MTN,Banking,Fixed Income,490645.32,0.0395,490645.32,485000,United States,--,USD,6.71,5.45,1,2036-05-09,5.46,6.84,,5.45,6.84,5.45,USD,2025-05-09,2025-05-09
SALESFORCE INC,Technology,Fixed Income,489323.81,0.03939,489323.81,495000,United States,--,USD,10.51,6.72,1,2046-03-15,6.4,10.68,,6.72,10.68,6.72,USD,2026-03-13,2026-03-13
LOCKHEED MARTIN CORP,Capital Goods,Fixed Income,488218.32,0.03931,488218.32,593000,United States,--,USD,11.14,5.79,1,2042-12-15,4.07,11.21,,5.79,11.21,5.79,USD,2012-12-14,2013-05-29
MERCK & CO INC,Consumer Non-Cyclical,Fixed Income,488213.22,0.0393,488213.22,555000,United States,--,USD,13.37,5.97,1,2053-05-17,5.0,13.64,,5.97,13.64,5.97,USD,2023-05-17,2023-05-17
MITSUBISHI UFJ FINANCIAL GROUP INC,Banking,Fixed Income,487981.09,0.03929,487981.09,480000,Japan,--,USD,6.61,5.56,1,2036-04-24,5.62,6.76,,5.56,6.75,5.56,USD,2025-04-24,2025-04-24
HOME DEPOT INC,Consumer Cyclical,Fixed Income,488037.14,0.03929,488037.14,490000,United States,--,USD,5.16,4.88,1,2032-09-15,4.5,5.21,,4.88,5.21,4.88,USD,2022-09-19,2022-09-19
HONEYWELL INTERNATIONAL INC,Capital Goods,Fixed Income,488048.08,0.03929,488048.08,541000,United States,--,USD,3.63,4.84,1,2030-06-01,1.95,3.63,,4.84,3.63,4.84,USD,2020-05-18,2020-05-18
JOHNSON & JOHNSON,Consumer Non-Cyclical,Fixed Income,487870.01,0.03928,487870.01,480000,United States,--,USD,2.59,4.44,1,2029-06-01,4.8,2.63,,4.43,2.56,4.43,USD,2024-05-20,2024-05-20
INTERCONTINENTAL EXCHANGE INC,Brokerage/Asset Managers/Exchanges,Fixed Income,487898.67,0.03928,487898.67,560000,United States,--,USD,14.51,6.13,1,2062-06-15,5.2,14.77,,6.13,14.77,6.13,USD,2022-05-23,2022-05-23
MORGAN STANLEY,Banking,Fixed Income,487599.26,0.03926,487599.26,587000,United States,--,USD,11.47,6.02,1,2045-01-27,4.3,11.58,,6.02,11.58,6.02,USD,2015-01-27,2015-01-27
PNC BANK NA,Banking,Fixed Income,487641.04,0.03926,487641.04,485000,United States,--,USD,1.87,4.81,1,2028-07-26,4.05,1.87,,4.81,1.87,4.81,USD,2018-07-26,2018-07-26
HOME DEPOT INC,Consumer Cyclical,Fixed Income,487545.3,0.03925,487545.3,597000,United States,--,USD,11.97,5.96,1,2046-04-01,4.25,12.16,,5.96,12.16,5.96,USD,2015-06-02,2015-06-02
HONDA MOTOR CO LTD,Consumer Cyclical,Fixed Income,487098.35,0.03922,487098.35,494000,Japan,--,USD,3.55,5.14,1,2030-07-08,4.69,3.56,,5.14,3.56,5.14,USD,2025-07-02,2025-07-02
JOHNSON & JOHNSON,Consumer Non-Cyclical,Fixed Income,487141.98,0.03922,487141.98,475000,United States,--,USD,6.74,4.92,1,2035-03-01,5.0,6.8,,4.91,6.64,4.91,USD,2025-02-20,2025-02-20
PROLOGIS LP,Reits,Fixed Income,486796.41,0.03919,486796.41,500000,United States,--,USD,5.48,5.13,1,2033-01-15,4.63,5.51,,5.13,5.51,5.13,USD,2022-09-20,2022-09-20
JPMORGAN CHASE & CO MTN,Banking,Fixed Income,486584.08,0.03917,486584.08,495000,United States,--,USD,7.29,5.5,1,2037-04-23,5.15,7.45,,5.5,7.45,5.5,USD,2026-04-23,2026-04-23
ANHEUSER-BUSCH INBEV WORLDWIDE INC,Consumer Non-Cyclical,Fixed Income,486351.29,0.03916,486351.29,530000,Belgium,--,USD,10.4,5.77,1,2042-01-15,4.95,10.45,,5.77,10.45,5.77,USD,2016-07-15,2016-12-13
AMAZON.COM INC,Consumer Cyclical,Fixed Income,486189.27,0.03914,486189.27,891000,United States,--,USD,14.85,6.2,1,2050-06-03,2.5,15.04,,6.2,15.04,6.2,USD,2020-06-03,2020-06-03
BP CAPITAL MARKETS AMERICA INC,Energy,Fixed Income,485812.59,0.03911,485812.59,480000,United Kingdom,--,USD,2.39,4.75,1,2029-04-10,4.7,2.49,,4.75,2.49,4.75,USD,2024-01-10,2024-01-10
COMCAST CORPORATION,Communications,Fixed Income,485131.15,0.03906,485131.15,490000,United States,--,USD,6.25,5.58,1,2034-06-01,5.3,6.29,,5.58,6.29,5.58,USD,2024-05-22,2024-05-22
HONEYWELL INTERNATIONAL INC,Capital Goods,Fixed Income,484904.32,0.03904,484904.32,505000,United States,--,USD,6.21,5.16,1,2034-01-15,4.5,6.24,,5.16,6.24,5.16,USD,2023-05-17,2023-05-17
ABBVIE INC,Consumer Non-Cyclical,Fixed Income,484933.91,0.03904,484933.91,485000,United States,--,USD,2.08,4.63,1,2028-11-14,4.25,2.16,,4.63,2.16,4.63,USD,2018-09-18,2018-09-18
EXXON MOBIL CORP,Energy,Fixed Income,483402.31,0.03892,483402.31,509000,United States,--,USD,2.86,4.59,1,2029-08-16,2.44,2.87,,4.59,2.87,4.59,USD,2019-08-16,2019-08-16
TORONTO-DOMINION BANK/THE MTN,Banking,Fixed Income,483337.36,0.03891,483337.36,475000,Canada,--,USD,1.09,4.61,1,2027-09-15,4.69,1.09,,4.61,1.09,4.61,USD,2022-09-15,2022-09-15
AMERICAN EXPRESS COMPANY,Banking,Fixed Income,483364.94,0.03891,483364.94,470000,United States,--,USD,1.16,4.57,1,2027-11-05,5.85,1.21,,4.48,1.14,4.48,USD,2022-11-07,2022-11-07
ABBVIE INC,Consumer Non-Cyclical,Fixed Income,482639.33,0.03886,482639.33,495000,United States,--,USD,7.43,5.33,1,2036-03-15,4.75,7.46,,5.33,7.46,5.33,USD,2026-03-04,2026-03-04
PNC FINANCIAL SERVICES GROUP INC (,Banking,Fixed Income,482597.13,0.03885,482597.13,480000,United States,--,USD,3.38,5.02,1,2031-05-13,4.9,3.4,,5.02,3.4,5.02,USD,2025-05-13,2025-05-13
WELLS FARGO & COMPANY MTN,Banking,Fixed Income,481758.92,0.03879,481758.92,475000,United States,--,USD,1.62,4.92,1,2029-04-23,4.97,1.63,,4.86,1.64,4.86,USD,2025-04-23,2025-04-23
META PLATFORMS INC,Communications,Fixed Income,481799.68,0.03879,481799.68,489000,United States,--,USD,5.6,5.38,1,2033-05-15,4.95,5.64,,5.38,5.64,5.38,USD,2023-05-03,2023-05-03
HONDA MOTOR CO LTD,Consumer Cyclical,Fixed Income,481354.84,0.03875,481354.84,490000,Japan,--,USD,7.03,5.62,1,2035-07-08,5.34,7.0,,5.62,7.0,5.62,USD,2025-07-02,2025-07-02
GOLDMAN SACHS GROUP INC/THE MTN,Banking,Fixed Income,481228.99,0.03874,481228.99,558000,United States,--,USD,11.21,6.09,1,2044-07-08,4.8,11.36,,6.09,11.36,6.09,USD,2014-07-08,2014-07-08
WESTPAC BANKING CORP,Banking,Fixed Income,481234.68,0.03874,481234.68,470000,Australia,--,USD,2.5,4.64,1,2029-04-16,5.05,2.5,,4.64,2.5,4.64,USD,2024-05-16,2024-05-16
MORGAN STANLEY (FXD-FRN) MTN,Banking,Fixed Income,480830.4,0.03871,480830.4,465000,United States,--,USD,1.16,5.28,1,2028-10-18,6.3,1.16,,4.82,1.16,4.82,USD,2022-10-18,2022-10-18
BRISTOL-MYERS SQUIBB CO,Consumer Non-Cyclical,Fixed Income,479857.85,0.03863,479857.85,675000,United States,--,USD,13.9,6.03,1,2052-03-15,3.7,14.14,,6.03,14.14,6.03,USD,2022-03-02,2022-03-02
MORGAN STANLEY PRIVATE (FXD-FRN),Banking,Fixed Income,479525.26,0.03861,479525.26,479000,United States,--,USD,2.35,4.84,1,2030-02-08,4.21,2.33,,4.84,2.33,4.84,USD,2026-02-02,2026-02-02
INTUIT INC,Technology,Fixed Income,479456.57,0.0386,479456.57,475000,United States,--,USD,5.74,5.35,1,2033-09-15,5.2,5.79,,5.35,5.79,5.35,USD,2023-09-15,2023-09-15
MERCK & CO INC,Consumer Non-Cyclical,Fixed Income,478876.89,0.03855,478876.89,620000,United States,--,USD,11.92,5.88,1,2045-02-10,3.7,12.08,,5.88,12.08,5.88,USD,2015-02-10,2015-02-10
PEPSICO INC,Consumer Non-Cyclical,Fixed Income,478763.66,0.03854,478763.66,480000,United States,--,USD,5.45,4.85,1,2033-02-15,4.45,5.51,,4.85,5.51,4.85,USD,2023-02-15,2023-02-15
UNION PACIFIC CORPORATION,Transportation,Fixed Income,478184.29,0.0385,478184.29,470000,United States,--,USD,6.68,5.16,1,2035-02-20,5.1,6.73,,5.16,6.73,5.16,USD,2025-02-13,2025-02-13
APPLE INC,Technology,Fixed Income,478199.41,0.0385,478199.41,531000,United States,--,USD,3.6,4.63,1,2030-05-11,1.65,3.6,,4.63,3.6,4.63,USD,2020-05-11,2020-05-11
ANHEUSER-BUSCH INBEV WORLDWIDE INC,Consumer Non-Cyclical,Fixed Income,478080.52,0.03849,478080.52,580000,Belgium,--,USD,12.56,5.99,1,2048-10-06,4.44,12.79,,5.99,12.79,5.99,USD,2017-04-06,2017-08-17
TORONTO-DOMINION BANK/THE MTN,Banking,Fixed Income,478002.75,0.03848,478002.75,520000,Canada,--,USD,4.99,5.11,1,2032-03-10,3.2,4.98,,5.11,4.98,5.11,USD,2022-03-10,2022-03-10
WESTPAC BANKING CORP,Banking,Fixed Income,477609.88,0.03845,477609.88,505000,Australia,--,USD,2.23,4.59,1,2028-11-20,1.95,2.22,,4.59,2.22,4.59,USD,2021-11-18,2021-11-18
UNITEDHEALTH GROUP INC,Insurance,Fixed Income,477164.25,0.03842,477164.25,490000,United States,--,USD,5.6,5.18,1,2033-04-15,4.5,5.64,,5.18,5.64,5.18,USD,2023-03-28,2023-03-28
BP CAPITAL MARKETS AMERICA INC,Energy,Fixed Income,477064.21,0.03841,477064.21,492000,United States,--,USD,3.34,4.86,1,2030-04-06,3.63,3.37,,4.86,3.37,4.86,USD,2020-04-06,2020-04-06
RIO TINTO FINANCE (USA) PLC,Basic Industry,Fixed Income,477016.79,0.0384,477016.79,470000,Australia,--,USD,6.7,5.31,1,2035-03-14,5.25,6.75,,5.31,6.75,5.31,USD,2025-03-14,2025-03-14
NETFLIX INC,Communications,Fixed Income,476705.87,0.03838,476705.87,460000,United States,--,USD,2.13,4.71,1,2028-11-15,5.88,2.12,,4.71,2.12,4.71,USD,2018-04-26,2018-04-26
WESTPAC BANKING CORP,Banking,Fixed Income,475461.35,0.03828,475461.35,475000,Australia,--,USD,6.54,5.75,1,2035-11-20,5.62,6.5,,5.75,6.5,5.75,USD,2024-11-20,2024-11-20
PHILIP MORRIS INTERNATIONAL INC,Consumer Non-Cyclical,Fixed Income,475127.49,0.03825,475127.49,460000,United States,--,USD,2.91,4.88,1,2029-11-17,5.63,2.97,,4.84,2.84,4.84,USD,2022-11-17,2022-11-17
PHILIP MORRIS INTERNATIONAL INC,Consumer Non-Cyclical,Fixed Income,474332.35,0.03819,474332.35,463000,United States,--,USD,1.43,4.67,1,2028-02-15,4.88,1.46,,4.66,1.38,4.66,USD,2023-02-15,2023-02-15
APPLE INC,Technology,Fixed Income,474350.67,0.03819,474350.67,625000,United States,--,USD,13.8,5.91,1,2052-08-08,3.95,14.05,,5.91,14.05,5.91,USD,2022-08-08,2022-08-08
ELI LILLY AND COMPANY,Consumer Non-Cyclical,Fixed Income,473992.52,0.03816,473992.52,465000,United States,--,USD,6.66,5.15,1,2035-02-12,5.1,6.7,,5.15,6.7,5.15,USD,2025-02-12,2025-02-12
WALT DISNEY CO,Communications,Fixed Income,474006.28,0.03816,474006.28,553000,United States,--,USD,12.76,5.96,1,2050-03-23,4.7,13.01,,5.96,13.01,5.96,USD,2020-03-23,2020-03-23
BANCO SANTANDER SA,Banking,Fixed Income,473373.01,0.03811,473373.01,450000,Spain,--,USD,2.1,4.83,1,2028-11-07,6.61,2.09,,4.83,2.09,4.83,USD,2023-11-07,2023-11-07
BANK OF AMERICA CORP (FXD-FRN) MTN,Banking,Fixed Income,472454.19,0.03804,472454.19,470000,United States,--,USD,1.67,4.83,1,2029-05-09,4.62,1.68,,4.83,1.69,4.83,USD,2025-05-09,2025-05-09
BANK OF AMERICA CORP MTN,Banking,Fixed Income,471241.63,0.03794,471241.63,474000,United States,--,USD,1.2,4.42,1,2027-10-21,3.25,1.19,,4.42,1.19,4.42,USD,2016-10-21,2016-10-21
COMCAST CORPORATION,Communications,Fixed Income,471243.09,0.03794,471243.09,604000,United States,--,USD,9.86,6.3,1,2040-04-01,3.75,9.88,,6.3,9.88,6.3,USD,2020-03-27,2020-03-27
MASTERCARD INC,Technology,Fixed Income,471150.78,0.03793,471150.78,480000,United States,--,USD,7.6,5.32,1,2036-06-08,5.0,7.63,,5.32,7.63,5.32,USD,2026-06-08,2026-06-08
NATIONAL BANK OF CANADA (FXD-FRN) MTN,Banking,Fixed Income,470863.13,0.03791,470863.13,475000,Canada,--,USD,1.44,4.66,1,2029-01-20,4.17,1.43,,4.66,1.43,4.66,USD,2026-01-20,2026-01-20
JPMORGAN CHASE & CO,Banking,Fixed Income,470634.31,0.03789,470634.31,455000,United States,--,USD,1.83,4.94,1,2029-07-24,5.3,1.83,,4.87,1.83,4.87,USD,2023-07-24,2023-07-24
UNITEDHEALTH GROUP INC,Insurance,Fixed Income,470336.04,0.03787,470336.04,541000,United States,--,USD,14.34,6.2,1,2063-04-15,5.2,14.6,,6.2,14.6,6.2,USD,2023-03-28,2023-03-28
TOYOTA MOTOR CREDIT CORP,Consumer Cyclical,Fixed Income,470220.19,0.03786,470220.19,510000,United States,--,USD,3.33,4.86,1,2030-02-13,2.15,3.32,,4.86,3.32,4.86,USD,2020-02-13,2020-02-13
ELI LILLY AND COMPANY,Consumer Non-Cyclical,Fixed Income,469989.8,0.03784,469989.8,520000,United States,--,USD,13.4,5.88,1,2054-02-09,5.0,13.67,,5.88,13.67,5.88,USD,2024-02-09,2024-02-09
BANK OF NOVA SCOTIA MTN,Banking,Fixed Income,469850.93,0.03783,469850.93,460000,Canada,--,USD,3.14,4.9,1,2030-02-01,4.85,3.13,,4.9,3.13,4.9,USD,2023-02-02,2023-02-02
SHELL FINANCE US INC,Energy,Fixed Income,469588.42,0.03781,469588.42,474000,United States,--,USD,2.11,4.65,1,2028-11-13,3.88,2.16,,4.65,2.16,4.65,USD,2026-05-13,2026-07-08
METLIFE INC,Insurance,Fixed Income,468599.04,0.03773,468599.04,465000,United States,--,USD,3.22,4.77,1,2030-03-23,4.55,3.29,,4.77,3.29,4.77,USD,2020-03-23,2020-03-23
ROYAL BANK OF CANADA MTN,Banking,Fixed Income,468705.42,0.03773,468705.42,530000,Canada,--,USD,4.84,4.93,1,2031-11-03,2.3,4.83,,4.93,4.83,4.93,USD,2021-10-29,2021-10-29
GOLDMAN SACHS GROUP INC/THE,Banking,Fixed Income,468539.41,0.03772,468539.41,473000,United States,--,USD,1.65,4.96,1,2029-04-23,3.81,2.55,,4.96,1.65,4.96,USD,2018-01-23,2018-01-23
GLAXOSMITHKLINE CAPITAL INC,Consumer Non-Cyclical,Fixed Income,468294.86,0.0377,468294.86,470000,United Kingdom,--,USD,1.72,4.51,1,2028-05-15,3.88,1.72,,4.51,1.72,4.51,USD,2018-05-15,2018-05-15
NATWEST GROUP PLC,Banking,Fixed Income,467850.52,0.03767,467850.52,450000,United Kingdom,--,USD,6.0,5.52,1,2035-03-01,5.78,5.97,,5.5,5.97,5.5,USD,2024-02-29,2024-02-29
PUBLIC STORAGE OPERATING CO,Reits,Fixed Income,467510.36,0.03764,467510.36,495000,United States,--,USD,2.2,4.72,1,2028-11-09,1.95,2.19,,4.72,2.19,4.72,USD,2021-11-09,2021-11-09
MICROSOFT CORPORATION,Technology,Fixed Income,467226.0,0.03762,467226.0,614000,United States,--,USD,12.4,5.89,1,2046-08-08,3.7,12.6,,5.89,12.6,5.89,USD,2016-08-08,2016-08-08
COCA-COLA CO,Consumer Non-Cyclical,Fixed Income,466842.91,0.03758,466842.91,510000,United States,--,USD,13.84,5.82,1,2055-01-14,5.2,14.12,,5.82,14.12,5.82,USD,2024-08-14,2024-08-14
KENVUE INC,Consumer Non-Cyclical,Fixed Income,466668.96,0.03757,466668.96,465000,United States,--,USD,5.47,5.13,1,2033-03-22,4.9,5.52,,5.13,5.52,5.13,USD,2023-09-22,2023-10-17
HSBC HOLDINGS PLC,Banking,Fixed Income,466308.35,0.03754,466308.35,470000,United Kingdom,--,USD,5.51,5.47,1,2034-05-12,5.21,5.59,,5.47,5.59,5.47,USD,2026-05-12,2026-05-12
TORONTO-DOMINION BANK/THE MTN,Banking,Fixed Income,465999.68,0.03752,465999.68,465000,Canada,--,USD,3.47,4.94,1,2030-06-03,4.81,3.46,,4.94,3.46,4.94,USD,2025-06-03,2025-06-03
QUALCOMM INCORPORATED,Technology,Fixed Income,465844.2,0.0375,465844.2,537000,United States,--,USD,11.42,6.06,1,2045-05-20,4.8,11.59,,6.06,11.59,6.06,USD,2015-05-20,2015-05-20
MITSUBISHI UFJ FINANCIAL GROUP INC,Banking,Fixed Income,464937.21,0.03743,464937.21,470000,Japan,--,USD,2.43,4.76,1,2029-03-07,3.74,2.43,,4.76,2.43,4.76,USD,2019-03-07,2019-03-07
BANK OF MONTREAL MTN,Banking,Fixed Income,464980.23,0.03743,464980.23,470000,Canada,--,USD,3.66,8.6,1,2031-09-22,4.35,3.64,,5.03,3.7,5.03,USD,2025-09-22,2025-09-22
MICROSOFT CORPORATION,Technology,Fixed Income,464018.92,0.03736,464018.92,530000,United States,--,USD,8.02,5.27,1,2036-08-08,3.45,8.06,,5.27,8.06,5.27,USD,2016-08-08,2016-08-08
CHUBB INA HOLDINGS LLC,Insurance,Fixed Income,464053.06,0.03736,464053.06,470000,United States,--,USD,7.01,5.38,1,2035-08-15,4.9,7.04,,5.38,7.04,5.38,USD,2025-08-06,2025-08-06
S&P GLOBAL INC,Technology,Fixed Income,463364.69,0.0373,463364.69,510000,United States,--,USD,4.99,5.03,1,2032-03-01,2.9,5.0,,5.03,5.0,5.03,USD,2023-03-01,2023-02-28
NATIONAL AUSTRALIA BANK LTD (NEW Y MTN,Banking,Fixed Income,462972.38,0.03727,462972.38,460000,Australia,--,USD,2.3,4.58,1,2029-01-10,4.79,2.3,,4.58,2.3,4.58,USD,2024-01-10,2024-01-10
UNION PACIFIC CORPORATION,Transportation,Fixed Income,462777.79,0.03726,462777.79,660000,United States,--,USD,15.13,6.01,1,2060-03-20,3.84,15.39,,6.01,15.39,6.01,USD,2020-03-20,2020-05-26
ENTERPRISE PRODUCTS OPERATING LLC,Energy,Fixed Income,462448.82,0.03723,462448.82,481000,United States,--,USD,13.2,6.01,1,2055-02-16,5.55,13.44,,6.01,13.44,6.01,USD,2024-08-08,2024-08-08
UNITEDHEALTH GROUP INC,Insurance,Fixed Income,462091.19,0.0372,462091.19,405000,United States,--,USD,7.92,5.56,1,2038-02-15,6.88,7.91,,5.56,7.91,5.56,USD,2008-02-07,2008-02-07
PROCTER & GAMBLE CO,Consumer Non-Cyclical,Fixed Income,461859.43,0.03718,461859.43,530000,United States,--,USD,4.06,4.63,1,2030-10-29,1.2,4.06,,4.63,4.06,4.63,USD,2020-10-29,2020-10-29
PFIZER INC,Consumer Non-Cyclical,Fixed Income,461181.09,0.03713,461181.09,470000,United States,--,USD,5.34,5.01,1,2032-11-15,4.5,5.37,,5.01,5.37,5.01,USD,2025-11-21,2025-11-21
PEPSICO INC,Consumer Non-Cyclical,Fixed Income,461016.46,0.03712,461016.46,465000,United States,--,USD,1.18,4.41,1,2027-10-15,3.0,1.18,,4.41,1.18,4.41,USD,2017-10-10,2017-10-10
BROADCOM INC,Technology,Fixed Income,460533.26,0.03708,460533.26,480000,United States,--,USD,7.32,5.64,1,2036-02-15,4.8,7.33,,5.64,7.33,5.64,USD,2025-09-29,2025-09-29
US BANCORP MTN,Banking,Fixed Income,460143.03,0.03705,460143.03,450000,United States,--,USD,3.14,4.98,1,2031-02-12,5.05,3.14,,4.98,3.15,4.98,USD,2025-02-12,2025-02-12
APPLE INC,Technology,Fixed Income,460139.49,0.03704,460139.49,460000,United States,--,USD,1.68,4.44,1,2028-05-12,4.0,1.71,,4.44,1.71,4.44,USD,2025-05-12,2025-05-12
MORGAN STANLEY MTN,Banking,Fixed Income,459933.63,0.03703,459933.63,539000,United States,--,USD,9.07,5.67,1,2038-07-22,3.97,9.16,,5.67,9.16,5.67,USD,2017-07-24,2017-07-24
BANK OF AMERICA CORP MTN,Banking,Fixed Income,459835.03,0.03702,459835.03,459000,United States,--,USD,1.52,4.85,1,2029-03-05,3.97,2.41,,4.84,1.52,4.84,USD,2018-03-05,2018-03-05
CATERPILLAR INC,Capital Goods,Fixed Income,459739.45,0.03701,459739.45,455000,United States,--,USD,6.88,5.19,1,2035-05-15,5.2,6.93,,5.19,6.93,5.19,USD,2025-05-15,2025-05-15
COCA-COLA CO,Consumer Non-Cyclical,Fixed Income,459548.99,0.037,459548.99,512000,United States,--,USD,3.66,4.65,1,2030-06-01,1.65,3.65,,4.65,3.65,4.65,USD,2020-05-01,2020-05-01
META PLATFORMS INC,Communications,Fixed Income,459274.46,0.03698,459274.46,455000,United States,--,USD,1.67,4.56,1,2028-05-15,4.6,1.71,,4.56,1.63,4.56,USD,2023-05-03,2023-05-03
BANK OF AMERICA CORP,Banking,Fixed Income,459025.04,0.03696,459025.04,390000,United States,--,USD,7.93,5.83,1,2038-05-14,7.75,7.92,,5.83,7.92,5.83,USD,2008-05-14,2008-05-14
MARSH & MCLENNAN COMPANIES INC,Insurance,Fixed Income,459079.02,0.03696,459079.02,460000,United States,--,USD,4.56,5.09,1,2031-11-15,4.85,4.58,,5.09,4.58,5.09,USD,2024-11-08,2024-11-08
PNC FINANCIAL SERVICES GROUP INC (,Banking,Fixed Income,459147.57,0.03696,459147.57,465000,United States,--,USD,7.13,5.95,1,2041-01-25,5.42,7.1,,5.97,7.09,5.97,USD,2026-01-26,2026-01-26
PNC FINANCIAL SERVICES GROUP INC (,Banking,Fixed Income,458563.11,0.03692,458563.11,454000,United States,--,USD,5.25,5.38,1,2034-01-24,5.07,5.33,,5.35,5.33,5.35,USD,2023-01-24,2023-01-24
ASCENSION HEALTH ALLIANCE,Consumer Non-Cyclical,Fixed Income,458037.43,0.03688,458037.43,587000,United States,--,USD,12.54,5.87,1,2046-11-15,3.94,12.7,,5.87,12.7,5.87,USD,2016-05-11,2016-05-11
CHEVRON CORP,Energy,Fixed Income,457950.45,0.03687,457950.45,499000,United States,--,USD,3.55,4.76,1,2030-05-11,2.24,3.55,,4.76,3.55,4.76,USD,2020-05-11,2020-05-11
FLORIDA POWER & LIGHT CO,Electric,Fixed Income,458009.87,0.03687,458009.87,450000,United States,--,USD,2.58,4.69,1,2029-06-15,5.15,2.65,,4.66,2.51,4.66,USD,2024-06-03,2024-06-03
ELI LILLY AND COMPANY,Consumer Non-Cyclical,Fixed Income,457663.03,0.03685,457663.03,470000,United States,--,USD,13.33,5.87,1,2055-02-12,5.5,13.6,,5.87,13.6,5.87,USD,2025-02-12,2025-02-12
JPMORGAN CHASE & CO (FXD-FRN),Banking,Fixed Income,457127.1,0.0368,457127.1,468000,United States,--,USD,3.77,5.06,1,2031-10-22,4.25,3.78,,5.06,3.78,5.06,USD,2025-10-22,2025-10-22
AMAZON.COM INC,Consumer Cyclical,Fixed Income,457016.79,0.03679,457016.79,455000,United States,--,USD,3.01,4.72,1,2029-12-01,4.65,3.05,,4.72,3.05,4.72,USD,2022-12-01,2022-12-01
COMCAST CORPORATION,Communications,Fixed Income,456692.87,0.03677,456692.87,670000,United States,--,USD,12.64,6.83,1,2049-11-01,4.0,12.82,,6.83,12.82,6.83,USD,2017-10-19,2017-12-14
TORONTO-DOMINION BANK/THE MTN,Banking,Fixed Income,456700.7,0.03677,456700.7,455000,Canada,--,USD,3.1,4.82,1,2029-12-17,4.78,3.09,,4.82,3.09,4.82,USD,2024-12-17,2024-12-17
MORGAN STANLEY MTN,Banking,Fixed Income,456715.11,0.03677,456715.11,476000,United States,--,USD,11.57,6.12,1,2051-03-24,5.6,12.49,,6.07,12.44,6.07,USD,2020-03-24,2020-03-24
BANCO SANTANDER SA,Banking,Fixed Income,456519.67,0.03675,456519.67,442000,Spain,--,USD,2.36,5.16,1,2030-03-14,5.54,2.38,,5.0,2.39,5.0,USD,2024-03-14,2024-03-14
STATE STREET CORP,Banking,Fixed Income,455596.89,0.03668,455596.89,450000,United States,--,USD,3.33,4.82,1,2030-04-24,4.83,3.36,,4.82,3.36,4.82,USD,2025-04-24,2025-04-24
BERKSHIRE HATHAWAY ENERGY CO,Electric,Fixed Income,455331.96,0.03666,455331.96,475000,United States,--,USD,3.6,4.88,1,2030-07-15,3.7,3.64,,4.88,3.64,4.88,USD,2021-01-15,2021-03-03
JPMORGAN CHASE & CO,Banking,Fixed Income,455418.4,0.03666,455418.4,455000,United States,--,USD,2.32,4.98,1,2030-01-23,5.01,2.32,,4.97,2.32,4.97,USD,2024-01-23,2024-01-23
GENERAL ELECTRIC CO MTN,Capital Goods,Fixed Income,455056.89,0.03664,455056.89,409000,United States,--,USD,4.62,4.93,1,2032-03-15,6.75,4.61,,4.93,4.61,4.93,USD,2002-03-20,2002-03-20
ALPHABET INC,Technology,Fixed Income,454386.48,0.03658,454386.48,892000,United States,--,USD,15.58,6.0,1,2050-08-15,2.05,15.76,,6.0,15.76,6.0,USD,2020-08-05,2020-08-05
SERVICENOW INC,Technology,Fixed Income,454235.75,0.03657,454235.75,460000,United States,--,USD,7.4,5.7,1,2036-05-15,5.4,7.43,,5.7,7.43,5.7,USD,2026-05-15,2026-05-15
MORGAN STANLEY MTN,Banking,Fixed Income,453922.26,0.03654,453922.26,450000,United States,--,USD,1.87,5.09,1,2029-07-20,5.45,1.86,,5.01,1.87,5.01,USD,2023-07-21,2023-07-21
NORTHERN TRUST CORPORATION,Banking,Fixed Income,453399.09,0.0365,453399.09,500000,United States,--,USD,3.54,4.81,1,2030-05-01,1.95,3.55,,4.81,3.55,4.81,USD,2020-05-01,2020-05-01
VISA INC,Technology,Fixed Income,453191.28,0.03649,453191.28,482000,United States,--,USD,7.5,5.02,1,2035-12-14,4.15,7.58,,5.02,7.58,5.02,USD,2015-12-14,2015-12-14
MERCK & CO INC,Consumer Non-Cyclical,Fixed Income,453201.32,0.03649,453201.32,771000,United States,--,USD,15.13,5.94,1,2051-12-10,2.75,15.36,,5.94,15.36,5.94,USD,2021-12-10,2021-12-10
BP CAPITAL MARKETS PLC,Energy,Fixed Income,453007.38,0.03647,453007.38,454000,United Kingdom,--,USD,1.1,4.49,1,2027-09-19,3.28,1.11,,4.49,1.11,4.49,USD,2017-09-19,2017-09-19
JPMORGAN CHASE & CO,Banking,Fixed Income,452881.93,0.03646,452881.93,455000,United States,--,USD,2.18,5.06,1,2029-12-05,4.45,3.07,,4.93,2.21,4.93,USD,2018-12-05,2018-12-05
S&P GLOBAL INC,Technology,Fixed Income,452692.91,0.03645,452692.91,468000,United States,--,USD,2.43,4.78,1,2029-03-01,2.95,2.44,,4.78,2.44,4.78,USD,2023-03-01,2023-02-28
COMCAST CORPORATION,Communications,Fixed Income,452794.44,0.03645,452794.44,545000,United States,--,USD,12.48,6.81,1,2053-05-15,5.35,12.68,,6.81,12.68,6.81,USD,2023-05-09,2023-05-09
ALPHABET INC,Technology,Fixed Income,452350.92,0.03642,452350.92,465000,United States,--,USD,5.36,5.04,1,2032-11-15,4.38,5.39,,5.04,5.39,5.04,USD,2025-11-06,2025-11-06
JPMORGAN CHASE & CO,Banking,Fixed Income,452355.71,0.03642,452355.71,435000,United States,--,USD,2.04,5.0,1,2029-10-23,6.09,2.05,,4.91,2.06,4.91,USD,2023-10-23,2023-10-23
ALPHABET INC,Technology,Fixed Income,452357.79,0.03642,452357.79,510000,United States,--,USD,13.42,6.17,1,2055-05-15,5.25,13.67,,6.17,13.67,6.17,USD,2025-05-01,2025-05-01
VIRGINIA ELECTRIC AND POWER COMPAN,Electric,Fixed Income,451528.91,0.03635,451528.91,463000,United States,--,USD,7.36,5.55,1,2036-03-15,4.95,7.38,,5.55,7.38,5.55,USD,2026-03-02,2026-03-02
WALMART INC,Consumer Cyclical,Fixed Income,450263.33,0.03625,450263.33,450000,United States,--,USD,6.91,5.06,1,2035-04-28,4.9,6.96,,5.06,6.96,5.06,USD,2025-04-28,2025-04-28
AMAZON.COM INC,Consumer Cyclical,Fixed Income,449852.83,0.03622,449852.83,460000,United States,--,USD,2.51,4.7,1,2029-04-13,3.45,2.54,,4.7,2.54,4.7,USD,2022-04-13,2022-04-13
Kaiser Permanente,Consumer Non-Cyclical,Fixed Income,449589.37,0.0362,449589.37,625000,United States,--,USD,11.21,5.67,1,2041-06-01,2.81,11.27,,5.67,11.27,5.67,USD,2021-06-15,2021-06-15
AMERICAN EXPRESS COMPANY (FXD-FRN),Banking,Fixed Income,449564.82,0.03619,449564.82,420000,United States,--,USD,3.64,5.12,1,2031-10-30,6.49,3.67,,5.03,3.67,5.03,USD,2023-10-30,2023-10-30
JPMORGAN CHASE & CO,Banking,Fixed Income,449381.38,0.03618,449381.38,455000,United States,--,USD,1.89,5.01,1,2029-07-23,4.2,2.78,,4.86,1.89,4.86,USD,2018-07-23,2018-07-23
AMAZON.COM INC,Consumer Cyclical,Fixed Income,449328.38,0.03617,449328.38,627000,United States,--,USD,11.08,5.81,1,2041-05-12,2.88,11.13,,5.81,11.13,5.81,USD,2021-05-12,2021-05-12
JOHNSON & JOHNSON,Consumer Non-Cyclical,Fixed Income,449005.84,0.03615,449005.84,458000,United States,--,USD,1.43,4.33,1,2028-01-15,2.9,1.43,,4.33,1.43,4.33,USD,2017-11-10,2017-11-10
LOCKHEED MARTIN CORPORATION,Capital Goods,Fixed Income,448591.82,0.03612,448591.82,450000,United States,--,USD,14.44,6.0,1,2063-11-15,5.9,14.71,,6.0,14.71,6.0,USD,2022-10-24,2022-10-24
ANHEUSER-BUSCH INBEV WORLDWIDE INC,Consumer Non-Cyclical,Fixed Income,448467.64,0.03611,448467.64,450000,Belgium,--,USD,6.36,5.13,1,2034-06-15,5.0,6.41,,5.13,6.41,5.13,USD,2024-03-21,2024-03-21
US BANCORP (FXD-FRN) MTN,Banking,Fixed Income,448069.95,0.03607,448069.95,450000,United States,--,USD,3.89,8.55,1,2032-01-26,4.48,3.88,,5.14,3.93,5.14,USD,2026-01-26,2026-01-26
ELI LILLY AND COMPANY,Consumer Non-Cyclical,Fixed Income,447889.66,0.03606,447889.66,445000,United States,--,USD,2.76,4.63,1,2029-08-14,4.2,2.78,,4.63,2.78,4.63,USD,2024-08-14,2024-08-14
WALMART INC,Consumer Cyclical,Fixed Income,447233.3,0.03601,447233.3,564000,United States,--,USD,13.05,5.74,1,2048-06-29,4.05,13.3,,5.74,13.3,5.74,USD,2018-06-27,2018-06-27
ALIBABA GROUP HOLDING LTD,Consumer Cyclical,Fixed Income,447151.17,0.036,447151.17,495000,China,--,USD,4.2,4.75,1,2031-02-09,2.13,4.2,,4.75,4.2,4.75,USD,2021-02-09,2021-02-09
HOME DEPOT INC,Consumer Cyclical,Fixed Income,447027.31,0.03599,447027.31,542000,United States,--,USD,12.68,5.98,1,2048-12-06,4.5,12.92,,5.98,12.92,5.98,USD,2018-12-06,2018-12-06
LLOYDS BANKING GROUP PLC (FXD-FXD),Banking,Fixed Income,446792.62,0.03597,446792.62,445000,United Kingdom,--,USD,1.77,4.92,1,2029-06-13,4.82,1.77,,4.89,1.78,4.89,USD,2025-06-13,2025-06-13
APPLE INC,Technology,Fixed Income,446367.24,0.03594,446367.24,453000,United States,--,USD,7.43,4.94,1,2036-02-23,4.5,7.52,,4.94,7.52,4.94,USD,2016-02-23,2016-02-23
ENTERPRISE PRODUCTS OPERATING LLC,Energy,Fixed Income,445688.4,0.03588,445688.4,470000,United States,--,USD,3.24,4.84,1,2030-01-31,2.8,3.24,,4.84,3.24,4.84,USD,2020-01-15,2020-01-15
ADOBE INC,Technology,Fixed Income,445497.2,0.03587,445497.2,480000,United States,--,USD,3.28,4.89,1,2030-02-01,2.3,3.28,,4.89,3.28,4.89,USD,2020-02-03,2020-02-03
ELI LILLY AND COMPANY,Consumer Non-Cyclical,Fixed Income,444823.77,0.03581,444823.77,435000,United States,--,USD,4.67,4.89,1,2032-02-12,4.9,4.71,,4.89,4.71,4.89,USD,2025-02-12,2025-02-12
UNITED PARCEL SERVICE INC,Transportation,Fixed Income,444329.57,0.03577,444329.57,445000,United States,--,USD,13.19,6.04,1,2055-05-14,5.95,13.46,,6.04,13.46,6.04,USD,2025-05-14,2025-05-14
UNITEDHEALTH GROUP INC,Insurance,Fixed Income,443758.97,0.03573,443758.97,682000,United States,--,USD,14.27,6.03,1,2051-05-15,3.25,14.5,,6.03,14.5,6.03,USD,2021-05-19,2021-05-19
HSBC HOLDINGS PLC,Banking,Fixed Income,443683.28,0.03572,443683.28,430000,United Kingdom,--,USD,5.88,5.55,1,2035-03-04,5.72,5.99,,5.55,5.99,5.55,USD,2024-03-04,2024-03-04
BANK OF AMERICA CORP MTN,Banking,Fixed Income,443511.22,0.03571,443511.22,510000,United States,--,USD,4.7,5.64,1,2036-09-21,2.48,4.65,,5.62,4.67,5.62,USD,2021-09-21,2021-09-21
JOHNSON & JOHNSON,Consumer Non-Cyclical,Fixed Income,443536.02,0.03571,443536.02,458000,United States,--,USD,1.08,4.25,1,2027-09-01,0.95,1.08,,4.25,1.08,4.25,USD,2020-08-25,2020-08-25
PHILIP MORRIS INTERNATIONAL INC,Consumer Non-Cyclical,Fixed Income,442939.85,0.03566,442939.85,430000,United States,--,USD,3.89,4.94,1,2031-02-13,5.13,3.93,,4.94,3.8,4.94,USD,2024-02-13,2024-02-13
WELLS FARGO & COMPANY,Banking,Fixed Income,442962.89,0.03566,442962.89,435000,United States,--,USD,6.87,5.61,1,2035-08-01,5.5,6.84,,5.61,6.84,5.61,USD,2005-08-01,2005-08-01
CHEVRON USA INC,Energy,Fixed Income,442616.55,0.03563,442616.55,444000,United States,--,USD,3.76,4.69,1,2030-10-15,4.3,3.77,,4.69,3.77,4.69,USD,2025-08-13,2025-08-13
HSBC HOLDINGS PLC,Banking,Fixed Income,442622.82,0.03563,442622.82,430000,United Kingdom,--,USD,4.09,5.27,1,2032-05-17,5.73,4.13,,5.27,4.13,5.27,USD,2024-05-17,2024-05-17
DIAGEO CAPITAL PLC,Consumer Non-Cyclical,Fixed Income,442061.89,0.03559,442061.89,425000,United Kingdom,--,USD,5.73,5.23,1,2033-10-05,5.63,5.79,,5.22,5.62,5.22,USD,2023-10-05,2023-10-05
SOUTHERN CALIFORNIA EDISON COMPANY,Electric,Fixed Income,441941.63,0.03558,441941.63,604000,United States,--,USD,12.16,6.48,1,2047-04-01,4.0,12.34,,6.48,12.34,6.48,USD,2017-03-24,2017-03-24
KENVUE INC,Consumer Non-Cyclical,Fixed Income,441882.22,0.03557,441882.22,495000,United States,--,USD,13.19,5.99,1,2053-03-22,5.05,13.45,,5.99,13.45,5.99,USD,2023-09-22,2023-10-17
LLOYDS BANKING GROUP PLC (FXD-FXD),Banking,Fixed Income,441682.36,0.03556,441682.36,450000,United Kingdom,--,USD,3.77,5.13,1,2031-11-04,4.42,3.8,,5.13,3.8,5.13,USD,2025-11-04,2025-11-04
RIO TINTO FINANCE (USA) PLC,Basic Industry,Fixed Income,441629.64,0.03555,441629.64,435000,Australia,--,USD,1.51,4.55,1,2028-03-14,4.5,1.54,,4.55,1.54,4.55,USD,2025-03-14,2025-03-14
CME GROUP INC,Brokerage/Asset Managers/Exchanges,Fixed Income,441414.28,0.03554,441414.28,440000,United States,--,USD,3.25,4.77,1,2030-03-15,4.4,3.28,,4.77,3.28,4.77,USD,2025-03-10,2025-03-10
UNITEDHEALTH GROUP INC,Insurance,Fixed Income,441361.76,0.03553,441361.76,446000,United States,--,USD,1.18,4.51,1,2027-10-15,2.95,1.18,,4.51,1.18,4.51,USD,2017-10-25,2017-10-25
BP CAPITAL MARKETS AMERICA INC,Energy,Fixed Income,441025.76,0.03551,441025.76,600000,United Kingdom,--,USD,11.06,5.76,1,2041-06-17,3.06,11.12,,5.76,11.12,5.76,USD,2021-06-17,2021-06-17
SUMITOMO MITSUI FINANCIAL GROUP IN,Banking,Fixed Income,441099.79,0.03551,441099.79,425000,Japan,--,USD,1.97,4.85,1,2028-09-14,5.72,1.96,,4.85,1.96,4.85,USD,2023-09-14,2023-09-14
HOME DEPOT INC,Consumer Cyclical,Fixed Income,440803.21,0.03549,440803.21,484000,United States,--,USD,13.48,5.99,1,2054-06-25,5.3,13.75,,5.99,13.75,5.99,USD,2024-06-25,2024-06-25
AUSTRALIA AND NEW ZEALAND BANKING MTN,Banking,Fixed Income,439873.26,0.03541,439873.26,440000,Australia,--,USD,1.81,4.61,1,2028-06-18,4.36,1.8,,4.61,1.8,4.61,USD,2025-06-18,2025-06-18
PEPSICO INC,Consumer Non-Cyclical,Fixed Income,439193.03,0.03536,439193.03,435000,United States,--,USD,6.66,5.2,1,2035-02-07,5.0,6.71,,5.2,6.71,5.2,USD,2025-02-07,2025-02-07
MITSUBISHI UFJ FINANCIAL GROUP INC,Banking,Fixed Income,438954.66,0.03534,438954.66,437000,Japan,--,USD,0.96,4.5,1,2027-07-25,3.29,0.96,,4.5,0.96,4.5,USD,2017-07-25,2017-07-25
GOLDMAN SACHS GROUP INC/THE,Banking,Fixed Income,438815.2,0.03533,438815.2,465000,United States,--,USD,10.33,6.14,1,2045-11-19,5.56,11.01,,6.14,11.01,6.14,USD,2024-11-19,2024-11-19
CONOCOPHILLIPS CO,Energy,Fixed Income,438399.37,0.03529,438399.37,615000,United States,--,USD,15.03,6.11,1,2062-03-15,4.03,15.29,,6.11,15.29,6.11,USD,2022-09-15,2022-10-03
BANCO BILBAO VIZCAYA ARGENTARIA SA,Banking,Fixed Income,437956.31,0.03526,437956.31,450000,Spain,--,USD,7.32,5.77,1,2036-03-03,5.13,7.29,,5.77,7.29,5.77,USD,2026-03-03,2026-03-03
GILEAD SCIENCES INC,Consumer Non-Cyclical,Fixed Income,437848.33,0.03525,437848.33,440000,United States,--,USD,9.93,5.78,1,2041-12-01,5.65,10.05,,5.78,10.05,5.78,USD,2011-12-13,2011-12-13
SHELL FINANCE US INC,Energy,Fixed Income,437524.98,0.03522,437524.98,438000,United States,--,USD,9.28,5.7,1,2040-03-25,5.5,9.3,,5.7,9.3,5.7,USD,2026-03-25,2026-07-08
CENTERPOINT ENERGY RESOURCES CORPO,Natural Gas,Fixed Income,437396.87,0.03521,437396.87,425000,United States,--,USD,1.45,4.69,1,2028-03-01,5.25,1.5,,4.67,1.42,4.67,USD,2023-02-23,2023-02-23
APPLE INC,Technology,Fixed Income,437253.29,0.0352,437253.29,442000,United States,--,USD,1.26,4.32,1,2027-11-13,3.0,1.26,,4.32,1.26,4.32,USD,2017-11-13,2017-11-13
BANCO SANTANDER SA,Banking,Fixed Income,436961.62,0.03518,436961.62,430000,Spain,--,USD,3.15,5.08,1,2030-01-17,5.57,3.13,,5.08,3.13,5.08,USD,2025-01-17,2025-01-17
APPLE INC,Technology,Fixed Income,436974.93,0.03518,436974.93,733000,United States,--,USD,14.9,5.91,1,2051-08-05,2.7,15.12,,5.91,15.12,5.91,USD,2021-08-05,2021-08-05
EATON CORPORATION,Capital Goods,Fixed Income,436564.57,0.03515,436564.57,445000,United States,--,USD,5.51,5.15,1,2033-03-06,4.5,5.54,,5.15,5.54,5.15,USD,2026-03-06,2026-03-06
MARSH & MCLENNAN COMPANIES INC,Insurance,Fixed Income,436342.69,0.03513,436342.69,434000,United States,--,USD,2.35,4.79,1,2029-03-15,4.38,2.43,,4.79,2.43,4.79,USD,2019-01-15,2019-01-15
GOLDMAN SACHS GROUP INC/THE,Banking,Fixed Income,436132.71,0.03511,436132.71,510000,United States,--,USD,11.49,6.15,1,2045-10-21,4.75,11.66,,6.15,11.66,6.15,USD,2015-10-21,2015-10-21
WESTPAC BANKING CORP,Banking,Fixed Income,435475.98,0.03506,435475.98,490000,Australia,--,USD,4.79,5.76,1,2036-11-18,3.02,4.74,,5.59,4.76,5.59,USD,2021-11-18,2021-11-18
AFLAC INCORPORATED,Insurance,Fixed Income,434574.6,0.03499,434574.6,449000,United States,--,USD,3.33,4.9,1,2030-04-01,3.6,3.36,,4.9,3.36,4.9,USD,2020-04-01,2020-04-01
SALESFORCE INC,Technology,Fixed Income,434640.13,0.03499,434640.13,505000,United States,--,USD,4.64,5.17,1,2031-07-15,1.95,4.63,,5.17,4.63,5.17,USD,2021-07-12,2021-07-12
HSBC HOLDINGS PLC,Banking,Fixed Income,434454.08,0.03498,434454.08,435000,United Kingdom,--,USD,2.56,8.42,1,2030-05-12,4.71,2.52,,5.12,2.57,5.12,USD,2026-05-12,2026-05-12
BANK OF NEW YORK MELLON CORP/THE MTN,Banking,Fixed Income,434104.53,0.03495,434104.53,400000,United States,--,USD,5.65,5.32,1,2034-10-25,6.47,5.72,,5.31,5.72,5.31,USD,2023-10-25,2023-10-25
ENTERPRISE PRODUCTS OPERATING LLC,Energy,Fixed Income,433846.36,0.03493,433846.36,439000,United States,--,USD,3.98,4.92,1,2031-01-15,4.6,3.99,,4.92,3.99,4.92,USD,2025-06-20,2025-06-20
TOTALENERGIES CAPITAL INTERNATIONA,Energy,Fixed Income,433921.89,0.03493,433921.89,440000,France,--,USD,2.36,4.65,1,2029-02-19,3.46,2.39,,4.65,2.39,4.65,USD,2019-02-19,2019-02-19
UNITED AIRLINES PASS THROUGH TRUST,Transportation,Fixed Income,433409.63,0.03489,433409.63,428735,United States,--,USD,2.17,5.33,1,2029-04-15,5.88,2.19,,5.33,2.19,5.33,USD,2020-10-28,2020-10-28
AMERICAN EXPRESS CO (FXD-FRN),Banking,Fixed Income,433062.19,0.03486,433062.19,430000,United States,--,USD,1.47,4.57,1,2029-02-09,4.01,1.45,,4.57,1.45,4.57,USD,2026-02-10,2026-02-10
STATE STREET CORP,Banking,Fixed Income,432512.53,0.03482,432512.53,420000,United States,--,USD,2.12,4.86,1,2029-11-21,5.68,2.14,,4.76,2.14,4.76,USD,2023-11-21,2023-11-21
RIO TINTO FINANCE (USA) PLC,Basic Industry,Fixed Income,432351.69,0.03481,432351.69,475000,Australia,--,USD,13.15,5.94,1,2053-03-09,5.13,13.41,,5.94,13.41,5.94,USD,2023-03-09,2023-03-09
ELI LILLY AND COMPANY,Consumer Non-Cyclical,Fixed Income,432164.06,0.03479,432164.06,475000,United States,--,USD,13.48,5.87,1,2054-08-14,5.05,13.75,,5.87,13.75,5.87,USD,2024-08-14,2024-08-14
US BANCORP MTN,Banking,Fixed Income,431814.38,0.03476,431814.38,430000,United States,--,USD,2.74,4.94,1,2030-07-23,5.1,2.75,,4.94,2.75,4.94,USD,2024-07-23,2024-07-23
DIAGEO CAPITAL PLC,Consumer Non-Cyclical,Fixed Income,431622.0,0.03475,431622.0,463000,United Kingdom,--,USD,3.05,4.85,1,2029-10-24,2.38,3.05,,4.85,3.05,4.85,USD,2019-10-03,2019-10-03
MITSUBISHI UFJ FINANCIAL GROUP INC,Banking,Fixed Income,431528.54,0.03474,431528.54,430000,Japan,--,USD,6.56,5.5,1,2036-01-16,5.57,6.68,,5.5,6.68,5.5,USD,2025-01-16,2025-01-16
NOVARTIS CAPITAL CORP,Consumer Non-Cyclical,Fixed Income,431335.61,0.03473,431335.61,450000,Switzerland,--,USD,6.63,5.05,1,2034-09-18,4.2,6.67,,5.05,6.67,5.05,USD,2024-09-18,2024-09-18
BHP BILLITON FINANCE (USA) LTD,Basic Industry,Fixed Income,431423.32,0.03473,431423.32,420000,Australia,--,USD,1.93,4.69,1,2028-09-08,5.1,1.96,,4.68,1.88,4.68,USD,2023-09-08,2023-09-08
ECOLAB INC,Basic Industry,Fixed Income,431158.3,0.03471,431158.3,430000,United States,--,USD,2.64,4.75,1,2029-06-15,4.6,2.66,,4.75,2.66,4.75,USD,2026-05-29,2026-05-29
UNION PACIFIC CORPORATION,Transportation,Fixed Income,431013.62,0.0347,431013.62,480000,United States,--,USD,4.43,4.87,1,2031-05-20,2.38,4.44,,4.87,4.44,4.87,USD,2021-05-20,2021-05-20
MERCK & CO INC,Consumer Non-Cyclical,Fixed Income,430193.13,0.03463,430193.13,557000,United States,--,USD,12.94,5.97,1,2049-03-07,4.0,13.17,,5.97,13.17,5.97,USD,2019-03-07,2019-03-07
AMERICAN EXPRESS COMPANY,Banking,Fixed Income,429963.02,0.03462,429963.02,419000,United States,--,USD,6.47,5.4,1,2036-01-30,5.44,6.57,,5.4,6.57,5.4,USD,2025-01-30,2025-01-30
PARKER HANNIFIN CORPORATION,Capital Goods,Fixed Income,429903.41,0.03461,429903.41,425000,United States,--,USD,1.08,4.57,1,2027-09-15,4.25,1.09,,4.57,1.09,4.57,USD,2022-06-15,2022-06-15
JOHN DEERE CAPITAL CORP MTN,Capital Goods,Fixed Income,429742.78,0.0346,429742.78,430000,United States,--,USD,0.95,4.36,1,2027-07-15,4.2,0.95,,4.36,0.95,4.36,USD,2024-09-06,2024-09-06
NATIONAL BANK OF CANADA MTN,Banking,Fixed Income,429192.42,0.03455,429192.42,429000,Canada,--,USD,2.93,4.92,1,2029-10-10,4.5,2.92,,4.92,2.92,4.92,USD,2024-10-10,2024-10-10
FLORIDA POWER & LIGHT CO,Electric,Fixed Income,428926.45,0.03453,428926.45,480000,United States,--,USD,4.99,4.91,1,2032-02-03,2.45,4.99,,4.91,4.99,4.91,USD,2022-01-14,2022-01-14
TOTALENERGIES CAPITAL SA,Energy,Fixed Income,428402.76,0.03449,428402.76,423000,France,--,USD,6.14,5.19,1,2034-04-05,5.15,6.19,,5.19,6.19,5.19,USD,2024-04-05,2024-04-05
TRUIST FINANCIAL CORP MTN,Banking,Fixed Income,428282.93,0.03448,428282.93,425000,United States,--,USD,3.39,5.07,1,2031-05-20,5.07,3.41,,5.07,3.41,5.07,USD,2025-05-20,2025-05-20
MASTERCARD INC,Technology,Fixed Income,428176.9,0.03447,428176.9,440000,United States,--,USD,4.77,4.94,1,2032-01-15,4.35,4.8,,4.94,4.8,4.94,USD,2024-09-05,2024-09-05
ABBVIE INC,Consumer Non-Cyclical,Fixed Income,428048.55,0.03446,428048.55,420000,United States,--,USD,3.22,4.82,1,2030-03-15,4.88,3.25,,4.82,3.25,4.82,USD,2025-02-26,2025-02-26
CHEVRON USA INC,Energy,Fixed Income,427249.81,0.0344,427249.81,430000,United States,--,USD,5.26,4.85,1,2032-10-15,4.5,5.3,,4.85,5.3,4.85,USD,2025-08-13,2025-08-13
BANK OF AMERICA CORP MTN,Banking,Fixed Income,427303.02,0.0344,427303.02,522000,United States,--,USD,11.64,6.0,1,2048-01-20,4.44,12.49,,6.0,12.47,6.0,USD,2017-01-20,2017-01-20
JPMORGAN CHASE & CO,Banking,Fixed Income,427099.62,0.03438,427099.62,635000,United States,--,USD,13.08,5.92,1,2052-04-22,3.33,14.45,,5.92,14.44,5.92,USD,2021-04-22,2021-04-22
PRUDENTIAL FINANCIAL INC MTN,Insurance,Fixed Income,426823.12,0.03436,426823.12,419000,United States,--,USD,7.76,5.54,1,2036-12-14,5.7,7.74,,5.54,7.74,5.54,USD,2006-12-14,2006-12-14
TEXAS INSTRUMENTS INC,Technology,Fixed Income,426572.61,0.03434,426572.61,536000,United States,--,USD,12.78,5.89,1,2048-05-15,4.15,13.02,,5.89,13.02,5.89,USD,2018-05-07,2018-05-07
TOYOTA MOTOR CREDIT CORP MTN,Consumer Cyclical,Fixed Income,426148.17,0.03431,426148.17,412000,United States,--,USD,3.79,4.91,1,2030-11-20,5.55,3.78,,4.91,3.78,4.91,USD,2023-11-20,2023-11-20
CHARLES SCHWAB CORPORATION (THE),Brokerage/Asset Managers/Exchanges,Fixed Income,425650.21,0.03427,425650.21,410000,United States,--,USD,5.47,5.45,1,2034-05-19,5.85,5.53,,5.36,5.54,5.36,USD,2023-05-19,2023-05-19
SHELL FINANCE US INC,Energy,Fixed Income,425150.11,0.03423,425150.11,545000,United States,--,USD,12.27,5.98,1,2046-05-10,4.0,12.42,,5.98,12.42,5.98,USD,2024-05-10,2024-10-08
ROYAL BANK OF CANADA (FXD-FRN) MTN,Banking,Fixed Income,424994.1,0.03422,424994.1,425000,Canada,--,USD,1.86,4.59,1,2029-07-10,4.65,1.85,,4.59,1.85,4.59,USD,2026-07-10,2026-07-10
ROYAL BANK OF CANADA MTN,Banking,Fixed Income,424945.43,0.03421,424945.43,415000,Canada,--,USD,2.72,4.86,1,2030-08-02,4.97,2.71,,4.86,2.71,4.86,USD,2024-07-23,2024-07-23
UNITED PARCEL SERVICE INC,Transportation,Fixed Income,424987.64,0.03421,424987.64,430000,United States,--,USD,1.26,4.43,1,2027-11-15,3.05,1.26,,4.43,1.26,4.43,USD,2017-11-14,2017-11-14
BHP BILLITON FINANCE (USA) LTD,Basic Industry,Fixed Income,424727.26,0.03419,424727.26,415000,Australia,--,USD,5.72,5.19,1,2033-09-08,5.25,5.77,,5.18,5.6,5.18,USD,2023-09-08,2023-09-08
GOLDMAN SACHS GROUP INC/THE,Banking,Fixed Income,424574.01,0.03418,424574.01,566000,United States,--,USD,10.25,6.05,1,2043-02-24,3.44,10.97,,6.05,10.96,6.05,USD,2022-01-24,2022-01-24
MITSUBISHI UFJ FINANCIAL GROUP INC,Banking,Fixed Income,423892.54,0.03413,423892.54,422000,Japan,--,USD,1.52,4.68,1,2028-03-02,3.96,1.51,,4.68,1.51,4.68,USD,2018-03-02,2018-03-02
HONEYWELL AEROSPACE INC 144A,Capital Goods,Fixed Income,423924.82,0.03413,423924.82,430000,United States,--,USD,4.08,5.01,1,2031-03-16,4.3,4.09,,5.01,4.09,5.01,USD,2026-03-16,2026-03-16
INTERCONTINENTAL EXCHANGE INC,Brokerage/Asset Managers/Exchanges,Fixed Income,423643.37,0.03411,423643.37,505000,United States,--,USD,5.62,5.06,1,2032-09-15,1.85,5.61,,5.06,5.61,5.06,USD,2020-08-20,2020-08-20
BROADCOM INC,Technology,Fixed Income,423227.1,0.03407,423227.1,435000,United States,--,USD,3.82,5.06,1,2030-11-15,4.15,3.86,,5.06,3.86,5.06,USD,2020-05-08,2020-08-07
ASCENSION HEALTH,Consumer Non-Cyclical,Fixed Income,423065.23,0.03406,423065.23,452000,United States,--,USD,3.1,4.8,1,2029-11-15,2.53,3.1,,4.8,3.1,4.8,USD,2019-10-23,2019-10-23
GILEAD SCIENCES INC,Consumer Non-Cyclical,Fixed Income,422816.13,0.03404,422816.13,440000,United States,--,USD,13.11,5.95,1,2053-10-15,5.55,13.38,,5.95,13.38,5.95,USD,2023-09-14,2023-09-14
WALT DISNEY CO,Communications,Fixed Income,422695.03,0.03403,422695.03,457000,United States,--,USD,9.56,5.58,1,2040-03-23,4.63,9.65,,5.58,9.65,5.58,USD,2020-03-23,2020-03-23
BROADCOM INC,Technology,Fixed Income,422517.35,0.03402,422517.35,440000,United States,--,USD,4.92,5.19,1,2032-04-15,4.15,4.95,,5.19,4.95,5.19,USD,2026-04-15,2026-07-17
BAKER HUGHES HOLDINGS LLC,Energy,Fixed Income,422300.08,0.034,422300.08,444000,United States,--,USD,9.58,5.83,1,2040-09-15,5.13,9.6,,5.83,9.6,5.83,USD,2010-08-24,2010-08-24
NIKE INC,Consumer Cyclical,Fixed Income,422343.15,0.034,422343.15,447000,United States,--,USD,3.38,4.78,1,2030-03-27,2.85,3.4,,4.78,3.4,4.78,USD,2020-03-27,2020-03-27
BURLINGTON NORTHERN SANTA FE LLC,Transportation,Fixed Income,422207.19,0.03399,422207.19,442000,United States,--,USD,13.31,5.97,1,2055-03-15,5.5,13.58,,5.97,13.58,5.97,USD,2024-06-07,2024-06-07
ACCENTURE CAPITAL INC,Technology,Fixed Income,422048.53,0.03398,422048.53,420000,United States,--,USD,1.13,4.5,1,2027-10-04,3.9,1.14,,4.5,1.14,4.5,USD,2024-10-04,2024-10-04
ROYAL BANK OF CANADA MTN,Banking,Fixed Income,422133.46,0.03398,422133.46,425000,Canada,--,USD,4.25,5.49,1,2032-08-05,4.95,4.28,,5.49,4.28,5.49,USD,2026-07-10,2026-07-10
ING GROEP NV,Banking,Fixed Income,421289.31,0.03392,421289.31,415000,Netherlands,--,USD,3.27,5.14,1,2031-03-25,5.07,3.26,,5.11,3.26,5.11,USD,2025-03-25,2025-03-25
ING GROEP NV,Banking,Fixed Income,421255.77,0.03391,421255.77,425000,Netherlands,--,USD,2.51,4.86,1,2029-04-09,4.05,2.5,,4.86,2.5,4.86,USD,2019-04-09,2019-04-09
MITSUBISHI UFJ FINANCIAL GROUP INC,Banking,Fixed Income,421130.52,0.0339,421130.52,420000,Japan,--,USD,0.93,5.42,1,2028-07-20,5.02,0.95,,4.78,0.96,4.78,USD,2022-07-20,2022-07-20
RIO TINTO FINANCE (USA) PLC,Basic Industry,Fixed Income,420692.44,0.03387,420692.44,414000,Australia,--,USD,4.74,5.03,1,2032-03-14,5.0,4.78,,5.03,4.78,5.03,USD,2025-03-14,2025-03-14
APPLE INC,Technology,Fixed Income,420353.78,0.03384,420353.78,420000,United States,--,USD,1.68,4.42,1,2028-05-10,4.0,1.7,,4.42,1.7,4.42,USD,2023-05-10,2023-05-10
GE CAPITAL INTERNATIONAL FUNDING C,Capital Goods,Fixed Income,420269.18,0.03383,420269.18,445000,United States,--,USD,7.43,5.3,1,2035-11-15,4.42,7.41,,5.3,7.41,5.3,USD,2016-05-15,2016-07-01
ELI LILLY AND COMPANY,Consumer Non-Cyclical,Fixed Income,419703.68,0.03379,419703.68,430000,United States,--,USD,7.59,5.28,1,2036-05-20,4.85,7.63,,5.28,7.63,5.28,USD,2026-05-20,2026-05-20
TSMC ARIZONA CORP,Technology,Fixed Income,419481.68,0.03377,419481.68,467000,Taiwan,--,USD,4.78,4.85,1,2031-10-25,2.5,4.79,,4.85,4.79,4.85,USD,2021-10-25,2021-10-25
MITSUBISHI UFJ FINANCIAL GROUP INC,Banking,Fixed Income,419229.05,0.03375,419229.05,415000,Japan,--,USD,6.04,5.46,1,2035-04-17,5.43,6.16,,5.46,6.16,5.46,USD,2024-04-17,2024-04-17
MANUFACTURERS AND TRADERS TRUST CO,Banking,Fixed Income,419235.97,0.03375,419235.97,410000,United States,--,USD,1.39,4.73,1,2028-01-27,4.7,1.41,,4.73,1.41,4.73,USD,2023-01-27,2023-01-27
JOHN DEERE CAPITAL CORP MTN,Capital Goods,Fixed Income,419104.63,0.03374,419104.63,415000,United States,--,USD,1.86,4.49,1,2028-07-14,4.95,1.86,,4.49,1.86,4.49,USD,2023-07-14,2023-07-14
CME GROUP INC,Brokerage/Asset Managers/Exchanges,Fixed Income,418930.57,0.03373,418930.57,465000,United States,--,USD,5.06,4.87,1,2032-03-15,2.65,5.08,,4.87,5.08,4.87,USD,2022-03-08,2022-03-08
ING GROEP NV (FXD-FRN),Banking,Fixed Income,418855.01,0.03372,418855.01,420000,Netherlands,--,USD,4.03,5.21,1,2032-03-23,4.8,4.06,,5.21,4.06,5.21,USD,2026-03-23,2026-03-23
PEPSICO INC,Consumer Non-Cyclical,Fixed Income,418707.23,0.03371,418707.23,425000,United States,--,USD,7.11,5.21,1,2035-07-23,5.0,7.16,,5.21,7.16,5.21,USD,2025-07-23,2025-07-23
KENVUE INC,Consumer Non-Cyclical,Fixed Income,418551.78,0.0337,418551.78,410000,United States,--,USD,3.2,4.88,1,2030-03-22,5.0,3.26,,4.88,3.26,4.88,USD,2023-09-22,2023-10-17
MITSUBISHI UFJ FIN GRP (6NC5 FXD),Banking,Fixed Income,418598.05,0.0337,418598.05,430000,Japan,--,USD,3.95,5.16,1,2032-01-14,4.5,3.99,,5.16,3.99,5.16,USD,2026-01-14,2026-01-14
AMERICAN HONDA FINANCE CORP (FXD) MTN,Consumer Cyclical,Fixed Income,418338.16,0.03368,418338.16,415000,United States,--,USD,1.19,4.71,1,2027-10-22,4.45,1.19,,4.71,1.19,4.71,USD,2024-10-23,2024-10-23
MARSH & MCLENNAN COMPANIES INC,Insurance,Fixed Income,418400.37,0.03368,418400.37,415000,United States,--,USD,3.24,4.9,1,2030-03-15,4.65,3.26,,4.9,3.26,4.9,USD,2024-11-08,2024-11-08
HSBC HOLDINGS PLC,Banking,Fixed Income,418401.77,0.03368,418401.77,405000,United Kingdom,--,USD,2.35,5.08,1,2030-03-04,5.55,2.36,,5.06,2.36,5.06,USD,2024-03-04,2024-03-04
STATE STREET CORP,Banking,Fixed Income,417705.1,0.03363,417705.1,410000,United States,--,USD,1.47,4.5,1,2028-02-28,4.54,1.5,,4.5,1.5,4.5,USD,2025-02-28,2025-02-28
TRUIST BANK (FXD-FRN),Banking,Fixed Income,417606.57,0.03362,417606.57,410000,United States,--,USD,0.96,4.61,1,2028-07-24,4.42,0.95,,4.61,0.95,4.61,USD,2025-07-24,2025-07-24
WESTPAC BANKING CORP,Banking,Fixed Income,417178.28,0.03359,417178.28,470000,Australia,--,USD,4.51,4.84,1,2031-06-03,2.15,4.5,,4.84,4.5,4.84,USD,2021-06-03,2021-06-03
MITSUBISHI UFJ FINANCIAL GROUP INC,Banking,Fixed Income,417039.37,0.03357,417039.37,420000,Japan,--,USD,3.64,5.13,1,2031-09-12,4.53,3.66,,5.13,3.66,5.13,USD,2025-09-12,2025-09-12
TOYOTA MOTOR CREDIT CORP MTN,Consumer Cyclical,Fixed Income,416691.06,0.03355,416691.06,410000,United States,--,USD,1.11,4.48,1,2027-09-20,4.55,1.1,,4.48,1.1,4.48,USD,2022-09-20,2022-09-20
ELI LILLY AND COMPANY,Consumer Non-Cyclical,Fixed Income,416773.08,0.03355,416773.08,420000,United States,--,USD,5.25,4.93,1,2032-10-15,4.55,5.29,,4.93,5.29,4.93,USD,2025-08-20,2025-08-20
NOVARTIS CAPITAL CORP,Consumer Non-Cyclical,Fixed Income,416623.9,0.03354,416623.9,420000,Switzerland,--,USD,11.26,5.84,1,2046-03-18,5.6,11.48,,5.84,11.48,5.84,USD,2026-03-18,2026-03-18
MORGAN STANLEY MTN,Banking,Fixed Income,416504.32,0.03353,416504.32,399000,United States,--,USD,2.06,5.16,1,2029-11-01,6.41,2.07,,5.02,2.07,5.02,USD,2023-11-01,2023-11-01
BANK OF MONTREAL (FXD-FRN) MTN,Banking,Fixed Income,416400.93,0.03352,416400.93,405000,Canada,--,USD,1.42,4.6,1,2029-01-27,5.0,1.4,,4.6,1.41,4.6,USD,2025-01-27,2025-01-27
MITSUBISHI UFJ FINANCIAL GROUP INC,Banking,Fixed Income,416177.84,0.03351,416177.84,405000,Japan,--,USD,5.28,5.4,1,2034-02-22,5.44,5.35,,5.35,5.35,5.35,USD,2023-02-22,2023-02-22
ABBVIE INC,Consumer Non-Cyclical,Fixed Income,416252.08,0.03351,416252.08,425000,United States,--,USD,5.55,5.07,1,2033-03-15,4.4,5.57,,5.07,5.57,5.07,USD,2026-03-04,2026-03-04
MERCK & CO INC,Consumer Non-Cyclical,Fixed Income,416256.35,0.03351,416256.35,425000,United States,--,USD,13.28,6.0,1,2055-09-15,5.7,13.55,,6.0,13.55,6.0,USD,2025-09-09,2025-09-09
LLOYDS BANKING GROUP PLC FXD-2-FXD MTN,Banking,Fixed Income,415493.22,0.03345,415493.22,415000,United Kingdom,--,USD,2.33,4.93,1,2030-02-10,4.24,2.33,,4.93,2.34,4.93,USD,2026-02-10,2026-02-10
ROYAL BANK OF CANADA MTN,Banking,Fixed Income,415262.67,0.03343,415262.67,420000,Canada,--,USD,4.17,5.06,1,2032-05-03,4.61,4.19,,5.06,4.19,5.06,USD,2026-04-17,2026-04-17
BROADCOM INC,Technology,Fixed Income,415091.34,0.03342,415091.34,470000,United States,--,USD,6.41,5.5,1,2034-04-15,3.47,6.52,,5.5,6.52,5.5,USD,2025-10-15,2025-10-21
PFIZER INC,Consumer Non-Cyclical,Fixed Income,414985.82,0.03341,414985.82,425000,United States,--,USD,7.26,5.32,1,2035-11-15,4.88,7.3,,5.32,7.3,5.32,USD,2025-11-21,2025-11-21
HSBC HOLDINGS PLC,Banking,Fixed Income,415037.06,0.03341,415037.06,450000,United Kingdom,--,USD,3.53,5.37,1,2031-06-04,2.85,3.56,,5.2,3.57,5.2,USD,2020-06-04,2020-06-04
NOVARTIS CAPITAL CORP,Consumer Non-Cyclical,Fixed Income,414785.72,0.03339,414785.72,420000,Switzerland,--,USD,2.88,4.68,1,2029-09-18,3.8,2.89,,4.68,2.89,4.68,USD,2024-09-18,2024-09-18
GENERAL DYNAMICS CORPORATION,Capital Goods,Fixed Income,414656.06,0.03338,414656.06,413000,United States,--,USD,7.01,5.2,1,2035-08-15,4.95,7.05,,5.2,7.05,5.2,USD,2025-05-07,2025-05-07
UNION PACIFIC CORPORATION,Transportation,Fixed Income,414484.25,0.03337,414484.25,455000,United States,--,USD,4.97,4.91,1,2032-02-14,2.8,4.97,,4.91,4.97,4.91,USD,2022-02-14,2022-02-14
CHARLES SCHWAB CORPORATION (THE),Brokerage/Asset Managers/Exchanges,Fixed Income,414325.83,0.03336,414325.83,404000,United States,--,USD,1.68,5.13,1,2029-05-19,5.64,1.69,,4.74,1.7,4.74,USD,2023-05-19,2023-05-19
MORGAN STANLEY,Banking,Fixed Income,414266.59,0.03335,414266.59,515000,United States,--,USD,12.33,6.05,1,2047-01-22,4.38,12.49,,6.05,12.49,6.05,USD,2017-01-20,2017-01-20
APPLE INC,Technology,Fixed Income,414066.74,0.03334,414066.74,465000,United States,--,USD,13.66,5.73,1,2053-05-10,4.85,13.94,,5.73,13.94,5.73,USD,2023-05-10,2023-05-10
BHP BILLITON FINANCE (USA) LTD,Basic Industry,Fixed Income,413783.91,0.03331,413783.91,405000,Australia,--,USD,6.63,5.31,1,2035-02-21,5.3,6.67,,5.31,6.67,5.31,USD,2025-02-21,2025-02-21
COCA-COLA CO,Consumer Non-Cyclical,Fixed Income,413598.36,0.0333,413598.36,425000,United States,--,USD,3.36,4.59,1,2030-03-25,3.45,3.36,,4.59,3.36,4.59,USD,2020-03-25,2020-03-25
BANCO SANTANDER SA,Banking,Fixed Income,412513.04,0.03321,412513.04,450000,Spain,--,USD,4.24,5.23,1,2031-03-25,2.96,4.23,,5.23,4.23,5.23,USD,2021-03-25,2021-03-25
UNITED PARCEL SERVICE INC,Transportation,Fixed Income,412557.15,0.03321,412557.15,444000,United States,--,USD,12.42,5.99,1,2050-04-01,5.3,12.67,,5.99,12.67,5.99,USD,2020-03-24,2020-03-24
COCA-COLA CO,Consumer Non-Cyclical,Fixed Income,411465.46,0.03313,411465.46,474000,United States,--,USD,4.38,4.69,1,2031-03-15,1.38,4.38,,4.69,4.38,4.69,USD,2020-09-18,2020-09-18
PRUDENTIAL FINANCIAL INC MTN,Insurance,Fixed Income,411414.54,0.03312,411414.54,577000,United States,--,USD,13.65,6.06,1,2051-03-13,3.7,13.88,,6.06,13.88,6.06,USD,2019-09-13,2019-09-13
WASTE MANAGEMENT INC,Capital Goods,Fixed Income,410862.7,0.03308,410862.7,435000,United States,--,USD,13.36,5.86,1,2054-10-15,5.35,13.76,,5.86,13.76,5.86,USD,2024-11-04,2024-11-04
CITIGROUP INC,Banking,Fixed Income,410315.88,0.03303,410315.88,420000,United States,--,USD,9.03,5.86,1,2041-03-26,5.32,9.37,,5.74,9.36,5.74,USD,2020-03-26,2020-03-26
KLA CORP,Technology,Fixed Income,409982.12,0.03301,409982.12,472000,United States,--,USD,13.36,5.96,1,2052-07-15,4.95,13.63,,5.96,13.63,5.96,USD,2022-06-23,2022-06-23
BP CAPITAL MARKETS AMERICA INC,Energy,Fixed Income,409892.08,0.033,409892.08,410000,United Kingdom,--,USD,5.79,5.2,1,2033-09-11,4.89,5.84,,5.2,5.84,5.2,USD,2023-05-11,2023-05-11
MITSUBISHI UFJ FINANCIAL GROUP INC,Banking,Fixed Income,409921.65,0.033,409921.65,495000,Japan,--,USD,9.8,5.64,1,2039-07-18,3.75,9.8,,5.64,9.8,5.64,USD,2019-07-18,2019-07-18
ENTERPRISE PRODUCTS OPERATING LLC,Energy,Fixed Income,409407.64,0.03296,409407.64,415000,United States,--,USD,7.34,5.4,1,2036-01-15,5.2,7.38,,5.4,7.38,5.4,USD,2025-06-20,2025-06-20
ENTERPRISE PRODUCTS OPERATING LLC,Energy,Fixed Income,409106.7,0.03294,409106.7,394000,United States,--,USD,5.26,5.12,1,2033-01-31,5.35,5.32,,5.11,5.15,5.11,USD,2023-01-10,2023-01-10
TORONTO-DOMINION BANK/THE MTN,Banking,Fixed Income,408202.23,0.03286,408202.23,405000,Canada,--,USD,1.4,4.72,1,2028-01-10,5.16,1.39,,4.72,1.39,4.72,USD,2023-01-10,2023-01-10
MERCK & CO INC,Consumer Non-Cyclical,Fixed Income,407451.6,0.0328,407451.6,493000,United States,--,USD,11.2,5.86,1,2043-05-18,4.15,11.28,,5.86,11.28,5.86,USD,2013-05-20,2013-05-20
NATWEST GROUP PLC,Banking,Fixed Income,407266.43,0.03279,407266.43,405000,United Kingdom,--,USD,3.4,5.2,1,2031-05-23,5.12,3.41,,5.2,3.41,5.2,USD,2025-05-23,2025-05-23
ECOLAB INC,Basic Industry,Fixed Income,407104.48,0.03278,407104.48,405000,United States,--,USD,5.67,5.19,1,2033-06-15,5.15,5.7,,5.19,5.7,5.19,USD,2026-05-29,2026-05-29
DUKE ENERGY PROGRESS LLC,Electric,Fixed Income,407073.29,0.03277,407073.29,415000,United States,--,USD,2.42,4.72,1,2029-03-15,3.45,2.46,,4.72,2.46,4.72,USD,2019-03-07,2019-03-07
WALT DISNEY CO,Communications,Fixed Income,406542.78,0.03273,406542.78,380000,United States,--,USD,9.38,5.71,1,2041-02-15,6.15,9.41,,5.71,9.41,5.71,USD,2019-08-15,2019-11-22
MEDTRONIC GLOBAL HOLDINGS SCA,Consumer Non-Cyclical,Fixed Income,406553.42,0.03273,406553.42,415000,United States,--,USD,5.56,5.11,1,2033-03-30,4.5,5.6,,5.11,5.6,5.11,USD,2023-03-30,2023-03-30
BANK OF NOVA SCOTIA (FXD-FRN) MTN,Banking,Fixed Income,406150.8,0.0327,406150.8,405000,Canada,--,USD,2.33,4.85,1,2030-02-02,4.25,2.31,,4.85,2.31,4.85,USD,2026-02-02,2026-02-02
EATON CORPORATION,Capital Goods,Fixed Income,406032.84,0.03269,406032.84,405000,United States,--,USD,1.53,4.63,1,2028-03-06,3.85,1.53,,4.63,1.53,4.63,USD,2026-03-06,2026-03-06
APPLE INC,Technology,Fixed Income,405777.2,0.03267,405777.2,542000,United States,--,USD,12.92,5.9,1,2047-11-13,3.75,13.15,,5.9,13.15,5.9,USD,2017-11-13,2017-11-13
ASTRAZENECA PLC,Consumer Non-Cyclical,Fixed Income,405386.5,0.03264,405386.5,460000,United Kingdom,--,USD,3.82,4.82,1,2030-08-06,1.38,3.81,,4.82,3.81,4.82,USD,2020-08-06,2020-08-06
HOME DEPOT INC,Consumer Cyclical,Fixed Income,405389.96,0.03264,405389.96,470000,United States,--,USD,4.38,4.83,1,2031-03-15,1.38,4.37,,4.83,4.37,4.83,USD,2021-01-07,2021-01-07
BANK OF MONTREAL MTN,Banking,Fixed Income,404872.14,0.0326,404872.14,390000,Canada,--,USD,1.95,4.76,1,2028-09-25,5.72,1.99,,4.74,1.91,4.74,USD,2023-09-25,2023-09-25
HOME DEPOT INC,Consumer Cyclical,Fixed Income,404709.25,0.03258,404709.25,575000,United States,--,USD,14.11,5.97,1,2052-04-15,3.63,14.35,,5.97,14.35,5.97,USD,2022-03-28,2022-03-28
UNITED PARCEL SERVICE INC,Transportation,Fixed Income,404395.17,0.03256,404395.17,400000,United States,--,USD,6.87,5.24,1,2035-05-14,5.25,6.91,,5.24,6.91,5.24,USD,2025-05-14,2025-05-14
INTERNATIONAL BUSINESS MACHINES CO,Technology,Fixed Income,403978.12,0.03252,403978.12,450000,United States,--,USD,3.58,5.04,1,2030-05-15,1.95,3.58,,5.04,3.58,5.04,USD,2020-05-07,2020-05-07
US BANCORP MTN,Banking,Fixed Income,403786.11,0.03251,403786.11,395000,United States,--,USD,6.5,5.42,1,2036-02-12,5.42,6.61,,5.42,6.61,5.42,USD,2025-02-12,2025-02-12
IBM INTERNATIONAL CAPITAL PTE LTD,Technology,Fixed Income,403844.19,0.03251,403844.19,465000,United States,--,USD,12.64,6.53,1,2054-02-05,5.3,12.86,,6.53,12.86,6.53,USD,2024-02-05,2024-02-05
EATON CORPORATION,Capital Goods,Fixed Income,403151.14,0.03246,403151.14,405000,United States,--,USD,2.4,4.75,1,2029-03-06,3.95,2.42,,4.75,2.42,4.75,USD,2026-03-06,2026-03-06
BANK OF NEW YORK MELLON CORP/THE MTN,Banking,Fixed Income,403005.94,0.03245,403005.94,395000,United States,--,USD,2.39,4.8,1,2030-03-14,4.97,2.41,,4.8,2.41,4.8,USD,2024-03-14,2024-03-14
MERCK & CO INC,Consumer Non-Cyclical,Fixed Income,402994.26,0.03244,402994.26,405000,United States,--,USD,5.17,4.95,1,2032-09-15,4.55,5.2,,4.95,5.2,4.95,USD,2025-09-09,2025-09-09
CHARLES SCHWAB CORPORATION (THE),Brokerage/Asset Managers/Exchanges,Fixed Income,402820.7,0.03243,402820.7,410000,United States,--,USD,3.83,4.95,1,2031-11-14,4.34,3.84,,4.95,3.84,4.95,USD,2025-11-14,2025-11-14
TRUIST FINANCIAL CORP MTN,Banking,Fixed Income,402743.31,0.03242,402743.31,395000,United States,--,USD,4.24,5.26,1,2032-08-05,5.15,4.28,,5.25,4.28,5.25,USD,2024-08-05,2024-08-05
BRISTOL-MYERS SQUIBB CO,Consumer Non-Cyclical,Fixed Income,402511.57,0.03241,402511.57,460000,United States,--,USD,4.08,4.77,1,2030-11-13,1.45,4.07,,4.77,4.07,4.77,USD,2020-11-13,2020-11-13
THERMO FISHER SCIENTIFIC INC,Consumer Non-Cyclical,Fixed Income,402384.07,0.0324,402384.07,460000,United States,--,USD,4.82,4.86,1,2031-10-15,2.0,4.82,,4.86,4.82,4.86,USD,2021-08-23,2021-08-23
QUALCOMM INCORPORATED,Technology,Fixed Income,402487.54,0.0324,402487.54,406000,United States,--,USD,12.73,6.15,1,2053-05-20,6.0,12.99,,6.15,12.99,6.15,USD,2022-11-09,2022-11-09
BANCO SANTANDER SA,Banking,Fixed Income,401961.5,0.03236,401961.5,390000,Spain,--,USD,6.63,5.59,1,2035-01-17,6.03,6.6,,5.59,6.6,5.59,USD,2025-01-17,2025-01-17
JPMORGAN CHASE & CO,Banking,Fixed Income,401640.02,0.03234,401640.02,493000,United States,--,USD,11.51,5.98,1,2048-02-22,4.26,12.36,,5.98,12.35,5.98,USD,2017-02-22,2017-02-22
COMCAST CORPORATION,Communications,Fixed Income,401189.11,0.0323,401189.11,460000,United States,--,USD,4.2,5.2,1,2031-01-15,1.95,4.18,,5.2,4.18,5.2,USD,2020-05-28,2020-05-28
UNILEVER CAPITAL CORP,Consumer Non-Cyclical,Fixed Income,401245.23,0.0323,401245.23,403000,United States,--,USD,1.54,4.51,1,2028-03-22,3.5,1.58,,4.51,1.58,4.51,USD,2018-03-22,2018-03-22
JPMORGAN CHASE & CO,Banking,Fixed Income,400958.15,0.03228,400958.15,400000,United States,--,USD,0.97,4.68,1,2028-07-22,4.98,0.96,,4.68,0.96,4.68,USD,2024-07-22,2024-07-22
ROYAL BANK OF CANADA (FX-FRN) MTN,Banking,Fixed Income,400835.17,0.03227,400835.17,390000,Canada,--,USD,1.4,4.66,1,2029-01-24,4.96,1.4,,4.66,1.4,4.66,USD,2025-01-24,2025-01-24
BAKER HUGHES HOLDINGS LLC,Energy,Fixed Income,400488.88,0.03224,400488.88,519000,United States,--,USD,12.68,6.03,1,2047-12-15,4.08,12.91,,6.03,12.91,6.03,USD,2017-12-11,2018-01-31
TOTALENERGIES CAPITAL SA,Energy,Fixed Income,400509.26,0.03224,400509.26,423000,France,--,USD,14.33,6.12,1,2064-04-05,5.64,14.59,,6.12,14.59,6.12,USD,2024-04-05,2024-04-05
ROYAL BANK OF CANADA (FXD-FRN) MTN,Banking,Fixed Income,400515.65,0.03224,400515.65,395000,Canada,--,USD,1.89,4.76,1,2029-08-06,4.5,1.88,,4.76,1.88,4.76,USD,2025-08-06,2025-08-06
ELI LILLY AND COMPANY,Consumer Non-Cyclical,Fixed Income,399838.29,0.03219,399838.29,405000,United States,--,USD,6.45,5.11,1,2034-08-14,4.6,6.49,,5.11,6.49,5.11,USD,2024-08-14,2024-08-14
MITSUBISHI UFJ FINANCIAL GROUP INC,Banking,Fixed Income,399857.64,0.03219,399857.64,390000,Japan,--,USD,1.05,5.37,1,2028-09-13,5.35,1.07,,4.81,1.07,4.81,USD,2022-09-13,2022-09-13
CHARLES SCHWAB CORPORATION (THE),Brokerage/Asset Managers/Exchanges,Fixed Income,399530.41,0.03217,399530.41,384000,United States,--,USD,2.11,5.03,1,2029-11-17,6.2,2.12,,4.85,2.12,4.85,USD,2023-11-17,2023-11-17
APPLE INC,Technology,Fixed Income,399245.14,0.03214,399245.14,453000,United States,--,USD,3.87,4.62,1,2030-08-20,1.25,3.86,,4.62,3.86,4.62,USD,2020-08-20,2020-08-20
WALMART INC,Consumer Cyclical,Fixed Income,399086.91,0.03213,399086.91,350000,United States,--,USD,7.82,5.16,1,2037-08-15,6.5,7.83,,5.16,7.83,5.16,USD,2007-08-24,2007-08-24
TOYOTA MOTOR CREDIT CORP MTN,Consumer Cyclical,Fixed Income,399117.08,0.03213,399117.08,400000,United States,--,USD,2.44,4.73,1,2029-03-13,4.05,2.43,,4.73,2.43,4.73,USD,2026-03-13,2026-03-13
BANCO BILBAO VIZCAYA ARGENTARIA SA,Banking,Fixed Income,399120.64,0.03213,399120.64,400000,Spain,--,USD,4.18,5.27,1,2031-05-08,4.97,4.17,,5.27,4.17,5.27,USD,2026-05-08,2026-05-08
TRUIST BANK,Banking,Fixed Income,398750.49,0.0321,398750.49,437000,United States,--,USD,3.39,5.17,1,2030-03-11,2.25,3.38,,5.17,3.38,5.17,USD,2020-03-09,2020-03-09
ABBVIE INC,Consumer Non-Cyclical,Fixed Income,398631.49,0.03209,398631.49,415000,United States,--,USD,13.42,5.99,1,2056-03-15,5.55,13.69,,5.99,13.69,5.99,USD,2026-03-04,2026-03-04
ACCENTURE CAPITAL INC,Technology,Fixed Income,398512.48,0.03208,398512.48,420000,United States,--,USD,6.59,5.49,1,2034-10-04,4.5,6.61,,5.49,6.61,5.49,USD,2024-10-04,2024-10-04
MASSACHUSETTS INSTITUTE OF TECHNOL,Industrial Other,Fixed Income,398140.16,0.03205,398140.16,418000,United States,--,USD,16.61,5.9,1,2111-07-01,5.6,16.79,,5.9,16.79,5.9,USD,2011-05-18,2011-05-18
METLIFE INC,Insurance,Fixed Income,397893.84,0.03203,397893.84,385000,United States,--,USD,9.42,5.81,1,2041-02-06,5.88,9.45,,5.81,9.45,5.81,USD,2010-08-06,2010-08-06
BANCO SANTANDER SA,Banking,Fixed Income,397699.45,0.03202,397699.45,393000,Spain,--,USD,4.33,5.19,1,2031-07-15,5.44,4.31,,5.19,4.31,5.19,USD,2024-07-15,2024-07-15
LOCKHEED MARTIN CORPORATION,Capital Goods,Fixed Income,397453.48,0.032,397453.48,458000,United States,--,USD,11.83,5.92,1,2046-05-15,4.7,12.03,,5.92,12.03,5.92,USD,2015-11-23,2015-11-23
MIZUHO FINANCIAL GROUP (FXD-FXD),Banking,Fixed Income,397282.67,0.03198,397282.67,400000,Japan,--,USD,2.72,5.02,1,2030-07-13,4.78,2.73,,5.02,2.73,5.02,USD,2026-07-13,2026-07-13
ENTERPRISE PRODUCTS OPERATING LLC,Energy,Fixed Income,397119.01,0.03197,397119.01,455000,United States,--,USD,12.27,6.03,1,2049-02-01,4.8,12.5,,6.03,12.5,6.03,USD,2018-10-11,2018-10-11
MICROSOFT CORPORATION,Technology,Fixed Income,397126.87,0.03197,397126.87,689000,United States,--,USD,16.18,6.01,1,2062-03-17,3.04,16.43,,6.01,16.43,6.01,USD,2021-03-17,2021-03-17
MORGAN STANLEY (FXD-FRN) MTN,Banking,Fixed Income,396986.79,0.03196,396986.79,400000,United States,--,USD,2.09,4.88,1,2029-10-18,4.13,2.08,,4.88,2.08,4.88,USD,2025-10-22,2025-10-22
ROYAL BANK OF CANADA MTN,Banking,Fixed Income,397004.3,0.03196,397004.3,390000,Canada,--,USD,0.98,4.45,1,2027-08-03,4.24,0.98,,4.45,0.98,4.45,USD,2022-07-28,2022-07-28
HOME DEPOT INC,Consumer Cyclical,Fixed Income,396736.99,0.03194,396736.99,400000,United States,--,USD,1.1,4.45,1,2027-09-14,2.8,1.1,,4.45,1.1,4.45,USD,2017-09-14,2017-09-14
ALPHABET INC,Technology,Fixed Income,396551.58,0.03193,396551.58,415000,United States,--,USD,11.09,6.11,1,2046-02-15,5.5,11.28,,6.11,11.28,6.11,USD,2026-02-13,2026-02-13
MORGAN STANLEY BANK NA(FXD-FRN),Banking,Fixed Income,396362.66,0.03191,396362.66,395000,United States,--,USD,2.57,4.93,1,2030-05-10,4.79,2.56,,4.93,2.56,4.93,USD,2026-05-06,2026-05-06
PNC FINANCIAL SERVICES GROUP INC ( MTN,Banking,Fixed Income,395926.94,0.03188,395926.94,400000,United States,--,USD,6.9,5.49,1,2036-07-21,5.37,7.04,,5.49,7.04,5.49,USD,2025-07-21,2025-07-21
HESS CORP,Energy,Fixed Income,395930.83,0.03188,395930.83,350000,United States,--,USD,4.15,5.05,1,2031-08-15,7.3,4.13,,5.05,4.13,5.05,USD,2001-08-15,2001-08-15
UNION PACIFIC CORPORATION,Transportation,Fixed Income,395969.08,0.03188,395969.08,405000,United States,--,USD,5.5,4.91,1,2033-01-20,4.5,5.55,,4.91,5.55,4.91,USD,2022-09-09,2022-09-09
ELI LILLY AND COMPANY,Consumer Non-Cyclical,Fixed Income,396036.03,0.03188,396036.03,400000,United States,--,USD,7.18,5.22,1,2035-10-15,4.9,7.22,,5.22,7.22,5.22,USD,2025-08-20,2025-08-20
KAISER FOUNDATION HOSPITALS,Consumer Non-Cyclical,Fixed Income,395900.42,0.03187,395900.42,493000,United States,--,USD,12.44,5.88,1,2047-05-01,4.15,12.67,,5.88,12.67,5.88,USD,2017-05-03,2017-05-03
MERCK & CO INC,Consumer Non-Cyclical,Fixed Income,395503.02,0.03184,395503.02,405000,United States,--,USD,5.41,5.0,1,2032-12-04,4.45,5.43,,5.0,5.43,5.0,USD,2025-12-04,2025-12-04
MASTERCARD INC,Technology,Fixed Income,395368.37,0.03183,395368.37,395000,United States,--,USD,1.78,4.57,1,2028-06-08,4.33,1.77,,4.57,1.77,4.57,USD,2026-06-08,2026-06-08
MIZUHO FINANCIAL GROUP (FXD-FXD),Banking,Fixed Income,395210.2,0.03182,395210.2,400000,Japan,--,USD,4.3,5.23,1,2032-07-13,4.96,4.34,,5.23,4.34,5.23,USD,2026-07-13,2026-07-13
ENTERPRISE PRODUCTS OPERATING LLC,Energy,Fixed Income,395248.3,0.03182,395248.3,395000,United States,--,USD,2.02,4.65,1,2028-10-16,4.15,2.08,,4.65,2.08,4.65,USD,2018-10-11,2018-10-11
ELI LILLY AND COMPANY,Consumer Non-Cyclical,Fixed Income,395102.83,0.03181,395102.83,395000,United States,--,USD,2.07,4.5,1,2028-10-15,4.0,2.08,,4.5,2.08,4.5,USD,2025-08-20,2025-08-20
KIMBERLY-CLARK CORPORATION,Consumer Non-Cyclical,Fixed Income,394933.76,0.0318,394933.76,346000,United States,--,USD,7.74,5.3,1,2037-08-01,6.63,7.74,,5.3,7.74,5.3,USD,2007-07-30,2007-07-30
INTERCONTINENTAL EXCHANGE INC,Brokerage/Asset Managers/Exchanges,Fixed Income,395015.57,0.0318,395015.57,490000,United States,--,USD,12.67,5.95,1,2048-09-21,4.25,12.9,,5.95,12.9,5.95,USD,2018-08-13,2018-08-13
BANK OF NOVA SCOTIA (FXD-FRN) MTN,Banking,Fixed Income,395024.05,0.0318,395024.05,390000,Canada,--,USD,1.06,4.71,1,2028-09-08,4.4,1.06,,4.71,1.07,4.71,USD,2024-09-11,2024-09-11
CSX CORP,Transportation,Fixed Income,394599.82,0.03177,394599.82,410000,United States,--,USD,5.39,4.94,1,2032-11-15,4.1,5.43,,4.94,5.43,4.94,USD,2022-07-28,2022-07-28
CISCO SYSTEMS INC,Technology,Fixed Income,394658.84,0.03177,394658.84,390000,United States,--,USD,6.69,5.23,1,2035-02-24,5.1,6.73,,5.23,6.73,5.23,USD,2025-02-24,2025-02-24
PHILIP MORRIS INTERNATIONAL INC,Consumer Non-Cyclical,Fixed Income,394396.33,0.03175,394396.33,385000,United States,--,USD,2.3,4.76,1,2029-02-13,4.88,2.33,,4.76,2.33,4.76,USD,2024-02-13,2024-02-13
TRAVELERS COMPANIES INC MTN,Insurance,Fixed Income,394144.47,0.03173,394144.47,369000,United States,--,USD,7.9,5.49,1,2037-06-15,6.25,7.89,,5.49,7.89,5.49,USD,2007-05-29,2007-05-29
WALMART INC,Consumer Cyclical,Fixed Income,393727.37,0.0317,393727.37,465000,United States,--,USD,13.83,5.71,1,2053-04-15,4.5,14.11,,5.71,14.11,5.71,USD,2023-04-18,2023-04-18
BANK OF AMERICA CORP MTN,Banking,Fixed Income,393762.12,0.0317,393762.12,432000,United States,--,USD,11.13,5.82,1,2044-01-21,5.0,11.23,,5.82,11.23,5.82,USD,2014-01-21,2014-01-21
NOVARTIS CAPITAL CORP,Consumer Non-Cyclical,Fixed Income,393588.6,0.03169,393588.6,490000,Switzerland,--,USD,12.19,5.76,1,2045-11-20,4.0,12.38,,5.76,12.38,5.76,USD,2015-11-20,2015-11-20
MIZUHO FINANCIAL GROUP INC,Banking,Fixed Income,393464.15,0.03168,393464.15,399000,Japan,--,USD,3.53,5.14,1,2031-07-08,4.71,3.55,,5.14,3.56,5.14,USD,2025-07-08,2025-07-08
BANCO SANTANDER SA,Banking,Fixed Income,393414.12,0.03167,393414.12,414000,Spain,--,USD,3.53,5.08,1,2030-05-28,3.49,3.52,,5.08,3.52,5.08,USD,2020-05-28,2020-05-28
STATE STREET CORP (FXD),Banking,Fixed Income,393426.27,0.03167,393426.27,390000,United States,--,USD,1.17,4.51,1,2027-10-22,4.33,1.19,,4.51,1.19,4.51,USD,2024-10-22,2024-10-22
BROADCOM INC,Technology,Fixed Income,393195.09,0.03166,393195.09,435000,United States,--,USD,4.18,5.11,1,2031-02-15,2.45,4.17,,5.11,4.17,5.11,USD,2025-08-15,2025-10-21
ING GROEP NV,Banking,Fixed Income,393071.73,0.03165,393071.73,370000,Netherlands,--,USD,5.56,5.46,1,2034-09-11,6.11,5.64,,5.43,5.64,5.43,USD,2023-09-11,2023-09-11
JOHNSON & JOHNSON,Consumer Non-Cyclical,Fixed Income,393139.28,0.03165,393139.28,445000,United States,--,USD,3.9,4.58,1,2030-09-01,1.3,3.89,,4.58,3.89,4.58,USD,2020-08-25,2020-08-25
DTE ELECTRIC COMPANY,Electric,Fixed Income,392968.37,0.03164,392968.37,408000,United States,--,USD,1.63,4.56,1,2028-04-01,1.9,1.62,,4.56,1.62,4.56,USD,2021-03-29,2021-03-29
CISCO SYSTEMS INC,Technology,Fixed Income,393010.12,0.03164,393010.12,430000,United States,--,USD,14.4,6.08,1,2064-02-26,5.35,14.66,,6.08,14.66,6.08,USD,2024-02-26,2024-02-26
MIDAMERICAN ENERGY COMPANY,Electric,Fixed Income,392904.8,0.03163,392904.8,395000,United States,--,USD,12.99,6.04,1,2054-09-15,5.85,13.25,,6.04,13.25,6.04,USD,2023-09-07,2023-09-07
US BANCORP,Banking,Fixed Income,392611.74,0.03161,392611.74,450000,United States,--,USD,3.81,4.93,1,2030-07-22,1.38,3.8,,4.93,3.8,4.93,USD,2020-07-20,2020-07-20
PFIZER INC,Consumer Non-Cyclical,Fixed Income,392476.31,0.0316,392476.31,495000,United States,--,USD,12.46,5.92,1,2046-12-15,4.13,12.62,,5.92,12.62,5.92,USD,2016-11-21,2016-11-21
MASTERCARD INC,Technology,Fixed Income,392121.01,0.03157,392121.01,395000,United States,--,USD,4.28,4.9,1,2031-06-08,4.6,4.29,,4.9,4.29,4.9,USD,2026-06-08,2026-06-08
HOME DEPOT INC,Consumer Cyclical,Fixed Income,391846.92,0.03155,391846.92,390000,United States,--,USD,4.27,4.83,1,2031-06-25,4.85,4.32,,4.83,4.32,4.83,USD,2024-06-25,2024-06-25
ENTERPRISE PRODUCTS OPERATING LLC,Energy,Fixed Income,391708.24,0.03154,391708.24,485000,United States,--,USD,12.41,6.01,1,2048-02-15,4.25,12.63,,6.01,12.63,6.01,USD,2018-02-15,2018-02-15
UNILEVER CAPITAL CORP,Consumer Non-Cyclical,Fixed Income,391750.64,0.03154,391750.64,368000,Netherlands,--,USD,5.22,4.9,1,2032-11-15,5.9,5.21,,4.9,5.21,4.9,USD,2002-11-12,2002-11-12
BANK OF AMERICA CORP MTN,Banking,Fixed Income,391665.95,0.03153,391665.95,380000,United States,--,USD,1.2,5.13,1,2028-11-10,6.2,1.22,,4.74,1.22,4.74,USD,2022-11-10,2022-11-10
GOLDMAN SACHS GROUP INC/THE,Banking,Fixed Income,391508.85,0.03152,391508.85,440000,United States,--,USD,8.42,5.83,1,2039-04-23,4.41,8.73,,5.83,8.73,5.83,USD,2018-04-23,2018-04-23
UNION PACIFIC CORPORATION,Transportation,Fixed Income,391344.51,0.03151,391344.51,395000,United States,--,USD,2.37,4.68,1,2029-03-01,3.7,2.41,,4.68,2.41,4.68,USD,2019-02-19,2019-02-19
BROADCOM INC,Technology,Fixed Income,391409.75,0.03151,391409.75,550000,United States,--,USD,13.44,6.18,1,2051-02-15,3.75,13.66,,6.18,13.66,6.18,USD,2025-08-15,2025-10-17
TOYOTA MOTOR CREDIT CORP MTN,Consumer Cyclical,Fixed Income,391160.96,0.03149,391160.96,390000,United States,--,USD,1.41,4.51,1,2028-01-12,4.63,1.4,,4.51,1.4,4.51,USD,2023-01-12,2023-01-12
INTERCONTINENTAL EXCHANGE INC,Brokerage/Asset Managers/Exchanges,Fixed Income,390873.36,0.03147,390873.36,550000,United States,--,USD,10.84,5.77,1,2040-09-15,2.65,10.87,,5.77,10.87,5.77,USD,2020-08-20,2020-08-20
MIZUHO FINANCIAL GROUP (FXD-FXD),Banking,Fixed Income,390606.4,0.03145,390606.4,400000,Japan,--,USD,7.41,5.63,1,2037-07-13,5.34,7.6,,5.63,7.6,5.63,USD,2026-07-13,2026-07-13
CONOCOPHILLIPS CO,Energy,Fixed Income,390094.33,0.03141,390094.33,430000,United States,--,USD,13.11,6.08,1,2053-05-15,5.3,13.37,,6.08,13.37,6.08,USD,2023-05-23,2023-05-23
TOTALENERGIES CAPITAL SA,Energy,Fixed Income,390179.47,0.03141,390179.47,424000,France,--,USD,13.29,6.01,1,2054-09-10,5.28,13.56,,6.01,13.56,6.01,USD,2024-09-10,2024-09-10
MORGAN STANLEY (FXD-FRN) MTN,Banking,Fixed Income,389761.04,0.03138,389761.04,390000,United States,--,USD,2.49,4.98,1,2030-04-10,4.55,2.49,,4.98,2.49,4.98,USD,2026-04-17,2026-04-17
CANADIAN IMPERIAL BANK OF COMMERCE,Banking,Fixed Income,389501.69,0.03136,389501.69,380000,Canada,--,USD,2.44,4.87,1,2029-04-08,5.26,2.46,,4.87,2.39,4.87,USD,2024-04-08,2024-04-08
ACCENTURE CAPITAL INC,Technology,Fixed Income,389356.51,0.03135,389356.51,400000,United States,--,USD,4.52,5.12,1,2031-10-04,4.25,4.53,,5.12,4.53,5.12,USD,2024-10-04,2024-10-04
ING GROEP NV,Banking,Fixed Income,389309.02,0.03134,389309.02,390000,Netherlands,--,USD,7.11,5.66,1,2037-03-23,5.42,7.28,,5.66,7.28,5.66,USD,2026-03-23,2026-03-23
CITIBANK NA,Banking,Fixed Income,389013.82,0.03132,389013.82,380000,United States,--,USD,2.71,4.79,1,2029-08-06,4.84,2.73,,4.79,2.73,4.79,USD,2024-08-06,2024-08-06
JPMORGAN CHASE & CO (FXD-FRN),Banking,Fixed Income,388247.04,0.03126,388247.04,385000,United States,--,USD,1.19,4.66,1,2028-10-22,4.5,1.18,,4.66,1.19,4.66,USD,2024-10-22,2024-10-22
AMERICAN HONDA FINANCE CORPORATION MTN,Consumer Cyclical,Fixed Income,387946.28,0.03123,387946.28,390000,United States,--,USD,3.36,5.12,1,2030-04-17,4.6,3.34,,5.12,3.34,5.12,USD,2023-04-17,2023-04-17
GILEAD SCIENCES INC,Consumer Non-Cyclical,Fixed Income,387484.93,0.0312,387484.93,390000,United States,--,USD,6.98,5.27,1,2035-06-15,5.1,7.03,,5.27,7.03,5.27,USD,2024-11-20,2024-11-20
AMERICAN EXPRESS COMPANY,Banking,Fixed Income,387273.33,0.03118,387273.33,389000,United States,--,USD,3.97,4.98,1,2032-02-10,4.46,3.98,,4.98,3.98,4.98,USD,2026-02-10,2026-02-10
ARCHER DANIELS MIDLAND CO,Consumer Non-Cyclical,Fixed Income,387351.94,0.03118,387351.94,405000,United States,--,USD,3.35,4.87,1,2030-03-27,3.25,3.37,,4.87,3.37,4.87,USD,2020-03-27,2020-03-27
ROYAL BANK OF CANADA MTN,Banking,Fixed Income,386900.61,0.03115,386900.61,375000,Canada,--,USD,1.21,4.52,1,2027-11-01,6.0,1.2,,4.52,1.2,4.52,USD,2022-10-25,2022-10-25
BANK OF AMERICA CORP MTN,Banking,Fixed Income,386178.05,0.03109,386178.05,428000,United States,--,USD,8.05,5.62,1,2038-04-24,4.24,8.86,,5.6,8.27,5.6,USD,2017-04-24,2017-04-24
ECOLAB INC,Basic Industry,Fixed Income,386189.28,0.03109,386189.28,385000,United States,--,USD,7.51,5.41,1,2036-06-15,5.35,7.54,,5.41,7.54,5.41,USD,2026-05-29,2026-05-29
MORGAN STANLEY BANK NA (FXD-FRN),Banking,Fixed Income,385735.84,0.03105,385735.84,384000,United States,--,USD,1.41,4.72,1,2029-01-12,5.02,1.4,,4.72,1.4,4.72,USD,2025-01-21,2025-01-21
JOHNSON & JOHNSON,Consumer Non-Cyclical,Fixed Income,385266.34,0.03102,385266.34,379000,United States,--,USD,6.34,4.8,1,2034-06-01,4.95,6.41,,4.8,6.24,4.8,USD,2024-05-20,2024-05-20
MIZUHO FINANCIAL GROUP (FXD-FXD),Banking,Fixed Income,384896.65,0.03099,384896.65,400000,Japan,--,USD,10.76,6.14,1,2047-07-13,5.82,11.52,,6.14,11.51,6.14,USD,2026-07-13,2026-07-13
BANK OF NEW YORK MELLON CORP/THE MTN,Banking,Fixed Income,384667.06,0.03097,384667.06,385000,United States,--,USD,1.67,4.44,1,2028-04-28,3.85,1.67,,4.44,1.67,4.44,USD,2018-04-30,2018-04-30
NORTHERN TRUST CORPORATION,Banking,Fixed Income,384418.19,0.03095,384418.19,360000,United States,--,USD,5.06,5.11,1,2032-11-02,6.13,5.14,,5.07,4.96,5.07,USD,2022-11-02,2022-11-02
UNITEDHEALTH GROUP INC,Insurance,Fixed Income,384282.75,0.03094,384282.75,386000,United States,--,USD,6.2,5.29,1,2034-04-15,5.0,6.24,,5.29,6.24,5.29,USD,2024-03-21,2024-03-21
COMMONSPIRIT HEALTH,Consumer Non-Cyclical,Fixed Income,384308.62,0.03094,384308.62,400000,United States,--,USD,2.9,5.05,1,2029-10-01,3.35,2.94,,5.05,2.94,5.05,USD,2019-08-21,2019-08-21
APPLE INC,Technology,Fixed Income,384096.82,0.03092,384096.82,385000,United States,--,USD,3.43,4.51,1,2030-05-12,4.2,3.45,,4.51,3.45,4.51,USD,2025-05-12,2025-05-12
COMCAST CORPORATION,Communications,Fixed Income,383796.08,0.0309,383796.08,470000,United States,--,USD,13.37,6.96,1,2064-05-15,5.5,13.57,,6.96,13.57,6.96,USD,2023-05-09,2023-05-09
TRUIST BANK (FXD-FRN),Banking,Fixed Income,383814.17,0.0309,383814.17,380000,United States,--,USD,1.44,4.65,1,2029-01-27,4.14,1.41,,4.65,1.42,4.65,USD,2026-01-27,2026-01-27
META PLATFORMS INC,Communications,Fixed Income,383586.13,0.03088,383586.13,525000,United States,--,USD,13.61,6.82,1,2062-08-15,4.65,13.82,,6.82,13.82,6.82,USD,2022-08-09,2022-12-28
SUMITOMO MITSUI FINANCIAL GROUP IN,Banking,Fixed Income,383434.24,0.03087,383434.24,375000,Japan,--,USD,3.14,5.05,1,2030-01-13,5.71,3.12,,5.05,3.12,5.05,USD,2023-01-13,2023-01-13
CANADIAN IMPERIAL BANK OF COMMERCE,Banking,Fixed Income,383478.87,0.03087,383478.87,360000,Canada,--,USD,5.64,5.3,1,2033-10-03,6.09,5.71,,5.28,5.55,5.28,USD,2023-10-03,2023-10-03
EOG RESOURCES INC,Energy,Fixed Income,383170.8,0.03085,383170.8,385000,United States,--,USD,7.31,5.43,1,2036-01-15,5.35,7.34,,5.43,7.34,5.43,USD,2025-07-01,2025-07-01
SUMITOMO MITSUI FINANCIAL GROUP IN,Banking,Fixed Income,383251.78,0.03085,383251.78,380000,Japan,--,USD,6.38,5.46,1,2034-07-09,5.56,6.36,,5.46,6.36,5.46,USD,2024-07-09,2024-07-09
SHELL FINANCE US INC,Energy,Fixed Income,382986.36,0.03083,382986.36,390000,United States,--,USD,3.83,4.82,1,2030-11-06,4.13,3.84,,4.82,3.84,4.82,USD,2025-11-06,2025-11-06
BANK OF NEW YORK MELLON (FXD-FRN) MTN,Banking,Fixed Income,383000.47,0.03083,383000.47,375000,United States,--,USD,3.15,4.88,1,2031-02-11,4.94,3.15,,4.88,3.15,4.88,USD,2025-02-11,2025-02-11
CONOCOPHILLIPS CO,Energy,Fixed Income,382648.89,0.03081,382648.89,384000,United States,--,USD,3.15,4.84,1,2030-01-15,4.7,3.17,,4.84,3.17,4.84,USD,2024-12-05,2024-12-05
LOCKHEED MARTIN CORPORATION,Capital Goods,Fixed Income,382572.53,0.0308,382572.53,423000,United States,--,USD,14.57,6.0,1,2064-02-15,5.2,14.84,,6.0,14.84,6.0,USD,2024-01-29,2024-01-29
GILEAD SCIENCES INC,Consumer Non-Cyclical,Fixed Income,382415.53,0.03079,382415.53,625000,United States,--,USD,14.64,5.9,1,2050-10-01,2.8,14.87,,5.9,14.87,5.9,USD,2020-09-30,2020-09-30
CHARLES SCHWAB CORPORATION (THE),Brokerage/Asset Managers/Exchanges,Fixed Income,382481.6,0.03079,382481.6,396000,United States,--,USD,7.12,5.47,1,2036-11-14,4.91,7.26,,5.47,7.26,5.47,USD,2025-11-14,2025-11-14
MITSUBISHI UFJ FINANCIAL GROUP INC,Banking,Fixed Income,382286.9,0.03078,382286.9,432000,Japan,--,USD,4.9,5.3,1,2033-01-19,2.85,4.95,,5.3,4.96,5.3,USD,2022-01-19,2022-01-19
CADENCE DESIGN SYSTEMS INC,Technology,Fixed Income,382059.33,0.03076,382059.33,390000,United States,--,USD,6.49,5.28,1,2034-09-10,4.7,6.53,,5.28,6.53,5.28,USD,2024-09-10,2024-09-10
PEPSICO INC,Consumer Non-Cyclical,Fixed Income,381837.32,0.03074,381837.32,385000,United States,--,USD,5.18,4.81,1,2032-07-23,4.65,5.18,,4.81,5.18,4.81,USD,2025-07-23,2025-07-23
WELLTOWER OP LLC,Reits,Fixed Income,381505.58,0.03071,381505.58,386000,United States,--,USD,7.02,5.33,1,2035-07-01,5.13,7.06,,5.33,7.06,5.33,USD,2025-06-27,2025-06-27
LLOYDS BANKING GROUP PLC,Banking,Fixed Income,381343.13,0.0307,381343.13,380000,United Kingdom,--,USD,4.96,5.48,1,2033-08-11,4.98,5.03,,5.34,5.04,5.34,USD,2022-08-11,2022-08-11
METLIFE INC,Insurance,Fixed Income,380751.06,0.03065,380751.06,375000,United States,--,USD,5.7,5.13,1,2033-07-15,5.38,5.76,,5.13,5.59,5.13,USD,2023-07-12,2023-07-12
BRISTOL-MYERS SQUIBB CO,Consumer Non-Cyclical,Fixed Income,380546.08,0.03064,380546.08,388000,United States,--,USD,2.73,4.69,1,2029-07-26,3.4,2.77,,4.69,2.77,4.69,USD,2020-01-26,2020-07-15
PNC FINANCIAL SERVICES (FXD-FRN),Banking,Fixed Income,380489.71,0.03063,380489.71,380000,United States,--,USD,2.11,4.89,1,2029-10-26,4.62,2.09,,4.89,2.09,4.89,USD,2026-05-26,2026-05-26
PHILIP MORRIS INTERNATIONAL INC,Consumer Non-Cyclical,Fixed Income,380376.26,0.03062,380376.26,463000,United States,--,USD,11.64,5.94,1,2044-11-10,4.25,11.75,,5.94,11.75,5.94,USD,2014-11-10,2014-11-10
BANK OF AMERICA CORP MTN,Banking,Fixed Income,379849.37,0.03058,379849.37,380000,United States,--,USD,1.12,4.74,1,2027-11-25,4.18,1.28,,4.74,1.28,4.74,USD,2016-11-25,2016-11-25
PFIZER INC,Consumer Non-Cyclical,Fixed Income,379344.88,0.03054,379344.88,494000,United States,--,USD,12.94,6.0,1,2049-03-15,4.0,13.17,,6.0,13.17,6.0,USD,2019-03-11,2019-03-11
JPMORGAN CHASE & CO,Banking,Fixed Income,379103.83,0.03052,379103.83,425000,United States,--,USD,11.46,5.98,1,2045-06-01,4.95,11.58,,5.98,11.58,5.98,USD,2015-05-29,2015-05-29
PFIZER INC,Consumer Non-Cyclical,Fixed Income,378992.42,0.03051,378992.42,385000,United States,--,USD,3.85,4.81,1,2030-11-15,4.2,3.86,,4.81,3.86,4.81,USD,2025-11-21,2025-11-21
COMCAST CORPORATION,Communications,Fixed Income,378796.73,0.0305,378796.73,603000,United States,--,USD,13.02,6.77,1,2050-02-01,3.45,13.18,,6.77,13.18,6.77,USD,2019-11-05,2019-11-05
ELI LILLY AND COMPANY,Consumer Non-Cyclical,Fixed Income,378430.12,0.03047,378430.12,390000,United States,--,USD,13.55,5.87,1,2055-10-15,5.55,13.83,,5.87,13.83,5.87,USD,2025-08-20,2025-08-20
GILEAD SCIENCES INC,Consumer Non-Cyclical,Fixed Income,378448.44,0.03047,378448.44,390000,United States,--,USD,7.09,5.27,1,2035-09-01,4.6,7.17,,5.27,7.17,5.27,USD,2015-09-14,2015-09-14
COOPERATIEVE RABOBANK UA MTN,Banking,Fixed Income,378476.24,0.03047,378476.24,391000,Netherlands,--,USD,9.96,5.66,1,2041-05-24,5.25,10.01,,5.66,10.01,5.66,USD,2011-05-24,2011-05-24
ENTERPRISE PRODUCTS OPERATING LLC,Energy,Fixed Income,378218.81,0.03045,378218.81,420000,United States,--,USD,10.95,5.92,1,2044-03-15,4.85,11.1,,5.92,11.1,5.92,USD,2013-03-18,2013-03-18
FLORIDA POWER & LIGHT CO,Electric,Fixed Income,377954.05,0.03043,377954.05,395000,United States,--,USD,14.22,6.13,1,2066-02-15,5.6,14.47,,6.13,14.47,6.13,USD,2025-12-05,2025-12-05
WESTPAC BANKING CORP MTN,Banking,Fixed Income,377985.45,0.03043,377985.45,370000,Australia,--,USD,5.0,5.62,1,2033-08-10,5.41,4.97,,5.46,4.98,5.46,USD,2022-08-10,2022-08-10
UNITEDHEALTH GROUP INC,Insurance,Fixed Income,377567.55,0.0304,377567.55,373000,United States,--,USD,4.07,4.92,1,2031-04-15,4.9,4.12,,4.92,4.12,4.92,USD,2024-03-21,2024-03-21
COMMONWEALTH BANK OF AUSTRALIA (NE MTN,Banking,Fixed Income,377436.63,0.03039,377436.63,375000,Australia,--,USD,2.47,4.66,1,2029-03-27,4.36,2.46,,4.66,2.46,4.66,USD,2026-03-27,2026-03-27
PEPSICO INC,Consumer Non-Cyclical,Fixed Income,377444.35,0.03039,377444.35,395000,United States,--,USD,5.21,4.77,1,2032-07-18,3.9,5.25,,4.77,5.25,4.77,USD,2022-07-18,2022-07-18
ROYAL BANK OF CANADA (FXD-FRN) MTN,Banking,Fixed Income,377279.74,0.03037,377279.74,385000,Canada,--,USD,3.81,5.01,1,2031-11-03,4.3,3.81,,5.01,3.81,5.01,USD,2025-11-03,2025-11-03
ELI LILLY AND COMPANY,Consumer Non-Cyclical,Fixed Income,377033.74,0.03035,377033.74,390000,United States,--,USD,14.8,5.99,1,2066-05-20,5.7,15.07,,5.99,15.07,5.99,USD,2026-05-20,2026-05-20
BRISTOL-MYERS SQUIBB CO,Consumer Non-Cyclical,Fixed Income,376850.28,0.03034,376850.28,449000,United States,--,USD,12.19,6.06,1,2048-02-20,4.55,12.42,,6.06,12.42,6.06,USD,2020-02-20,2020-07-15
MITSUBISHI UFJ FINANCIAL GROUP INC,Banking,Fixed Income,376699.07,0.03033,376699.07,375000,Japan,--,USD,3.12,5.05,1,2031-01-16,5.2,3.14,,5.05,3.15,5.05,USD,2025-01-16,2025-01-16
THERMO FISHER SCIENTIFIC INC,Consumer Non-Cyclical,Fixed Income,376625.48,0.03032,376625.48,365000,United States,--,USD,2.26,4.67,1,2029-01-31,5.0,2.29,,4.66,2.22,4.66,USD,2023-12-05,2023-12-05
NORTHERN STATES POWER COMPANY (MIN,Electric,Fixed Income,376433.2,0.03031,376433.2,400000,United States,--,USD,13.17,5.98,1,2054-03-15,5.4,13.44,,5.98,13.44,5.98,USD,2024-02-29,2024-02-29
DEERE & CO,Capital Goods,Fixed Income,376362.32,0.0303,376362.32,370000,United States,--,USD,6.68,5.21,1,2035-01-16,5.45,6.73,,5.21,6.57,5.21,USD,2025-01-16,2025-01-16
ENTERPRISE PRODUCTS OPERATING LLC,Energy,Fixed Income,375445.94,0.03023,375445.94,405000,United States,--,USD,11.06,5.96,1,2045-02-15,5.1,11.23,,5.96,11.23,5.96,USD,2014-02-12,2014-02-12
NOVARTIS CAPITAL CORP,Consumer Non-Cyclical,Fixed Income,375271.01,0.03021,375271.01,375000,Switzerland,--,USD,2.42,4.65,1,2029-03-16,4.1,2.44,,4.65,2.44,4.65,USD,2026-03-18,2026-03-18
INTUIT INC,Technology,Fixed Income,374816.86,0.03018,374816.86,425000,United States,--,USD,12.5,6.6,1,2053-09-15,5.5,12.73,,6.6,12.73,6.6,USD,2023-09-15,2023-09-15
BANCO SANTANDER SA,Banking,Fixed Income,374602.58,0.03016,374602.58,373000,Spain,--,USD,1.62,4.86,1,2028-04-12,4.38,1.62,,4.86,1.62,4.86,USD,2018-04-12,2018-04-12
GEORGIA POWER COMPANY,Electric,Fixed Income,374646.97,0.03016,374646.97,375000,United States,--,USD,2.03,4.65,1,2028-10-01,4.0,2.04,,4.65,2.04,4.65,USD,2025-09-29,2025-09-29
AMERICAN EXPRESS COMPANY,Banking,Fixed Income,374283.1,0.03013,374283.1,375000,United States,--,USD,5.53,5.3,1,2034-05-01,5.04,5.6,,5.28,5.6,5.28,USD,2023-05-01,2023-05-01
PROCTER & GAMBLE CO,Consumer Non-Cyclical,Fixed Income,374082.0,0.03012,374082.0,420000,United States,--,USD,4.42,4.66,1,2031-04-23,1.95,4.42,,4.66,4.42,4.66,USD,2021-04-23,2021-04-23
NATWEST GROUP PLC,Banking,Fixed Income,374106.57,0.03012,374106.57,354000,United Kingdom,--,USD,5.23,5.5,1,2034-03-02,6.02,5.3,,5.41,5.3,5.41,USD,2023-03-02,2023-03-02
ALIBABA GROUP HOLDING LTD,Consumer Cyclical,Fixed Income,374132.68,0.03012,374132.68,566000,China,--,USD,14.24,5.89,1,2051-02-09,3.15,14.47,,5.89,14.47,5.89,USD,2021-02-09,2021-02-09
NATIONAL AUSTRALIA BANK LTD (NEW Y,Banking,Fixed Income,374159.27,0.03012,374159.27,370000,Australia,--,USD,1.78,4.57,1,2028-06-13,4.9,1.78,,4.57,1.78,4.57,USD,2023-06-13,2023-06-13
IBM INTERNATIONAL CAPITAL PTE LTD,Technology,Fixed Income,374019.03,0.03011,374019.03,380000,United States,--,USD,6.02,5.53,1,2034-02-05,4.9,6.05,,5.53,6.05,5.53,USD,2024-02-05,2024-02-05
ABBVIE INC,Consumer Non-Cyclical,Fixed Income,373834.29,0.0301,373834.29,380000,United States,--,USD,4.09,4.91,1,2031-03-15,4.13,4.1,,4.91,4.1,4.91,USD,2026-03-04,2026-03-04
UBS AG (LONDON BRANCH),Banking,Fixed Income,373716.19,0.03009,373716.19,449000,Switzerland,--,USD,12.71,5.9,1,2048-06-26,4.5,12.89,,5.9,12.89,5.9,USD,2023-06-26,2023-10-13
SUMITOMO MITSUI FINANCIAL GROUP IN,Banking,Fixed Income,373730.67,0.03009,373730.67,395000,Japan,--,USD,2.37,4.83,1,2029-01-14,2.47,2.36,,4.83,2.36,4.83,USD,2022-01-14,2022-01-14
US BANCORP MTN,Banking,Fixed Income,373786.23,0.03009,373786.23,370000,United States,--,USD,3.38,5.04,1,2031-05-15,5.08,3.39,,5.04,3.4,5.04,USD,2025-05-15,2025-05-15
CHEVRON USA INC,Energy,Fixed Income,373799.25,0.03009,373799.25,370000,United States,--,USD,1.9,4.45,1,2028-08-13,4.05,1.92,,4.45,1.92,4.45,USD,2025-08-13,2025-08-13
WALMART INC,Consumer Cyclical,Fixed Income,373506.8,0.03007,373506.8,385000,United States,--,USD,5.67,4.82,1,2033-04-15,4.1,5.72,,4.82,5.72,4.82,USD,2023-04-18,2023-04-18
JPMORGAN CHASE & CO,Banking,Fixed Income,373561.82,0.03007,373561.82,364000,United States,--,USD,1.4,4.67,1,2029-01-24,4.92,1.4,,4.67,1.4,4.67,USD,2025-01-24,2025-01-24
INTERCONTINENTAL EXCHANGE INC,Brokerage/Asset Managers/Exchanges,Fixed Income,373126.99,0.03004,373126.99,427000,United States,--,USD,13.29,5.95,1,2052-06-15,4.95,13.55,,5.95,13.55,5.95,USD,2022-05-23,2022-05-23
NORTHERN TRUST CORPORATION,Banking,Fixed Income,373006.49,0.03003,373006.49,380000,United States,--,USD,3.88,4.82,1,2030-11-19,4.15,3.87,,4.82,3.87,4.82,USD,2025-11-19,2025-11-19
THERMO FISHER SCIENTIFIC INC,Consumer Non-Cyclical,Fixed Income,373037.83,0.03003,373037.83,395000,United States,--,USD,2.97,4.78,1,2029-10-01,2.6,2.98,,4.78,2.98,4.78,USD,2019-10-08,2019-10-08
WASTE MANAGEMENT INC,Capital Goods,Fixed Income,372792.07,0.03001,372792.07,370000,United States,--,USD,0.88,4.42,1,2027-07-03,4.95,0.91,,4.39,0.83,4.39,USD,2024-07-03,2024-07-03
NATWEST GROUP PLC,Banking,Fixed Income,372680.16,0.03,372680.16,375000,United Kingdom,--,USD,2.53,5.46,1,2030-05-08,4.45,2.56,,5.04,2.57,5.04,USD,2019-05-08,2019-05-08
UNITEDHEALTH GROUP INC,Insurance,Fixed Income,372680.48,0.03,372680.48,409000,United States,--,USD,14.28,6.22,1,2064-04-15,5.5,14.53,,6.22,14.53,6.22,USD,2024-03-21,2024-03-21
TOTALENERGIES CAPITAL SA,Energy,Fixed Income,372481.61,0.02999,372481.61,405000,France,--,USD,14.42,6.11,1,2064-09-10,5.42,14.68,,6.11,14.68,6.11,USD,2024-09-10,2024-09-10
SHELL FINANCE US INC,Energy,Fixed Income,372572.94,0.02999,372572.94,397000,United States,--,USD,3.42,4.83,1,2030-04-06,2.75,3.43,,4.83,3.43,4.83,USD,2024-10-06,2024-10-08
CHUBB INA HOLDINGS LLC,Insurance,Fixed Income,372347.54,0.02998,372347.54,445000,United States,--,USD,11.88,5.86,1,2045-11-03,4.35,12.07,,5.86,12.07,5.86,USD,2015-11-03,2015-11-03
MEDTRONIC INC,Consumer Non-Cyclical,Fixed Income,372350.31,0.02998,372350.31,422000,United States,--,USD,11.5,5.81,1,2045-03-15,4.63,11.63,,5.81,11.63,5.81,USD,2015-03-15,2015-08-31
LOCKHEED MARTIN CORPORATION,Capital Goods,Fixed Income,372264.56,0.02997,372264.56,365000,United States,--,USD,5.38,4.91,1,2033-01-15,5.25,5.44,,4.9,5.27,4.9,USD,2022-10-24,2022-10-24
RELX CAPITAL INC,Technology,Fixed Income,371914.72,0.02994,371914.72,370000,United Kingdom,--,USD,6.73,5.42,1,2035-03-27,5.25,6.77,,5.42,6.77,5.42,USD,2025-03-27,2025-03-27
TOYOTA MOTOR CREDIT CORP MTN,Consumer Cyclical,Fixed Income,371363.1,0.0299,371363.1,365000,United States,--,USD,2.58,4.74,1,2029-05-16,5.05,2.58,,4.74,2.58,4.74,USD,2024-05-16,2024-05-16
COCA-COLA CO,Consumer Non-Cyclical,Fixed Income,371051.91,0.02987,371051.91,365000,United States,--,USD,6.28,4.89,1,2034-05-13,5.0,6.35,,4.89,6.18,4.89,USD,2024-05-13,2024-05-13
BROADCOM INC,Technology,Fixed Income,370280.35,0.02981,370280.35,385000,United States,--,USD,5.5,5.32,1,2033-01-15,4.6,5.5,,5.32,5.5,5.32,USD,2026-01-13,2026-01-13
BANK OF NEW YORK MELLON CORP/THE MTN,Banking,Fixed Income,369877.92,0.02978,369877.92,365000,United States,--,USD,6.05,5.22,1,2035-03-14,5.19,6.12,,5.22,6.12,5.22,USD,2024-03-14,2024-03-14
NATWEST GROUP PLC,Banking,Fixed Income,369406.24,0.02974,369406.24,360000,United Kingdom,--,USD,1.12,5.48,1,2028-09-30,5.52,1.11,,4.74,1.12,4.74,USD,2022-06-30,2022-06-30
DEUTSCHE BANK AG (NEW YORK BRANCH),Banking,Fixed Income,369407.69,0.02974,369407.69,360000,Germany,--,USD,2.55,4.83,1,2029-05-10,5.41,2.55,,4.83,2.55,4.83,USD,2024-05-10,2024-05-10
EATON CORPORATION,Capital Goods,Fixed Income,369264.8,0.02973,369264.8,375000,United States,--,USD,4.06,4.96,1,2031-03-06,4.2,4.07,,4.96,4.07,4.96,USD,2026-03-06,2026-03-06
GLAXOSMITHKLINE CAPITAL PLC,Consumer Non-Cyclical,Fixed Income,369088.29,0.02971,369088.29,380000,United Kingdom,--,USD,2.64,4.64,1,2029-06-01,3.38,2.67,,4.64,2.67,4.64,USD,2019-03-25,2019-03-25
ANALOG DEVICES INC,Technology,Fixed Income,368598.56,0.02968,368598.56,420000,United States,--,USD,4.77,4.95,1,2031-10-01,2.1,4.77,,4.95,4.77,4.95,USD,2021-10-05,2021-10-05
REALTY INCOME CORPORATION,Reits,Fixed Income,368702.59,0.02968,368702.59,355000,United States,--,USD,5.07,5.19,1,2032-10-13,5.63,5.14,,5.17,4.96,5.17,USD,2022-10-13,2022-10-13
JPMORGAN CHASE & CO,Banking,Fixed Income,368550.07,0.02967,368550.07,370000,United States,--,USD,1.63,4.96,1,2029-04-23,4.0,2.54,,4.84,1.65,4.84,USD,2018-04-23,2018-04-23
SOUTHERN CALIFORNIA EDISON COMPANY,Electric,Fixed Income,368431.7,0.02966,368431.7,360000,United States,--,USD,3.2,5.1,1,2030-03-15,5.25,3.22,,5.1,3.22,5.1,USD,2025-03-17,2025-03-17
REPUBLIC SERVICES INC,Capital Goods,Fixed Income,368195.74,0.02964,368195.74,425000,United States,--,USD,4.3,4.91,1,2031-02-15,1.45,4.28,,4.91,4.28,4.91,USD,2020-08-20,2020-08-20
EIDP INC,Basic Industry,Fixed Income,368038.88,0.02963,368038.88,402000,United States,--,USD,3.72,4.67,1,2030-07-15,2.3,3.73,,4.67,3.73,4.67,USD,2020-05-15,2020-05-15
CITIGROUP INC,Banking,Fixed Income,367649.56,0.0296,367649.56,440000,United States,--,USD,12.62,6.01,1,2048-07-23,4.65,12.8,,6.01,12.8,6.01,USD,2018-07-23,2018-07-23
PARKER HANNIFIN CORPORATION,Capital Goods,Fixed Income,367592.35,0.02959,367592.35,365000,United States,--,USD,2.82,4.81,1,2029-09-15,4.5,2.85,,4.81,2.85,4.81,USD,2022-06-15,2022-06-15
BERKSHIRE HATHAWAY FINANCE CORP,Insurance,Fixed Income,367276.27,0.02957,367276.27,352000,United States,--,USD,9.36,5.31,1,2040-01-15,5.75,9.39,,5.31,9.39,5.31,USD,2010-01-13,2010-01-13
BROADCOM INC,Technology,Fixed Income,367312.97,0.02957,367312.97,400000,United States,--,USD,13.29,6.32,1,2056-01-15,5.7,13.53,,6.32,13.53,6.32,USD,2026-01-13,2026-01-13
EXXON MOBIL CORP,Energy,Fixed Income,367021.29,0.02955,367021.29,555000,United States,--,USD,13.89,5.91,1,2049-08-16,3.1,14.11,,5.91,14.11,5.91,USD,2019-08-16,2019-08-16
ELI LILLY AND COMPANY,Consumer Non-Cyclical,Fixed Income,367068.1,0.02955,367068.1,360000,United States,--,USD,2.31,4.54,1,2029-02-09,4.5,2.33,,4.54,2.33,4.54,USD,2024-02-09,2024-02-09
GILEAD SCIENCES INC,Consumer Non-Cyclical,Fixed Income,367095.21,0.02955,367095.21,415000,United States,--,USD,3.94,4.87,1,2030-10-01,1.65,3.94,,4.87,3.94,4.87,USD,2020-09-30,2020-09-30
UNITED AIRLINES INC,Transportation,Fixed Income,366655.15,0.02952,366655.15,357091,United States,--,USD,5.79,5.36,1,2037-07-15,5.8,5.78,,5.36,5.78,5.36,USD,2023-06-20,2023-06-20
MARSH & MCLENNAN COMPANIES INC,Insurance,Fixed Income,365910.47,0.02946,365910.47,420000,United States,--,USD,12.28,6.1,1,2049-03-15,4.9,12.52,,6.1,12.52,6.1,USD,2019-01-15,2019-01-15
NOVARTIS CAPITAL CORP,Consumer Non-Cyclical,Fixed Income,365164.74,0.0294,365164.74,375000,Switzerland,--,USD,5.35,4.96,1,2032-11-05,4.3,5.37,,4.96,5.37,4.96,USD,2025-11-05,2025-11-05
AMAZON.COM INC,Consumer Cyclical,Fixed Income,365179.01,0.0294,365179.01,721000,United States,--,USD,16.31,6.25,1,2060-06-03,2.7,16.54,,6.25,16.54,6.25,USD,2020-06-03,2020-06-03
US BANCORP MTN,Banking,Fixed Income,365048.91,0.02939,365048.91,421000,United States,--,USD,4.81,5.49,1,2036-11-03,2.49,4.77,,5.55,4.79,5.55,USD,2021-11-03,2021-11-03
MIZUHO FINANCIAL GROUP INC,Banking,Fixed Income,364589.78,0.02935,364589.78,366000,Japan,--,USD,1.1,4.58,1,2027-09-11,3.17,1.08,,4.58,1.08,4.58,USD,2017-09-11,2017-09-11
ELI LILLY AND COMPANY,Consumer Non-Cyclical,Fixed Income,364257.58,0.02933,364257.58,371000,United States,--,USD,2.42,4.6,1,2029-03-15,3.38,2.46,,4.6,2.46,4.6,USD,2019-02-22,2019-02-22
COCA-COLA CO,Consumer Non-Cyclical,Fixed Income,363881.95,0.0293,363881.95,390000,United States,--,USD,14.82,5.91,1,2064-05-13,5.4,15.1,,5.91,15.1,5.91,USD,2024-05-13,2024-05-13
BANK OF NOVA SCOTIA (FXD-FRN) MTN,Banking,Fixed Income,363755.48,0.02929,363755.48,355000,Canada,--,USD,3.15,5.0,1,2031-02-14,5.13,3.14,,5.0,3.15,5.0,USD,2025-02-04,2025-02-04
HOME DEPOT INC,Consumer Cyclical,Fixed Income,363789.32,0.02929,363789.32,480000,United States,--,USD,12.69,5.98,1,2047-06-15,3.9,12.91,,5.98,12.91,5.98,USD,2017-06-05,2017-06-05
HOME DEPOT INC,Consumer Cyclical,Fixed Income,363807.18,0.02929,363807.18,462000,United States,--,USD,10.26,5.64,1,2040-04-15,3.3,10.32,,5.64,10.32,5.64,USD,2020-03-30,2020-03-30
BHP BILLITON FINANCE (USA) LTD,Basic Industry,Fixed Income,363694.03,0.02928,363694.03,365000,Australia,--,USD,13.29,5.94,1,2055-09-05,5.75,13.56,,5.94,13.56,5.94,USD,2025-09-05,2025-09-05
TRUIST BANK (FXD-FRN),Banking,Fixed Income,363732.88,0.02928,363732.88,366000,United States,--,USD,2.11,4.82,1,2029-10-23,4.37,2.1,,4.82,2.1,4.82,USD,2025-10-23,2025-10-23
CATERPILLAR FINANCIAL SERVICES COR MTN,Capital Goods,Fixed Income,363293.75,0.02925,363293.75,360000,United States,--,USD,3.02,4.69,1,2029-11-15,4.7,3.01,,4.69,3.01,4.69,USD,2024-11-15,2024-11-15
ASTRAZENECA FINANCE LLC,Consumer Non-Cyclical,Fixed Income,362819.86,0.02921,362819.86,355000,United Kingdom,--,USD,3.95,4.85,1,2031-02-26,4.9,3.99,,4.85,3.99,4.85,USD,2024-02-26,2024-02-26
BP CAPITAL MARKETS AMERICA INC,Energy,Fixed Income,362152.82,0.02916,362152.82,605000,United Kingdom,--,USD,14.74,5.97,1,2050-11-10,2.77,14.95,,5.97,14.95,5.97,USD,2020-08-10,2020-08-10
ASTRAZENECA FINANCE LLC,Consumer Non-Cyclical,Fixed Income,362234.68,0.02916,362234.68,380000,United Kingdom,--,USD,1.79,4.57,1,2028-05-28,1.75,1.78,,4.57,1.78,4.57,USD,2021-05-28,2021-05-28
MERCK & CO INC,Consumer Non-Cyclical,Fixed Income,362021.6,0.02915,362021.6,365000,United States,--,USD,3.69,4.76,1,2030-09-15,4.15,3.7,,4.76,3.7,4.76,USD,2025-09-09,2025-09-09
QUALCOMM INCORPORATED,Technology,Fixed Income,361552.56,0.02911,361552.56,398000,United States,--,USD,3.58,4.91,1,2030-05-20,2.15,3.58,,4.91,3.58,4.91,USD,2020-05-08,2020-05-08
JOHNSON & JOHNSON,Consumer Non-Cyclical,Fixed Income,361627.39,0.02911,361627.39,375000,United States,--,USD,13.84,5.56,1,2054-06-01,5.25,14.14,,5.56,14.14,5.56,USD,2024-05-20,2024-05-20
SHELL FINANCE US INC,Energy,Fixed Income,361425.06,0.0291,361425.06,535000,United States,--,USD,14.02,5.88,1,2050-04-06,3.25,14.25,,5.88,14.25,5.88,USD,2024-10-06,2024-10-08
VIRGINIA ELECTRIC AND POWER COMPAN,Electric,Fixed Income,361247.89,0.02908,361247.89,370000,United States,--,USD,7.09,5.48,1,2035-09-15,4.9,7.11,,5.48,7.11,5.48,USD,2025-09-10,2025-09-10
AMERICAN HONDA FINANCE CORPORATION MTN,Consumer Cyclical,Fixed Income,360641.52,0.02903,360641.52,375000,United States,--,USD,1.61,4.83,1,2028-03-24,2.0,1.6,,4.83,1.6,4.83,USD,2021-03-24,2021-03-24
TORONTO-DOMINION BANK/THE,Banking,Fixed Income,360415.36,0.02902,360415.36,355000,Canada,--,USD,2.82,5.66,1,2034-09-10,5.15,2.78,,5.28,2.8,5.28,USD,2024-09-10,2024-09-10
APPLE INC,Technology,Fixed Income,360380.74,0.02901,360380.74,690000,United States,--,USD,16.85,5.89,1,2060-08-20,2.55,17.1,,5.89,17.1,5.89,USD,2020-08-20,2020-08-20
ENTERPRISE PRODUCTS OPERATING LLC,Energy,Fixed Income,359816.67,0.02897,359816.67,450000,United States,--,USD,12.97,5.96,1,2050-01-31,4.2,13.2,,5.96,13.2,5.96,USD,2019-07-08,2019-07-08
AUTOMATIC DATA PROCESSING INC,Technology,Fixed Income,359778.57,0.02896,359778.57,360000,United States,--,USD,4.92,4.96,1,2032-05-08,4.75,4.95,,4.96,4.95,4.96,USD,2025-05-08,2025-05-08
MICROSOFT CORPORATION,Technology,Fixed Income,359471.37,0.02894,359471.37,395000,United States,--,USD,7.02,5.03,1,2035-02-12,3.5,7.08,,5.03,7.08,5.03,USD,2015-02-12,2015-02-12
ACCENTURE CAPITAL INC,Technology,Fixed Income,359498.72,0.02894,359498.72,360000,United States,--,USD,2.7,4.86,1,2029-07-10,4.75,2.73,,4.86,2.73,4.86,USD,2026-07-10,2026-07-10
BURLINGTON NORTHERN SANTA FE LLC,Transportation,Fixed Income,359052.34,0.02891,359052.34,374000,United States,--,USD,13.45,5.98,1,2056-03-15,5.55,13.72,,5.98,13.72,5.98,USD,2025-12-05,2025-12-05
US BANCORP MTN,Banking,Fixed Income,359148.57,0.02891,359148.57,360000,United States,--,USD,1.65,4.6,1,2028-04-26,3.9,1.66,,4.6,1.66,4.6,USD,2018-04-26,2018-04-26
PEPSICO INC,Consumer Non-Cyclical,Fixed Income,359011.93,0.0289,359011.93,400000,United States,--,USD,3.57,4.73,1,2030-05-01,1.63,3.57,,4.73,3.57,4.73,USD,2020-05-01,2020-05-01
GENERAL DYNAMICS CORPORATION,Capital Goods,Fixed Income,358686.94,0.02888,358686.94,404000,United States,--,USD,9.76,5.57,1,2040-04-01,4.25,9.83,,5.57,9.83,5.57,USD,2020-03-25,2020-03-25
ACCENTURE CAPITAL INC,Technology,Fixed Income,358706.0,0.02888,358706.0,360000,United States,--,USD,4.32,5.12,1,2031-07-10,5.0,4.34,,5.12,4.34,5.12,USD,2026-07-10,2026-07-10
BROOKFIELD FINANCE INC,Brokerage/Asset Managers/Exchanges,Fixed Income,358361.65,0.02885,358361.65,395000,Canada,--,USD,4.3,5.14,1,2031-04-15,2.72,4.3,,5.14,4.3,5.14,USD,2021-04-12,2021-04-12
UNION PACIFIC CORPORATION,Transportation,Fixed Income,358190.13,0.02884,358190.13,530000,United States,--,USD,13.81,5.95,1,2050-02-05,3.25,14.04,,5.95,14.04,5.95,USD,2020-01-31,2020-01-31
UNITEDHEALTH GROUP INC,Insurance,Fixed Income,357938.19,0.02882,357938.19,402000,United States,--,USD,4.43,4.99,1,2031-05-15,2.3,4.43,,4.99,4.43,4.99,USD,2021-05-19,2021-05-19
AMERICAN HONDA FINANCE CORPORATION MTN,Consumer Cyclical,Fixed Income,357609.92,0.02879,357609.92,370000,United States,--,USD,6.16,5.48,1,2034-01-10,4.9,6.14,,5.48,6.14,5.48,USD,2024-01-10,2024-01-10
WALMART INC,Consumer Cyclical,Fixed Income,357189.45,0.02876,357189.45,325000,United States,--,USD,8.29,5.25,1,2038-04-15,6.2,8.3,,5.25,8.3,5.25,USD,2008-04-15,2008-04-15
ACCENTURE CAPITAL INC,Technology,Fixed Income,357284.68,0.02876,357284.68,360000,United States,--,USD,5.72,5.46,1,2033-07-10,5.3,5.74,,5.46,5.74,5.46,USD,2026-07-10,2026-07-10
PFIZER INC,Consumer Non-Cyclical,Fixed Income,356785.24,0.02872,356785.24,410000,United States,--,USD,4.7,4.84,1,2031-08-18,1.75,4.7,,4.84,4.7,4.84,USD,2021-08-18,2021-08-18
STATE STREET CORP,Banking,Fixed Income,356785.8,0.02872,356785.8,355000,United States,--,USD,5.55,5.27,1,2034-05-18,5.16,5.63,,5.23,5.63,5.23,USD,2023-05-18,2023-05-18
KKR & CO INC,Brokerage/Asset Managers/Exchanges,Fixed Income,356312.89,0.02869,356312.89,365000,United States,--,USD,6.92,5.78,1,2035-08-07,5.1,6.93,,5.78,6.93,5.78,USD,2025-08-07,2025-08-07
JOHN DEERE CAPITAL CORP MTN,Capital Goods,Fixed Income,356095.84,0.02867,356095.84,355000,United States,--,USD,3.5,4.77,1,2030-06-10,4.7,3.49,,4.77,3.49,4.77,USD,2023-06-08,2023-06-08
PARKER HANNIFIN CORPORATION,Capital Goods,Fixed Income,356101.67,0.02867,356101.67,370000,United States,--,USD,2.68,4.79,1,2029-06-14,3.25,2.71,,4.79,2.71,4.79,USD,2019-06-14,2019-06-14
EMERSON ELECTRIC CO,Capital Goods,Fixed Income,356108.94,0.02867,356108.94,378000,United States,--,USD,2.31,4.64,1,2028-12-21,2.0,2.31,,4.64,2.31,4.64,USD,2021-12-21,2021-12-21
UNITED PARCEL SERVICE INC,Transportation,Fixed Income,355891.32,0.02865,355891.32,363000,United States,--,USD,2.43,4.69,1,2029-03-15,3.4,2.46,,4.69,2.46,4.69,USD,2019-03-15,2019-03-15
APPLE INC,Technology,Fixed Income,355903.45,0.02865,355903.45,640000,United States,--,USD,16.41,5.92,1,2061-02-08,2.8,16.69,,5.92,16.69,5.92,USD,2021-02-08,2021-02-08
ANHEUSER-BUSCH INBEV FINANCE INC,Consumer Non-Cyclical,Fixed Income,355728.82,0.02864,355728.82,395000,Belgium,--,USD,11.43,5.97,1,2046-02-01,4.9,11.61,,5.97,11.61,5.97,USD,2016-01-25,2016-01-25
ACCENTURE CAPITAL INC,Technology,Fixed Income,355667.63,0.02863,355667.63,360000,United States,--,USD,7.5,5.79,1,2036-07-10,5.6,7.52,,5.79,7.52,5.79,USD,2026-07-10,2026-07-10
METLIFE INC,Insurance,Fixed Income,355364.69,0.02861,355364.69,395000,United States,--,USD,10.98,5.9,1,2043-11-13,4.88,11.07,,5.9,11.07,5.9,USD,2013-11-13,2013-11-13
BANK OF MONTREAL (FXD-FLT) MTN,Banking,Fixed Income,355425.41,0.02861,355425.41,355000,Canada,--,USD,2.44,4.84,1,2030-03-19,4.34,2.44,,4.84,2.44,4.84,USD,2026-03-19,2026-03-19
PFIZER INC,Consumer Non-Cyclical,Fixed Income,355165.25,0.02859,355165.25,380000,United States,--,USD,3.41,4.82,1,2030-04-01,2.63,3.42,,4.82,3.42,4.82,USD,2020-03-27,2020-03-27
COMCAST CORPORATION,Communications,Fixed Income,354938.22,0.02858,354938.22,335000,United States,--,USD,7.55,5.98,1,2037-03-15,6.45,7.52,,5.98,7.52,5.98,USD,2006-03-02,2006-03-02
TOYOTA MOTOR CREDIT CORP MTN,Consumer Cyclical,Fixed Income,354971.09,0.02858,354971.09,350000,United States,--,USD,2.76,4.78,1,2029-08-09,4.55,2.75,,4.78,2.75,4.78,USD,2024-08-09,2024-08-09
AMERICAN HONDA FINANCE CORPORATION MTN,Consumer Cyclical,Fixed Income,354700.58,0.02856,354700.58,350000,United States,--,USD,1.51,4.83,1,2028-03-03,4.55,1.51,,4.83,1.51,4.83,USD,2025-03-05,2025-03-05
CONSOLIDATED EDISON COMPANY OF NEW,Electric,Fixed Income,354326.9,0.02853,354326.9,370000,United States,--,USD,13.08,6.1,1,2054-05-15,5.7,13.34,,6.1,13.34,6.1,USD,2024-05-09,2024-05-09
COLGATE-PALMOLIVE CO,Consumer Non-Cyclical,Fixed Income,354373.99,0.02853,354373.99,350000,United States,--,USD,5.47,4.7,1,2033-03-01,4.6,5.54,,4.7,5.54,4.7,USD,2023-03-01,2023-03-01
BP CAPITAL MARKETS AMERICA INC,Energy,Fixed Income,354265.39,0.02852,354265.39,355000,United Kingdom,--,USD,6.18,5.25,1,2034-04-10,4.99,6.23,,5.25,6.23,5.25,USD,2024-01-10,2024-01-10
UNITED PARCEL SERVICE INC,Transportation,Fixed Income,353734.51,0.02848,353734.51,355000,United States,--,USD,14.31,6.15,1,2065-05-14,6.05,14.58,,6.15,14.58,6.15,USD,2025-05-14,2025-05-14
APPLE INC,Technology,Fixed Income,353808.09,0.02848,353808.09,355000,United States,--,USD,6.99,4.93,1,2035-05-12,4.75,7.04,,4.93,7.04,4.93,USD,2025-05-12,2025-05-12
ASTRAZENECA FINANCE LLC,Consumer Non-Cyclical,Fixed Income,353214.2,0.02844,353214.2,345000,United Kingdom,--,USD,2.34,4.68,1,2029-02-26,4.85,2.36,,4.68,2.36,4.68,USD,2024-02-26,2024-02-26
ONCOR ELECTRIC DELIVERY COMPANY LL 144A,Electric,Fixed Income,352851.05,0.02841,352851.05,355000,United States,--,USD,4.06,5.03,1,2031-03-15,4.5,4.07,,5.03,4.07,5.03,USD,2026-03-17,2026-03-17
CONSOLIDATED EDISON COMPANY OF NEW,Electric,Fixed Income,352922.65,0.02841,352922.65,360000,United States,--,USD,12.87,6.13,1,2053-11-15,5.9,13.13,,6.13,13.13,6.13,USD,2023-11-22,2023-11-22
INTERNATIONAL BUSINESS MACHINES CO,Technology,Fixed Income,352520.32,0.02838,352520.32,365000,United States,--,USD,7.25,5.74,1,2036-02-03,4.95,7.25,,5.74,7.25,5.74,USD,2026-02-03,2026-02-03
HONEYWELL INTERNATIONAL INC,Capital Goods,Fixed Income,352556.34,0.02838,352556.34,370000,United States,--,USD,2.84,4.79,1,2029-08-15,2.7,2.85,,4.79,2.85,4.79,USD,2019-08-08,2019-08-08
COCA-COLA CO,Consumer Non-Cyclical,Fixed Income,352371.97,0.02837,352371.97,375000,United States,--,USD,13.53,5.81,1,2054-05-13,5.3,13.81,,5.81,13.81,5.81,USD,2024-05-13,2024-05-13
UNILEVER CAPITAL CORP,Consumer Non-Cyclical,Fixed Income,352257.0,0.02836,352257.0,405000,United Kingdom,--,USD,4.68,4.86,1,2031-08-12,1.75,4.68,,4.86,4.68,4.86,USD,2021-08-12,2021-08-12
PEPSICO INC,Consumer Non-Cyclical,Fixed Income,352140.84,0.02835,352140.84,345000,United States,--,USD,3.14,4.62,1,2030-02-07,4.6,3.16,,4.62,3.16,4.62,USD,2025-02-07,2025-02-07
SUMITOMO MITSUI FINANCIAL GROUP IN,Banking,Fixed Income,352060.53,0.02834,352060.53,345000,Japan,--,USD,3.32,5.05,1,2030-04-15,5.24,3.31,,5.05,3.31,5.05,USD,2025-01-15,2025-01-15
ELI LILLY AND COMPANY,Consumer Non-Cyclical,Fixed Income,351835.41,0.02833,351835.41,350000,United States,--,USD,5.44,4.95,1,2033-02-27,4.7,5.5,,4.95,5.5,4.95,USD,2023-02-27,2023-02-27
CISCO SYSTEMS INC,Technology,Fixed Income,351647.35,0.02831,351647.35,345000,United States,--,USD,4.7,4.97,1,2032-02-24,4.95,4.73,,4.97,4.73,4.97,USD,2025-02-24,2025-02-24
MORGAN STANLEY,Banking,Fixed Income,351668.57,0.02831,351668.57,472000,United States,--,USD,10.26,5.88,1,2042-04-22,3.22,10.83,,5.88,10.83,5.88,USD,2021-04-22,2021-04-22
BANK OF MONTREAL MTN,Banking,Fixed Income,351352.54,0.02829,351352.54,345000,Canada,--,USD,1.06,4.55,1,2027-09-14,4.7,1.08,,4.55,1.08,4.55,USD,2022-09-14,2022-09-14
BRISTOL-MYERS SQUIBB CO,Consumer Non-Cyclical,Fixed Income,351361.04,0.02829,351361.04,435000,United States,--,USD,12.41,6.03,1,2047-11-15,4.35,12.64,,6.03,12.64,6.03,USD,2020-05-15,2020-07-15
SOUTHERN CALIFORNIA GAS COMPANY,Natural Gas,Fixed Income,350853.55,0.02825,350853.55,350000,United States,--,USD,6.39,5.32,1,2034-09-01,5.05,6.43,,5.32,6.43,5.32,USD,2024-08-14,2024-08-14
MERCK & CO INC,Consumer Non-Cyclical,Fixed Income,350732.06,0.02824,350732.06,402000,United States,--,USD,9.36,5.48,1,2039-03-07,3.9,9.42,,5.48,9.42,5.48,USD,2019-03-07,2019-03-07
DUKE ENERGY PROGRESS LLC,Electric,Fixed Income,350798.82,0.02824,350798.82,345000,United States,--,USD,6.1,5.12,1,2034-03-15,5.1,6.15,,5.12,6.15,5.12,USD,2024-03-14,2024-03-14
FLORIDA POWER & LIGHT CO,Electric,Fixed Income,350690.64,0.02823,350690.64,360000,United States,--,USD,14.54,6.13,1,2066-06-01,5.9,14.8,,6.13,14.8,6.13,USD,2026-06-01,2026-06-01
ECOLAB INC,Basic Industry,Fixed Income,350396.46,0.02821,350396.46,350000,United States,--,USD,4.27,4.94,1,2031-06-15,4.8,4.28,,4.94,4.28,4.94,USD,2026-05-29,2026-05-29
CADENCE DESIGN SYSTEMS INC,Technology,Fixed Income,350123.22,0.02819,350123.22,350000,United States,--,USD,2.83,4.84,1,2029-09-10,4.3,2.85,,4.84,2.85,4.84,USD,2024-09-10,2024-09-10
HOME DEPOT INC,Consumer Cyclical,Fixed Income,349968.47,0.02818,349968.47,335000,United States,--,USD,9.49,5.68,1,2041-04-01,5.95,9.61,,5.68,9.4,5.68,USD,2011-03-31,2011-03-31
COCA-COLA CO,Consumer Non-Cyclical,Fixed Income,350073.61,0.02818,350073.61,373000,United States,--,USD,2.94,4.54,1,2029-09-06,2.13,2.94,,4.54,2.94,4.54,USD,2019-09-06,2019-09-06
UNITEDHEALTH GROUP INC,Insurance,Fixed Income,349621.65,0.02815,349621.65,445000,United States,--,USD,12.68,6.07,1,2048-06-15,4.25,12.91,,6.07,12.91,6.07,USD,2018-06-19,2018-06-19
PHILIP MORRIS INTERNATIONAL INC,Consumer Non-Cyclical,Fixed Income,349634.22,0.02815,349634.22,359000,United States,--,USD,2.79,4.83,1,2029-08-15,3.38,2.82,,4.83,2.82,4.83,USD,2019-05-01,2019-05-01
CONOCOPHILLIPS CO,Energy,Fixed Income,349389.62,0.02813,349389.62,378000,United States,--,USD,13.45,6.07,1,2055-01-15,5.5,13.72,,6.07,13.72,6.07,USD,2024-12-05,2024-12-05
ROYAL BANK OF CANADA MTN,Banking,Fixed Income,349436.97,0.02813,349436.97,340000,Canada,--,USD,6.05,5.1,1,2034-02-01,5.15,6.03,,5.1,6.03,5.1,USD,2024-01-19,2024-01-19
TORONTO-DOMINION BANK/THE MTN,Banking,Fixed Income,349287.05,0.02812,349287.05,350000,Canada,--,USD,2.54,4.87,1,2029-04-23,4.36,2.53,,4.87,2.53,4.87,USD,2026-04-23,2026-04-23
GEORGIA POWER COMPANY,Electric,Fixed Income,349338.57,0.02812,349338.57,345000,United States,--,USD,4.0,4.96,1,2031-03-15,4.85,4.04,,4.96,4.04,4.96,USD,2025-03-03,2025-03-03
MASTERCARD INC,Technology,Fixed Income,349218.84,0.02811,349218.84,350000,United States,--,USD,2.63,4.72,1,2029-06-08,4.42,2.65,,4.72,2.65,4.72,USD,2026-06-08,2026-06-08
VISA INC,Technology,Fixed Income,348947.54,0.02809,348947.54,349000,United States,--,USD,2.35,4.52,1,2029-02-12,3.8,2.36,,4.52,2.36,4.52,USD,2026-02-12,2026-02-12
SALESFORCE INC,Technology,Fixed Income,348951.47,0.02809,348951.47,630000,United States,--,USD,14.41,6.56,1,2051-07-15,2.9,14.6,,6.56,14.6,6.56,USD,2021-07-12,2021-07-12
DEERE & CO,Capital Goods,Fixed Income,348232.82,0.02804,348232.82,423000,United States,--,USD,11.01,5.65,1,2042-06-09,3.9,11.12,,5.65,11.12,5.65,USD,2012-06-08,2012-06-08
NATIONAL BANK OF CANADA MTN,Banking,Fixed Income,348263.92,0.02804,348263.92,340000,Canada,--,USD,2.23,4.76,1,2028-12-18,5.6,2.22,,4.76,2.22,4.76,USD,2023-12-18,2023-12-18
JPMORGAN CHASE & CO,Banking,Fixed Income,348193.27,0.02803,348193.27,365000,United States,--,USD,1.78,4.79,1,2029-06-01,2.07,1.78,,4.79,1.78,4.79,USD,2021-06-01,2021-06-01
ATMOS ENERGY CORPORATION,Natural Gas,Fixed Income,348047.74,0.02802,348047.74,330000,United States,--,USD,5.79,5.18,1,2033-11-15,5.9,5.86,,5.16,5.7,5.16,USD,2023-10-10,2023-10-10
YALE UNIVERSITY,Industrial Other,Fixed Income,347898.79,0.02801,347898.79,387000,United States,--,USD,3.54,4.58,1,2030-04-15,1.48,3.54,,4.58,3.54,4.58,USD,2020-06-09,2020-06-09
SUMITOMO MITSUI FINANCIAL GROUP IN,Banking,Fixed Income,347790.75,0.028,347790.75,375000,Japan,--,USD,3.26,5.07,1,2030-01-15,2.75,3.25,,5.07,3.25,5.07,USD,2020-01-15,2020-01-15
ENTERPRISE PRODUCTS OPERATING LLC,Energy,Fixed Income,347849.0,0.028,347849.0,400000,United States,--,USD,10.75,5.88,1,2043-02-15,4.45,10.86,,5.88,10.86,5.88,USD,2012-08-13,2012-08-13
FLORIDA POWER & LIGHT CO,Electric,Fixed Income,347556.22,0.02798,347556.22,355000,United States,--,USD,13.19,6.0,1,2055-03-15,5.7,13.45,,6.0,13.45,6.0,USD,2025-02-21,2025-02-21
APPLE INC,Technology,Fixed Income,347421.52,0.02797,347421.52,465000,United States,--,USD,15.18,5.94,1,2062-08-08,4.1,15.45,,5.94,15.45,5.94,USD,2022-08-08,2022-08-08
MERCK & CO INC,Consumer Non-Cyclical,Fixed Income,347305.43,0.02796,347305.43,360000,United States,--,USD,7.35,5.32,1,2035-12-04,4.75,7.38,,5.32,7.38,5.32,USD,2025-12-04,2025-12-04
COMCAST CORPORATION,Communications,Fixed Income,346692.86,0.02791,346692.86,502000,United States,--,USD,12.2,6.83,1,2047-11-01,3.97,12.36,,6.83,12.36,6.83,USD,2017-10-19,2017-12-14
GLAXOSMITHKLINE CAPITAL INC,Consumer Non-Cyclical,Fixed Income,346411.57,0.02789,346411.57,345000,United Kingdom,--,USD,3.33,4.74,1,2030-04-15,4.5,3.35,,4.74,3.35,4.74,USD,2025-03-13,2025-03-13
BAKER HUGHES HOLDINGS LLC,Energy,Fixed Income,345833.28,0.02784,345833.28,355000,United States,--,USD,4.32,5.06,1,2031-06-15,4.35,4.32,,5.06,4.32,5.06,USD,2026-03-11,2026-03-11
ABBVIE INC (FXD),Consumer Non-Cyclical,Fixed Income,345626.34,0.02783,345626.34,345000,United States,--,USD,1.52,4.6,1,2028-03-03,3.77,1.52,,4.6,1.52,4.6,USD,2026-03-04,2026-03-04
THERMO FISHER SCIENTIFIC INC,Consumer Non-Cyclical,Fixed Income,345737.88,0.02783,345737.88,350000,United States,--,USD,7.31,5.36,1,2036-02-12,4.9,7.34,,5.36,7.34,5.36,USD,2026-02-12,2026-02-12
BANCO SANTANDER SA,Banking,Fixed Income,345527.92,0.02782,345527.92,355000,Spain,--,USD,7.21,5.65,1,2035-11-06,5.13,7.18,,5.65,7.18,5.65,USD,2025-11-06,2025-11-06
HORMEL FOODS CORPORATION,Consumer Non-Cyclical,Fixed Income,345129.88,0.02779,345129.88,386000,United States,--,USD,3.67,4.89,1,2030-06-11,1.8,3.66,,4.89,3.66,4.89,USD,2020-06-11,2020-06-11
DUKE ENERGY CAROLINAS LLC,Electric,Fixed Income,345156.47,0.02779,345156.47,350000,United States,--,USD,7.56,5.42,1,2036-06-15,5.15,7.59,,5.42,7.59,5.42,USD,2026-06-05,2026-06-05
SHELL FINANCE US INC,Energy,Fixed Income,345026.2,0.02778,345026.2,369000,United States,--,USD,3.09,4.7,1,2029-11-07,2.38,3.09,,4.7,3.09,4.7,USD,2024-05-07,2024-10-08
TARGET CORPORATION,Consumer Cyclical,Fixed Income,344533.97,0.02774,344533.97,345000,United States,--,USD,5.16,4.83,1,2032-09-15,4.5,5.22,,4.83,5.22,4.83,USD,2022-09-13,2022-09-13
WESTPAC BANKING CORP,Banking,Fixed Income,344157.87,0.02771,344157.87,340000,Australia,--,USD,1.04,4.45,1,2027-08-26,4.04,1.04,,4.45,1.04,4.45,USD,2022-05-26,2022-05-26
ROYAL BANK OF CANADA (FXD-FRN) MTN,Banking,Fixed Income,343936.1,0.02769,343936.1,345000,Canada,--,USD,2.51,4.87,1,2030-04-17,4.4,2.51,,4.87,2.51,4.87,USD,2026-04-17,2026-04-17
JOHN DEERE CAPITAL CORP MTN,Capital Goods,Fixed Income,343995.16,0.02769,343995.16,340000,United States,--,USD,6.24,5.14,1,2034-04-11,5.1,6.22,,5.14,6.22,5.14,USD,2024-04-11,2024-04-11
SHELL FINANCE US INC,Energy,Fixed Income,343837.45,0.02768,343837.45,393000,United States,--,USD,10.9,5.92,1,2043-08-12,4.55,10.98,,5.92,10.98,5.92,USD,2024-08-12,2024-10-08
PHILIP MORRIS INTERNATIONAL INC,Consumer Non-Cyclical,Fixed Income,343537.22,0.02766,343537.22,360000,United States,--,USD,7.28,5.41,1,2035-10-29,4.63,7.3,,5.41,7.3,5.41,USD,2025-10-29,2025-10-29
US BANCORP,Banking,Fixed Income,343323.84,0.02764,343323.84,357000,United States,--,USD,2.78,4.9,1,2029-07-30,3.0,2.79,,4.9,2.79,4.9,USD,2019-07-29,2019-07-29
ING GROEP NV,Banking,Fixed Income,343210.07,0.02763,343210.07,340000,Netherlands,--,USD,2.04,4.77,1,2028-10-02,4.55,2.03,,4.77,2.03,4.77,USD,2018-10-02,2018-10-02
ASTRAZENECA FINANCE LLC,Consumer Non-Cyclical,Fixed Income,343030.82,0.02762,343030.82,335000,United Kingdom,--,USD,1.47,4.55,1,2028-03-03,4.88,1.51,,4.53,1.43,4.53,USD,2023-03-03,2023-03-03
PRINCIPAL FINANCIAL GROUP INC,Insurance,Fixed Income,343049.07,0.02762,343049.07,325000,United States,--,USD,7.52,5.54,1,2036-10-15,6.05,7.5,,5.54,7.5,5.54,USD,2006-10-16,2006-10-16
ECOLAB INC,Basic Industry,Fixed Income,342931.6,0.02761,342931.6,347000,United States,--,USD,1.29,4.51,1,2027-12-01,3.25,1.3,,4.51,1.3,4.51,USD,2017-11-27,2018-04-17
BANK OF AMERICA CORP MTN,Banking,Fixed Income,342682.16,0.02759,342682.16,360000,United States,--,USD,1.82,4.84,1,2029-06-14,2.09,1.81,,4.84,1.82,4.84,USD,2021-06-14,2021-06-14
PHILIP MORRIS INTERNATIONAL INC,Consumer Non-Cyclical,Fixed Income,342281.73,0.02756,342281.73,355000,United States,--,USD,5.34,5.11,1,2032-10-29,4.25,5.35,,5.11,5.35,5.11,USD,2025-10-29,2025-10-29
JOHN DEERE CAPITAL CORP MTN,Capital Goods,Fixed Income,342336.48,0.02756,342336.48,334000,United States,--,USD,5.81,5.05,1,2033-09-08,5.15,5.8,,5.05,5.8,5.05,USD,2023-09-08,2023-09-08
DH EUROPE FINANCE II SARL,Consumer Non-Cyclical,Fixed Income,342047.29,0.02754,342047.29,365000,United States,--,USD,3.09,4.84,1,2029-11-15,2.6,3.1,,4.84,3.1,4.84,USD,2019-11-07,2019-11-07
MERCK & CO INC,Consumer Non-Cyclical,Fixed Income,341955.74,0.02753,341955.74,360000,United States,--,USD,14.64,6.09,1,2065-12-04,5.7,14.9,,6.09,14.9,6.09,USD,2025-12-04,2025-12-04
MASTERCARD INC,Technology,Fixed Income,341777.65,0.02752,341777.65,356000,United States,--,USD,2.66,4.62,1,2029-06-01,2.95,2.68,,4.62,2.68,4.62,USD,2019-05-31,2019-05-31
BP CAPITAL MARKETS AMERICA INC,Energy,Fixed Income,341656.85,0.02751,341656.85,538000,United States,--,USD,15.59,6.0,1,2061-02-08,3.38,15.85,,6.0,15.85,6.0,USD,2021-02-08,2021-02-08
US BANCORP MTN,Banking,Fixed Income,341730.18,0.02751,341730.18,350000,United States,--,USD,5.13,5.48,1,2033-07-22,4.97,5.11,,5.44,5.11,5.44,USD,2022-07-22,2022-07-22
UNITEDHEALTH GROUP INC,Insurance,Fixed Income,341760.87,0.02751,341760.87,345000,United States,--,USD,2.31,4.7,1,2029-01-15,4.25,2.32,,4.7,2.32,4.7,USD,2023-03-28,2023-03-28
CUMMINS INC,Consumer Cyclical,Fixed Income,341592.16,0.0275,341592.16,355000,United States,--,USD,13.16,5.9,1,2054-02-20,5.45,13.43,,5.9,13.43,5.9,USD,2024-02-20,2024-02-20
NETFLIX INC,Communications,Fixed Income,341427.44,0.02749,341427.44,324000,United States,--,USD,2.54,4.77,1,2029-05-15,6.38,2.53,,4.77,2.53,4.77,USD,2018-10-26,2018-10-26
CHARLES SCHWAB CORP (FXD-FRN),Brokerage/Asset Managers/Exchanges,Fixed Income,341442.28,0.02749,341442.28,340000,United States,--,USD,2.59,4.78,1,2030-05-21,4.74,2.59,,4.78,2.6,4.78,USD,2026-05-21,2026-05-21
METLIFE INC,Insurance,Fixed Income,341479.54,0.02749,341479.54,340000,United States,--,USD,6.62,5.32,1,2034-12-15,5.3,6.67,,5.32,6.67,5.32,USD,2024-06-05,2024-06-05
AIR PRODUCTS AND CHEMICALS INC,Basic Industry,Fixed Income,341302.77,0.02748,341302.77,335000,United States,--,USD,2.3,4.69,1,2029-02-08,4.6,2.32,,4.69,2.32,4.69,USD,2024-02-08,2024-02-08
WESTPAC BANKING CORP,Banking,Fixed Income,341363.78,0.02748,341363.78,345000,Australia,--,USD,3.57,4.72,1,2030-07-01,4.35,3.57,,4.72,3.57,4.72,USD,2025-07-01,2025-07-01
UNITEDHEALTH GROUP INC,Insurance,Fixed Income,341219.4,0.02747,341219.4,463000,United States,--,USD,10.98,5.77,1,2041-05-15,3.05,11.04,,5.77,11.04,5.77,USD,2021-05-19,2021-05-19
UNION PACIFIC CORPORATION,Transportation,Fixed Income,341071.34,0.02746,341071.34,365000,United States,--,USD,3.28,4.79,1,2030-02-05,2.4,3.28,,4.79,3.28,4.79,USD,2020-01-31,2020-01-31
REPUBLIC SERVICES INC,Capital Goods,Fixed Income,341091.84,0.02746,341091.84,335000,United States,--,USD,2.43,4.75,1,2029-04-01,4.88,2.46,,4.75,2.46,4.75,USD,2023-03-28,2023-03-28
UNILEVER CAPITAL CORP,Consumer Non-Cyclical,Fixed Income,341130.99,0.02746,341130.99,345000,United Kingdom,--,USD,6.44,5.11,1,2034-08-12,4.63,6.48,,5.11,6.48,5.11,USD,2024-08-12,2024-08-12
SIMON PROPERTY GROUP LP,Reits,Fixed Income,340818.17,0.02744,340818.17,350000,United States,--,USD,6.52,5.39,1,2034-09-26,4.75,6.55,,5.39,6.55,5.39,USD,2024-09-26,2024-09-26
TORONTO-DOMINION BANK/THE MTN,Banking,Fixed Income,340855.0,0.02744,340855.0,345000,Canada,--,USD,5.62,5.3,1,2033-04-22,4.87,5.6,,5.3,5.6,5.3,USD,2026-04-23,2026-04-23
UNITEDHEALTH GROUP INC,Insurance,Fixed Income,340708.69,0.02743,340708.69,344000,United States,--,USD,1.8,4.61,1,2028-06-15,3.85,1.8,,4.61,1.8,4.61,USD,2018-06-19,2018-06-19
PAYPAL HOLDINGS INC,Technology,Fixed Income,340597.15,0.02742,340597.15,372000,United States,--,USD,3.61,4.82,1,2030-06-01,2.3,3.6,,4.82,3.6,4.82,USD,2020-05-18,2020-05-18
GENERAL ELECTRIC CO,Capital Goods,Fixed Income,340230.97,0.02739,340230.97,340000,United States,--,USD,7.28,5.21,1,2036-01-29,4.9,7.32,,5.21,7.32,5.21,USD,2025-07-29,2025-07-29
ELI LILLY AND COMPANY,Consumer Non-Cyclical,Fixed Income,340039.81,0.02738,340039.81,345000,United States,--,USD,5.69,5.04,1,2033-05-20,4.65,5.72,,5.04,5.72,5.04,USD,2026-05-20,2026-05-20
TORONTO-DOMINION BANK/THE MTN,Banking,Fixed Income,340048.16,0.02738,340048.16,350000,Canada,--,USD,7.21,5.51,1,2035-10-15,4.93,7.18,,5.51,7.18,5.51,USD,2025-10-14,2025-10-14
WW GRAINGER INC,Capital Goods,Fixed Income,340083.07,0.02738,340083.07,350000,United States,--,USD,6.57,5.12,1,2034-09-15,4.45,6.61,,5.12,6.61,5.12,USD,2024-09-12,2024-09-12
ING GROEP NV,Banking,Fixed Income,339914.71,0.02737,339914.71,335000,Netherlands,--,USD,6.56,5.55,1,2036-03-25,5.53,6.69,,5.55,6.69,5.55,USD,2025-03-25,2025-03-25
NATIONAL RURAL UTILITIES COOPERATI,Electric,Fixed Income,339984.94,0.02737,339984.94,341000,United States,--,USD,1.44,4.67,1,2028-02-07,3.4,1.45,,4.67,1.45,4.67,USD,2018-02-07,2018-02-07
ASTRAZENECA PLC,Consumer Non-Cyclical,Fixed Income,339673.84,0.02735,339673.84,400000,United Kingdom,--,USD,12.0,5.75,1,2045-11-16,4.38,12.14,,5.75,12.14,5.75,USD,2015-11-16,2015-11-16
TARGET CORPORATION,Consumer Cyclical,Fixed Income,339356.69,0.02732,339356.69,301000,United States,--,USD,8.06,5.51,1,2038-01-15,7.0,8.06,,5.51,8.06,5.51,USD,2008-01-17,2008-01-17
NOVARTIS CAPITAL CORP,Consumer Non-Cyclical,Fixed Income,339379.56,0.02732,339379.56,549000,Switzerland,--,USD,14.65,5.81,1,2050-08-14,2.75,14.88,,5.81,14.88,5.81,USD,2020-02-14,2020-02-14
CONOCOPHILLIPS CO,Energy,Fixed Income,338795.79,0.02728,338795.79,345000,United States,--,USD,6.77,5.28,1,2035-01-15,5.0,6.81,,5.28,6.81,5.28,USD,2024-12-05,2024-12-05
AUTOMATIC DATA PROCESSING INC,Technology,Fixed Income,338731.31,0.02727,338731.31,386000,United States,--,USD,3.9,4.7,1,2030-09-01,1.25,3.89,,4.7,3.89,4.7,USD,2020-08-13,2020-08-13
KIMCO REALTY OP LLC,Reits,Fixed Income,338785.5,0.02727,338785.5,345000,United States,--,USD,6.75,5.39,1,2035-03-01,4.85,6.78,,5.39,6.78,5.39,USD,2024-09-16,2024-09-16
GENERAL ELECTRIC CO MTN,Capital Goods,Fixed Income,338608.49,0.02726,338608.49,325000,United States,--,USD,8.34,5.4,1,2038-01-14,5.88,8.34,,5.4,8.34,5.4,USD,2008-01-14,2008-01-14
MITSUBISHI UFJ FINANCIAL GROUP INC,Banking,Fixed Income,338402.85,0.02724,338402.85,364000,Japan,--,USD,3.34,5.05,1,2030-02-25,2.56,3.32,,5.05,3.32,5.05,USD,2020-02-25,2020-02-25
MIDAMERICAN ENERGY COMPANY,Electric,Fixed Income,337971.38,0.02721,337971.38,365000,United States,--,USD,13.25,6.03,1,2055-02-01,5.3,13.5,,6.03,13.5,6.03,USD,2024-01-24,2024-01-24
PAYPAL HOLDINGS INC,Technology,Fixed Income,338009.47,0.02721,338009.47,350000,United States,--,USD,5.01,5.21,1,2032-06-01,4.4,5.05,,5.21,5.05,5.21,USD,2022-05-23,2022-05-23
CSX CORP,Transportation,Fixed Income,338041.42,0.02721,338041.42,315000,United States,--,USD,7.82,5.42,1,2037-05-01,6.15,7.81,,5.42,7.81,5.42,USD,2007-04-25,2007-04-25
AMERIPRISE FINANCIAL INC,Brokerage/Asset Managers/Exchanges,Fixed Income,337915.44,0.0272,337915.44,340000,United States,--,USD,6.79,5.49,1,2035-04-15,5.2,6.82,,5.49,6.82,5.49,USD,2025-02-28,2025-02-28
BP CAPITAL MARKETS AMERICA INC,Energy,Fixed Income,337728.45,0.02719,337728.45,540000,United States,--,USD,14.71,5.95,1,2052-03-17,3.0,14.94,,5.95,14.94,5.95,USD,2021-09-17,2021-09-17
CONOCOPHILLIPS CO,Energy,Fixed Income,337256.84,0.02715,337256.84,355000,United States,--,USD,13.02,6.07,1,2054-03-15,5.55,13.28,,6.07,13.28,6.07,USD,2023-08-17,2023-08-17
MITSUBISHI UFJ FINANCIAL GROUP INC,Banking,Fixed Income,337067.34,0.02714,337067.34,350000,Japan,--,USD,4.87,5.35,1,2033-04-19,4.32,4.93,,5.3,4.94,5.3,USD,2022-04-19,2022-04-19
HOME DEPOT INC,Consumer Cyclical,Fixed Income,337130.28,0.02714,337130.28,335000,United States,--,USD,2.66,4.65,1,2029-06-25,4.75,2.69,,4.65,2.69,4.65,USD,2024-06-25,2024-06-25
UNITED PARCEL SERVICE INC,Transportation,Fixed Income,336714.49,0.02711,336714.49,360000,United States,--,USD,13.24,6.05,1,2054-05-22,5.5,13.5,,6.05,13.5,6.05,USD,2024-05-22,2024-05-22
COMCAST CORPORATION,Communications,Fixed Income,336742.11,0.02711,336742.11,390000,United States,--,USD,12.52,6.82,1,2054-06-01,5.65,12.73,,6.82,12.73,6.82,USD,2024-05-22,2024-05-22
BERKSHIRE HATHAWAY FINANCE CORP,Insurance,Fixed Income,336758.69,0.02711,336758.69,365000,United States,--,USD,5.03,4.66,1,2032-03-15,2.88,5.05,,4.66,5.05,4.66,USD,2022-03-15,2022-03-15
PUBLIC STORAGE OPERATING CO,Reits,Fixed Income,336544.98,0.02709,336544.98,330000,United States,--,USD,5.64,5.18,1,2033-08-01,5.1,5.7,,5.18,5.7,5.18,USD,2023-07-26,2023-07-26
FLORIDA POWER & LIGHT CO,Electric,Fixed Income,336095.33,0.02706,336095.33,345000,United States,--,USD,14.31,6.11,1,2065-03-15,5.8,14.57,,6.11,14.57,6.11,USD,2025-02-21,2025-02-21
APPLE INC,Technology,Fixed Income,336172.27,0.02706,336172.27,355000,United States,--,USD,5.25,4.66,1,2032-08-08,3.35,5.28,,4.66,5.28,4.66,USD,2022-08-08,2022-08-08
TRUIST FINANCIAL CORP MTN,Banking,Fixed Income,335725.79,0.02703,335725.79,340000,United States,--,USD,4.12,5.18,1,2032-04-23,4.68,4.15,,5.18,4.15,5.18,USD,2026-04-23,2026-04-23
BURLINGTON NORTHERN SANTA FE LLC,Transportation,Fixed Income,335600.62,0.02702,335600.62,412000,United States,--,USD,11.73,5.92,1,2045-04-01,4.15,11.9,,5.92,11.9,5.92,USD,2015-03-09,2015-03-09
CANADIAN IMPERIAL BANK OF COMMERCE,Banking,Fixed Income,335638.5,0.02702,335638.5,330000,Canada,--,USD,1.62,4.68,1,2028-04-28,5.0,1.65,,4.67,1.58,4.67,USD,2023-04-28,2023-04-28
DIAGEO CAPITAL PLC,Consumer Non-Cyclical,Fixed Income,335022.08,0.02697,335022.08,370000,United Kingdom,--,USD,3.54,4.92,1,2030-04-29,2.0,3.53,,4.92,3.53,4.92,USD,2020-04-29,2020-04-29
NATIONAL RURAL UTILITIES COOPERATI MTN,Electric,Fixed Income,335049.82,0.02697,335049.82,335000,United States,--,USD,2.33,4.82,1,2029-02-09,4.05,2.34,,4.82,2.34,4.82,USD,2026-02-09,2026-02-09
MITSUBISHI UFJ FINANCIAL GROUP INC,Banking,Fixed Income,334855.13,0.02696,334855.13,375000,Japan,--,USD,3.75,5.06,1,2030-07-17,2.05,3.74,,5.06,3.74,5.06,USD,2020-07-17,2020-07-17
METLIFE INC,Insurance,Fixed Income,334545.35,0.02693,334545.35,326000,United States,--,USD,6.91,5.41,1,2035-06-15,5.7,6.89,,5.41,6.89,5.41,USD,2005-06-23,2005-06-23
CANADIAN IMPERIAL BANK (FXD-FRN),Banking,Fixed Income,334117.08,0.0269,334117.08,335000,Canada,--,USD,3.64,5.03,1,2031-09-08,4.58,3.64,,5.03,3.64,5.03,USD,2025-09-08,2025-09-08
BANK OF NOVA SCOTIA (FXD-FRN) MTN,Banking,Fixed Income,334136.59,0.0269,334136.59,337000,Canada,--,USD,5.33,5.31,1,2034-02-02,4.81,5.38,,5.31,5.38,5.31,USD,2026-02-02,2026-02-02
JPMORGAN CHASE & CO,Banking,Fixed Income,334154.39,0.0269,334154.39,338000,United States,--,USD,9.95,5.73,1,2041-07-15,5.6,10.0,,5.73,10.0,5.73,USD,2011-07-21,2011-07-21
UNITEDHEALTH GROUP INC,Insurance,Fixed Income,334012.74,0.02689,334012.74,462000,United States,--,USD,13.19,6.08,1,2049-08-15,3.7,13.41,,6.08,13.41,6.08,USD,2019-07-25,2019-07-25
HOME DEPOT INC,Consumer Cyclical,Fixed Income,333847.2,0.02688,333847.2,360000,United States,--,USD,5.05,4.9,1,2032-04-15,3.25,5.07,,4.9,5.07,4.9,USD,2022-03-28,2022-03-28
GOLDMAN SACHS GROUP INC/THE,Banking,Fixed Income,333455.32,0.02685,333455.32,308000,United States,--,USD,5.28,5.11,1,2033-02-15,6.13,5.26,,5.11,5.26,5.11,USD,2003-02-13,2003-02-13
DTE ELECTRIC COMPANY,Electric,Fixed Income,333213.9,0.02683,333213.9,435000,United States,--,USD,12.96,5.98,1,2049-03-01,3.95,13.19,,5.98,13.19,5.98,USD,2019-02-15,2019-02-15
DUKE ENERGY CAROLINAS LLC,Electric,Fixed Income,333090.5,0.02682,333090.5,345000,United States,--,USD,13.5,6.06,1,2056-06-15,5.75,13.77,,6.06,13.77,6.06,USD,2026-06-05,2026-06-05
FLORIDA POWER & LIGHT CO,Electric,Fixed Income,332951.18,0.02681,332951.18,330000,United States,--,USD,6.3,5.25,1,2034-06-15,5.3,6.35,,5.25,6.19,5.25,USD,2024-06-03,2024-06-03
NIKE INC,Consumer Cyclical,Fixed Income,332760.95,0.02679,332760.95,424000,United States,--,USD,10.24,5.64,1,2040-03-27,3.25,10.29,,5.64,10.29,5.64,USD,2020-03-27,2020-03-27
CATERPILLAR FINANCIAL SERVICES COR MTN,Capital Goods,Fixed Income,332789.68,0.02679,332789.68,335000,United States,--,USD,2.17,4.6,1,2028-11-14,3.95,2.16,,4.6,2.16,4.6,USD,2025-11-14,2025-11-14
ORIX CORPORATION,Financial Other,Fixed Income,332642.09,0.02678,332642.09,335000,Japan,--,USD,3.67,5.09,1,2030-09-09,4.45,3.66,,5.09,3.66,5.09,USD,2025-09-09,2025-09-09
PUBLIC SERVICE ELECTRIC AND GAS CO MTN,Electric,Fixed Income,332485.69,0.02677,332485.69,335000,United States,--,USD,5.49,5.08,1,2033-03-15,4.65,5.54,,5.08,5.54,5.08,USD,2023-03-27,2023-03-27
THERMO FISHER SCIENTIFIC INC,Consumer Non-Cyclical,Fixed Income,332395.62,0.02676,332395.62,466000,United States,--,USD,11.34,5.72,1,2041-10-15,2.8,11.4,,5.72,11.4,5.72,USD,2021-08-23,2021-08-23
PUBLIC SERVICE COMPANY OF COLORADO,Electric,Fixed Income,332426.39,0.02676,332426.39,345000,United States,--,USD,13.05,6.1,1,2054-05-15,5.75,13.31,,6.1,13.31,6.1,USD,2024-04-04,2024-04-04
THERMO FISHER SCIENTIFIC INC,Consumer Non-Cyclical,Fixed Income,331917.46,0.02672,331917.46,340000,United States,--,USD,7.18,5.32,1,2035-10-07,4.79,7.21,,5.32,7.21,5.32,USD,2025-10-07,2025-10-07
MIZUHO FINANCIAL GROUP INC,Banking,Fixed Income,331659.6,0.0267,331659.6,330000,Japan,--,USD,1.53,4.69,1,2028-03-05,4.02,1.52,,4.69,1.52,4.69,USD,2018-03-05,2018-03-05
ACCENTURE CAPITAL INC,Technology,Fixed Income,331481.54,0.02669,331481.54,335000,United States,--,USD,2.91,4.82,1,2029-10-04,4.05,2.92,,4.82,2.92,4.82,USD,2024-10-04,2024-10-04
THERMO FISHER SCIENTIFIC INC,Consumer Non-Cyclical,Fixed Income,331517.21,0.02669,331517.21,325000,United States,--,USD,5.67,5.14,1,2033-08-10,5.09,5.73,,5.14,5.73,5.14,USD,2023-08-10,2023-08-10
GENERAL ELECTRIC CO,Capital Goods,Fixed Income,330744.82,0.02663,330744.82,330000,United States,--,USD,3.55,4.81,1,2030-07-29,4.3,3.57,,4.81,3.57,4.81,USD,2025-07-29,2025-07-29
ABBVIE INC,Consumer Non-Cyclical,Fixed Income,330426.61,0.0266,330426.61,355000,United States,--,USD,7.68,5.32,1,2036-05-14,4.3,7.74,,5.32,7.74,5.32,USD,2016-05-12,2016-05-12
GEORGIA POWER COMPANY,Electric,Fixed Income,329571.11,0.02653,329571.11,330000,United States,--,USD,5.54,5.13,1,2033-05-17,4.95,5.67,,5.13,5.67,5.13,USD,2023-05-04,2023-05-04
BERKSHIRE HATHAWAY FINANCE CORP,Insurance,Fixed Income,329430.1,0.02652,329430.1,360000,United States,--,USD,3.42,4.62,1,2030-03-12,1.85,3.42,,4.62,3.42,4.62,USD,2020-03-12,2020-03-12
QUALCOMM INCORPORATED,Technology,Fixed Income,329042.03,0.02649,329042.03,415000,United States,--,USD,12.26,6.14,1,2047-05-20,4.3,12.47,,6.14,12.47,6.14,USD,2017-05-26,2017-05-26
US BANCORP MTN,Banking,Fixed Income,328859.63,0.02648,328859.63,330000,United States,--,USD,2.79,4.84,1,2030-07-27,4.86,2.77,,4.84,2.77,4.84,USD,2026-07-27,2026-07-27
PROLOGIS LP,Reits,Fixed Income,328860.51,0.02648,328860.51,380000,United States,--,USD,4.02,4.9,1,2030-10-15,1.25,4.01,,4.9,4.01,4.9,USD,2020-08-20,2020-08-20
NUCOR CORPORATION,Basic Industry,Fixed Income,328945.62,0.02648,328945.62,330000,United States,--,USD,1.62,4.67,1,2028-05-01,3.95,1.68,,4.67,1.68,4.67,USD,2018-04-26,2018-04-26
BANK OF NEW YORK MELLON CORP/THE MTN,Banking,Fixed Income,328811.83,0.02647,328811.83,330000,United States,--,USD,5.53,5.25,1,2034-04-26,4.97,5.6,,5.24,5.6,5.24,USD,2023-04-26,2023-04-26
ILLINOIS TOOL WORKS INC,Capital Goods,Fixed Income,328650.14,0.02646,328650.14,400000,United States,--,USD,10.93,5.76,1,2042-09-01,3.9,11.04,,5.76,11.04,5.76,USD,2012-08-28,2012-08-28
LOCKHEED MARTIN CORPORATION,Capital Goods,Fixed Income,328358.33,0.02644,328358.33,355000,United States,--,USD,13.45,5.91,1,2055-02-15,5.2,13.72,,5.91,13.72,5.91,USD,2023-05-25,2023-05-25
EMERSON ELECTRIC CO,Capital Goods,Fixed Income,328465.54,0.02644,328465.54,375000,United States,--,USD,4.97,4.88,1,2031-12-21,2.2,4.97,,4.88,4.97,4.88,USD,2021-12-21,2021-12-21
APPLE INC,Technology,Fixed Income,328213.05,0.02642,328213.05,555000,United States,--,USD,14.79,5.91,1,2050-05-11,2.65,15.01,,5.91,15.01,5.91,USD,2020-05-11,2020-05-11
SHELL FINANCE US INC,Energy,Fixed Income,327805.57,0.02639,327805.57,340000,United States,--,USD,7.44,5.27,1,2036-01-06,4.75,7.47,,5.27,7.47,5.27,USD,2025-11-06,2025-11-06
HOME DEPOT INC,Consumer Cyclical,Fixed Income,327813.12,0.02639,327813.12,347000,United States,--,USD,2.06,4.5,1,2028-09-15,1.5,2.06,,4.5,2.06,4.5,USD,2021-09-21,2021-09-21
ABBVIE INC,Consumer Non-Cyclical,Fixed Income,327635.06,0.02638,327635.06,369000,United States,--,USD,11.19,5.92,1,2044-06-15,4.85,11.34,,5.92,11.34,5.92,USD,2020-06-15,2020-11-17
JOHNSON & JOHNSON,Consumer Non-Cyclical,Fixed Income,327246.59,0.02635,327246.59,320000,United States,--,USD,3.19,4.57,1,2030-03-01,4.7,3.23,,4.57,3.23,4.57,USD,2025-02-20,2025-02-20
DUKE ENERGY FLORIDA LLC,Electric,Fixed Income,327320.84,0.02635,327320.84,305000,United States,--,USD,8.34,5.63,1,2038-06-15,6.4,8.34,,5.63,8.34,5.63,USD,2008-06-18,2008-06-18
ROYAL BANK OF CANADA (FXD-FRN) MTN,Banking,Fixed Income,327335.82,0.02635,327335.82,325000,Canada,--,USD,3.54,5.03,1,2031-08-06,4.7,3.55,,5.03,3.55,5.03,USD,2025-08-06,2025-08-06
PHILIP MORRIS INTERNATIONAL INC,Consumer Non-Cyclical,Fixed Income,327345.62,0.02635,327345.62,325000,United States,--,USD,1.22,4.59,1,2027-11-01,4.38,1.21,,4.59,1.21,4.59,USD,2024-11-01,2024-11-01
US BANCORP MTN,Banking,Fixed Income,327190.84,0.02634,327190.84,330000,United States,--,USD,7.46,5.53,1,2037-07-27,5.47,7.62,,5.53,7.47,5.53,USD,2026-07-27,2026-07-27
ENTERPRISE PRODUCTS OPERATING LLC,Energy,Fixed Income,327033.47,0.02633,327033.47,300000,United States,--,USD,9.11,5.77,1,2040-09-01,6.45,9.14,,5.77,9.14,5.77,USD,2010-05-20,2010-05-20
MIZUHO FINANCIAL GROUP INC,Banking,Fixed Income,326526.44,0.02629,326526.44,318000,Japan,--,USD,1.05,5.4,1,2028-09-13,5.41,1.07,,4.75,1.07,4.75,USD,2022-09-13,2022-09-13
AIR PRODUCTS AND CHEMICALS INC,Basic Industry,Fixed Income,325944.42,0.02624,325944.42,320000,United States,--,USD,3.92,4.83,1,2031-02-08,4.75,3.95,,4.83,3.95,4.83,USD,2024-02-08,2024-02-08
LOCKHEED MARTIN CORPORATION,Capital Goods,Fixed Income,325959.81,0.02624,325959.81,425000,United States,--,USD,14.07,5.93,1,2053-06-15,4.15,14.33,,5.93,14.33,5.93,USD,2022-05-05,2022-05-05
ANHEUSER-BUSCH INBEV WORLDWIDE INC,Consumer Non-Cyclical,Fixed Income,325790.88,0.02623,325790.88,325000,Belgium,--,USD,3.92,4.84,1,2031-01-23,4.9,4.0,,4.84,3.8,4.84,USD,2019-01-23,2019-01-23
GEORGIA-PACIFIC LLC,Basic Industry,Fixed Income,325844.63,0.02623,325844.63,296000,United States,--,USD,2.9,4.9,1,2029-11-15,7.75,2.89,,4.9,2.89,4.9,USD,1999-11-10,1999-11-10
COMCAST CORPORATION,Communications,Fixed Income,325539.44,0.02621,325539.44,335000,United States,--,USD,5.63,5.46,1,2033-05-15,4.8,5.66,,5.46,5.66,5.46,USD,2023-05-09,2023-05-09
CANADIAN NATIONAL RAILWAY COMPANY,Transportation,Fixed Income,325291.56,0.02619,325291.56,340000,Canada,--,USD,5.16,5.04,1,2032-08-05,3.85,5.19,,5.04,5.19,5.04,USD,2022-08-05,2022-08-05
INTERCONTINENTAL EXCHANGE INC,Brokerage/Asset Managers/Exchanges,Fixed Income,325330.43,0.02619,325330.43,320000,United States,--,USD,4.21,4.99,1,2031-06-15,5.25,4.25,,4.98,4.12,4.98,USD,2024-05-13,2024-05-13
QUALCOMM INCORPORATED,Technology,Fixed Income,325156.23,0.02618,325156.23,336000,United States,--,USD,6.96,5.23,1,2035-05-20,4.65,7.06,,5.23,7.06,5.23,USD,2015-05-20,2015-05-20
UNITEDHEALTH GROUP INC,Insurance,Fixed Income,325092.8,0.02617,325092.8,325000,United States,--,USD,3.15,4.82,1,2030-01-15,4.8,3.16,,4.82,3.16,4.82,USD,2024-07-25,2024-07-25
BANK OF NOVA SCOTIA (FXD-FRN) MTN,Banking,Fixed Income,324984.56,0.02616,324984.56,325000,Canada,--,USD,1.77,4.73,1,2029-06-05,4.58,1.76,,4.73,1.76,4.73,USD,2026-06-05,2026-06-05
SALESFORCE INC,Technology,Fixed Income,324725.12,0.02614,324725.12,330000,United States,--,USD,12.89,7.0,1,2066-03-15,6.7,13.1,,7.0,13.1,7.0,USD,2026-03-13,2026-03-13
JOHNSON & JOHNSON,Consumer Non-Cyclical,Fixed Income,324577.29,0.02613,324577.29,306000,United States,--,USD,8.63,5.18,1,2038-07-15,5.85,8.65,,5.18,8.65,5.18,USD,2008-06-23,2008-06-23
INTERNATIONAL BUSINESS MACHINES CO,Technology,Fixed Income,324389.58,0.02612,324389.58,319000,United States,--,USD,0.94,4.5,1,2027-07-27,4.15,0.96,,4.5,0.96,4.5,USD,2022-07-27,2022-07-27
CHARLES SCHWAB CORPORATION (THE),Brokerage/Asset Managers/Exchanges,Fixed Income,324232.16,0.0261,324232.16,336000,United States,--,USD,1.59,4.65,1,2028-03-20,2.0,1.59,,4.65,1.59,4.65,USD,2021-03-18,2021-03-18
PFIZER INC,Consumer Non-Cyclical,Fixed Income,323948.82,0.02608,323948.82,360000,United States,--,USD,8.24,5.32,1,2036-12-15,4.0,8.22,,5.32,8.22,5.32,USD,2016-11-21,2016-11-21
BROADCOM INC,Technology,Fixed Income,323668.61,0.02606,323668.61,320000,United States,--,USD,2.41,4.81,1,2029-04-15,4.75,2.5,,4.81,2.5,4.81,USD,2020-04-15,2020-08-07
JOHN DEERE CAPITAL CORP MTN,Capital Goods,Fixed Income,323586.31,0.02605,323586.31,325000,United States,--,USD,4.46,4.86,1,2031-09-08,4.4,4.45,,4.86,4.45,4.86,USD,2024-09-06,2024-09-06
AMPHENOL CORPORATION,Capital Goods,Fixed Income,323490.77,0.02604,323490.77,330000,United States,--,USD,6.77,5.31,1,2035-01-15,5.0,6.81,,5.31,6.81,5.31,USD,2024-10-31,2024-10-31
APPLE INC,Technology,Fixed Income,323356.68,0.02603,323356.68,575000,United States,--,USD,15.08,5.91,1,2050-08-20,2.4,15.29,,5.91,15.29,5.91,USD,2020-08-20,2020-08-20
HONDA MOTOR CO LTD,Consumer Cyclical,Fixed Income,323139.36,0.02602,323139.36,325000,Japan,--,USD,1.84,4.84,1,2028-07-08,4.44,1.85,,4.84,1.85,4.84,USD,2025-07-02,2025-07-02
TARGET CORPORATION,Consumer Cyclical,Fixed Income,323166.79,0.02602,323166.79,325000,United States,--,USD,6.84,5.28,1,2035-04-15,5.0,6.88,,5.28,6.88,5.28,USD,2025-03-25,2025-03-25
APOLLO GLOBAL MANAGEMENT INC,Brokerage/Asset Managers/Exchanges,Fixed Income,322968.12,0.026,322968.12,330000,United States,--,USD,6.92,5.79,1,2035-08-12,5.15,6.93,,5.79,6.93,5.79,USD,2025-08-12,2025-08-12
AMAZON.COM INC,Consumer Cyclical,Fixed Income,322872.08,0.02599,322872.08,329000,United States,--,USD,6.64,5.17,1,2034-12-05,4.8,6.75,,5.17,6.75,5.17,USD,2014-12-05,2014-12-05
ROYAL BANK OF CANADA (FX-FRN) MTN,Banking,Fixed Income,322709.24,0.02598,322709.24,320000,Canada,--,USD,3.35,5.0,1,2031-05-02,4.97,3.36,,5.0,3.37,5.0,USD,2025-03-27,2025-03-27
VIRGINIA ELECTRIC AND POWER COMPAN,Electric,Fixed Income,322576.58,0.02597,322576.58,340000,United States,--,USD,13.2,6.13,1,2055-09-15,5.6,13.46,,6.13,13.46,6.13,USD,2025-09-10,2025-09-10
BANK OF NOVA SCOTIA (FXD-FRN) MTN,Banking,Fixed Income,322504.15,0.02596,322504.15,325000,Canada,--,USD,4.23,5.15,1,2032-06-05,4.9,4.24,,5.15,4.25,5.15,USD,2026-06-05,2026-06-05
JPMORGAN CHASE & CO,Banking,Fixed Income,322109.79,0.02593,322109.79,325000,United States,--,USD,7.53,5.87,1,2041-07-23,5.8,7.51,,5.92,7.49,5.92,USD,2026-07-23,2026-07-23
UNITED AIRLINES INC,Transportation,Fixed Income,321969.18,0.02592,321969.18,314815,United States,--,USD,5.38,5.47,1,2038-08-15,5.45,5.37,,5.47,5.37,5.47,USD,2024-08-05,2024-08-05
HSBC USA INC,Banking,Fixed Income,321778.32,0.02591,321778.32,320000,United States,--,USD,1.76,4.7,1,2028-06-03,4.65,1.75,,4.7,1.75,4.7,USD,2025-06-03,2025-06-03
METLIFE INC,Insurance,Fixed Income,321532.11,0.02589,321532.11,400000,United States,--,USD,11.75,5.95,1,2045-03-01,4.05,11.86,,5.95,11.86,5.95,USD,2015-03-05,2015-03-05
JOHN DEERE CAPITAL CORP MTN,Capital Goods,Fixed Income,321412.71,0.02588,321412.71,320000,United States,--,USD,1.43,4.47,1,2028-01-20,4.75,1.43,,4.47,1.43,4.47,USD,2023-01-09,2023-01-09
MEDTRONIC GLOBAL HOLDINGS SCA,Consumer Non-Cyclical,Fixed Income,321479.86,0.02588,321479.86,319000,United States,--,USD,1.56,4.59,1,2028-03-30,4.25,1.59,,4.59,1.59,4.59,USD,2023-03-30,2023-03-30
TSMC ARIZONA CORP,Technology,Fixed Income,321482.63,0.02588,321482.63,440000,Taiwan,--,USD,14.97,5.24,1,2051-10-25,3.25,15.27,,5.24,15.27,5.24,USD,2021-10-25,2021-10-25
JPMORGAN CHASE & CO,Banking,Fixed Income,321511.61,0.02588,321511.61,320000,United States,--,USD,9.57,5.6,1,2040-10-15,5.5,9.61,,5.6,9.61,5.6,USD,2010-10-21,2010-10-21
ENTERPRISE PRODUCTS OPERATING LLC,Energy,Fixed Income,321181.61,0.02586,321181.61,365000,United States,--,USD,11.67,6.03,1,2046-05-15,4.9,11.87,,6.03,11.87,6.03,USD,2015-05-07,2015-05-07
MITSUBISHI UFJ FINANCIAL GROUP INC,Banking,Fixed Income,321145.21,0.02585,321145.21,321000,Japan,--,USD,2.0,4.77,1,2028-09-11,4.05,1.99,,4.77,1.99,4.77,USD,2018-09-11,2018-09-11
WALMART INC,Consumer Cyclical,Fixed Income,320435.92,0.0258,320435.92,325000,United States,--,USD,5.67,4.87,1,2033-04-30,4.45,5.71,,4.87,5.71,4.87,USD,2026-04-30,2026-04-30
BHP BILLITON FINANCE (USA) LTD,Basic Industry,Fixed Income,320325.16,0.02579,320325.16,330000,Australia,--,USD,13.11,5.87,1,2053-09-08,5.5,13.38,,5.87,13.38,5.87,USD,2023-09-08,2023-09-08
MITSUBISHI UFJ FINANCIAL GROUP INC,Banking,Fixed Income,320400.95,0.02579,320400.95,320000,Japan,--,USD,2.5,4.99,1,2030-04-18,4.59,2.51,,4.99,2.51,4.99,USD,2026-04-21,2026-04-21
COMCAST CORPORATION,Communications,Fixed Income,320169.43,0.02578,320169.43,435000,United States,--,USD,9.96,6.3,1,2039-11-01,3.25,9.96,,6.3,9.96,6.3,USD,2019-11-05,2019-11-05
LOCKHEED MARTIN CORPORATION,Capital Goods,Fixed Income,319851.78,0.02575,319851.78,335000,United States,--,USD,5.12,4.87,1,2032-06-15,3.9,5.16,,4.87,5.16,4.87,USD,2022-05-05,2022-05-05
TEXAS INSTRUMENTS INC,Technology,Fixed Income,319604.73,0.02573,319604.73,315000,United States,--,USD,5.45,4.95,1,2033-03-14,4.9,5.51,,4.95,5.51,4.95,USD,2023-03-14,2023-03-14
SIMON PROPERTY GROUP LP,Reits,Fixed Income,319355.09,0.02571,319355.09,340000,United States,--,USD,2.94,4.87,1,2029-09-13,2.45,2.94,,4.87,2.94,4.87,USD,2019-09-13,2019-09-13
ALIBABA GROUP HOLDING LTD,Consumer Cyclical,Fixed Income,319057.75,0.02569,319057.75,315000,China,--,USD,3.42,4.72,1,2030-05-26,4.88,3.44,,4.72,3.37,4.72,USD,2025-05-26,2025-10-02
KLA CORP,Technology,Fixed Income,318804.27,0.02567,318804.27,360000,United States,--,USD,14.67,6.04,1,2062-07-15,5.25,14.94,,6.04,14.94,6.04,USD,2022-06-23,2022-06-23
UNITED PARCEL SERVICE INC,Transportation,Fixed Income,318891.44,0.02567,318891.44,315000,United States,--,USD,6.27,5.09,1,2034-05-22,5.15,6.33,,5.09,6.16,5.09,USD,2024-05-22,2024-05-22
QUALCOMM INCORPORATED,Technology,Fixed Income,318907.92,0.02567,318907.92,380000,United States,--,USD,5.4,4.91,1,2032-05-20,1.65,5.4,,4.91,5.4,4.91,USD,2020-11-20,2021-01-04
INTERNATIONAL BUSINESS MACHINES CO,Technology,Fixed Income,318670.24,0.02566,318670.24,410000,United States,--,USD,10.85,6.27,1,2042-06-20,4.0,10.88,,6.27,10.88,6.27,USD,2012-06-20,2012-06-20
BANK OF NOVA SCOTIA MTN,Banking,Fixed Income,318699.28,0.02566,318699.28,305000,Canada,--,USD,2.7,4.77,1,2029-08-01,5.45,2.69,,4.77,2.69,4.77,USD,2024-06-04,2024-06-04
ABBVIE INC,Consumer Non-Cyclical,Fixed Income,318529.68,0.02564,318529.68,360000,United States,--,USD,11.33,5.93,1,2045-03-15,4.75,11.5,,5.93,11.5,5.93,USD,2020-09-15,2020-11-17
WALMART INC,Consumer Cyclical,Fixed Income,318531.52,0.02564,318531.52,530000,United States,--,USD,15.23,5.73,1,2051-09-22,2.65,15.47,,5.73,15.47,5.73,USD,2021-09-22,2021-09-22
NOVARTIS CAPITAL CORP,Consumer Non-Cyclical,Fixed Income,318398.85,0.02563,318398.85,325000,Switzerland,--,USD,4.5,4.76,1,2031-09-18,4.0,4.52,,4.76,4.52,4.76,USD,2024-09-18,2024-09-18
HOME DEPOT INC,Consumer Cyclical,Fixed Income,318403.32,0.02563,318403.32,360000,United States,--,USD,13.15,5.96,1,2052-09-15,4.95,13.41,,5.96,13.41,5.96,USD,2022-09-19,2022-09-19
TRUIST FINANCIAL CORP MTN,Banking,Fixed Income,318268.77,0.02562,318268.77,330000,United States,--,USD,7.02,5.59,1,2036-10-23,4.96,7.18,,5.59,7.18,5.59,USD,2025-10-23,2025-10-23
HOME DEPOT INC,Consumer Cyclical,Fixed Income,317884.26,0.02559,317884.26,468000,United States,--,USD,13.88,5.97,1,2050-04-15,3.35,14.11,,5.97,14.11,5.97,USD,2020-03-30,2020-03-30
UNILEVER CAPITAL CORP,Consumer Non-Cyclical,Fixed Income,317639.83,0.02557,317639.83,310000,United Kingdom,--,USD,1.93,4.55,1,2028-09-08,4.88,1.96,,4.54,1.89,4.54,USD,2023-09-08,2023-09-08
VIRGINIA ELECTRIC AND POWER COMPAN,Electric,Fixed Income,317429.5,0.02556,317429.5,246000,United States,--,USD,7.95,5.74,1,2038-11-15,8.88,7.95,,5.74,7.95,5.74,USD,2008-11-06,2008-11-06
COCA-COLA CO,Consumer Non-Cyclical,Fixed Income,317537.7,0.02556,317537.7,535000,United States,--,USD,15.04,5.79,1,2050-06-01,2.6,15.22,,5.79,15.22,5.79,USD,2020-05-01,2020-05-01
AMERIPRISE FINANCIAL INC,Brokerage/Asset Managers/Exchanges,Fixed Income,317382.45,0.02555,317382.45,315000,United States,--,USD,5.57,5.19,1,2033-05-15,5.15,5.63,,5.19,5.63,5.19,USD,2023-03-09,2023-03-09
MASTERCARD INC,Technology,Fixed Income,317174.16,0.02553,317174.16,419000,United States,--,USD,13.45,5.86,1,2050-03-26,3.85,13.7,,5.86,13.7,5.86,USD,2020-03-26,2020-03-26
MITSUBISHI UFJ FINANCIAL GROUP INC,Banking,Fixed Income,316896.85,0.02551,316896.85,309000,Japan,--,USD,5.0,5.47,1,2033-09-13,5.47,5.06,,5.36,5.06,5.36,USD,2022-09-13,2022-09-13
REPUBLIC SERVICES INC,Capital Goods,Fixed Income,316606.36,0.02549,316606.36,312000,United States,--,USD,6.73,5.2,1,2035-03-15,5.15,6.78,,5.2,6.78,5.2,USD,2025-03-24,2025-03-24
PEPSICO INC,Consumer Non-Cyclical,Fixed Income,316612.95,0.02549,316612.95,320000,United States,--,USD,3.58,4.59,1,2030-07-23,4.3,3.63,,4.59,3.63,4.59,USD,2025-07-23,2025-07-23
JOHN DEERE CAPITAL CORP MTN,Capital Goods,Fixed Income,316320.73,0.02547,316320.73,310000,United States,--,USD,4.03,4.85,1,2031-03-07,4.9,4.02,,4.85,4.02,4.85,USD,2024-03-07,2024-03-07
INTERNATIONAL BUSINESS MACHINES CO,Technology,Fixed Income,316257.57,0.02546,316257.57,310000,United States,--,USD,1.42,4.71,1,2028-02-10,4.65,1.45,,4.71,1.45,4.71,USD,2025-02-10,2025-02-10
BURLINGTON NORTHERN SANTA FE LLC,Transportation,Fixed Income,315960.01,0.02544,315960.01,395000,United States,--,USD,13.78,5.97,1,2053-01-15,4.45,14.04,,5.97,14.04,5.97,USD,2022-06-07,2022-06-07
WALMART INC,Consumer Cyclical,Fixed Income,315775.8,0.02542,315775.8,320000,United States,--,USD,5.2,4.69,1,2032-09-09,4.15,5.25,,4.69,5.25,4.69,USD,2022-09-09,2022-09-09
UNITEDHEALTH GROUP INC,Insurance,Fixed Income,315443.71,0.0254,315443.71,386000,United States,--,USD,9.73,5.67,1,2039-08-15,3.5,9.77,,5.67,9.77,5.67,USD,2019-07-25,2019-07-25
INTERNATIONAL BUSINESS MACHINES CO,Technology,Fixed Income,315431.17,0.02539,315431.17,310000,United States,--,USD,1.43,4.73,1,2028-02-06,4.5,1.44,,4.73,1.44,4.73,USD,2023-02-06,2023-02-06
ENTERPRISE PRODUCTS OPERATING LLC,Energy,Fixed Income,315201.03,0.02538,315201.03,325000,United States,--,USD,2.77,4.75,1,2029-07-31,3.13,2.79,,4.75,2.79,4.75,USD,2019-07-08,2019-07-08
JOHN DEERE CAPITAL CORP MTN,Capital Goods,Fixed Income,315169.03,0.02537,315169.03,315000,United States,--,USD,1.77,4.54,1,2028-06-05,4.25,1.76,,4.54,1.76,4.54,USD,2025-06-05,2025-06-05
INTERNATIONAL BUSINESS MACHINES CO,Technology,Fixed Income,314998.74,0.02536,314998.74,310000,United States,--,USD,3.15,4.97,1,2030-02-10,4.8,3.15,,4.97,3.15,4.97,USD,2025-02-10,2025-02-10
ROYAL BANK OF CANADA MTN,Banking,Fixed Income,315047.15,0.02536,315047.15,314000,Canada,--,USD,5.63,5.14,1,2033-05-02,5.0,5.62,,5.14,5.62,5.14,USD,2023-04-27,2023-04-27
PNC FINANCIAL SERVICES GROUP INC (,Banking,Fixed Income,314738.56,0.02534,314738.56,305000,United States,--,USD,3.09,4.96,1,2031-01-29,5.22,3.1,,4.96,3.1,4.96,USD,2025-01-29,2025-01-29
COCA-COLA CO,Consumer Non-Cyclical,Fixed Income,314670.52,0.02533,314670.52,487000,United States,--,USD,14.59,5.81,1,2051-03-05,3.0,14.78,,5.81,14.78,5.81,USD,2021-03-05,2021-03-05
ALIBABA GROUP HOLDING LTD,Consumer Cyclical,Fixed Income,314684.83,0.02533,314684.83,310000,China,--,USD,6.91,5.15,1,2035-05-26,5.25,6.96,,5.15,6.8,5.15,USD,2025-05-26,2025-10-02
KIMBERLY-CLARK CORPORATION,Consumer Non-Cyclical,Fixed Income,314560.0,0.02532,314560.0,330000,United States,--,USD,3.35,4.81,1,2030-03-26,3.1,3.38,,4.81,3.38,4.81,USD,2020-03-26,2020-03-26
UNITEDHEALTH GROUP INC,Insurance,Fixed Income,314318.05,0.02531,314318.05,450000,United States,--,USD,14.79,6.14,1,2059-08-15,3.88,15.03,,6.14,15.03,6.14,USD,2019-07-25,2019-07-25
BANK OF NEW YORK MELLON CORP/THE MTN,Banking,Fixed Income,314366.46,0.02531,314366.46,300000,United States,--,USD,2.03,4.91,1,2029-10-25,6.32,2.06,,4.78,2.06,4.78,USD,2023-10-25,2023-10-25
DUKE ENERGY CAROLINAS LLC,Electric,Fixed Income,314397.02,0.02531,314397.02,345000,United States,--,USD,13.18,6.03,1,2053-01-15,5.35,13.45,,6.03,13.45,6.03,USD,2023-01-06,2023-01-06
CITIGROUP INC,Banking,Fixed Income,314204.18,0.0253,314204.18,305000,United States,--,USD,9.77,5.86,1,2042-01-30,5.88,9.82,,5.86,9.82,5.86,USD,2012-01-26,2012-01-26
PROLOGIS LP,Reits,Fixed Income,314302.28,0.0253,314302.28,343000,United States,--,USD,3.48,4.91,1,2030-04-15,2.25,3.48,,4.91,3.48,4.91,USD,2020-02-18,2020-02-18
ALIBABA GROUP HOLDING LTD,Consumer Cyclical,Fixed Income,313989.57,0.02528,313989.57,390000,China,--,USD,12.67,5.86,1,2047-12-06,4.2,12.91,,5.86,12.91,5.86,USD,2017-12-06,2017-12-06
MITSUBISHI UFJ FINANCIAL GROUP INC,Banking,Fixed Income,313700.39,0.02526,313700.39,315000,Japan,--,USD,4.08,5.24,1,2032-04-21,4.87,4.13,,5.24,4.13,5.24,USD,2026-04-21,2026-04-21
S&P GLOBAL INC,Technology,Fixed Income,313586.56,0.02525,313586.56,315000,United States,--,USD,2.49,4.8,1,2029-05-01,4.25,2.56,,4.8,2.56,4.8,USD,2022-11-01,2023-02-28
MASSACHUSETTS INSTITUTE OF TECHNOL,Industrial Other,Fixed Income,313619.01,0.02525,313619.01,395000,United States,--,USD,16.66,5.92,1,2114-07-01,4.68,16.83,,5.92,16.83,5.92,USD,2014-04-08,2014-04-08
PUBLIC SERVICE COMPANY OF COLORADO,Electric,Fixed Income,313559.29,0.02524,313559.29,475000,United States,--,USD,13.88,6.01,1,2050-03-01,3.2,14.1,,6.01,14.1,6.01,USD,2019-08-13,2019-08-13
MORGAN STANLEY MTN,Banking,Fixed Income,313358.84,0.02523,313358.84,315000,United States,--,USD,7.37,5.65,1,2037-07-17,5.61,7.55,,5.65,7.55,5.65,USD,2026-07-17,2026-07-17
BROOKFIELD FINANCE INC,Brokerage/Asset Managers/Exchanges,Fixed Income,313014.76,0.0252,313014.76,311000,Canada,--,USD,1.39,4.79,1,2028-01-25,3.9,1.41,,4.79,1.41,4.79,USD,2018-01-17,2018-01-17
CATERPILLAR FINANCIAL SERVICES COR MTN,Capital Goods,Fixed Income,313046.27,0.0252,313046.27,310000,United States,--,USD,1.25,4.5,1,2027-11-15,4.6,1.25,,4.5,1.25,4.5,USD,2024-11-15,2024-11-15
TRAVELERS COMPANIES INC,Insurance,Fixed Income,312806.79,0.02518,312806.79,319000,United States,--,USD,9.65,5.68,1,2040-11-01,5.35,9.68,,5.68,9.68,5.68,USD,2010-11-01,2010-11-01
WASTE MANAGEMENT INC,Capital Goods,Fixed Income,312819.84,0.02518,312819.84,305000,United States,--,USD,2.31,4.7,1,2029-02-15,4.88,2.33,,4.69,2.26,4.69,USD,2023-08-03,2023-08-03
CHEVRON USA INC,Energy,Fixed Income,312566.26,0.02516,312566.26,309000,United States,--,USD,3.32,4.72,1,2030-04-15,4.69,3.34,,4.72,3.34,4.72,USD,2025-02-26,2025-02-26
WELLS FARGO BANK NA,Banking,Fixed Income,312219.76,0.02514,312219.76,300000,United States,--,USD,7.62,5.69,1,2037-02-01,5.85,7.59,,5.69,7.59,5.69,USD,2007-01-29,2007-01-29
BRISTOL-MYERS SQUIBB CO,Consumer Non-Cyclical,Fixed Income,312221.1,0.02514,312221.1,325000,United States,--,USD,1.28,4.43,1,2027-11-13,1.13,1.27,,4.43,1.27,4.43,USD,2020-11-13,2020-11-13
CARLYLE GROUP INC/THE,Brokerage/Asset Managers/Exchanges,Fixed Income,312145.19,0.02513,312145.19,325000,United States,--,USD,7.04,5.86,1,2035-09-19,5.05,7.04,,5.86,7.04,5.86,USD,2025-09-19,2025-09-19
AMAZON.COM INC,Consumer Cyclical,Fixed Income,312054.29,0.02512,312054.29,445000,United States,--,USD,14.8,6.29,1,2062-04-13,4.1,15.04,,6.29,15.04,6.29,USD,2022-04-13,2022-04-13
EATON CORPORATION,Capital Goods,Fixed Income,311878.86,0.02511,311878.86,325000,United States,--,USD,13.57,5.89,1,2056-03-06,5.45,13.85,,5.89,13.85,5.89,USD,2026-03-06,2026-03-06
BLACKSTONE REG FINANCE CO LLC,Brokerage/Asset Managers/Exchanges,Fixed Income,311489.18,0.02508,311489.18,320000,United States,--,USD,6.65,5.5,1,2034-12-06,5.0,6.68,,5.5,6.68,5.5,USD,2024-12-06,2024-12-06
AUSTRALIA AND NEW ZEALAND BANKING MTN,Banking,Fixed Income,311531.36,0.02508,311531.36,310000,Australia,--,USD,0.95,4.48,1,2027-07-16,4.9,0.95,,4.48,0.95,4.48,USD,2024-07-16,2024-07-16
APPLE INC,Technology,Fixed Income,311344.61,0.02507,311344.61,488000,United States,--,USD,14.1,5.93,1,2049-09-11,2.95,14.32,,5.93,14.32,5.93,USD,2019-09-11,2019-09-11
MERCK & CO INC,Consumer Non-Cyclical,Fixed Income,311362.4,0.02507,311362.4,355000,United States,--,USD,14.66,6.05,1,2063-05-17,5.15,14.93,,6.05,14.93,6.05,USD,2023-05-17,2023-05-17
PRUDENTIAL FUNDING ASIA PLC,Insurance,Fixed Income,311072.04,0.02504,311072.04,328000,Hong Kong,--,USD,3.44,4.91,1,2030-04-14,3.13,3.42,,4.91,3.42,4.91,USD,2020-04-14,2020-04-14
VISA INC,Technology,Fixed Income,310227.8,0.02498,310227.8,360000,United States,--,USD,4.34,4.61,1,2031-02-15,1.1,4.33,,4.61,4.33,4.61,USD,2020-08-17,2020-08-17
MIZUHO FINANCIAL GROUP INC,Banking,Fixed Income,310254.5,0.02498,310254.5,310000,Japan,--,USD,6.7,5.53,1,2036-05-13,5.42,6.84,,5.53,6.84,5.53,USD,2025-02-13,2025-02-13
MITSUBISHI UFJ FINANCIAL GROUP INC,Banking,Fixed Income,310311.31,0.02498,310311.31,352000,Japan,--,USD,4.69,5.25,1,2032-10-13,2.49,4.74,,5.25,4.74,5.25,USD,2021-10-13,2021-10-13
CHUBB INA HOLDINGS LLC,Insurance,Fixed Income,310126.57,0.02497,310126.57,355000,United States,--,USD,3.93,4.91,1,2030-09-15,1.38,3.92,,4.91,3.92,4.91,USD,2020-09-17,2020-09-17
EOG RESOURCES INC,Energy,Fixed Income,310027.94,0.02496,310027.94,325000,United States,--,USD,13.28,6.05,1,2054-12-01,5.65,13.54,,6.05,13.54,6.05,USD,2024-11-21,2024-11-21
CONOCOPHILLIPS CO,Energy,Fixed Income,309900.97,0.02495,309900.97,305000,United States,--,USD,5.78,5.08,1,2033-09-15,5.05,5.83,,5.08,5.83,5.08,USD,2023-08-17,2023-08-17
PEPSICO INC,Consumer Non-Cyclical,Fixed Income,309926.8,0.02495,309926.8,310000,United States,--,USD,9.39,5.52,1,2040-01-15,5.5,9.42,,5.52,9.42,5.52,USD,2010-01-14,2010-01-14
BANK OF NEW YORK MELLON CORP/THE MTN,Banking,Fixed Income,309944.27,0.02495,309944.27,310000,United States,--,USD,4.34,5.04,1,2032-07-22,5.06,4.36,,5.04,4.37,5.04,USD,2024-07-22,2024-07-22
CATERPILLAR INC,Capital Goods,Fixed Income,309815.25,0.02494,309815.25,331000,United States,--,USD,3.43,4.72,1,2030-04-09,2.6,3.45,,4.72,3.45,4.72,USD,2020-04-09,2020-04-09
AVALONBAY COMMUNITIES INC MTN,Reits,Fixed Income,309647.38,0.02493,309647.38,335000,United States,--,USD,3.36,4.89,1,2030-03-01,2.3,3.36,,4.89,3.36,4.89,USD,2020-02-25,2020-02-25
ARCHER DANIELS MIDLAND CO,Consumer Non-Cyclical,Fixed Income,309504.72,0.02492,309504.72,340000,United States,--,USD,4.99,4.99,1,2032-03-01,2.9,5.0,,4.99,5.0,4.99,USD,2022-02-28,2022-02-28
KLA CORP,Technology,Fixed Income,309544.82,0.02492,309544.82,310000,United States,--,USD,2.37,4.75,1,2029-03-15,4.1,2.44,,4.75,2.44,4.75,USD,2019-03-20,2019-03-20
COMCAST CORPORATION,Communications,Fixed Income,309319.75,0.0249,309319.75,335000,United States,--,USD,12.51,6.75,1,2055-05-15,6.05,12.73,,6.75,12.73,6.75,USD,2025-05-08,2025-05-08
MITSUBISHI UFJ FINANCIAL GROUP INC,Banking,Fixed Income,309151.34,0.02489,309151.34,305000,Japan,--,USD,3.3,5.17,1,2031-04-24,5.16,3.33,,5.13,3.33,5.13,USD,2025-04-24,2025-04-24
STATE STREET CORP,Banking,Fixed Income,309192.67,0.02489,309192.67,347000,United States,--,USD,4.26,5.09,1,2031-03-03,2.2,4.24,,5.09,4.24,5.09,USD,2021-03-03,2021-03-03
ONCOR ELECTRIC DELIVERY COMPANY LL 144A,Electric,Fixed Income,309063.66,0.02488,309063.66,310000,United States,--,USD,13.2,6.07,1,2056-03-15,5.9,13.46,,6.07,13.46,6.07,USD,2026-03-17,2026-03-17
UNITEDHEALTH GROUP INC,Insurance,Fixed Income,308859.23,0.02487,308859.23,383000,United States,--,USD,12.68,6.08,1,2048-12-15,4.45,12.91,,6.08,12.91,6.08,USD,2018-12-17,2018-12-17
LAM RESEARCH CORPORATION,Technology,Fixed Income,308941.85,0.02487,308941.85,310000,United States,--,USD,2.38,4.72,1,2029-03-15,4.0,2.44,,4.72,2.44,4.72,USD,2019-03-04,2019-03-04
EATON CORPORATION,Capital Goods,Fixed Income,308744.74,0.02486,308744.74,310000,United States,--,USD,1.09,4.47,1,2027-09-15,3.1,1.1,,4.47,1.1,4.47,USD,2017-09-15,2017-09-15
JOHN DEERE CAPITAL CORP MTN,Capital Goods,Fixed Income,308486.67,0.02484,308486.67,305000,United States,--,USD,1.09,4.45,1,2027-09-15,4.15,1.09,,4.45,1.09,4.45,USD,2022-09-08,2022-09-08
SUMITOMO MITSUI FINANCIAL GROUP IN,Banking,Fixed Income,308556.23,0.02484,308556.23,305000,Japan,--,USD,6.7,5.48,1,2035-01-15,5.63,6.67,,5.48,6.67,5.48,USD,2025-01-15,2025-01-15
BANK OF NEW YORK MELLON CORP/THE MTN,Banking,Fixed Income,308588.33,0.02484,308588.33,300000,United States,--,USD,1.16,4.98,1,2028-10-25,5.8,1.18,,4.6,1.19,4.6,USD,2022-10-25,2022-10-25
NOVARTIS CAPITAL CORP,Consumer Non-Cyclical,Fixed Income,308344.4,0.02482,308344.4,360000,Switzerland,--,USD,11.43,5.79,1,2044-05-06,4.4,11.53,,5.79,11.53,5.79,USD,2014-02-21,2014-02-21
PFIZER INC,Consumer Non-Cyclical,Fixed Income,308107.48,0.02481,308107.48,345000,United States,--,USD,3.64,4.85,1,2030-05-28,1.7,3.63,,4.85,3.63,4.85,USD,2020-05-28,2020-05-28
SOUTHERN CALIFORNIA EDISON COMPANY,Electric,Fixed Income,308091.73,0.0248,308091.73,309000,United States,--,USD,2.34,5.01,1,2029-03-01,4.2,2.39,,5.01,2.39,5.01,USD,2019-03-15,2019-03-15
GILEAD SCIENCES INC,Consumer Non-Cyclical,Fixed Income,307892.63,0.02479,307892.63,310000,United States,--,USD,4.22,4.95,1,2031-05-20,4.6,4.24,,4.95,4.24,4.95,USD,2026-05-20,2026-05-20
CONSUMERS ENERGY COMPANY,Electric,Fixed Income,307906.51,0.02479,307906.51,307000,United States,--,USD,2.57,4.74,1,2029-05-30,4.6,2.63,,4.74,2.63,4.74,USD,2024-01-09,2024-01-09
APPLIED MATERIALS INC,Technology,Fixed Income,307913.68,0.02479,307913.68,305000,United States,--,USD,2.63,4.63,1,2029-06-15,4.8,2.66,,4.63,2.59,4.63,USD,2024-06-11,2024-06-11
BAKER HUGHES HOLDINGS LLC,Energy,Fixed Income,307975.43,0.02479,307975.43,312000,United States,--,USD,1.33,4.56,1,2027-12-15,3.34,1.34,,4.56,1.34,4.56,USD,2017-12-11,2018-01-31
CHEVRON CORP,Energy,Fixed Income,307807.3,0.02478,307807.3,472000,United States,--,USD,14.31,5.85,1,2050-05-11,3.08,14.55,,5.85,14.55,5.85,USD,2020-05-11,2020-05-11
CUMMINS INC,Consumer Cyclical,Fixed Income,307830.28,0.02478,307830.28,305000,United States,--,USD,6.84,5.32,1,2035-05-09,5.3,6.88,,5.32,6.88,5.32,USD,2025-05-09,2025-05-09
CANADIAN IMPERIAL BANK OF COMMERCE,Banking,Fixed Income,307457.44,0.02475,307457.44,295000,Canada,--,USD,1.96,4.82,1,2028-10-03,5.99,2.01,,4.78,1.94,4.78,USD,2023-10-03,2023-10-03
COCA-COLA CO,Consumer Non-Cyclical,Fixed Income,307263.77,0.02474,307263.77,429000,United States,--,USD,10.94,5.49,1,2040-06-01,2.5,10.96,,5.49,10.96,5.49,USD,2020-05-01,2020-05-01
3M CO MTN,Capital Goods,Fixed Income,306920.18,0.02471,306920.18,400000,United States,--,USD,12.78,6.04,1,2048-09-14,4.0,13.01,,6.04,13.01,6.04,USD,2018-09-14,2018-09-14
ATMOS ENERGY CORPORATION,Natural Gas,Fixed Income,306955.76,0.02471,306955.76,310000,United States,--,USD,4.76,5.05,1,2032-01-15,4.75,4.74,,5.05,4.74,5.05,USD,2026-06-18,2026-06-18
CONSOLIDATED EDISON COMPANY OF NEW,Electric,Fixed Income,306965.47,0.02471,306965.47,310000,United States,--,USD,2.15,4.7,1,2028-12-01,4.0,2.21,,4.7,2.21,4.7,USD,2018-11-30,2018-11-30
COMMONSPIRIT HEALTH,Consumer Non-Cyclical,Fixed Income,306761.13,0.0247,306761.13,305000,United States,--,USD,4.45,5.24,1,2031-12-01,5.21,4.59,,5.24,4.59,5.24,USD,2024-03-20,2024-03-20
JOHNSON & JOHNSON,Consumer Non-Cyclical,Fixed Income,306537.94,0.02468,306537.94,327000,United States,--,USD,9.92,5.32,1,2040-09-01,4.5,9.96,,5.32,9.96,5.32,USD,2010-08-17,2010-08-17
PROCTER & GAMBLE CO,Consumer Non-Cyclical,Fixed Income,306555.71,0.02468,306555.71,321000,United States,--,USD,3.39,4.64,1,2030-03-25,3.0,3.39,,4.64,3.39,4.64,USD,2020-03-25,2020-03-25
BROOKFIELD FINANCE INC,Brokerage/Asset Managers/Exchanges,Fixed Income,306555.73,0.02468,306555.73,315000,Canada,--,USD,12.55,6.35,1,2054-03-04,5.97,12.79,,6.35,12.79,6.35,USD,2024-03-04,2024-03-04
3M CO,Capital Goods,Fixed Income,306084.98,0.02464,306084.98,325000,United States,--,USD,2.89,4.76,1,2029-08-26,2.38,2.9,,4.76,2.9,4.76,USD,2019-08-26,2019-08-26
TOYOTA MOTOR CREDIT CORP MTN,Consumer Cyclical,Fixed Income,305983.46,0.02463,305983.46,305000,United States,--,USD,1.71,4.53,1,2028-05-12,4.25,1.7,,4.53,1.7,4.53,USD,2026-05-14,2026-05-14
PEPSICO INC,Consumer Non-Cyclical,Fixed Income,305847.92,0.02462,305847.92,350000,United States,--,USD,4.84,4.81,1,2031-10-21,1.95,4.85,,4.81,4.85,4.81,USD,2021-10-21,2021-10-21
METLIFE INC,Insurance,Fixed Income,305865.86,0.02462,305865.86,353000,United States,--,USD,13.28,6.03,1,2052-07-15,5.0,13.53,,6.03,13.53,6.03,USD,2022-07-11,2022-07-11
MARSH & MCLENNAN COMPANIES INC,Insurance,Fixed Income,305678.78,0.02461,305678.78,315000,United States,--,USD,12.85,6.08,1,2053-09-15,5.7,13.11,,6.08,13.11,6.08,USD,2023-09-11,2023-09-11
BANK OF NEW YORK MELLON CORP/THE MTN,Banking,Fixed Income,305526.44,0.0246,305526.44,315000,United States,--,USD,2.82,4.85,1,2029-08-23,3.3,2.84,,4.85,2.84,4.85,USD,2017-08-23,2017-08-23
ADOBE INC,Technology,Fixed Income,305566.15,0.0246,305566.15,300000,United States,--,USD,2.44,4.64,1,2029-04-04,4.8,2.47,,4.63,2.4,4.63,USD,2024-04-04,2024-04-04
MICROSOFT CORPORATION,Technology,Fixed Income,304882.37,0.02455,304882.37,320000,United States,--,USD,7.38,4.97,1,2035-11-03,4.2,7.47,,4.97,7.47,4.97,USD,2015-11-03,2015-11-03
ENTERPRISE PRODUCTS OPERATING LLC,Energy,Fixed Income,304919.08,0.02455,304919.08,305000,United States,--,USD,6.03,5.23,1,2034-01-31,4.85,6.07,,5.23,6.07,5.23,USD,2024-01-11,2024-01-11
ENTERGY LOUISIANA LLC,Electric,Fixed Income,304925.85,0.02455,304925.85,322000,United States,--,USD,5.6,5.21,1,2033-03-15,4.0,5.63,,5.21,5.63,5.21,USD,2018-03-23,2018-03-23
MERCK & CO INC,Consumer Non-Cyclical,Fixed Income,304729.17,0.02453,304729.17,345000,United States,--,USD,3.73,4.78,1,2030-06-24,1.45,3.72,,4.78,3.72,4.78,USD,2020-06-24,2020-06-24
JOHN DEERE CAPITAL CORP MTN,Capital Goods,Fixed Income,304508.21,0.02452,304508.21,305000,United States,--,USD,6.41,5.16,1,2034-06-12,5.05,6.39,,5.16,6.39,5.16,USD,2024-06-11,2024-06-11
TARGET CORPORATION,Consumer Cyclical,Fixed Income,304528.69,0.02452,304528.69,355000,United States,--,USD,13.63,5.87,1,2053-01-15,4.8,13.9,,5.87,13.9,5.87,USD,2023-01-24,2023-01-24
BP CAPITAL MARKETS AMERICA INC,Energy,Fixed Income,304494.19,0.02451,304494.19,300000,United Kingdom,--,USD,1.22,4.55,1,2027-11-17,5.02,1.25,,4.53,1.17,4.53,USD,2024-05-17,2024-05-17
TWDC ENTERPRISES 18 CORP,Communications,Fixed Income,304046.45,0.02448,304046.45,270000,United States,--,USD,4.56,4.96,1,2032-03-01,7.0,4.55,,4.96,4.55,4.96,USD,2002-02-28,2002-02-28
NVIDIA CORPORATION,Technology,Fixed Income,303933.7,0.02447,303933.7,432000,United States,--,USD,13.72,5.93,1,2050-04-01,3.5,13.96,,5.93,13.96,5.93,USD,2020-03-31,2020-03-31
BANK OF AMERICA NA,Banking,Fixed Income,303843.03,0.02446,303843.03,290000,United States,--,USD,7.52,5.59,1,2036-10-15,6.0,7.5,,5.59,7.5,5.59,USD,2006-10-26,2006-10-26
ING GROEP NV,Banking,Fixed Income,303845.55,0.02446,303845.55,335000,Netherlands,--,USD,4.3,5.15,1,2032-04-01,2.73,4.26,,5.15,4.26,5.15,USD,2021-04-01,2021-04-01
BURLINGTON NORTHERN SANTA FE LLC,Transportation,Fixed Income,303751.18,0.02445,303751.18,350000,United States,--,USD,11.25,5.91,1,2044-09-01,4.55,11.41,,5.91,11.41,5.91,USD,2014-08-18,2014-08-18
PROGRESSIVE CORPORATION (THE),Insurance,Fixed Income,303559.9,0.02444,303559.9,305000,United States,--,USD,7.36,5.44,1,2036-03-26,5.15,7.39,,5.44,7.39,5.44,USD,2026-03-26,2026-03-26
LLOYDS BANKING GROUP PLC,Banking,Fixed Income,303450.32,0.02443,303450.32,300000,United Kingdom,--,USD,6.57,5.53,1,2035-11-26,5.59,6.54,,5.53,6.54,5.53,USD,2024-11-26,2024-11-26
THERMO FISHER SCIENTIFIC INC,Consumer Non-Cyclical,Fixed Income,303021.39,0.0244,303021.39,295000,United States,--,USD,3.5,4.85,1,2030-08-10,4.98,3.55,,4.85,3.41,4.85,USD,2023-08-10,2023-08-10
UNITEDHEALTH GROUP INC,Insurance,Fixed Income,303060.77,0.0244,303060.77,490000,United States,--,USD,14.45,5.96,1,2050-05-15,2.9,14.67,,5.96,14.67,5.96,USD,2020-05-18,2020-05-18
HONEYWELL AEROSPACE INC 144A,Capital Goods,Fixed Income,303100.84,0.0244,303100.84,310000,United States,--,USD,14.34,6.14,1,2066-03-16,5.85,14.6,,6.14,14.6,6.14,USD,2026-03-16,2026-03-16
ELI LILLY AND COMPANY,Consumer Non-Cyclical,Fixed Income,302900.57,0.02439,302900.57,305000,United States,--,USD,4.09,4.78,1,2031-03-15,4.25,4.1,,4.78,4.1,4.78,USD,2025-08-20,2025-08-20
AMERICAN HONDA FINANCE CORPORATION MTN,Consumer Cyclical,Fixed Income,302934.03,0.02439,302934.03,295000,United States,--,USD,2.14,4.9,1,2028-11-15,5.65,2.13,,4.9,2.13,4.9,USD,2023-11-15,2023-11-15
COCA-COLA CO,Consumer Non-Cyclical,Fixed Income,302855.66,0.02438,302855.66,523000,United States,--,USD,15.27,5.8,1,2051-03-15,2.5,15.45,,5.8,15.45,5.8,USD,2020-09-18,2020-09-18
Kaiser Permanente,Consumer Non-Cyclical,Fixed Income,302658.24,0.02437,302658.24,480000,United States,--,USD,14.71,5.88,1,2051-06-01,3.0,14.94,,5.88,14.94,5.88,USD,2021-06-15,2021-06-15
INTERCONTINENTAL EXCHANGE INC,Brokerage/Asset Managers/Exchanges,Fixed Income,302667.52,0.02437,302667.52,305000,United States,--,USD,2.63,4.81,1,2029-06-15,4.35,2.67,,4.81,2.67,4.81,USD,2022-05-23,2022-05-23
COMCAST CORPORATION,Communications,Fixed Income,302584.08,0.02436,302584.08,570000,United States,--,USD,14.28,6.75,1,2051-01-15,2.8,14.44,,6.75,14.44,6.75,USD,2020-05-28,2020-05-28
DUKE ENERGY CAROLINAS LLC,Electric,Fixed Income,302641.58,0.02436,302641.58,305000,United States,--,USD,5.42,5.11,1,2033-01-15,4.95,5.47,,5.11,5.47,5.11,USD,2023-01-06,2023-01-06
ROYAL BANK OF CANADA MTN,Banking,Fixed Income,302396.25,0.02435,302396.25,318000,Canada,--,USD,5.06,5.03,1,2032-05-04,3.88,5.04,,5.03,5.04,5.03,USD,2022-04-14,2022-04-14
BROOKFIELD ASSET MANAGEMENT LTD,Brokerage/Asset Managers/Exchanges,Fixed Income,302461.97,0.02435,302461.97,305000,Canada,--,USD,12.82,6.3,1,2055-09-15,6.08,13.07,,6.3,13.07,6.3,USD,2025-09-09,2025-09-09
JOHNSON & JOHNSON,Consumer Non-Cyclical,Fixed Income,302475.13,0.02435,302475.13,276000,United States,--,USD,7.96,5.12,1,2037-08-15,5.95,7.96,,5.12,7.96,5.12,USD,2007-08-16,2007-08-16
LOCKHEED MARTIN CORPORATION,Capital Goods,Fixed Income,302380.84,0.02434,302380.84,300000,United States,--,USD,7.0,5.2,1,2035-08-15,5.0,7.04,,5.2,7.04,5.2,USD,2025-07-28,2025-07-28
MERCK & CO INC,Consumer Non-Cyclical,Fixed Income,302025.71,0.02432,302025.71,436000,United States,--,USD,11.06,5.57,1,2040-06-24,2.35,11.1,,5.57,11.1,5.57,USD,2020-06-24,2020-06-24
NATIONAL RURAL UTILITIES COOPERATI MTN,Electric,Fixed Income,301972.25,0.02431,301972.25,295000,United States,--,USD,2.29,4.8,1,2029-02-07,4.85,2.31,,4.8,2.24,4.8,USD,2024-02-05,2024-02-05
ROYAL BANK OF CANADA MTN,Banking,Fixed Income,301887.47,0.0243,301887.47,300000,Canada,--,USD,1.41,4.56,1,2028-01-12,4.9,1.4,,4.56,1.4,4.56,USD,2023-01-12,2023-01-12
AUSTRALIA AND NEW ZEALAND BANKING MTN,Banking,Fixed Income,301663.67,0.02429,301663.67,300000,Australia,--,USD,1.14,4.51,1,2027-09-30,3.92,1.13,,4.51,1.13,4.51,USD,2024-09-30,2024-09-30
MARSH & MCLENNAN COMPANIES INC,Insurance,Fixed Income,301760.59,0.02429,301760.59,325000,United States,--,USD,13.27,6.07,1,2055-03-15,5.4,13.53,,6.07,13.53,6.07,USD,2024-11-08,2024-11-08
COMCAST CORPORATION,Communications,Fixed Income,301504.29,0.02427,301504.29,295000,United States,--,USD,5.17,5.28,1,2032-11-15,5.5,5.23,,5.27,5.05,5.27,USD,2022-11-07,2022-11-07
NIKE INC,Consumer Cyclical,Fixed Income,301287.17,0.02426,301287.17,438000,United States,--,USD,13.83,5.93,1,2050-03-27,3.38,14.06,,5.93,14.06,5.93,USD,2020-03-27,2020-03-27
UNION PACIFIC CORPORATION,Transportation,Fixed Income,301234.89,0.02425,301234.89,435000,United States,--,USD,14.32,5.93,1,2053-02-14,3.5,14.56,,5.93,14.56,5.93,USD,2022-02-14,2022-02-14
AUTOMATIC DATA PROCESSING INC,Technology,Fixed Income,301101.97,0.02424,301101.97,309000,United States,--,USD,6.56,5.09,1,2034-09-09,4.45,6.59,,5.09,6.59,5.09,USD,2024-09-09,2024-09-09
CHARLES SCHWAB CORPORATION (THE),Brokerage/Asset Managers/Exchanges,Fixed Income,300693.73,0.02421,300693.73,300000,United States,--,USD,7.28,5.54,1,2037-05-21,5.49,7.44,,5.54,7.44,5.54,USD,2026-05-21,2026-05-21
FLORIDA POWER & LIGHT CO,Electric,Fixed Income,300638.33,0.0242,300638.33,299000,United States,--,USD,1.65,4.56,1,2028-05-15,4.4,1.71,,4.56,1.71,4.56,USD,2023-05-18,2023-05-18
UNILEVER CAPITAL CORP,Consumer Non-Cyclical,Fixed Income,300207.8,0.02417,300207.8,295000,United Kingdom,--,USD,0.98,4.38,1,2027-08-12,4.25,1.0,,4.38,1.0,4.38,USD,2024-08-12,2024-08-12
AMERICAN HONDA FINANCE CORPORATION MTN,Consumer Cyclical,Fixed Income,300225.85,0.02417,300225.85,305000,United States,--,USD,2.31,4.91,1,2029-01-08,4.15,2.3,,4.91,2.3,4.91,USD,2026-01-08,2026-01-08
GEORGIA POWER COMPANY,Electric,Fixed Income,300080.33,0.02416,300080.33,295000,United States,--,USD,5.99,5.27,1,2034-03-15,5.25,6.12,,5.27,6.12,5.27,USD,2024-02-23,2024-02-23
ABBVIE INC,Consumer Non-Cyclical,Fixed Income,300145.71,0.02416,300145.71,295000,United States,--,USD,1.51,4.59,1,2028-03-15,4.65,1.54,,4.59,1.47,4.59,USD,2025-02-26,2025-02-26
WALMART INC,Consumer Cyclical,Fixed Income,299906.06,0.02414,299906.06,305000,United States,--,USD,7.58,5.11,1,2036-04-30,4.75,7.62,,5.11,7.62,5.11,USD,2026-04-30,2026-04-30
GILEAD SCIENCES INC,Consumer Non-Cyclical,Fixed Income,299663.33,0.02413,299663.33,300000,United States,--,USD,2.59,4.74,1,2029-05-20,4.4,2.61,,4.74,2.61,4.74,USD,2026-05-20,2026-05-20
EATON CORPORATION,Capital Goods,Fixed Income,299504.22,0.02411,299504.22,310000,United States,--,USD,5.58,5.02,1,2033-03-15,4.15,5.62,,5.02,5.62,5.02,USD,2022-08-23,2022-08-23
WASTE MANAGEMENT INC,Capital Goods,Fixed Income,299379.04,0.0241,299379.04,295000,United States,--,USD,1.51,4.57,1,2028-03-15,4.5,1.54,,4.57,1.54,4.57,USD,2024-11-04,2024-11-04
ABBVIE INC,Consumer Non-Cyclical,Fixed Income,298864.73,0.02406,298864.73,310000,United States,--,USD,10.74,5.85,1,2044-03-15,5.35,10.9,,5.85,10.9,5.85,USD,2024-02-26,2024-02-26
BRISTOL-MYERS SQUIBB CO,Consumer Non-Cyclical,Fixed Income,298898.73,0.02406,298898.73,528000,United States,--,USD,15.01,6.01,1,2050-11-13,2.55,15.22,,6.01,15.22,6.01,USD,2020-11-13,2020-11-13
NVIDIA CORPORATION,Technology,Fixed Income,298757.1,0.02405,298757.1,315000,United States,--,USD,1.83,4.51,1,2028-06-15,1.55,1.83,,4.51,1.83,4.51,USD,2021-06-16,2021-06-16
UNITEDHEALTH GROUP INC,Insurance,Fixed Income,298629.49,0.02404,298629.49,284000,United States,--,USD,7.24,5.38,1,2036-03-15,5.8,7.22,,5.38,7.22,5.38,USD,2006-03-02,2006-03-02
ENTERPRISE PRODUCTS OPERATING LLC,Energy,Fixed Income,298323.43,0.02402,298323.43,325000,United States,--,USD,10.35,5.85,1,2042-08-15,4.85,10.47,,5.85,10.47,5.85,USD,2012-02-15,2012-02-15
COMMONWEALTH EDISON COMPANY,Electric,Fixed Income,298415.55,0.02402,298415.55,305000,United States,--,USD,13.37,6.09,1,2056-06-01,5.85,13.63,,6.09,13.63,6.09,USD,2026-05-14,2026-05-14
CONSUMERS ENERGY COMPANY,Electric,Fixed Income,298139.14,0.024,298139.14,305000,United States,--,USD,5.59,5.17,1,2033-05-15,4.63,5.7,,5.17,5.7,5.17,USD,2023-02-23,2023-02-23
CONOCOPHILLIPS CO,Energy,Fixed Income,297810.53,0.02398,297810.53,277000,United States,--,USD,2.45,4.73,1,2029-04-15,6.95,2.44,,4.73,2.44,4.73,USD,1999-04-20,1999-04-20
LOCKHEED MARTIN CORPORATION,Capital Goods,Fixed Income,297819.95,0.02398,297819.95,305000,United States,--,USD,13.3,5.95,1,2054-11-15,5.7,13.58,,5.95,13.58,5.95,USD,2022-10-24,2022-10-24
JPMORGAN CHASE & CO,Banking,Fixed Income,297856.55,0.02398,297856.55,295000,United States,--,USD,1.14,4.55,1,2027-10-01,4.25,1.13,,4.55,1.13,4.55,USD,2015-09-25,2015-09-25
CITIZENS BANK NA,Banking,Fixed Income,297910.93,0.02398,297910.93,295000,United States,--,USD,1.44,4.71,1,2029-01-29,4.19,1.42,,4.71,1.42,4.71,USD,2026-01-29,2026-01-29
MID-AMERICA APARTMENTS LP,Reits,Fixed Income,297765.45,0.02397,297765.45,300000,United States,--,USD,2.39,4.82,1,2029-03-15,3.95,2.44,,4.82,2.44,4.82,USD,2019-03-07,2019-03-07
NATWEST GROUP PLC,Banking,Fixed Income,297573.11,0.02396,297573.11,300000,United Kingdom,--,USD,4.26,5.16,1,2032-06-18,4.98,4.27,,5.16,4.27,5.16,USD,2026-06-18,2026-06-18
PHILIP MORRIS INTERNATIONAL INC,Consumer Non-Cyclical,Fixed Income,297486.05,0.02395,297486.05,300000,United States,--,USD,2.1,4.7,1,2028-10-27,3.88,2.12,,4.7,2.12,4.7,USD,2025-10-29,2025-10-29
BRISTOL-MYERS SQUIBB CO,Consumer Non-Cyclical,Fixed Income,297286.9,0.02393,297286.9,280000,United States,--,USD,3.8,4.9,1,2031-02-01,5.75,3.86,,4.87,3.73,4.87,USD,2023-11-13,2023-11-13
SOUTHERN CALIFORNIA EDISON COMPANY,Electric,Fixed Income,296572.32,0.02388,296572.32,295000,United States,--,USD,6.6,5.69,1,2035-03-01,5.45,6.63,,5.69,6.63,5.69,USD,2025-01-09,2025-01-09
SUMITOMO MITSUI FINANCIAL FXD-FRN,Banking,Fixed Income,296670.98,0.02388,296670.98,305000,Japan,--,USD,3.98,5.12,1,2032-01-15,4.49,3.99,,5.12,3.99,5.12,USD,2026-01-15,2026-01-15
BRISTOL-MYERS SQUIBB CO,Consumer Non-Cyclical,Fixed Income,296495.07,0.02387,296495.07,380000,United States,--,USD,10.95,5.83,1,2042-03-15,3.55,11.03,,5.83,11.03,5.83,USD,2022-03-02,2022-03-02
JPMORGAN CHASE & CO,Banking,Fixed Income,296264.07,0.02385,296264.07,395000,United States,--,USD,12.19,5.96,1,2049-01-23,3.9,13.18,,5.96,13.17,5.96,USD,2018-01-23,2018-01-23
PHILIP MORRIS INTERNATIONAL INC,Consumer Non-Cyclical,Fixed Income,296092.34,0.02384,296092.34,300000,United States,--,USD,6.59,5.26,1,2034-11-01,4.9,6.63,,5.26,6.63,5.26,USD,2024-11-01,2024-11-01
EOG RESOURCES INC,Energy,Fixed Income,296177.0,0.02384,296177.0,300000,United States,--,USD,13.34,6.05,1,2055-07-15,5.95,13.61,,6.05,13.61,6.05,USD,2025-07-01,2025-07-01
MIZUHO FINANCIAL GROUP INC,Banking,Fixed Income,295921.44,0.02382,295921.44,295000,Japan,--,USD,1.96,5.25,1,2029-09-11,4.25,2.84,,4.87,1.98,4.87,USD,2018-09-11,2018-09-11
WALMART INC,Consumer Cyclical,Fixed Income,295807.49,0.02381,295807.49,285000,United States,--,USD,9.79,5.4,1,2041-04-15,5.63,9.85,,5.4,9.85,5.4,USD,2011-04-18,2011-04-18
MERCK & CO INC,Consumer Non-Cyclical,Fixed Income,295567.63,0.0238,295567.63,300000,United States,--,USD,4.09,4.87,1,2031-03-15,4.15,4.1,,4.87,4.1,4.87,USD,2025-12-04,2025-12-04
MCKESSON CORP,Consumer Non-Cyclical,Fixed Income,295586.69,0.0238,295586.69,295000,United States,--,USD,4.96,5.05,1,2032-05-30,4.95,4.99,,5.05,4.99,5.05,USD,2025-05-30,2025-05-30
MANUFACTURERS AND TRADERS TRUST CO MTN,Banking,Fixed Income,295534.23,0.02379,295534.23,295000,United States,--,USD,0.9,4.87,1,2028-07-06,4.76,0.91,,4.81,0.92,4.81,USD,2025-06-17,2025-06-17
DUKE ENERGY CAROLINAS LLC,Electric,Fixed Income,295344.4,0.02378,295344.4,322000,United States,--,USD,13.36,6.03,1,2054-01-15,5.4,13.62,,6.03,13.62,6.03,USD,2023-06-15,2023-06-15
BP CAPITAL MARKETS AMERICA INC,Energy,Fixed Income,295070.94,0.02376,295070.94,462000,United States,--,USD,14.11,5.97,1,2050-02-24,3.0,14.33,,5.97,14.33,5.97,USD,2020-02-24,2020-02-24
AIR PRODUCTS AND CHEMICALS INC,Basic Industry,Fixed Income,294947.03,0.02375,294947.03,325000,United States,--,USD,3.58,4.85,1,2030-05-15,2.05,3.58,,4.85,3.58,4.85,USD,2020-04-30,2020-04-30
NOVARTIS CAPITAL CORP,Consumer Non-Cyclical,Fixed Income,294606.25,0.02372,294606.25,305000,Switzerland,--,USD,7.31,5.2,1,2035-11-05,4.6,7.35,,5.2,7.35,5.2,USD,2025-11-05,2025-11-05
AUTOMATIC DATA PROCESSING INC,Technology,Fixed Income,294549.68,0.02371,294549.68,300000,United States,--,USD,7.51,5.38,1,2036-05-07,5.0,7.54,,5.38,7.54,5.38,USD,2026-05-07,2026-05-07
PNC FINANCIAL SERVICES GROUP INC (,Banking,Fixed Income,294327.49,0.0237,294327.49,290000,United States,--,USD,1.27,5.0,1,2028-12-02,5.35,1.28,,4.78,1.29,4.78,USD,2022-12-02,2022-12-02
PROLOGIS LP,Reits,Fixed Income,294288.8,0.02369,294288.8,295000,United States,--,USD,6.11,5.32,1,2034-03-15,5.0,6.15,,5.32,6.15,5.32,USD,2024-01-25,2024-01-25
REALTY INCOME CORPORATION,Reits,Fixed Income,294306.73,0.02369,294306.73,316000,United States,--,USD,4.07,5.0,1,2031-01-15,3.25,4.09,,5.0,4.09,5.0,USD,2020-05-08,2020-05-08
COMMONSPIRIT HEALTH,Consumer Non-Cyclical,Fixed Income,294122.26,0.02368,294122.26,385000,United States,--,USD,12.82,6.23,1,2049-10-01,4.19,13.04,,6.23,13.04,6.23,USD,2019-08-21,2019-08-21
PFIZER INC,Consumer Non-Cyclical,Fixed Income,293426.83,0.02362,293426.83,295000,United States,--,USD,1.97,4.49,1,2028-09-15,3.6,2.01,,4.49,2.01,4.49,USD,2018-09-07,2018-09-07
INTERCONTINENTAL EXCHANGE INC,Brokerage/Asset Managers/Exchanges,Fixed Income,293101.17,0.0236,293101.17,465000,United States,--,USD,14.43,5.94,1,2050-06-15,3.0,14.66,,5.94,14.66,5.94,USD,2020-05-26,2020-05-26
JPMORGAN CHASE & CO,Banking,Fixed Income,292914.27,0.02358,292914.27,335000,United States,--,USD,4.04,5.09,1,2031-11-19,1.76,4.05,,5.09,4.05,5.09,USD,2020-11-19,2020-11-19
TOYOTA MOTOR CREDIT CORP MTN,Consumer Cyclical,Fixed Income,292732.2,0.02357,292732.2,305000,United States,--,USD,3.38,4.89,1,2030-04-01,3.38,3.37,,4.89,3.37,4.89,USD,2020-04-01,2020-04-01
PHILIP MORRIS INTERNATIONAL INC,Consumer Non-Cyclical,Fixed Income,292536.78,0.02355,292536.78,280000,United States,--,USD,5.65,5.22,1,2033-09-07,5.63,5.71,,5.21,5.55,5.21,USD,2023-09-07,2023-09-07
SAN DIEGO GAS & ELECTRIC CO,Electric,Fixed Income,292371.01,0.02354,292371.01,331000,United States,--,USD,3.94,4.96,1,2030-10-01,1.7,3.93,,4.96,3.93,4.96,USD,2020-09-28,2020-09-28
CENTERPOINT ENERGY HOUSTON ELECTRI,Electric,Fixed Income,292392.49,0.02354,292392.49,285000,United States,--,USD,1.99,4.72,1,2028-10-01,5.2,2.02,,4.72,1.94,4.72,USD,2023-09-18,2023-09-18
PHILIP MORRIS INTERNATIONAL INC,Consumer Non-Cyclical,Fixed Income,292444.11,0.02354,292444.11,295000,United States,--,USD,3.38,4.92,1,2030-04-30,4.38,3.4,,4.92,3.4,4.92,USD,2025-04-30,2025-04-30
CATERPILLAR FINANCIAL SERVICES COR MTN,Capital Goods,Fixed Income,292452.63,0.02354,292452.63,285000,United States,--,USD,2.38,4.58,1,2029-02-27,4.85,2.37,,4.58,2.37,4.58,USD,2024-02-27,2024-02-27
QUALCOMM INCORPORATED,Technology,Fixed Income,292288.48,0.02353,292288.48,365000,United States,--,USD,13.39,6.1,1,2052-05-20,4.5,13.64,,6.1,13.64,6.1,USD,2022-05-09,2022-05-09
COMCAST CORPORATION,Communications,Fixed Income,291959.93,0.02351,291959.93,295000,United States,--,USD,6.84,5.59,1,2035-05-15,5.3,6.87,,5.59,6.87,5.59,USD,2025-05-08,2025-05-08
PNC BANK NA,Banking,Fixed Income,292042.48,0.02351,292042.48,295000,United States,--,USD,1.21,4.55,1,2027-10-25,3.1,1.21,,4.55,1.21,4.55,USD,2017-10-23,2017-10-23
MIZUHO FINANCIAL GROUP INC,Banking,Fixed Income,291867.89,0.0235,291867.89,326000,Japan,--,USD,3.69,5.21,1,2031-07-10,2.2,3.7,,5.18,3.71,5.18,USD,2020-07-10,2020-07-10
CSX CORP,Transportation,Fixed Income,291806.52,0.02349,291806.52,295000,United States,--,USD,6.99,5.28,1,2035-06-15,5.05,7.03,,5.28,7.03,5.28,USD,2025-03-10,2025-03-10
UNITEDHEALTH GROUP INC,Insurance,Fixed Income,291640.28,0.02348,291640.28,307000,United States,--,USD,7.22,5.35,1,2035-07-15,4.63,7.2,,5.35,7.2,5.35,USD,2015-07-23,2015-07-23
CANADIAN IMPERIAL BANK OF COMMERCE,Banking,Fixed Income,291676.31,0.02348,291676.31,290000,Canada,--,USD,2.82,4.96,1,2030-09-11,4.63,2.83,,4.96,2.83,4.96,USD,2024-09-11,2024-09-11
RAYMOND JAMES FINANCIAL INC.,Brokerage/Asset Managers/Exchanges,Fixed Income,291396.68,0.02346,291396.68,300000,United States,--,USD,7.07,5.56,1,2035-09-11,4.9,7.09,,5.56,7.09,5.56,USD,2025-09-11,2025-09-11
BOSTON SCIENTIFIC CORPORATION,Consumer Non-Cyclical,Fixed Income,291446.62,0.02346,291446.62,315000,United States,--,USD,3.58,4.91,1,2030-06-01,2.65,3.58,,4.91,3.58,4.91,USD,2020-05-18,2020-05-18
ELI LILLY AND COMPANY,Consumer Non-Cyclical,Fixed Income,291120.79,0.02344,291120.79,285000,United States,--,USD,1.44,4.47,1,2028-02-12,4.55,1.45,,4.47,1.38,4.47,USD,2025-02-12,2025-02-12
PRESIDENT AND FELLOWS OF HARVARD C,Industrial Other,Fixed Income,291148.19,0.02344,291148.19,293000,United States,--,USD,6.78,4.99,1,2035-02-15,4.61,6.83,,4.99,6.83,4.99,USD,2024-03-12,2024-03-12
TEXAS INSTRUMENTS INC,Technology,Fixed Income,290969.25,0.02343,290969.25,285000,United States,--,USD,2.3,4.61,1,2029-02-08,4.6,2.32,,4.61,2.32,4.61,USD,2024-02-08,2024-02-08
AIR PRODUCTS AND CHEMICALS INC,Basic Industry,Fixed Income,291090.12,0.02343,291090.12,290000,United States,--,USD,6.05,5.15,1,2034-02-08,4.85,6.09,,5.15,6.09,5.15,USD,2024-02-08,2024-02-08
ABBVIE INC,Consumer Non-Cyclical,Fixed Income,290723.26,0.02341,290723.26,300000,United States,--,USD,13.26,5.97,1,2055-03-15,5.6,13.53,,5.97,13.53,5.97,USD,2025-02-26,2025-02-26
THERMO FISHER SCIENTIFIC INC,Consumer Non-Cyclical,Fixed Income,290085.26,0.02335,290085.26,295000,United States,--,USD,5.24,5.04,1,2032-10-07,4.47,5.27,,5.04,5.27,5.04,USD,2025-10-07,2025-10-07
BURLINGTON NORTHERN SANTA FE LLC,Transportation,Fixed Income,289936.81,0.02334,289936.81,332000,United States,--,USD,10.84,5.8,1,2043-03-15,4.45,10.97,,5.8,10.97,5.8,USD,2013-03-12,2013-03-12
LOCKHEED MARTIN CORPORATION,Capital Goods,Fixed Income,289241.22,0.02329,289241.22,290000,United States,--,USD,6.09,5.13,1,2034-02-15,4.75,6.13,,5.13,6.13,5.13,USD,2023-05-25,2023-05-25
JPMORGAN CHASE & CO,Banking,Fixed Income,289168.08,0.02328,289168.08,300000,United States,--,USD,10.61,5.91,1,2045-11-29,5.53,11.16,,5.91,11.16,5.91,USD,2024-11-29,2024-11-29
ELI LILLY AND COMPANY,Consumer Non-Cyclical,Fixed Income,289176.49,0.02328,289176.49,298000,United States,--,USD,14.52,5.96,1,2065-02-12,5.6,14.79,,5.96,14.79,5.96,USD,2025-02-12,2025-02-12
EOG RESOURCES INC,Energy,Fixed Income,288979.98,0.02327,288979.98,295000,United States,--,USD,4.0,4.94,1,2031-01-15,4.4,4.01,,4.94,4.01,4.94,USD,2025-11-24,2025-11-24
WALMART INC,Consumer Cyclical,Fixed Income,288876.11,0.02326,288876.11,340000,United States,--,USD,13.6,5.74,1,2052-09-09,4.5,13.88,,5.74,13.88,5.74,USD,2022-09-09,2022-09-09
PNC FINANCIAL SERVICES (FXD-FRN),Banking,Fixed Income,288907.94,0.02326,288907.94,290000,United States,--,USD,2.75,4.87,1,2030-07-19,4.83,2.75,,4.87,2.75,4.87,USD,2026-07-21,2026-07-21
NATIONAL AUSTRALIA BANK LTD (NEW Y MTN,Banking,Fixed Income,288974.45,0.02326,288974.45,289000,Australia,--,USD,1.79,4.58,1,2028-06-13,4.31,1.79,,4.58,1.79,4.58,USD,2025-06-13,2025-06-13
APPLE INC,Technology,Fixed Income,288811.67,0.02325,288811.67,295000,United States,--,USD,2.79,4.53,1,2029-08-08,3.25,2.81,,4.53,2.81,4.53,USD,2022-08-08,2022-08-08
BURLINGTON NORTHERN SANTA FE LLC,Transportation,Fixed Income,288571.48,0.02323,288571.48,290000,United States,--,USD,13.33,5.98,1,2056-03-15,5.8,13.6,,5.98,13.6,5.98,USD,2025-06-06,2025-06-06
MORGAN STANLEY,Banking,Fixed Income,288270.24,0.02321,288270.24,267000,United States,--,USD,9.74,5.91,1,2042-07-24,6.38,9.81,,5.91,9.81,5.91,USD,2012-07-24,2012-07-24
WALT DISNEY CO,Communications,Fixed Income,288134.71,0.0232,288134.71,265000,United States,--,USD,7.09,5.3,1,2035-12-15,6.4,7.07,,5.3,7.07,5.3,USD,2019-06-15,2019-11-22
EATON CORPORATION,Capital Goods,Fixed Income,288077.56,0.02319,288077.56,300000,United States,--,USD,5.42,4.91,1,2032-11-02,4.0,5.41,,4.91,5.41,4.91,USD,2013-11-02,2013-11-07
GILEAD SCIENCES INC,Consumer Non-Cyclical,Fixed Income,288090.92,0.02319,288090.92,285000,United States,--,USD,2.98,4.74,1,2029-11-15,4.8,3.0,,4.74,2.93,4.74,USD,2024-11-20,2024-11-20
MIZUHO FINANCIAL GROUP INC,Banking,Fixed Income,288108.08,0.02319,288108.08,280000,Japan,--,USD,5.48,5.46,1,2034-05-27,5.75,5.57,,5.4,5.57,5.4,USD,2023-02-27,2023-02-27
SOUTHERN CALIFORNIA EDISON COMPANY,Electric,Fixed Income,287819.07,0.02317,287819.07,387000,United States,--,USD,12.26,6.49,1,2048-03-01,4.13,12.44,,6.49,12.44,6.49,USD,2018-03-05,2018-03-05
MERCK & CO INC,Consumer Non-Cyclical,Fixed Income,287389.12,0.02314,287389.12,305000,United States,--,USD,2.29,4.59,1,2028-12-10,1.9,2.28,,4.59,2.28,4.59,USD,2021-12-10,2021-12-10
CSX CORP,Transportation,Fixed Income,287417.31,0.02314,287417.31,270000,United States,--,USD,9.15,5.69,1,2040-04-30,6.22,9.17,,5.69,9.17,5.69,USD,2010-03-24,2010-07-15
NVIDIA CORPORATION,Technology,Fixed Income,287420.06,0.02314,287420.06,304000,United States,--,USD,3.39,4.74,1,2030-04-01,2.85,3.41,,4.74,3.41,4.74,USD,2020-03-31,2020-03-31
PROCTER & GAMBLE CO,Consumer Non-Cyclical,Fixed Income,287456.99,0.02314,287456.99,290000,United States,--,USD,3.43,4.57,1,2030-05-01,4.05,3.42,,4.57,3.42,4.57,USD,2025-05-01,2025-05-01
TOYOTA MOTOR CREDIT CORP MTN,Consumer Cyclical,Fixed Income,287144.35,0.02312,287144.35,284000,United States,--,USD,1.15,4.48,1,2027-10-08,4.35,1.15,,4.48,1.15,4.48,USD,2024-10-10,2024-10-10
PUBLIC STORAGE OPERATING CO,Reits,Fixed Income,287163.5,0.02312,287163.5,305000,United States,--,USD,12.99,5.98,1,2053-08-01,5.35,13.25,,5.98,13.25,5.98,USD,2023-07-26,2023-07-26
PNC FINANCIAL SERVICES GROUP INC,Banking,Fixed Income,287200.94,0.02312,287200.94,290000,United States,--,USD,7.44,5.55,1,2037-07-21,5.46,7.6,,5.55,7.6,5.55,USD,2026-07-21,2026-07-21
THERMO FISHER SCIENTIFIC INC,Consumer Non-Cyclical,Fixed Income,287224.64,0.02312,287224.64,295000,United States,--,USD,8.31,5.38,1,2037-10-07,4.89,8.34,,5.38,8.34,5.38,USD,2025-10-07,2025-10-07
TOYOTA MOTOR CREDIT CORP MTN,Consumer Cyclical,Fixed Income,286882.95,0.0231,286882.95,285000,United States,--,USD,3.42,4.87,1,2030-05-15,4.8,3.41,,4.87,3.41,4.87,USD,2025-05-15,2025-05-15
BURLINGTON NORTHERN SANTA FE CORPO,Transportation,Fixed Income,286494.06,0.02306,286494.06,265000,United States,--,USD,7.83,5.32,1,2037-05-01,6.15,7.82,,5.32,7.82,5.32,USD,2007-04-13,2007-04-13
US BANCORP MTN,Banking,Fixed Income,286312.95,0.02305,286312.95,290000,United States,--,USD,7.36,5.95,1,2041-05-20,5.72,7.34,,6.03,7.32,6.03,USD,2026-05-20,2026-05-20
PUBLIC SERVICE COMPANY OF NEW HAMP,Electric,Fixed Income,286101.61,0.02303,286101.61,280000,United States,--,USD,5.77,5.26,1,2033-10-01,5.35,5.82,,5.26,5.65,5.26,USD,2023-09-25,2023-09-25
CONOCOPHILLIPS CO,Energy,Fixed Income,286114.91,0.02303,286114.91,359000,United States,--,USD,10.8,5.89,1,2042-03-15,3.76,10.89,,5.89,10.89,5.89,USD,2022-09-15,2022-10-03
DEUTSCHE TELEKOM INTERNATIONAL FIN,Communications,Fixed Income,285988.04,0.02302,285988.04,255000,Germany,--,USD,3.34,5.02,1,2030-06-15,8.25,3.33,,5.02,3.33,5.02,USD,2000-07-06,2000-07-06
CHARLES SCHWAB CORPORATION (THE),Brokerage/Asset Managers/Exchanges,Fixed Income,285817.04,0.02301,285817.04,315000,United States,--,USD,4.99,5.05,1,2032-03-03,2.9,5.0,,5.05,5.0,5.05,USD,2022-03-03,2022-03-03
ENTERGY LOUISIANA LLC,Electric,Fixed Income,285858.9,0.02301,285858.9,293000,United States,--,USD,7.42,5.49,1,2036-04-15,4.9,7.44,,5.49,7.44,5.49,USD,2026-02-26,2026-02-26
SIMON PROPERTY GROUP LP,Reits,Fixed Income,285628.34,0.023,285628.34,330000,United States,--,USD,5.03,5.11,1,2032-01-15,2.25,5.03,,5.11,5.03,5.11,USD,2021-08-18,2021-08-18
WALMART INC,Consumer Cyclical,Fixed Income,285663.24,0.023,285663.24,275000,United States,--,USD,9.32,5.4,1,2040-04-01,5.63,9.36,,5.4,9.36,5.4,USD,2010-04-01,2010-04-01
CUMMINS INC,Consumer Cyclical,Fixed Income,285586.22,0.02299,285586.22,323000,United States,--,USD,3.88,4.8,1,2030-09-01,1.5,3.87,,4.8,3.87,4.8,USD,2020-08-24,2020-08-24
PROGRESSIVE CORPORATION (THE),Insurance,Fixed Income,285593.6,0.02299,285593.6,299000,United States,--,USD,3.35,4.86,1,2030-03-26,3.2,3.37,,4.86,3.37,4.86,USD,2020-03-26,2020-03-26
CANADIAN IMPERIAL BANK (FXD-FRN),Banking,Fixed Income,285602.08,0.02299,285602.08,285000,Canada,--,USD,1.8,4.7,1,2029-06-16,4.72,1.78,,4.7,1.79,4.7,USD,2026-06-16,2026-06-16
CENTERPOINT ENERGY HOUSTON ELECTRI,Electric,Fixed Income,285369.92,0.02297,285369.92,285000,United States,--,USD,5.48,5.2,1,2033-04-01,4.95,5.54,,5.2,5.54,5.2,USD,2023-03-23,2023-03-23
WESTPAC BANKING CORP,Banking,Fixed Income,285205.55,0.02296,285205.55,305000,Australia,--,USD,3.27,4.71,1,2030-01-16,2.65,3.26,,4.71,3.26,4.71,USD,2020-01-16,2020-01-16
PPL ELECTRIC UTILITIES CORPORATION,Electric,Fixed Income,284831.11,0.02293,284831.11,285000,United States,--,USD,5.6,5.18,1,2033-05-15,5.0,5.65,,5.18,5.65,5.18,USD,2023-03-02,2023-03-02
MERCK & CO INC,Consumer Non-Cyclical,Fixed Income,284649.08,0.02292,284649.08,285000,United States,--,USD,5.65,5.12,1,2033-05-22,4.95,5.68,,5.12,5.68,5.12,USD,2026-05-22,2026-05-22
ROYAL BANK OF CANADA MTN,Banking,Fixed Income,284657.3,0.02292,284657.3,275000,Canada,--,USD,1.86,4.66,1,2028-08-01,5.2,1.86,,4.66,1.86,4.66,USD,2023-07-20,2023-07-20
STATE STREET CORP,Banking,Fixed Income,284673.5,0.02292,284673.5,280000,United States,--,USD,3.19,4.8,1,2030-02-28,4.73,3.21,,4.8,3.21,4.8,USD,2025-02-28,2025-02-28
ING GROEP NV FXD-FRN,Banking,Fixed Income,284527.23,0.02291,284527.23,280000,Netherlands,--,USD,1.55,4.78,1,2029-03-25,4.86,1.56,,4.78,1.56,4.78,USD,2025-03-25,2025-03-25
CANADIAN IMPERIAL BANK OF COMMERCE,Banking,Fixed Income,284195.1,0.02288,284195.1,285000,Canada,--,USD,4.24,5.15,1,2032-06-16,5.05,4.26,,5.15,4.26,5.15,USD,2026-06-16,2026-06-16
ESTEE LAUDER COMPANIES INC. (THE),Consumer Non-Cyclical,Fixed Income,284031.46,0.02287,284031.46,305000,United States,--,USD,3.45,4.85,1,2030-04-15,2.6,3.46,,4.85,3.46,4.85,USD,2020-04-13,2020-04-13
TORONTO-DOMINION BANK/THE MTN,Banking,Fixed Income,284115.94,0.02287,284115.94,285000,Canada,--,USD,2.08,4.8,1,2028-10-13,4.11,2.07,,4.8,2.07,4.8,USD,2025-10-14,2025-10-14
ABBVIE INC,Consumer Non-Cyclical,Fixed Income,283876.82,0.02285,283876.82,280000,United States,--,USD,6.71,5.27,1,2035-03-15,5.2,6.76,,5.27,6.76,5.27,USD,2025-02-26,2025-02-26
WALT DISNEY CO,Communications,Fixed Income,283558.52,0.02283,283558.52,285000,United States,--,USD,2.44,4.63,1,2029-03-14,3.75,2.44,,4.63,2.44,4.63,USD,2026-02-12,2026-02-12
APPLE INC,Technology,Fixed Income,283160.52,0.0228,283160.52,343000,United States,--,USD,12.16,5.89,1,2047-02-09,4.25,12.38,,5.89,12.38,5.89,USD,2017-02-09,2017-02-09
AMERICAN EXPRESS COMPANY,Banking,Fixed Income,283237.18,0.0228,283237.18,285000,United States,--,USD,2.53,4.64,1,2029-05-03,4.05,2.57,,4.64,2.57,4.64,USD,2022-05-03,2022-05-03
ABBOTT LABORATORIES,Consumer Non-Cyclical,Fixed Income,283027.6,0.02279,283027.6,287000,United States,--,USD,9.56,5.53,1,2040-05-27,5.3,9.58,,5.53,9.58,5.53,USD,2010-05-27,2010-05-27
NATIONAL AUSTRALIA BANK LTD (NEW Y MTN,Banking,Fixed Income,282979.68,0.02278,282979.68,280000,Australia,--,USD,1.2,4.51,1,2027-10-26,4.5,1.2,,4.51,1.2,4.51,USD,2024-11-26,2024-11-26
UNITED PARCEL SERVICE INC,Transportation,Fixed Income,282818.84,0.02277,282818.84,278000,United States,--,USD,5.43,4.9,1,2033-03-03,4.88,5.49,,4.9,5.49,4.9,USD,2023-02-27,2023-02-27
TOTALENERGIES CAPITAL USA LLC,Energy,Fixed Income,282831.71,0.02277,282831.71,290000,France,--,USD,4.0,4.9,1,2031-01-13,4.25,4.01,,4.9,4.01,4.9,USD,2026-01-13,2026-01-13
ENTERPRISE PRODUCTS OPERATING LLC,Energy,Fixed Income,282719.9,0.02276,282719.9,270000,United States,--,USD,9.39,5.76,1,2041-02-01,5.95,9.43,,5.76,9.43,5.76,USD,2011-01-13,2011-01-13
UNITEDHEALTH GROUP INC,Insurance,Fixed Income,282575.37,0.02275,282575.37,384000,United States,--,USD,12.75,6.06,1,2047-10-15,3.75,12.97,,6.06,12.97,6.06,USD,2017-10-25,2017-10-25
TOYOTA MOTOR CREDIT CORP MTN,Consumer Cyclical,Fixed Income,282275.06,0.02273,282275.06,285000,United States,--,USD,1.42,4.51,1,2028-01-12,3.75,1.41,,4.51,1.41,4.51,USD,2026-01-12,2026-01-12
WW GRAINGER INC,Capital Goods,Fixed Income,282313.19,0.02273,282313.19,327000,United States,--,USD,11.68,5.85,1,2045-06-15,4.6,11.87,,5.85,11.87,5.85,USD,2015-06-11,2015-06-11
PROLOGIS LP,Reits,Fixed Income,282328.55,0.02273,282328.55,309000,United States,--,USD,13.34,5.94,1,2053-06-15,5.25,13.61,,5.94,13.61,5.94,USD,2023-03-30,2023-03-30
PNC FINANCIAL SERVICES GROUP INC (,Banking,Fixed Income,282105.29,0.02271,282105.29,318000,United States,--,USD,4.36,5.06,1,2032-04-23,2.31,4.37,,5.06,4.37,5.06,USD,2021-04-23,2021-04-23
MITSUBISHI UFJ FINANCIAL GROUP INC,Banking,Fixed Income,282145.73,0.02271,282145.73,277000,Japan,--,USD,5.43,5.41,1,2034-04-19,5.41,5.51,,5.32,5.51,5.32,USD,2023-04-19,2023-04-19
AUSTRALIA AND NEW ZEALAND BANKING MTN,Banking,Fixed Income,281937.69,0.0227,281937.69,285000,Australia,--,USD,2.23,4.62,1,2028-12-08,3.92,2.23,,4.62,2.23,4.62,USD,2025-12-08,2025-12-08
BURLINGTON NORTHERN SANTA FE LLC,Transportation,Fixed Income,281819.21,0.02269,281819.21,309000,United States,--,USD,11.0,5.84,1,2044-04-01,4.9,11.15,,5.84,11.15,5.84,USD,2014-03-07,2014-03-07
THERMO FISHER SCIENTIFIC INC,Consumer Non-Cyclical,Fixed Income,281616.13,0.02267,281616.13,285000,United States,--,USD,4.05,4.9,1,2031-03-01,4.2,4.06,,4.9,4.06,4.9,USD,2025-10-07,2025-10-07
FLORIDA POWER & LIGHT CO,Electric,Fixed Income,281157.97,0.02264,281157.97,295000,United States,--,USD,13.3,5.99,1,2054-06-15,5.6,13.57,,5.99,13.57,5.99,USD,2024-06-03,2024-06-03
COMMONSPIRIT HEALTH,Consumer Non-Cyclical,Fixed Income,281146.15,0.02263,281146.15,330000,United States,--,USD,10.41,5.94,1,2042-11-01,4.35,10.45,,5.94,10.45,5.94,USD,2012-10-31,2012-10-31
PACCAR FINANCIAL CORP MTN,Consumer Cyclical,Fixed Income,280957.21,0.02262,280957.21,275000,United States,--,USD,0.99,4.35,1,2027-08-06,4.45,0.98,,4.35,0.98,4.35,USD,2024-08-06,2024-08-06
SOUTHERN CALIFORNIA GAS COMPANY,Natural Gas,Fixed Income,280783.69,0.02261,280783.69,299000,United States,--,USD,3.26,4.83,1,2030-02-01,2.55,3.26,,4.83,3.26,4.83,USD,2020-01-09,2020-01-09
MIZUHO FINANCIAL GROUP INC,Banking,Fixed Income,280872.8,0.02261,280872.8,275000,Japan,--,USD,5.59,5.49,1,2034-07-06,5.75,5.67,,5.42,5.67,5.42,USD,2023-07-06,2023-07-06
NVR INC,Consumer Cyclical,Fixed Income,280413.95,0.02258,280413.95,300000,United States,--,USD,3.48,5.07,1,2030-05-15,3.0,3.51,,5.07,3.51,5.07,USD,2020-05-04,2020-05-04
CANADIAN IMPERIAL BANK OF COMMERCE,Banking,Fixed Income,280461.59,0.02258,280461.59,300000,Canada,--,USD,5.0,5.15,1,2032-04-07,3.6,5.0,,5.15,5.0,5.15,USD,2022-04-07,2022-04-07
BROOKFIELD FINANCE I UK PLC,Brokerage/Asset Managers/Exchanges,Fixed Income,280478.29,0.02258,280478.29,320000,Canada,--,USD,4.99,5.18,1,2032-01-30,2.34,4.99,,5.18,4.99,5.18,USD,2021-07-26,2021-07-26
UNITEDHEALTH GROUP INC,Insurance,Fixed Income,280397.38,0.02257,280397.38,254000,United States,--,USD,7.98,5.53,1,2037-11-15,6.63,7.98,,5.53,7.98,5.53,USD,2007-11-19,2008-02-15
ING GROEP NV,Banking,Fixed Income,280254.27,0.02256,280254.27,290000,Netherlands,--,USD,4.84,5.29,1,2033-03-28,4.25,4.89,,5.22,4.89,5.22,USD,2022-03-28,2022-03-28
ORIX CORPORATION,Financial Other,Fixed Income,279428.95,0.0225,279428.95,275000,Japan,--,USD,6.67,5.49,1,2035-02-25,5.4,6.64,,5.49,6.64,5.49,USD,2025-02-25,2025-02-25
NVIDIA CORPORATION,Technology,Fixed Income,279491.47,0.0225,279491.47,317000,United States,--,USD,4.55,4.79,1,2031-06-15,2.0,4.55,,4.79,4.55,4.79,USD,2021-06-16,2021-06-16
JOHN DEERE CAPITAL CORP MTN,Capital Goods,Fixed Income,279295.16,0.02249,279295.16,280000,United States,--,USD,2.33,4.65,1,2029-01-16,4.5,2.32,,4.65,2.32,4.65,USD,2024-01-08,2024-01-08
SUMITOMO MITSUI FINANCIAL GROUP IN,Banking,Fixed Income,278814.54,0.02245,278814.54,290000,Japan,--,USD,7.24,5.54,1,2037-01-15,5.05,7.39,,5.54,7.39,5.54,USD,2026-01-15,2026-01-15
SHELL FINANCE US INC,Energy,Fixed Income,278595.81,0.02243,278595.81,427000,United States,--,USD,14.04,5.96,1,2049-11-07,3.13,14.26,,5.96,14.26,5.96,USD,2026-05-07,2026-07-08
DUKE ENERGY FLORIDA LLC,Electric,Fixed Income,278505.32,0.02242,278505.32,270000,United States,--,USD,12.81,6.05,1,2053-11-15,6.2,13.07,,6.05,12.98,6.05,USD,2023-11-09,2023-11-09
APPLE INC,Technology,Fixed Income,278518.23,0.02242,278518.23,400000,United States,--,USD,11.26,5.56,1,2041-02-08,2.38,11.31,,5.56,11.31,5.56,USD,2021-02-08,2021-02-08
MIDAMERICAN ENERGY COMPANY,Electric,Fixed Income,278373.47,0.02241,278373.47,383000,United States,--,USD,12.94,6.06,1,2048-08-01,3.65,13.15,,6.06,13.15,6.06,USD,2018-02-01,2018-02-01
ALIBABA GROUP HOLDING LTD,Consumer Cyclical,Fixed Income,278389.8,0.02241,278389.8,380000,China,--,USD,11.03,5.52,1,2041-02-09,2.7,11.08,,5.52,11.08,5.52,USD,2021-02-09,2021-02-09
NIKE INC,Consumer Cyclical,Fixed Income,278081.86,0.02239,278081.86,360000,United States,--,USD,12.14,5.95,1,2045-11-01,3.88,12.32,,5.95,12.32,5.95,USD,2015-10-29,2015-10-29
SIMON PROPERTY GROUP LP,Reits,Fixed Income,277783.19,0.02236,277783.19,246000,United States,--,USD,8.72,5.71,1,2040-02-01,6.75,8.78,,5.7,8.67,5.7,USD,2010-01-25,2010-01-25
SANOFI SA MTN,Consumer Non-Cyclical,Fixed Income,277583.18,0.02235,277583.18,285000,United States,--,USD,5.36,4.86,1,2032-11-03,4.2,5.39,,4.86,5.39,4.86,USD,2025-11-03,2025-11-03
PHILIP MORRIS INTERNATIONAL INC,Consumer Non-Cyclical,Fixed Income,277638.68,0.02235,277638.68,285000,United States,--,USD,3.82,4.92,1,2030-10-29,4.0,3.83,,4.92,3.83,4.92,USD,2025-10-29,2025-10-29
ELI LILLY AND COMPANY,Consumer Non-Cyclical,Fixed Income,277427.9,0.02234,277427.9,273000,United States,--,USD,1.0,4.35,1,2027-08-14,4.15,1.01,,4.35,1.01,4.35,USD,2024-08-14,2024-08-14
PROCTER & GAMBLE CO,Consumer Non-Cyclical,Fixed Income,277514.55,0.02234,277514.55,285000,United States,--,USD,5.41,4.76,1,2032-11-03,4.1,5.4,,4.76,5.4,4.76,USD,2025-11-03,2025-11-03
ASCENSION HEALTH,Consumer Non-Cyclical,Fixed Income,277360.7,0.02233,277360.7,360000,United States,--,USD,10.19,5.64,1,2039-11-15,3.11,10.23,,5.64,10.23,5.64,USD,2019-10-23,2019-10-23
TOTALENERGIES CAPITAL SA,Energy,Fixed Income,277391.12,0.02233,277391.12,278000,France,--,USD,2.08,4.51,1,2028-10-11,3.88,2.08,,4.51,2.08,4.51,USD,2018-10-11,2018-10-11
ELI LILLY AND COMPANY,Consumer Non-Cyclical,Fixed Income,277270.75,0.02232,277270.75,356000,United States,--,USD,13.09,5.83,1,2049-03-15,3.95,13.33,,5.83,13.33,5.83,USD,2019-02-22,2019-02-22
MARSH & MCLENNAN COMPANIES (FXD),Insurance,Fixed Income,277280.95,0.02232,277280.95,275000,United States,--,USD,1.21,4.64,1,2027-11-08,4.55,1.23,,4.64,1.23,4.64,USD,2024-11-08,2024-11-08
BHP BILLITON FINANCE (USA) LTD,Basic Industry,Fixed Income,276715.47,0.02228,276715.47,270000,Australia,--,USD,3.16,4.88,1,2030-02-21,5.0,3.18,,4.88,3.11,4.88,USD,2025-02-21,2025-02-21
BROOKFIELD ASSET MANAGEMENT LTD,Brokerage/Asset Managers/Exchanges,Fixed Income,276747.75,0.02228,276747.75,279000,Canada,--,USD,4.11,5.34,1,2031-04-15,4.83,4.11,,5.34,4.11,5.34,USD,2026-04-17,2026-04-17
NATIONAL RURAL UTILITIES COOPERATI MTN,Electric,Fixed Income,276509.23,0.02226,276509.23,275000,United States,--,USD,1.93,4.74,1,2028-08-25,4.15,1.94,,4.74,1.94,4.74,USD,2025-08-25,2025-08-25
IBM INTERNATIONAL CAPITAL PTE LTD,Technology,Fixed Income,276317.89,0.02225,276317.89,305000,United States,--,USD,10.49,6.38,1,2044-02-05,5.25,10.6,,6.38,10.6,6.38,USD,2024-02-05,2024-02-05
INTERCONTINENTAL EXCHANGE INC,Brokerage/Asset Managers/Exchanges,Fixed Income,276224.25,0.02224,276224.25,482000,United States,--,USD,16.03,6.04,1,2060-09-15,3.0,16.28,,6.04,16.28,6.04,USD,2020-08-20,2020-08-20
PROCTER & GAMBLE CO,Consumer Non-Cyclical,Fixed Income,276137.83,0.02223,276137.83,280000,United States,--,USD,5.53,4.66,1,2033-01-26,4.05,5.53,,4.66,5.53,4.66,USD,2023-01-26,2023-01-26
ENTERGY LOUISIANA LLC,Electric,Fixed Income,276137.98,0.02223,276137.98,348000,United States,--,USD,12.6,6.04,1,2048-09-01,4.2,12.82,,6.04,12.82,6.04,USD,2018-08-14,2018-08-14
PFIZER INC,Consumer Non-Cyclical,Fixed Income,275824.04,0.02221,275824.04,324000,United States,--,USD,11.44,5.83,1,2044-05-15,4.4,11.54,,5.83,11.54,5.83,USD,2014-05-15,2014-05-15
HSBC BANK USA NA MTN,Banking,Fixed Income,275840.89,0.02221,275840.89,250000,United States,--,USD,8.47,5.84,1,2039-01-15,7.0,8.47,,5.84,8.47,5.84,USD,2008-06-18,2008-06-18
MERCK & CO INC,Consumer Non-Cyclical,Fixed Income,275924.4,0.02221,275924.4,275000,United States,--,USD,1.73,4.52,1,2028-05-22,4.3,1.73,,4.52,1.73,4.52,USD,2026-05-22,2026-05-22
TSMC ARIZONA CORP,Technology,Fixed Income,275932.73,0.02221,275932.73,305000,Taiwan,--,USD,14.0,5.26,1,2052-04-22,4.5,14.31,,5.26,14.31,5.26,USD,2022-04-22,2022-04-22
AMERICA MOVIL SAB DE CV,Communications,Fixed Income,275698.89,0.0222,275698.89,283000,Mexico,--,USD,2.53,5.0,1,2029-04-22,3.63,2.55,,5.0,2.55,5.0,USD,2019-04-22,2019-04-22
JOHNSON & JOHNSON,Consumer Non-Cyclical,Fixed Income,275603.19,0.02219,275603.19,525000,United States,--,USD,17.37,5.68,1,2060-09-01,2.45,17.63,,5.68,17.63,5.68,USD,2020-08-25,2020-08-25
SUMITOMO MITSUI FINANCIAL GROUP IN,Banking,Fixed Income,275341.73,0.02217,275341.73,280000,Japan,--,USD,2.33,4.87,1,2029-01-15,4.11,2.32,,4.87,2.32,4.87,USD,2026-01-15,2026-01-15
TOYOTA MOTOR CORPORATION,Consumer Cyclical,Fixed Income,275406.4,0.02217,275406.4,290000,Japan,--,USD,2.78,4.67,1,2029-07-02,2.76,2.77,,4.67,2.77,4.67,USD,2019-07-02,2019-07-02
TSMC ARIZONA CORP,Technology,Fixed Income,275298.22,0.02216,275298.22,280000,Taiwan,--,USD,4.92,4.8,1,2032-04-22,4.25,4.98,,4.8,4.98,4.8,USD,2022-04-22,2022-04-22
CATERPILLAR INC,Capital Goods,Fixed Income,275117.23,0.02215,275117.23,399000,United States,--,USD,14.13,5.73,1,2050-04-09,3.25,14.38,,5.73,14.38,5.73,USD,2020-04-09,2020-04-09
GEORGIA POWER COMPANY,Electric,Fixed Income,275026.65,0.02214,275026.65,305000,United States,--,USD,13.11,5.95,1,2052-05-15,5.13,13.38,,5.95,13.38,5.95,USD,2022-05-04,2022-05-04
APOLLO GLOBAL MANAGEMENT INC,Brokerage/Asset Managers/Exchanges,Fixed Income,274745.68,0.02212,274745.68,295000,United States,--,USD,12.78,6.41,1,2054-05-21,5.8,13.02,,6.41,13.02,6.41,USD,2024-05-21,2024-05-21
CATERPILLAR FINANCIAL SERVICES COR MTN,Capital Goods,Fixed Income,274788.11,0.02212,274788.11,284000,United States,--,USD,1.11,4.4,1,2027-09-14,1.1,1.11,,4.4,1.11,4.4,USD,2020-09-14,2020-09-14
SAN DIEGO GAS & ELECTRIC CO,Electric,Fixed Income,274674.62,0.02211,274674.62,300000,United States,--,USD,12.93,6.12,1,2053-04-01,5.35,13.19,,6.12,13.19,6.12,USD,2023-03-10,2023-03-10
MICROSOFT CORPORATION,Technology,Fixed Income,274677.43,0.02211,274677.43,332000,United States,--,USD,12.16,5.87,1,2047-02-06,4.25,12.38,,5.87,12.38,5.87,USD,2017-02-06,2017-02-06
BERKSHIRE HATHAWAY INC,Insurance,Fixed Income,274522.57,0.0221,274522.57,307000,United States,--,USD,10.82,5.68,1,2043-02-11,4.5,10.9,,5.68,10.9,5.68,USD,2013-02-11,2013-02-11
CATERPILLAR FINANCIAL SERVICES COR MTN,Capital Goods,Fixed Income,274372.33,0.02209,274372.33,275000,United States,--,USD,2.6,4.7,1,2029-05-15,4.3,2.6,,4.7,2.6,4.7,USD,2026-05-15,2026-05-15
BP CAPITAL MARKETS PLC,Energy,Fixed Income,274390.36,0.02209,274390.36,279000,United Kingdom,--,USD,2.17,4.73,1,2028-11-28,3.72,2.2,,4.73,2.2,4.73,USD,2016-11-28,2016-11-28
AMERICA MOVIL SAB DE CV,Communications,Fixed Income,274198.28,0.02208,274198.28,295000,Mexico,--,USD,3.49,5.12,1,2030-05-07,2.88,3.5,,5.12,3.5,5.12,USD,2020-05-07,2020-05-07
META PLATFORMS INC,Communications,Fixed Income,274297.61,0.02208,274297.61,275000,United States,--,USD,4.34,5.06,1,2031-08-15,4.55,4.37,,5.06,4.37,5.06,USD,2024-08-09,2024-08-09
NATIONAL RURAL UTILITIES COOPERATI MTN,Electric,Fixed Income,273976.63,0.02206,273976.63,270000,United States,--,USD,2.62,4.8,1,2029-06-15,5.15,2.65,,4.79,2.58,4.79,USD,2024-05-10,2024-05-10
MICROSOFT CORPORATION,Technology,Fixed Income,273930.34,0.02205,273930.34,485000,United States,--,USD,14.93,6.01,1,2050-09-15,2.5,15.13,,6.01,15.13,6.01,USD,2024-03-15,2024-06-04
CONSOLIDATED EDISON COMPANY OF NEW,Electric,Fixed Income,273701.01,0.02204,273701.01,270000,United States,--,USD,12.57,6.13,1,2052-11-15,6.15,12.83,,6.13,12.72,6.13,USD,2022-11-14,2022-11-14
SALESFORCE INC,Technology,Fixed Income,273590.7,0.02203,273590.7,520000,United States,--,USD,15.66,6.5,1,2061-07-15,3.05,15.88,,6.5,15.88,6.5,USD,2021-07-12,2021-07-12
PFIZER INC,Consumer Non-Cyclical,Fixed Income,273635.77,0.02203,273635.77,458000,United States,--,USD,14.78,5.9,1,2050-05-28,2.7,15.0,,5.9,15.0,5.9,USD,2020-05-28,2020-05-28
UNITEDHEALTH GROUP INC,Insurance,Fixed Income,273427.2,0.02201,273427.2,272000,United States,--,USD,6.94,5.3,1,2035-06-15,5.3,6.98,,5.3,6.98,5.3,USD,2025-06-20,2025-06-20
DUKE ENERGY FLORIDA LLC,Electric,Fixed Income,273431.08,0.02201,273431.08,310000,United States,--,USD,4.93,4.97,1,2031-12-15,2.4,4.93,,4.97,4.93,4.97,USD,2021-12-02,2021-12-02
PROLOGIS LP,Reits,Fixed Income,273279.78,0.022,273279.78,295000,United States,--,USD,13.3,5.93,1,2054-03-15,5.25,13.57,,5.93,13.57,5.93,USD,2024-01-25,2024-01-25
PEPSICO INC,Consumer Non-Cyclical,Fixed Income,273307.39,0.022,273307.39,320000,United States,--,USD,11.95,5.81,1,2046-04-14,4.45,12.15,,5.81,12.15,5.81,USD,2015-10-14,2015-10-14
BROADCOM INC,Technology,Fixed Income,273170.67,0.02199,273170.67,285000,United States,--,USD,5.36,5.23,1,2032-11-15,4.3,5.38,,5.23,5.38,5.23,USD,2020-05-08,2020-08-07
CENTERPOINT ENERGY HOUSTON ELECTRI,Electric,Fixed Income,273183.48,0.02199,273183.48,276000,United States,--,USD,7.0,5.4,1,2035-08-15,4.95,7.03,,5.4,7.03,5.4,USD,2025-08-07,2025-08-07
BANCO SANTANDER SA,Banking,Fixed Income,273192.29,0.02199,273192.29,273000,Spain,--,USD,1.5,4.8,1,2028-02-23,3.8,1.49,,4.8,1.49,4.8,USD,2017-10-23,2017-10-23
CANADIAN NATIONAL RAILWAY COMPANY,Transportation,Fixed Income,272950.94,0.02197,272950.94,283000,Canada,--,USD,6.59,5.14,1,2034-09-18,4.38,6.63,,5.14,6.63,5.14,USD,2024-09-18,2024-09-18
STATE STREET BANK AND TRUST COMPAN,Banking,Fixed Income,272546.85,0.02194,272546.85,270000,United States,--,USD,3.03,4.73,1,2029-11-23,4.78,3.03,,4.73,3.03,4.73,USD,2024-11-25,2024-11-25
TOYOTA MOTOR CREDIT CORP MTN,Consumer Cyclical,Fixed Income,272354.56,0.02193,272354.56,275000,United States,--,USD,4.24,4.98,1,2031-05-14,4.55,4.23,,4.98,4.23,4.98,USD,2026-05-14,2026-05-14
PROCTER & GAMBLE CO,Consumer Non-Cyclical,Fixed Income,272331.35,0.02192,272331.35,273000,United States,--,USD,1.01,4.35,1,2027-08-11,2.85,1.01,,4.35,1.01,4.35,USD,2017-08-11,2017-08-11
AMERICAN HONDA FINANCE CORPORATION MTN,Consumer Cyclical,Fixed Income,271984.11,0.0219,271984.11,270000,United States,--,USD,1.84,4.85,1,2028-07-07,5.13,1.84,,4.85,1.84,4.85,USD,2023-07-07,2023-07-07
UNITEDHEALTH GROUP INC,Insurance,Fixed Income,271747.95,0.02188,271747.95,275000,United States,--,USD,2.57,4.74,1,2029-05-15,4.0,2.6,,4.74,2.6,4.74,USD,2022-05-20,2022-05-20
PAYPAL HOLDINGS INC,Technology,Fixed Income,271638.7,0.02187,271638.7,315000,United States,--,USD,13.01,6.18,1,2052-06-01,5.05,13.26,,6.18,13.26,6.18,USD,2022-05-23,2022-05-23
LOCKHEED MARTIN CORPORATION,Capital Goods,Fixed Income,271582.0,0.02186,271582.0,270000,United States,--,USD,3.59,4.77,1,2030-08-15,4.4,3.6,,4.77,3.6,4.77,USD,2025-07-28,2025-07-28
UNION PACIFIC CORPORATION,Transportation,Fixed Income,271324.1,0.02184,271324.1,370000,United States,--,USD,13.82,5.94,1,2051-10-01,3.8,14.06,,5.94,14.06,5.94,USD,2016-10-04,2016-12-19
PHILIP MORRIS INTERNATIONAL INC,Consumer Non-Cyclical,Fixed Income,271185.89,0.02183,271185.89,304000,United States,--,USD,10.96,5.97,1,2043-11-15,4.88,11.05,,5.97,11.05,5.97,USD,2013-11-12,2013-11-12
UNIVERSITY OF SOUTHERN CALIFORNIA,Industrial Other,Fixed Income,270971.83,0.02182,270971.83,334000,United States,--,USD,8.98,5.41,1,2039-10-01,3.03,8.98,,5.41,8.98,5.41,USD,2016-08-22,2016-08-22
BANK OF NOVA SCOTIA (FXD-FRN) MTN,Banking,Fixed Income,270978.03,0.02182,270978.03,275000,Canada,--,USD,3.67,5.11,1,2031-09-15,4.34,3.68,,5.11,3.68,5.11,USD,2025-09-15,2025-09-15
REALTY INCOME CORPORATION,Reits,Fixed Income,271033.76,0.02182,271033.76,275000,United States,--,USD,5.57,5.26,1,2033-04-15,4.75,5.59,,5.26,5.59,5.26,USD,2026-04-07,2026-04-07
UNITED PARCEL SERVICE INC,Transportation,Fixed Income,271082.92,0.02182,271082.92,305000,United States,--,USD,13.09,6.04,1,2053-03-03,5.05,13.35,,6.04,13.35,6.04,USD,2023-02-27,2023-02-27
WALT DISNEY CO,Communications,Fixed Income,270898.75,0.02181,270898.75,252000,United States,--,USD,6.54,5.18,1,2034-12-15,6.2,6.53,,5.18,6.53,5.18,USD,2019-06-15,2019-11-22
APPLIED MATERIALS INC,Technology,Fixed Income,270706.44,0.02179,270706.44,324000,United States,--,USD,12.25,5.84,1,2047-04-01,4.35,12.49,,5.84,12.49,5.84,USD,2017-03-31,2017-03-31
ELI LILLY AND COMPANY,Consumer Non-Cyclical,Fixed Income,270713.58,0.02179,270713.58,280000,United States,--,USD,14.7,5.97,1,2065-10-15,5.65,14.97,,5.97,14.97,5.97,USD,2025-08-20,2025-08-20
STATE STREET CORP,Banking,Fixed Income,270577.82,0.02178,270577.82,270000,United States,--,USD,5.31,5.22,1,2034-01-26,4.82,5.38,,5.22,5.38,5.22,USD,2023-01-26,2023-01-26
CME GROUP INC,Brokerage/Asset Managers/Exchanges,Fixed Income,270227.54,0.02176,270227.54,277000,United States,--,USD,10.64,5.7,1,2043-09-15,5.3,10.8,,5.7,10.8,5.7,USD,2013-09-09,2013-09-09
CISCO SYSTEMS INC,Technology,Fixed Income,270149.62,0.02175,270149.62,265000,United States,--,USD,1.46,4.51,1,2028-02-24,4.55,1.49,,4.51,1.49,4.51,USD,2025-02-24,2025-02-24
INTERNATIONAL BUSINESS MACHINES CO,Technology,Fixed Income,270074.5,0.02174,270074.5,295000,United States,--,USD,12.58,6.56,1,2055-02-10,5.7,12.81,,6.56,12.81,6.56,USD,2025-02-10,2025-02-10
PUBLIC STORAGE OPERATING CO,Reits,Fixed Income,269862.03,0.02173,269862.03,307000,United States,--,USD,4.86,4.98,1,2031-11-09,2.25,4.85,,4.98,4.85,4.98,USD,2021-11-09,2021-11-09
ECOLAB INC,Basic Industry,Fixed Income,269744.63,0.02172,269744.63,270000,United States,--,USD,1.77,4.6,1,2028-06-15,4.3,1.79,,4.6,1.79,4.6,USD,2025-06-05,2025-06-05
MANUFACTURERS AND TRADERS (FXD-FRN MTN,Banking,Fixed Income,269827.06,0.02172,269827.06,270000,United States,--,USD,2.51,4.94,1,2030-04-18,4.55,2.51,,4.94,2.51,4.94,USD,2026-04-20,2026-04-20
CHUBB INA HOLDINGS LLC,Insurance,Fixed Income,269841.97,0.02172,269841.97,245000,United States,--,USD,8.26,5.46,1,2038-05-15,6.5,8.26,,5.46,8.26,5.46,USD,2008-05-06,2008-05-06
JPMORGAN CHASE & CO,Banking,Fixed Income,269657.44,0.02171,269657.44,415000,United States,--,USD,13.01,5.95,1,2051-04-22,3.11,14.41,,5.94,14.39,5.94,USD,2020-04-22,2020-04-22
SIMON PROPERTY GROUP LP,Reits,Fixed Income,269706.57,0.02171,269706.57,260000,United States,--,USD,5.33,5.2,1,2033-03-08,5.5,5.4,,5.19,5.23,5.19,USD,2023-03-08,2023-03-08
3M CO MTN,Capital Goods,Fixed Income,269382.28,0.02169,269382.28,275000,United States,--,USD,2.39,4.77,1,2029-03-01,3.38,2.42,,4.77,2.42,4.77,USD,2019-02-22,2019-02-22
BP CAPITAL MARKETS AMERICA INC,Energy,Fixed Income,269408.88,0.02169,269408.88,270000,United States,--,USD,1.97,4.7,1,2028-09-21,3.94,2.02,,4.7,2.02,4.7,USD,2018-09-21,2018-09-21
PEPSICO INC,Consumer Non-Cyclical,Fixed Income,269439.52,0.02169,269439.52,310000,United States,--,USD,4.32,4.75,1,2031-02-25,1.4,4.32,,4.75,4.32,4.75,USD,2020-10-07,2020-10-07
TOYOTA MOTOR CREDIT CORP MTN,Consumer Cyclical,Fixed Income,269315.15,0.02168,269315.15,270000,United States,--,USD,3.44,4.86,1,2030-05-17,4.55,3.43,,4.86,3.43,4.86,USD,2023-05-18,2023-05-18
AMERICA MOVIL SAB DE CV,Communications,Fixed Income,269315.25,0.02168,269315.25,247000,Mexico,--,USD,6.51,5.42,1,2035-03-01,6.38,6.49,,5.42,6.49,5.42,USD,2005-02-25,2005-02-25
TRUIST FINANCIAL CORP MTN,Banking,Fixed Income,269151.55,0.02167,269151.55,270000,United States,--,USD,3.91,5.14,1,2032-01-27,4.6,3.92,,5.14,3.92,5.14,USD,2026-01-27,2026-01-27
AMPHENOL CORPORATION,Capital Goods,Fixed Income,269051.05,0.02166,269051.05,275000,United States,--,USD,3.86,4.89,1,2030-11-15,4.13,3.86,,4.89,3.86,4.89,USD,2025-11-10,2025-11-10
GILEAD SCIENCES INC,Consumer Non-Cyclical,Fixed Income,268839.18,0.02164,268839.18,285000,United States,--,USD,14.59,6.05,1,2064-11-15,5.6,14.86,,6.05,14.86,6.05,USD,2024-11-20,2024-11-20
DTE ELECTRIC COMPANY,Electric,Fixed Income,268561.01,0.02162,268561.01,280000,United States,--,USD,13.38,6.01,1,2056-03-01,5.55,13.64,,6.01,13.64,6.01,USD,2026-02-27,2026-02-27
TARGET CORPORATION,Consumer Cyclical,Fixed Income,268262.91,0.0216,268262.91,330000,United States,--,USD,11.0,5.84,1,2042-07-01,4.0,11.06,,5.84,11.06,5.84,USD,2012-06-26,2012-06-26
BURLINGTON NORTHERN SANTA FE LLC,Transportation,Fixed Income,268050.75,0.02158,268050.75,261000,United States,--,USD,9.24,5.6,1,2040-05-01,5.75,9.34,,5.6,9.12,5.6,USD,2010-05-17,2010-05-17
NOVARTIS CAPITAL CORP,Consumer Non-Cyclical,Fixed Income,268105.33,0.02158,268105.33,312000,Switzerland,--,USD,13.81,5.84,1,2054-09-18,4.7,14.09,,5.84,14.09,5.84,USD,2024-09-18,2024-09-18
MITSUBISHI UFJ FINANCIAL GROUP INC,Banking,Fixed Income,267746.34,0.02156,267746.34,270000,Japan,--,USD,6.87,5.53,1,2036-09-12,5.19,7.03,,5.53,7.03,5.53,USD,2025-09-12,2025-09-12
CANADIAN IMPERIAL BANK (FXD-FRN),Banking,Fixed Income,267789.16,0.02156,267789.16,265000,Canada,--,USD,1.07,4.62,1,2028-09-08,4.24,1.07,,4.62,1.07,4.62,USD,2025-09-08,2025-09-08
MIZUHO FINANCIAL GROUP INC,Banking,Fixed Income,267573.72,0.02154,267573.72,260000,Japan,--,USD,3.37,5.27,1,2031-05-27,5.74,3.39,,5.15,3.39,5.15,USD,2023-02-27,2023-02-27
FLORIDA POWER & LIGHT CO,Electric,Fixed Income,267397.87,0.02153,267397.87,441000,United States,--,USD,14.97,5.92,1,2051-12-04,2.88,15.2,,5.92,15.2,5.92,USD,2021-11-18,2021-11-18
CAMDEN PROPERTY TRUST,Reits,Fixed Income,267409.1,0.02153,267409.1,287000,United States,--,USD,3.52,4.94,1,2030-05-15,2.8,3.53,,4.94,3.53,4.94,USD,2020-04-20,2020-04-20
AMERICAN INTERNATIONAL GROUP INC,Insurance,Fixed Income,267311.14,0.02152,267311.14,265000,United States,--,USD,5.45,5.26,1,2033-03-27,5.13,5.5,,5.26,5.5,5.26,USD,2023-03-27,2023-03-27
PFIZER INC,Consumer Non-Cyclical,Fixed Income,267131.14,0.02151,267131.14,335000,United States,--,USD,12.67,5.99,1,2048-09-15,4.2,12.9,,5.99,12.9,5.99,USD,2018-09-07,2018-09-07
CONOCOPHILLIPS,Energy,Fixed Income,267140.94,0.02151,267140.94,251000,United States,--,USD,5.13,4.99,1,2032-10-15,5.9,5.12,,4.99,5.12,4.99,USD,2002-10-09,2003-03-04
JOHNSON & JOHNSON,Consumer Non-Cyclical,Fixed Income,266772.58,0.02148,266772.58,343000,United States,--,USD,12.67,5.72,1,2047-03-03,3.75,12.9,,5.72,12.9,5.72,USD,2017-03-03,2017-03-03
BANK OF NOVA SCOTIA,Banking,Fixed Income,266739.9,0.02147,266739.9,255000,Canada,--,USD,5.95,5.34,1,2034-02-01,5.65,5.93,,5.34,5.93,5.34,USD,2023-12-07,2023-12-07
NATIONAL AUSTRALIA BANK LTD (NEW Y MTN,Banking,Fixed Income,266498.06,0.02146,266498.06,270000,Australia,--,USD,2.25,4.62,1,2028-12-13,3.85,2.24,,4.62,2.24,4.62,USD,2026-01-13,2026-01-13
PRUDENTIAL FINANCIAL INC,Insurance,Fixed Income,266506.02,0.02146,266506.02,363000,United States,--,USD,13.26,6.13,1,2049-12-07,3.94,13.48,,6.13,13.48,6.13,USD,2017-12-07,2018-05-03
SOUTH CAROLINA ELECTRIC & GAS COMP,Electric,Fixed Income,266592.55,0.02146,266592.55,309000,United States,--,USD,14.88,6.07,1,2065-06-01,5.1,15.15,,6.07,15.15,6.07,USD,2015-05-22,2015-05-22
ONCOR ELECTRIC DELIVERY COMPANY LL,Electric,Fixed Income,266272.59,0.02144,266272.59,306000,United States,--,USD,13.05,6.08,1,2052-09-15,4.95,13.3,,6.08,13.3,6.08,USD,2022-09-08,2023-01-13
PROCTER & GAMBLE CO,Consumer Non-Cyclical,Fixed Income,266289.31,0.02144,266289.31,250000,United States,--,USD,7.86,5.01,1,2037-03-05,5.55,7.86,,5.01,7.86,5.01,USD,2007-03-05,2007-03-05
BROOKFIELD FINANCE INC,Brokerage/Asset Managers/Exchanges,Fixed Income,266230.01,0.02143,266230.01,263000,Canada,--,USD,2.36,4.97,1,2029-03-29,4.85,2.45,,4.97,2.45,4.97,USD,2019-01-29,2019-01-29
MERCK & CO INC,Consumer Non-Cyclical,Fixed Income,266240.95,0.02143,266240.95,243000,United States,--,USD,5.84,5.08,1,2033-12-01,6.5,5.83,,5.08,5.83,5.08,USD,2003-11-26,2003-11-26
TYCO ELECTRONICS GROUP SA,Capital Goods,Fixed Income,266247.2,0.02143,266247.2,300000,Switzerland,--,USD,4.98,5.11,1,2032-02-04,2.5,4.98,,5.11,4.98,5.11,USD,2022-02-04,2022-02-04
KENVUE INC,Consumer Non-Cyclical,Fixed Income,266002.91,0.02142,266002.91,260000,United States,--,USD,1.51,4.66,1,2028-03-22,5.05,1.56,,4.64,1.48,4.64,USD,2023-09-22,2023-10-17
BANCO SANTANDER SA (FXD),Banking,Fixed Income,266117.9,0.02142,266117.9,270000,Spain,--,USD,3.82,5.18,1,2030-11-06,4.55,3.8,,5.18,3.8,5.18,USD,2025-11-06,2025-11-06
PRUDENTIAL FINANCIAL INC MTN,Insurance,Fixed Income,265903.39,0.02141,265903.39,265000,United States,--,USD,6.7,5.42,1,2035-03-14,5.2,6.74,,5.42,6.74,5.42,USD,2025-03-14,2025-03-14
TARGET CORPORATION,Consumer Cyclical,Fixed Income,265930.87,0.02141,265930.87,272000,United States,--,USD,2.51,4.62,1,2029-04-15,3.38,2.54,,4.62,2.54,4.62,USD,2019-03-27,2019-03-27
BANK OF AMERICA CORP,Banking,Fixed Income,265777.95,0.0214,265777.95,428000,United States,--,USD,13.62,5.87,1,2052-07-21,2.97,15.11,,5.87,15.11,5.87,USD,2021-07-21,2021-07-21
PAYPAL HOLDINGS INC,Technology,Fixed Income,265792.64,0.0214,265792.64,270000,United States,--,USD,6.28,5.51,1,2034-06-01,5.15,6.32,,5.51,6.32,5.51,USD,2024-05-28,2024-05-28
ALLEGHANY CORPORATION,Insurance,Fixed Income,265155.55,0.02135,265155.55,275000,United States,--,USD,3.44,4.86,1,2030-05-15,3.63,3.48,,4.86,3.48,4.86,USD,2020-05-18,2020-05-18
PHILIP MORRIS INTERNATIONAL INC,Consumer Non-Cyclical,Fixed Income,265239.21,0.02135,265239.21,265000,United States,--,USD,1.01,4.35,1,2027-08-17,3.13,1.02,,4.35,1.02,4.35,USD,2017-08-17,2017-08-17
THERMO FISHER SCIENTIFIC INC,Consumer Non-Cyclical,Fixed Income,264801.16,0.02132,264801.16,270000,United States,--,USD,10.49,5.81,1,2043-08-10,5.4,10.62,,5.81,10.62,5.81,USD,2023-08-10,2023-08-10
TOYOTA MOTOR CREDIT CORP MTN,Consumer Cyclical,Fixed Income,264715.44,0.02131,264715.44,275000,United States,--,USD,1.64,4.55,1,2028-04-06,1.9,1.64,,4.55,1.64,4.55,USD,2021-04-09,2021-04-09
DUKE ENERGY PROGRESS LLC,Electric,Fixed Income,264716.2,0.02131,264716.2,300000,United States,--,USD,4.66,4.85,1,2031-08-15,2.0,4.66,,4.85,4.66,4.85,USD,2021-08-12,2021-08-12
BP CAPITAL MARKETS AMERICA INC,Energy,Fixed Income,264149.74,0.02127,264149.74,295000,United States,--,USD,3.8,4.84,1,2030-08-10,1.75,3.79,,4.84,3.79,4.84,USD,2020-08-10,2020-08-10
WASTE CONNECTIONS INC,Capital Goods,Fixed Income,264024.09,0.02126,264024.09,260000,United States,--,USD,6.98,5.32,1,2035-09-01,5.25,7.01,,5.32,7.01,5.32,USD,2025-06-04,2025-06-04
SIMON PROPERTY GROUP LP,Reits,Fixed Income,264053.79,0.02126,264053.79,265000,United States,--,USD,7.08,5.4,1,2035-10-01,5.13,7.11,,5.4,7.11,5.4,USD,2025-08-19,2025-08-19
ENTERPRISE PRODUCTS OPERATING LLC,Energy,Fixed Income,264122.15,0.02126,264122.15,400000,United States,--,USD,14.49,5.98,1,2053-02-15,3.3,14.72,,5.98,14.72,5.98,USD,2021-09-15,2021-09-15
CATERPILLAR INC,Capital Goods,Fixed Income,263793.55,0.02124,263793.55,269000,United States,--,USD,10.04,5.47,1,2041-05-27,5.2,10.09,,5.47,10.09,5.47,USD,2011-05-27,2011-05-27
GEORGIA POWER COMPANY,Electric,Fixed Income,263716.79,0.02123,263716.79,265000,United States,--,USD,4.92,4.97,1,2032-05-15,4.7,4.98,,4.97,4.98,4.97,USD,2022-05-04,2022-05-04
LOCKHEED MARTIN CORPORATION,Capital Goods,Fixed Income,263521.08,0.02122,263521.08,264000,United States,--,USD,4.65,4.84,1,2031-12-15,4.7,4.69,,4.84,4.69,4.84,USD,2024-12-11,2024-12-11
TRAVELERS COMPANIES INC,Insurance,Fixed Income,263529.87,0.02122,263529.87,265000,United States,--,USD,13.19,5.95,1,2055-07-24,5.7,13.46,,5.95,13.46,5.95,USD,2025-07-24,2025-07-24
MORGAN STANLEY MTN,Banking,Fixed Income,263622.2,0.02122,263622.2,435000,United States,--,USD,13.02,5.98,1,2052-01-25,2.8,14.75,,5.98,14.74,5.98,USD,2021-01-25,2021-01-25
MERCK & CO INC,Consumer Non-Cyclical,Fixed Income,263625.6,0.02122,263625.6,479000,United States,--,USD,16.55,6.0,1,2061-12-10,2.9,16.8,,6.0,16.8,6.0,USD,2021-12-10,2021-12-10
STATE STREET CORP,Banking,Fixed Income,263395.82,0.02121,263395.82,265000,United States,--,USD,4.51,5.02,1,2032-10-22,4.67,4.54,,5.02,4.54,5.02,USD,2024-10-22,2024-10-22
APPLE INC,Technology,Fixed Income,263151.06,0.02119,263151.06,304000,United States,--,USD,11.42,5.75,1,2044-05-06,4.45,11.52,,5.75,11.52,5.75,USD,2014-05-06,2014-05-06
SUMITOMO MITSUI FINANCIAL GROUP IN,Banking,Fixed Income,263119.13,0.02118,263119.13,260000,Japan,--,USD,2.72,4.95,1,2029-07-09,5.32,2.71,,4.95,2.71,4.95,USD,2024-07-09,2024-07-09
STATE STREET CORP,Banking,Fixed Income,262924.45,0.02117,262924.45,256000,United States,--,USD,1.2,4.95,1,2028-11-04,5.82,1.21,,4.65,1.21,4.65,USD,2022-11-04,2022-11-04
INTERCONTINENTAL EXCHANGE INC,Brokerage/Asset Managers/Exchanges,Fixed Income,262995.68,0.02117,262995.68,265000,United States,--,USD,1.94,4.73,1,2028-09-01,3.63,1.97,,4.73,1.97,4.73,USD,2024-09-01,2024-09-11
BRISTOL-MYERS SQUIBB CO,Consumer Non-Cyclical,Fixed Income,262777.52,0.02116,262777.52,288000,United States,--,USD,11.26,5.97,1,2045-08-15,5.0,11.44,,5.97,11.44,5.97,USD,2020-02-15,2020-07-15
GOLDMAN SACHS GROUP INC/THE,Banking,Fixed Income,262717.38,0.02115,262717.38,377000,United States,--,USD,10.55,5.96,1,2042-07-21,2.91,11.24,,5.96,11.24,5.96,USD,2021-07-21,2021-07-21
SUMITOMO MITSUI FINANCIAL GROUP IN,Banking,Fixed Income,262440.04,0.02113,262440.04,300000,Japan,--,USD,4.73,5.2,1,2031-09-17,2.22,4.71,,5.2,4.71,5.2,USD,2021-09-17,2021-09-17
REALTY INCOME CORPORATION,Reits,Fixed Income,262487.57,0.02113,262487.57,260000,United States,--,USD,6.01,5.33,1,2034-02-15,5.13,6.05,,5.33,6.05,5.33,USD,2024-01-16,2024-01-16
MORGAN STANLEY,Banking,Fixed Income,262314.81,0.02112,262314.81,290000,United States,--,USD,8.47,5.69,1,2039-04-22,4.46,8.74,,5.69,8.74,5.69,USD,2018-04-24,2018-04-24
UNILEVER CAPITAL CORP,Consumer Non-Cyclical,Fixed Income,262035.52,0.0211,262035.52,280000,United States,--,USD,2.94,4.64,1,2029-09-06,2.13,2.94,,4.64,2.94,4.64,USD,2019-09-06,2019-09-06
GLAXOSMITHKLINE CAPITAL INC,Consumer Non-Cyclical,Fixed Income,262070.01,0.0211,262070.01,266000,United Kingdom,--,USD,6.87,5.28,1,2035-04-15,4.88,6.91,,5.28,6.91,5.28,USD,2025-03-13,2025-03-13
STATE STREET CORP,Banking,Fixed Income,262128.59,0.0211,262128.59,265000,United States,--,USD,4.15,5.01,1,2032-04-23,4.56,4.16,,5.01,4.16,5.01,USD,2026-04-24,2026-04-24
BURLINGTON NORTHERN SANTA FE LLC,Transportation,Fixed Income,261945.38,0.02109,261945.38,335000,United States,--,USD,12.96,5.96,1,2048-12-15,4.15,13.19,,5.96,13.19,5.96,USD,2018-08-02,2018-08-02
WALT DISNEY CO,Communications,Fixed Income,261803.24,0.02108,261803.24,270000,United States,--,USD,7.48,5.31,1,2036-03-14,4.63,7.47,,5.31,7.47,5.31,USD,2026-02-12,2026-02-12
SOUTHERN CALIFORNIA EDISON COMPANY,Electric,Fixed Income,261840.04,0.02108,261840.04,382000,United States,--,USD,13.1,6.4,1,2050-02-01,3.65,13.3,,6.4,13.3,6.4,USD,2020-01-09,2020-01-09
CONSOLIDATED EDISON COMPANY OF NEW,Electric,Fixed Income,261713.16,0.02107,261713.16,400000,United States,--,USD,15.7,6.0,1,2061-06-15,3.6,15.96,,6.0,15.96,6.0,USD,2021-06-08,2021-06-08
WELLS FARGO BANK NA,Banking,Fixed Income,261597.13,0.02106,261597.13,250000,United States,--,USD,7.4,5.66,1,2036-08-26,5.95,7.37,,5.66,7.37,5.66,USD,2006-08-29,2006-08-29
GEORGIA POWER COMPANY,Electric,Fixed Income,261602.23,0.02106,261602.23,305000,United States,--,USD,10.56,5.85,1,2042-03-15,4.3,10.61,,5.85,10.61,5.85,USD,2012-03-06,2012-03-06
RALPH LAUREN CORP,Consumer Cyclical,Fixed Income,261608.76,0.02106,261608.76,280000,United States,--,USD,3.59,4.91,1,2030-06-15,2.95,3.6,,4.91,3.6,4.91,USD,2020-06-03,2020-06-03
MIZUHO FINANCIAL GROUP INC,Banking,Fixed Income,261621.55,0.02106,261621.55,252000,Japan,--,USD,4.99,5.47,1,2033-09-13,5.67,5.04,,5.33,5.04,5.33,USD,2022-09-13,2022-09-13
KENVUE INC,Consumer Non-Cyclical,Fixed Income,261413.04,0.02105,261413.04,295000,United States,--,USD,14.42,6.1,1,2063-03-22,5.2,14.68,,6.1,14.68,6.1,USD,2023-09-22,2023-10-17
KIMBERLY-CLARK CORPORATION,Consumer Non-Cyclical,Fixed Income,261423.24,0.02105,261423.24,270000,United States,--,USD,1.12,4.26,1,2027-09-15,1.05,1.11,,4.26,1.11,4.26,USD,2020-09-11,2020-09-11
FRANKLIN RESOURCES INC,Brokerage/Asset Managers/Exchanges,Fixed Income,261431.36,0.02105,261431.36,298000,United States,--,USD,4.02,4.92,1,2030-10-30,1.6,4.02,,4.92,4.02,4.92,USD,2020-10-19,2020-10-19
ONCOR ELECTRIC DELIVERY COMPANY LL,Electric,Fixed Income,261393.63,0.02104,261393.63,265000,United States,--,USD,5.15,5.12,1,2032-09-15,4.55,5.2,,5.12,5.2,5.12,USD,2022-09-08,2023-01-20
APOLLO GLOBAL MANAGEMENT INC,Brokerage/Asset Managers/Exchanges,Fixed Income,261089.16,0.02102,261089.16,260000,United States,--,USD,7.2,5.89,1,2036-03-30,5.7,7.21,,5.89,7.21,5.89,USD,2026-03-30,2026-03-30
ASTRAZENECA FINANCE LLC,Consumer Non-Cyclical,Fixed Income,261025.13,0.02101,261025.13,255000,United Kingdom,--,USD,3.16,4.76,1,2030-03-03,4.9,3.22,,4.76,3.08,4.76,USD,2023-03-03,2023-03-03
HOME DEPOT INC,Consumer Cyclical,Fixed Income,260829.72,0.021,260829.72,263000,United States,--,USD,2.16,4.5,1,2028-12-06,3.9,2.22,,4.5,2.22,4.5,USD,2018-12-06,2018-12-06
MIZUHO FINANCIAL GROUP INC,Banking,Fixed Income,260872.96,0.021,260872.96,255000,Japan,--,USD,1.72,5.12,1,2029-05-27,5.67,1.72,,4.85,1.72,4.85,USD,2023-02-27,2023-02-27
NORTHERN STATES POWER COMPANY (MIN,Electric,Fixed Income,260701.74,0.02099,260701.74,320000,United States,--,USD,13.53,5.96,1,2052-06-01,4.5,13.79,,5.96,13.79,5.96,USD,2022-05-09,2022-05-09
ECOLAB INC,Basic Industry,Fixed Income,260725.63,0.02099,260725.63,257000,United States,--,USD,3.19,4.84,1,2030-03-24,4.8,3.28,,4.84,3.28,4.84,USD,2020-03-24,2020-03-24
CHUBB INA HOLDINGS LLC,Insurance,Fixed Income,260603.31,0.02098,260603.31,247000,United States,--,USD,7.87,5.47,1,2037-05-11,6.0,7.86,,5.47,7.86,5.47,USD,2007-05-11,2007-05-11
TRUIST FINANCIAL CORP MTN,Banking,Fixed Income,260495.48,0.02097,260495.48,265000,United States,--,USD,7.22,5.64,1,2037-04-23,5.28,7.4,,5.64,7.4,5.64,USD,2026-04-23,2026-04-23
CENTERPOINT ENERGY RESOURCES CORPO,Natural Gas,Fixed Income,260511.5,0.02097,260511.5,270000,United States,--,USD,5.09,5.15,1,2032-07-01,4.4,5.13,,5.15,5.13,5.15,USD,2022-06-09,2022-06-09
WALT DISNEY CO,Communications,Fixed Income,260516.5,0.02097,260516.5,372000,United States,--,USD,15.44,5.91,1,2060-05-13,3.8,15.71,,5.91,15.71,5.91,USD,2020-05-13,2020-05-13
SOUTHERN CALIFORNIA EDISON COMPANY,Electric,Fixed Income,260524.22,0.02097,260524.22,265000,United States,--,USD,6.27,5.59,1,2034-06-01,5.2,6.3,,5.59,6.3,5.59,USD,2024-01-11,2024-01-11
JPMORGAN CHASE & CO,Banking,Fixed Income,260214.18,0.02095,260214.18,260000,United States,--,USD,10.44,5.85,1,2043-08-16,5.63,10.53,,5.85,10.53,5.85,USD,2013-08-21,2013-08-21
SHELL FINANCE US INC,Energy,Fixed Income,260256.29,0.02095,260256.29,415000,United States,--,USD,14.82,5.89,1,2051-11-26,3.0,15.06,,5.89,15.06,5.89,USD,2026-05-26,2026-07-08
HERSHEY COMPANY THE,Consumer Non-Cyclical,Fixed Income,260077.9,0.02094,260077.9,255000,United States,--,USD,3.18,4.74,1,2030-02-24,4.75,3.2,,4.74,3.2,4.74,USD,2025-02-24,2025-02-24
AMERICAN HONDA FINANCE CORPORATION MTN,Consumer Cyclical,Fixed Income,259902.74,0.02092,259902.74,300000,United States,--,USD,4.21,5.2,1,2031-01-13,1.8,4.19,,5.2,4.19,5.2,USD,2021-01-13,2021-01-13
WALMART INC,Consumer Cyclical,Fixed Income,259606.19,0.0209,259606.19,257000,United States,--,USD,1.06,4.37,1,2027-09-09,3.95,1.08,,4.37,1.08,4.37,USD,2022-09-09,2022-09-09
PPL ELECTRIC UTILITIES CORPORATION,Electric,Fixed Income,259634.02,0.0209,259634.02,285000,United States,--,USD,13.21,6.0,1,2053-05-15,5.25,13.47,,6.0,13.47,6.0,USD,2023-03-02,2023-03-02
COMCAST CORPORATION,Communications,Fixed Income,259444.93,0.02089,259444.93,338000,United States,--,USD,13.25,6.85,1,2058-10-15,4.95,13.46,,6.85,13.46,6.85,USD,2018-10-05,2018-10-05
XILINX INC,Technology,Fixed Income,259504.16,0.02089,259504.16,283000,United States,--,USD,3.6,4.86,1,2030-06-01,2.38,3.6,,4.86,3.6,4.86,USD,2020-05-19,2020-05-19
CHEVRON USA INC,Energy,Fixed Income,259521.31,0.02089,259521.31,255000,United States,--,USD,1.48,4.51,1,2028-02-26,4.47,1.49,,4.51,1.49,4.51,USD,2025-02-26,2025-02-26
PEPSICO INC,Consumer Non-Cyclical,Fixed Income,259331.05,0.02088,259331.05,260000,United States,--,USD,2.73,4.62,1,2029-07-17,4.5,2.76,,4.62,2.76,4.62,USD,2024-07-17,2024-07-17
CONSUMERS ENERGY COMPANY,Electric,Fixed Income,259076.95,0.02086,259076.95,260000,United States,--,USD,3.12,4.84,1,2030-01-15,4.7,3.17,,4.84,3.17,4.84,USD,2024-08-05,2024-08-05
JPMORGAN CHASE & CO,Banking,Fixed Income,259081.54,0.02086,259081.54,283000,United States,--,USD,10.93,5.84,1,2044-02-01,4.85,11.02,,5.84,11.02,5.84,USD,2014-01-28,2014-01-28
SOUTHERN CALIFORNIA EDISON COMPANY,Electric,Fixed Income,259154.49,0.02086,259154.49,260000,United States,--,USD,4.45,5.26,1,2031-09-15,4.95,4.44,,5.26,4.44,5.26,USD,2026-05-07,2026-05-07
RAYMOND JAMES FINANCIAL INC.,Brokerage/Asset Managers/Exchanges,Fixed Income,258761.9,0.02083,258761.9,300000,United States,--,USD,11.78,6.17,1,2046-07-15,4.95,11.93,,6.17,11.93,6.17,USD,2016-07-12,2016-07-12
SIMON PROPERTY GROUP LP,Reits,Fixed Income,258070.1,0.02078,258070.1,265000,United States,--,USD,4.01,4.98,1,2031-01-15,4.3,4.01,,4.98,4.01,4.98,USD,2026-01-13,2026-01-13
ALPHABET INC (FXD),Technology,Fixed Income,258081.67,0.02078,258081.67,260000,United States,--,USD,2.15,4.55,1,2028-11-15,3.88,2.17,,4.55,2.17,4.55,USD,2025-11-06,2025-11-06
ADOBE INC,Technology,Fixed Income,257940.52,0.02077,257940.52,260000,United States,--,USD,6.17,5.32,1,2034-04-04,4.95,6.22,,5.32,6.22,5.32,USD,2024-04-04,2024-04-04
BHP BILLITON FINANCE (USA) LTD,Basic Industry,Fixed Income,258032.32,0.02077,258032.32,250000,Australia,--,USD,3.56,4.91,1,2030-09-08,5.25,3.61,,4.9,3.47,4.9,USD,2023-09-08,2023-09-08
MERCK & CO INC,Consumer Non-Cyclical,Fixed Income,258043.14,0.02077,258043.14,260000,United States,--,USD,3.41,4.74,1,2030-05-17,4.3,3.45,,4.74,3.45,4.74,USD,2023-05-17,2023-05-17
EOG RESOURCES INC,Energy,Fixed Income,257920.87,0.02076,257920.87,295000,United States,--,USD,12.6,6.06,1,2050-04-15,4.95,12.84,,6.06,12.84,6.06,USD,2020-04-14,2020-04-14
TOYOTA MOTOR CREDIT CORP MTN,Consumer Cyclical,Fixed Income,257560.81,0.02074,257560.81,265000,United States,--,USD,1.03,4.4,1,2027-08-13,1.15,1.02,,4.4,1.02,4.4,USD,2020-08-14,2020-08-14
COCA-COLA CO,Consumer Non-Cyclical,Fixed Income,257341.38,0.02072,257341.38,287000,United States,--,USD,4.29,4.7,1,2031-03-05,2.0,4.28,,4.7,4.28,4.7,USD,2021-03-05,2021-03-05
SAN DIEGO GAS & ELECTRIC CO,Electric,Fixed Income,257353.75,0.02072,257353.75,254000,United States,--,USD,6.75,5.42,1,2035-04-15,5.4,6.79,,5.42,6.79,5.42,USD,2025-03-28,2025-03-28
CATERPILLAR INC,Capital Goods,Fixed Income,257218.56,0.02071,257218.56,302000,United States,--,USD,15.38,5.78,1,2064-05-15,4.75,15.66,,5.78,15.66,5.78,USD,2014-05-08,2014-05-08
ENTERPRISE PRODUCTS OPERATING LLC,Energy,Fixed Income,257293.62,0.02071,257293.62,395000,United States,--,USD,14.36,5.99,1,2052-02-15,3.2,14.59,,5.99,14.59,5.99,USD,2020-08-07,2020-08-07
MASTERCARD INC,Technology,Fixed Income,257296.98,0.02071,257296.98,255000,United States,--,USD,5.44,5.01,1,2033-03-09,4.85,5.5,,5.01,5.5,5.01,USD,2023-03-09,2023-03-09
MIZUHO FINANCIAL GROUP INC,Banking,Fixed Income,256972.04,0.02069,256972.04,255000,Japan,--,USD,3.37,5.12,1,2031-05-13,5.1,3.38,,5.12,3.39,5.12,USD,2025-02-13,2025-02-13
WYETH LLC,Consumer Non-Cyclical,Fixed Income,256977.67,0.02069,256977.67,232000,United States,--,USD,5.83,5.25,1,2034-02-01,6.5,5.8,,5.25,5.8,5.25,USD,2003-12-16,2003-12-16
BANK OF NOVA SCOTIA (FXD-FRN) MTN,Banking,Fixed Income,256774.78,0.02067,256774.78,255000,Canada,--,USD,1.1,4.65,1,2028-09-15,4.04,1.09,,4.65,1.09,4.65,USD,2025-09-15,2025-09-15
CITIGROUP INC,Banking,Fixed Income,256664.96,0.02066,256664.96,296000,United States,--,USD,8.44,5.67,1,2039-01-24,3.88,8.71,,5.67,8.71,5.67,USD,2018-01-24,2018-01-24
CSX CORP,Transportation,Fixed Income,256526.92,0.02065,256526.92,315000,United States,--,USD,12.42,5.98,1,2048-03-01,4.3,12.65,,5.98,12.65,5.98,USD,2018-02-20,2018-02-20
ASTRAZENECA PLC,Consumer Non-Cyclical,Fixed Income,256329.17,0.02064,256329.17,260000,United Kingdom,--,USD,2.27,4.64,1,2029-01-17,4.0,2.33,,4.64,2.33,4.64,USD,2018-08-17,2018-08-17
COCA-COLA CO,Consumer Non-Cyclical,Fixed Income,256339.73,0.02064,256339.73,255000,United States,--,USD,6.44,4.88,1,2034-08-14,4.65,6.5,,4.88,6.5,4.88,USD,2024-08-14,2024-08-14
CHEVRON USA INC,Energy,Fixed Income,256257.62,0.02063,256257.62,255000,United States,--,USD,6.85,5.1,1,2035-04-15,4.98,6.9,,5.1,6.9,5.1,USD,2025-02-26,2025-02-26
UNITEDHEALTH GROUP INC,Insurance,Fixed Income,255989.11,0.02061,255989.11,327000,United States,--,USD,12.35,6.08,1,2047-01-15,4.2,12.57,,6.08,12.57,6.08,USD,2016-12-20,2016-12-20
BLACKSTONE REG FINANCE CO LLC,Brokerage/Asset Managers/Exchanges,Fixed Income,255751.18,0.02059,255751.18,260000,United States,--,USD,3.81,4.98,1,2030-11-03,4.3,3.82,,4.98,3.82,4.98,USD,2025-11-03,2025-11-03
TOYOTA MOTOR CREDIT CORP MTN,Consumer Cyclical,Fixed Income,255786.18,0.02059,255786.18,250000,United States,--,USD,4.05,4.96,1,2031-03-21,5.1,4.04,,4.96,4.04,4.96,USD,2024-03-21,2024-03-21
PUBLIC SERVICE COMPANY OF COLORADO,Electric,Fixed Income,255600.51,0.02058,255600.51,295000,United States,--,USD,4.56,5.03,1,2031-06-15,1.88,4.56,,5.03,4.56,5.03,USD,2021-03-01,2021-03-01
AMERICA MOVIL SAB DE CV,Communications,Fixed Income,255618.17,0.02058,255618.17,315000,Mexico,--,USD,12.77,5.99,1,2049-04-22,4.38,13.01,,5.99,13.01,5.99,USD,2019-04-22,2019-04-22
INTERNATIONAL BUSINESS MACHINES CO,Technology,Fixed Income,255653.75,0.02058,255653.75,275000,United States,--,USD,12.67,6.55,1,2056-02-03,5.8,12.89,,6.55,12.89,6.55,USD,2026-02-03,2026-02-03
CSX CORP,Transportation,Fixed Income,255654.73,0.02058,255654.73,255000,United States,--,USD,1.47,4.61,1,2028-03-01,3.8,1.51,,4.61,1.51,4.61,USD,2018-02-20,2018-02-20
BANK OF AMERICA CORP MTN,Banking,Fixed Income,255684.09,0.02058,255684.09,339000,United States,--,USD,12.13,5.98,1,2049-01-23,3.95,13.13,,5.98,13.13,5.98,USD,2018-01-23,2018-01-23
PHILIP MORRIS INTERNATIONAL INC,Consumer Non-Cyclical,Fixed Income,255451.43,0.02057,255451.43,281000,United States,--,USD,3.53,4.91,1,2030-05-01,2.1,3.53,,4.91,3.53,4.91,USD,2020-05-01,2020-05-01
CME GROUP INC,Brokerage/Asset Managers/Exchanges,Fixed Income,255468.75,0.02057,255468.75,320000,United States,--,USD,12.89,5.83,1,2048-06-15,4.15,13.14,,5.83,13.14,5.83,USD,2018-06-21,2018-06-21
BANK OF NEW YORK MELLON CORP/THE MTN,Banking,Fixed Income,255534.98,0.02057,255534.98,255000,United States,--,USD,6.84,5.32,1,2036-06-06,5.32,6.95,,5.32,6.95,5.32,USD,2025-06-10,2025-06-10
PROGRESSIVE CORPORATION (THE),Insurance,Fixed Income,255358.35,0.02056,255358.35,323000,United States,--,USD,12.36,6.0,1,2047-04-15,4.13,12.58,,6.0,12.58,6.0,USD,2017-04-06,2017-04-06
METLIFE INC,Insurance,Fixed Income,255231.5,0.02055,255231.5,236000,United States,--,USD,5.23,5.12,1,2032-12-15,6.5,5.21,,5.12,5.21,5.12,USD,2002-12-10,2002-12-10
BURLINGTON NORTHERN SANTA FE LLC,Transportation,Fixed Income,255241.64,0.02055,255241.64,269000,United States,--,USD,10.63,5.81,1,2043-09-01,5.15,10.78,,5.81,10.78,5.81,USD,2013-08-22,2013-08-22
APPLIED MATERIALS INC,Technology,Fixed Income,255123.69,0.02054,255123.69,285000,United States,--,USD,3.65,4.83,1,2030-06-01,1.75,3.64,,4.83,3.64,4.83,USD,2020-05-29,2020-05-29
AIR PRODUCTS AND CHEMICALS INC,Basic Industry,Fixed Income,254992.45,0.02053,254992.45,255000,United States,--,USD,1.76,4.58,1,2028-06-11,4.3,1.78,,4.58,1.78,4.58,USD,2025-06-11,2025-06-11
SALESFORCE INC,Technology,Fixed Income,255041.22,0.02053,255041.22,390000,United States,--,USD,11.27,6.31,1,2041-07-15,2.7,11.29,,6.31,11.29,6.31,USD,2021-07-12,2021-07-12
ENTERPRISE PRODUCTS OPERATING LLC,Energy,Fixed Income,254892.0,0.02052,254892.0,350000,United States,--,USD,13.61,5.96,1,2051-01-31,3.7,13.85,,5.96,13.85,5.96,USD,2020-01-15,2020-01-15
JPMORGAN CHASE & CO,Banking,Fixed Income,254702.28,0.02051,254702.28,370000,United States,--,USD,10.58,5.78,1,2041-11-19,2.52,11.12,,5.78,11.12,5.78,USD,2020-11-19,2020-11-19
BERKSHIRE HATHAWAY ENERGY CO,Electric,Fixed Income,254702.56,0.02051,254702.56,315000,United States,--,USD,13.44,6.15,1,2053-05-01,4.6,13.68,,6.15,13.68,6.15,USD,2022-11-01,2023-02-08
JPMORGAN CHASE & CO,Banking,Fixed Income,254509.77,0.02049,254509.77,323000,United States,--,USD,11.67,5.98,1,2048-07-24,4.03,12.6,,5.98,12.59,5.98,USD,2017-07-24,2017-07-24
TORONTO-DOMINION BANK/THE MTN,Banking,Fixed Income,254539.12,0.02049,254539.12,255000,Canada,--,USD,2.78,4.89,1,2029-07-27,4.85,2.77,,4.89,2.77,4.89,USD,2026-07-28,2026-07-28
PROLOGIS LP,Reits,Fixed Income,254447.75,0.02048,254447.75,255000,United States,--,USD,6.64,5.39,1,2035-01-31,5.0,6.67,,5.39,6.67,5.39,USD,2024-07-23,2024-07-23
APPLE INC,Technology,Fixed Income,254209.46,0.02047,254209.46,255000,United States,--,USD,3.39,4.48,1,2030-05-10,4.15,3.44,,4.48,3.44,4.48,USD,2023-05-10,2023-05-10
FEDEX 2020-1 CLASS AA,Transportation,Fixed Income,254112.28,0.02046,254112.28,295066,United States,--,USD,5.1,4.85,1,2035-08-20,1.88,5.1,,4.85,5.1,4.85,USD,2020-08-13,2020-08-13
ASTRAZENECA PLC,Consumer Non-Cyclical,Fixed Income,254117.24,0.02046,254117.24,305000,United Kingdom,--,USD,10.97,5.73,1,2042-09-18,4.0,11.04,,5.73,11.04,5.73,USD,2012-09-18,2012-09-18
PFIZER INC,Consumer Non-Cyclical,Fixed Income,253842.69,0.02044,253842.69,359000,United States,--,USD,10.84,5.67,1,2040-05-28,2.55,10.87,,5.67,10.87,5.67,USD,2020-05-28,2020-05-28
BANK OF NEW YORK MELLON CORP/THE MTN,Banking,Fixed Income,253792.38,0.02043,253792.38,250000,United States,--,USD,2.69,5.0,1,2030-07-26,4.6,2.71,,4.86,2.71,4.86,USD,2022-07-26,2022-07-26
CSX CORP,Transportation,Fixed Income,253679.77,0.02042,253679.77,310000,United States,--,USD,11.38,5.9,1,2044-03-15,4.1,11.52,,5.9,11.52,5.9,USD,2012-10-22,2012-10-22
SOUTHERN CALIFORNIA EDISON CO,Electric,Fixed Income,253348.13,0.0204,253348.13,304000,United States,--,USD,10.76,6.4,1,2043-10-01,4.65,10.86,,6.4,10.86,6.4,USD,2013-10-02,2013-10-02
SIMON PROPERTY GROUP LP,Reits,Fixed Income,253368.11,0.0204,253368.11,255000,United States,--,USD,3.71,4.91,1,2030-10-01,4.38,3.73,,4.91,3.73,4.91,USD,2025-08-19,2025-08-19
COMMONWEALTH BANK OF AUSTRALIA (NE MTN,Banking,Fixed Income,253373.67,0.0204,253373.67,250000,Australia,--,USD,1.55,4.57,1,2028-03-14,4.42,1.54,,4.57,1.54,4.57,USD,2025-03-14,2025-03-14
DUKE ENERGY CAROLINAS LLC,Electric,Fixed Income,253163.4,0.02038,253163.4,256000,United States,--,USD,9.26,5.67,1,2040-02-15,5.3,9.27,,5.67,9.27,5.67,USD,2009-11-19,2009-11-19
SUMITOMO MITSUI FINANCIAL GROUP IN,Banking,Fixed Income,253017.0,0.02037,253017.0,250000,Japan,--,USD,4.31,5.19,1,2031-07-09,5.42,4.3,,5.19,4.3,5.19,USD,2024-07-09,2024-07-09
COMCAST CORPORATION,Communications,Fixed Income,252720.99,0.02035,252720.99,273000,United States,--,USD,6.48,5.65,1,2034-08-15,4.2,6.53,,5.65,6.53,5.65,USD,2014-08-12,2014-08-12
GENERAL DYNAMICS CORPORATION,Capital Goods,Fixed Income,252622.59,0.02034,252622.59,254000,United States,--,USD,1.66,4.47,1,2028-05-15,3.75,1.72,,4.47,1.72,4.47,USD,2018-05-11,2018-05-11
BANK OF NEW YORK MELLON CORP/THE MTN,Banking,Fixed Income,252488.53,0.02033,252488.53,255000,United States,--,USD,4.15,4.97,1,2032-04-23,4.54,4.17,,4.97,4.17,4.97,USD,2026-04-23,2026-04-23
NATIONAL BANK OF CANADA MTN,Banking,Fixed Income,252507.95,0.02033,252507.95,255000,Canada,--,USD,4.22,5.22,1,2032-06-04,4.93,4.24,,5.22,4.24,5.22,USD,2026-06-04,2026-06-04
CONSOLIDATED EDISON COMPANY OF NEW,Electric,Fixed Income,252510.98,0.02033,252510.98,298000,United States,--,USD,11.13,6.01,1,2044-03-15,4.45,11.27,,6.01,11.27,6.01,USD,2014-03-06,2014-03-06
QUALCOMM INCORPORATED,Technology,Fixed Income,252391.47,0.02032,252391.47,267000,United States,--,USD,1.77,4.59,1,2028-05-20,1.3,1.76,,4.59,1.76,4.59,USD,2020-11-20,2021-01-04
SHELL FINANCE US INC,Energy,Fixed Income,252422.19,0.02032,252422.19,333000,United States,--,USD,12.48,5.94,1,2046-09-12,3.75,12.63,,5.94,12.63,5.94,USD,2024-09-12,2024-10-08
ELI LILLY AND COMPANY,Consumer Non-Cyclical,Fixed Income,252254.56,0.02031,252254.56,285000,United States,--,USD,13.32,5.88,1,2053-02-27,4.88,13.58,,5.88,13.58,5.88,USD,2023-02-27,2023-02-27
MITSUBISHI UFJ FINANCIAL GROUP INC,Banking,Fixed Income,252260.98,0.02031,252260.98,255000,Japan,--,USD,10.63,6.07,1,2047-04-21,5.87,11.32,,6.07,11.31,6.07,USD,2026-04-21,2026-04-21
BRISTOL-MYERS SQUIBB CO,Consumer Non-Cyclical,Fixed Income,252296.35,0.02031,252296.35,239000,United States,--,USD,5.79,5.16,1,2033-11-15,5.9,5.86,,5.14,5.7,5.14,USD,2023-11-13,2023-11-13
ENTERPRISE PRODUCTS OPERATING LLC,Energy,Fixed Income,252108.4,0.0203,252108.4,250000,United States,--,USD,9.88,5.86,1,2042-02-15,5.7,9.92,,5.86,9.92,5.86,USD,2011-08-24,2011-08-24
PROLOGIS LP,Reits,Fixed Income,252210.6,0.0203,252210.6,260000,United States,--,USD,7.58,5.45,1,2036-06-15,4.9,7.61,,5.45,7.61,5.45,USD,2026-04-23,2026-04-23
NATIONAL AUSTRALIA BANK LTD (NEW Y MTN,Banking,Fixed Income,252033.03,0.02029,252033.03,250000,Australia,--,USD,3.17,4.68,1,2030-01-14,4.9,3.16,,4.68,3.16,4.68,USD,2025-01-14,2025-01-14
PHILIP MORRIS INTERNATIONAL INC,Consumer Non-Cyclical,Fixed Income,252083.54,0.02029,252083.54,260000,United States,--,USD,7.52,5.43,1,2036-04-29,4.88,7.54,,5.43,7.54,5.43,USD,2026-04-29,2026-04-29
WALT DISNEY CO,Communications,Fixed Income,251881.58,0.02028,251881.58,260000,United States,--,USD,1.43,4.46,1,2028-01-13,2.2,1.42,,4.46,1.42,4.46,USD,2020-05-13,2020-05-13
JOHNSONVILLE AERODERIVATIVE COMBUS,Electric,Fixed Income,251785.99,0.02027,251785.99,269849,United States,--,USD,10.41,5.86,1,2054-10-01,5.08,10.6,,5.86,10.6,5.86,USD,2024-10-02,2024-10-02
GEORGIA POWER COMPANY,Electric,Fixed Income,251678.65,0.02026,251678.65,249000,United States,--,USD,6.65,5.31,1,2035-03-15,5.2,6.76,,5.31,6.76,5.31,USD,2025-03-03,2025-03-03
UNITEDHEALTH GROUP INC,Insurance,Fixed Income,251471.22,0.02025,251471.22,284000,United States,--,USD,10.3,5.85,1,2041-11-15,4.63,10.4,,5.85,10.4,5.85,USD,2011-11-10,2011-11-10
NETFLIX INC,Communications,Fixed Income,251511.8,0.02025,251511.8,255000,United States,--,USD,7.68,5.43,1,2036-08-15,5.25,7.72,,5.43,7.72,5.43,USD,2026-07-22,2026-07-22
SIMON PROPERTY GROUP LP,Reits,Fixed Income,251544.87,0.02025,251544.87,375000,United States,--,USD,13.74,5.99,1,2049-09-13,3.25,13.96,,5.99,13.96,5.99,USD,2019-09-13,2019-09-13
COOPERATIEVE RABOBANK UA (NEW YORK MTN,Banking,Fixed Income,251408.57,0.02024,251408.57,250000,Netherlands,--,USD,2.95,4.71,1,2029-10-17,4.49,2.94,,4.71,2.94,4.71,USD,2024-10-17,2024-10-17
COOPERATIEVE RABOBANK UA (NEW YORK MTN,Banking,Fixed Income,251274.96,0.02023,251274.96,250000,Netherlands,--,USD,2.3,4.66,1,2029-01-09,4.8,2.29,,4.66,2.29,4.66,USD,2024-01-09,2024-01-09
SUMITOMO MITSUI FINANCIAL GROUP IN,Banking,Fixed Income,251138.42,0.02022,251138.42,240000,Japan,--,USD,5.72,5.37,1,2033-09-14,5.81,5.69,,5.37,5.69,5.37,USD,2023-09-14,2023-09-14
COOPERATIEVE RABOBANK UA (NEW YORK MTN,Banking,Fixed Income,251155.34,0.02022,251155.34,250000,Netherlands,--,USD,1.43,4.58,1,2028-01-21,4.88,1.43,,4.58,1.43,4.58,USD,2025-01-21,2025-01-21
TOYOTA MOTOR CREDIT CORP (FXD) MTN,Consumer Cyclical,Fixed Income,250974.3,0.02021,250974.3,250000,United States,--,USD,1.98,4.63,1,2028-09-05,4.05,1.97,,4.63,1.97,4.63,USD,2025-09-05,2025-09-05
MORGAN STANLEY BANK NA FXD-FRN,Banking,Fixed Income,250796.37,0.02019,250796.37,250000,United States,--,USD,0.94,4.68,1,2028-07-14,4.97,0.94,,4.68,0.94,4.68,USD,2024-07-19,2024-07-19
BANCO SANTANDER SA,Banking,Fixed Income,250607.93,0.02018,250607.93,250000,Spain,--,USD,2.51,5.0,1,2029-04-15,4.6,2.5,,5.0,2.5,5.0,USD,2026-04-15,2026-04-15
EXXON MOBIL CORP,Energy,Fixed Income,250627.91,0.02018,250627.91,330000,United States,--,USD,12.11,5.82,1,2045-03-06,3.57,12.27,,5.82,12.27,5.82,USD,2015-03-06,2015-03-06
LOCKHEED MARTIN CORPORATION,Capital Goods,Fixed Income,250696.89,0.02018,250696.89,230000,United States,--,USD,7.41,5.3,1,2036-09-01,6.15,7.39,,5.3,7.39,5.3,USD,2006-08-30,2006-12-18
MANUFACTURERS AND TRADERS TRUST CO,Banking,Fixed Income,250537.86,0.02017,250537.86,250000,United States,--,USD,1.02,4.62,1,2027-08-17,3.4,1.02,,4.62,1.02,4.62,USD,2017-08-17,2017-08-17
DIAGEO CAPITAL PLC,Consumer Non-Cyclical,Fixed Income,250375.27,0.02016,250375.27,240000,United Kingdom,--,USD,5.22,5.21,1,2033-01-24,5.5,5.28,,5.2,5.1,5.2,USD,2022-10-24,2022-10-24
HOME DEPOT INC,Consumer Cyclical,Fixed Income,250390.25,0.02016,250390.25,287000,United States,--,USD,4.76,4.85,1,2031-09-15,1.88,4.76,,4.85,4.76,4.85,USD,2021-09-21,2021-09-21
COMCAST CORPORATION,Communications,Fixed Income,250277.8,0.02015,250277.8,225000,United States,--,USD,5.23,5.46,1,2033-03-15,7.05,5.21,,5.46,5.21,5.46,USD,2003-03-14,2003-03-14
COOPERATIEVE RABOBANK UA (NEW YORK MTN,Banking,Fixed Income,250151.49,0.02014,250151.49,250000,Netherlands,--,USD,1.78,4.61,1,2028-06-09,4.34,1.77,,4.61,1.77,4.61,USD,2026-06-09,2026-06-09
PEPSICO INC,Consumer Non-Cyclical,Fixed Income,250057.54,0.02013,250057.54,415000,United States,--,USD,15.09,5.83,1,2051-10-21,2.75,15.32,,5.83,15.32,5.83,USD,2021-10-21,2021-10-21
HOME DEPOT INC,Consumer Cyclical,Fixed Income,249919.52,0.02012,249919.52,455000,United States,--,USD,15.3,5.95,1,2051-03-15,2.38,15.51,,5.95,15.51,5.95,USD,2021-01-07,2021-01-07
COMCAST CORPORATION,Communications,Fixed Income,249941.11,0.02012,249941.11,235000,United States,--,USD,6.94,5.78,1,2035-11-15,6.5,6.91,,5.78,6.91,5.78,USD,2005-11-14,2005-11-14
NATIONAL AUSTRALIA BANK LTD (NEW Y MTN,Banking,Fixed Income,249735.73,0.02011,249735.73,250000,Australia,--,USD,2.65,4.7,1,2029-06-04,4.43,2.64,,4.7,2.64,4.7,USD,2026-06-04,2026-06-04
APPLE INC,Technology,Fixed Income,249743.89,0.02011,249743.89,445000,United States,--,USD,16.4,5.93,1,2061-08-05,2.85,16.66,,5.93,16.66,5.93,USD,2021-08-05,2021-08-05
REALTY INCOME CORPORATION,Reits,Fixed Income,249781.72,0.02011,249781.72,255000,United States,--,USD,5.77,5.27,1,2033-07-15,4.9,5.82,,5.27,5.82,5.27,USD,2023-04-14,2023-04-14
STATE STREET BANK AND TRUST COMPAN,Banking,Fixed Income,249646.29,0.0201,249646.29,250000,United States,--,USD,2.77,4.75,1,2029-07-23,4.7,2.77,,4.75,2.77,4.75,USD,2026-07-23,2026-07-23
WALT DISNEY CO,Communications,Fixed Income,249706.63,0.0201,249706.63,412000,United States,--,USD,14.26,6.01,1,2049-09-01,2.75,14.46,,6.01,14.46,6.01,USD,2019-09-06,2019-09-06
MERCK & CO INC,Consumer Non-Cyclical,Fixed Income,249711.14,0.0201,249711.14,445000,United States,--,USD,15.18,5.92,1,2050-06-24,2.45,15.39,,5.92,15.39,5.92,USD,2020-06-24,2020-06-24
ELI LILLY AND COMPANY,Consumer Non-Cyclical,Fixed Income,249486.04,0.02009,249486.04,275000,United States,--,USD,14.65,5.97,1,2064-08-14,5.2,14.92,,5.97,14.92,5.97,USD,2024-08-14,2024-08-14
COMCAST CORPORATION,Communications,Fixed Income,249486.53,0.02009,249486.53,308000,United States,--,USD,8.18,5.74,1,2036-07-15,3.2,8.19,,5.74,8.19,5.74,USD,2016-07-19,2016-07-19
BANCO SANTANDER SA,Banking,Fixed Income,249548.73,0.02009,249548.73,260000,Spain,--,USD,2.75,4.88,1,2029-06-27,3.31,2.74,,4.88,2.74,4.88,USD,2019-06-27,2019-06-27
HOME DEPOT INC,Consumer Cyclical,Fixed Income,249564.25,0.02009,249564.25,387000,United States,--,USD,14.11,5.99,1,2049-12-15,3.13,14.34,,5.99,14.34,5.99,USD,2020-01-13,2020-01-13
JOHNSON & JOHNSON,Consumer Non-Cyclical,Fixed Income,249581.35,0.02009,249581.35,295000,United States,--,USD,9.1,5.21,1,2038-01-15,3.4,9.15,,5.21,9.15,5.21,USD,2017-11-10,2017-11-10
UNITEDHEALTH GROUP INC,Insurance,Fixed Income,249422.44,0.02008,249422.44,260000,United States,--,USD,2.85,4.77,1,2029-08-15,2.88,2.84,,4.77,2.84,4.77,USD,2019-07-25,2019-07-25
NATIONAL AUSTRALIA BANK LTD (NEW Y MTN,Banking,Fixed Income,249466.12,0.02008,249466.12,250000,Australia,--,USD,3.51,4.74,1,2030-06-13,4.53,3.51,,4.74,3.51,4.74,USD,2025-06-13,2025-06-13
COOPERATIEVE RABOBANK UA (NEW YORK MTN,Banking,Fixed Income,249257.93,0.02007,249257.93,250000,Netherlands,--,USD,2.09,4.6,1,2028-10-17,3.96,2.09,,4.6,2.09,4.6,USD,2025-10-17,2025-10-17
SIMON PROPERTY GROUP LP,Reits,Fixed Income,249293.16,0.02007,249293.16,277000,United States,--,USD,4.17,4.96,1,2031-02-01,2.2,4.16,,4.96,4.16,4.96,USD,2021-01-21,2021-01-21
PNC BANK NA (FXD) MTN,Banking,Fixed Income,249301.48,0.02007,249301.48,250000,United States,--,USD,0.97,4.58,1,2028-07-21,4.43,0.96,,4.58,0.96,4.58,USD,2025-07-21,2025-07-21
PROVIDENCE ST JOSEPH HEALTH,Consumer Non-Cyclical,Fixed Income,249109.06,0.02006,249109.06,266000,United States,--,USD,2.98,4.98,1,2029-10-01,2.53,2.98,,4.98,2.98,4.98,USD,2019-10-01,2019-10-01
COCA-COLA CO,Consumer Non-Cyclical,Fixed Income,249152.42,0.02006,249152.42,335000,United States,--,USD,11.17,5.49,1,2041-05-05,2.88,11.21,,5.49,11.21,5.49,USD,2021-05-05,2021-05-05
AEP TRANSMISSION COMPANY LLC,Electric,Fixed Income,249102.61,0.02005,249102.61,265000,United States,--,USD,12.97,6.0,1,2053-03-15,5.4,13.23,,6.0,13.23,6.0,USD,2023-03-13,2023-03-13
REALTY INCOME CORPORATION,Reits,Fixed Income,248765.24,0.02003,248765.24,245000,United States,--,USD,3.19,4.91,1,2030-03-15,4.85,3.25,,4.91,3.25,4.91,USD,2023-01-13,2023-01-13
NATIONAL RURAL UTILITIES COOPERATI,Electric,Fixed Income,248806.91,0.02003,248806.91,240000,United States,--,USD,5.21,5.15,1,2033-01-15,5.8,5.37,,5.1,5.02,5.1,USD,2022-10-31,2022-10-31
PHILIP MORRIS INTERNATIONAL INC,Consumer Non-Cyclical,Fixed Income,248813.93,0.02003,248813.93,245000,United States,--,USD,1.22,4.63,1,2027-11-17,5.13,1.25,,4.6,1.17,4.6,USD,2022-11-17,2022-11-17
OKLAHOMA GAS AND ELECTRIC COMPANY,Electric,Fixed Income,248434.53,0.02,248434.53,260000,United States,--,USD,12.85,6.07,1,2053-04-01,5.6,13.11,,6.07,13.11,6.07,USD,2023-04-03,2023-04-03
ASTRAZENECA FINANCE LLC,Consumer Non-Cyclical,Fixed Income,248459.54,0.02,248459.54,255000,United Kingdom,--,USD,5.54,5.06,1,2033-03-02,4.3,5.56,,5.06,5.56,5.06,USD,2026-03-02,2026-03-02
3M CO MTN,Capital Goods,Fixed Income,248242.1,0.01999,248242.1,250000,United States,--,USD,1.97,4.62,1,2028-09-14,3.63,2.01,,4.62,2.01,4.62,USD,2018-09-14,2018-09-14
AMERICAN HONDA FINANCE CORPORATION MTN,Consumer Cyclical,Fixed Income,248336.37,0.01999,248336.37,250000,United States,--,USD,3.65,5.15,1,2030-09-04,4.5,3.64,,5.15,3.64,5.15,USD,2025-09-04,2025-09-04
BANK OF NEW YORK MELLON CORP/THE MTN,Banking,Fixed Income,247999.23,0.01997,247999.23,256000,United States,--,USD,2.13,4.79,1,2028-10-30,3.0,2.14,,4.79,2.14,4.79,USD,2016-10-31,2016-10-31
TORONTO-DOMINION BANK/THE MTN,Banking,Fixed Income,248054.75,0.01997,248054.75,240000,Canada,--,USD,4.64,5.13,1,2032-01-30,5.3,4.62,,5.13,4.62,5.13,USD,2025-01-31,2025-01-31
PUBLIC SERVICE ELECTRIC AND GAS CO MTN,Electric,Fixed Income,247925.58,0.01996,247925.58,270000,United States,--,USD,4.99,5.01,1,2032-03-15,3.1,5.01,,5.01,5.01,5.01,USD,2022-03-11,2022-03-11
HOME DEPOT INC,Consumer Cyclical,Fixed Income,247616.47,0.01994,247616.47,272000,United States,--,USD,10.87,5.9,1,2044-02-15,4.88,11.02,,5.9,11.02,5.9,USD,2013-09-10,2013-09-10
TRUIST FINANCIAL CORP MTN,Banking,Fixed Income,247637.2,0.01994,247637.2,235000,United States,--,USD,5.05,5.44,1,2033-10-28,6.12,5.11,,5.37,5.11,5.37,USD,2022-10-28,2022-10-28
PPL ELECTRIC UTILITIES CORPORATION,Electric,Fixed Income,247567.26,0.01993,247567.26,255000,United States,--,USD,13.45,6.04,1,2056-05-15,5.75,13.72,,6.04,13.72,6.04,USD,2026-05-15,2026-05-15
COMMONWEALTH BANK OF AUSTRALIA (NE MTN,Banking,Fixed Income,247574.78,0.01993,247574.78,250000,Australia,--,USD,3.75,4.75,1,2030-10-01,4.15,3.75,,4.75,3.75,4.75,USD,2025-10-01,2025-10-01
COMMONSPIRIT HEALTH,Consumer Non-Cyclical,Fixed Income,247613.99,0.01993,247613.99,250000,United States,--,USD,6.5,5.58,1,2034-12-01,5.32,6.6,,5.58,6.6,5.58,USD,2024-03-20,2024-03-20
ERP OPERATING LP,Reits,Fixed Income,247159.27,0.0199,247159.27,265000,United States,--,USD,3.3,4.92,1,2030-02-15,2.5,3.3,,4.92,3.3,4.92,USD,2019-08-27,2019-08-27
TEXAS INSTRUMENTS INC,Technology,Fixed Income,247187.92,0.0199,247187.92,245000,United States,--,USD,6.05,5.06,1,2034-02-08,4.85,6.1,,5.06,6.1,5.06,USD,2024-02-08,2024-02-08
UNITEDHEALTH GROUP INC,Insurance,Fixed Income,247198.32,0.0199,247198.32,295000,United States,--,USD,10.91,5.94,1,2043-03-15,4.25,11.02,,5.94,11.02,5.94,USD,2013-02-28,2013-02-28
RAYMOND JAMES FINANCIAL INC.,Brokerage/Asset Managers/Exchanges,Fixed Income,247204.38,0.0199,247204.38,260000,United States,--,USD,13.13,6.17,1,2055-09-11,5.65,13.38,,6.17,13.38,6.17,USD,2025-09-11,2025-09-11
VISA INC,Technology,Fixed Income,247217.93,0.0199,247217.93,473000,United States,--,USD,15.84,5.76,1,2050-08-15,2.0,16.05,,5.76,16.05,5.76,USD,2020-08-17,2020-08-17
UNION PACIFIC CORPORATION,Transportation,Fixed Income,247027.28,0.01989,247027.28,285000,United States,--,USD,8.68,5.36,1,2037-09-15,3.6,8.72,,5.36,8.72,5.36,USD,2017-09-19,2017-09-19
ENTERGY LOUISIANA LLC,Electric,Fixed Income,247055.08,0.01989,247055.08,255000,United States,--,USD,12.93,6.09,1,2054-03-15,5.7,13.19,,6.09,13.19,6.09,USD,2024-03-08,2024-03-08
US BANCORP MTN,Banking,Fixed Income,247086.06,0.01989,247086.06,250000,United States,--,USD,7.1,5.47,1,2037-01-26,5.03,7.24,,5.47,7.24,5.47,USD,2026-01-26,2026-01-26
GEORGIA POWER COMPANY,Electric,Fixed Income,247090.85,0.01989,247090.85,245000,United States,--,USD,1.64,4.65,1,2028-05-16,4.65,1.71,,4.65,1.71,4.65,USD,2023-05-04,2023-05-04
PRUDENTIAL FINANCIAL INC MTN,Insurance,Fixed Income,247110.58,0.01989,247110.58,308000,United States,--,USD,12.84,6.08,1,2050-02-25,4.35,13.07,,6.08,13.07,6.08,USD,2019-02-25,2019-02-25
COCA-COLA CO,Consumer Non-Cyclical,Fixed Income,246919.08,0.01988,246919.08,260000,United States,--,USD,1.6,4.43,1,2028-03-15,1.0,1.59,,4.43,1.59,4.43,USD,2020-09-18,2020-09-18
SUMITOMO MITSUI FINANCIAL GROUP IN,Banking,Fixed Income,246959.28,0.01988,246959.28,240000,Japan,--,USD,3.53,5.08,1,2030-07-13,5.85,3.51,,5.08,3.51,5.08,USD,2023-07-13,2023-07-13
COMCAST CORPORATION,Communications,Fixed Income,246675.39,0.01986,246675.39,387000,United States,--,USD,12.49,6.74,1,2046-07-15,3.4,12.63,,6.74,12.63,6.74,USD,2016-07-19,2016-07-19
MIZUHO FINANCIAL GROUP INC,Banking,Fixed Income,246290.67,0.01983,246290.67,250000,Japan,--,USD,6.86,5.54,1,2036-07-08,5.32,7.01,,5.54,7.01,5.54,USD,2025-07-08,2025-07-08
THERMO FISHER SCIENTIFIC INC,Consumer Non-Cyclical,Fixed Income,246297.54,0.01983,246297.54,245000,United States,--,USD,5.27,5.01,1,2032-11-21,4.95,5.33,,5.01,5.33,5.01,USD,2022-11-21,2022-11-21
SOUTHERN CALIFORNIA EDISON COMPANY,Electric,Fixed Income,246090.85,0.01981,246090.85,240000,United States,--,USD,1.15,4.85,1,2027-11-01,5.85,1.2,,4.81,1.12,4.81,USD,2022-11-08,2022-11-08
HOME DEPOT INC,Consumer Cyclical,Fixed Income,245918.55,0.0198,245918.55,250000,United States,--,USD,3.71,4.76,1,2030-09-15,3.95,3.72,,4.76,3.72,4.76,USD,2025-09-15,2025-09-15
ARCH CAPITAL GROUP LTD,Insurance,Fixed Income,245924.3,0.0198,245924.3,350000,United States,--,USD,13.78,6.01,1,2050-06-30,3.63,14.01,,6.01,14.01,6.01,USD,2020-06-30,2020-06-30
JPMORGAN CHASE & CO,Banking,Fixed Income,245998.38,0.0198,245998.38,254000,United States,--,USD,10.2,5.73,1,2042-01-06,5.4,10.26,,5.73,10.26,5.73,USD,2011-12-22,2011-12-22
STATE STREET CORP,Banking,Fixed Income,245634.09,0.01978,245634.09,255000,United States,--,USD,7.11,5.42,1,2036-10-23,4.78,7.24,,5.42,7.24,5.42,USD,2025-10-23,2025-10-23
PHARMACIA LLC,Consumer Non-Cyclical,Fixed Income,245681.87,0.01978,245681.87,234000,United States,--,USD,2.16,4.76,1,2028-12-01,6.6,2.15,,4.76,2.15,4.76,USD,1999-12-01,2000-03-20
FLORIDA POWER & LIGHT CO,Electric,Fixed Income,245573.48,0.01977,245573.48,240000,United States,--,USD,1.55,4.58,1,2028-04-01,5.05,1.58,,4.56,1.5,4.56,USD,2023-03-03,2023-03-03
UNION PACIFIC CORPORATION,Transportation,Fixed Income,245579.59,0.01977,245579.59,255000,United States,--,USD,13.41,5.93,1,2054-12-01,5.6,13.69,,5.93,13.69,5.93,USD,2025-02-13,2025-02-13
ONE GAS INC,Natural Gas,Fixed Income,245628.74,0.01977,245628.74,240000,United States,--,USD,2.42,4.79,1,2029-04-01,5.1,2.45,,4.79,2.38,4.79,USD,2023-12-13,2023-12-13
PNC BANK NA,Banking,Fixed Income,245265.23,0.01975,245265.23,250000,United States,--,USD,1.45,4.58,1,2028-01-22,3.25,1.44,,4.58,1.44,4.58,USD,2018-01-22,2018-01-22
DIAGEO CAPITAL PLC,Consumer Non-Cyclical,Fixed Income,245350.78,0.01975,245350.78,233000,United Kingdom,--,USD,7.53,5.43,1,2036-09-30,5.88,7.51,,5.43,7.51,5.43,USD,2006-09-28,2006-09-28
SOUTHERN CALIFORNIA EDISON COMPANY,Electric,Fixed Income,245137.4,0.01974,245137.4,235000,United States,--,USD,5.07,5.39,1,2032-11-01,5.95,5.14,,5.37,4.96,5.37,USD,2022-11-08,2022-11-08
MITSUBISHI UFJ FINANCIAL GROUP INC,Banking,Fixed Income,245009.72,0.01973,245009.72,255000,Japan,--,USD,7.21,5.57,1,2037-01-14,5.06,7.38,,5.57,7.38,5.57,USD,2026-01-14,2026-01-14
WASTE CONNECTIONS INC,Capital Goods,Fixed Income,245019.77,0.01973,245019.77,258000,United States,--,USD,5.54,5.14,1,2033-01-15,4.2,5.57,,5.14,5.57,5.14,USD,2022-08-18,2022-08-18
REALTY INCOME CORPORATION,Reits,Fixed Income,245066.23,0.01973,245066.23,255000,United States,--,USD,2.69,4.84,1,2029-06-15,3.25,2.71,,4.84,2.71,4.84,USD,2019-06-19,2019-06-19
INTUIT INC,Technology,Fixed Income,245106.88,0.01973,245106.88,239000,United States,--,USD,1.94,4.76,1,2028-09-15,5.13,1.98,,4.75,1.9,4.75,USD,2023-09-15,2023-09-15
COOPERATIEVE RABOBANK UA (NEW YORK MTN,Banking,Fixed Income,244911.49,0.01972,244911.49,250000,Netherlands,--,USD,7.61,5.47,1,2036-06-09,5.12,7.59,,5.47,7.59,5.47,USD,2026-06-09,2026-06-09
S&P GLOBAL INC,Technology,Fixed Income,244852.41,0.01971,244852.41,239000,United States,--,USD,5.74,5.15,1,2033-09-15,5.25,5.79,,5.15,5.63,5.15,USD,2024-03-15,2024-08-21
SIMON PROPERTY GROUP LP,Reits,Fixed Income,244635.41,0.0197,244635.41,245000,United States,--,USD,12.71,6.03,1,2053-03-08,5.85,12.97,,6.03,12.97,6.03,USD,2023-03-08,2023-03-08
NORTHWELL HEALTHCARE INC,Consumer Non-Cyclical,Fixed Income,244636.96,0.0197,244636.96,308000,United States,--,USD,12.35,6.08,1,2047-11-01,4.26,12.63,,6.08,12.63,6.08,USD,2017-09-26,2017-09-26
PEPSICO INC,Consumer Non-Cyclical,Fixed Income,244662.24,0.0197,244662.24,336000,United States,--,USD,12.78,5.85,1,2046-10-06,3.45,12.98,,5.85,12.98,5.85,USD,2016-10-06,2016-10-06
NATIONAL AUSTRALIA BANK LTD (NEW Y MTN,Banking,Fixed Income,244411.44,0.01968,244411.44,250000,Australia,--,USD,4.03,4.74,1,2031-01-13,4.15,4.02,,4.74,4.02,4.74,USD,2026-01-13,2026-01-13
NORTHERN STATES POWER COMPANY (MIN,Electric,Fixed Income,244449.4,0.01968,244449.4,250000,United States,--,USD,7.46,5.38,1,2036-05-15,4.85,7.54,,5.38,7.54,5.38,USD,2026-03-12,2026-03-12
TOYOTA MOTOR CREDIT CORP MTN,Consumer Cyclical,Fixed Income,244221.34,0.01966,244221.34,243000,United States,--,USD,6.75,5.31,1,2035-01-09,5.35,6.72,,5.31,6.72,5.31,USD,2025-01-09,2025-01-09
BANCO SANTANDER SA,Banking,Fixed Income,244033.72,0.01965,244033.72,245000,Spain,--,USD,7.37,5.69,1,2036-04-15,5.44,7.34,,5.69,7.34,5.69,USD,2026-04-15,2026-04-15
PUGET SOUND ENERGY INC,Electric,Fixed Income,244062.87,0.01965,244062.87,255000,United States,--,USD,13.27,6.06,1,2055-09-15,5.6,13.53,,6.06,13.53,6.06,USD,2025-09-15,2025-09-15
PRINCIPAL FINANCIAL GROUP INC,Insurance,Fixed Income,243912.34,0.01964,243912.34,271000,United States,--,USD,3.66,5.05,1,2030-06-15,2.13,3.65,,5.05,3.65,5.05,USD,2020-06-12,2020-06-12
SOUTH CAROLINA ELECTRIC & GAS CO,Electric,Fixed Income,243932.69,0.01964,243932.69,235000,United States,--,USD,8.27,5.61,1,2038-01-15,6.05,8.26,,5.61,8.26,5.61,USD,2008-01-14,2008-01-14
COOPERATIEVE RABOBANK UA (NEW YORK MTN,Banking,Fixed Income,243567.54,0.01961,243567.54,250000,Netherlands,--,USD,4.03,4.83,1,2031-01-14,4.16,4.02,,4.83,4.02,4.83,USD,2026-01-14,2026-01-14
BAIDU INC,Technology,Fixed Income,243598.01,0.01961,243598.01,270000,China,--,USD,4.63,4.79,1,2031-08-23,2.38,4.64,,4.79,4.64,4.79,USD,2021-08-23,2021-08-23
LOCKHEED MARTIN CORPORATION,Capital Goods,Fixed Income,243466.87,0.0196,243466.87,240000,United States,--,USD,2.33,4.72,1,2029-02-15,4.5,2.34,,4.72,2.34,4.72,USD,2024-01-29,2024-01-29
JERSEY CENTRAL POWER & LIGHT COMPA,Electric,Fixed Income,243300.57,0.01959,243300.57,250000,United States,--,USD,4.0,5.1,1,2031-01-15,4.4,4.0,,5.1,4.0,5.1,USD,2026-01-15,2026-06-15
CUMMINS INC,Consumer Cyclical,Fixed Income,243342.93,0.01959,243342.93,240000,United States,--,USD,3.97,4.86,1,2031-02-15,4.7,3.98,,4.86,3.98,4.86,USD,2025-05-09,2025-05-09
INTERNATIONAL BUSINESS MACHINES CO,Technology,Fixed Income,243210.33,0.01958,243210.33,244000,United States,--,USD,6.61,5.6,1,2035-02-10,5.2,6.63,,5.6,6.63,5.6,USD,2025-02-10,2025-02-10
BANK OF MONTREAL MTN,Banking,Fixed Income,243237.63,0.01958,243237.63,250000,Canada,--,USD,3.98,5.07,1,2032-01-14,4.44,3.99,,5.07,3.99,5.07,USD,2026-01-14,2026-01-14
AMERICAN HONDA FINANCE CORPORATION MTN,Consumer Cyclical,Fixed Income,243085.38,0.01957,243085.38,239000,United States,--,USD,2.41,4.92,1,2029-03-13,4.9,2.41,,4.92,2.41,4.92,USD,2024-03-13,2024-03-13
CHEVRON USA INC,Energy,Fixed Income,242950.4,0.01956,242950.4,245000,United States,--,USD,7.2,5.15,1,2035-10-15,4.85,7.24,,5.15,7.24,5.15,USD,2025-08-13,2025-08-13
RIO TINTO FINANCE (USA) LTD,Basic Industry,Fixed Income,242976.16,0.01956,242976.16,232000,Australia,--,USD,1.85,4.68,1,2028-07-15,7.13,1.84,,4.68,1.84,4.68,USD,2008-06-27,2008-06-27
BERKSHIRE HATHAWAY FINANCE CORP,Insurance,Fixed Income,242804.91,0.01955,242804.91,395000,United States,--,USD,14.6,5.93,1,2050-10-15,2.85,14.82,,5.93,14.82,5.93,USD,2020-10-15,2020-10-15
FLORIDA POWER & LIGHT CO,Electric,Fixed Income,242840.54,0.01955,242840.54,245000,United States,--,USD,5.63,5.11,1,2033-05-15,4.8,5.68,,5.11,5.68,5.11,USD,2023-05-18,2023-05-18
AMERICA MOVIL SAB DE CV,Communications,Fixed Income,242868.6,0.01955,242868.6,289000,Mexico,--,USD,10.82,5.94,1,2042-07-16,4.38,10.87,,5.94,10.87,5.94,USD,2012-07-16,2012-07-16
DUKE ENERGY PROGRESS LLC,Electric,Fixed Income,242673.81,0.01954,242673.81,254000,United States,--,USD,13.24,6.02,1,2055-03-15,5.55,13.51,,6.02,13.51,6.02,USD,2025-03-06,2025-03-06
JPMORGAN CHASE & CO,Banking,Fixed Income,242724.43,0.01954,242724.43,320000,United States,--,USD,9.95,5.79,1,2041-04-22,3.11,10.42,,5.76,10.41,5.76,USD,2020-04-22,2020-04-22
ECOLAB INC,Basic Industry,Fixed Income,242412.94,0.01952,242412.94,240000,United States,--,USD,1.38,4.62,1,2028-01-15,5.25,1.41,,4.59,1.33,4.59,USD,2022-11-17,2022-11-17
SUMITOMO MITSUI FINANCIAL GROUP IN,Banking,Fixed Income,242430.63,0.01952,242430.63,246000,Japan,--,USD,1.89,4.74,1,2028-07-19,3.94,1.89,,4.74,1.89,4.74,USD,2018-07-19,2018-07-19
CHEVRON USA INC,Energy,Fixed Income,242488.94,0.01952,242488.94,240000,United States,--,USD,4.85,4.87,1,2032-04-15,4.82,4.89,,4.87,4.89,4.87,USD,2025-02-26,2025-02-26
PECO ENERGY CO,Electric,Fixed Income,242214.35,0.0195,242214.35,243000,United States,--,USD,5.7,5.04,1,2033-06-15,4.9,5.75,,5.04,5.75,5.04,USD,2023-06-23,2023-06-23
DTE ELECTRIC COMPANY,Electric,Fixed Income,242034.1,0.01949,242034.1,245000,United States,--,USD,13.26,6.02,1,2055-05-15,5.85,13.53,,6.02,13.53,6.02,USD,2025-05-14,2025-05-14
WESTPAC BANKING CORP,Banking,Fixed Income,242142.7,0.01949,242142.7,270000,Australia,--,USD,9.27,5.81,1,2039-07-24,4.42,9.27,,5.81,9.27,5.81,USD,2019-07-24,2019-07-24
RELX CAPITAL INC,Technology,Fixed Income,241919.1,0.01948,241919.1,240000,United Kingdom,--,USD,3.26,4.97,1,2030-03-27,4.75,3.28,,4.97,3.28,4.97,USD,2025-03-27,2025-03-27
PFIZER INC,Consumer Non-Cyclical,Fixed Income,241954.99,0.01948,241954.99,270000,United States,--,USD,9.04,5.45,1,2038-09-15,4.1,9.09,,5.45,9.09,5.45,USD,2018-09-07,2018-09-07
SOUTHERN CALIFORNIA GAS COMPANY,Natural Gas,Fixed Income,241811.49,0.01947,241811.49,240000,United States,--,USD,6.9,5.42,1,2035-06-15,5.45,6.94,,5.42,6.94,5.42,USD,2025-05-16,2025-05-16
AMERICAN HONDA FINANCE CORPORATION,Consumer Cyclical,Fixed Income,241822.35,0.01947,241822.35,244000,United States,--,USD,5.08,5.37,1,2032-07-09,5.15,5.06,,5.37,5.06,5.37,USD,2025-07-10,2025-07-10
MIZUHO FINANCIAL GROUP INC,Banking,Fixed Income,241862.36,0.01947,241862.36,240000,Japan,--,USD,6.23,5.5,1,2035-07-10,5.59,6.35,,5.5,6.35,5.5,USD,2024-07-10,2024-07-10
SIMON PROPERTY GROUP LP,Reits,Fixed Income,241533.28,0.01945,241533.28,270000,United States,--,USD,4.95,5.13,1,2032-02-01,2.65,4.95,,5.13,4.95,5.13,USD,2022-01-11,2022-01-11
ALIBABA GROUP HOLDING LTD,Consumer Cyclical,Fixed Income,241576.97,0.01945,241576.97,305000,China,--,USD,14.68,5.9,1,2057-12-06,4.4,14.95,,5.9,14.95,5.9,USD,2017-12-06,2017-12-06
SUMITOMO MITSUI FINANCIAL GROUP IN,Banking,Fixed Income,241615.1,0.01945,241615.1,255000,Japan,--,USD,10.88,6.02,1,2047-01-15,5.57,11.54,,6.02,11.54,6.02,USD,2026-01-15,2026-01-15
AMERICA MOVIL SAB DE CV,Communications,Fixed Income,241475.15,0.01944,241475.15,248000,Mexico,--,USD,5.1,5.22,1,2032-07-21,4.7,5.15,,5.22,5.15,5.22,USD,2022-07-21,2022-07-21
KENVUE INC,Consumer Non-Cyclical,Fixed Income,241089.04,0.01941,241089.04,241000,United States,--,USD,4.95,5.01,1,2032-05-22,4.85,4.98,,5.01,4.98,5.01,USD,2025-05-22,2025-05-22
BROADCOM INC,Technology,Fixed Income,240911.56,0.0194,240911.56,248000,United States,--,USD,4.01,5.04,1,2031-01-15,4.3,4.01,,5.04,4.01,5.04,USD,2026-01-13,2026-01-13
COMCAST CORPORATION,Communications,Fixed Income,241001.85,0.0194,241001.85,261000,United States,--,USD,7.08,5.77,1,2035-08-15,4.4,7.12,,5.77,7.12,5.77,USD,2015-05-27,2015-05-27
APPLE INC,Technology,Fixed Income,241005.64,0.0194,241005.64,320000,United States,--,USD,12.74,5.93,1,2047-09-12,3.75,12.96,,5.93,12.96,5.93,USD,2017-09-12,2017-09-12
BERKSHIRE HATHAWAY ENERGY CO,Electric,Fixed Income,241016.58,0.0194,241016.58,310000,United States,--,USD,13.14,6.11,1,2050-10-15,4.25,13.37,,6.11,13.37,6.11,USD,2020-10-15,2021-03-03
DEERE & CO,Capital Goods,Fixed Income,240850.7,0.01939,240850.7,253000,United States,--,USD,3.41,4.77,1,2030-04-15,3.1,3.43,,4.77,3.43,4.77,USD,2020-03-30,2020-03-30
PRINCETON UNIVERSITY,Industrial Other,Fixed Income,240538.29,0.01937,240538.29,229000,United States,--,USD,8.76,5.39,1,2039-03-01,5.7,8.78,,5.39,8.78,5.39,USD,2009-01-21,2009-01-21
AMERICAN AIRLINES PASS THROUGH TRU,Transportation,Fixed Income,240600.11,0.01937,240600.11,271000,United States,--,USD,5.12,5.17,1,2036-01-11,2.88,5.11,,5.17,5.11,5.17,USD,2021-11-08,2021-11-08
BANK OF NEW YORK MELLON CORP/THE MTN,Banking,Fixed Income,240640.36,0.01937,240640.36,240000,United States,--,USD,0.96,4.58,1,2028-07-21,4.89,0.96,,4.58,0.96,4.58,USD,2024-07-22,2024-07-22
LLOYDS BANKING GROUP PLC,Banking,Fixed Income,240321.92,0.01935,240321.92,250000,United Kingdom,--,USD,7.04,5.6,1,2036-11-04,4.94,7.22,,5.6,7.22,5.6,USD,2025-11-04,2025-11-04
KENTUCKY UTILITIES CO,Electric,Fixed Income,240359.16,0.01935,240359.16,254000,United States,--,USD,9.64,5.8,1,2040-11-01,5.13,9.73,,5.8,9.73,5.8,USD,2011-05-01,2011-06-30
BROADCOM INC,Technology,Fixed Income,240401.91,0.01935,240401.91,295000,United States,--,USD,8.38,5.66,1,2036-11-15,3.19,8.37,,5.66,8.37,5.66,USD,2026-05-15,2026-07-21
3M CO,Capital Goods,Fixed Income,240245.37,0.01934,240245.37,360000,United States,--,USD,13.66,6.05,1,2049-08-26,3.25,13.87,,6.05,13.87,6.05,USD,2019-08-26,2019-08-26
ASTRAZENECA FINANCE LLC,Consumer Non-Cyclical,Fixed Income,240129.88,0.01933,240129.88,270000,United Kingdom,--,USD,4.47,4.92,1,2031-05-28,2.25,4.47,,4.92,4.47,4.92,USD,2021-05-28,2021-05-28
CHUBB INA HOLDINGS LLC,Insurance,Fixed Income,239980.73,0.01932,239980.73,240000,United States,--,USD,7.46,5.42,1,2036-05-20,5.3,7.5,,5.42,7.5,5.42,USD,2026-05-20,2026-05-20
DTE ELECTRIC COMPANY,Electric,Fixed Income,240019.8,0.01932,240019.8,235000,United States,--,USD,5.45,5.11,1,2033-04-01,5.2,5.51,,5.1,5.33,5.1,USD,2023-03-03,2023-03-03
WASTE MANAGEMENT INC,Capital Goods,Fixed Income,240030.92,0.01932,240030.92,277000,United States,--,USD,4.37,4.88,1,2031-03-15,1.5,4.36,,4.88,4.36,4.88,USD,2020-11-17,2020-11-17
BURLINGTON NORTHERN SANTA FE LLC,Transportation,Fixed Income,239708.78,0.0193,239708.78,308000,United States,--,USD,12.2,5.97,1,2046-08-01,3.9,12.39,,5.97,12.39,5.97,USD,2016-05-16,2016-05-16
RIO TINTO FINANCE (USA) LTD,Basic Industry,Fixed Income,239765.78,0.0193,239765.78,402000,Australia,--,USD,15.08,5.88,1,2051-11-02,2.75,15.3,,5.88,15.3,5.88,USD,2021-11-02,2021-11-02
CAPITAL ONE NA,Banking,Fixed Income,239571.47,0.01929,239571.47,255000,United States,--,USD,3.26,4.98,1,2030-02-06,2.7,3.26,,4.98,3.26,4.98,USD,2020-02-06,2020-02-06
TOYOTA MOTOR CREDIT CORP MTN,Consumer Cyclical,Fixed Income,239338.72,0.01927,239338.72,245000,United States,--,USD,6.18,5.22,1,2034-01-05,4.8,6.16,,5.22,6.16,5.22,USD,2024-01-05,2024-01-05
LINDE INC,Basic Industry,Fixed Income,239410.39,0.01927,239410.39,274000,United States,--,USD,3.86,4.7,1,2030-08-10,1.1,3.85,,4.7,3.85,4.7,USD,2020-08-10,2020-08-10
3M CO MTN,Capital Goods,Fixed Income,239239.01,0.01926,239239.01,231000,United States,--,USD,7.79,5.51,1,2037-03-15,5.7,7.77,,5.51,7.77,5.51,USD,2007-03-29,2007-03-29
VIRGINIA ELECTRIC AND POWER COMPAN,Electric,Fixed Income,239242.28,0.01926,239242.28,250000,United States,--,USD,13.1,6.12,1,2055-03-15,5.65,13.36,,6.12,13.36,6.12,USD,2025-03-05,2025-03-05
TOYOTA MOTOR CREDIT CORP MTN,Consumer Cyclical,Fixed Income,239051.72,0.01925,239051.72,240000,United States,--,USD,4.53,4.98,1,2031-10-10,4.6,4.52,,4.98,4.52,4.98,USD,2024-10-10,2024-10-10
DEERE & CO,Capital Goods,Fixed Income,239059.14,0.01925,239059.14,319000,United States,--,USD,13.64,5.78,1,2050-04-15,3.75,13.89,,5.78,13.89,5.78,USD,2020-03-30,2020-03-30
MASTERCARD INC,Technology,Fixed Income,239079.34,0.01925,239079.34,250000,United States,--,USD,6.87,5.21,1,2035-01-15,4.55,6.9,,5.21,6.9,5.21,USD,2024-09-05,2024-09-05
IBM INTERNATIONAL CAPITAL PTE LTD,Technology,Fixed Income,238600.72,0.01921,238600.72,235000,United States,--,USD,2.3,4.86,1,2029-02-05,4.6,2.31,,4.86,2.31,4.86,USD,2024-02-05,2024-02-05
SUMITOMO MITSUI FINANCIAL GROUP IN,Banking,Fixed Income,238506.55,0.0192,238506.55,253000,Japan,--,USD,2.97,5.0,1,2029-09-27,2.72,2.96,,5.0,2.96,5.0,USD,2019-09-27,2019-09-27
TRUIST FINANCIAL CORP MTN,Banking,Fixed Income,238166.9,0.01917,238166.9,245000,United States,--,USD,1.0,4.47,1,2027-08-03,1.13,1.0,,4.47,1.0,4.47,USD,2020-08-03,2020-08-03
CORNELL UNIVERSITY,Industrial Other,Fixed Income,237776.11,0.01914,237776.11,240000,United States,--,USD,6.39,5.06,1,2034-06-15,4.84,6.45,,5.06,6.45,5.06,USD,2024-04-11,2024-04-11
JOHN DEERE CAPITAL CORP MTN,Capital Goods,Fixed Income,237633.49,0.01913,237633.49,235000,United States,--,USD,2.66,4.64,1,2029-06-11,4.85,2.65,,4.64,2.65,4.64,USD,2024-06-11,2024-06-11
MERCK & CO INC,Consumer Non-Cyclical,Fixed Income,237432.77,0.01912,237432.77,240000,United States,--,USD,13.47,6.0,1,2056-05-22,5.85,13.74,,6.0,13.74,6.0,USD,2026-05-22,2026-05-22
RELX CAPITAL INC,Technology,Fixed Income,237509.95,0.01912,237509.95,240000,United Kingdom,--,USD,4.93,5.12,1,2032-05-20,4.75,4.98,,5.12,4.98,5.12,USD,2022-05-20,2022-05-20
MITSUBISHI UFJ FINANCIAL GROUP INC,Banking,Fixed Income,237250.58,0.0191,237250.58,230000,Japan,--,USD,1.46,5.09,1,2029-02-22,5.42,1.46,,4.84,1.47,4.84,USD,2023-02-22,2023-02-22
BURLINGTON NORTHERN SANTA FE LLC,Transportation,Fixed Income,237087.98,0.01909,237087.98,308000,United States,--,USD,12.87,5.99,1,2048-06-15,4.05,13.1,,5.99,13.1,5.99,USD,2018-03-05,2018-03-05
ALABAMA POWER COMPANY,Electric,Fixed Income,236860.74,0.01907,236860.74,235000,United States,--,USD,1.05,4.39,1,2027-09-01,3.75,1.05,,4.39,1.05,4.39,USD,2022-08-12,2022-08-12
NATIONAL AUSTRALIA BANK LTD (NEW Y,Banking,Fixed Income,236887.8,0.01907,236887.8,235000,Australia,--,USD,1.41,4.48,1,2028-01-12,4.94,1.4,,4.48,1.4,4.48,USD,2023-01-12,2023-01-12
CANADIAN IMPERIAL (FX-FRN),Banking,Fixed Income,236694.54,0.01906,236694.54,235000,Canada,--,USD,3.13,5.0,1,2031-01-13,5.25,3.13,,5.0,3.14,5.0,USD,2025-01-13,2025-01-13
S&P GLOBAL INC,Technology,Fixed Income,236164.24,0.01901,236164.24,325000,United States,--,USD,13.98,5.89,1,2052-03-01,3.7,14.23,,5.89,14.23,5.89,USD,2023-03-01,2023-02-28
UNILEVER CAPITAL CORP,Consumer Non-Cyclical,Fixed Income,236187.93,0.01901,236187.93,235000,United Kingdom,--,USD,6.01,5.02,1,2033-12-08,5.0,6.07,,5.02,6.07,5.02,USD,2023-09-08,2023-09-08
UNION PACIFIC CORPORATION,Transportation,Fixed Income,235844.63,0.01899,235844.63,310000,United States,--,USD,10.91,5.66,1,2041-05-20,3.2,10.99,,5.66,10.99,5.66,USD,2021-05-20,2021-05-20
UNITEDHEALTH GROUP INC,Insurance,Fixed Income,235791.27,0.01898,235791.27,239000,United States,--,USD,2.25,4.65,1,2028-12-15,3.88,2.25,,4.65,2.25,4.65,USD,2018-12-17,2018-12-17
ESTEE LAUDER COMPANIES INC. (THE),Consumer Non-Cyclical,Fixed Income,235634.12,0.01897,235634.12,235000,United States,--,USD,1.68,4.7,1,2028-05-15,4.38,1.71,,4.7,1.71,4.7,USD,2023-05-12,2023-05-12
ERP OPERATING LP,Reits,Fixed Income,235314.66,0.01894,235314.66,277000,United States,--,USD,11.43,5.9,1,2044-07-01,4.5,11.58,,5.9,11.58,5.9,USD,2014-06-19,2014-06-19
PHILIP MORRIS INTERNATIONAL INC,Consumer Non-Cyclical,Fixed Income,235164.38,0.01893,235164.38,235000,United States,--,USD,4.53,4.97,1,2031-11-01,4.75,4.56,,4.97,4.56,4.97,USD,2024-11-01,2024-11-01
ENTERGY TEXAS INC,Electric,Fixed Income,234960.66,0.01892,234960.66,235000,United States,--,USD,6.78,5.46,1,2035-04-15,5.25,6.81,,5.46,6.81,5.46,USD,2025-02-27,2025-02-27
BROOKFIELD ASSET MANAGEMENT LTD,Brokerage/Asset Managers/Exchanges,Fixed Income,234998.81,0.01892,234998.81,245000,Canada,--,USD,7.29,5.88,1,2036-01-15,5.3,7.3,,5.88,7.3,5.88,USD,2025-11-18,2025-11-18
MERCK & CO INC,Consumer Non-Cyclical,Fixed Income,234812.83,0.0189,234812.83,235000,United States,--,USD,4.23,4.85,1,2031-05-22,4.65,4.24,,4.85,4.24,4.85,USD,2026-05-22,2026-05-22
BANK OF NOVA SCOTIA MTN,Banking,Fixed Income,234594.21,0.01889,234594.21,265000,Canada,--,USD,5.0,5.1,1,2032-02-02,2.45,4.98,,5.1,4.98,5.1,USD,2022-01-10,2022-01-10
PNC BANK NA,Banking,Fixed Income,234655.18,0.01889,234655.18,250000,United States,--,USD,3.04,5.0,1,2029-10-22,2.7,3.03,,5.0,3.03,5.0,USD,2019-10-22,2019-10-22
WALMART INC,Consumer Cyclical,Fixed Income,234487.78,0.01888,234487.78,334000,United States,--,USD,11.56,5.51,1,2041-09-22,2.5,11.63,,5.51,11.63,5.51,USD,2021-09-22,2021-09-22
CUMMINS INC,Consumer Cyclical,Fixed Income,234511.17,0.01888,234511.17,230000,United States,--,USD,6.03,5.19,1,2034-02-20,5.15,6.07,,5.19,6.07,5.19,USD,2024-02-20,2024-02-20
PROCTER & GAMBLE CO,Consumer Non-Cyclical,Fixed Income,234403.9,0.01887,234403.9,234000,United States,--,USD,6.16,4.88,1,2034-01-29,4.55,6.15,,4.88,6.15,4.88,USD,2024-01-29,2024-01-29
UPMC,Consumer Non-Cyclical,Fixed Income,234407.77,0.01887,234407.77,235000,United States,--,USD,5.59,5.25,1,2033-05-15,5.04,5.64,,5.25,5.64,5.25,USD,2023-04-12,2023-04-12
ENTERPRISE PRODUCTS OPERATING LLC,Energy,Fixed Income,234414.74,0.01887,234414.74,325000,United States,--,USD,14.88,6.03,1,2060-01-31,3.95,15.14,,6.03,15.14,6.03,USD,2020-01-15,2020-01-15
MASTERCARD INC,Technology,Fixed Income,234284.48,0.01886,234284.48,229000,United States,--,USD,1.48,4.55,1,2028-03-09,4.88,1.52,,4.54,1.45,4.54,USD,2023-03-09,2023-03-09
TRAVELERS COMPANIES INC,Insurance,Fixed Income,234147.67,0.01885,234147.67,302000,United States,--,USD,12.59,5.94,1,2047-05-30,4.0,12.82,,5.94,12.82,5.94,USD,2017-05-22,2017-05-22
CONSOLIDATED EDISON COMPANY OF NEW,Electric,Fixed Income,233953.86,0.01884,233953.86,309000,United States,--,USD,13.3,5.98,1,2050-04-01,3.95,13.54,,5.98,13.54,5.98,USD,2020-03-31,2020-03-31
CONSOLIDATED EDISON COMPANY OF NEW,Electric,Fixed Income,233958.15,0.01884,233958.15,282000,United States,--,USD,11.77,6.06,1,2045-12-01,4.5,11.95,,6.06,11.95,6.06,USD,2015-11-17,2015-11-17
ENTERGY ARKANSAS LLC,Electric,Fixed Income,234023.06,0.01884,234023.06,230000,United States,--,USD,6.24,5.3,1,2034-06-01,5.45,6.29,,5.29,6.12,5.29,USD,2024-05-10,2024-05-10
STANFORD UNIVERSITY,Industrial Other,Fixed Income,233762.35,0.01882,233762.35,309000,United States,--,USD,13.26,5.68,1,2048-05-01,3.65,13.5,,5.68,13.5,5.68,USD,2017-04-11,2017-04-11
UNITEDHEALTH GROUP INC,Insurance,Fixed Income,233778.07,0.01882,233778.07,235000,United States,--,USD,13.28,6.03,1,2055-06-15,5.95,13.55,,6.03,13.55,6.03,USD,2025-06-20,2025-06-20
MARSH & MCLENNAN COMPANIES INC,Insurance,Fixed Income,233490.32,0.0188,233490.32,250000,United States,--,USD,12.86,6.1,1,2053-03-15,5.45,13.11,,6.1,13.11,6.1,USD,2023-03-09,2023-03-09
WESTPAC BANKING CORP,Banking,Fixed Income,233337.95,0.01879,233337.95,215000,Australia,--,USD,5.74,5.59,1,2033-11-17,6.82,5.71,,5.59,5.71,5.59,USD,2023-11-17,2023-11-17
LAM RESEARCH CORPORATION,Technology,Fixed Income,233312.99,0.01878,233312.99,262000,United States,--,USD,12.42,5.9,1,2049-03-15,4.88,12.67,,5.9,12.67,5.9,USD,2019-03-04,2019-03-04
MIZUHO FINANCIAL GROUP INC,Banking,Fixed Income,233040.01,0.01876,233040.01,230000,Japan,--,USD,6.12,5.5,1,2035-05-26,5.58,6.24,,5.5,6.23,5.5,USD,2024-02-26,2024-02-26
ONCOR ELECTRIC DELIVERY COMPANY LL,Electric,Fixed Income,232925.96,0.01875,232925.96,225000,United States,--,USD,5.83,5.24,1,2033-11-15,5.65,5.89,,5.23,5.72,5.23,USD,2023-11-13,2024-01-22
WASTE CONNECTIONS INC,Capital Goods,Fixed Income,232790.97,0.01874,232790.97,232000,United States,--,USD,6.07,5.26,1,2034-03-01,5.0,6.12,,5.26,6.12,5.26,USD,2024-02-21,2024-02-21
SHELL FINANCE US INC,Energy,Fixed Income,232645.53,0.01873,232645.53,249000,United States,--,USD,7.17,5.18,1,2035-05-11,4.13,7.16,,5.18,7.16,5.18,USD,2024-05-11,2024-10-08
CONOCOPHILLIPS CO,Energy,Fixed Income,232325.66,0.0187,232325.66,283000,United States,--,USD,11.55,6.0,1,2044-11-15,4.3,11.71,,6.0,11.71,6.0,USD,2014-11-12,2014-11-12
JOHNSON & JOHNSON,Consumer Non-Cyclical,Fixed Income,232198.68,0.01869,232198.68,319000,United States,--,USD,13.39,5.72,1,2048-01-15,3.5,13.63,,5.72,13.63,5.72,USD,2017-11-10,2017-11-10
BURLINGTON NORTHERN SANTA FE LLC,Transportation,Fixed Income,232062.1,0.01868,232062.1,267000,United States,--,USD,10.65,5.8,1,2042-09-01,4.38,10.76,,5.8,10.76,5.8,USD,2012-08-23,2012-08-23
COSTCO WHOLESALE CORPORATION,Consumer Cyclical,Fixed Income,232075.74,0.01868,232075.74,270000,United States,--,USD,5.3,4.66,1,2032-04-20,1.75,5.31,,4.66,5.31,4.66,USD,2020-04-20,2020-04-20
MICROSOFT CORPORATION,Technology,Fixed Income,231934.06,0.01867,231934.06,275000,United States,--,USD,11.8,5.91,1,2045-11-03,4.45,11.98,,5.91,11.98,5.91,USD,2015-11-03,2015-11-03
AMERICAN HONDA FINANCE CORPORATION MTN,Consumer Cyclical,Fixed Income,231792.27,0.01866,231792.27,230000,United States,--,USD,3.23,5.12,1,2030-03-05,4.8,3.22,,5.12,3.22,5.12,USD,2025-03-05,2025-03-05
COMCAST CORPORATION,Communications,Fixed Income,231795.84,0.01866,231795.84,343000,United States,--,USD,13.2,6.78,1,2052-11-01,4.05,13.39,,6.78,13.39,6.78,USD,2017-10-19,2017-12-14
PUBLIC SERVICE COMPANY OF COLORADO,Electric,Fixed Income,231709.89,0.01865,231709.89,230000,United States,--,USD,6.13,5.39,1,2034-05-15,5.35,6.25,,5.39,6.25,5.39,USD,2024-04-04,2024-04-04
MASTERCARD INC,Technology,Fixed Income,231591.82,0.01864,231591.82,320000,United States,--,USD,13.49,5.91,1,2049-06-01,3.65,13.72,,5.91,13.72,5.91,USD,2019-05-31,2019-05-31
NORTHWESTERN UNIVERSITY,Industrial Other,Fixed Income,231381.44,0.01863,231381.44,249000,United States,--,USD,9.89,5.43,1,2044-12-01,4.64,9.98,,5.43,9.98,5.43,USD,2013-10-29,2013-10-29
SUMITOMO MITSUI FINANCIAL FXD-FRN,Banking,Fixed Income,231294.51,0.01862,231294.51,235000,Japan,--,USD,3.55,5.08,1,2031-07-08,4.66,3.56,,5.08,3.56,5.08,USD,2025-07-08,2025-07-08
SUMITOMO MITSUI FINANCIAL GROUP IN,Banking,Fixed Income,231295.53,0.01862,231295.53,235000,Japan,--,USD,1.43,4.7,1,2028-01-17,3.54,1.42,,4.7,1.42,4.7,USD,2018-01-17,2018-01-17
PUBLIC STORAGE OPERATING CO,Reits,Fixed Income,231325.39,0.01862,231325.39,259000,United States,--,USD,4.39,4.97,1,2031-05-01,2.3,4.39,,4.97,4.39,4.97,USD,2021-04-23,2021-04-23
AMPHENOL CORPORATION,Capital Goods,Fixed Income,231331.12,0.01862,231331.12,245000,United States,--,USD,3.28,4.91,1,2030-02-15,2.8,3.28,,4.91,3.28,4.91,USD,2019-09-10,2019-09-10
PARKER HANNIFIN CORPORATION,Capital Goods,Fixed Income,230991.91,0.0186,230991.91,300000,United States,--,USD,13.26,5.87,1,2049-06-14,4.0,13.5,,5.87,13.5,5.87,USD,2019-06-14,2019-06-14
RIO TINTO FINANCE (USA) PLC,Basic Industry,Fixed Income,231071.7,0.0186,231071.7,232000,Australia,--,USD,14.38,6.04,1,2065-03-14,5.88,14.64,,6.04,14.64,6.04,USD,2025-03-14,2025-03-14
DANAHER CORPORATION,Consumer Non-Cyclical,Fixed Income,230912.75,0.01859,230912.75,385000,United States,--,USD,15.11,5.88,1,2051-12-10,2.8,15.35,,5.88,15.35,5.88,USD,2021-12-10,2021-12-10
SOUTHERN CALIFORNIA EDISON COMPANY,Electric,Fixed Income,230932.22,0.01859,230932.22,235000,United States,--,USD,12.58,6.5,1,2055-09-15,6.2,12.82,,6.5,12.82,6.5,USD,2025-03-17,2025-03-17
JPMORGAN CHASE & CO,Banking,Fixed Income,230781.07,0.01858,230781.07,310000,United States,--,USD,10.35,5.82,1,2042-04-22,3.16,10.89,,5.82,10.89,5.82,USD,2021-04-22,2021-04-22
CONSUMERS ENERGY COMPANY,Electric,Fixed Income,230793.47,0.01858,230793.47,225000,United States,--,USD,2.27,4.72,1,2029-02-15,4.9,2.33,,4.71,2.19,4.71,USD,2023-08-04,2023-08-04
SUMITOMO MITSUI FINANCIAL GROUP IN,Banking,Fixed Income,230835.35,0.01858,230835.35,235000,Japan,--,USD,5.02,5.31,1,2033-07-08,4.95,5.08,,5.31,5.08,5.31,USD,2025-07-08,2025-07-08
GEORGE WASHINGTON UNIVERSITY,Industrial Other,Fixed Income,230556.69,0.01856,230556.69,290000,United States,--,USD,12.76,5.92,1,2048-09-15,4.13,13.0,,5.92,13.0,5.92,USD,2018-04-04,2018-04-04
BANK OF NEW YORK MELLON CORP/THE MTN,Banking,Fixed Income,229883.85,0.01851,229883.85,260000,United States,--,USD,4.22,4.73,1,2031-01-28,1.65,4.22,,4.73,4.22,4.73,USD,2021-01-28,2021-01-28
NUCOR CORPORATION,Basic Industry,Fixed Income,229952.79,0.01851,229952.79,248000,United States,--,USD,3.58,4.91,1,2030-06-01,2.7,3.58,,4.91,3.58,4.91,USD,2020-05-22,2020-05-22
AMERICAN HONDA FINANCE CORPORATION MTN,Consumer Cyclical,Fixed Income,229740.9,0.0185,229740.9,230000,United States,--,USD,4.11,5.27,1,2031-04-10,4.9,4.1,,5.27,4.1,5.27,USD,2026-04-10,2026-04-10
UNITEDHEALTH GROUP INC,Insurance,Fixed Income,229795.82,0.0185,229795.82,232000,United States,--,USD,3.98,4.91,1,2031-01-15,4.65,3.99,,4.91,3.99,4.91,USD,2025-06-20,2025-06-20
COMCAST CORPORATION,Communications,Fixed Income,229592.57,0.01848,229592.57,466000,United States,--,USD,14.86,6.67,1,2052-08-15,2.45,15.02,,6.67,15.02,6.67,USD,2020-08-25,2020-08-25
BANK OF NEW YORK MELLON CORP/THE MTN,Banking,Fixed Income,229460.8,0.01847,229460.8,225000,United States,--,USD,1.41,4.72,1,2029-02-01,4.54,1.42,,4.67,1.42,4.67,USD,2023-01-31,2023-01-31
UNION PACIFIC CORPORATION MTN,Transportation,Fixed Income,229240.76,0.01846,229240.76,275000,United States,--,USD,9.72,5.52,1,2039-08-15,3.55,9.78,,5.52,9.78,5.52,USD,2019-08-05,2019-08-05
CSX CORP,Transportation,Fixed Income,229245.28,0.01846,229245.28,280000,United States,--,USD,13.62,5.93,1,2052-11-15,4.5,13.88,,5.93,13.88,5.93,USD,2022-07-28,2022-07-28
MAGNA INTERNATIONAL INC,Consumer Cyclical,Fixed Income,229000.62,0.01844,229000.62,251000,Canada,--,USD,3.63,5.03,1,2030-06-15,2.45,3.63,,5.03,3.63,5.03,USD,2020-06-15,2020-06-15
BURLINGTON NORTHERN SANTA FE LLC,Transportation,Fixed Income,228869.31,0.01843,228869.31,290000,United States,--,USD,12.55,5.93,1,2047-06-15,4.13,12.78,,5.93,12.78,5.93,USD,2017-03-09,2017-03-09
UNITED PARCEL SERVICE INC,Transportation,Fixed Income,228983.8,0.01843,228983.8,288000,United States,--,USD,12.73,6.05,1,2049-03-15,4.25,12.96,,6.05,12.96,6.05,USD,2019-03-15,2019-03-15
THERMO FISHER SCIENTIFIC INC,Consumer Non-Cyclical,Fixed Income,228517.01,0.0184,228517.01,235000,United States,--,USD,5.77,5.11,1,2033-06-15,4.55,5.8,,5.11,5.8,5.11,USD,2026-02-12,2026-02-12
TJX COMPANIES INC,Consumer Cyclical,Fixed Income,228528.02,0.0184,228528.02,242000,United States,--,USD,1.76,4.51,1,2028-05-15,1.15,1.75,,4.51,1.75,4.51,USD,2020-11-30,2020-11-30
KENTUCKY UTILITIES COMPANY,Electric,Fixed Income,228416.24,0.01839,228416.24,230000,United States,--,USD,13.04,6.09,1,2055-08-15,5.85,13.3,,6.09,13.3,6.09,USD,2025-08-13,2025-08-13
CONOCOPHILLIPS CO,Energy,Fixed Income,228421.41,0.01839,228421.41,240000,United States,--,USD,14.12,6.17,1,2063-09-15,5.7,14.38,,6.17,14.38,6.17,USD,2023-08-17,2023-08-17
BANK OF NEW YORK MELLON CORP/THE MTN,Banking,Fixed Income,228260.52,0.01838,228260.52,228000,United States,--,USD,1.42,4.45,1,2028-01-29,3.4,1.43,,4.45,1.43,4.45,USD,2018-01-29,2018-01-29
TRAVELERS PROPERTY CASUALTY CORP,Insurance,Fixed Income,228175.01,0.01837,228175.01,208000,United States,--,USD,5.33,5.04,1,2033-03-15,6.38,5.32,,5.04,5.32,5.04,USD,2003-03-11,2003-05-13
ENTERGY LOUISIANA LLC,Electric,Fixed Income,228238.74,0.01837,228238.74,237000,United States,--,USD,13.27,6.09,1,2056-04-15,5.65,13.53,,6.09,13.53,6.09,USD,2026-02-26,2026-02-26
BRISTOL-MYERS SQUIBB CO,Consumer Non-Cyclical,Fixed Income,228103.61,0.01836,228103.61,325000,United States,--,USD,15.24,6.04,1,2062-03-15,3.9,15.5,,6.04,15.5,6.04,USD,2022-03-02,2022-03-02
MASTERCARD INC,Technology,Fixed Income,227977.78,0.01835,227977.78,229000,United States,--,USD,1.41,4.48,1,2028-01-15,4.1,1.42,,4.48,1.42,4.48,USD,2024-09-05,2024-09-05
PEPSICO INC,Consumer Non-Cyclical,Fixed Income,227823.09,0.01834,227823.09,230000,United States,--,USD,2.31,4.55,1,2029-01-15,4.1,2.33,,4.55,2.33,4.55,USD,2025-07-23,2025-07-23
PNC FINANCIAL SERVICES GROUP INC (,Banking,Fixed Income,227701.49,0.01833,227701.49,215000,United States,--,USD,5.53,5.39,1,2034-08-18,5.94,5.61,,5.36,5.61,5.36,USD,2023-08-18,2023-08-18
VIRGINIA ELECTRIC AND POWER COMPAN,Electric,Fixed Income,227502.3,0.01832,227502.3,245000,United States,--,USD,12.88,6.13,1,2053-04-01,5.45,13.13,,6.13,13.13,6.13,USD,2023-03-30,2023-03-30
HOME DEPOT INC,Consumer Cyclical,Fixed Income,227590.41,0.01832,227590.41,271000,United States,--,USD,11.01,5.84,1,2043-04-01,4.2,11.13,,5.84,11.13,5.84,USD,2013-04-05,2013-04-05
ANALOG DEVICES INC,Technology,Fixed Income,227454.26,0.01831,227454.26,241000,United States,--,USD,2.1,4.69,1,2028-10-01,1.7,2.1,,4.69,2.1,4.69,USD,2021-10-05,2021-10-05
WASTE MANAGEMENT INC,Capital Goods,Fixed Income,227339.83,0.0183,227339.83,224000,United States,--,USD,3.14,4.79,1,2030-02-15,4.63,3.18,,4.79,3.18,4.79,USD,2023-02-15,2023-02-15
SIMON PROPERTY GROUP LP,Reits,Fixed Income,227025.92,0.01828,227025.92,235000,United States,--,USD,1.47,4.66,1,2028-02-01,1.75,1.46,,4.66,1.46,4.66,USD,2021-01-21,2021-01-21
3M CO,Capital Goods,Fixed Income,227108.39,0.01828,227108.39,230000,United States,--,USD,1.18,4.6,1,2027-10-15,2.88,1.18,,4.6,1.18,4.6,USD,2017-10-02,2017-10-02
PROLOGIS LP,Reits,Fixed Income,226877.5,0.01827,226877.5,229000,United States,--,USD,6.09,5.3,1,2034-01-15,5.13,6.13,,5.3,6.13,5.3,USD,2023-06-28,2023-06-28
FLORIDA POWER & LIGHT CO,Electric,Fixed Income,226887.96,0.01827,226887.96,245000,United States,--,USD,13.08,5.98,1,2053-04-01,5.3,13.34,,5.98,13.34,5.98,USD,2023-03-03,2023-03-03
DIAGEO INVESTMENT CORPORATION,Consumer Non-Cyclical,Fixed Income,226906.45,0.01827,226906.45,220000,United Kingdom,--,USD,6.7,5.39,1,2035-04-15,5.63,6.75,,5.39,6.59,5.39,USD,2025-04-15,2025-04-15
CATERPILLAR FINANCIAL SERVICES COR MTN,Capital Goods,Fixed Income,226959.07,0.01827,226959.07,225000,United States,--,USD,1.92,4.58,1,2028-08-15,4.1,1.92,,4.58,1.92,4.58,USD,2025-08-15,2025-08-15
CATERPILLAR FINANCIAL SERVICES COR MTN,Capital Goods,Fixed Income,226829.04,0.01826,226829.04,225000,United States,--,USD,1.01,4.38,1,2027-08-12,3.6,1.0,,4.38,1.0,4.38,USD,2022-08-12,2022-08-12
SOUTHERN CALIFORNIA EDISON COMPANY,Electric,Fixed Income,226854.4,0.01826,226854.4,275000,United States,--,USD,11.99,6.53,1,2049-03-01,4.88,12.19,,6.53,12.19,6.53,USD,2019-03-15,2019-03-15
MERCK & CO INC,Consumer Non-Cyclical,Fixed Income,226717.84,0.01825,226717.84,225000,United States,--,USD,1.1,4.39,1,2027-09-15,3.85,1.09,,4.39,1.09,4.39,USD,2025-09-09,2025-09-09
CHEVRON USA INC,Energy,Fixed Income,226320.67,0.01822,226320.67,233000,United States,--,USD,1.03,4.28,1,2027-08-12,1.02,1.02,,4.28,1.02,4.28,USD,2020-08-12,2020-08-12
BANK OF NEW YORK MELLON CORP/THE MTN,Banking,Fixed Income,226132.74,0.01821,226132.74,235000,United States,--,USD,5.05,5.13,1,2033-06-13,4.29,5.09,,5.13,5.09,5.13,USD,2022-06-13,2022-06-13
BROOKFIELD FINANCE INC,Brokerage/Asset Managers/Exchanges,Fixed Income,226057.86,0.0182,226057.86,272000,Canada,--,USD,11.91,6.29,1,2047-09-20,4.7,12.12,,6.29,12.12,6.29,USD,2017-09-14,2017-09-14
ENTERGY LOUISIANA LLC,Electric,Fixed Income,225989.0,0.01819,225989.0,220000,United States,--,USD,6.05,5.22,1,2034-03-15,5.35,6.1,,5.21,5.94,5.21,USD,2024-03-08,2024-03-08
UNITEDHEALTH GROUP INC,Insurance,Fixed Income,225795.35,0.01818,225795.35,312000,United States,--,USD,10.66,5.73,1,2040-05-15,2.75,10.7,,5.73,10.7,5.73,USD,2020-05-18,2020-05-18
EATON CORPORATION,Capital Goods,Fixed Income,225873.26,0.01818,225873.26,225000,United States,--,USD,1.69,4.58,1,2028-05-18,4.35,1.72,,4.58,1.72,4.58,USD,2023-05-18,2023-05-18
TOYOTA MOTOR CREDIT CORP MTN,Consumer Cyclical,Fixed Income,225391.05,0.01815,225391.05,225000,United States,--,USD,2.29,4.67,1,2029-01-05,4.65,2.29,,4.67,2.29,4.67,USD,2024-01-05,2024-01-05
DTE ELECTRIC COMPANY,Electric,Fixed Income,225408.16,0.01815,225408.16,225000,United States,--,USD,6.86,5.37,1,2035-05-15,5.25,6.9,,5.37,6.9,5.37,USD,2025-05-14,2025-05-14
BROOKFIELD FINANCE INC,Brokerage/Asset Managers/Exchanges,Fixed Income,225283.31,0.01814,225283.31,215000,Canada,--,USD,5.85,5.61,1,2034-01-05,6.35,5.9,,5.59,5.74,5.59,USD,2023-12-04,2023-12-04
SUMITOMO MITSUI FINANCIAL GROUP IN,Banking,Fixed Income,225287.89,0.01814,225287.89,225000,Japan,--,USD,2.08,4.8,1,2028-10-16,4.31,2.08,,4.8,2.08,4.8,USD,2018-10-16,2018-10-16
METLIFE INC,Insurance,Fixed Income,225318.6,0.01814,225318.6,265000,United States,--,USD,11.85,5.98,1,2046-05-13,4.6,12.05,,5.98,12.05,5.98,USD,2015-11-13,2015-11-13
AMERICAN HONDA FINANCE CORPORATION MTN,Consumer Cyclical,Fixed Income,225102.22,0.01812,225102.22,225000,United States,--,USD,1.41,4.77,1,2028-01-12,4.7,1.4,,4.77,1.4,4.77,USD,2023-01-12,2023-01-12
VISA INC,Technology,Fixed Income,224939.83,0.01811,224939.83,227000,United States,--,USD,1.1,4.46,1,2027-09-15,2.75,1.1,,4.46,1.1,4.46,USD,2017-09-11,2017-09-11
JOHNSON & JOHNSON,Consumer Non-Cyclical,Fixed Income,224769.69,0.0181,224769.69,229000,United States,--,USD,6.05,4.77,1,2033-12-05,4.38,6.18,,4.77,6.18,4.77,USD,2013-12-05,2013-12-05
DEUTSCHE BANK AG (NEW YORK BRANCH),Banking,Fixed Income,224840.03,0.0181,224840.03,230000,Germany,--,USD,3.91,4.92,1,2031-12-10,4.47,3.9,,4.92,3.9,4.92,USD,2025-12-10,2025-12-10
DIAGEO CAPITAL PLC,Consumer Non-Cyclical,Fixed Income,224878.33,0.0181,224878.33,220000,United Kingdom,--,USD,1.15,4.54,1,2027-10-24,5.3,1.19,,4.51,1.11,4.51,USD,2022-10-24,2022-10-24
MCKESSON CORP,Consumer Non-Cyclical,Fixed Income,224618.15,0.01808,224618.15,225000,United States,--,USD,3.44,4.89,1,2030-05-30,4.65,3.46,,4.89,3.46,4.89,USD,2025-05-30,2025-05-30
AMPHENOL CORPORATION,Capital Goods,Fixed Income,224421.66,0.01807,224421.66,225000,United States,--,USD,1.26,4.57,1,2027-11-15,3.8,1.25,,4.57,1.25,4.57,USD,2025-11-10,2025-11-10
BAKER HUGHES HOLDINGS LLC,Energy,Fixed Income,224481.04,0.01807,224481.04,232000,United States,--,USD,5.76,5.3,1,2033-06-15,4.65,5.77,,5.3,5.77,5.3,USD,2026-03-11,2026-03-11
MIZUHO FINANCIAL GROUP INC,Banking,Fixed Income,223927.6,0.01803,223927.6,220000,Japan,--,USD,2.58,5.08,1,2030-05-26,5.38,2.58,,5.02,2.59,5.02,USD,2024-02-26,2024-02-26
CHARLES SCHWAB CORPORATION (THE),Brokerage/Asset Managers/Exchanges,Fixed Income,223835.49,0.01802,223835.49,221000,United States,--,USD,3.2,4.7,1,2030-03-22,4.63,3.28,,4.7,3.28,4.7,USD,2020-03-24,2020-03-24
MIZUHO FINANCIAL GROUP INC,Banking,Fixed Income,223839.07,0.01802,223839.07,233000,Japan,--,USD,2.61,5.08,1,2030-05-22,3.26,2.64,,4.98,2.64,4.98,USD,2022-02-22,2022-02-22
JOHNSON & JOHNSON,Consumer Non-Cyclical,Fixed Income,223603.41,0.018,223603.41,219000,United States,--,USD,1.47,4.35,1,2028-03-01,4.55,1.51,,4.34,1.43,4.34,USD,2025-02-20,2025-02-20
GILEAD SCIENCES INC,Consumer Non-Cyclical,Fixed Income,223426.08,0.01799,223426.08,245000,United States,--,USD,7.89,5.34,1,2036-09-01,4.0,7.94,,5.34,7.94,5.34,USD,2016-09-20,2016-09-20
SUMITOMO MITSUI FINANCIAL GROUP IN,Banking,Fixed Income,223437.7,0.01799,223437.7,225000,Japan,--,USD,1.19,4.68,1,2027-10-18,3.35,1.18,,4.68,1.18,4.68,USD,2017-10-18,2017-10-18
NORTHERN STATES POWER COMPANY (MIN,Electric,Fixed Income,223277.21,0.01798,223277.21,225000,United States,--,USD,6.85,5.3,1,2035-05-15,5.05,6.95,,5.3,6.95,5.3,USD,2025-05-05,2025-05-05
D R HORTON INC,Consumer Cyclical,Fixed Income,223186.33,0.01797,223186.33,220000,United States,--,USD,7.02,5.51,1,2035-10-15,5.5,7.06,,5.51,7.06,5.51,USD,2025-02-26,2025-02-26
CONSOLIDATED EDISON COMPANY OF NEW,Electric,Fixed Income,223196.16,0.01797,223196.16,250000,United States,--,USD,4.51,4.95,1,2031-06-15,2.4,4.5,,4.95,4.5,4.95,USD,2021-06-08,2021-06-08
CONSOLIDATED EDISON COMPANY OF NEW,Electric,Fixed Income,223265.74,0.01797,223265.74,230000,United States,--,USD,13.34,6.15,1,2056-06-15,5.88,13.61,,6.15,13.61,6.15,USD,2026-06-03,2026-06-03
CSX CORP,Transportation,Fixed Income,222917.95,0.01795,222917.95,295000,United States,--,USD,12.5,5.97,1,2046-11-01,3.8,12.71,,5.97,12.71,5.97,USD,2016-10-18,2016-10-18
VISA INC,Technology,Fixed Income,222941.5,0.01795,222941.5,225000,United States,--,USD,5.48,4.92,1,2033-02-12,4.4,5.5,,4.92,5.5,4.92,USD,2026-02-12,2026-02-12
SOUTHERN CALIFORNIA GAS COMPANY,Natural Gas,Fixed Income,223021.5,0.01795,223021.5,215000,United States,--,USD,12.47,6.15,1,2052-11-15,6.35,12.73,,6.15,12.63,6.15,USD,2022-11-14,2022-11-14
SOUTHERN CALIFORNIA EDISON COMPANY,Electric,Fixed Income,222729.93,0.01793,222729.93,236000,United States,--,USD,12.59,6.52,1,2055-03-01,5.9,12.82,,6.52,12.82,6.52,USD,2025-01-09,2025-01-09
KAISER FOUNDATION HOSPITALS,Consumer Non-Cyclical,Fixed Income,222760.96,0.01793,222760.96,330000,United States,--,USD,13.91,5.91,1,2049-11-01,3.27,14.14,,5.91,14.14,5.91,USD,2019-10-31,2019-10-31
MIZUHO FINANCIAL GROUP INC,Banking,Fixed Income,222417.54,0.01791,222417.54,250000,Japan,--,USD,3.82,5.17,1,2031-09-08,1.98,3.84,,5.17,3.84,5.17,USD,2020-09-08,2020-09-08
INTERNATIONAL BUSINESS MACHINES CO,Technology,Fixed Income,222489.94,0.01791,222489.94,220000,United States,--,USD,4.65,5.24,1,2032-02-10,5.0,4.68,,5.24,4.68,5.24,USD,2025-02-10,2025-02-10
PHILIP MORRIS INTERNATIONAL INC,Consumer Non-Cyclical,Fixed Income,222502.13,0.01791,222502.13,252000,United States,--,USD,4.02,4.93,1,2030-11-01,1.75,4.01,,4.93,4.01,4.93,USD,2020-11-02,2020-11-02
VIRGINIA ELECTRIC AND POWER COMPAN,Electric,Fixed Income,222210.88,0.01789,222210.88,269000,United States,--,USD,12.54,6.09,1,2048-12-01,4.6,12.77,,6.09,12.77,6.09,USD,2018-11-28,2018-11-28
BAKER HUGHES HOLDINGS LLC,Energy,Fixed Income,222101.78,0.01788,222101.78,223000,United States,--,USD,3.32,4.9,1,2030-05-01,4.49,3.39,,4.9,3.39,4.9,USD,2020-05-01,2020-05-01
MICROSOFT CORPORATION,Technology,Fixed Income,222107.05,0.01788,222107.05,220000,United States,--,USD,9.72,5.45,1,2041-02-08,5.3,9.77,,5.45,9.77,5.45,USD,2011-02-08,2011-02-08
COCA-COLA CO,Consumer Non-Cyclical,Fixed Income,221947.45,0.01787,221947.45,231000,United States,--,USD,1.56,4.41,1,2028-03-05,1.5,1.56,,4.41,1.56,4.41,USD,2021-03-05,2021-03-05
PEPSICO INC,Consumer Non-Cyclical,Fixed Income,221982.48,0.01787,221982.48,350000,United States,--,USD,14.34,5.83,1,2049-10-15,2.88,14.57,,5.83,14.57,5.83,USD,2019-10-09,2019-10-09
PNC FINANCIAL SERVICES GROUP INC (,Banking,Fixed Income,222019.4,0.01787,222019.4,230000,United States,--,USD,5.05,5.46,1,2033-06-06,4.63,5.02,,5.44,5.02,5.44,USD,2022-06-06,2022-06-06
ROYAL BANK OF CANADA MTN,Banking,Fixed Income,221476.08,0.01783,221476.08,215000,Canada,--,USD,2.3,4.67,1,2029-02-01,4.95,2.29,,4.67,2.29,4.67,USD,2024-01-19,2024-01-19
ANALOG DEVICES INC,Technology,Fixed Income,221338.65,0.01782,221338.65,355000,United States,--,USD,14.71,5.91,1,2051-10-01,2.95,14.95,,5.91,14.95,5.91,USD,2021-10-05,2021-10-05
BERKSHIRE HATHAWAY ENERGY CO,Electric,Fixed Income,221192.63,0.01781,221192.63,277000,United States,--,USD,12.73,6.12,1,2049-01-15,4.45,12.96,,6.12,12.96,6.12,USD,2018-07-25,2019-01-14
PARKER HANNIFIN CORPORATION MTN,Capital Goods,Fixed Income,221269.54,0.01781,221269.54,235000,United States,--,USD,6.75,5.18,1,2034-11-21,4.2,6.83,,5.18,6.83,5.18,USD,2014-11-21,2014-11-21
INTUIT INC,Technology,Fixed Income,221112.87,0.0178,221112.87,225000,United States,--,USD,7.45,5.82,1,2036-06-15,5.5,7.46,,5.82,7.46,5.82,USD,2026-06-11,2026-06-11
TOYOTA MOTOR CREDIT CORP MTN,Consumer Cyclical,Fixed Income,221153.89,0.0178,221153.89,220000,United States,--,USD,3.15,4.84,1,2030-01-09,4.95,3.14,,4.84,3.14,4.84,USD,2025-01-09,2025-01-09
UNITEDHEALTH GROUP INC,Insurance,Fixed Income,220947.26,0.01779,220947.26,380000,United States,--,USD,15.88,6.11,1,2060-05-15,3.13,16.13,,6.11,16.13,6.11,USD,2020-05-18,2020-05-18
ONCOR ELECTRIC DELIVERY COMPANY LL,Electric,Fixed Income,220962.1,0.01779,220962.1,225000,United States,--,USD,13.12,6.07,1,2055-04-01,5.8,13.39,,6.07,13.39,6.07,USD,2025-10-01,2026-03-02
ESTEE LAUDER COMPANIES INC. (THE),Consumer Non-Cyclical,Fixed Income,220995.7,0.01779,220995.7,220000,United States,--,USD,6.03,5.28,1,2034-02-14,5.0,6.07,,5.28,6.07,5.28,USD,2024-02-14,2024-02-14
TOYOTA MOTOR CREDIT CORP MTN,Consumer Cyclical,Fixed Income,220997.36,0.01779,220997.36,225000,United States,--,USD,5.55,5.22,1,2033-03-11,4.6,5.53,,5.22,5.53,5.22,USD,2026-03-13,2026-03-13
PROLOGIS LP,Reits,Fixed Income,220580.27,0.01776,220580.27,225000,United States,--,USD,4.31,4.95,1,2031-06-15,4.25,4.31,,4.95,4.31,4.95,USD,2026-04-23,2026-04-23
NORTHERN TRUST CORPORATION,Banking,Fixed Income,220652.75,0.01776,220652.75,228000,United States,--,USD,2.57,4.67,1,2029-05-03,3.15,2.6,,4.67,2.6,4.67,USD,2019-05-03,2019-05-03
RAYMOND JAMES FINANCIAL INC.,Brokerage/Asset Managers/Exchanges,Fixed Income,220472.05,0.01775,220472.05,310000,United States,--,USD,13.6,6.13,1,2051-04-01,3.75,13.83,,6.13,13.83,6.13,USD,2021-04-01,2021-04-01
TORONTO-DOMINION BANK/THE MTN,Banking,Fixed Income,220269.69,0.01773,220269.69,250000,Canada,--,USD,4.74,4.81,1,2031-09-10,2.0,4.73,,4.81,4.73,4.81,USD,2021-09-10,2021-09-10
PFIZER INC,Consumer Non-Cyclical,Fixed Income,219927.62,0.01771,219927.62,220000,United States,--,USD,1.26,4.48,1,2027-11-15,3.88,1.25,,4.48,1.25,4.48,USD,2025-11-21,2025-11-21
BLACKSTONE REG FINANCE CO LLC,Brokerage/Asset Managers/Exchanges,Fixed Income,219796.67,0.0177,219796.67,225000,United States,--,USD,7.29,5.56,1,2036-02-15,4.95,7.31,,5.56,7.31,5.56,USD,2025-11-03,2025-11-03
PROLOGIS LP,Reits,Fixed Income,219684.61,0.01769,219684.61,220000,United States,--,USD,6.86,5.41,1,2035-05-15,5.25,6.9,,5.41,6.9,5.41,USD,2025-05-07,2025-05-07
DTE ELECTRIC COMPANY,Electric,Fixed Income,219761.33,0.01769,219761.33,225000,United States,--,USD,7.37,5.43,1,2036-03-01,4.85,7.39,,5.43,7.39,5.43,USD,2026-02-27,2026-02-27
REPUBLIC SERVICES INC,Capital Goods,Fixed Income,219562.34,0.01768,219562.34,225000,United States,--,USD,7.68,5.36,1,2036-07-15,5.0,7.71,,5.36,7.71,5.36,USD,2026-06-26,2026-06-26
TWDC ENTERPRISES 18 CORP MTN,Communications,Fixed Income,219581.96,0.01768,219581.96,272000,United States,--,USD,11.59,5.95,1,2044-06-01,4.13,11.69,,5.95,11.69,5.95,USD,2014-06-02,2014-06-02
CATERPILLAR FINANCIAL SERVICES COR MTN,Capital Goods,Fixed Income,219604.94,0.01768,219604.94,225000,United States,--,USD,4.02,4.8,1,2031-01-08,4.15,4.01,,4.8,4.01,4.8,USD,2026-01-08,2026-01-08
NUCOR CORPORATION,Basic Industry,Fixed Income,219620.44,0.01768,219620.44,220000,United States,--,USD,3.46,4.89,1,2030-06-01,4.65,3.47,,4.89,3.47,4.89,USD,2025-03-05,2025-03-05
DUKE ENERGY PROGRESS LLC,Electric,Fixed Income,219543.17,0.01767,219543.17,220000,United States,--,USD,6.74,5.34,1,2035-03-15,5.05,6.78,,5.34,6.78,5.34,USD,2025-03-06,2025-03-06
COLGATE-PALMOLIVE CO,Consumer Non-Cyclical,Fixed Income,219320.27,0.01766,219320.27,220000,United States,--,USD,3.39,4.57,1,2030-05-01,4.2,3.42,,4.57,3.42,4.57,USD,2025-05-02,2025-05-02
TEXAS INSTRUMENTS INC,Technology,Fixed Income,219398.23,0.01766,219398.23,215000,United States,--,USD,1.44,4.58,1,2028-02-15,4.6,1.46,,4.58,1.46,4.58,USD,2022-11-18,2022-11-18
EMERSON ELECTRIC CO,Capital Goods,Fixed Income,219267.87,0.01765,219267.87,363000,United States,--,USD,15.19,5.82,1,2051-12-21,2.8,15.43,,5.82,15.43,5.82,USD,2021-12-21,2021-12-21
KIMBERLY-CLARK CORPORATION,Consumer Non-Cyclical,Fixed Income,219059.73,0.01764,219059.73,220000,United States,--,USD,2.07,4.57,1,2028-11-01,3.95,2.13,,4.57,2.13,4.57,USD,2018-10-29,2018-10-29
LLOYDS BANKING GROUP PLC MTN,Banking,Fixed Income,219001.78,0.01763,219001.78,225000,United Kingdom,--,USD,10.49,6.1,1,2047-02-10,5.67,11.19,,6.1,11.19,6.1,USD,2026-02-10,2026-02-10
EATON CORPORATION,Capital Goods,Fixed Income,218856.89,0.01762,218856.89,260000,United States,--,USD,11.0,5.75,1,2042-11-02,4.15,11.07,,5.75,11.07,5.75,USD,2013-11-02,2013-11-07
PAYPAL HOLDINGS INC,Technology,Fixed Income,218868.9,0.01762,218868.9,250000,United States,--,USD,14.39,6.17,1,2062-06-01,5.25,14.65,,6.17,14.65,6.17,USD,2022-05-23,2022-05-23
PAYPAL HOLDINGS INC,Technology,Fixed Income,218876.59,0.01762,218876.59,320000,United States,--,USD,14.27,5.73,1,2050-06-01,3.25,14.52,,5.73,14.52,5.73,USD,2020-05-18,2020-05-18
BOSTON SCIENTIFIC CORPORATION,Consumer Non-Cyclical,Fixed Income,218889.42,0.01762,218889.42,250000,United States,--,USD,12.52,5.85,1,2049-03-01,4.7,12.77,,5.85,12.77,5.85,USD,2019-02-25,2019-02-25
LOCKHEED MARTIN CORP,Capital Goods,Fixed Income,218912.08,0.01762,218912.08,280000,United States,--,USD,11.9,5.88,1,2045-03-01,3.8,12.06,,5.88,12.06,5.88,USD,2015-02-20,2015-02-20
ABBOTT LABORATORIES,Consumer Non-Cyclical,Fixed Income,218581.24,0.0176,218581.24,248000,United States,--,USD,3.75,4.77,1,2030-06-30,1.4,3.74,,4.77,3.74,4.77,USD,2020-06-24,2020-06-24
AIR PRODUCTS AND CHEMICALS INC,Basic Industry,Fixed Income,218583.96,0.0176,218583.96,353000,United States,--,USD,14.68,5.81,1,2050-05-15,2.8,14.91,,5.81,14.91,5.81,USD,2020-04-30,2020-04-30
SOUTHERN CALIFORNIA GAS COMPANY,Natural Gas,Fixed Income,218669.88,0.0176,218669.88,225000,United States,--,USD,13.25,6.19,1,2056-06-01,5.9,13.51,,6.19,13.51,6.19,USD,2026-05-15,2026-05-15
VIRGINIA ELECTRIC AND POWER CO,Electric,Fixed Income,218401.42,0.01758,218401.42,256000,United States,--,USD,11.07,5.99,1,2044-02-15,4.45,11.2,,5.99,11.2,5.99,USD,2014-02-07,2014-02-07
VIRGINIA ELECTRIC AND POWER COMPAN,Electric,Fixed Income,218097.21,0.01756,218097.21,360000,United States,--,USD,14.71,6.06,1,2051-11-15,2.95,14.94,,6.06,14.94,6.06,USD,2021-11-22,2021-11-22
FLORIDA POWER & LIGHT CO,Electric,Fixed Income,218133.03,0.01756,218133.03,215000,United States,--,USD,5.46,5.12,1,2033-04-01,5.1,5.52,,5.12,5.52,5.12,USD,2023-03-03,2023-03-03
HOME DEPOT INC,Consumer Cyclical,Fixed Income,217740.01,0.01753,217740.01,323000,United States,--,USD,15.07,5.92,1,2056-09-15,3.5,15.33,,5.92,15.33,5.92,USD,2016-09-15,2016-09-15
VISA INC,Technology,Fixed Income,217502.53,0.01751,217502.53,220000,United States,--,USD,7.38,5.13,1,2036-02-12,4.7,7.42,,5.13,7.42,5.13,USD,2026-02-12,2026-02-12
MIZUHO FINANCIAL GROUP INC,Banking,Fixed Income,217413.5,0.0175,217413.5,215000,Japan,--,USD,2.69,5.08,1,2030-07-10,5.38,2.7,,5.04,2.71,5.04,USD,2024-07-10,2024-07-10
FLORIDA POWER CORPORATION,Electric,Fixed Income,217126.17,0.01748,217126.17,200000,United States,--,USD,7.88,5.58,1,2037-09-15,6.35,7.87,,5.58,7.87,5.58,USD,2007-09-18,2007-09-18
PUBLIC SERVICE COMPANY OF COLORADO,Electric,Fixed Income,216837.82,0.01746,216837.82,240000,United States,--,USD,12.99,6.11,1,2053-04-01,5.25,13.25,,6.11,13.25,6.11,USD,2023-04-03,2023-04-03
BURLINGTON NORTHERN SANTA FE LLC,Transportation,Fixed Income,216849.84,0.01746,216849.84,220000,United States,--,USD,9.87,5.62,1,2041-06-01,5.4,9.98,,5.62,9.98,5.62,USD,2011-05-19,2011-05-19
AMERICAN EXPRESS COMPANY,Banking,Fixed Income,216880.17,0.01746,216880.17,264000,United States,--,USD,11.12,5.81,1,2042-12-03,4.05,11.18,,5.81,11.18,5.81,USD,2012-12-03,2013-02-26
DUKE ENERGY CAROLINAS LLC,Electric,Fixed Income,216934.05,0.01746,216934.05,205000,United States,--,USD,8.28,5.56,1,2038-04-15,6.05,8.28,,5.56,8.28,5.56,USD,2008-04-14,2008-04-14
RIO TINTO ALCAN INC,Basic Industry,Fixed Income,216699.6,0.01745,216699.6,205000,Canada,--,USD,5.92,5.29,1,2033-12-15,6.13,5.9,,5.29,5.9,5.29,USD,2003-12-08,2003-12-08
JOHNSON & JOHNSON,Consumer Non-Cyclical,Fixed Income,216583.94,0.01744,216583.94,240000,United States,--,USD,7.74,5.03,1,2036-03-01,3.55,7.8,,5.03,7.8,5.03,USD,2016-03-01,2016-03-01
D R HORTON INC,Consumer Cyclical,Fixed Income,216585.52,0.01744,216585.52,220000,United States,--,USD,6.52,5.44,1,2034-10-15,5.0,6.55,,5.44,6.55,5.44,USD,2024-08-14,2024-08-14
COMMONWEALTH EDISON COMPANY,Electric,Fixed Income,216606.2,0.01744,216606.2,235000,United States,--,USD,12.83,6.09,1,2053-02-01,5.3,13.08,,6.09,13.08,6.09,USD,2023-01-10,2023-01-10
SIMON PROPERTY GROUP LP,Reits,Fixed Income,216516.32,0.01743,216516.32,298000,United States,--,USD,13.71,5.96,1,2050-07-15,3.8,13.95,,5.96,13.95,5.96,USD,2020-07-09,2020-07-09
TOYOTA MOTOR CREDIT CORP MTN,Consumer Cyclical,Fixed Income,216536.32,0.01743,216536.32,210000,United States,--,USD,1.97,4.66,1,2028-09-11,5.25,1.96,,4.66,1.96,4.66,USD,2023-09-11,2023-09-11
ENTERPRISE PRODUCTS OPERATING LLC,Energy,Fixed Income,216336.89,0.01742,216336.89,205000,United States,--,USD,8.92,5.7,1,2039-10-15,6.13,8.94,,5.7,8.94,5.7,USD,2009-10-05,2009-10-05
AMEREN ILLINOIS COMPANY,Electric,Fixed Income,216239.88,0.01741,216239.88,230000,United States,--,USD,13.35,6.02,1,2054-07-01,5.55,13.61,,6.02,13.61,6.02,USD,2024-06-27,2024-06-27
ALPHABET INC,Technology,Fixed Income,216256.08,0.01741,216256.08,335000,United States,--,USD,11.36,5.68,1,2040-08-15,1.9,11.38,,5.68,11.38,5.68,USD,2020-08-05,2020-08-05
AMERICAN HONDA FINANCE CORPORATION MTN,Consumer Cyclical,Fixed Income,216070.69,0.0174,216070.69,230000,United States,--,USD,2.36,4.91,1,2029-01-12,2.25,2.35,,4.91,2.35,4.91,USD,2022-01-13,2022-01-13
ONCOR ELECTRIC DELIVERY COMPANY LL,Electric,Fixed Income,216074.95,0.0174,216074.95,230000,United States,--,USD,13.28,6.04,1,2054-06-15,5.55,13.55,,6.04,13.55,6.04,USD,2024-12-15,2025-01-27
INTERNATIONAL BUSINESS MACHINES CO,Technology,Fixed Income,216139.04,0.0174,216139.04,255000,United States,--,USD,12.61,6.5,1,2053-02-06,5.1,12.83,,6.5,12.83,6.5,USD,2023-02-06,2023-02-06
MARSH & MCLENNAN COMPANIES INC,Insurance,Fixed Income,216151.09,0.0174,216151.09,240000,United States,--,USD,4.01,4.95,1,2030-11-15,2.25,4.0,,4.95,4.0,4.95,USD,2020-05-07,2020-05-07
TPG OPERATING GROUP II LP,Brokerage/Asset Managers/Exchanges,Fixed Income,215839.11,0.01738,215839.11,225000,United States,--,USD,7.27,5.96,1,2036-01-15,5.38,7.27,,5.96,7.27,5.96,USD,2025-08-14,2025-08-14
STATE STREET CORP,Banking,Fixed Income,215714.99,0.01737,215714.99,215000,United States,--,USD,6.61,5.36,1,2036-02-28,5.15,6.71,,5.36,6.71,5.36,USD,2025-02-28,2025-02-28
AMERICAN INTERNATIONAL GROUP INC,Insurance,Fixed Income,215786.57,0.01737,215786.57,240000,United States,--,USD,6.98,5.39,1,2035-01-15,3.88,7.03,,5.39,7.03,5.39,USD,2015-01-15,2015-01-15
HESS CORPORATION,Energy,Fixed Income,215682.77,0.01736,215682.77,190000,United States,--,USD,5.24,5.15,1,2033-03-15,7.13,5.23,,5.15,5.23,5.15,USD,2002-03-05,2002-03-05
ARCH CAPITAL GROUP LTD,Insurance,Fixed Income,215503.22,0.01735,215503.22,220000,United States,--,USD,13.32,6.15,1,2056-06-15,5.95,13.58,,6.15,13.58,6.15,USD,2026-06-09,2026-06-09
ANHEUSER-BUSCH INBEV WORLDWIDE INC MTN,Consumer Non-Cyclical,Fixed Income,215256.23,0.01733,215256.23,255000,Belgium,--,USD,14.34,5.94,1,2058-04-15,4.75,14.61,,5.94,14.61,5.94,USD,2018-04-04,2018-04-04
BHP BILLITON FINANCE (USA) LTD,Basic Industry,Fixed Income,215292.38,0.01733,215292.38,210000,Australia,--,USD,4.67,5.05,1,2032-02-21,5.13,4.7,,5.05,4.58,5.05,USD,2025-02-21,2025-02-21
PHILIP MORRIS INTERNATIONAL INC,Consumer Non-Cyclical,Fixed Income,215144.74,0.01732,215144.74,215000,United States,--,USD,1.67,4.66,1,2028-04-28,4.13,1.66,,4.66,1.66,4.66,USD,2025-04-30,2025-04-30
POTOMAC ELECTRIC POWER CO,Electric,Fixed Income,214793.2,0.01729,214793.2,260000,United States,--,USD,10.96,5.95,1,2043-03-15,4.15,11.07,,5.95,11.07,5.95,USD,2013-03-18,2013-03-18
PROCTER & GAMBLE CO,Consumer Non-Cyclical,Fixed Income,214635.57,0.01728,214635.57,255000,United States,--,USD,10.18,5.31,1,2040-03-25,3.55,10.21,,5.31,10.21,5.31,USD,2020-03-25,2020-03-25
VISA INC,Technology,Fixed Income,214515.7,0.01727,214515.7,215000,United States,--,USD,4.01,4.61,1,2031-02-12,4.1,4.03,,4.61,4.03,4.61,USD,2026-02-12,2026-02-12
ECOLAB INC,Basic Industry,Fixed Income,214389.21,0.01726,214389.21,215000,United States,--,USD,7.04,5.32,1,2035-09-01,5.0,7.07,,5.32,7.07,5.32,USD,2025-08-27,2025-08-27
CATERPILLAR INC,Capital Goods,Fixed Income,214392.87,0.01726,214392.87,226000,United States,--,USD,2.94,4.68,1,2029-09-19,2.6,2.95,,4.68,2.95,4.68,USD,2019-09-19,2019-09-19
PROGRESSIVE CORPORATION (THE),Insurance,Fixed Income,214239.75,0.01725,214239.75,215000,United States,--,USD,5.69,5.1,1,2033-06-15,4.95,5.74,,5.1,5.74,5.1,USD,2023-05-25,2023-05-25
HOME DEPOT INC,Consumer Cyclical,Fixed Income,214249.36,0.01725,214249.36,215000,United States,--,USD,9.45,5.63,1,2040-09-15,5.4,9.55,,5.63,9.55,5.63,USD,2010-09-10,2010-09-10
UNITEDHEALTH GROUP INC,Insurance,Fixed Income,214322.51,0.01725,214322.51,268000,United States,--,USD,12.24,6.06,1,2047-04-15,4.25,12.46,,6.06,12.46,6.06,USD,2017-03-13,2017-03-13
BANK OF AMERICA CORP MTN,Banking,Fixed Income,214136.83,0.01724,214136.83,248000,United States,--,USD,9.11,5.68,1,2040-04-23,4.08,9.42,,5.68,9.42,5.68,USD,2019-04-23,2019-04-23
CONSOLIDATED EDISON COMPANY OF NEW,Electric,Fixed Income,214167.46,0.01724,214167.46,191000,United States,--,USD,8.07,5.57,1,2038-04-01,6.75,8.07,,5.57,8.07,5.57,USD,2008-04-04,2008-04-04
BANCO SANTANDER SA,Banking,Fixed Income,214173.92,0.01724,214173.92,215000,Spain,--,USD,4.13,5.28,1,2031-04-15,4.87,4.11,,5.28,4.11,5.28,USD,2026-04-15,2026-04-15
KIMCO REALTY OP LLC,Reits,Fixed Income,213964.11,0.01723,213964.11,233000,United States,--,USD,5.02,5.07,1,2032-04-01,3.2,5.04,,5.07,5.04,5.07,USD,2022-02-25,2022-02-25
BROADCOM INC,Technology,Fixed Income,214007.33,0.01723,214007.33,225000,United States,--,USD,7.39,5.64,1,2036-01-15,4.95,7.41,,5.64,7.41,5.64,USD,2026-01-13,2026-01-13
PROCTER & GAMBLE CO,Consumer Non-Cyclical,Fixed Income,214021.78,0.01723,214021.78,210000,United States,--,USD,2.31,4.43,1,2029-01-29,4.35,2.31,,4.43,2.31,4.43,USD,2024-01-29,2024-01-29
EATON CAPITAL UNLIMITED CO,Capital Goods,Fixed Income,213936.84,0.01722,213936.84,215000,United States,--,USD,3.4,4.86,1,2030-05-09,4.45,3.42,,4.86,3.42,4.86,USD,2025-05-09,2025-05-09
PFIZER INC,Consumer Non-Cyclical,Fixed Income,213709.39,0.01721,213709.39,248000,United States,--,USD,9.36,5.59,1,2039-03-15,3.9,9.42,,5.59,9.42,5.59,USD,2019-03-11,2019-03-11
TEXAS INSTRUMENTS INC,Technology,Fixed Income,213769.49,0.01721,213769.49,215000,United States,--,USD,6.92,5.3,1,2035-05-23,5.1,6.96,,5.3,6.96,5.3,USD,2025-05-23,2025-05-23
BANK OF NEW YORK MELLON CORP/THE MTN,Banking,Fixed Income,213617.92,0.0172,213617.92,215000,United States,--,USD,5.35,5.23,1,2034-02-01,4.71,5.41,,5.23,5.41,5.23,USD,2023-01-31,2023-01-31
GENERAL DYNAMICS CORPORATION,Capital Goods,Fixed Income,213510.69,0.01719,213510.69,220000,United States,--,USD,3.32,4.84,1,2030-04-01,3.63,3.36,,4.84,3.36,4.84,USD,2020-03-25,2020-03-25
CONNECTICUT LIGHT AND POWER COMPAN,Electric,Fixed Income,213396.87,0.01718,213396.87,275000,United States,--,USD,12.73,5.96,1,2048-04-01,4.0,12.96,,5.96,12.96,5.96,USD,2018-03-28,2018-03-28
ALPHABET INC,Technology,Fixed Income,213426.58,0.01718,213426.58,450000,United States,--,USD,17.33,5.93,1,2060-08-15,2.25,17.57,,5.93,17.57,5.93,USD,2020-08-05,2020-08-05
AMERICAN HONDA FINANCE CORPORATION MTN,Consumer Cyclical,Fixed Income,213426.89,0.01718,213426.89,215000,United States,--,USD,4.34,5.26,1,2031-07-10,5.05,4.33,,5.26,4.33,5.26,USD,2024-07-10,2024-07-10
PUBLIC SERVICE COMPANY OF COLORADO,Electric,Fixed Income,213431.18,0.01718,213431.18,215000,United States,--,USD,6.97,5.51,1,2035-09-15,5.15,7.05,,5.51,7.05,5.51,USD,2025-08-07,2025-08-07
UNITEDHEALTH GROUP INC,Insurance,Fixed Income,213442.06,0.01718,213442.06,197000,United States,--,USD,7.84,5.55,1,2037-06-15,6.5,7.83,,5.55,7.83,5.55,USD,2007-12-15,2008-02-15
TOTALENERGIES CAPITAL INTERNATIONA,Energy,Fixed Income,213225.39,0.01717,213225.39,311000,France,--,USD,13.7,6.01,1,2049-07-12,3.46,13.93,,6.01,13.93,6.01,USD,2019-07-10,2019-07-10
ONCOR ELECTRIC DELIVERY COMPANY LL,Electric,Fixed Income,213257.41,0.01717,213257.41,229000,United States,--,USD,3.52,4.9,1,2030-05-15,2.75,3.53,,4.9,3.53,4.9,USD,2020-03-20,2020-08-11
BAIDU INC,Technology,Fixed Income,213282.95,0.01717,213282.95,215000,China,--,USD,0.93,4.68,1,2027-07-06,3.63,0.92,,4.68,0.92,4.68,USD,2017-07-06,2017-07-06
ANALOG DEVICES INC,Technology,Fixed Income,213135.45,0.01716,213135.45,300000,United States,--,USD,11.29,5.78,1,2041-10-01,2.8,11.35,,5.78,11.35,5.78,USD,2021-10-05,2021-10-05
BERKSHIRE HATHAWAY FINANCE CORP,Insurance,Fixed Income,213048.64,0.01715,213048.64,245000,United States,--,USD,10.7,5.75,1,2042-05-15,4.4,10.76,,5.75,10.76,5.75,USD,2012-05-15,2012-05-15
AMPHENOL CORPORATION,Capital Goods,Fixed Income,213071.16,0.01715,213071.16,215000,United States,--,USD,2.15,4.65,1,2028-11-15,3.9,2.17,,4.65,2.17,4.65,USD,2025-11-10,2025-11-10
MASTERCARD INC,Technology,Fixed Income,212960.56,0.01714,212960.56,240000,United States,--,USD,4.32,4.8,1,2031-03-15,1.9,4.32,,4.8,4.32,4.8,USD,2021-03-04,2021-03-04
ALABAMA POWER COMPANY,Electric,Fixed Income,212786.34,0.01713,212786.34,278000,United States,--,USD,11.89,5.99,1,2045-03-01,3.75,12.04,,5.99,12.04,5.99,USD,2015-03-11,2015-03-11
ADOBE INC,Technology,Fixed Income,212797.91,0.01713,212797.91,212000,United States,--,USD,1.39,4.54,1,2028-01-17,4.75,1.42,,4.54,1.42,4.54,USD,2025-01-17,2025-01-17
FLORIDA POWER AND LIGHT CO,Electric,Fixed Income,212705.93,0.01712,212705.93,200000,United States,--,USD,8.12,5.53,1,2038-02-01,5.95,8.11,,5.53,8.11,5.53,USD,2008-01-16,2008-01-16
BANK OF NOVA SCOTIA MTN,Banking,Fixed Income,212576.69,0.01711,212576.69,215000,Canada,--,USD,4.54,5.18,1,2032-11-10,4.74,4.57,,5.18,4.58,5.18,USD,2024-09-11,2024-09-11
PECO ENERGY CO,Electric,Fixed Income,212587.68,0.01711,212587.68,220000,United States,--,USD,13.26,6.04,1,2055-09-15,5.65,13.52,,6.04,13.52,6.04,USD,2025-09-10,2025-09-10
THERMO FISHER SCIENTIFIC INC,Consumer Non-Cyclical,Fixed Income,212364.05,0.0171,212364.05,225000,United States,--,USD,2.14,4.66,1,2028-10-15,1.75,2.13,,4.66,2.13,4.66,USD,2021-08-23,2021-08-23
COMMONWEALTH EDISON COMPANY,Electric,Fixed Income,212417.91,0.0171,212417.91,213000,United States,--,USD,1.89,4.68,1,2028-08-15,3.7,1.93,,4.68,1.93,4.68,USD,2018-08-14,2018-08-14
CONSOLIDATED EDISON COMPANY OF NEW,Electric,Fixed Income,212287.62,0.01709,212287.62,263000,United States,--,USD,13.8,6.11,1,2054-12-01,4.63,14.05,,6.11,14.05,6.11,USD,2014-11-24,2014-11-24
CATERPILLAR FINANCIAL SERVICES COR MTN,Capital Goods,Fixed Income,212330.22,0.01709,212330.22,210000,United States,--,USD,1.17,4.47,1,2027-10-15,4.4,1.17,,4.47,1.17,4.47,USD,2024-08-16,2024-08-16
WELLTOWER OP LLC,Reits,Fixed Income,212182.78,0.01708,212182.78,225000,United States,--,USD,5.13,5.06,1,2032-06-15,3.85,5.15,,5.06,5.15,5.06,USD,2022-03-31,2022-03-31
MANULIFE FINANCIAL CORP,Insurance,Fixed Income,211972.82,0.01707,211972.82,222000,Canada,--,USD,11.33,5.95,1,2046-03-04,5.38,11.48,,5.95,11.48,5.95,USD,2016-03-04,2016-03-04
JOHN DEERE CAPITAL CORP,Capital Goods,Fixed Income,211888.66,0.01706,211888.66,245000,United States,--,USD,4.25,4.85,1,2031-01-15,1.45,4.24,,4.85,4.24,4.85,USD,2021-01-07,2021-01-07
3M CO,Capital Goods,Fixed Income,211924.9,0.01706,211924.9,210000,United States,--,USD,6.72,5.28,1,2035-03-15,5.15,6.77,,5.28,6.77,5.28,USD,2025-03-13,2025-03-13
DUKE ENERGY PROGRESS INC,Electric,Fixed Income,211725.14,0.01705,211725.14,260000,United States,--,USD,11.7,6.01,1,2045-08-15,4.2,11.87,,6.01,11.87,6.01,USD,2015-08-13,2015-08-13
DEERE & CO,Capital Goods,Fixed Income,211577.1,0.01703,211577.1,204000,United States,--,USD,2.91,4.61,1,2029-10-16,5.38,2.9,,4.61,2.9,4.61,USD,2009-10-16,2009-10-16
UNILEVER CAPITAL CORP,Consumer Non-Cyclical,Fixed Income,211400.39,0.01702,211400.39,240000,United Kingdom,--,USD,3.93,4.71,1,2030-09-14,1.38,3.92,,4.71,3.92,4.71,USD,2020-09-14,2020-09-14
CONSUMERS ENERGY COMPANY,Electric,Fixed Income,211439.97,0.01702,211439.97,215000,United States,--,USD,3.97,4.94,1,2031-01-15,4.5,4.0,,4.94,4.0,4.94,USD,2025-05-02,2025-05-02
BHP BILLITON FINANCE (USA) LTD,Basic Industry,Fixed Income,211187.28,0.017,211187.28,210000,Australia,--,USD,5.41,5.15,1,2033-02-28,4.9,5.46,,5.15,5.46,5.15,USD,2023-02-28,2023-02-28
WASTE MANAGEMENT INC,Capital Goods,Fixed Income,211093.34,0.01699,211093.34,210000,United States,--,USD,4.28,4.89,1,2031-07-03,4.95,4.33,,4.89,4.2,4.89,USD,2024-07-03,2024-07-03
GENERAL DYNAMICS CORPORATION,Capital Goods,Fixed Income,210903.09,0.01698,210903.09,257000,United States,--,USD,13.23,5.75,1,2050-04-01,4.25,13.49,,5.75,13.49,5.75,USD,2020-03-25,2020-03-25
MCKESSON CORP,Consumer Non-Cyclical,Fixed Income,210920.14,0.01698,210920.14,210000,United States,--,USD,6.88,5.3,1,2035-05-30,5.25,6.95,,5.3,6.95,5.3,USD,2025-05-30,2025-05-30
SOUTHERN CALIFORNIA EDISON COMPANY,Electric,Fixed Income,210663.61,0.01696,210663.61,205000,United States,--,USD,1.45,4.86,1,2028-03-01,5.3,1.49,,4.84,1.42,4.84,USD,2023-03-02,2023-03-02
BROOKFIELD FINANCE INC,Brokerage/Asset Managers/Exchanges,Fixed Income,210482.82,0.01695,210482.82,315000,Canada,--,USD,13.74,6.24,1,2051-03-30,3.5,13.95,,6.24,13.95,6.24,USD,2020-09-28,2020-09-28
INTERNATIONAL BUSINESS MACHINES CO,Technology,Fixed Income,210271.51,0.01693,210271.51,255000,United States,--,USD,12.61,6.5,1,2052-07-27,4.9,12.83,,6.5,12.83,6.5,USD,2022-07-27,2022-07-27
TEXAS INSTRUMENTS INC,Technology,Fixed Income,210295.51,0.01693,210295.51,235000,United States,--,USD,13.25,5.92,1,2053-03-14,5.0,13.52,,5.92,13.52,5.92,USD,2023-03-14,2023-03-14
COLGATE-PALMOLIVE CO,Consumer Non-Cyclical,Fixed Income,210063.85,0.01691,210063.85,210000,United States,--,USD,1.02,4.39,1,2027-08-15,3.1,1.02,,4.39,1.02,4.39,USD,2022-08-09,2022-08-09
SUMITOMO MITSUI FINANCIAL GROUP IN,Banking,Fixed Income,210073.01,0.01691,210073.01,205000,Japan,--,USD,5.71,5.37,1,2033-07-13,5.78,5.69,,5.37,5.69,5.37,USD,2023-07-13,2023-07-13
PUBLIC SERVICE COMPANY OF COLORADO,Electric,Fixed Income,209860.7,0.0169,209860.7,210000,United States,--,USD,2.41,4.79,1,2029-03-13,4.15,2.43,,4.79,2.43,4.79,USD,2026-03-13,2026-03-13
KAISER FOUNDATION HOSPITALS,Consumer Non-Cyclical,Fixed Income,209863.41,0.0169,209863.41,225000,United States,--,USD,10.38,5.67,1,2042-04-01,4.88,10.44,,5.67,10.44,5.67,USD,2012-04-11,2012-04-11
DUKE ENERGY FLORIDA LLC,Electric,Fixed Income,209846.95,0.01689,209846.95,225000,United States,--,USD,3.15,4.81,1,2029-12-01,2.5,3.15,,4.81,3.15,4.81,USD,2019-11-26,2019-11-26
ENTERGY TEXAS INC,Electric,Fixed Income,209631.26,0.01688,209631.26,240000,United States,--,USD,4.34,4.99,1,2031-03-15,1.75,4.33,,4.99,4.33,4.99,USD,2020-10-01,2020-10-01
HERSHEY COMPANY THE,Consumer Non-Cyclical,Fixed Income,209682.0,0.01688,209682.0,205000,United States,--,USD,4.7,4.9,1,2032-02-24,4.95,4.74,,4.9,4.74,4.9,USD,2025-02-24,2025-02-24
MCKESSON CORP,Consumer Non-Cyclical,Fixed Income,209692.46,0.01688,209692.46,210000,United States,--,USD,2.86,4.82,1,2029-09-15,4.25,2.86,,4.82,2.86,4.82,USD,2024-09-10,2024-09-10
FLORIDA POWER & LIGHT CO,Electric,Fixed Income,209542.63,0.01687,209542.63,319000,United States,--,USD,13.9,5.98,1,2049-10-01,3.15,14.12,,5.98,14.12,5.98,USD,2019-09-13,2019-09-13
PAYPAL HOLDINGS INC,Technology,Fixed Income,209425.6,0.01686,209425.6,210000,United States,--,USD,4.22,5.23,1,2031-06-01,4.95,4.22,,5.23,4.22,5.23,USD,2026-05-15,2026-05-15
SOUTHERN CALIFORNIA EDISON COMPANY,Electric,Fixed Income,209462.47,0.01686,209462.47,232000,United States,--,USD,3.61,5.15,1,2030-06-01,2.25,3.6,,5.15,3.6,5.15,USD,2020-03-09,2020-03-09
CONSOLIDATED EDISON COMPANY OF NEW,Electric,Fixed Income,209245.51,0.01685,209245.51,280000,United States,--,USD,12.37,6.09,1,2046-06-15,3.85,12.55,,6.09,12.55,6.09,USD,2016-06-17,2016-06-17
LOEWS CORPORATION,Insurance,Fixed Income,209175.07,0.01684,209175.07,221000,United States,--,USD,3.48,4.93,1,2030-05-15,3.2,3.5,,4.93,3.5,4.93,USD,2020-05-08,2020-05-08
MITSUBISHI UFJ FINANCIAL GROUP INC,Banking,Fixed Income,208988.88,0.01683,208988.88,205000,Japan,--,USD,1.61,5.22,1,2029-04-19,5.24,1.62,,4.89,1.62,4.89,USD,2023-04-19,2023-04-19
HOME DEPOT INC,Consumer Cyclical,Fixed Income,209016.46,0.01683,209016.46,205000,United States,--,USD,2.47,4.65,1,2029-04-15,4.9,2.5,,4.65,2.42,4.65,USD,2023-12-04,2023-12-04
VIRGINIA ELECTRIC AND POWER COMPAN,Electric,Fixed Income,209106.58,0.01683,209106.58,220000,United States,--,USD,13.0,6.1,1,2054-08-15,5.55,13.26,,6.1,13.26,6.1,USD,2024-08-12,2024-08-12
TARGET CORPORATION,Consumer Cyclical,Fixed Income,208905.27,0.01682,208905.27,340000,United States,--,USD,15.0,5.9,1,2052-01-15,2.95,15.24,,5.9,15.24,5.9,USD,2022-01-24,2022-01-24
CITIGROUP INC,Banking,Fixed Income,208919.04,0.01682,208919.04,239000,United States,--,USD,11.46,5.96,1,2045-07-30,4.65,11.59,,5.96,11.59,5.96,USD,2015-07-30,2015-07-30
INTUIT INC,Technology,Fixed Income,208935.44,0.01682,208935.44,210000,United States,--,USD,4.26,5.2,1,2031-06-15,4.95,4.27,,5.2,4.27,5.2,USD,2026-06-11,2026-06-11
CISCO SYSTEMS INC,Technology,Fixed Income,208981.19,0.01682,208981.19,205000,United States,--,USD,3.18,4.76,1,2030-02-24,4.75,3.2,,4.76,3.2,4.76,USD,2025-02-24,2025-02-24
ELI LILLY AND COMPANY,Consumer Non-Cyclical,Fixed Income,208789.97,0.01681,208789.97,273000,United States,--,USD,14.89,5.88,1,2059-03-15,4.15,15.17,,5.88,15.17,5.88,USD,2019-02-22,2019-02-22
AMPHENOL CORPORATION,Capital Goods,Fixed Income,208793.62,0.01681,208793.62,205000,United States,--,USD,6.12,5.2,1,2034-04-05,5.25,6.18,,5.2,6.01,5.2,USD,2024-04-05,2024-04-05
LINDE INC,Basic Industry,Fixed Income,208856.49,0.01681,208856.49,267000,United States,--,USD,11.34,5.69,1,2042-11-07,3.55,11.45,,5.69,11.45,5.69,USD,2012-11-07,2012-11-07
NVIDIA CORPORATION,Technology,Fixed Income,208668.79,0.0168,208668.79,257000,United States,--,USD,10.12,5.6,1,2040-04-01,3.5,10.18,,5.6,10.18,5.6,USD,2020-03-31,2020-03-31
CATERPILLAR FINANCIAL SERVICES COR MTN,Capital Goods,Fixed Income,208707.47,0.0168,208707.47,210000,United States,--,USD,2.4,4.65,1,2029-02-23,3.75,2.39,,4.65,2.39,4.65,USD,2026-02-24,2026-02-24
LOCKHEED MARTIN CORPORATION,Capital Goods,Fixed Income,208712.3,0.0168,208712.3,205000,United States,--,USD,1.2,4.42,1,2027-11-15,5.1,1.25,,4.4,1.16,4.4,USD,2022-10-24,2022-10-24
REPUBLIC SERVICES INC,Capital Goods,Fixed Income,208606.01,0.01679,208606.01,210000,United States,--,USD,4.35,4.98,1,2031-07-15,4.75,4.37,,4.98,4.37,4.98,USD,2026-06-26,2026-06-26
CATERPILLAR FINANCIAL SERVICES COR MTN,Capital Goods,Fixed Income,208426.08,0.01678,208426.08,210000,United States,--,USD,4.24,4.88,1,2031-05-15,4.5,4.24,,4.88,4.24,4.88,USD,2026-05-15,2026-05-15
PROCTER & GAMBLE CO,Consumer Non-Cyclical,Fixed Income,208442.73,0.01678,208442.73,210000,United States,--,USD,6.72,4.83,1,2034-10-24,4.55,6.72,,4.83,6.72,4.83,USD,2024-10-24,2024-10-24
MASSACHUSETTS INSTITUTE OF TECHNOL,Industrial Other,Fixed Income,208255.55,0.01677,208255.55,320000,United States,--,USD,14.66,5.69,1,2050-07-01,2.99,14.91,,5.69,14.91,5.69,USD,2019-12-20,2019-12-20
CONSOLIDATED EDISON COMPANY OF NEW,Electric,Fixed Income,208362.53,0.01677,208362.53,252000,United States,--,USD,12.48,6.14,1,2048-12-01,4.65,12.71,,6.14,12.71,6.14,USD,2018-11-30,2018-11-30
COMMONWEALTH EDISON COMPANY,Electric,Fixed Income,208185.43,0.01676,208185.43,281000,United States,--,USD,12.59,6.09,1,2047-08-15,3.75,12.79,,6.09,12.79,6.09,USD,2017-08-23,2017-08-23
MANULIFE FINANCIAL CORP,Insurance,Fixed Income,208192.08,0.01676,208192.08,215000,Canada,--,USD,7.3,5.5,1,2035-12-11,4.99,7.32,,5.5,7.32,5.5,USD,2025-12-11,2025-12-11
DH EUROPE FINANCE II SARL,Consumer Non-Cyclical,Fixed Income,208021.66,0.01675,208021.66,265000,United States,--,USD,10.11,5.63,1,2039-11-15,3.25,10.15,,5.63,10.15,5.63,USD,2019-11-07,2019-11-07
CONSOLIDATED EDISON COMPANY OF NEW,Electric,Fixed Income,208063.38,0.01675,208063.38,192000,United States,--,USD,7.81,5.61,1,2037-08-15,6.3,7.79,,5.61,7.79,5.61,USD,2007-08-28,2007-08-28
HOME DEPOT INC,Consumer Cyclical,Fixed Income,208091.2,0.01675,208091.2,222000,United States,--,USD,3.44,4.77,1,2030-04-15,2.7,3.45,,4.77,3.45,4.77,USD,2020-03-30,2020-03-30
FLORIDA POWER AND LIGHT CO,Electric,Fixed Income,207758.66,0.01673,207758.66,253000,United States,--,USD,10.85,5.85,1,2042-06-01,4.05,10.95,,5.85,10.95,5.85,USD,2012-05-15,2012-05-15
CONSOLIDATED EDISON COMPANY OF NEW,Electric,Fixed Income,207624.58,0.01672,207624.58,265000,United States,--,USD,14.38,6.11,1,2058-05-15,4.5,14.64,,6.11,14.64,6.11,USD,2018-05-10,2018-05-10
TOYOTA MOTOR CORPORATION,Consumer Cyclical,Fixed Income,207732.06,0.01672,207732.06,210000,Japan,--,USD,3.54,4.83,1,2030-06-30,4.45,3.56,,4.83,3.56,4.83,USD,2025-06-30,2025-06-30
JOHN DEERE CAPITAL CORP MTN,Capital Goods,Fixed Income,207609.27,0.01671,207609.27,210000,United States,--,USD,4.18,4.89,1,2031-04-15,4.38,4.17,,4.89,4.17,4.89,USD,2026-04-28,2026-04-28
BROWN-FORMAN CORPORATION,Consumer Non-Cyclical,Fixed Income,207417.98,0.0167,207417.98,210000,United States,--,USD,5.56,5.2,1,2033-04-15,4.75,5.6,,5.2,5.6,5.2,USD,2023-03-23,2023-03-23
UNITED PARCEL SERVICE INC,Transportation,Fixed Income,207255.65,0.01669,207255.65,206000,United States,--,USD,3.24,4.68,1,2030-04-01,4.45,3.32,,4.68,3.32,4.68,USD,2020-03-24,2020-03-24
STATE STREET CORP,Banking,Fixed Income,207262.82,0.01669,207262.82,209000,United States,--,USD,2.19,4.87,1,2029-12-03,4.14,3.08,,4.78,2.21,4.78,USD,2018-12-03,2018-12-03
INTUIT INC,Technology,Fixed Income,207181.26,0.01668,207181.26,235000,United States,--,USD,3.77,4.98,1,2030-07-15,1.65,3.76,,4.98,3.76,4.98,USD,2020-06-29,2020-06-29
CANADIAN NATIONAL RAILWAY COMPANY,Transportation,Fixed Income,207078.71,0.01667,207078.71,250000,Canada,--,USD,13.5,5.85,1,2052-08-05,4.4,13.76,,5.85,13.76,5.85,USD,2022-08-05,2022-08-05
NORTHERN STATES POWER COMPANY (MIN,Electric,Fixed Income,207111.69,0.01667,207111.69,351000,United States,--,USD,15.33,5.75,1,2051-06-01,2.6,15.56,,5.75,15.56,5.75,USD,2020-06-15,2020-06-15
UNION ELECTRIC CO,Electric,Fixed Income,206949.75,0.01666,206949.75,215000,United States,--,USD,13.6,6.05,1,2056-09-15,5.75,13.88,,6.05,13.88,6.05,USD,2026-06-29,2026-06-29
APPLE INC,Technology,Fixed Income,206964.97,0.01666,206964.97,210000,United States,--,USD,5.7,4.7,1,2033-05-10,4.3,5.77,,4.7,5.77,4.7,USD,2023-05-10,2023-05-10
MITSUBISHI UFJ FINANCIAL GROUP INC,Banking,Fixed Income,206984.99,0.01666,206984.99,200000,Japan,--,USD,3.13,5.22,1,2031-02-22,5.47,3.14,,5.1,3.15,5.1,USD,2023-02-22,2023-02-22
ECOLAB INC,Basic Industry,Fixed Income,206664.9,0.01664,206664.9,240000,United States,--,USD,4.27,4.92,1,2031-01-30,1.3,4.26,,4.92,4.26,4.92,USD,2020-08-13,2020-08-13
REALTY INCOME CORPORATION,Reits,Fixed Income,206533.7,0.01663,206533.7,235000,United States,--,USD,5.68,5.15,1,2032-12-15,2.85,5.68,,5.15,5.68,5.15,USD,2021-06-15,2021-11-09
FLORIDA POWER & LIGHT CO,Electric,Fixed Income,206560.84,0.01663,206560.84,268000,United States,--,USD,12.68,5.98,1,2048-03-01,3.95,12.9,,5.98,12.9,5.98,USD,2018-02-28,2018-02-28
GILEAD SCIENCES INC,Consumer Non-Cyclical,Fixed Income,206471.12,0.01662,206471.12,290000,United States,--,USD,10.93,5.66,1,2040-10-01,2.6,10.98,,5.66,10.98,5.66,USD,2020-09-30,2020-09-30
ALABAMA POWER COMPANY,Electric,Fixed Income,206294.48,0.01661,206294.48,225000,United States,--,USD,5.0,4.98,1,2032-03-15,3.05,5.02,,4.98,5.02,4.98,USD,2022-03-07,2022-03-07
CATERPILLAR INC,Capital Goods,Fixed Income,206304.14,0.01661,206304.14,300000,United States,--,USD,13.88,5.81,1,2049-09-19,3.25,14.12,,5.81,14.12,5.81,USD,2019-09-19,2019-09-19
TAMPA ELECTRIC COMPANY,Electric,Fixed Income,206316.14,0.01661,206316.14,202000,United States,--,USD,2.34,4.81,1,2029-03-01,4.9,2.37,,4.81,2.3,4.81,USD,2024-01-30,2024-01-30
PHILIP MORRIS INTERNATIONAL INC,Consumer Non-Cyclical,Fixed Income,206153.57,0.0166,206153.57,236000,United States,--,USD,10.46,5.9,1,2042-03-20,4.5,10.51,,5.9,10.51,5.9,USD,2012-03-20,2012-03-20
SUMITOMO MITSUI FINANCIAL GROUP IN,Banking,Fixed Income,206250.52,0.0166,206250.52,204000,Japan,--,USD,4.7,5.25,1,2032-01-15,5.45,4.68,,5.25,4.68,5.25,USD,2025-01-15,2025-01-15
INDIANA MICHIGAN POWER CO,Electric,Fixed Income,206251.65,0.0166,206251.65,215000,United States,--,USD,13.28,6.07,1,2056-03-15,5.6,13.55,,6.07,13.55,6.07,USD,2026-02-20,2026-02-20
KENVUE INC,Consumer Non-Cyclical,Fixed Income,206037.0,0.01659,206037.0,220000,United States,--,USD,10.52,5.86,1,2043-03-22,5.1,10.65,,5.86,10.65,5.86,USD,2023-09-22,2023-10-17
CISCO SYSTEMS INC,Technology,Fixed Income,206079.06,0.01659,206079.06,215000,United States,--,USD,13.26,5.97,1,2055-02-24,5.5,13.53,,5.97,13.53,5.97,USD,2025-02-24,2025-02-24
ASTRAZENECA FINANCE LLC,Consumer Non-Cyclical,Fixed Income,205894.39,0.01658,205894.39,210000,United Kingdom,--,USD,4.07,4.86,1,2031-03-02,4.0,4.08,,4.86,4.08,4.86,USD,2026-03-02,2026-03-02
WISCONSIN ELECTRIC POWER COMPANY,Electric,Fixed Income,205928.01,0.01658,205928.01,205000,United States,--,USD,5.16,4.95,1,2032-09-30,4.75,5.22,,4.95,5.22,4.95,USD,2022-09-22,2022-09-22
APPLE INC,Technology,Fixed Income,205934.51,0.01658,205934.51,235000,United States,--,USD,4.67,4.66,1,2031-08-05,1.7,4.68,,4.66,4.68,4.66,USD,2021-08-05,2021-08-05
VIRGINIA ELECTRIC AND POWER COMPAN,Electric,Fixed Income,205794.4,0.01657,205794.4,205000,United States,--,USD,5.48,5.21,1,2033-04-01,5.0,5.53,,5.21,5.53,5.21,USD,2023-03-30,2023-03-30
AMAZON.COM INC,Consumer Cyclical,Fixed Income,205694.06,0.01656,205694.06,355000,United States,--,USD,15.58,6.29,1,2061-05-12,3.25,15.81,,6.29,15.81,6.29,USD,2021-05-12,2021-05-12
SOUTHWESTERN PUBLIC SERVICE COMPAN,Electric,Fixed Income,205616.2,0.01655,205616.2,210000,United States,--,USD,7.59,5.62,1,2036-08-15,5.3,7.65,,5.62,7.65,5.62,USD,2026-06-29,2026-06-29
NORTHERN STATES POWER COMPANY (MIN,Electric,Fixed Income,205447.4,0.01654,205447.4,318000,United States,--,USD,14.41,5.75,1,2050-03-01,2.9,14.64,,5.75,14.64,5.75,USD,2019-09-10,2019-09-10
APPLE INC,Technology,Fixed Income,205501.68,0.01654,205501.68,205000,United States,--,USD,4.96,4.63,1,2032-05-12,4.5,5.01,,4.63,5.01,4.63,USD,2025-05-12,2025-05-12
CATERPILLAR FINANCIAL SERVICES COR MTN,Capital Goods,Fixed Income,205316.79,0.01653,205316.79,205000,United States,--,USD,1.71,4.57,1,2028-05-15,4.2,1.71,,4.57,1.71,4.57,USD,2026-05-15,2026-05-15
BALTIMORE GAS AND ELECTRIC CO,Electric,Fixed Income,205174.6,0.01652,205174.6,205000,United States,--,USD,5.63,5.29,1,2033-06-01,5.15,5.66,,5.29,5.66,5.29,USD,2026-05-22,2026-05-22
ATMOS ENERGY CORPORATION,Natural Gas,Fixed Income,205191.46,0.01652,205191.46,235000,United States,--,USD,13.74,5.97,1,2054-12-15,5.0,14.01,,5.97,14.01,5.97,USD,2024-10-01,2024-10-01
US BANCORP MTN,Banking,Fixed Income,205230.7,0.01652,205230.7,230000,United States,--,USD,4.89,5.15,1,2033-01-27,2.68,4.93,,5.15,4.93,5.15,USD,2022-01-27,2022-01-27
MCKESSON CORP,Consumer Non-Cyclical,Fixed Income,204888.64,0.0165,204888.64,205000,United States,--,USD,5.75,5.13,1,2033-07-15,5.1,5.8,,5.13,5.8,5.13,USD,2023-06-15,2023-06-15
JOHN DEERE CAPITAL CORP MTN,Capital Goods,Fixed Income,204690.16,0.01648,204690.16,205000,United States,--,USD,3.49,4.77,1,2030-06-05,4.55,3.48,,4.77,3.48,4.77,USD,2025-06-05,2025-06-05
QUALCOMM INCORPORATED,Technology,Fixed Income,204748.94,0.01648,204748.94,205000,United States,--,USD,3.43,4.76,1,2030-05-20,4.5,3.45,,4.76,3.45,4.76,USD,2025-05-21,2025-05-21
WASTE MANAGEMENT INC,Capital Goods,Fixed Income,204583.2,0.01647,204583.2,210000,United States,--,USD,4.92,4.9,1,2032-04-15,4.15,4.96,,4.9,4.96,4.9,USD,2022-05-12,2022-05-12
WALMART INC,Consumer Cyclical,Fixed Income,204406.28,0.01646,204406.28,204000,United States,--,USD,1.63,4.42,1,2028-04-15,3.9,1.63,,4.42,1.63,4.42,USD,2023-04-18,2023-04-18
JOHN DEERE CAPITAL CORP MTN,Capital Goods,Fixed Income,204278.73,0.01645,204278.73,220000,United States,--,USD,3.26,4.74,1,2030-01-09,2.45,3.25,,4.74,3.25,4.74,USD,2020-01-09,2020-01-09
BURLINGTON NORTHERN SANTA FE LLC,Transportation,Fixed Income,204093.08,0.01643,204093.08,212000,United States,--,USD,9.76,5.63,1,2041-03-01,5.05,9.87,,5.63,9.87,5.63,USD,2010-09-10,2010-09-10
INTERNATIONAL BUSINESS MACHINES CO,Technology,Fixed Income,204110.92,0.01643,204110.92,209000,United States,--,USD,9.15,5.95,1,2039-11-30,5.6,9.16,,5.95,9.16,5.95,USD,2009-11-30,2009-11-30
NOVARTIS CAPITAL CORP,Consumer Non-Cyclical,Fixed Income,203913.49,0.01642,203913.49,253000,Switzerland,--,USD,11.18,5.67,1,2042-09-21,3.7,11.24,,5.67,11.24,5.67,USD,2012-09-21,2012-09-21
JOHN DEERE CAPITAL CORP MTN,Capital Goods,Fixed Income,203948.42,0.01642,203948.42,205000,United States,--,USD,3.78,4.82,1,2030-10-15,4.38,3.77,,4.82,3.77,4.82,USD,2025-07-24,2025-07-24
GEORGIA POWER COMPANY,Electric,Fixed Income,203781.29,0.01641,203781.29,215000,United States,--,USD,2.93,4.78,1,2029-09-15,2.65,2.93,,4.78,2.93,4.78,USD,2019-09-10,2019-09-10
WYETH LLC,Consumer Non-Cyclical,Fixed Income,203848.26,0.01641,203848.26,191000,United States,--,USD,7.11,5.44,1,2036-02-15,6.0,7.09,,5.44,7.09,5.44,USD,2005-11-14,2006-02-08
BRISTOL-MYERS SQUIBB CO,Consumer Non-Cyclical,Fixed Income,203848.38,0.01641,203848.38,235000,United States,--,USD,11.23,5.92,1,2044-05-15,4.63,11.38,,5.92,11.38,5.92,USD,2020-05-15,2020-07-15
BP CAPITAL MARKETS AMERICA INC,Energy,Fixed Income,203619.94,0.01639,203619.94,200000,United Kingdom,--,USD,2.82,4.8,1,2029-10-17,4.97,2.92,,4.79,2.71,4.79,USD,2024-05-17,2024-05-17
PACCAR FINANCIAL CORP MTN,Consumer Cyclical,Fixed Income,203621.99,0.01639,203621.99,200000,United States,--,USD,1.51,4.52,1,2028-03-03,4.55,1.51,,4.52,1.51,4.52,USD,2025-03-03,2025-03-03
KIMBERLY-CLARK CORPORATION,Consumer Non-Cyclical,Fixed Income,203469.37,0.01638,203469.37,210000,United States,--,USD,2.55,4.72,1,2029-04-25,3.2,2.58,,4.72,2.58,4.72,USD,2019-04-25,2019-04-25
ALIBABA GROUP HOLDING LTD,Consumer Cyclical,Fixed Income,203345.57,0.01637,203345.57,325000,China,--,USD,15.88,5.9,1,2061-02-09,3.25,16.14,,5.9,16.14,5.9,USD,2021-02-09,2021-02-09
UNION PACIFIC CORPORATION,Transportation,Fixed Income,203183.03,0.01636,203183.03,305000,United States,--,USD,15.98,6.04,1,2071-04-06,3.8,16.23,,6.04,16.23,6.04,USD,2021-04-06,2021-10-01
STATE STREET CORP,Banking,Fixed Income,203092.39,0.01635,203092.39,210000,United States,--,USD,5.08,5.22,1,2033-08-04,4.16,5.13,,5.19,5.13,5.19,USD,2022-08-04,2022-08-04
BERKSHIRE HATHAWAY ENERGY CO,Electric,Fixed Income,202793.71,0.01633,202793.71,280000,United States,--,USD,13.08,6.1,1,2048-07-15,3.8,13.3,,6.1,13.3,6.1,USD,2018-01-05,2018-05-02
REPUBLIC SERVICES INC,Capital Goods,Fixed Income,202692.08,0.01632,202692.08,235000,United States,--,USD,5.92,4.98,1,2033-03-15,2.38,5.93,,4.98,5.93,4.98,USD,2021-11-08,2021-11-08
ELI LILLY AND COMPANY,Consumer Non-Cyclical,Fixed Income,202607.25,0.01631,202607.25,369000,United States,--,USD,15.46,5.8,1,2050-05-15,2.25,15.67,,5.8,15.67,5.8,USD,2020-05-05,2020-05-05
MERCK & CO INC,Consumer Non-Cyclical,Fixed Income,202633.09,0.01631,202633.09,205000,United States,--,USD,11.31,5.93,1,2046-05-22,5.75,11.53,,5.93,11.53,5.93,USD,2026-05-22,2026-05-22
SAN DIEGO GAS & ELECTRIC CO,Electric,Fixed Income,202405.23,0.0163,202405.23,215000,United States,--,USD,13.07,6.1,1,2054-04-15,5.55,13.33,,6.1,13.33,6.1,USD,2024-03-22,2024-03-22
THERMO FISHER SCIENTIFIC INC,Consumer Non-Cyclical,Fixed Income,202336.74,0.01629,202336.74,200000,United States,--,USD,1.24,4.53,1,2027-11-21,4.8,1.26,,4.51,1.19,4.51,USD,2022-11-21,2022-11-21
ATMOS ENERGY CORPORATION,Natural Gas,Fixed Income,202191.35,0.01628,202191.35,205000,United States,--,USD,12.8,5.97,1,2052-10-15,5.75,13.06,,5.97,13.06,5.97,USD,2022-10-03,2022-10-03
ASTRAZENECA FINANCE LLC,Consumer Non-Cyclical,Fixed Income,202099.53,0.01627,202099.53,200000,United Kingdom,--,USD,5.42,5.03,1,2033-03-03,4.88,5.48,,5.03,5.48,5.03,USD,2023-03-03,2023-03-03
PHILIP MORRIS INTERNATIONAL INC,Consumer Non-Cyclical,Fixed Income,201910.86,0.01626,201910.86,235000,United States,--,USD,10.47,5.86,1,2041-11-15,4.38,10.51,,5.86,10.51,5.86,USD,2011-11-15,2011-11-15
RAYMOND JAMES FINANCIAL INC.,Brokerage/Asset Managers/Exchanges,Fixed Income,201327.73,0.01621,201327.73,200000,United States,--,USD,3.23,4.88,1,2030-04-01,4.65,3.3,,4.88,3.3,4.88,USD,2020-03-31,2020-03-31
SOUTHWESTERN PUBLIC SERVICE COMPAN,Electric,Fixed Income,201401.22,0.01621,201401.22,210000,United States,--,USD,13.38,6.2,1,2056-08-15,5.88,13.64,,6.2,13.64,6.2,USD,2026-06-29,2026-06-29
WELLTOWER OP LLC,Reits,Fixed Income,201083.43,0.01619,201083.43,213000,United States,--,USD,3.22,4.89,1,2030-01-15,3.1,3.24,,4.89,3.24,4.89,USD,2019-08-19,2019-08-19
NATIONAL RURAL UTILITIES COOPERATI MTN,Electric,Fixed Income,200543.16,0.01615,200543.16,225000,United States,--,USD,5.13,5.11,1,2032-04-15,2.75,5.13,,5.11,5.13,5.11,USD,2022-02-07,2022-02-07
CONOCOPHILLIPS CO,Energy,Fixed Income,200184.93,0.01612,200184.93,201000,United States,--,USD,4.71,4.96,1,2032-01-15,4.85,4.75,,4.96,4.75,4.96,USD,2024-12-05,2024-12-05
BANK OF MONTREAL (FXD-FRN) MTN,Banking,Fixed Income,200193.43,0.01612,200193.43,200000,Canada,--,USD,0.08,4.73,1,2029-06-02,4.55,1.75,,4.73,1.75,4.73,USD,2026-06-02,2026-06-02
UNITEDHEALTH GROUP INC,Insurance,Fixed Income,200121.06,0.01611,200121.06,200000,United States,--,USD,1.77,4.62,1,2028-06-15,4.4,1.79,,4.62,1.79,4.62,USD,2025-06-20,2025-06-20
Providence St. Joseph Health,Consumer Non-Cyclical,Fixed Income,199923.95,0.0161,199923.95,195000,United States,--,USD,5.68,5.26,1,2033-10-01,5.4,5.81,,5.25,5.47,5.25,USD,2023-05-04,2023-05-04
ATMOS ENERGY CORPORATION,Natural Gas,Fixed Income,199980.05,0.0161,199980.05,215000,United States,--,USD,13.75,5.96,1,2056-01-15,5.45,14.03,,5.96,14.03,5.96,USD,2025-10-01,2025-10-01
MITSUBISHI UFJ FINANCIAL GROUP FXD,Banking,Fixed Income,199731.59,0.01608,199731.59,200000,Japan,--,USD,2.75,4.98,1,2030-07-24,5.17,2.75,,4.98,2.76,4.98,USD,2026-07-24,2026-07-24
HARTFORD INSURANCE GROUP INC,Insurance,Fixed Income,199559.98,0.01607,199559.98,280000,United States,--,USD,13.31,6.05,1,2049-08-19,3.6,13.53,,6.05,13.53,6.05,USD,2019-08-19,2019-08-19
AVALONBAY COMMUNITIES INC MTN,Reits,Fixed Income,199580.25,0.01607,199580.25,221000,United States,--,USD,4.15,4.9,1,2031-01-15,2.45,4.15,,4.9,4.15,4.9,USD,2020-05-22,2020-05-22
MITSUBISHI UFJ FINANCIAL GROUP FXD,Banking,Fixed Income,199425.21,0.01606,199425.21,200000,Japan,--,USD,4.29,5.36,1,2032-07-23,4.98,4.33,,5.36,4.33,5.36,USD,2026-07-24,2026-07-24
NORTHERN STATES POWER COMPANY (MIN,Electric,Fixed Income,199480.79,0.01606,199480.79,225000,United States,--,USD,13.26,6.03,1,2053-05-15,5.1,13.52,,6.03,13.52,6.03,USD,2023-05-08,2023-05-08
PEPSICO INC,Consumer Non-Cyclical,Fixed Income,199522.22,0.01606,199522.22,215000,United States,--,USD,13.76,5.78,1,2054-07-17,5.25,14.05,,5.78,14.05,5.78,USD,2024-07-17,2024-07-17
JERSEY CENTRAL POWER & LIGHT COMPA,Electric,Fixed Income,199266.45,0.01604,199266.45,205000,United States,--,USD,7.35,5.55,1,2036-01-15,5.15,7.37,,5.55,7.37,5.55,USD,2026-01-15,2026-06-17
MITSUBISHI UFJ FINANCIAL GROUP INC,Banking,Fixed Income,199070.5,0.01603,199070.5,200000,Japan,--,USD,10.81,6.06,1,2047-07-24,6.28,11.5,,6.06,11.49,6.06,USD,2026-07-24,2026-07-24
MITSUBISHI UFJ FINANCIAL GROUP INC,Banking,Fixed Income,199099.93,0.01603,199099.93,200000,Japan,--,USD,7.41,5.59,1,2037-07-24,5.79,7.59,,5.59,7.58,5.59,USD,2026-07-24,2026-07-24
DIAGEO CAPITAL PLC,Consumer Non-Cyclical,Fixed Income,198805.01,0.01601,198805.01,200000,United Kingdom,--,USD,1.67,4.62,1,2028-05-18,3.88,1.72,,4.62,1.72,4.62,USD,2018-05-18,2018-05-18
COCA-COLA CO,Consumer Non-Cyclical,Fixed Income,198807.06,0.01601,198807.06,357000,United States,--,USD,16.95,5.77,1,2060-06-01,2.75,17.18,,5.77,17.18,5.77,USD,2020-05-01,2020-05-01
ANHEUSER-BUSCH INBEV FINANCE INC,Consumer Non-Cyclical,Fixed Income,198808.4,0.01601,198808.4,225000,Belgium,--,USD,11.02,5.9,1,2044-02-01,4.63,11.1,,5.9,11.1,5.9,USD,2014-01-27,2014-01-27
BANK OF MONTREAL MTN,Banking,Fixed Income,198816.92,0.01601,198816.92,200000,Canada,--,USD,4.23,5.1,1,2032-06-02,4.88,4.24,,5.1,4.24,5.1,USD,2026-06-02,2026-06-02
AMERICAN HONDA FINANCE CORPORATION MTN,Consumer Cyclical,Fixed Income,198834.5,0.01601,198834.5,200000,United States,--,USD,4.54,5.24,1,2031-10-23,4.85,4.52,,5.24,4.52,5.24,USD,2024-10-23,2024-10-23
PEPSICO INC,Consumer Non-Cyclical,Fixed Income,198888.65,0.01601,198888.65,195000,United States,--,USD,1.42,4.49,1,2028-02-07,4.45,1.44,,4.49,1.44,4.49,USD,2025-02-07,2025-02-07
TOYOTA MOTOR CREDIT CORP MTN,Consumer Cyclical,Fixed Income,198921.54,0.01601,198921.54,200000,United States,--,USD,2.72,4.76,1,2029-06-29,4.45,2.71,,4.76,2.71,4.76,USD,2022-06-30,2022-06-30
TOYOTA MOTOR CREDIT CORP MTN,Consumer Cyclical,Fixed Income,198922.09,0.01601,198922.09,200000,United States,--,USD,2.74,4.76,1,2029-07-09,4.5,2.74,,4.76,2.74,4.76,USD,2026-07-09,2026-07-09
ANALOG DEVICES INC,Technology,Fixed Income,198733.27,0.016,198733.27,200000,United States,--,USD,3.5,4.81,1,2030-06-15,4.5,3.51,,4.81,3.51,4.81,USD,2025-06-16,2025-06-16
TOTALENERGIES CAPITAL USA LLC,Energy,Fixed Income,198748.98,0.016,198748.98,205000,France,--,USD,5.49,5.15,1,2033-01-13,4.57,5.51,,5.15,5.51,5.15,USD,2026-01-13,2026-01-13
PHILIP MORRIS INTERNATIONAL INC,Consumer Non-Cyclical,Fixed Income,198572.57,0.01599,198572.57,200000,United States,--,USD,2.54,4.78,1,2029-04-27,4.13,2.55,,4.78,2.55,4.78,USD,2026-04-29,2026-04-29
ANHEUSER-BUSCH INBEV WORLDWIDE INC MTN,Consumer Non-Cyclical,Fixed Income,198613.06,0.01599,198613.06,215000,Belgium,--,USD,8.74,5.4,1,2038-04-15,4.38,8.81,,5.4,8.81,5.4,USD,2018-04-04,2018-04-04
DUKE ENERGY CAROLINAS,Electric,Fixed Income,198631.98,0.01599,198631.98,192000,United States,--,USD,8.28,5.6,1,2038-01-15,6.0,8.27,,5.6,8.27,5.6,USD,2008-01-10,2008-01-10
LAM RESEARCH CORPORATION,Technology,Fixed Income,198445.44,0.01598,198445.44,332000,United States,--,USD,16.24,5.91,1,2060-06-15,3.13,16.51,,5.91,16.51,5.91,USD,2020-05-05,2020-05-05
COMMONSPIRIT HEALTH,Consumer Non-Cyclical,Fixed Income,198455.25,0.01598,198455.25,215000,United States,--,USD,3.82,5.08,1,2030-10-01,2.78,3.84,,5.08,3.84,5.08,USD,2020-10-28,2020-10-28
CHARLES SCHWAB CORPORATION (THE),Brokerage/Asset Managers/Exchanges,Fixed Income,198537.92,0.01598,198537.92,230000,United States,--,USD,4.95,4.95,1,2031-12-01,1.95,4.95,,4.95,4.95,4.95,USD,2021-08-26,2021-08-26
CHUBB INA HOLDINGS LLC,Insurance,Fixed Income,198415.55,0.01597,198415.55,195000,United States,--,USD,2.74,4.75,1,2029-08-15,4.65,2.77,,4.75,2.77,4.75,USD,2024-07-31,2024-07-31
ABBOTT LABORATORIES,Consumer Non-Cyclical,Fixed Income,198231.36,0.01596,198231.36,185000,United States,--,USD,8.15,5.41,1,2037-11-30,6.15,8.15,,5.41,8.15,5.41,USD,2007-11-09,2007-11-09
PROCTER & GAMBLE CO,Consumer Non-Cyclical,Fixed Income,198241.23,0.01596,198241.23,220000,United States,--,USD,5.03,4.57,1,2032-02-01,2.3,5.02,,4.57,5.02,4.57,USD,2022-02-01,2022-02-01
BROOKFIELD ASSET MANAGEMENT LTD,Brokerage/Asset Managers/Exchanges,Fixed Income,198248.24,0.01596,198248.24,195000,Canada,--,USD,6.67,5.76,1,2035-04-24,5.79,6.7,,5.76,6.7,5.76,USD,2025-04-24,2025-04-24
WESTAR ENERGY INC,Electric,Fixed Income,198262.87,0.01596,198262.87,236000,United States,--,USD,10.57,5.86,1,2042-03-01,4.13,10.66,,5.86,10.66,5.86,USD,2012-03-01,2012-03-01
ASTRAZENECA FINANCE LLC,Consumer Non-Cyclical,Fixed Income,198117.57,0.01595,198117.57,205000,United Kingdom,--,USD,7.45,5.29,1,2036-03-02,4.6,7.47,,5.29,7.47,5.29,USD,2026-03-02,2026-03-02
ONCOR ELECTRIC DELIVERY COMPANY LL,Electric,Fixed Income,198044.2,0.01594,198044.2,195000,United States,--,USD,6.72,5.36,1,2035-04-01,5.35,6.77,,5.36,6.77,5.36,USD,2025-10-01,2026-03-06
CONSUMERS ENERGY COMPANY,Electric,Fixed Income,198055.17,0.01594,198055.17,200000,United States,--,USD,7.41,5.4,1,2036-05-01,5.13,7.5,,5.4,7.5,5.4,USD,2026-05-05,2026-05-05
JOHNSON & JOHNSON,Consumer Non-Cyclical,Fixed Income,197853.53,0.01593,197853.53,193000,United States,--,USD,5.69,4.68,1,2033-05-15,4.95,5.69,,4.68,5.69,4.68,USD,2003-05-22,2003-05-22
TOYOTA MOTOR CREDIT CORP MTN,Consumer Cyclical,Fixed Income,197701.52,0.01592,197701.52,200000,United States,--,USD,5.81,5.23,1,2033-07-08,5.0,5.79,,5.23,5.79,5.23,USD,2026-07-09,2026-07-09
CHARLES SCHWAB CORPORATION (THE),Brokerage/Asset Managers/Exchanges,Fixed Income,197783.81,0.01592,197783.81,197000,United States,--,USD,2.27,4.64,1,2029-02-01,4.0,2.32,,4.64,2.32,4.64,USD,2018-10-31,2018-10-31
SUMITOMO MITSUI FINANCIAL(FXD-FRN),Banking,Fixed Income,197662.83,0.01591,197662.83,200000,Japan,--,USD,4.31,5.17,1,2032-07-07,4.93,4.33,,5.17,4.33,5.17,USD,2026-07-07,2026-07-07
FLORIDA POWER & LIGHT CO,Electric,Fixed Income,197459.85,0.0159,197459.85,200000,United States,--,USD,7.54,5.39,1,2036-06-01,5.13,7.57,,5.39,7.57,5.39,USD,2026-06-01,2026-06-01
METLIFE INC,Insurance,Fixed Income,197243.16,0.01588,197243.16,184000,United States,--,USD,6.2,5.35,1,2034-06-15,6.38,6.18,,5.35,6.18,5.35,USD,2004-06-03,2004-06-03
MARSH & MCLENNAN COMPANIES INC,Insurance,Fixed Income,197269.88,0.01588,197269.88,190000,United States,--,USD,12.55,6.07,1,2052-11-01,6.25,12.8,,6.06,12.7,6.06,USD,2022-10-31,2022-10-31
BANK OF MONTREAL MTN,Banking,Fixed Income,197166.92,0.01587,197166.92,200000,Canada,--,USD,7.35,5.54,1,2037-06-02,5.3,7.51,,5.54,7.51,5.54,USD,2026-06-02,2026-06-02
HOME DEPOT INC,Consumer Cyclical,Fixed Income,196982.18,0.01586,196982.18,332000,United States,--,USD,14.88,5.97,1,2051-09-15,2.75,15.1,,5.97,15.1,5.97,USD,2021-09-21,2021-09-21
AMERICA MOVIL SAB DE CV,Communications,Fixed Income,197023.93,0.01586,197023.93,200000,Mexico,--,USD,5.44,5.28,1,2033-01-20,5.0,5.47,,5.28,5.47,5.28,USD,2025-06-20,2025-06-20
PROCTER & GAMBLE CO,Consumer Non-Cyclical,Fixed Income,196842.54,0.01585,196842.54,200000,United States,--,USD,7.05,4.97,1,2035-05-01,4.6,7.04,,4.97,7.04,4.97,USD,2025-05-01,2025-05-01
SUMITOMO MITSUI FINANCIAL(FXD-FRN),Banking,Fixed Income,196861.49,0.01585,196861.49,200000,Japan,--,USD,5.68,5.39,1,2034-07-07,5.14,5.75,,5.39,5.75,5.39,USD,2026-07-07,2026-07-07
PNC FINANCIAL SERVICES FXD-FRN),Banking,Fixed Income,196863.24,0.01585,196863.24,195000,United States,--,USD,1.43,4.61,1,2029-01-26,4.08,1.41,,4.61,1.41,4.61,USD,2026-01-26,2026-01-26
ALABAMA POWER COMPANY,Electric,Fixed Income,196769.83,0.01584,196769.83,315000,United States,--,USD,14.7,5.95,1,2052-03-15,3.0,14.93,,5.95,14.93,5.95,USD,2021-11-18,2021-11-18
HSBC HOLDINGS PLC,Banking,Fixed Income,196589.29,0.01583,196589.29,190000,United Kingdom,--,USD,9.96,5.77,1,2042-01-14,6.1,10.02,,5.77,10.02,5.77,USD,2011-11-17,2011-11-17
CONOCOPHILLIPS CO,Energy,Fixed Income,196610.93,0.01583,196610.93,273000,United States,--,USD,13.78,6.07,1,2052-03-15,3.8,14.02,,6.07,14.02,6.07,USD,2022-03-08,2022-03-08
IBM INTERNATIONAL CAPITAL PTE LTD,Technology,Fixed Income,196630.33,0.01583,196630.33,195000,United States,--,USD,3.91,5.09,1,2031-02-05,4.75,3.94,,5.09,3.94,5.09,USD,2024-02-05,2024-02-05
ALPHABET INC,Technology,Fixed Income,196509.44,0.01582,196509.44,200000,United States,--,USD,3.45,4.72,1,2030-05-15,4.0,3.46,,4.72,3.46,4.72,USD,2025-05-01,2025-05-01
COMMONWEALTH EDISON COMPANY,Electric,Fixed Income,196516.7,0.01582,196516.7,255000,United States,--,USD,12.6,6.05,1,2048-03-01,4.0,12.82,,6.05,12.82,6.05,USD,2018-02-20,2018-02-20
SUMITOMO MITSUI FINANCIAL GROUP IN,Banking,Fixed Income,196553.14,0.01582,196553.14,200000,Japan,--,USD,6.89,5.49,1,2036-07-08,5.25,7.03,,5.49,7.03,5.49,USD,2025-07-08,2025-07-08
WASTE CONNECTIONS INC,Capital Goods,Fixed Income,196100.15,0.01579,196100.15,205000,United States,--,USD,7.75,5.38,1,2036-07-15,4.8,7.77,,5.38,7.77,5.38,USD,2026-03-16,2026-03-16
SOUTHERN CALIFORNIA EDISON COMPANY,Electric,Fixed Income,196064.72,0.01578,196064.72,190000,United States,--,USD,1.97,4.95,1,2028-10-01,5.65,2.01,,4.93,1.93,4.93,USD,2023-09-29,2023-09-29
ATMOS ENERGY CORPORATION,Natural Gas,Fixed Income,195849.95,0.01577,195849.95,239000,United States,--,USD,11.64,5.85,1,2044-10-15,4.13,11.8,,5.85,11.8,5.85,USD,2014-10-15,2014-10-15
ORIX CORPORATION,Financial Other,Fixed Income,195882.15,0.01577,195882.15,220000,Japan,--,USD,4.27,5.15,1,2031-03-09,2.25,4.25,,5.15,4.25,5.15,USD,2021-03-09,2021-03-09
MARSH & MCLENNAN COMPANIES INC,Insurance,Fixed Income,195682.16,0.01575,195682.16,190000,United States,--,USD,5.71,5.22,1,2033-09-15,5.4,5.77,,5.21,5.6,5.21,USD,2023-09-11,2023-09-11
METLIFE INC,Insurance,Fixed Income,195452.32,0.01574,195452.32,235000,United States,--,USD,10.75,5.94,1,2042-08-13,4.13,10.8,,5.94,10.8,5.94,USD,2012-08-13,2012-08-13
PEPSICO INC,Consumer Non-Cyclical,Fixed Income,195465.29,0.01574,195465.29,195000,United States,--,USD,1.48,4.47,1,2028-02-18,3.6,1.48,,4.47,1.48,4.47,USD,2022-07-18,2022-07-18
BROADCOM INC,Technology,Fixed Income,195349.99,0.01573,195349.99,200000,United States,--,USD,7.03,5.55,1,2035-07-15,5.2,7.06,,5.55,7.06,5.55,USD,2025-07-11,2025-07-11
ANALOG DEVICES INC,Technology,Fixed Income,195438.13,0.01573,195438.13,210000,United States,--,USD,13.31,5.93,1,2054-04-01,5.3,13.58,,5.93,13.58,5.93,USD,2024-04-03,2024-04-03
DIAGEO INVESTMENT CORPORATION,Consumer Non-Cyclical,Fixed Income,195442.42,0.01573,195442.42,190000,United Kingdom,--,USD,3.53,4.95,1,2030-08-15,5.13,3.55,,4.95,3.48,4.95,USD,2025-04-15,2025-04-15
SUMITOMO MITSUI FINANCIAL(FXD-FRN),Banking,Fixed Income,195283.46,0.01572,195283.46,200000,Japan,--,USD,7.43,5.59,1,2037-07-07,5.3,7.6,,5.59,7.6,5.59,USD,2026-07-07,2026-07-07
TPG OPERATING GROUP II LP,Brokerage/Asset Managers/Exchanges,Fixed Income,195300.82,0.01572,195300.82,190000,United States,--,USD,5.91,5.79,1,2034-03-05,5.88,5.95,,5.79,5.79,5.79,USD,2024-03-05,2024-03-05
WELLS FARGO & COMPANY MTN,Banking,Fixed Income,195160.37,0.01571,195160.37,236000,United States,--,USD,11.85,6.33,1,2046-12-07,4.75,11.99,,6.33,11.99,6.33,USD,2016-12-08,2016-12-08
PRUDENTIAL FINANCIAL INC MTN,Insurance,Fixed Income,195025.68,0.0157,195025.68,228000,United States,--,USD,11.26,6.01,1,2044-05-15,4.6,11.35,,6.01,11.35,6.01,USD,2014-05-15,2014-05-15
MIZUHO FINANCIAL GROUP INC (FXD),Banking,Fixed Income,194907.59,0.01569,194907.59,200000,Japan,--,USD,4.19,5.19,1,2032-05-12,4.44,4.22,,5.19,4.22,5.19,USD,2026-02-12,2026-02-12
ONE GAS INC,Natural Gas,Fixed Income,194724.9,0.01568,194724.9,220000,United States,--,USD,10.94,5.93,1,2044-02-01,4.66,11.08,,5.93,11.08,5.93,USD,2014-08-01,2014-10-07
DUKE ENERGY PROGRESS LLC,Electric,Fixed Income,194823.67,0.01568,194823.67,210000,United States,--,USD,12.96,6.04,1,2053-03-15,5.35,13.22,,6.04,13.22,6.04,USD,2023-03-09,2023-03-09
CONSOLIDATED EDISON COMPANY OF NEW,Electric,Fixed Income,194650.81,0.01567,194650.81,203000,United States,--,USD,3.35,4.89,1,2030-04-01,3.35,3.38,,4.89,3.38,4.89,USD,2020-03-31,2020-03-31
UNITED PARCEL SERVICE INC,Transportation,Fixed Income,194528.23,0.01566,194528.23,209000,United States,--,USD,9.8,5.68,1,2040-11-15,4.88,9.9,,5.68,9.9,5.68,USD,2010-11-12,2010-11-12
RENAISSANCERE HOLDINGS LTD,Insurance,Fixed Income,194541.98,0.01566,194541.98,190000,Bermuda,--,USD,6.61,5.71,1,2035-04-01,5.8,6.64,,5.71,6.49,5.71,USD,2025-02-25,2025-02-25
BURLINGTON NORTHERN SANTA FE LLC,Transportation,Fixed Income,194430.2,0.01565,194430.2,291000,United States,--,USD,14.24,5.95,1,2051-09-15,3.3,14.48,,5.95,14.48,5.95,USD,2021-04-06,2021-04-06
JOHN DEERE CAPITAL CORP MTN,Capital Goods,Fixed Income,194232.15,0.01564,194232.15,195000,United States,--,USD,2.43,4.65,1,2029-03-09,3.9,2.43,,4.65,2.43,4.65,USD,2026-03-10,2026-03-10
UNITED PARCEL SERVICE INC,Transportation,Fixed Income,194325.86,0.01564,194325.86,198000,United States,--,USD,9.37,5.57,1,2040-04-01,5.2,9.46,,5.57,9.46,5.57,USD,2020-03-24,2020-03-24
INTERNATIONAL BUSINESS MACHINES CO,Technology,Fixed Income,194101.91,0.01563,194101.91,195000,United States,--,USD,5.38,5.24,1,2033-02-06,4.75,5.41,,5.24,5.41,5.24,USD,2023-02-06,2023-02-06
ESTEE LAUDER COMPANIES INC. (THE),Consumer Non-Cyclical,Fixed Income,194144.45,0.01563,194144.45,220000,United States,--,USD,4.31,4.98,1,2031-03-15,1.95,4.31,,4.98,4.31,4.98,USD,2021-03-04,2021-03-04
HOME DEPOT INC,Consumer Cyclical,Fixed Income,194152.34,0.01563,194152.34,200000,United States,--,USD,7.16,5.29,1,2035-09-15,4.65,7.19,,5.29,7.19,5.29,USD,2025-09-15,2025-09-15
BERKSHIRE HATHAWAY ENERGY CO,Electric,Fixed Income,193845.89,0.01561,193845.89,210000,United States,--,USD,10.78,5.96,1,2043-11-15,5.15,10.92,,5.96,10.92,5.96,USD,2013-11-08,2014-04-28
SOUTHERN CALIFORNIA EDISON COMPANY,Electric,Fixed Income,193941.17,0.01561,193941.17,300000,United States,--,USD,13.71,6.42,1,2052-02-01,3.45,13.91,,6.42,13.91,6.42,USD,2022-01-13,2022-01-13
TOYOTA MOTOR CREDIT CORP MTN,Consumer Cyclical,Fixed Income,193747.42,0.0156,193747.42,195000,United States,--,USD,5.17,5.12,1,2032-09-03,4.65,5.15,,5.12,5.15,5.12,USD,2025-09-05,2025-09-05
WALMART INC,Consumer Cyclical,Fixed Income,193590.01,0.01559,193590.01,195000,United States,--,USD,3.34,4.53,1,2030-04-15,4.0,3.38,,4.53,3.38,4.53,USD,2023-04-18,2023-04-18
CSX CORP,Transportation,Fixed Income,193461.6,0.01558,193461.6,215000,United States,--,USD,10.5,5.79,1,2042-05-30,4.75,10.62,,5.79,10.62,5.79,USD,2011-11-01,2011-11-01
CONSOLIDATED EDISON COMPANY OF NEW,Electric,Fixed Income,193495.42,0.01558,193495.42,196000,United States,--,USD,9.23,5.72,1,2039-12-01,5.5,9.25,,5.72,9.25,5.72,USD,2009-12-04,2009-12-04
KLA CORP,Technology,Fixed Income,193375.88,0.01557,193375.88,195000,United States,--,USD,6.06,5.2,1,2034-02-01,4.7,6.1,,5.2,6.1,5.2,USD,2024-02-01,2024-02-01
MIZUHO FINANCIAL GROUP INC,Banking,Fixed Income,193449.51,0.01557,193449.51,200000,Japan,--,USD,7.32,5.58,1,2037-05-12,5.05,7.51,,5.58,7.51,5.58,USD,2026-02-12,2026-02-12
APPLIED MATERIALS INC,Technology,Fixed Income,193242.13,0.01556,193242.13,192000,United States,--,USD,7.03,5.23,1,2035-10-01,5.1,7.14,,5.23,7.14,5.23,USD,2015-09-24,2015-09-24
CONSUMERS ENERGY COMPANY,Electric,Fixed Income,193307.25,0.01556,193307.25,195000,United States,--,USD,6.84,5.31,1,2035-05-15,5.05,6.95,,5.31,6.95,5.31,USD,2025-05-02,2025-05-02
DTE ELECTRIC COMPANY,Electric,Fixed Income,193104.07,0.01555,193104.07,210000,United States,--,USD,4.97,4.9,1,2032-03-01,3.0,4.99,,4.9,4.99,4.9,USD,2022-02-24,2022-02-24
RENAISSANCERE HOLDINGS LTD,Insurance,Fixed Income,192981.83,0.01554,192981.83,190000,Bermuda,--,USD,5.53,5.61,1,2033-06-05,5.75,5.58,,5.6,5.41,5.6,USD,2023-06-05,2023-06-05
SUMITOMO MITSUI FINANCIAL(FXD-FRN),Banking,Fixed Income,192843.11,0.01553,192843.11,200000,Japan,--,USD,10.86,6.07,1,2047-07-07,5.75,11.58,,6.07,11.57,6.07,USD,2026-07-07,2026-07-07
ALABAMA POWER COMPANY,Electric,Fixed Income,192899.3,0.01553,192899.3,195000,United States,--,USD,4.06,4.93,1,2031-03-15,4.3,4.09,,4.93,4.09,4.93,USD,2025-09-05,2025-09-05
ALIBABA GROUP HOLDING LTD,Consumer Cyclical,Fixed Income,192945.85,0.01553,192945.85,200000,China,--,USD,6.69,5.13,1,2034-11-28,4.5,6.79,,5.13,6.79,5.13,USD,2015-05-28,2015-11-25
WASTE MANAGEMENT INC,Capital Goods,Fixed Income,192718.91,0.01552,192718.91,195000,United States,--,USD,1.26,4.55,1,2027-11-15,3.15,1.26,,4.55,1.26,4.55,USD,2017-11-08,2017-11-08
CSX CORP,Transportation,Fixed Income,192593.8,0.01551,192593.8,260000,United States,--,USD,15.48,6.04,1,2066-11-01,4.25,15.74,,6.04,15.74,6.04,USD,2016-10-18,2016-10-18
DANAHER CORPORATION,Consumer Non-Cyclical,Fixed Income,192346.65,0.01549,192346.65,330000,United States,--,USD,14.89,5.93,1,2050-10-01,2.6,15.1,,5.93,15.1,5.93,USD,2020-10-06,2020-10-06
REALTY INCOME CORPORATION,Reits,Fixed Income,192219.44,0.01548,192219.44,190000,United States,--,USD,0.98,4.5,1,2027-08-15,3.95,1.01,,4.5,1.01,4.5,USD,2021-08-15,2021-11-09
BALTIMORE GAS AND ELECTRIC CO,Electric,Fixed Income,192221.51,0.01548,192221.51,210000,United States,--,USD,13.08,6.1,1,2053-06-01,5.4,13.34,,6.1,13.34,6.1,USD,2023-05-10,2023-05-10
CANADIAN NATIONAL RAILWAY COMPANY,Transportation,Fixed Income,192262.72,0.01548,192262.72,175000,Canada,--,USD,6.17,5.19,1,2034-08-01,6.25,6.15,,5.19,6.15,5.19,USD,2004-07-09,2004-07-09
TEXAS INSTRUMENTS INC,Technology,Fixed Income,192277.7,0.01548,192277.7,205000,United States,--,USD,2.92,4.72,1,2029-09-04,2.25,2.92,,4.72,2.92,4.72,USD,2019-09-04,2019-09-04
SOUTHWESTERN PUBLIC SERVICE COMPAN,Electric,Fixed Income,192290.5,0.01548,192290.5,300000,United States,--,USD,14.05,6.08,1,2050-05-01,3.15,14.26,,6.08,14.26,6.08,USD,2020-05-18,2020-05-18
FLORIDA POWER & LIGHT CO,Electric,Fixed Income,192146.5,0.01547,192146.5,227000,United States,--,USD,10.5,5.84,1,2042-02-01,4.13,10.59,,5.84,10.59,5.84,USD,2011-12-13,2011-12-13
CONSOLIDATED EDISON COMPANY OF NEW,Electric,Fixed Income,191897.2,0.01545,191897.2,200000,United States,--,USD,13.29,6.13,1,2055-11-15,5.75,13.55,,6.13,13.55,6.13,USD,2025-11-19,2025-11-19
BAYLOR SCOTT & WHITE HOLDINGS,Consumer Non-Cyclical,Fixed Income,191786.48,0.01544,191786.48,310000,United States,--,USD,14.71,5.84,1,2050-11-15,2.84,14.99,,5.84,14.99,5.84,USD,2021-01-21,2021-01-21
NSTAR ELECTRIC CO,Electric,Fixed Income,191622.81,0.01543,191622.81,190000,United States,--,USD,6.67,5.37,1,2035-03-01,5.2,6.71,,5.37,6.71,5.37,USD,2025-02-26,2025-02-26
ABBOTT LABORATORIES,Consumer Non-Cyclical,Fixed Income,191660.92,0.01543,191660.92,180000,United States,--,USD,8.74,5.49,1,2039-04-01,6.0,8.75,,5.49,8.75,5.49,USD,2009-03-03,2009-03-03
DTE ELECTRIC COMPANY,Electric,Fixed Income,191588.18,0.01542,191588.18,209000,United States,--,USD,4.2,4.92,1,2031-03-01,2.63,4.2,,4.92,4.2,4.92,USD,2020-04-06,2020-04-06
MASTERCARD INC,Technology,Fixed Income,191444.1,0.01541,191444.1,251000,United States,--,USD,12.6,5.87,1,2046-11-21,3.8,12.82,,5.87,12.82,5.87,USD,2016-11-21,2016-11-21
SOUTHERN CALIFORNIA EDISON COMPANY,Electric,Fixed Income,191294.05,0.0154,191294.05,320000,United States,--,USD,14.12,6.31,1,2051-02-01,2.95,14.31,,6.31,14.31,6.31,USD,2021-01-08,2021-01-08
ENTERGY ARKANSAS LLC,Electric,Fixed Income,191130.9,0.01539,191130.9,200000,United States,--,USD,13.49,6.08,1,2056-01-15,5.75,13.76,,6.08,13.76,6.08,USD,2026-01-08,2026-01-08
COMMONSPIRIT HEALTH,Consumer Non-Cyclical,Fixed Income,191204.77,0.01539,191204.77,262000,United States,--,USD,13.2,6.11,1,2049-10-01,3.82,13.42,,6.11,13.42,6.11,USD,2019-08-21,2019-08-21
TARGET CORPORATION,Consumer Cyclical,Fixed Income,191030.2,0.01538,191030.2,205000,United States,--,USD,3.31,4.77,1,2030-02-15,2.35,3.31,,4.77,3.31,4.77,USD,2020-01-28,2020-01-28
JOHN DEERE CAPITAL CORP MTN,Capital Goods,Fixed Income,191055.23,0.01538,191055.23,200000,United States,--,USD,5.15,4.88,1,2032-06-07,3.9,5.14,,4.88,5.14,4.88,USD,2022-06-06,2022-06-06
COOPERATIEVE RABOBANK UA (NEW YORK MTN,Banking,Fixed Income,191075.06,0.01538,191075.06,190000,Netherlands,--,USD,2.48,4.63,1,2029-04-01,4.32,2.48,,4.63,2.48,4.63,USD,2026-04-01,2026-04-01
RIO TINTO FINANCE (USA) PLC,Basic Industry,Fixed Income,190883.17,0.01537,190883.17,226000,Australia,--,USD,10.77,5.79,1,2042-08-21,4.13,10.87,,5.79,10.87,5.79,USD,2012-08-21,2012-08-21
ENTERPRISE PRODUCTS OPERATING LLC,Energy,Fixed Income,190931.71,0.01537,190931.71,170000,United States,--,USD,5.23,5.14,1,2033-03-01,6.88,5.22,,5.14,5.22,5.14,USD,2003-02-14,2003-07-30
PROCTER & GAMBLE CO,Consumer Non-Cyclical,Fixed Income,190765.24,0.01536,190765.24,190000,United States,--,USD,2.98,4.36,1,2029-10-24,4.15,2.98,,4.36,2.98,4.36,USD,2024-10-24,2024-10-24
SAN DIEGO GAS & ELECTRIC CO,Electric,Fixed Income,190701.73,0.01535,190701.73,210000,United States,--,USD,5.01,5.11,1,2032-03-15,3.0,5.02,,5.11,5.02,5.11,USD,2022-03-11,2022-03-11
PHILIP MORRIS INTERNATIONAL INC,Consumer Non-Cyclical,Fixed Income,190708.82,0.01535,190708.82,185000,United States,--,USD,1.92,4.7,1,2028-09-07,5.25,1.95,,4.68,1.88,4.68,USD,2023-09-07,2023-09-07
VISA INC,Technology,Fixed Income,190505.55,0.01534,190505.55,256000,United States,--,USD,10.66,5.45,1,2040-04-15,2.7,10.71,,5.45,10.71,5.45,USD,2020-04-02,2020-04-02
JOHNS HOPKINS HEALTH SYSTEM CORP,Consumer Non-Cyclical,Fixed Income,190384.53,0.01533,190384.53,246000,United States,--,USD,12.47,5.84,1,2046-05-15,3.84,12.62,,5.84,12.62,5.84,USD,2016-11-10,2016-11-10
QUALCOMM INCORPORATED,Technology,Fixed Income,190440.59,0.01533,190440.59,185000,United States,--,USD,5.54,5.05,1,2033-05-20,5.4,5.62,,5.04,5.44,5.04,USD,2022-11-09,2022-11-09
INTERNATIONAL BUSINESS MACHINES CO,Technology,Fixed Income,190453.11,0.01533,190453.11,195000,United States,--,USD,5.04,5.28,1,2032-07-27,4.4,5.08,,5.28,5.08,5.28,USD,2022-07-27,2022-07-27
WELLTOWER OP LLC,Reits,Fixed Income,190260.34,0.01532,190260.34,210000,United States,--,USD,12.23,5.87,1,2048-09-01,4.95,12.47,,5.87,12.47,5.87,USD,2018-08-16,2018-08-16
AMPHENOL CORPORATION,Capital Goods,Fixed Income,190288.55,0.01532,190288.55,215000,United States,--,USD,4.71,4.93,1,2031-09-15,2.2,4.71,,4.93,4.71,4.93,USD,2021-09-14,2021-09-14
EMERSON ELECTRIC CO,Capital Goods,Fixed Income,190129.09,0.01531,190129.09,190000,United States,--,USD,6.76,5.25,1,2035-03-15,5.0,6.8,,5.25,6.8,5.25,USD,2025-03-04,2025-03-04
ALABAMA POWER COMPANY,Electric,Fixed Income,190149.81,0.01531,190149.81,275000,United States,--,USD,13.57,6.02,1,2049-10-01,3.45,13.8,,6.02,13.8,6.02,USD,2019-09-17,2019-09-17
CONSOLIDATED EDISON COMPANY OF NEW,Electric,Fixed Income,190222.68,0.01531,190222.68,237000,United States,--,USD,11.03,5.99,1,2043-03-01,3.95,11.13,,5.99,11.13,5.99,USD,2013-02-28,2013-02-28
ELI LILLY AND COMPANY,Consumer Non-Cyclical,Fixed Income,189921.8,0.01529,189921.8,363000,United States,--,USD,17.18,5.77,1,2060-09-15,2.5,17.44,,5.77,17.44,5.77,USD,2020-08-25,2020-08-25
MIZUHO FINANCIAL GROUP INC,Banking,Fixed Income,189743.05,0.01528,189743.05,200000,Japan,--,USD,2.77,5.09,1,2030-07-16,3.15,2.79,,5.05,2.79,5.05,USD,2019-07-16,2019-07-16
NEVADA POWER COMPANY,Electric,Fixed Income,189776.42,0.01528,189776.42,190000,United States,--,USD,12.72,6.17,1,2054-03-15,6.0,12.98,,6.17,12.98,6.17,USD,2023-09-13,2023-09-13
PHILIP MORRIS INTERNATIONAL INC,Consumer Non-Cyclical,Fixed Income,189815.43,0.01528,189815.43,229000,United States,--,USD,11.01,5.91,1,2043-03-04,4.13,11.07,,5.91,11.07,5.91,USD,2013-03-04,2013-03-04
LOCKHEED MARTIN CORPORATION,Capital Goods,Fixed Income,189638.89,0.01527,189638.89,246000,United States,--,USD,13.76,5.94,1,2052-09-15,4.09,14.02,,5.94,14.02,5.94,USD,2017-09-07,2017-10-27
DUKE ENERGY PROGRESS LLC,Electric,Fixed Income,189499.54,0.01526,189499.54,185000,United States,--,USD,5.39,5.15,1,2033-03-15,5.25,5.46,,5.14,5.28,5.14,USD,2023-03-09,2023-03-09
VIRGINIA ELECTRIC AND POWER COMPAN,Electric,Fixed Income,189533.91,0.01526,189533.91,190000,United States,--,USD,6.71,5.45,1,2035-03-15,5.15,6.75,,5.45,6.75,5.45,USD,2025-03-05,2025-03-05
REPUBLIC SERVICES INC,Capital Goods,Fixed Income,189576.39,0.01526,189576.39,190000,United States,--,USD,3.56,4.84,1,2030-07-15,4.75,3.58,,4.84,3.58,4.84,USD,2025-03-24,2025-03-24
TSMC ARIZONA CORP,Technology,Fixed Income,189607.19,0.01526,189607.19,190000,Taiwan,--,USD,2.49,4.61,1,2029-04-22,4.13,2.54,,4.61,2.54,4.61,USD,2022-04-22,2022-04-22
EATON CORPORATION,Capital Goods,Fixed Income,189438.91,0.01525,189438.91,217000,United States,--,USD,13.38,5.8,1,2052-08-23,4.7,13.65,,5.8,13.65,5.8,USD,2022-08-23,2022-08-23
MIZUHO FINANCIAL GROUP INC,Banking,Fixed Income,189454.01,0.01525,189454.01,200000,Japan,--,USD,2.91,5.08,1,2030-09-13,2.87,2.91,,5.07,2.91,5.07,USD,2019-09-13,2019-09-13
TRUIST FINANCIAL CORP MTN,Banking,Fixed Income,189348.61,0.01524,189348.61,190000,United States,--,USD,2.75,4.96,1,2030-07-23,4.96,2.75,,4.96,2.75,4.96,USD,2026-07-23,2026-07-23
MASTERCARD INC,Technology,Fixed Income,189069.45,0.01522,189069.45,190000,United States,--,USD,6.29,5.11,1,2034-05-09,4.88,6.34,,5.11,6.34,5.11,USD,2024-05-09,2024-05-09
REALTY INCOME CORPORATION,Reits,Fixed Income,188911.81,0.01521,188911.81,190000,United States,--,USD,6.81,5.41,1,2035-04-15,5.13,6.84,,5.41,6.84,5.41,USD,2025-04-10,2025-04-10
HERSHEY COMPANY THE,Consumer Non-Cyclical,Fixed Income,188960.94,0.01521,188960.94,185000,United States,--,USD,6.7,5.09,1,2035-02-24,5.1,6.74,,5.09,6.74,5.09,USD,2025-02-24,2025-02-24
CSX CORP,Transportation,Fixed Income,188966.65,0.01521,188966.65,190000,United States,--,USD,9.69,5.71,1,2041-04-15,5.5,9.8,,5.71,9.8,5.71,USD,2010-10-21,2010-10-21
PEPSICO INC,Consumer Non-Cyclical,Fixed Income,188815.92,0.0152,188815.92,259000,United States,--,USD,13.63,5.85,1,2050-03-19,3.63,13.87,,5.85,13.87,5.85,USD,2020-03-19,2020-03-19
ORIX CORPORATION,Financial Other,Fixed Income,188620.11,0.01519,188620.11,185000,Japan,--,USD,5.12,5.18,1,2032-09-13,5.2,5.11,,5.18,5.11,5.18,USD,2022-09-13,2022-09-13
DUKE ENERGY CAROLINAS LLC,Electric,Fixed Income,188714.72,0.01519,188714.72,285000,United States,--,USD,13.68,6.05,1,2049-08-15,3.2,13.89,,6.05,13.89,6.05,USD,2019-08-14,2019-08-14
DUKE ENERGY FLORIDA LLC,Electric,Fixed Income,188722.26,0.01519,188722.26,305000,United States,--,USD,14.82,5.95,1,2051-12-15,3.0,15.05,,5.95,15.05,5.95,USD,2021-12-02,2021-12-02
WESTPAC BANKING CORP,Banking,Fixed Income,188494.33,0.01518,188494.33,260000,Australia,--,USD,10.79,5.89,1,2040-11-16,2.96,10.8,,5.89,10.8,5.89,USD,2020-11-16,2020-11-16
UNITEDHEALTH GROUP INC,Insurance,Fixed Income,188595.11,0.01518,188595.11,233000,United States,--,USD,10.98,5.89,1,2042-10-15,3.95,11.08,,5.89,11.08,5.89,USD,2012-10-22,2012-10-22
KENTUCKY UTILITIES COMPANY,Electric,Fixed Income,188425.66,0.01517,188425.66,227000,United States,--,USD,11.72,6.0,1,2045-10-01,4.38,11.89,,6.0,11.89,6.0,USD,2015-09-28,2015-09-28
TORONTO-DOMINION BANK/THE MTN,Banking,Fixed Income,188012.01,0.01514,188012.01,190000,Canada,--,USD,1.42,4.73,1,2028-01-13,3.91,1.41,,4.73,1.41,4.73,USD,2026-01-13,2026-01-13
INDIANA MICHIGAN POWER CO,Electric,Fixed Income,187898.84,0.01513,187898.84,195000,United States,--,USD,12.87,6.03,1,2053-04-01,5.63,13.13,,6.03,13.13,6.03,USD,2023-03-23,2023-03-23
APOLLO GLOBAL MANAGEMENT INC,Brokerage/Asset Managers/Exchanges,Fixed Income,187928.75,0.01513,187928.75,177000,United States,--,USD,5.71,5.54,1,2033-11-15,6.38,5.77,,5.52,5.61,5.52,USD,2023-11-13,2023-11-13
MARSH & MCLENNAN COMPANIES INC,Insurance,Fixed Income,187949.76,0.01513,187949.76,200000,United States,--,USD,11.01,5.99,1,2044-11-15,5.35,11.18,,5.99,11.18,5.99,USD,2024-11-08,2024-11-08
STATE STREET CORP,Banking,Fixed Income,187758.99,0.01512,187758.99,200000,United States,--,USD,3.05,5.23,1,2034-11-01,3.03,3.02,,5.32,3.03,5.32,USD,2019-11-01,2019-11-01
MARSH & MCLENNAN COMPANIES INC,Insurance,Fixed Income,187788.66,0.01512,187788.66,200000,United States,--,USD,13.08,6.05,1,2054-03-15,5.45,13.35,,6.05,13.35,6.05,USD,2024-02-20,2024-02-20
PHILIP MORRIS INTERNATIONAL INC,Consumer Non-Cyclical,Fixed Income,187840.56,0.01512,187840.56,190000,United States,--,USD,1.52,4.66,1,2028-03-02,3.13,1.53,,4.66,1.53,4.66,USD,2017-11-02,2017-11-02
DEERE & CO,Capital Goods,Fixed Income,187724.49,0.01511,187724.49,190000,United States,--,USD,13.62,5.79,1,2055-01-19,5.7,13.91,,5.79,13.91,5.79,USD,2025-01-16,2025-01-16
TRAVELERS COMPANIES INC,Insurance,Fixed Income,187517.17,0.0151,187517.17,239000,United States,--,USD,12.63,5.96,1,2048-03-07,4.05,12.86,,5.96,12.86,5.96,USD,2018-03-07,2018-03-07
UNION PACIFIC CORPORATION,Transportation,Fixed Income,187579.29,0.0151,187579.29,281000,United States,--,USD,15.83,6.03,1,2070-02-05,3.75,16.08,,6.03,16.08,6.03,USD,2020-01-31,2020-01-31
STATE STREET CORP,Banking,Fixed Income,187611.86,0.0151,187611.86,210000,United States,--,USD,4.95,5.04,1,2033-02-07,2.62,4.97,,5.04,4.97,5.04,USD,2022-02-07,2022-02-07
AVALONBAY COMMUNITIES INC,Reits,Fixed Income,187374.82,0.01509,187374.82,217000,United States,--,USD,5.06,4.93,1,2032-01-15,2.05,5.06,,4.93,5.06,4.93,USD,2021-09-15,2021-09-15
PEPSICO INC,Consumer Non-Cyclical,Fixed Income,187472.05,0.01509,187472.05,190000,United States,--,USD,6.49,5.02,1,2034-07-17,4.8,6.54,,5.02,6.54,5.02,USD,2024-07-17,2024-07-17
PUBLIC STORAGE OPERATING CO,Reits,Fixed Income,187260.94,0.01508,187260.94,185000,United States,--,USD,2.27,4.65,1,2029-01-15,5.13,2.3,,4.64,2.22,4.64,USD,2023-07-26,2023-07-26
ATMOS ENERGY CORPORATION,Natural Gas,Fixed Income,187314.93,0.01508,187314.93,180000,United States,--,USD,12.87,5.98,1,2053-11-15,6.2,13.13,,5.98,13.04,5.98,USD,2023-10-10,2023-10-10
BROADCOM INC,Technology,Fixed Income,187340.84,0.01508,187340.84,185000,United States,--,USD,4.52,5.08,1,2031-11-15,5.15,4.56,,5.08,4.43,5.08,USD,2024-07-12,2024-07-12
COLGATE-PALMOLIVE CO MTN,Consumer Non-Cyclical,Fixed Income,187117.32,0.01506,187117.32,222000,United States,--,USD,12.12,5.49,1,2045-08-15,4.0,12.27,,5.49,12.27,5.49,USD,2015-08-07,2015-08-07
BANK OF NEW YORK MELLON CORP/THE MTN,Banking,Fixed Income,186954.36,0.01505,186954.36,190000,United States,--,USD,7.33,5.41,1,2037-04-23,5.09,7.47,,5.41,7.47,5.41,USD,2026-04-23,2026-04-23
ENTERGY LOUISIANA LLC,Electric,Fixed Income,186854.14,0.01504,186854.14,185000,United States,--,USD,6.41,5.28,1,2034-09-15,5.15,6.46,,5.28,6.46,5.28,USD,2024-08-09,2024-08-09
BP CAPITAL MARKETS AMERICA INC,Energy,Fixed Income,186718.47,0.01503,186718.47,185000,United Kingdom,--,USD,3.01,4.82,1,2029-11-25,4.87,3.03,,4.82,2.96,4.82,USD,2024-11-25,2024-11-25
INTERNATIONAL BUSINESS MACHINES CO,Technology,Fixed Income,186613.87,0.01502,186613.87,225000,United States,--,USD,11.41,6.43,1,2046-02-19,4.7,11.53,,6.43,11.53,6.43,USD,2016-02-19,2016-02-19
ALABAMA POWER COMPANY,Electric,Fixed Income,186458.89,0.01501,186458.89,177000,United States,--,USD,8.63,5.67,1,2039-03-01,6.0,8.63,,5.67,8.63,5.67,USD,2009-03-06,2009-03-06
MARSH & MCLENNAN COMPANIES INC,Insurance,Fixed Income,186493.26,0.01501,186493.26,185000,United States,--,USD,6.08,5.31,1,2034-03-15,5.15,6.13,,5.31,6.13,5.31,USD,2024-02-20,2024-02-20
TARGET CORPORATION,Consumer Cyclical,Fixed Income,186318.12,0.015,186318.12,251000,United States,--,USD,12.49,5.95,1,2046-04-15,3.63,12.64,,5.95,12.64,5.95,USD,2016-04-11,2016-04-11
PROLOGIS LP,Reits,Fixed Income,186354.37,0.015,186354.37,190000,United States,--,USD,5.72,5.17,1,2033-06-15,4.75,5.77,,5.17,5.77,5.17,USD,2023-03-30,2023-03-30
NATIONAL RURAL UTILITIES COOPERATI,Electric,Fixed Income,186222.67,0.01499,186222.67,201000,United States,--,USD,3.39,4.88,1,2030-03-15,2.4,3.39,,4.88,3.39,4.88,USD,2020-02-05,2020-02-05
SIMON PROPERTY GROUP LP,Reits,Fixed Income,186054.24,0.01498,186054.24,202000,United States,--,USD,3.69,4.87,1,2030-07-15,2.65,3.7,,4.87,3.7,4.87,USD,2020-07-09,2020-07-09
FLORIDA POWER & LIGHT CO,Electric,Fixed Income,185740.13,0.01495,185740.13,185000,United States,--,USD,3.38,4.76,1,2030-05-15,4.63,3.43,,4.76,3.43,4.76,USD,2023-05-18,2023-05-18
MIDAMERICAN ENERGY COMPANY,Electric,Fixed Income,185420.76,0.01493,185420.76,237000,United States,--,USD,13.06,6.02,1,2049-07-15,4.25,13.3,,6.02,13.3,6.02,USD,2019-01-09,2019-01-09
VISA INC,Technology,Fixed Income,185454.84,0.01493,185454.84,192000,United States,--,USD,1.04,4.39,1,2027-08-15,0.75,1.03,,4.39,1.03,4.39,USD,2020-08-17,2020-08-17
AMEREN ILLINOIS COMPANY,Electric,Fixed Income,185482.28,0.01493,185482.28,195000,United States,--,USD,5.23,5.08,1,2032-09-01,3.85,5.25,,5.08,5.25,5.08,USD,2022-08-29,2022-08-29
JOHNSON & JOHNSON,Consumer Non-Cyclical,Fixed Income,185487.32,0.01493,185487.32,270000,United States,--,USD,11.29,5.38,1,2040-09-01,2.1,11.33,,5.38,11.33,5.38,USD,2020-08-25,2020-08-25
ESTEE LAUDER COMPANIES INC. (THE),Consumer Non-Cyclical,Fixed Income,185307.33,0.01492,185307.33,200000,United States,--,USD,3.16,4.89,1,2029-12-01,2.38,3.15,,4.89,3.15,4.89,USD,2019-11-21,2019-11-21
ENTERGY MISSISSIPPI LLC,Electric,Fixed Income,185152.73,0.01491,185152.73,190000,United States,--,USD,13.12,6.11,1,2055-04-15,5.8,13.38,,6.11,13.38,6.11,USD,2025-03-13,2025-03-13
MARSH & MCLENNAN COMPANIES INC,Insurance,Fixed Income,184979.28,0.01489,184979.28,188000,United States,--,USD,7.35,5.45,1,2036-03-15,4.95,7.38,,5.45,7.38,5.45,USD,2026-02-19,2026-02-19
LOCKHEED MARTIN CORPORATION,Capital Goods,Fixed Income,184821.75,0.01488,184821.75,185000,United States,--,USD,6.41,5.14,1,2034-08-15,4.8,6.45,,5.14,6.45,5.14,USD,2024-01-29,2024-01-29
ECOLAB INC,Basic Industry,Fixed Income,184855.31,0.01488,184855.31,315000,United States,--,USD,15.27,5.87,1,2051-12-15,2.7,15.5,,5.87,15.5,5.87,USD,2021-12-15,2021-12-15
WESTPAC BANKING CORP,Banking,Fixed Income,184667.62,0.01487,184667.62,255000,Australia,--,USD,11.16,5.96,1,2041-11-18,3.13,11.19,,5.96,11.19,5.96,USD,2021-11-18,2021-11-18
COMCAST CORPORATION,Communications,Fixed Income,184532.41,0.01486,184532.41,261000,United States,--,USD,12.0,6.79,1,2047-08-15,4.0,12.16,,6.79,12.16,6.79,USD,2017-08-07,2017-08-07
VIRGINIA ELECTRIC AND POWER COMPAN,Electric,Fixed Income,184489.37,0.01485,184489.37,185000,United States,--,USD,1.57,4.71,1,2028-04-01,3.8,1.6,,4.71,1.6,4.71,USD,2018-03-22,2018-03-22
S&P GLOBAL INC,Technology,Fixed Income,184291.97,0.01484,184291.97,180000,United States,--,USD,1.76,4.69,1,2028-08-01,4.75,1.87,,4.68,1.64,4.68,USD,2023-02-01,2023-02-28
VISA INC,Technology,Fixed Income,184330.64,0.01484,184330.64,244000,United States,--,USD,12.92,5.77,1,2047-09-15,3.65,13.15,,5.77,13.15,5.77,USD,2017-09-11,2017-09-11
TARGET CORPORATION,Consumer Cyclical,Fixed Income,184168.61,0.01483,184168.61,190000,United States,--,USD,6.55,5.21,1,2034-09-15,4.5,6.59,,5.21,6.59,5.21,USD,2024-09-06,2024-09-06
ASTRAZENECA PLC,Consumer Non-Cyclical,Fixed Income,184176.0,0.01483,184176.0,285000,United Kingdom,--,USD,14.83,5.72,1,2051-05-28,3.0,15.08,,5.72,15.08,5.72,USD,2021-05-28,2021-05-28
BERKSHIRE HATHAWAY ENERGY CO,Electric,Fixed Income,184137.99,0.01482,184137.99,217000,United States,--,USD,11.3,6.07,1,2045-02-01,4.5,11.45,,6.07,11.45,6.07,USD,2014-12-04,2015-01-26
VIRGINIA ELECTRIC AND POWER CO,Electric,Fixed Income,184140.88,0.01482,184140.88,177000,United States,--,USD,7.86,5.64,1,2037-05-15,6.0,7.84,,5.64,7.84,5.64,USD,2007-05-17,2007-05-17
MASTERCARD INC,Technology,Fixed Income,183935.83,0.01481,183935.83,210000,United States,--,USD,4.91,4.74,1,2031-11-18,2.0,4.91,,4.74,4.91,4.74,USD,2021-11-18,2021-11-18
SIMON PROPERTY GROUP LP,Reits,Fixed Income,183872.47,0.0148,183872.47,170000,United States,--,USD,12.79,6.05,1,2054-01-15,6.65,13.06,,6.04,12.97,6.04,USD,2023-11-09,2023-11-09
AMEREN ILLINOIS COMPANY,Electric,Fixed Income,183671.44,0.01479,183671.44,190000,United States,--,USD,13.16,6.03,1,2055-03-01,5.63,13.42,,6.03,13.42,6.03,USD,2025-03-03,2025-03-03
UNITED PARCEL SERVICE INC,Transportation,Fixed Income,183675.82,0.01479,183675.82,268000,United States,--,USD,13.52,6.06,1,2049-09-01,3.4,13.74,,6.06,13.74,6.06,USD,2019-08-16,2019-08-16
EMERSON ELECTRIC CO,Capital Goods,Fixed Income,183739.95,0.01479,183739.95,205000,United States,--,USD,3.95,4.83,1,2030-10-15,1.95,3.95,,4.83,3.95,4.83,USD,2020-04-29,2020-04-29
SAN DIEGO GAS & ELECTRIC CO,Electric,Fixed Income,183746.01,0.01479,183746.01,185000,United States,--,USD,7.32,5.53,1,2036-03-15,5.2,7.34,,5.53,7.34,5.53,USD,2026-03-20,2026-03-20
KIMBERLY-CLARK CORPORATION,Consumer Non-Cyclical,Fixed Income,183752.54,0.01479,183752.54,210000,United States,--,USD,4.87,4.81,1,2031-11-02,2.0,4.87,,4.81,4.87,4.81,USD,2021-11-02,2021-11-02
TOTALENERGIES CAPITAL INTERNATIONA,Energy,Fixed Income,183544.12,0.01478,183544.12,252000,France,--,USD,11.15,5.74,1,2041-06-29,2.99,11.21,,5.74,11.21,5.74,USD,2020-06-29,2020-06-29
APPLIED MATERIALS INC,Technology,Fixed Income,183563.38,0.01478,183563.38,190000,United States,--,USD,4.03,4.87,1,2031-01-15,4.0,4.03,,4.87,4.03,4.87,USD,2025-09-18,2025-09-18
FLORIDA POWER AND LIGHT CO,Electric,Fixed Income,183451.5,0.01477,183451.5,175000,United States,--,USD,8.72,5.63,1,2039-04-01,5.96,8.73,,5.63,8.73,5.63,USD,2009-03-17,2009-03-17
NATIONAL RURAL UTILITIES COOPERATI MTN,Electric,Fixed Income,183352.57,0.01476,183352.57,180000,United States,--,USD,1.5,4.7,1,2028-03-15,4.8,1.54,,4.69,1.46,4.69,USD,2022-12-16,2022-12-16
The Washington University,Industrial Other,Fixed Income,183375.73,0.01476,183375.73,250000,United States,--,USD,16.18,6.03,1,2122-04-15,4.35,16.35,,6.03,16.35,6.03,USD,2022-04-07,2022-04-07
COMMONWEALTH EDISON COMPANY,Electric,Fixed Income,183258.56,0.01475,183258.56,290000,United States,--,USD,14.08,6.04,1,2050-03-01,3.0,14.3,,6.04,14.3,6.04,USD,2020-02-25,2020-02-25
MIZUHO FINANCIAL GROUP INC,Banking,Fixed Income,183124.94,0.01474,183124.94,200000,Japan,--,USD,3.56,5.11,1,2031-05-25,2.59,3.56,,5.11,3.56,5.11,USD,2020-02-25,2020-02-25
ABBOTT LABORATORIES,Consumer Non-Cyclical,Fixed Income,182847.82,0.01472,182847.82,203000,United States,--,USD,10.76,5.81,1,2043-04-15,4.75,10.9,,5.81,10.9,5.81,USD,2016-10-15,2017-03-22
VIRGINIA ELECTRIC AND POWER COMPAN,Electric,Fixed Income,182735.96,0.01471,182735.96,333000,United States,--,USD,15.23,6.02,1,2050-12-15,2.45,15.43,,6.02,15.43,6.02,USD,2020-12-15,2020-12-15
PUBLIC SERVICE ELECTRIC AND GAS CO MTN,Electric,Fixed Income,182613.97,0.0147,182613.97,195000,United States,--,USD,13.23,5.96,1,2054-08-01,5.3,13.49,,5.96,13.49,5.96,USD,2024-08-05,2024-08-05
WALMART INC,Consumer Cyclical,Fixed Income,182449.27,0.01469,182449.27,188000,United States,--,USD,2.74,4.37,1,2029-07-08,3.25,2.78,,4.37,2.78,4.37,USD,2019-04-23,2019-04-23
PROGRESSIVE CORPORATION (THE),Insurance,Fixed Income,182484.7,0.01469,182484.7,200000,United States,--,USD,5.01,5.02,1,2032-03-15,3.0,5.02,,5.02,5.02,5.02,USD,2022-03-09,2022-03-09
DUKE ENERGY CAROLINAS LLC,Electric,Fixed Income,182362.34,0.01468,182362.34,180000,United States,--,USD,6.7,5.33,1,2035-03-15,5.25,6.75,,5.33,6.75,5.33,USD,2025-01-06,2025-01-06
EXXON MOBIL CORP,Energy,Fixed Income,182159.04,0.01467,182159.04,232000,United States,--,USD,10.04,5.46,1,2039-08-16,3.0,10.09,,5.46,10.09,5.46,USD,2019-08-16,2019-08-16
UNITED PARCEL SERVICE INC,Transportation,Fixed Income,182186.11,0.01467,182186.11,195000,United States,--,USD,14.48,6.11,1,2064-05-22,5.6,14.74,,6.11,14.74,6.11,USD,2024-05-22,2024-05-22
SOUTHERN CALIFORNIA EDISON COMPANY,Electric,Fixed Income,182212.65,0.01467,182212.65,185000,United States,--,USD,5.47,5.41,1,2033-03-15,4.8,5.49,,5.41,5.49,5.41,USD,2026-03-02,2026-03-02
WELLTOWER OP LLC,Reits,Fixed Income,182230.92,0.01467,182230.92,200000,United States,--,USD,4.42,4.98,1,2031-06-01,2.8,4.43,,4.98,4.43,4.98,USD,2021-03-25,2021-03-25
SHELL INTERNATIONAL FINANCE BV,Energy,Fixed Income,182246.02,0.01467,182246.02,255000,United Kingdom,--,USD,11.39,5.74,1,2041-11-26,2.88,11.45,,5.74,11.45,5.74,USD,2021-11-26,2021-11-26
TRUIST FINANCIAL CORP MTN,Banking,Fixed Income,182248.53,0.01467,182248.53,203000,United States,--,USD,3.64,4.96,1,2030-06-05,1.95,3.63,,4.96,3.63,4.96,USD,2020-06-05,2020-06-05
WASTE MANAGEMENT INC,Capital Goods,Fixed Income,181836.66,0.01464,181836.66,180000,United States,--,USD,4.77,4.94,1,2032-03-15,4.8,4.81,,4.94,4.81,4.94,USD,2024-11-04,2024-11-04
CATERPILLAR FINANCIAL SERVICES COR MTN,Capital Goods,Fixed Income,181781.33,0.01463,181781.33,180000,United States,--,USD,2.79,4.7,1,2029-08-16,4.38,2.78,,4.7,2.78,4.7,USD,2024-08-16,2024-08-16
BURLINGTON NORTHERN SANTA FE LLC,Transportation,Fixed Income,181562.11,0.01462,181562.11,207000,United States,--,USD,10.49,5.75,1,2042-03-15,4.4,10.59,,5.75,10.59,5.75,USD,2012-03-02,2012-03-02
ENTERGY LOUISIANA LLC,Electric,Fixed Income,181584.43,0.01462,181584.43,185000,United States,--,USD,13.06,6.09,1,2055-03-15,5.8,13.32,,6.09,13.32,6.09,USD,2025-01-07,2025-01-07
CONNECTICUT LIGHT AND POWER COMPAN,Electric,Fixed Income,181465.84,0.01461,181465.84,200000,United States,--,USD,13.3,5.96,1,2053-01-15,5.25,13.57,,5.96,13.57,5.96,USD,2023-01-10,2023-01-10
KELLANOVA,Consumer Non-Cyclical,Fixed Income,181313.22,0.0146,181313.22,200000,United States,--,USD,3.62,4.87,1,2030-06-01,2.1,3.62,,4.87,3.62,4.87,USD,2020-06-01,2020-06-01
MASSACHUSETTS INSTITUTE OF TECHNOL,Industrial Other,Fixed Income,181323.66,0.0146,181323.66,275000,United States,--,USD,14.9,5.67,1,2052-04-01,3.07,15.16,,5.67,15.16,5.67,USD,2022-03-08,2022-03-08
EOG RESOURCES INC,Energy,Fixed Income,181329.0,0.0146,181329.0,182000,United States,--,USD,3.29,4.84,1,2030-04-15,4.38,3.36,,4.84,3.36,4.84,USD,2020-04-14,2020-04-14
AMERICAN INTERNATIONAL GROUP INC,Insurance,Fixed Income,181338.24,0.0146,181338.24,180000,United States,--,USD,3.37,4.93,1,2030-05-07,4.85,3.39,,4.93,3.39,4.93,USD,2025-05-07,2025-05-07
D R HORTON INC,Consumer Cyclical,Fixed Income,181344.61,0.0146,181344.61,180000,United States,--,USD,3.71,5.0,1,2030-10-15,4.85,3.73,,5.0,3.73,5.0,USD,2025-05-05,2025-05-05
LOCKHEED MARTIN CORPORATION,Capital Goods,Fixed Income,181078.26,0.01458,181078.26,240000,United States,--,USD,15.22,6.01,1,2062-06-15,4.3,15.48,,6.01,15.48,6.01,USD,2022-05-05,2022-05-05
DUKE ENERGY CAROLINAS LLC,Electric,Fixed Income,180986.02,0.01457,180986.02,200000,United States,--,USD,5.03,5.01,1,2032-03-15,2.85,5.04,,5.01,5.04,5.01,USD,2022-03-04,2022-03-04
TOYOTA MOTOR CREDIT CORP MTN,Consumer Cyclical,Fixed Income,181025.4,0.01457,181025.4,185000,United States,--,USD,2.32,4.65,1,2029-01-08,3.65,2.32,,4.65,2.32,4.65,USD,2019-01-08,2019-01-08
SAN DIEGO GAS & ELECTRIC CO,Electric,Fixed Income,180867.86,0.01456,180867.86,290000,United States,--,USD,14.56,5.96,1,2051-08-15,2.95,14.78,,5.96,14.78,5.96,USD,2021-08-13,2021-08-13
PAYPAL HOLDINGS INC,Technology,Fixed Income,180896.76,0.01456,180896.76,180000,United States,--,USD,1.75,4.75,1,2028-06-01,4.55,1.75,,4.75,1.75,4.75,USD,2026-05-15,2026-05-15
JPMORGAN CHASE & CO,Banking,Fixed Income,180533.07,0.01453,180533.07,182000,United States,--,USD,1.29,4.65,1,2027-12-01,3.63,1.3,,4.65,1.3,4.65,USD,2016-11-16,2016-11-16
3M CO,Capital Goods,Fixed Income,180325.53,0.01452,180325.53,250000,United States,--,USD,13.54,6.0,1,2050-04-15,3.7,13.77,,6.0,13.77,6.0,USD,2020-03-27,2020-03-27
COMCAST CORPORATION,Communications,Fixed Income,180197.19,0.01451,180197.19,385000,United States,--,USD,15.69,6.64,1,2062-08-15,2.65,15.89,,6.64,15.89,6.64,USD,2020-08-25,2020-08-25
DUKE ENERGY FLORIDA LLC,Electric,Fixed Income,180270.99,0.01451,180270.99,255000,United States,--,USD,12.72,6.02,1,2046-10-01,3.4,12.91,,6.02,12.91,6.02,USD,2016-09-09,2016-09-09
CommonSpirit Health,Consumer Non-Cyclical,Fixed Income,180069.67,0.0145,180069.67,175000,United States,--,USD,1.01,4.82,1,2027-11-01,6.07,1.2,,4.55,0.97,4.55,USD,2022-10-25,2022-10-25
PUBLIC SERVICE ELECTRIC AND GAS CO,Electric,Fixed Income,180101.83,0.0145,180101.83,185000,United States,--,USD,3.98,4.94,1,2031-01-01,4.2,3.98,,4.94,3.98,4.94,USD,2026-01-07,2026-01-07
ALABAMA POWER COMPANY,Electric,Fixed Income,180134.4,0.0145,180134.4,248000,United States,--,USD,12.93,6.04,1,2047-12-01,3.7,13.14,,6.04,13.14,6.04,USD,2017-11-08,2017-11-08
ROYAL BANK OF CANADA (FXD-FRN) MTN,Banking,Fixed Income,179910.64,0.01448,179910.64,180000,Canada,--,USD,1.23,4.6,1,2028-11-03,4.0,1.22,,4.6,1.22,4.6,USD,2025-11-03,2025-11-03
VIRGINIA ELECTRIC AND POWER COMPAN,Electric,Fixed Income,179763.04,0.01447,179763.04,200000,United States,--,USD,13.3,6.12,1,2054-01-15,5.35,13.56,,6.12,13.56,6.12,USD,2024-01-08,2024-01-08
ADOBE INC,Technology,Fixed Income,178954.23,0.01441,178954.23,180000,United States,--,USD,6.71,5.4,1,2035-01-17,5.3,6.75,,5.4,6.75,5.4,USD,2025-01-17,2025-01-17
ARCHER DANIELS MIDLAND CO,Consumer Non-Cyclical,Fixed Income,179017.76,0.01441,179017.76,213000,United States,--,USD,12.64,5.92,1,2049-03-15,4.5,12.89,,5.92,12.89,5.92,USD,2018-12-03,2018-12-03
PACCAR FINANCIAL CORP MTN,Consumer Cyclical,Fixed Income,178895.98,0.0144,178895.98,175000,United States,--,USD,2.31,4.59,1,2029-01-31,4.6,2.3,,4.59,2.3,4.59,USD,2024-01-31,2024-01-31
MITSUBISHI UFJ FINANCIAL GROUP INC,Banking,Fixed Income,178562.03,0.01438,178562.03,175000,Japan,--,USD,2.48,5.0,1,2030-04-17,5.26,2.48,,5.0,2.49,5.0,USD,2024-04-17,2024-04-17
BROOKFIELD FINANCE INC,Brokerage/Asset Managers/Exchanges,Fixed Income,178678.27,0.01438,178678.27,185000,Canada,--,USD,7.29,5.82,1,2036-01-15,5.33,7.3,,5.82,7.3,5.82,USD,2025-08-20,2025-08-20
SAN DIEGO GAS & ELECTRIC CO,Electric,Fixed Income,178547.31,0.01437,178547.31,200000,United States,--,USD,9.75,5.84,1,2040-08-15,4.5,9.77,,5.84,9.77,5.84,USD,2010-08-26,2010-08-26
SUTTER HEALTH,Consumer Non-Cyclical,Fixed Income,178214.73,0.01435,178214.73,195000,United States,--,USD,3.75,4.94,1,2030-08-15,2.29,3.76,,4.94,3.76,4.94,USD,2020-10-29,2020-10-29
COCA COLA FEMSA SAB DE CV,Consumer Non-Cyclical,Fixed Income,178172.98,0.01434,178172.98,180000,Mexico,--,USD,6.87,5.4,1,2035-05-06,5.1,6.91,,5.4,6.91,5.4,USD,2025-05-06,2025-05-06
COMCAST CORPORATION,Communications,Fixed Income,177989.44,0.01433,177989.44,254000,United States,--,USD,12.16,6.8,1,2048-03-01,4.0,12.32,,6.8,12.32,6.8,USD,2018-02-08,2018-02-08
SOUTHERN CALIFORNIA EDISON COMPANY,Electric,Fixed Income,178011.35,0.01433,178011.35,175000,United States,--,USD,4.15,5.23,1,2031-06-01,5.45,4.19,,5.22,4.06,5.22,USD,2024-05-09,2024-05-09
ENTERGY LOUISIANA LLC,Electric,Fixed Income,178036.09,0.01433,178036.09,210000,United States,--,USD,13.2,6.04,1,2052-09-15,4.75,13.46,,6.04,13.46,6.04,USD,2022-08-24,2022-08-24
CAMDEN PROPERTY TRUST,Reits,Fixed Income,177897.63,0.01432,177897.63,186000,United States,--,USD,2.74,4.83,1,2029-07-01,3.15,2.76,,4.83,2.76,4.83,USD,2019-06-17,2019-06-17
ILLINOIS TOOL WORKS INC,Capital Goods,Fixed Income,177780.92,0.01431,177780.92,190000,United States,--,USD,10.07,5.69,1,2041-09-15,4.88,10.18,,5.69,10.18,5.69,USD,2012-03-15,2012-06-27
TEXAS INSTRUMENTS INC,Technology,Fixed Income,177449.18,0.01429,177449.18,205000,United States,--,USD,9.39,5.52,1,2039-03-15,3.88,9.44,,5.52,9.44,5.52,USD,2019-03-11,2019-03-11
COMCAST CORPORATION,Communications,Fixed Income,177454.2,0.01429,177454.2,222000,United States,--,USD,11.17,6.66,1,2045-08-15,4.6,11.3,,6.66,11.3,6.66,USD,2015-05-27,2015-05-27
PHILIP MORRIS INTERNATIONAL INC,Consumer Non-Cyclical,Fixed Income,177479.17,0.01429,177479.17,220000,United States,--,USD,10.92,5.91,1,2042-08-21,3.88,10.97,,5.91,10.97,5.91,USD,2012-08-21,2012-08-21
DH EUROPE FINANCE II SARL,Consumer Non-Cyclical,Fixed Income,177494.4,0.01429,177494.4,260000,United States,--,USD,13.75,6.0,1,2049-11-15,3.4,13.98,,6.0,13.98,6.0,USD,2019-11-07,2019-11-07
BROADCOM INC,Technology,Fixed Income,177553.85,0.01429,177553.85,175000,United States,--,USD,3.24,4.97,1,2030-04-15,5.0,3.32,,4.97,3.11,4.97,USD,2020-04-09,2020-08-07
CENTERPOINT ENERGY HOUSTON ELECTRI,Electric,Fixed Income,177429.0,0.01428,177429.0,175000,United States,--,USD,3.23,4.89,1,2030-03-15,4.8,3.25,,4.89,3.25,4.89,USD,2025-02-27,2025-02-27
TOLEDO HOSPITAL,Consumer Non-Cyclical,Fixed Income,177232.33,0.01427,177232.33,176000,United States,--,USD,4.86,5.79,1,2038-11-15,5.75,8.64,,5.79,8.64,5.79,USD,2018-10-25,2018-10-25
RIO TINTO FINANCE (USA) PLC,Basic Industry,Fixed Income,177075.2,0.01426,177075.2,175000,Australia,--,USD,5.42,5.12,1,2033-03-09,5.0,5.47,,5.12,5.47,5.12,USD,2023-03-09,2023-03-09
FLORIDA POWER AND LIGHT CO,Electric,Fixed Income,177090.71,0.01426,177090.71,220000,United States,--,USD,11.62,5.93,1,2044-10-01,4.05,11.77,,5.93,11.77,5.93,USD,2014-09-10,2014-09-10
ERP OPERATING LP,Reits,Fixed Income,176977.32,0.01425,176977.32,186000,United States,--,USD,2.75,4.86,1,2029-07-01,3.0,2.76,,4.86,2.76,4.86,USD,2019-06-26,2019-06-26
WASTE MANAGEMENT INC,Capital Goods,Fixed Income,176984.02,0.01425,176984.02,175000,United States,--,USD,3.24,4.81,1,2030-03-15,4.65,3.26,,4.81,3.26,4.81,USD,2024-11-04,2024-11-04
PRUDENTIAL FINANCIAL INC MTN,Insurance,Fixed Income,176833.22,0.01424,176833.22,192000,United States,--,USD,3.4,4.73,1,2030-03-10,2.1,3.4,,4.73,3.4,4.73,USD,2020-03-10,2020-03-10
STATE STREET CORP,Banking,Fixed Income,176841.17,0.01424,176841.17,180000,United States,--,USD,7.32,5.45,1,2037-04-24,5.09,7.47,,5.45,7.47,5.45,USD,2026-04-24,2026-04-24
NATIONAL RURAL UTILITIES COOPERATI MTN,Electric,Fixed Income,176694.21,0.01423,176694.21,175000,United States,--,USD,1.08,4.55,1,2027-09-16,4.12,1.09,,4.55,1.09,4.55,USD,2024-09-16,2024-09-16
THE NEW YORK PRESBYTERIAN HOSPITAL,Consumer Non-Cyclical,Fixed Income,176606.89,0.01422,176606.89,216000,United States,--,USD,11.93,5.79,1,2045-08-01,4.02,12.06,,5.79,12.06,5.79,USD,2015-02-05,2015-02-05
S&P GLOBAL INC,Technology,Fixed Income,176461.73,0.01421,176461.73,250000,United States,--,USD,15.23,6.02,1,2062-03-01,3.9,15.49,,6.02,15.49,6.02,USD,2023-03-01,2023-02-28
CITIGROUP INC,Banking,Fixed Income,176461.79,0.01421,176461.79,249000,United States,--,USD,10.72,5.84,1,2042-11-03,2.9,11.33,,5.84,11.33,5.84,USD,2021-11-03,2021-11-03
UBS AG (STAMFORD BRANCH) FXD-2-FLT MTN,Banking,Fixed Income,176395.59,0.0142,176395.59,175000,Switzerland,--,USD,1.55,4.66,1,2029-03-16,4.3,1.55,,4.66,1.55,4.66,USD,2026-03-16,2026-03-16
ADVANCED MICRO DEVICES INC,Technology,Fixed Income,176221.0,0.01419,176221.0,185000,United States,--,USD,5.08,4.98,1,2032-06-01,3.92,5.11,,4.98,5.11,4.98,USD,2022-06-09,2022-06-09
ANALOG DEVICES INC,Technology,Fixed Income,176135.58,0.01418,176135.58,175000,United States,--,USD,6.15,5.2,1,2034-04-01,5.05,6.2,,5.2,6.2,5.2,USD,2024-04-03,2024-04-03
BROOKFIELD CAPITAL FINANCE LLC,Brokerage/Asset Managers/Exchanges,Fixed Income,176153.91,0.01418,176153.91,170000,Canada,--,USD,5.5,5.56,1,2033-06-14,6.09,5.56,,5.55,5.39,5.55,USD,2023-06-14,2023-06-14
ONCOR ELECTRIC DELIVERY COMPANY LL,Electric,Fixed Income,175877.31,0.01416,175877.31,175000,United States,--,USD,2.95,4.83,1,2029-11-01,4.65,2.97,,4.83,2.97,4.83,USD,2024-11-13,2025-01-21
TEXAS INSTRUMENTS INC,Technology,Fixed Income,175603.62,0.01414,175603.62,190000,United States,--,USD,13.3,5.88,1,2054-02-08,5.15,13.57,,5.88,13.57,5.88,USD,2024-02-08,2024-02-08
TENCENT MUSIC ENTERTAINMENT GROUP,Technology,Fixed Income,175695.3,0.01414,175695.3,195000,China,--,USD,3.83,4.9,1,2030-09-03,2.0,3.83,,4.9,3.83,4.9,USD,2020-09-03,2020-09-03
ENTERGY ARKANSAS LLC,Electric,Fixed Income,175555.72,0.01413,175555.72,225000,United States,--,USD,12.77,6.11,1,2049-04-01,4.2,12.99,,6.11,12.99,6.11,USD,2019-03-19,2019-03-19
SOUTHERN CALIFORNIA GAS COMPANY,Natural Gas,Fixed Income,175358.67,0.01412,175358.67,184000,United States,--,USD,12.85,6.17,1,2053-06-01,5.75,13.11,,6.17,13.11,6.17,USD,2023-05-23,2023-05-23
TRAVELERS COMPANIES INC,Insurance,Fixed Income,175363.7,0.01412,175363.7,233000,United States,--,USD,12.43,5.95,1,2046-05-15,3.75,12.62,,5.95,12.62,5.95,USD,2016-05-11,2016-05-11
CENTERPOINT ENERGY HOUSTON ELECTRI,Electric,Fixed Income,175366.6,0.01412,175366.6,204000,United States,--,USD,11.18,5.92,1,2044-04-01,4.5,11.33,,5.92,11.33,5.92,USD,2014-03-17,2014-03-17
GILEAD SCIENCES INC,Consumer Non-Cyclical,Fixed Income,175401.92,0.01412,175401.92,185000,United States,--,USD,13.4,5.96,1,2054-11-15,5.5,13.67,,5.96,13.67,5.96,USD,2024-11-20,2024-11-20
AMERICAN HONDA FINANCE CORPORATION MTN,Consumer Cyclical,Fixed Income,175311.2,0.01411,175311.2,176000,United States,--,USD,1.48,4.79,1,2028-02-15,3.5,1.47,,4.79,1.47,4.79,USD,2018-02-15,2018-02-15
LAM RESEARCH CORPORATION,Technology,Fixed Income,175093.22,0.0141,175093.22,195000,United States,--,USD,3.67,4.87,1,2030-06-15,1.9,3.67,,4.87,3.67,4.87,USD,2020-05-05,2020-05-05
MERCK & CO INC,Consumer Non-Cyclical,Fixed Income,175134.37,0.0141,175134.37,195000,United States,--,USD,11.09,5.91,1,2044-05-17,4.9,11.25,,5.91,11.25,5.91,USD,2023-05-17,2023-05-17
QUALCOMM INCORPORATED,Technology,Fixed Income,175148.33,0.0141,175148.33,268000,United States,--,USD,14.0,6.06,1,2050-05-20,3.25,14.23,,6.06,14.23,6.06,USD,2020-05-08,2020-05-08
BALTIMORE GAS AND ELECTRIC CO,Electric,Fixed Income,174961.81,0.01409,174961.81,174000,United States,--,USD,6.86,5.48,1,2035-06-01,5.45,6.9,,5.48,6.9,5.48,USD,2025-05-16,2025-05-16
WALT DISNEY CO,Communications,Fixed Income,174899.24,0.01408,174899.24,181000,United States,--,USD,10.64,5.87,1,2043-10-01,5.4,10.73,,5.87,10.73,5.87,USD,2019-10-01,2019-11-22
CONSOLIDATED EDISON COMPANY OF NEW,Electric,Fixed Income,174951.64,0.01408,174951.64,229000,United States,--,USD,12.93,6.12,1,2049-05-15,4.13,13.16,,6.12,13.16,6.12,USD,2019-05-09,2019-05-09
MIZUHO FINANCIAL GROUP INC,Banking,Fixed Income,174725.23,0.01407,174725.23,200000,Japan,--,USD,4.42,5.22,1,2032-05-22,2.17,4.45,,5.22,4.46,5.22,USD,2021-02-22,2021-02-22
UNION ELECTRIC CO,Electric,Fixed Income,174678.27,0.01406,174678.27,174000,United States,--,USD,6.78,5.4,1,2035-04-15,5.25,6.82,,5.4,6.82,5.4,USD,2025-04-04,2025-04-04
MARSH & MCLENNAN COMPANIES INC,Insurance,Fixed Income,174394.84,0.01404,174394.84,213000,United States,--,USD,11.96,6.09,1,2047-01-30,4.35,12.17,,6.09,12.17,6.09,USD,2017-01-12,2017-01-12
SOUTHERN CALIFORNIA EDISON COMPANY,Electric,Fixed Income,174421.3,0.01404,174421.3,170000,United States,--,USD,8.05,5.98,1,2038-02-01,5.95,8.02,,5.98,8.02,5.98,USD,2008-01-22,2008-01-22
PUBLIC SERVICE ELECTRIC AND GAS CO MTN,Electric,Fixed Income,174305.51,0.01403,174305.51,228000,United States,--,USD,12.19,5.99,1,2046-03-01,3.8,12.37,,5.99,12.37,5.99,USD,2016-03-03,2016-03-03
PFIZER INC,Consumer Non-Cyclical,Fixed Income,174308.44,0.01403,174308.44,180000,United States,--,USD,13.57,5.9,1,2055-11-15,5.6,13.85,,5.9,13.85,5.9,USD,2025-11-21,2025-11-21
CHARLES SCHWAB CORPORATION (THE),Brokerage/Asset Managers/Exchanges,Fixed Income,174129.15,0.01402,174129.15,175000,United States,--,USD,1.42,4.65,1,2028-01-25,3.2,1.42,,4.65,1.42,4.65,USD,2017-12-07,2017-12-07
COMMONWEALTH EDISON COMPANY,Electric,Fixed Income,174067.67,0.01401,174067.67,165000,United States,--,USD,7.21,5.44,1,2036-03-15,5.9,7.19,,5.44,7.19,5.44,USD,2006-03-06,2006-03-06
DTE ELECTRIC COMPANY,Electric,Fixed Income,173810.4,0.01399,173810.4,188000,United States,--,USD,3.36,4.83,1,2030-03-01,2.25,3.36,,4.83,3.36,4.83,USD,2020-02-26,2020-02-26
VIRGINIA ELECTRIC AND POWER CO,Electric,Fixed Income,173649.97,0.01398,173649.97,168000,United States,--,USD,7.22,5.56,1,2036-01-15,6.0,7.19,,5.56,7.19,5.56,USD,2006-01-13,2006-01-13
ATMOS ENERGY CORPORATION,Natural Gas,Fixed Income,173679.42,0.01398,173679.42,215000,United States,--,USD,12.64,5.99,1,2048-10-01,4.3,12.87,,5.99,12.87,5.99,USD,2018-10-04,2018-10-04
ASTRAZENECA PLC,Consumer Non-Cyclical,Fixed Income,173507.69,0.01397,173507.69,205000,United Kingdom,--,USD,12.61,5.77,1,2048-08-17,4.38,12.85,,5.77,12.85,5.77,USD,2018-08-17,2018-08-17
COMMONWEALTH EDISON COMPANY,Electric,Fixed Income,173330.83,0.01395,173330.83,175000,United States,--,USD,4.26,4.98,1,2031-06-01,4.55,4.26,,4.98,4.26,4.98,USD,2026-05-14,2026-05-14
SIMON PROPERTY GROUP LP,Reits,Fixed Income,173015.17,0.01393,173015.17,175000,United States,--,USD,1.29,4.62,1,2027-12-01,3.38,1.3,,4.62,1.3,4.62,USD,2017-12-11,2017-12-11
CENTERPOINT ENERGY RESOURCES CORPO,Natural Gas,Fixed Income,172744.51,0.01391,172744.51,195000,United States,--,USD,3.93,4.94,1,2030-10-01,1.75,3.93,,4.94,3.93,4.94,USD,2020-10-01,2020-10-01
BROOKFIELD ASSET MANAGEMENT LTD,Brokerage/Asset Managers/Exchanges,Fixed Income,172751.43,0.01391,172751.43,175000,Canada,--,USD,3.81,5.22,1,2030-11-15,4.65,3.82,,5.22,3.82,5.22,USD,2025-11-18,2025-11-18
DOMINION ENERGY SOUTH CAROLINA INC,Electric,Fixed Income,172636.26,0.0139,172636.26,165000,United States,--,USD,12.72,6.03,1,2053-10-15,6.25,12.99,,6.03,12.89,6.03,USD,2023-10-06,2023-10-06
COMCAST CORPORATION,Communications,Fixed Income,172667.85,0.0139,172667.85,196000,United States,--,USD,8.82,6.15,1,2038-10-15,4.6,8.85,,6.15,8.85,6.15,USD,2018-10-05,2018-10-05
ESTEE LAUDER COMPANIES INC. (THE),Consumer Non-Cyclical,Fixed Income,172699.62,0.0139,172699.62,195000,United States,--,USD,13.18,6.09,1,2053-05-15,5.15,13.44,,6.09,13.44,6.09,USD,2023-05-12,2023-05-12
ABB FINANCE USA INC,Capital Goods,Fixed Income,172558.66,0.01389,172558.66,200000,Switzerland,--,USD,10.68,5.8,1,2042-05-08,4.38,10.73,,5.8,10.73,5.8,USD,2012-05-08,2012-05-08
QUALCOMM INCORPORATED,Technology,Fixed Income,172569.3,0.01389,172569.3,175000,United States,--,USD,6.93,5.32,1,2035-05-20,5.0,6.97,,5.32,6.97,5.32,USD,2025-05-21,2025-05-21
PECO ENERGY CO,Electric,Fixed Income,172359.77,0.01388,172359.77,227000,United States,--,USD,12.68,6.04,1,2048-03-01,3.9,12.9,,6.04,12.9,6.04,USD,2018-02-23,2018-02-23
SOUTHERN CALIFORNIA GAS COMPANY,Natural Gas,Fixed Income,172433.99,0.01388,172433.99,175000,United States,--,USD,13.15,6.16,1,2055-06-15,6.0,13.41,,6.16,13.41,6.16,USD,2025-05-16,2025-05-16
BROADCOM INC,Technology,Fixed Income,172154.7,0.01386,172154.7,200000,United States,--,USD,5.8,5.35,1,2033-02-15,2.6,5.79,,5.35,5.79,5.35,USD,2025-08-15,2025-10-17
AMERIPRISE FINANCIAL INC,Brokerage/Asset Managers/Exchanges,Fixed Income,172009.22,0.01385,172009.22,175000,United States,--,USD,4.94,5.02,1,2032-05-13,4.5,4.99,,5.02,4.99,5.02,USD,2022-05-13,2022-05-13
BRISTOL-MYERS SQUIBB CO,Consumer Non-Cyclical,Fixed Income,171949.69,0.01384,171949.69,175000,United States,--,USD,10.61,5.87,1,2044-02-22,5.5,10.76,,5.87,10.76,5.87,USD,2024-02-22,2024-02-22
EIDP INC,Basic Industry,Fixed Income,171725.9,0.01383,171725.9,175000,United States,--,USD,5.63,5.29,1,2033-05-15,4.8,5.67,,5.29,5.67,5.29,USD,2023-05-15,2023-05-15
BROOKFIELD FINANCE INC,Brokerage/Asset Managers/Exchanges,Fixed Income,171749.53,0.01383,171749.53,180000,Canada,--,USD,12.8,6.33,1,2055-03-03,5.81,13.04,,6.33,13.04,6.33,USD,2025-03-03,2025-03-03
ORIX CORPORATION,Financial Other,Fixed Income,171761.61,0.01383,171761.61,170000,Japan,--,USD,2.84,4.89,1,2029-09-10,4.65,2.83,,4.89,2.83,4.89,USD,2024-09-10,2024-09-10
SOUTHERN CALIFORNIA GAS COMPANY,Natural Gas,Fixed Income,171777.66,0.01383,171777.66,182000,United States,--,USD,12.96,6.16,1,2054-04-01,5.6,13.22,,6.16,13.22,6.16,USD,2024-03-18,2024-03-18
CALIFORNIA INST OF TECHNOLOGY,Industrial Other,Fixed Income,171640.21,0.01382,171640.21,275000,United States,--,USD,16.23,6.0,1,2119-09-01,3.65,16.4,,6.0,16.4,6.0,USD,2019-11-25,2019-11-25
REALTY INCOME CORPORATION,Reits,Fixed Income,171676.0,0.01382,171676.0,181000,United States,--,USD,3.15,4.87,1,2029-12-15,3.1,3.16,,4.87,3.16,4.87,USD,2021-06-15,2021-11-09
ROYAL BANK OF CANADA (FX-FRN) MTN,Banking,Fixed Income,171589.96,0.01381,171589.96,170000,Canada,--,USD,1.18,4.65,1,2028-10-18,4.52,1.17,,4.65,1.18,4.65,USD,2024-10-18,2024-10-18
CONOCOPHILLIPS CO,Energy,Fixed Income,171386.59,0.0138,171386.59,185000,United States,--,USD,14.58,6.16,1,2065-01-15,5.65,14.84,,6.16,14.84,6.16,USD,2024-12-05,2024-12-05
PEPSICO INC,Consumer Non-Cyclical,Fixed Income,171249.95,0.01379,171249.95,170000,United States,--,USD,1.68,4.51,1,2028-05-15,4.45,1.71,,4.51,1.71,4.51,USD,2023-02-15,2023-02-15
TSMC ARIZONA CORP,Technology,Fixed Income,170981.87,0.01377,170981.87,215000,Taiwan,--,USD,11.26,5.15,1,2041-10-25,3.13,11.38,,5.15,11.38,5.15,USD,2021-10-25,2021-10-25
CAMDEN PROPERTY TRUST,Reits,Fixed Income,171039.22,0.01377,171039.22,175000,United States,--,USD,7.33,5.49,1,2036-02-28,4.9,7.35,,5.49,7.35,5.49,USD,2026-02-19,2026-02-19
LOEWS CORPORATION,Insurance,Fixed Income,170902.97,0.01376,170902.97,175000,United States,--,USD,7.37,5.54,1,2036-04-01,4.94,7.39,,5.54,7.39,5.54,USD,2026-02-18,2026-02-18
JOHN DEERE CAPITAL CORP MTN,Capital Goods,Fixed Income,170820.81,0.01375,170820.81,180000,United States,--,USD,2.82,4.66,1,2029-07-18,2.8,2.82,,4.66,2.82,4.66,USD,2019-07-18,2019-07-18
TRAVELERS COMPANIES INC,Insurance,Fixed Income,170728.14,0.01374,170728.14,270000,United States,--,USD,14.64,5.92,1,2051-06-08,3.05,14.87,,5.92,14.87,5.92,USD,2021-06-08,2021-06-08
ATMOS ENERGY CORPORATION,Natural Gas,Fixed Income,170509.13,0.01373,170509.13,197000,United States,--,USD,4.24,4.89,1,2031-01-15,1.5,4.23,,4.89,4.23,4.89,USD,2020-10-01,2020-10-01
REPUBLIC SERVICES INC,Capital Goods,Fixed Income,170545.99,0.01373,170545.99,200000,United States,--,USD,5.14,4.97,1,2032-02-15,1.75,5.12,,4.97,5.12,4.97,USD,2020-11-24,2020-11-24
THERMO FISHER SCIENTIFIC INC,Consumer Non-Cyclical,Fixed Income,170145.67,0.0137,170145.67,210000,United States,--,USD,12.46,5.82,1,2047-08-15,4.1,12.7,,5.82,12.7,5.82,USD,2017-08-14,2017-08-14
MASTERCARD INC,Technology,Fixed Income,170004.86,0.01369,170004.86,268000,United States,--,USD,14.59,5.85,1,2051-03-15,2.95,14.82,,5.85,14.82,5.85,USD,2021-03-04,2021-03-04
BURLINGTON NORTHERN SANTA FE LLC,Transportation,Fixed Income,169741.01,0.01367,169741.01,193000,United States,--,USD,11.48,5.93,1,2045-09-01,4.7,11.66,,5.93,11.66,5.93,USD,2015-08-20,2015-08-20
ONCOR ELECTRIC DELIVERY COMPANY LL,Electric,Fixed Income,169622.13,0.01366,169622.13,223000,United States,--,USD,11.97,6.0,1,2045-04-01,3.75,12.12,,6.0,12.12,6.0,USD,2015-10-01,2015-10-22
PUBLIC STORAGE OPERATING CO,Reits,Fixed Income,169409.7,0.01364,169409.7,174000,United States,--,USD,2.55,4.71,1,2029-05-01,3.38,2.59,,4.71,2.59,4.71,USD,2019-04-12,2019-04-12
MIDAMERICAN ENERGY COMPANY,Electric,Fixed Income,169449.66,0.01364,169449.66,260000,United States,--,USD,14.07,5.98,1,2050-04-15,3.15,14.3,,5.98,14.3,5.98,USD,2019-10-15,2019-10-15
GENERAL ELECTRIC CO MTN,Capital Goods,Fixed Income,169459.07,0.01364,169459.07,150000,United States,--,USD,8.55,5.45,1,2039-01-10,6.88,8.57,,5.45,8.57,5.45,USD,2009-01-09,2009-01-09
HARTFORD INSURANCE GROUP INC,Insurance,Fixed Income,169285.56,0.01363,169285.56,275000,United States,--,USD,14.71,5.94,1,2051-09-15,2.9,14.94,,5.94,14.94,5.94,USD,2021-09-21,2021-09-21
ELI LILLY AND COMPANY (FXD),Consumer Non-Cyclical,Fixed Income,169225.5,0.01362,169225.5,170000,United States,--,USD,2.6,4.6,1,2029-05-20,4.15,2.62,,4.6,2.62,4.6,USD,2026-05-20,2026-05-20
AMEREN ILLINOIS COMPANY,Electric,Fixed Income,169012.85,0.01361,169012.85,170000,United States,--,USD,5.65,5.18,1,2033-06-01,4.95,5.7,,5.18,5.7,5.18,USD,2023-05-31,2023-05-31
COMMONSPIRIT HEALTH,Consumer Non-Cyclical,Fixed Income,168689.99,0.01358,168689.99,231000,United States,--,USD,13.32,6.17,1,2050-10-01,3.91,13.54,,6.17,13.54,6.17,USD,2020-10-28,2020-10-28
AIR PRODUCTS AND CHEMICALS INC,Basic Industry,Fixed Income,168537.3,0.01357,168537.3,232000,United States,--,USD,10.71,5.63,1,2040-05-15,2.7,10.75,,5.63,10.75,5.63,USD,2020-04-30,2020-04-30
AFLAC INCORPORATED,Insurance,Fixed Income,168144.03,0.01354,168144.03,170000,United States,--,USD,7.49,5.43,1,2036-05-14,5.15,7.52,,5.43,7.52,5.43,USD,2026-05-14,2026-05-14
POTOMAC ELECTRIC POWER CO,Electric,Fixed Income,167978.89,0.01352,167978.89,155000,United States,--,USD,8.0,5.64,1,2037-11-15,6.5,7.98,,5.64,7.98,5.64,USD,2007-11-16,2007-11-16
REALTY INCOME CORPORATION,Reits,Fixed Income,167695.33,0.0135,167695.33,170000,United States,--,USD,1.41,4.67,1,2028-01-15,3.65,1.42,,4.67,1.42,4.67,USD,2017-12-06,2017-12-06
CSX CORP,Transportation,Fixed Income,167557.06,0.01349,167557.06,165000,United States,--,USD,5.91,5.1,1,2033-11-15,5.2,5.97,,5.1,5.8,5.1,USD,2023-09-07,2023-09-07
UNITED PARCEL SERVICE INC,Transportation,Fixed Income,167616.67,0.01349,167616.67,228000,United States,--,USD,12.85,6.03,1,2047-11-15,3.75,13.07,,6.03,13.07,6.03,USD,2017-11-14,2017-11-14
KLA CORP,Technology,Fixed Income,167075.97,0.01345,167075.97,170000,United States,--,USD,5.09,5.01,1,2032-07-15,4.65,5.15,,5.01,5.15,5.01,USD,2022-06-23,2022-06-23
ANHEUSER-BUSCH INBEV WORLDWIDE INC MTN,Consumer Non-Cyclical,Fixed Income,167083.63,0.01345,167083.63,195000,Belgium,--,USD,12.41,5.88,1,2048-04-15,4.6,12.65,,5.88,12.65,5.88,USD,2018-04-04,2018-04-04
BRISTOL-MYERS SQUIBB CO,Consumer Non-Cyclical,Fixed Income,166899.21,0.01344,166899.21,168000,United States,--,USD,1.24,4.48,1,2027-11-15,3.45,1.26,,4.48,1.26,4.48,USD,2020-05-15,2020-07-15
JOHN DEERE CAPITAL CORP MTN,Capital Goods,Fixed Income,166758.03,0.01343,166758.03,168000,United States,--,USD,1.08,4.45,1,2027-09-08,2.8,1.08,,4.45,1.08,4.45,USD,2017-09-08,2017-09-08
UNION PACIFIC CORPORATION,Transportation,Fixed Income,166820.5,0.01343,166820.5,294000,United States,--,USD,16.36,5.98,1,2062-09-16,2.97,16.61,,5.98,16.61,5.98,USD,2021-03-16,2021-06-02
WASTE CONNECTIONS INC,Capital Goods,Fixed Income,166739.25,0.01342,166739.25,270000,United States,--,USD,15.03,5.87,1,2052-01-15,2.95,15.27,,5.87,15.27,5.87,USD,2021-09-20,2021-09-20
CUMMINS INC,Consumer Cyclical,Fixed Income,166542.14,0.01341,166542.14,180000,United States,--,USD,10.88,5.7,1,2043-10-01,4.88,11.04,,5.7,11.04,5.7,USD,2013-09-24,2013-09-24
HARTFORD INSURANCE GROUP INC,Insurance,Fixed Income,166589.21,0.01341,166589.21,175000,United States,--,USD,2.85,4.93,1,2029-08-19,2.8,2.85,,4.93,2.85,4.93,USD,2019-08-19,2019-08-19
CENTERPOINT ENERGY HOUSTON ELECTRI,Electric,Fixed Income,166269.46,0.01339,166269.46,170000,United States,--,USD,7.42,5.41,1,2036-04-01,4.85,7.44,,5.41,7.44,5.41,USD,2026-02-27,2026-02-27
SHELL INTERNATIONAL FINANCE BV,Energy,Fixed Income,166137.53,0.01338,166137.53,200000,United Kingdom,--,USD,11.73,5.96,1,2045-05-11,4.38,11.85,,5.96,11.85,5.96,USD,2015-05-11,2015-05-11
COMCAST CORPORATION,Communications,Fixed Income,165890.97,0.01336,165890.97,204000,United States,--,USD,10.49,6.57,1,2042-07-15,4.65,10.52,,6.57,10.52,6.57,USD,2012-07-02,2012-07-02
UNION PACIFIC CORPORATION,Transportation,Fixed Income,165967.61,0.01336,165967.61,186000,United States,--,USD,13.18,5.9,1,2052-09-09,4.95,13.45,,5.9,13.45,5.9,USD,2022-09-09,2022-09-09
SOUTHERN CALIFORNIA EDISON COMPANY,Electric,Fixed Income,165786.7,0.01335,165786.7,185000,United States,--,USD,4.94,5.22,1,2032-02-01,2.75,4.93,,5.22,4.93,5.22,USD,2022-01-13,2022-01-13
GEORGIA POWER COMPANY,Electric,Fixed Income,165657.48,0.01334,165657.48,165000,United States,--,USD,2.64,4.74,1,2029-06-15,4.6,2.66,,4.74,2.66,4.74,USD,2026-05-22,2026-05-22
TOYOTA MOTOR CREDIT CORP MTN,Consumer Cyclical,Fixed Income,165516.83,0.01333,165516.83,170000,United States,--,USD,4.02,4.9,1,2031-01-10,4.2,4.01,,4.9,4.01,4.9,USD,2026-01-12,2026-01-12
PFIZER INC,Consumer Non-Cyclical,Fixed Income,165596.64,0.01333,165596.64,175000,United States,--,USD,14.52,6.14,1,2065-11-15,5.7,14.78,,6.14,14.78,6.14,USD,2025-11-21,2025-11-21
VIRGINIA ELECTRIC AND POWER COMPAN,Electric,Fixed Income,165469.59,0.01332,165469.59,215000,United States,--,USD,12.35,6.05,1,2046-11-15,4.0,12.56,,6.05,12.56,6.05,USD,2016-11-16,2016-11-16
TAMPA ELECTRIC COMPANY,Electric,Fixed Income,165267.87,0.01331,165267.87,165000,United States,--,USD,6.68,5.42,1,2035-03-01,5.15,6.72,,5.42,6.72,5.42,USD,2025-03-06,2025-03-06
ERP OPERATING LP,Reits,Fixed Income,165358.64,0.01331,165358.64,170000,United States,--,USD,6.51,5.32,1,2034-09-15,4.65,6.55,,5.32,6.55,5.32,USD,2024-09-11,2024-09-11
TARGET CORPORATION,Consumer Cyclical,Fixed Income,165141.39,0.0133,165141.39,165000,United States,--,USD,1.77,4.56,1,2028-06-15,4.35,1.79,,4.56,1.79,4.56,USD,2025-06-10,2025-06-10
MERCK & CO INC,Consumer Non-Cyclical,Fixed Income,164999.52,0.01328,164999.52,170000,United States,--,USD,11.26,5.92,1,2046-03-15,5.5,11.47,,5.92,11.47,5.92,USD,2025-12-04,2025-12-04
PPL ELECTRIC UTILITIES CORPORATION,Electric,Fixed Income,164409.61,0.01324,164409.61,165000,United States,--,USD,6.07,5.25,1,2034-02-15,4.85,6.11,,5.25,6.11,5.25,USD,2024-01-05,2024-01-05
PECO ENERGY CO,Electric,Fixed Income,164293.63,0.01323,164293.63,180000,United States,--,USD,13.29,6.04,1,2054-09-15,5.25,13.56,,6.04,13.56,6.04,USD,2024-09-10,2024-09-10
BAKER HUGHES HOLDINGS LLC,Energy,Fixed Income,164297.85,0.01323,164297.85,165000,United States,--,USD,2.41,4.83,1,2029-03-11,4.05,2.43,,4.83,2.43,4.83,USD,2026-03-11,2026-03-11
SIMON PROPERTY GROUP LP,Reits,Fixed Income,164197.35,0.01322,164197.35,181000,United States,--,USD,10.29,5.83,1,2042-03-15,4.75,10.4,,5.83,10.4,5.83,USD,2012-03-13,2012-03-13
JOHN DEERE CAPITAL CORP MTN,Capital Goods,Fixed Income,163928.34,0.0132,163928.34,168000,United States,--,USD,2.56,4.65,1,2029-04-18,3.35,2.55,,4.65,2.55,4.65,USD,2022-04-18,2022-04-18
INTERNATIONAL BUSINESS MACHINES CO,Technology,Fixed Income,163830.37,0.01319,163830.37,157000,United States,--,USD,5.25,5.22,1,2032-11-29,5.88,5.23,,5.22,5.23,5.22,USD,2002-11-27,2002-11-27
FLORIDA POWER AND LIGHT CO,Electric,Fixed Income,163649.61,0.01318,163649.61,160000,United States,--,USD,9.16,5.69,1,2040-03-01,5.69,9.18,,5.69,9.18,5.69,USD,2010-02-09,2010-02-09
BERKSHIRE HATHAWAY FINANCE CORP,Insurance,Fixed Income,163751.42,0.01318,163751.42,290000,United States,--,USD,15.34,5.88,1,2051-01-15,2.5,15.56,,5.88,15.56,5.88,USD,2021-01-15,2021-01-15
ATMOS ENERGY CORPORATION,Natural Gas,Fixed Income,163771.88,0.01318,163771.88,161000,United States,--,USD,6.94,5.28,1,2035-08-15,5.2,6.99,,5.28,6.99,5.28,USD,2025-06-26,2025-06-26
NIKE INC,Consumer Cyclical,Fixed Income,163416.78,0.01316,163416.78,212000,United States,--,USD,11.43,5.87,1,2043-05-01,3.63,11.54,,5.87,11.54,5.87,USD,2013-04-26,2013-04-26
BALTIMORE GAS AND ELECTRIC CO,Electric,Fixed Income,163324.12,0.01315,163324.12,228000,United States,--,USD,12.48,6.1,1,2046-08-15,3.5,12.66,,6.1,12.66,6.1,USD,2016-08-18,2016-08-18
CONSUMERS ENERGY COMPANY,Electric,Fixed Income,163326.59,0.01315,163326.59,210000,United States,--,USD,12.82,5.94,1,2048-05-15,4.05,13.05,,5.94,13.05,5.94,USD,2018-05-14,2018-05-14
DIAGEO CAPITAL PLC,Consumer Non-Cyclical,Fixed Income,163375.37,0.01315,163375.37,190000,United Kingdom,--,USD,5.27,5.06,1,2032-04-29,2.13,5.26,,5.06,5.26,5.06,USD,2020-04-29,2020-04-29
JOHN DEERE CAPITAL CORP MTN,Capital Goods,Fixed Income,163384.09,0.01315,163384.09,166000,United States,--,USD,2.44,4.63,1,2029-03-07,3.45,2.44,,4.63,2.44,4.63,USD,2019-03-07,2019-03-07
PEPSICO INC,Consumer Non-Cyclical,Fixed Income,163092.98,0.01313,163092.98,150000,United States,--,USD,2.32,4.54,1,2029-03-01,7.0,2.32,,4.54,2.32,4.54,USD,2018-09-01,2019-01-02
ROCKWELL AUTOMATION INC,Capital Goods,Fixed Income,163128.68,0.01313,163128.68,200000,United States,--,USD,12.88,5.81,1,2049-03-01,4.2,13.13,,5.81,13.13,5.81,USD,2019-03-01,2019-03-01
JOHN DEERE CAPITAL CORP MTN,Capital Goods,Fixed Income,162906.6,0.01312,162906.6,165000,United States,--,USD,5.24,4.88,1,2032-09-15,4.35,5.23,,4.88,5.23,4.88,USD,2022-09-08,2022-09-08
SOUTHWESTERN PUBLIC SERVICE COMPAN,Electric,Fixed Income,162536.94,0.01309,162536.94,165000,United States,--,USD,12.92,6.18,1,2054-06-01,6.0,13.18,,6.18,13.18,6.18,USD,2024-06-06,2024-06-06
COCA-COLA CO,Consumer Non-Cyclical,Fixed Income,162443.37,0.01308,162443.37,200000,United States,--,USD,13.3,5.77,1,2050-03-25,4.2,13.49,,5.77,13.49,5.77,USD,2020-03-25,2020-03-25
ORIX CORPORATION,Financial Other,Fixed Income,162286.91,0.01307,162286.91,159000,Japan,--,USD,1.08,4.76,1,2027-09-13,5.0,1.08,,4.76,1.08,4.76,USD,2022-09-13,2022-09-13
TORONTO-DOMINION BANK/THE MTN,Banking,Fixed Income,162204.6,0.01306,162204.6,185000,Canada,--,USD,5.01,5.07,1,2032-01-12,2.45,4.99,,5.07,4.99,5.07,USD,2022-01-12,2022-01-12
UNION PACIFIC CORPORATION,Transportation,Fixed Income,162273.12,0.01306,162273.12,200000,United States,--,USD,12.71,5.97,1,2049-03-01,4.3,12.94,,5.97,12.94,5.97,USD,2019-02-19,2019-02-19
CENTERPOINT ENERGY HOUSTON ELECTRI,Electric,Fixed Income,161734.78,0.01302,161734.78,165000,United States,--,USD,5.21,5.09,1,2032-10-01,4.45,5.25,,5.09,5.25,5.09,USD,2022-09-15,2022-09-15
AIR PRODUCTS AND CHEMICALS INC,Basic Industry,Fixed Income,161553.81,0.01301,161553.81,160000,United States,--,USD,5.44,4.96,1,2033-03-03,4.8,5.5,,4.96,5.5,4.96,USD,2023-03-03,2023-03-03
DUKE ENERGY CAROLINAS LLC,Electric,Fixed Income,161612.3,0.01301,161612.3,212000,United States,--,USD,12.67,6.05,1,2048-03-15,3.95,12.89,,6.05,12.89,6.05,USD,2018-03-01,2018-03-01
ADVANCED MICRO DEVICES INC,Technology,Fixed Income,161630.24,0.01301,161630.24,160000,United States,--,USD,1.54,4.57,1,2028-03-24,4.32,1.57,,4.57,1.57,4.57,USD,2025-03-24,2025-03-24
BURLINGTON NORTHERN SANTA FE LLC,Transportation,Fixed Income,161425.87,0.013,161425.87,226000,United States,--,USD,13.55,5.94,1,2050-02-15,3.55,13.78,,5.94,13.78,5.94,USD,2019-07-24,2019-07-24
PHILIP MORRIS INTERNATIONAL INC,Consumer Non-Cyclical,Fixed Income,161303.87,0.01299,161303.87,155000,United States,--,USD,3.54,4.96,1,2030-09-07,5.5,3.59,,4.94,3.46,4.94,USD,2023-09-07,2023-09-07
PUBLIC SERVICE ELECTRIC AND GAS CO MTN,Electric,Fixed Income,161325.5,0.01299,161325.5,170000,United States,--,USD,13.1,5.99,1,2054-03-01,5.45,13.37,,5.99,13.37,5.99,USD,2024-03-01,2024-03-01
BANK OF MONTREAL MTN,Banking,Fixed Income,161190.46,0.01298,161190.46,160000,Canada,--,USD,2.82,4.96,1,2030-09-10,4.64,2.83,,4.96,2.83,4.96,USD,2024-09-10,2024-09-10
Novant Health,Consumer Non-Cyclical,Fixed Income,161210.16,0.01298,161210.16,251000,United States,--,USD,14.48,5.99,1,2051-11-01,3.17,14.71,,5.99,14.71,5.99,USD,2021-04-15,2021-04-15
PEPSICO INC,Consumer Non-Cyclical,Fixed Income,161064.43,0.01297,161064.43,230000,United States,--,USD,11.5,5.65,1,2041-10-21,2.63,11.57,,5.65,11.57,5.65,USD,2021-10-21,2021-10-21
FLORIDA POWER & LIGHT CO,Electric,Fixed Income,161094.05,0.01297,161094.05,220000,United States,--,USD,12.97,5.98,1,2047-12-01,3.7,13.18,,5.98,13.18,5.98,USD,2017-11-16,2017-11-16
COMCAST CORPORATION,Communications,Fixed Income,160926.08,0.01296,160926.08,161000,United States,--,USD,6.9,5.74,1,2035-06-15,5.65,6.87,,5.74,6.87,5.74,USD,2005-06-09,2005-06-09
CSX CORP,Transportation,Fixed Income,160927.6,0.01296,160927.6,235000,United States,--,USD,13.66,5.98,1,2049-09-15,3.35,13.88,,5.98,13.88,5.98,USD,2019-09-12,2019-09-12
TOTALENERGIES CAPITAL INTERNATIONA,Energy,Fixed Income,160795.64,0.01295,160795.64,256000,France,--,USD,15.89,5.97,1,2060-06-29,3.39,16.15,,5.97,16.15,5.97,USD,2020-06-29,2020-06-29
CANADIAN NATIONAL RAILWAY COMPANY,Transportation,Fixed Income,160704.91,0.01294,160704.91,216000,Canada,--,USD,12.89,5.91,1,2048-02-03,3.65,13.11,,5.91,13.11,5.91,USD,2018-02-06,2018-02-06
MICROSOFT CORPORATION,Technology,Fixed Income,160744.56,0.01294,160744.56,195000,United States,--,USD,14.22,5.9,1,2057-02-06,4.5,14.49,,5.9,14.49,5.9,USD,2017-02-06,2017-02-06
DUKE ENERGY FLORIDA LLC,Electric,Fixed Income,160570.56,0.01293,160570.56,153000,United States,--,USD,5.79,5.23,1,2033-11-15,5.88,5.86,,5.22,5.69,5.22,USD,2023-11-09,2023-11-09
CONSOLIDATED EDISON COMPANY OF NEW,Electric,Fixed Income,160570.74,0.01293,160570.74,155000,United States,--,USD,6.02,5.24,1,2034-03-15,5.5,6.08,,5.23,5.92,5.23,USD,2023-11-22,2023-11-22
STATE STREET CORP,Banking,Fixed Income,160623.8,0.01293,160623.8,165000,United States,--,USD,4.95,5.15,1,2033-05-13,4.42,5.0,,5.13,5.0,5.13,USD,2022-05-13,2022-05-13
BANK OF NEW YORK MELLON CORP/THE MTN,Banking,Fixed Income,160452.69,0.01292,160452.69,160000,United States,--,USD,6.53,5.24,1,2035-11-20,5.22,6.61,,5.24,6.61,5.24,USD,2024-11-20,2024-11-20
NUCOR CORPORATION,Basic Industry,Fixed Income,160455.71,0.01292,160455.71,215000,United States,--,USD,13.96,5.86,1,2052-04-01,3.85,14.21,,5.86,14.21,5.86,USD,2022-03-11,2022-03-11
GILEAD SCIENCES INC,Consumer Non-Cyclical,Fixed Income,160492.17,0.01292,160492.17,200000,United States,--,USD,12.24,5.97,1,2047-03-01,4.15,12.46,,5.97,12.46,5.97,USD,2016-09-20,2016-09-20
BAKER HUGHES HOLDINGS LLC,Energy,Fixed Income,160357.74,0.01291,160357.74,168000,United States,--,USD,3.04,4.87,1,2029-11-07,3.14,3.05,,4.87,3.05,4.87,USD,2019-11-07,2019-11-07
GILEAD SCIENCES INC,Consumer Non-Cyclical,Fixed Income,160217.37,0.0129,160217.37,160000,United States,--,USD,1.73,4.6,1,2028-05-20,4.25,1.72,,4.6,1.72,4.6,USD,2026-05-20,2026-05-20
PEPSICO INC,Consumer Non-Cyclical,Fixed Income,160281.88,0.0129,160281.88,185000,United States,--,USD,13.51,5.79,1,2053-02-15,4.65,13.78,,5.79,13.78,5.79,USD,2023-02-15,2023-02-15
PUBLIC STORAGE OPERATING CO,Reits,Fixed Income,159964.91,0.01288,159964.91,167000,United States,--,USD,1.71,4.6,1,2028-05-01,1.85,1.7,,4.6,1.7,4.6,USD,2021-04-23,2021-04-23
S&P GLOBAL INC 144A,Technology,Fixed Income,160014.93,0.01288,160014.93,165000,United States,--,USD,4.01,5.04,1,2031-01-15,4.25,4.01,,5.04,4.01,5.04,USD,2025-12-04,2025-12-04
DUKE ENERGY INDIANA INC,Electric,Fixed Income,159838.04,0.01287,159838.04,146000,United States,--,USD,8.28,5.58,1,2038-08-15,6.35,8.28,,5.58,8.28,5.58,USD,2008-08-21,2008-08-21
WELLTOWER OP LLC,Reits,Fixed Income,159721.26,0.01286,159721.26,160000,United States,--,USD,2.31,4.79,1,2029-03-15,4.13,2.44,,4.79,2.44,4.79,USD,2019-02-15,2019-02-15
NATIONAL RURAL UTILITIES COOPERATI,Electric,Fixed Income,159597.42,0.01285,159597.42,168000,United States,--,USD,5.31,5.14,1,2032-11-01,4.02,5.39,,5.14,5.39,5.14,USD,2012-10-16,2013-03-06
MICROSOFT CORPORATION,Technology,Fixed Income,159635.9,0.01285,159635.9,160000,United States,--,USD,9.18,5.31,1,2039-06-01,5.2,9.2,,5.31,9.2,5.31,USD,2009-05-18,2009-05-18
MAGNA INTERNATIONAL INC,Consumer Cyclical,Fixed Income,159366.72,0.01283,159366.72,155000,Canada,--,USD,5.37,5.33,1,2033-03-21,5.5,5.43,,5.32,5.26,5.32,USD,2023-03-21,2023-03-21
D R HORTON INC,Consumer Cyclical,Fixed Income,159277.5,0.01282,159277.5,165000,United States,--,USD,1.19,4.66,1,2027-10-15,1.4,1.19,,4.66,1.19,4.66,USD,2020-10-02,2020-10-02
PROCTER & GAMBLE CO,Consumer Non-Cyclical,Fixed Income,159089.76,0.01281,159089.76,157000,United States,--,USD,1.42,4.37,1,2028-01-26,3.95,1.42,,4.37,1.42,4.37,USD,2023-01-26,2023-01-26
RELX CAPITAL INC,Technology,Fixed Income,159125.95,0.01281,159125.95,170000,United Kingdom,--,USD,3.52,5.0,1,2030-05-22,3.0,3.53,,5.0,3.53,5.0,USD,2020-05-22,2020-05-22
ENTERGY LOUISIANA LLC,Electric,Fixed Income,158946.26,0.0128,158946.26,215000,United States,--,USD,11.03,5.76,1,2041-06-15,3.1,11.09,,5.76,11.09,5.76,USD,2021-03-10,2021-03-10
TORONTO-DOMINION BANK/THE MTN,Banking,Fixed Income,158001.93,0.01272,158001.93,155000,Canada,--,USD,2.47,4.82,1,2029-04-05,4.99,2.46,,4.82,2.46,4.82,USD,2024-04-05,2024-04-05
APPLIED MATERIALS INC,Technology,Fixed Income,158008.31,0.01272,158008.31,155000,United States,--,USD,9.79,5.72,1,2041-06-15,5.85,9.83,,5.72,9.83,5.72,USD,2011-06-08,2011-06-08
DUKE ENERGY CAROLINAS LLC,Electric,Fixed Income,157780.27,0.0127,157780.27,174000,United States,--,USD,4.32,4.95,1,2031-04-15,2.55,4.33,,4.95,4.33,4.95,USD,2021-04-01,2021-04-01
WALMART INC,Consumer Cyclical,Fixed Income,157467.62,0.01268,157467.62,175000,United States,--,USD,9.12,5.11,1,2038-06-28,3.95,9.21,,5.11,9.21,5.11,USD,2018-06-27,2018-06-27
PUBLIC SERVICE COMPANY OF COLORADO,Electric,Fixed Income,157517.84,0.01268,157517.84,160000,United States,--,USD,7.45,5.49,1,2036-06-15,5.05,7.52,,5.49,7.52,5.49,USD,2026-03-13,2026-03-13
NORTHERN STATES POWER COMPANY (MIN,Electric,Fixed Income,157290.91,0.01266,157290.91,165000,United States,--,USD,13.42,6.03,1,2056-05-15,5.55,13.69,,6.03,13.69,6.03,USD,2026-03-12,2026-03-12
TYCO ELECTRONICS GROUP SA,Capital Goods,Fixed Income,157071.28,0.01265,157071.28,160000,Switzerland,--,USD,7.31,5.42,1,2036-02-09,4.88,7.33,,5.42,7.33,5.42,USD,2026-02-09,2026-02-09
CHEVRON USA INC,Energy,Fixed Income,157166.0,0.01265,157166.0,155000,United States,--,USD,1.01,4.3,1,2027-08-13,3.95,1.01,,4.3,1.01,4.3,USD,2025-08-13,2025-08-13
NSTAR ELECTRIC CO,Electric,Fixed Income,156817.74,0.01263,156817.74,155000,United States,--,USD,6.24,5.34,1,2034-06-01,5.4,6.29,,5.34,6.13,5.34,USD,2024-05-22,2024-05-22
CADENCE DESIGN SYSTEMS INC,Technology,Fixed Income,156662.21,0.01261,156662.21,155000,United States,--,USD,1.08,4.64,1,2027-09-10,4.2,1.07,,4.64,1.07,4.64,USD,2024-09-10,2024-09-10
BERKSHIRE HATHAWAY FINANCE CORP,Insurance,Fixed Income,156459.54,0.0126,156459.54,177000,United States,--,USD,4.0,4.61,1,2030-10-15,1.45,4.0,,4.61,4.0,4.61,USD,2020-10-15,2020-10-15
UNITED PARCEL SERVICE INC,Transportation,Fixed Income,156335.0,0.01259,156335.0,155000,United States,--,USD,3.73,4.75,1,2030-10-15,4.65,3.75,,4.75,3.75,4.75,USD,2025-05-14,2025-05-14
AIR PRODUCTS AND CHEMICALS INC,Basic Industry,Fixed Income,156398.86,0.01259,156398.86,155000,United States,--,USD,5.17,4.99,1,2032-10-11,4.9,5.23,,4.99,5.23,4.99,USD,2025-06-11,2025-06-11
TOYOTA MOTOR CORPORATION,Consumer Cyclical,Fixed Income,156024.27,0.01256,156024.27,155000,Japan,--,USD,5.74,5.03,1,2033-07-13,5.12,5.8,,5.03,5.62,5.03,USD,2023-07-13,2023-07-13
3M CO,Capital Goods,Fixed Income,155856.96,0.01255,155856.96,165000,United States,--,USD,3.42,4.94,1,2030-04-15,3.05,3.43,,4.94,3.43,4.94,USD,2020-03-27,2020-03-27
VIRGINIA ELECTRIC AND POWER COMPAN,Electric,Fixed Income,155579.1,0.01253,155579.1,155000,United States,--,USD,6.35,5.33,1,2034-08-15,5.05,6.39,,5.33,6.39,5.33,USD,2024-08-12,2024-08-12
DTE ELECTRIC COMPANY,Electric,Fixed Income,155623.01,0.01253,155623.01,165000,United States,--,USD,13.05,5.95,1,2053-04-01,5.4,13.31,,5.95,13.31,5.95,USD,2023-03-03,2023-03-03
DANAHER CORPORATION,Consumer Non-Cyclical,Fixed Income,155477.31,0.01252,155477.31,185000,United States,--,USD,11.71,5.92,1,2045-09-15,4.38,11.89,,5.92,11.89,5.92,USD,2015-09-15,2015-09-15
DUKE ENERGY CAROLINAS LLC,Electric,Fixed Income,155511.35,0.01252,155511.35,207000,United States,--,USD,12.11,6.02,1,2045-06-01,3.75,12.27,,6.02,12.27,6.02,USD,2015-03-12,2015-03-12
ONCOR ELECTRIC DELIVERY COMPANY LL,Electric,Fixed Income,155229.79,0.0125,155229.79,155000,United States,--,USD,1.69,4.68,1,2028-05-15,4.3,1.71,,4.68,1.71,4.68,USD,2023-11-15,2024-01-22
TRAVELERS COMPANIES INC,Insurance,Fixed Income,155295.04,0.0125,155295.04,155000,United States,--,USD,6.91,5.38,1,2035-07-24,5.05,6.95,,5.38,6.95,5.38,USD,2025-07-24,2025-07-24
PRUDENTIAL FINANCIAL INC,Insurance,Fixed Income,155315.79,0.0125,155315.79,208000,United States,--,USD,12.77,6.08,1,2047-12-07,3.9,12.98,,6.08,12.98,6.08,USD,2017-12-07,2018-05-03
DUKE UNIVERSITY HEALTH SYSTEM INC,Consumer Non-Cyclical,Fixed Income,155078.62,0.01249,155078.62,200000,United States,--,USD,12.71,5.84,1,2047-06-01,3.92,12.94,,5.84,12.94,5.84,USD,2017-06-06,2017-06-06
PROVIDENCE ST. JOSEPH HEALTH,Consumer Non-Cyclical,Fixed Income,155117.04,0.01249,155117.04,270000,United States,--,USD,14.89,6.09,1,2051-10-01,2.7,15.1,,6.09,15.1,6.09,USD,2021-10-01,2021-10-01
HORMEL FOODS CORPORATION,Consumer Non-Cyclical,Fixed Income,155021.72,0.01248,155021.72,245000,United States,--,USD,14.62,5.92,1,2051-06-03,3.05,14.86,,5.92,14.86,5.92,USD,2021-06-03,2021-06-03
UNITEDHEALTH GROUP INC,Insurance,Fixed Income,154833.23,0.01247,154833.23,180000,United States,--,USD,10.46,5.91,1,2042-03-15,4.38,10.55,,5.91,10.55,5.91,USD,2012-03-08,2012-03-08
CENTERPOINT ENERGY HOUSTON ELECTRI,Electric,Fixed Income,154853.5,0.01247,154853.5,228000,United States,--,USD,14.14,5.92,1,2051-04-01,3.35,14.38,,5.92,14.38,5.92,USD,2021-03-11,2021-03-11
MASTERCARD INC,Technology,Fixed Income,154898.09,0.01247,154898.09,155000,United States,--,USD,1.49,4.48,1,2028-02-26,3.5,1.51,,4.48,1.51,4.48,USD,2018-02-26,2018-02-26
WALMART INC,Consumer Cyclical,Fixed Income,154904.38,0.01247,154904.38,150000,United States,--,USD,7.06,5.08,1,2035-09-01,5.25,7.04,,5.08,7.04,5.08,USD,2005-08-31,2005-08-31
HOME DEPOT INC,Consumer Cyclical,Fixed Income,154724.23,0.01246,154724.23,155000,United States,--,USD,1.99,4.5,1,2028-09-15,3.75,2.01,,4.5,2.01,4.5,USD,2025-09-15,2025-09-15
PARTNERRE FINANCE B LLC,Insurance,Fixed Income,154615.53,0.01245,154615.53,160000,Bermuda,--,USD,2.71,5.02,1,2029-07-02,3.7,2.74,,5.02,2.74,5.02,USD,2019-06-19,2019-06-19
PUBLIC SERVICE ELECTRIC AND GAS CO MTN,Electric,Fixed Income,154568.74,0.01244,154568.74,155000,United States,--,USD,6.35,5.25,1,2034-08-01,4.85,6.4,,5.25,6.4,5.25,USD,2024-08-05,2024-08-05
WALMART INC,Consumer Cyclical,Fixed Income,154322.3,0.01242,154322.3,155000,United States,--,USD,2.55,4.53,1,2029-04-30,4.0,2.57,,4.53,2.57,4.53,USD,2026-04-30,2026-04-30
BOOKING HOLDINGS INC,Consumer Cyclical,Fixed Income,154202.46,0.01241,154202.46,155000,United States,--,USD,1.53,4.68,1,2028-03-15,3.55,1.56,,4.68,1.56,4.68,USD,2017-08-15,2017-08-15
RELX CAPITAL INC,Technology,Fixed Income,154004.94,0.0124,154004.94,155000,United Kingdom,--,USD,2.4,4.82,1,2029-03-18,4.0,2.45,,4.82,2.45,4.82,USD,2019-03-18,2019-03-18
TEXAS INSTRUMENTS INC,Technology,Fixed Income,154076.35,0.0124,154076.35,156000,United States,--,USD,1.23,4.42,1,2027-11-03,2.9,1.23,,4.42,1.23,4.42,USD,2017-11-03,2017-11-03
NEWMONT CORPORATION,Basic Industry,Fixed Income,153840.3,0.01239,153840.3,150000,United States,--,USD,6.05,5.24,1,2034-03-15,5.35,6.1,,5.24,5.94,5.24,USD,2024-03-07,2024-09-06
ORIX CORPORATION,Financial Other,Fixed Income,153720.15,0.01238,153720.15,161000,Japan,--,USD,4.98,5.15,1,2032-04-13,4.0,4.96,,5.15,4.96,5.15,USD,2022-04-13,2022-04-13
WASTE MANAGEMENT INC,Capital Goods,Fixed Income,153250.42,0.01234,153250.42,195000,United States,--,USD,13.23,5.87,1,2049-07-15,4.15,13.48,,5.87,13.48,5.87,USD,2019-05-22,2019-05-22
DTE ELECTRIC COMPANY,Electric,Fixed Income,153120.41,0.01233,153120.41,150000,United States,--,USD,6.04,5.19,1,2034-03-01,5.2,6.09,,5.19,6.09,5.19,USD,2024-02-29,2024-02-29
ENTERGY ARKANSAS LLC,Electric,Fixed Income,153028.93,0.01232,153028.93,159000,United States,--,USD,7.4,5.48,1,2036-01-15,4.95,7.42,,5.48,7.42,5.48,USD,2026-01-08,2026-01-08
METLIFE INC,Insurance,Fixed Income,153051.84,0.01232,153051.84,170000,United States,--,USD,13.46,6.0,1,2054-01-15,5.25,13.73,,6.0,13.73,6.0,USD,2023-01-06,2023-01-06
DUKE ENERGY PROGRESS LLC,Electric,Fixed Income,153063.4,0.01232,153063.4,268000,United States,--,USD,14.88,5.97,1,2050-08-15,2.5,15.08,,5.97,15.08,5.97,USD,2020-08-20,2020-08-20
INTERNATIONAL BUSINESS MACHINES CO,Technology,Fixed Income,152933.89,0.01231,152933.89,240000,United States,--,USD,13.69,6.48,1,2052-02-09,3.43,13.89,,6.48,13.89,6.48,USD,2022-02-09,2022-02-09
UNION ELECTRIC CO,Electric,Fixed Income,152738.26,0.0123,152738.26,175000,United States,--,USD,5.14,4.91,1,2032-03-15,2.15,5.14,,4.91,5.14,4.91,USD,2021-06-22,2021-06-22
DUKE ENERGY FLORIDA LLC,Electric,Fixed Income,152777.49,0.0123,152777.49,155000,United States,--,USD,1.84,4.61,1,2028-07-15,3.8,1.88,,4.61,1.88,4.61,USD,2018-06-21,2018-06-21
KIMCO REALTY OP LLC,Reits,Fixed Income,152629.07,0.01229,152629.07,140000,United States,--,USD,5.82,5.35,1,2034-03-01,6.4,5.89,,5.32,5.74,5.32,USD,2023-10-12,2023-10-12
PUBLIC SERVICE ELECTRIC AND GAS CO MTN,Electric,Fixed Income,152661.91,0.01229,152661.91,160000,United States,--,USD,13.61,5.98,1,2056-01-01,5.63,13.88,,5.98,13.88,5.98,USD,2026-01-07,2026-01-07
PARTNERS HEALTHCARE SYSTEM INC,Consumer Non-Cyclical,Fixed Income,152683.69,0.01229,152683.69,244000,United States,--,USD,16.0,5.93,1,2060-07-01,3.34,16.27,,5.93,16.27,5.93,USD,2020-01-29,2020-01-29
CSX CORP,Transportation,Fixed Income,152541.25,0.01228,152541.25,205000,United States,--,USD,13.52,5.9,1,2050-04-15,3.8,13.76,,5.9,13.76,5.9,USD,2020-03-30,2020-03-30
DUKE ENERGY INDIANA LLC,Electric,Fixed Income,152382.58,0.01227,152382.58,155000,United States,--,USD,7.37,5.43,1,2036-03-15,4.95,7.4,,5.43,7.4,5.43,USD,2026-03-06,2026-03-06
MIZUHO FINANCIAL GROUP INC,Banking,Fixed Income,152438.79,0.01227,152438.79,175000,Japan,--,USD,4.53,5.23,1,2032-07-09,2.26,4.57,,5.23,4.57,5.23,USD,2021-07-09,2021-07-09
WISCONSIN ELECTRIC POWER COMPANY,Electric,Fixed Income,152208.03,0.01225,152208.03,155000,United States,--,USD,3.77,4.92,1,2030-10-15,4.15,3.78,,4.92,3.78,4.92,USD,2025-09-25,2025-09-25
NBCUNIVERSAL MEDIA LLC,Communications,Fixed Income,151852.48,0.01223,151852.48,176000,United States,--,USD,11.03,5.76,1,2043-01-15,4.45,11.1,,5.76,11.1,5.76,USD,2012-10-05,2012-10-05
CONSOLIDATED EDISON COMPANY OF NEW,Electric,Fixed Income,151911.75,0.01223,151911.75,205000,United States,--,USD,12.64,6.12,1,2047-06-15,3.88,12.84,,6.12,12.84,6.12,USD,2017-06-08,2017-06-08
CONSOLIDATED EDISON COMPANY OF NEW,Electric,Fixed Income,151972.57,0.01223,151972.57,270000,United States,--,USD,16.18,6.08,1,2060-12-01,3.0,16.43,,6.08,16.43,6.08,USD,2020-11-13,2020-11-13
FLORIDA POWER & LIGHT CO,Electric,Fixed Income,151769.12,0.01222,151769.12,155000,United States,--,USD,7.3,5.38,1,2036-02-15,4.7,7.32,,5.38,7.32,5.38,USD,2025-12-05,2025-12-05
EVERGY KANSAS CENTRAL INC,Electric,Fixed Income,151812.57,0.01222,151812.57,220000,United States,--,USD,13.77,5.99,1,2050-04-15,3.45,14.0,,5.99,14.0,5.99,USD,2020-04-09,2020-04-09
PUBLIC STORAGE OPERATING CO,Reits,Fixed Income,151260.05,0.01218,151260.05,152000,United States,--,USD,1.1,4.53,1,2027-09-15,3.09,1.1,,4.53,1.1,4.53,USD,2017-09-18,2017-09-18
BERKSHIRE HATHAWAY ENERGY CO,Electric,Fixed Income,151055.5,0.01216,151055.5,255000,United States,--,USD,14.68,6.1,1,2051-05-15,2.85,14.89,,6.1,14.89,6.1,USD,2020-10-29,2021-03-03
GEORGIA POWER COMPANY,Electric,Fixed Income,150905.94,0.01215,150905.94,150000,United States,--,USD,3.22,4.86,1,2030-03-15,4.55,3.27,,4.86,3.27,4.86,USD,2024-12-05,2024-12-05
MEAD JOHNSON NUTRITION CO,Consumer Non-Cyclical,Fixed Income,150804.0,0.01214,150804.0,175000,United States,--,USD,11.28,5.93,1,2044-06-01,4.6,11.43,,5.93,11.43,5.93,USD,2014-05-13,2014-05-13
WELLTOWER OP LLC,Reits,Fixed Income,150522.65,0.01212,150522.65,165000,United States,--,USD,4.12,4.98,1,2031-01-15,2.75,4.12,,4.98,4.12,4.98,USD,2020-06-30,2020-06-30
LOCKHEED MARTIN CORPORATION,Capital Goods,Fixed Income,150448.77,0.01211,150448.77,149000,United States,--,USD,1.9,4.59,1,2028-08-15,4.15,1.92,,4.59,1.92,4.59,USD,2025-07-28,2025-07-28
BANK OF NEW YORK MELLON CORP/THE MTN,Banking,Fixed Income,150321.22,0.0121,150321.22,150000,United States,--,USD,6.4,5.58,1,2039-07-21,5.61,8.65,,5.58,6.37,5.58,USD,2024-07-22,2024-07-22
CONSOLIDATED EDISON COMPANY OF NEW,Electric,Fixed Income,149704.13,0.01205,149704.13,235000,United States,--,USD,14.47,6.05,1,2051-12-01,3.2,14.7,,6.05,14.7,6.05,USD,2021-12-02,2021-12-02
ELI LILLY AND COMPANY,Consumer Non-Cyclical,Fixed Income,149520.8,0.01204,149520.8,172000,United States,--,USD,14.67,5.97,1,2063-02-27,4.95,14.94,,5.97,14.94,5.97,USD,2023-02-27,2023-02-27
BROWN-FORMAN CORPORATION,Consumer Non-Cyclical,Fixed Income,149526.35,0.01204,149526.35,180000,United States,--,USD,11.75,6.02,1,2045-07-15,4.5,11.92,,6.02,11.92,6.02,USD,2015-06-29,2015-06-29
ESTEE LAUDER COMPANIES INC. (THE),Consumer Non-Cyclical,Fixed Income,149378.22,0.01203,149378.22,190000,United States,--,USD,12.2,6.11,1,2047-03-15,4.15,12.41,,6.11,12.41,6.11,USD,2017-02-09,2017-02-09
AMERICAN UNIVERSITY,Industrial Other,Fixed Income,149380.62,0.01203,149380.62,203000,United States,--,USD,12.85,5.99,1,2049-04-01,3.67,13.0,,5.99,13.0,5.99,USD,2019-06-20,2019-06-20
INTERCONTINENTAL EXCHANGE INC,Brokerage/Asset Managers/Exchanges,Fixed Income,149268.4,0.01202,149268.4,150000,United States,--,USD,1.1,4.54,1,2027-09-15,3.1,1.1,,4.54,1.1,4.54,USD,2017-08-17,2017-08-17
AMERICAN EXPRESS COMPANY,Banking,Fixed Income,149207.82,0.01201,149207.82,145000,United States,--,USD,2.49,4.83,1,2030-04-25,5.53,2.5,,4.83,2.5,4.83,USD,2024-04-25,2024-04-25
MITSUBISHI UFJ FINANCIAL GROUP INC,Banking,Fixed Income,149030.8,0.012,149030.8,167000,Japan,--,USD,9.3,5.52,1,2039-03-07,4.15,9.31,,5.52,9.31,5.52,USD,2019-03-07,2019-03-07
AMEREN ILLINOIS COMPANY,Electric,Fixed Income,149045.9,0.012,149045.9,180000,United States,--,USD,12.57,6.03,1,2049-03-15,4.5,12.8,,6.03,12.8,6.03,USD,2018-11-15,2018-11-15
CHUBB INA HOLDINGS LLC,Insurance,Fixed Income,149092.78,0.012,149092.78,255000,Switzerland,--,USD,16.56,5.87,1,2061-12-15,3.05,16.83,,5.87,16.83,5.87,USD,2021-11-18,2021-11-18
PROGRESSIVE CORPORATION (THE),Insurance,Fixed Income,148881.26,0.01199,148881.26,149000,United States,--,USD,2.34,4.68,1,2029-03-01,4.0,2.4,,4.68,2.4,4.68,USD,2018-10-23,2018-10-23
ABBVIE INC,Consumer Non-Cyclical,Fixed Income,148926.22,0.01199,148926.22,155000,United States,--,USD,14.51,6.06,1,2066-03-15,5.65,14.78,,6.06,14.78,6.06,USD,2026-03-04,2026-03-04
CHEVRON USA INC,Energy,Fixed Income,148794.87,0.01198,148794.87,150000,United States,--,USD,1.39,4.48,1,2028-01-15,3.85,1.42,,4.48,1.42,4.48,USD,2020-07-15,2021-01-06
INTERCONTINENTAL EXCHANGE INC,Brokerage/Asset Managers/Exchanges,Fixed Income,148836.74,0.01198,148836.74,150000,United States,--,USD,1.99,4.76,1,2028-09-21,3.75,2.02,,4.76,2.02,4.76,USD,2018-08-13,2018-08-13
DUKE ENERGY CAROLINAS LLC,Electric,Fixed Income,148659.01,0.01197,148659.01,176000,United States,--,USD,10.57,5.84,1,2041-12-15,4.25,10.66,,5.84,10.66,5.84,USD,2011-12-08,2011-12-08
DUKE ENERGY CAROLINAS LLC,Electric,Fixed Income,148668.92,0.01197,148668.92,159000,United States,--,USD,3.27,4.84,1,2030-02-01,2.45,3.27,,4.84,3.27,4.84,USD,2020-01-08,2020-01-08
SIMON PROPERTY GROUP LP,Reits,Fixed Income,148681.16,0.01197,148681.16,185000,United States,--,USD,12.25,5.98,1,2046-11-30,4.25,12.47,,5.98,12.47,5.98,USD,2016-11-23,2016-11-23
INTERNATIONAL BUSINESS MACHINES CO,Technology,Fixed Income,148728.8,0.01197,148728.8,255000,United States,--,USD,14.05,6.44,1,2050-05-15,2.95,14.23,,6.44,14.23,6.44,USD,2020-05-07,2020-05-07
SERVICENOW INC,Technology,Fixed Income,148525.45,0.01196,148525.45,150000,United States,--,USD,4.4,5.12,1,2031-08-15,4.7,4.41,,5.12,4.41,5.12,USD,2026-05-15,2026-05-15
THERMO FISHER SCIENTIFIC INC,Consumer Non-Cyclical,Fixed Income,148575.27,0.01196,148575.27,150000,United States,--,USD,4.0,4.92,1,2031-02-12,4.21,4.01,,4.92,4.01,4.92,USD,2026-02-12,2026-02-12
CATERPILLAR FINANCIAL SERVICES COR MTN,Capital Goods,Fixed Income,148585.82,0.01196,148585.82,150000,United States,--,USD,1.41,4.47,1,2028-01-10,3.7,1.41,,4.47,1.41,4.47,USD,2026-01-08,2026-01-08
JOHN DEERE CAPITAL CORP MTN,Capital Goods,Fixed Income,148256.83,0.01194,148256.83,150000,United States,--,USD,4.09,4.86,1,2031-03-10,4.2,4.09,,4.86,4.09,4.86,USD,2026-03-10,2026-03-10
APPLIED MATERIALS INC,Technology,Fixed Income,148300.33,0.01194,148300.33,241000,United States,--,USD,14.81,5.77,1,2050-06-01,2.75,15.05,,5.77,15.05,5.77,USD,2020-05-29,2020-05-29
DUKE ENERGY INDIANA LLC,Electric,Fixed Income,148136.16,0.01193,148136.16,160000,United States,--,USD,12.93,6.09,1,2053-04-01,5.4,13.19,,6.09,13.19,6.09,USD,2023-03-23,2023-03-23
TARGET CORPORATION,Consumer Cyclical,Fixed Income,147876.54,0.01191,147876.54,145000,United States,--,USD,7.23,5.29,1,2036-02-15,5.25,7.27,,5.29,7.27,5.29,USD,2025-06-10,2025-06-10
LEGG MASON INC,Brokerage/Asset Managers/Exchanges,Fixed Income,147861.47,0.0119,147861.47,154000,United States,--,USD,10.77,6.01,1,2044-01-15,5.63,10.86,,6.01,10.86,6.01,USD,2014-01-22,2014-01-22
REALTY INCOME CORPORATION,Reits,Fixed Income,147865.41,0.0119,147865.41,155000,United States,--,USD,13.35,5.87,1,2054-09-01,5.38,13.62,,5.87,13.62,5.87,USD,2024-08-26,2024-08-26
HERSHEY COMPANY THE,Consumer Non-Cyclical,Fixed Income,147713.37,0.01189,147713.37,145000,United States,--,USD,1.46,4.56,1,2028-02-24,4.55,1.49,,4.56,1.49,4.56,USD,2025-02-24,2025-02-24
PROLOGIS LP,Reits,Fixed Income,147288.75,0.01186,147288.75,230000,United States,--,USD,14.3,5.9,1,2050-04-15,3.0,14.53,,5.9,14.53,5.9,USD,2020-02-18,2020-02-18
MARSH & MCLENNAN COMPANIES INC,Insurance,Fixed Income,147360.96,0.01186,147360.96,185000,United States,--,USD,12.46,6.04,1,2048-03-01,4.2,12.69,,6.04,12.69,6.04,USD,2018-03-01,2018-03-01
3M CO,Capital Goods,Fixed Income,147213.08,0.01185,147213.08,145000,United States,--,USD,3.23,4.85,1,2030-03-15,4.8,3.25,,4.85,3.25,4.85,USD,2025-03-13,2025-03-13
VIRGINIA ELECTRIC AND POWER COMPAN,Electric,Fixed Income,147063.62,0.01184,147063.62,155000,United States,--,USD,2.79,4.76,1,2029-07-15,2.88,2.8,,4.76,2.8,4.76,USD,2019-07-10,2019-07-10
DIAGEO INVESTMENT CORPORATION,Consumer Non-Cyclical,Fixed Income,146902.62,0.01183,146902.62,175000,United Kingdom,--,USD,10.72,5.91,1,2042-05-11,4.25,10.77,,5.91,10.77,5.91,USD,2012-05-11,2012-05-11
DUKE UNIVERSITY,Industrial Other,Fixed Income,146921.86,0.01183,146921.86,240000,United States,--,USD,15.6,5.72,1,2055-10-01,2.83,15.81,,5.72,15.81,5.72,USD,2020-05-19,2020-05-19
S&P GLOBAL INC,Technology,Fixed Income,146788.7,0.01182,146788.7,308000,United States,--,USD,17.14,5.99,1,2060-08-15,2.3,17.38,,5.99,17.38,5.99,USD,2020-08-13,2020-08-13
AEP TRANSMISSION COMPANY LLC,Electric,Fixed Income,146637.46,0.01181,146637.46,200000,United States,--,USD,12.9,6.03,1,2047-12-01,3.75,13.11,,6.03,13.11,6.03,USD,2017-09-28,2018-05-07
THERMO FISHER SCIENTIFIC INC,Consumer Non-Cyclical,Fixed Income,146732.9,0.01181,146732.9,150000,United States,--,USD,11.14,5.95,1,2046-02-12,5.55,11.34,,5.95,11.34,5.95,USD,2026-02-12,2026-02-12
WASTE CONNECTIONS INC,Capital Goods,Fixed Income,146521.06,0.0118,146521.06,225000,Canada,--,USD,14.23,5.87,1,2050-04-01,3.05,14.46,,5.87,14.46,5.87,USD,2020-03-13,2020-03-13
AMERICAN INTERNATIONAL GROUP INC,Insurance,Fixed Income,146624.92,0.0118,146624.92,145000,United States,--,USD,6.79,5.45,1,2035-05-07,5.45,6.83,,5.45,6.83,5.45,USD,2025-05-07,2025-05-07
WALT DISNEY CO,Communications,Fixed Income,145963.17,0.01175,145963.17,165000,United States,--,USD,11.16,5.95,1,2044-09-15,4.75,11.32,,5.95,11.32,5.95,USD,2019-09-15,2019-11-22
ONCOR ELECTRIC DELIVERY COMPANY LL,Electric,Fixed Income,145770.47,0.01174,145770.47,227000,United States,--,USD,13.83,6.09,1,2049-09-15,3.1,14.04,,6.09,14.04,6.09,USD,2019-09-12,2019-11-15
UNION PACIFIC CORPORATION,Transportation,Fixed Income,145776.92,0.01174,145776.92,235000,United States,--,USD,14.77,5.93,1,2052-03-10,2.95,15.0,,5.93,15.0,5.93,USD,2021-09-10,2021-09-10
CONSUMERS ENERGY COMPANY,Electric,Fixed Income,145645.08,0.01173,145645.08,207000,United States,--,USD,13.96,5.91,1,2051-08-01,3.5,14.2,,5.91,14.2,5.91,USD,2020-03-26,2020-03-26
INTUIT INC,Technology,Fixed Income,145752.26,0.01173,145752.26,150000,United States,--,USD,0.95,4.37,1,2027-07-15,1.35,0.95,,4.37,0.95,4.37,USD,2020-06-29,2020-06-29
SUMITOMO MITSUI FINANCIAL GROUP IN,Banking,Fixed Income,145465.11,0.01171,145465.11,200000,Japan,--,USD,11.43,5.74,1,2042-01-14,3.05,11.46,,5.74,11.46,5.74,USD,2022-01-14,2022-01-14
TYCO ELECTRONICS GROUP SA,Capital Goods,Fixed Income,145494.63,0.01171,145494.63,145000,Switzerland,--,USD,3.97,4.92,1,2031-02-09,4.5,3.97,,4.92,3.97,4.92,USD,2025-05-09,2025-05-09
PRESIDENT AND FELLOWS OF HARVARD C,Industrial Other,Fixed Income,145145.25,0.01169,145145.25,195000,United States,--,USD,14.43,5.68,1,2052-11-15,3.75,14.7,,5.68,14.7,5.68,USD,2022-04-19,2022-04-19
NORTHERN TRUST CORPORATION,Banking,Fixed Income,145018.82,0.01168,145018.82,150000,United States,--,USD,7.24,5.65,1,2040-11-19,5.12,7.21,,5.71,7.21,5.71,USD,2025-11-19,2025-11-19
AMPHENOL CORPORATION,Capital Goods,Fixed Income,145061.58,0.01168,145061.58,145000,United States,--,USD,1.76,4.63,1,2028-06-12,4.38,1.78,,4.63,1.78,4.63,USD,2025-06-12,2025-06-12
VIRGINIA ELECTRIC AND POWER CO,Electric,Fixed Income,145121.33,0.01168,145121.33,165000,United States,--,USD,10.79,5.98,1,2043-08-15,4.65,10.91,,5.98,10.91,5.98,USD,2013-08-15,2013-08-15
JOHN SEVIER COMBINED CYCLE GENERAT,Electric,Fixed Income,144905.93,0.01167,144905.93,152757,United States,--,USD,7.14,5.37,1,2042-01-15,4.63,7.18,,5.37,7.18,5.37,USD,2012-01-17,2012-01-17
SOUTHERN CALIFORNIA EDISON COMPANY,Electric,Fixed Income,144918.42,0.01167,144918.42,152000,United States,--,USD,2.8,5.02,1,2029-08-01,2.85,2.8,,5.02,2.8,5.02,USD,2019-08-06,2019-08-06
VIRGINIA ELECTRIC AND POWER COMPAN,Electric,Fixed Income,144918.74,0.01167,144918.74,165000,United States,--,USD,5.14,5.04,1,2032-03-30,2.4,5.14,,5.04,5.14,5.04,USD,2022-01-13,2022-01-13
ARCHER DANIELS MIDLAND CO,Consumer Non-Cyclical,Fixed Income,144667.52,0.01165,144667.52,146000,United States,--,USD,5.79,4.99,1,2033-08-15,4.5,5.84,,4.99,5.84,4.99,USD,2023-04-03,2023-04-03
Mayo Clinic,Consumer Non-Cyclical,Fixed Income,144685.67,0.01165,144685.67,235000,United States,--,USD,16.22,5.85,1,2061-11-15,3.2,16.47,,5.85,16.47,5.85,USD,2021-04-01,2021-04-01
PARKER HANNIFIN CORPORATION,Capital Goods,Fixed Income,144636.73,0.01164,144636.73,180000,United States,--,USD,12.31,5.9,1,2047-03-01,4.1,12.54,,5.9,12.54,5.9,USD,2017-09-01,2017-12-11
SOUTHERN CALIFORNIA EDISON COMPANY,Electric,Fixed Income,144417.4,0.01163,144417.4,141000,United States,--,USD,6.01,5.62,1,2034-01-15,6.0,5.98,,5.62,5.98,5.62,USD,2004-01-14,2004-01-14
BURLINGTON NORTHERN SANTA FE LLC,Transportation,Fixed Income,144280.69,0.01162,144280.69,240000,United States,--,USD,15.12,5.93,1,2052-06-15,2.88,15.35,,5.93,15.35,5.93,USD,2021-12-08,2021-12-08
ECOLAB INC,Basic Industry,Fixed Income,144336.74,0.01162,144336.74,165000,United States,--,USD,5.04,4.96,1,2032-02-01,2.13,5.03,,4.96,5.03,4.96,USD,2021-12-15,2021-12-15
ATMOS ENERGY CORPORATION,Natural Gas,Fixed Income,143805.5,0.01158,143805.5,235000,United States,--,USD,14.85,5.91,1,2052-02-15,2.85,15.08,,5.91,15.08,5.91,USD,2021-10-01,2021-10-01
S&P GLOBAL INC,Technology,Fixed Income,143874.44,0.01158,143874.44,165000,United States,--,USD,3.85,4.92,1,2030-08-15,1.25,3.84,,4.92,3.84,4.92,USD,2020-08-13,2020-08-13
UNION PACIFIC CORPORATION,Transportation,Fixed Income,143652.08,0.01157,143652.08,185000,United States,--,USD,12.45,5.99,1,2047-04-15,4.0,12.67,,5.99,12.67,5.99,USD,2017-04-05,2017-04-05
MITSUBISHI UFJ FINANCIAL GROUP INC,Banking,Fixed Income,143738.43,0.01157,143738.43,155000,Japan,--,USD,8.9,5.35,1,2038-07-26,4.29,8.91,,5.35,8.91,5.35,USD,2018-07-26,2018-07-26
VIRGINIA ELECTRIC AND POWER COMPAN,Electric,Fixed Income,143355.82,0.01154,143355.82,217000,United States,--,USD,13.84,6.08,1,2049-12-01,3.3,14.06,,6.08,14.06,6.08,USD,2019-12-05,2019-12-05
INTERNATIONAL BUSINESS MACHINES CO,Technology,Fixed Income,143383.06,0.01154,143383.06,145000,United States,--,USD,3.97,5.09,1,2031-02-03,4.3,3.97,,5.09,3.97,5.09,USD,2026-02-03,2026-02-03
TOYOTA MOTOR CREDIT CORP MTN,Consumer Cyclical,Fixed Income,143195.4,0.01153,143195.4,140000,United States,--,USD,1.24,4.5,1,2027-11-10,5.45,1.23,,4.5,1.23,4.5,USD,2022-11-10,2022-11-10
ENTERGY LOUISIANA LLC,Electric,Fixed Income,143212.75,0.01153,143212.75,165000,United States,--,USD,5.36,5.01,1,2032-06-15,2.35,5.36,,5.01,5.36,5.01,USD,2021-03-10,2021-03-10
DUKE ENERGY FLORIDA LLC,Electric,Fixed Income,142781.77,0.0115,142781.77,160000,United States,--,USD,3.69,4.87,1,2030-06-15,1.75,3.68,,4.87,3.68,4.87,USD,2020-06-11,2020-06-11
UNIVERSITY OF MIAMI,Industrial Other,Fixed Income,142680.0,0.01149,142680.0,185000,United States,--,USD,13.39,5.96,1,2052-04-01,4.06,13.58,,5.96,13.58,5.96,USD,2022-04-07,2022-04-07
SIMON PROPERTY GROUP LP,Reits,Fixed Income,142683.7,0.01149,142683.7,135000,United States,--,USD,5.9,5.34,1,2034-01-15,6.25,5.96,,5.32,5.8,5.32,USD,2023-11-09,2023-11-09
The Washington University,Industrial Other,Fixed Income,142695.04,0.01149,142695.04,200000,United States,--,USD,14.84,5.67,1,2054-04-15,3.52,15.1,,5.67,15.1,5.67,USD,2022-04-07,2022-04-07
CITIZENS BANK NA,Banking,Fixed Income,142560.21,0.01148,142560.21,140000,United States,--,USD,0.98,5.23,1,2028-08-09,4.58,0.98,,4.83,0.99,4.83,USD,2022-08-09,2022-08-09
ABBOTT LABORATORIES,Consumer Non-Cyclical,Fixed Income,142597.99,0.01148,142597.99,149000,United States,--,USD,1.48,4.49,1,2028-01-30,1.15,1.47,,4.49,1.47,4.49,USD,2020-06-24,2020-06-24
BERKSHIRE HATHAWAY ENERGY CO,Electric,Fixed Income,142024.07,0.01143,142024.07,165000,United States,--,USD,4.51,5.02,1,2031-05-15,1.65,4.5,,5.02,4.5,5.02,USD,2020-10-29,2021-03-03
UNION PACIFIC CORPORATION,Transportation,Fixed Income,141553.0,0.0114,141553.0,195000,United States,--,USD,14.92,5.98,1,2059-08-15,3.95,15.18,,5.98,15.18,5.98,USD,2019-08-05,2019-08-05
STATE STREET CORP,Banking,Fixed Income,141660.49,0.0114,141660.49,135000,United States,--,USD,5.85,5.48,1,2034-11-21,6.12,5.82,,5.47,5.82,5.47,USD,2023-11-21,2023-11-21
PROLOGIS LP,Reits,Fixed Income,141421.88,0.01139,141421.88,140000,United States,--,USD,1.75,4.59,1,2028-06-15,4.88,1.78,,4.58,1.71,4.58,USD,2023-06-28,2023-06-28
CONSUMERS ENERGY COMPANY,Electric,Fixed Income,141218.08,0.01137,141218.08,215000,United States,--,USD,14.17,5.89,1,2050-08-15,3.1,14.4,,5.89,14.4,5.89,USD,2019-09-03,2019-09-03
UNION PACIFIC CORPORATION,Transportation,Fixed Income,141166.38,0.01136,141166.38,195000,United States,--,USD,15.56,6.02,1,2067-09-15,4.1,15.82,,6.02,15.82,6.02,USD,2017-09-19,2017-09-19
CHUBB INA HOLDINGS LLC,Insurance,Fixed Income,140943.62,0.01135,140943.62,230000,United States,--,USD,15.12,5.81,1,2051-12-15,2.85,15.36,,5.81,15.36,5.81,USD,2021-11-18,2021-11-18
GENERAL ELECTRIC CO,Capital Goods,Fixed Income,140719.2,0.01133,140719.2,160000,United States,--,USD,11.25,5.75,1,2044-03-11,4.5,11.35,,5.75,11.35,5.75,USD,2014-03-11,2014-03-11
ALABAMA POWER COMPANY,Electric,Fixed Income,140736.04,0.01133,140736.04,177000,United States,--,USD,12.77,6.0,1,2048-07-15,4.3,13.0,,6.0,13.0,6.0,USD,2018-06-28,2018-06-28
AMERICAN HONDA FINANCE CORP (FXD) MTN,Consumer Cyclical,Fixed Income,140739.68,0.01133,140739.68,140000,United States,--,USD,1.96,4.83,1,2028-09-01,4.25,1.96,,4.83,1.96,4.83,USD,2025-09-04,2025-09-04
KIMCO REALTY OP LLC,Reits,Fixed Income,140557.68,0.01132,140557.68,170000,United States,--,USD,11.67,5.91,1,2045-04-01,4.25,11.84,,5.91,11.84,5.91,USD,2015-03-30,2015-03-30
ALABAMA POWER COMPANY,Electric,Fixed Income,140466.68,0.01131,140466.68,160000,United States,--,USD,3.92,4.88,1,2030-09-15,1.45,3.91,,4.88,3.91,4.88,USD,2020-08-27,2020-08-27
AMEREN ILLINOIS CO,Electric,Fixed Income,140233.99,0.01129,140233.99,191000,United States,--,USD,12.98,5.96,1,2047-12-01,3.7,13.19,,5.96,13.19,5.96,USD,2017-11-28,2017-11-28
DUKE ENERGY FLORIDA LLC,Electric,Fixed Income,140289.08,0.01129,140289.08,145000,United States,--,USD,7.31,5.39,1,2035-12-01,4.85,7.34,,5.39,7.34,5.39,USD,2025-11-26,2025-11-26
MASTERCARD INC,Technology,Fixed Income,140050.05,0.01128,140050.05,180000,United States,--,USD,12.7,5.92,1,2048-02-26,3.95,12.93,,5.92,12.93,5.92,USD,2018-02-26,2018-02-26
CSX CORP,Transportation,Fixed Income,140119.91,0.01128,140119.91,185000,United States,--,USD,13.41,5.94,1,2050-05-01,3.95,13.65,,5.94,13.65,5.94,USD,2015-04-21,2015-04-21
NORTHERN TRUST CORPORATION,Banking,Fixed Income,140019.78,0.01127,140019.78,140000,United States,--,USD,1.85,4.54,1,2028-08-03,3.65,1.9,,4.54,1.9,4.54,USD,2018-08-03,2018-08-03
JOHNSON & JOHNSON,Consumer Non-Cyclical,Fixed Income,139761.84,0.01125,139761.84,155000,United States,--,USD,11.34,5.44,1,2043-12-05,4.5,11.51,,5.44,11.51,5.44,USD,2013-12-05,2013-12-05
GLAXOSMITHKLINE CAPITAL INC,Consumer Non-Cyclical,Fixed Income,139599.47,0.01124,139599.47,136000,United Kingdom,--,USD,6.2,5.19,1,2034-04-15,5.38,6.18,,5.19,6.18,5.19,USD,2004-04-06,2004-04-06
AMERICAN EXPRESS COMPANY (FX-FRN),Banking,Fixed Income,139653.45,0.01124,139653.45,135000,United States,--,USD,1.83,4.86,1,2029-07-27,5.28,1.4,,4.82,1.84,4.82,USD,2023-07-28,2023-07-28
PROGRESSIVE CORPORATION (THE),Insurance,Fixed Income,139674.9,0.01124,139674.9,194000,United States,--,USD,13.98,5.94,1,2052-03-15,3.7,14.23,,5.94,14.23,5.94,USD,2022-03-09,2022-03-09
BANK OF NEW YORK MELLON CORP/THE MTN,Banking,Fixed Income,139447.13,0.01123,139447.13,160000,United States,--,USD,4.64,4.92,1,2031-07-28,1.8,4.64,,4.92,4.64,4.92,USD,2021-07-27,2021-07-27
ECOLAB INC,Basic Industry,Fixed Income,139364.13,0.01122,139364.13,240000,United States,--,USD,15.81,5.85,1,2055-08-18,2.75,16.06,,5.85,16.06,5.85,USD,2021-08-18,2021-12-09
HOAG MEMORIAL HOSPITAL PRESBYTERIA,Consumer Non-Cyclical,Fixed Income,139212.34,0.01121,139212.34,190000,United States,--,USD,14.31,5.82,1,2052-07-15,3.8,14.57,,5.82,14.57,5.82,USD,2022-03-30,2022-03-30
BROOKFIELD FINANCE INC,Brokerage/Asset Managers/Exchanges,Fixed Income,139085.45,0.0112,139085.45,141000,Canada,--,USD,3.3,5.11,1,2030-04-15,4.35,3.35,,5.11,3.35,5.11,USD,2020-04-09,2020-04-09
SERVICENOW INC,Technology,Fixed Income,139103.84,0.0112,139103.84,140000,United States,--,USD,5.61,5.33,1,2033-05-15,5.05,5.63,,5.33,5.63,5.33,USD,2026-05-15,2026-05-15
TOYOTA MOTOR CORPORATION,Consumer Cyclical,Fixed Income,138960.09,0.01119,138960.09,140000,Japan,--,USD,7.04,5.2,1,2035-06-30,5.05,7.08,,5.2,7.08,5.2,USD,2025-06-30,2025-06-30
PROCTER & GAMBLE CO,Consumer Non-Cyclical,Fixed Income,138962.57,0.01119,138962.57,145000,United States,--,USD,7.43,5.05,1,2035-11-03,4.35,7.42,,5.05,7.42,5.05,USD,2025-11-03,2025-11-03
TEXAS INSTRUMENTS INC,Technology,Fixed Income,138689.12,0.01117,138689.12,159000,United States,--,USD,4.75,4.89,1,2031-09-15,1.9,4.75,,4.89,4.75,4.89,USD,2021-09-15,2021-09-15
JOHN DEERE CAPITAL CORP MTN,Capital Goods,Fixed Income,138483.8,0.01115,138483.8,140000,United States,--,USD,2.34,4.62,1,2029-01-18,4.13,2.33,,4.62,2.33,4.62,USD,2026-04-28,2026-04-28
COMCAST CORPORATION,Communications,Fixed Income,138064.45,0.01112,138064.45,139000,United States,--,USD,4.92,5.27,1,2032-05-15,4.95,4.94,,5.27,4.94,5.27,USD,2025-05-08,2025-05-08
PECO ENERGY CO,Electric,Fixed Income,138115.05,0.01112,138115.05,140000,United States,--,USD,7.11,5.3,1,2035-09-15,4.88,7.14,,5.3,7.14,5.3,USD,2025-09-10,2025-09-10
KIMBERLY-CLARK CORPORATION,Consumer Non-Cyclical,Fixed Income,138033.96,0.01111,138033.96,216000,United States,--,USD,14.33,5.81,1,2050-02-07,2.88,14.56,,5.81,14.56,5.81,USD,2020-02-07,2020-02-07
HORMEL FOODS CORPORATION,Consumer Non-Cyclical,Fixed Income,137814.23,0.0111,137814.23,145000,United States,--,USD,1.8,4.64,1,2028-06-03,1.7,1.79,,4.64,1.79,4.64,USD,2021-06-03,2021-06-03
SOUTHERN CALIFORNIA EDISON CO,Electric,Fixed Income,137925.4,0.0111,137925.4,144000,United States,--,USD,9.15,6.18,1,2040-03-15,5.5,9.15,,6.18,9.15,6.18,USD,2010-03-11,2010-03-11
ATMOS ENERGY CORPORATION,Natural Gas,Fixed Income,137717.95,0.01109,137717.95,145000,United States,--,USD,2.93,4.68,1,2029-09-15,2.63,2.94,,4.68,2.94,4.68,USD,2019-10-02,2019-10-02
AEP TRANSMISSION COMPANY LLC,Electric,Fixed Income,137238.63,0.01105,137238.63,170000,United States,--,USD,13.53,6.01,1,2052-06-15,4.5,13.78,,6.01,13.78,6.01,USD,2022-06-09,2022-06-09
BANK OF NOVA SCOTIA,Banking,Fixed Income,137243.83,0.01105,137243.83,135000,Canada,--,USD,1.78,4.65,1,2028-06-12,5.25,1.77,,4.65,1.77,4.65,USD,2023-06-12,2023-06-12
HONEYWELL AEROSPACE INC 144A,Capital Goods,Fixed Income,136838.09,0.01102,136838.09,140000,United States,--,USD,11.17,5.99,1,2046-03-16,5.62,11.38,,5.99,11.38,5.99,USD,2026-03-16,2026-03-16
CBOE GLOBAL MARKETS INC,Brokerage/Asset Managers/Exchanges,Fixed Income,136840.12,0.01102,136840.12,158000,United States,--,USD,4.15,5.11,1,2030-12-15,1.63,4.13,,5.11,4.13,5.11,USD,2020-12-15,2020-12-15
UNITED PARCEL SERVICE INC,Transportation,Fixed Income,136708.96,0.01101,136708.96,195000,United States,--,USD,12.83,6.03,1,2046-11-15,3.4,13.03,,6.03,13.03,6.03,USD,2016-10-24,2016-10-24
HONEYWELL INTERNATIONAL INC,Capital Goods,Fixed Income,136709.95,0.01101,136709.95,145000,United States,--,USD,13.36,5.82,1,2054-03-01,5.25,13.64,,5.82,13.64,5.82,USD,2024-03-01,2024-03-01
COMMONWEALTH EDISON COMPANY,Electric,Fixed Income,136614.03,0.011,136614.03,187000,United States,--,USD,12.55,6.03,1,2046-06-15,3.65,12.74,,6.03,12.74,6.03,USD,2016-06-27,2016-06-27
HOME DEPOT INC,Consumer Cyclical,Fixed Income,136456.9,0.01099,136456.9,162000,United States,--,USD,11.52,5.95,1,2045-03-15,4.4,11.69,,5.95,11.69,5.95,USD,2014-06-12,2014-06-12
BROWN UNIVERSITY,Industrial Other,Fixed Income,136368.04,0.01098,136368.04,210000,United States,--,USD,14.55,5.71,1,2050-09-01,2.92,14.8,,5.71,14.8,5.71,USD,2020-05-27,2020-05-27
FLORIDA POWER & LIGHT CO,Electric,Fixed Income,136246.53,0.01097,136246.53,140000,United States,--,USD,13.53,6.0,1,2056-06-01,5.75,13.81,,6.0,13.81,6.0,USD,2026-06-01,2026-06-01
UNILEVER CAPITAL CORP,Consumer Non-Cyclical,Fixed Income,136313.96,0.01097,136313.96,225000,United Kingdom,--,USD,15.2,5.68,1,2051-08-12,2.63,15.44,,5.68,15.44,5.68,USD,2021-08-12,2021-08-12
AMPHENOL CORPORATION,Capital Goods,Fixed Income,136142.83,0.01096,136142.83,145000,United States,--,USD,13.52,5.89,1,2054-11-15,5.38,13.79,,5.89,13.79,5.89,USD,2024-10-31,2024-10-31
NUCOR CORP,Basic Industry,Fixed Income,135488.65,0.01091,135488.65,125000,United States,--,USD,8.08,5.51,1,2037-12-01,6.4,8.07,,5.51,8.07,5.51,USD,2007-12-03,2007-12-03
ERP OPERATING LP,Reits,Fixed Income,135509.35,0.01091,135509.35,155000,United States,--,USD,4.64,4.91,1,2031-08-01,1.85,4.64,,4.91,4.64,4.91,USD,2021-08-09,2021-08-09
VIRGINIA ELECTRIC AND POWER COMPAN,Electric,Fixed Income,135568.52,0.01091,135568.52,140000,United States,--,USD,12.73,6.13,1,2053-08-15,5.7,12.98,,6.13,12.98,6.13,USD,2023-08-10,2023-08-10
CONSUMERS ENERGY COMPANY,Electric,Fixed Income,135354.93,0.0109,135354.93,168000,United States,--,USD,12.75,6.03,1,2049-04-15,4.35,12.99,,6.03,12.99,6.03,USD,2018-11-13,2018-11-13
KLA CORP,Technology,Fixed Income,135384.08,0.0109,135384.08,200000,United States,--,USD,13.81,5.97,1,2050-03-01,3.3,14.03,,5.97,14.03,5.97,USD,2020-02-28,2020-02-28
RALPH LAUREN CORP,Consumer Cyclical,Fixed Income,135225.26,0.01089,135225.26,135000,United States,--,USD,4.99,5.07,1,2032-06-15,5.0,5.02,,5.07,5.02,5.07,USD,2025-06-05,2025-06-05
BROOKFIELD FINANCE LLC,Brokerage/Asset Managers/Exchanges,Fixed Income,135320.42,0.01089,135320.42,204000,Canada,--,USD,13.56,6.27,1,2050-04-15,3.45,13.77,,6.27,13.77,6.27,USD,2020-02-21,2020-02-21
MARSH & MCLENNAN COMPANIES INC,Insurance,Fixed Income,135107.63,0.01088,135107.63,144000,United States,--,USD,9.0,5.63,1,2039-03-15,4.75,9.08,,5.63,9.08,5.63,USD,2019-01-15,2019-01-15
PPL ELECTRIC UTILITIES CORPORATION,Electric,Fixed Income,135015.76,0.01087,135015.76,140000,United States,--,USD,13.28,5.99,1,2055-08-15,5.55,13.55,,5.99,13.55,5.99,USD,2025-08-11,2025-08-11
STANFORD HEALTH CARE,Consumer Non-Cyclical,Fixed Income,135024.13,0.01087,135024.13,180000,United States,--,USD,13.21,5.88,1,2048-11-15,3.79,13.44,,5.88,13.44,5.88,USD,2018-01-17,2018-01-17
TOYOTA MOTOR CREDIT CORP MTN,Consumer Cyclical,Fixed Income,134651.63,0.01084,134651.63,140000,United States,--,USD,7.48,5.34,1,2036-01-11,4.8,7.46,,5.34,7.46,5.34,USD,2026-01-12,2026-01-12
TWDC ENTERPRISES 18 CORP,Communications,Fixed Income,134688.07,0.01084,134688.07,161000,United States,--,USD,10.66,5.81,1,2041-12-01,4.13,10.7,,5.81,10.7,5.81,USD,2011-12-02,2011-12-02
JOHN DEERE CAPITAL CORP,Capital Goods,Fixed Income,134249.46,0.01081,134249.46,140000,United States,--,USD,1.56,4.53,1,2028-03-06,1.5,1.56,,4.53,1.56,4.53,USD,2021-03-04,2021-03-04
SOUTHWESTERN PUBLIC SERVICE COMPAN,Electric,Fixed Income,134193.33,0.0108,134193.33,135000,United States,--,USD,6.78,5.53,1,2035-05-15,5.3,6.88,,5.53,6.88,5.53,USD,2025-05-02,2025-05-02
DUKE ENERGY CAROLINAS LLC,Electric,Fixed Income,134071.62,0.01079,134071.62,175000,United States,--,USD,12.14,6.05,1,2046-03-15,3.88,12.32,,6.05,12.32,6.05,USD,2016-03-11,2016-03-11
WELLTOWER OP LLC,Reits,Fixed Income,133731.68,0.01077,133731.68,150000,United States,--,USD,4.97,5.05,1,2032-01-15,2.75,4.97,,5.05,4.97,5.05,USD,2021-11-19,2021-11-19
COLGATE-PALMOLIVE CO,Consumer Non-Cyclical,Fixed Income,133702.34,0.01076,133702.34,131000,United States,--,USD,1.47,4.44,1,2028-03-01,4.6,1.51,,4.43,1.43,4.43,USD,2023-03-01,2023-03-01
UNION PACIFIC CORPORATION,Transportation,Fixed Income,133485.01,0.01075,133485.01,205000,United States,--,USD,15.7,5.99,1,2061-05-20,3.55,15.97,,5.99,15.97,5.99,USD,2021-05-20,2021-05-20
CONSOLIDATED EDISON COMPANY OF NEW,Electric,Fixed Income,133242.7,0.01073,133242.7,200000,United States,--,USD,15.22,6.1,1,2059-11-15,3.7,15.47,,6.1,15.47,6.1,USD,2019-11-08,2019-11-08
JOHN DEERE CAPITAL CORP MTN,Capital Goods,Fixed Income,133268.84,0.01073,133268.84,130000,United States,--,USD,1.51,4.5,1,2028-03-03,4.9,1.51,,4.5,1.51,4.5,USD,2023-03-03,2023-03-03
ROCKEFELLER FOUNDATION (THE),Consumer Cyclical,Fixed Income,133338.11,0.01073,133338.11,225000,United States,--,USD,15.24,5.67,1,2050-10-01,2.49,15.47,,5.67,15.47,5.67,USD,2020-10-15,2020-10-15
WASTE MANAGEMENT INC,Capital Goods,Fixed Income,133105.43,0.01072,133105.43,140000,United States,--,USD,1.59,4.55,1,2028-03-15,1.15,1.59,,4.55,1.59,4.55,USD,2020-11-17,2020-11-17
DUKE ENERGY INDIANA LLC,Electric,Fixed Income,132870.72,0.0107,132870.72,200000,United States,--,USD,13.76,6.04,1,2049-10-01,3.25,13.97,,6.04,13.97,6.04,USD,2019-09-27,2019-09-27
SUMITOMO MITSUI FINANCIAL GROUP IN,Banking,Fixed Income,132649.78,0.01068,132649.78,130000,Japan,--,USD,1.85,4.79,1,2028-07-13,5.8,1.85,,4.79,1.85,4.79,USD,2023-07-13,2023-07-13
BANK OF NOVA SCOTIA,Banking,Fixed Income,132502.51,0.01067,132502.51,150000,Canada,--,USD,4.61,5.04,1,2031-08-01,2.15,4.6,,5.04,4.6,5.04,USD,2021-06-24,2021-06-24
PROGRESSIVE CORPORATION (THE),Insurance,Fixed Income,132577.26,0.01067,132577.26,165000,United States,--,USD,12.55,5.95,1,2048-03-15,4.2,12.78,,5.95,12.78,5.95,USD,2018-03-14,2018-03-14
TOYOTA MOTOR CREDIT CORP MTN,Consumer Cyclical,Fixed Income,132370.02,0.01066,132370.02,135000,United States,--,USD,5.51,5.08,1,2033-01-12,4.7,5.49,,5.08,5.49,5.08,USD,2023-01-12,2023-01-12
NEVADA POWER COMPANY,Electric,Fixed Income,132373.79,0.01066,132373.79,135000,United States,--,USD,2.53,4.78,1,2029-05-01,3.7,2.58,,4.78,2.58,4.78,USD,2019-01-30,2019-01-30
GEORGIA POWER COMPANY,Electric,Fixed Income,132301.19,0.01065,132301.19,200000,United States,--,USD,14.15,5.98,1,2051-03-15,3.25,14.38,,5.98,14.38,5.98,USD,2021-02-26,2021-02-26
BROADCOM INC,Technology,Fixed Income,131979.74,0.01063,131979.74,130000,United States,--,USD,1.6,4.66,1,2028-04-15,4.8,1.62,,4.66,1.55,4.66,USD,2025-01-10,2025-01-10
BALTIMORE GAS AND ELECTRIC CO,Electric,Fixed Income,132022.35,0.01063,132022.35,163000,United States,--,USD,13.42,6.07,1,2052-06-01,4.55,13.66,,6.07,13.66,6.07,USD,2022-06-06,2022-06-06
PRECISION CASTPARTS CORP.,Capital Goods,Fixed Income,131853.55,0.01062,131853.55,165000,United States,--,USD,11.27,5.82,1,2043-01-15,3.9,11.38,,5.82,11.38,5.82,USD,2012-12-20,2012-12-20
BANK OF AMERICA CORP,Banking,Fixed Income,131736.81,0.01061,131736.81,150000,United States,--,USD,11.47,5.94,1,2045-04-21,4.75,11.59,,5.94,11.59,5.94,USD,2015-04-21,2015-04-21
QUALCOMM INCORPORATED,Technology,Fixed Income,131819.36,0.01061,131819.36,135000,United States,--,USD,5.0,4.87,1,2032-05-20,4.25,5.05,,4.87,5.05,4.87,USD,2022-05-09,2022-05-09
CANADIAN NATIONAL RAILWAY COMPANY,Transportation,Fixed Income,131829.69,0.01061,131829.69,161000,Canada,--,USD,12.87,5.92,1,2049-01-20,4.45,13.11,,5.92,13.11,5.92,USD,2018-11-07,2018-11-07
CSX CORP,Transportation,Fixed Income,131458.55,0.01058,131458.55,150000,United States,--,USD,13.69,5.93,1,2055-03-15,4.9,13.96,,5.93,13.96,5.93,USD,2024-09-18,2024-09-18
GENERAL DYNAMICS CORPORATION,Capital Goods,Fixed Income,131169.49,0.01056,131169.49,168000,United States,--,USD,11.33,5.75,1,2042-11-15,3.6,11.42,,5.75,11.42,5.75,USD,2012-11-06,2012-11-06
EIDP INC,Basic Industry,Fixed Income,131183.06,0.01056,131183.06,130000,United States,--,USD,4.9,5.14,1,2032-05-15,5.13,4.92,,5.14,4.92,5.14,USD,2025-05-14,2025-05-14
EOG RESOURCES INC,Energy,Fixed Income,131092.49,0.01055,131092.49,144000,United States,--,USD,7.03,5.38,1,2035-04-01,3.9,7.08,,5.38,7.08,5.38,USD,2015-03-17,2015-03-17
AMERICAN AIRLINES INC,Transportation,Fixed Income,130869.31,0.01054,130869.31,135000,United States,--,USD,6.11,5.56,1,2038-05-11,4.9,6.11,,5.56,6.11,5.56,USD,2025-11-12,2025-11-12
LOCKHEED MARTIN CORPORATION,Capital Goods,Fixed Income,130929.79,0.01054,130929.79,130000,United States,--,USD,1.68,4.52,1,2028-05-15,4.45,1.71,,4.52,1.71,4.52,USD,2023-05-25,2023-05-25
CME GROUP INC,Brokerage/Asset Managers/Exchanges,Fixed Income,130753.01,0.01053,130753.01,132000,United States,--,USD,1.75,4.49,1,2028-06-15,3.75,1.8,,4.49,1.8,4.49,USD,2018-06-21,2018-06-21
JOHN DEERE CAPITAL CORP MTN,Capital Goods,Fixed Income,130561.47,0.01051,130561.47,130000,United States,--,USD,1.4,4.49,1,2028-01-07,4.65,1.39,,4.49,1.39,4.49,USD,2025-01-09,2025-01-09
AFLAC INCORPORATED,Insurance,Fixed Income,130264.25,0.01049,130264.25,153000,United States,--,USD,12.64,5.97,1,2049-01-15,4.75,12.88,,5.97,12.88,5.97,USD,2018-10-31,2018-10-31
ESTEE LAUDER COMPANIES INC. (THE),Consumer Non-Cyclical,Fixed Income,130352.12,0.01049,130352.12,204000,United States,--,USD,14.02,6.07,1,2049-12-01,3.13,14.24,,6.07,14.24,6.07,USD,2019-11-21,2019-11-21
INTERNATIONAL BUSINESS MACHINES CO,Technology,Fixed Income,130082.73,0.01047,130082.73,130000,United States,--,USD,2.33,4.77,1,2029-02-03,4.0,2.33,,4.77,2.33,4.77,USD,2026-02-03,2026-02-03
GEORGIA POWER COMPANY,Electric,Fixed Income,129918.79,0.01046,129918.79,140000,United States,--,USD,9.73,5.69,1,2040-09-01,4.75,9.75,,5.69,9.75,5.69,USD,2010-08-31,2010-08-31
MERCK & CO INC,Consumer Non-Cyclical,Fixed Income,129966.65,0.01046,129966.65,130000,United States,--,USD,1.7,4.49,1,2028-05-17,4.05,1.72,,4.49,1.72,4.49,USD,2023-05-17,2023-05-17
BAYCARE HEALTH SYSTEM INC,Consumer Non-Cyclical,Fixed Income,129743.24,0.01045,129743.24,174000,United States,--,USD,13.73,5.86,1,2050-11-15,3.83,13.97,,5.86,13.97,5.86,USD,2020-04-16,2020-04-16
REGENCY CENTERS LP,Reits,Fixed Income,129627.38,0.01044,129627.38,135000,United States,--,USD,3.53,4.95,1,2030-06-15,3.7,3.55,,4.95,3.55,4.95,USD,2020-05-13,2020-05-13
DUKE ENERGY FLORIDA LLC,Electric,Fixed Income,129644.91,0.01044,129644.91,130000,United States,--,USD,12.72,6.06,1,2052-11-15,5.95,12.98,,6.06,12.98,6.06,USD,2022-11-10,2022-11-10
ENTERGY ARKANSAS LLC,Electric,Fixed Income,129651.46,0.01044,129651.46,227000,United States,--,USD,15.09,6.02,1,2051-06-15,2.65,15.3,,6.02,15.3,6.02,USD,2020-09-11,2020-09-11
EOG RESOURCES INC,Energy,Fixed Income,129524.65,0.01043,129524.65,130000,United States,--,USD,1.85,4.65,1,2028-07-15,4.4,1.87,,4.65,1.87,4.65,USD,2025-07-01,2025-07-01
PAYPAL HOLDINGS INC,Technology,Fixed Income,129415.84,0.01042,129415.84,132000,United States,--,USD,6.77,5.62,1,2035-04-01,5.1,6.79,,5.62,6.79,5.62,USD,2025-03-06,2025-03-06
NATIONAL RURAL UTILITIES COOPERATI MTN,Electric,Fixed Income,129477.93,0.01042,129477.93,130000,United States,--,USD,1.33,4.61,1,2027-12-10,3.95,1.32,,4.61,1.32,4.61,USD,2025-12-10,2025-12-10
PUBLIC SERVICE ELECTRIC AND GAS CO MTN,Electric,Fixed Income,128917.8,0.01038,128917.8,135000,United States,--,USD,13.26,5.99,1,2055-03-01,5.5,13.53,,5.99,13.53,5.99,USD,2025-03-03,2025-03-03
PUBLIC SERVICE ELECTRIC AND GAS CO MTN,Electric,Fixed Income,128766.15,0.01037,128766.15,125000,United States,--,USD,5.63,5.11,1,2033-08-01,5.2,5.69,,5.11,5.52,5.11,USD,2023-08-07,2023-08-07
CSX CORP,Transportation,Fixed Income,128686.76,0.01036,128686.76,160000,United States,--,USD,15.13,6.07,1,2068-03-01,4.65,15.38,,6.07,15.38,6.07,USD,2018-02-20,2018-02-20
GILEAD SCIENCES INC,Consumer Non-Cyclical,Fixed Income,128378.71,0.01034,128378.71,130000,United States,--,USD,6.33,5.23,1,2034-05-20,4.9,6.36,,5.23,6.36,5.23,USD,2026-05-20,2026-05-20
NUCOR CORPORATION,Basic Industry,Fixed Income,128469.09,0.01034,128469.09,140000,United States,--,USD,5.03,5.0,1,2032-04-01,3.13,5.05,,5.0,5.05,5.0,USD,2022-03-11,2022-03-11
INTERNATIONAL BUSINESS MACHINES CO,Technology,Fixed Income,128477.7,0.01034,128477.7,183000,United States,--,USD,10.52,6.14,1,2040-05-15,2.85,10.54,,6.14,10.54,6.14,USD,2020-05-07,2020-05-07
BANK OF AMERICA CORP,Banking,Fixed Income,128482.73,0.01034,128482.73,185000,United States,--,USD,12.82,5.95,1,2052-03-13,3.48,14.17,,5.95,14.16,5.95,USD,2021-03-11,2021-03-11
SOUTHERN CALIFORNIA EDISON COMPANY,Electric,Fixed Income,128021.94,0.01031,128021.94,126000,United States,--,USD,8.56,6.11,1,2039-03-15,6.05,8.55,,6.11,8.55,6.11,USD,2009-03-20,2009-03-20
PARKER HANNIFIN CORPORATION MTN,Capital Goods,Fixed Income,128033.52,0.01031,128033.52,150000,United States,--,USD,11.55,5.83,1,2044-11-21,4.45,11.71,,5.83,11.71,5.83,USD,2014-11-21,2014-11-21
HOME DEPOT INC,Consumer Cyclical,Fixed Income,127953.91,0.0103,127953.91,135000,United States,--,USD,1.6,4.43,1,2028-03-15,0.9,1.6,,4.43,1.6,4.43,USD,2021-01-07,2021-01-07
MICROSOFT CORPORATION,Technology,Fixed Income,127980.47,0.0103,127980.47,170000,United States,--,USD,14.24,5.94,1,2055-02-12,4.0,14.49,,5.94,14.49,5.94,USD,2015-02-12,2015-02-12
PRESIDENT AND FELLOWS OF HARVARD C,Industrial Other,Fixed Income,127985.16,0.0103,127985.16,195000,United States,--,USD,15.75,5.71,1,2056-07-15,3.3,16.02,,5.71,16.02,5.71,USD,2016-10-13,2016-10-13
HOME DEPOT INC,Consumer Cyclical,Fixed Income,127522.88,0.01027,127522.88,140000,United States,--,USD,14.77,6.03,1,2064-06-25,5.4,15.04,,6.03,15.04,6.03,USD,2024-06-25,2024-06-25
MASTERCARD INC,Technology,Fixed Income,127410.7,0.01026,127410.7,125000,United States,--,USD,4.75,4.91,1,2032-03-15,4.95,4.79,,4.91,4.79,4.91,USD,2025-02-27,2025-02-27
DUKE ENERGY PROGRESS LLC,Electric,Fixed Income,127422.4,0.01026,127422.4,128000,United States,--,USD,1.93,4.66,1,2028-09-01,3.7,1.97,,4.66,1.97,4.66,USD,2018-08-09,2018-08-09
PEPSICO INC,Consumer Non-Cyclical,Fixed Income,127279.06,0.01025,127279.06,133000,United States,--,USD,2.8,4.62,1,2029-07-29,2.63,2.81,,4.62,2.81,4.62,USD,2019-07-29,2019-07-29
TORONTO-DOMINION BANK/THE MTN,Banking,Fixed Income,127305.27,0.01025,127305.27,130000,Canada,--,USD,4.01,4.96,1,2031-01-13,4.41,4.0,,4.96,4.0,4.96,USD,2026-01-13,2026-01-13
UNION PACIFIC CORPORATION,Transportation,Fixed Income,127321.16,0.01025,127321.16,185000,United States,--,USD,16.02,5.95,1,2072-02-14,3.85,16.27,,5.95,16.27,5.95,USD,2022-02-14,2022-02-14
DUKE ENERGY CAROLINAS LLC,Electric,Fixed Income,127142.82,0.01024,127142.82,175000,United States,--,USD,12.93,6.04,1,2047-12-01,3.7,13.14,,6.04,13.14,6.04,USD,2017-11-14,2017-11-14
LOCKHEED MARTIN CORPORATION,Capital Goods,Fixed Income,127162.14,0.01024,127162.14,209000,United States,--,USD,14.69,5.9,1,2050-06-15,2.8,14.92,,5.9,14.92,5.9,USD,2020-05-20,2020-05-20
DUKE ENERGY INDIANA LLC,Electric,Fixed Income,126924.81,0.01022,126924.81,170000,United States,--,USD,12.4,6.02,1,2046-05-15,3.75,12.59,,6.02,12.59,6.02,USD,2016-05-12,2016-05-12
DELTA AIRLINES 2020-1 CLASS AA PAS,Transportation,Fixed Income,126925.36,0.01022,126925.36,131453,United States,--,USD,1.3,4.88,1,2029-12-10,2.0,1.29,,4.88,1.29,4.88,USD,2020-03-12,2020-03-12
CAPITAL ONE NA,Banking,Fixed Income,126807.88,0.01021,126807.88,125000,United States,--,USD,1.89,4.76,1,2028-09-13,4.65,1.98,,4.76,1.98,4.76,USD,2018-09-13,2018-09-13
VIRGINIA ELECTRIC AND POWER COMPAN,Electric,Fixed Income,126656.76,0.0102,126656.76,170000,United States,--,USD,12.63,6.07,1,2047-09-15,3.8,12.84,,6.07,12.84,6.07,USD,2017-09-13,2017-09-13
TARGET CORPORATION,Consumer Cyclical,Fixed Income,126448.51,0.01018,126448.51,166000,United States,--,USD,12.78,5.95,1,2047-11-15,3.9,13.01,,5.95,13.01,5.95,USD,2017-10-20,2017-10-20
DUKE ENERGY CAROLINAS LLC,Electric,Fixed Income,126474.18,0.01018,126474.18,155000,United States,--,USD,10.91,5.9,1,2042-09-30,4.0,11.01,,5.9,11.01,5.9,USD,2012-09-21,2012-09-21
INTERNATIONAL BUSINESS MACHINES CO,Technology,Fixed Income,126357.19,0.01017,126357.19,129000,United States,--,USD,5.41,5.37,1,2033-02-03,4.6,5.42,,5.37,5.42,5.37,USD,2026-02-03,2026-02-03
PEPSICO INC,Consumer Non-Cyclical,Fixed Income,126198.22,0.01016,126198.22,160000,United States,--,USD,12.57,5.84,1,2047-05-02,4.0,12.8,,5.84,12.8,5.84,USD,2017-05-02,2017-05-02
ADOBE INC,Technology,Fixed Income,125768.82,0.01013,125768.82,125000,United States,--,USD,3.14,4.78,1,2030-01-17,4.95,3.16,,4.78,3.09,4.78,USD,2025-01-17,2025-01-17
S&P GLOBAL INC,Technology,Fixed Income,125846.45,0.01013,125846.45,135000,United States,--,USD,3.15,4.83,1,2029-12-01,2.5,3.15,,4.83,3.15,4.83,USD,2019-11-26,2019-11-26
TJX COMPANIES INC,Consumer Cyclical,Fixed Income,125543.63,0.01011,125543.63,145000,United States,--,USD,4.51,4.83,1,2031-05-15,1.6,4.51,,4.83,4.51,4.83,USD,2020-11-30,2020-11-30
VIRGINIA ELECTRIC AND POWER COMPAN,Electric,Fixed Income,125411.09,0.0101,125411.09,130000,United States,--,USD,13.21,6.12,1,2056-03-15,5.7,13.47,,6.12,13.47,6.12,USD,2026-03-02,2026-03-02
DEERE & CO,Capital Goods,Fixed Income,125506.3,0.0101,125506.3,195000,United States,--,USD,14.29,5.77,1,2049-09-07,2.88,14.51,,5.77,14.51,5.77,USD,2019-09-06,2019-09-06
MARSH & MCLENNAN COMPANIES INC,Insurance,Fixed Income,125141.73,0.01007,125141.73,120000,United States,--,USD,5.1,5.19,1,2032-11-01,5.75,5.17,,5.17,4.99,5.17,USD,2022-10-31,2022-10-31
BHP BILLITON FINANCE (USA) LTD,Basic Industry,Fixed Income,124945.29,0.01006,124945.29,125000,Australia,--,USD,7.3,5.3,1,2036-02-15,5.0,7.33,,5.3,7.33,5.3,USD,2025-09-05,2025-09-05
ENTERPRISE PRODUCTS OPERATING LLC,Energy,Fixed Income,124717.9,0.01004,124717.9,125000,United States,--,USD,6.69,5.3,1,2035-02-15,4.95,6.73,,5.3,6.73,5.3,USD,2024-08-08,2024-08-08
TPG OPERATING GROUP II LP,Brokerage/Asset Managers/Exchanges,Fixed Income,124541.03,0.01003,124541.03,125000,United States,--,USD,4.14,5.43,1,2031-05-15,4.88,4.15,,5.43,4.15,5.43,USD,2026-02-26,2026-02-26
WELLS FARGO & COMPANY(FXD - FRN) MTN,Banking,Fixed Income,124609.54,0.01003,124609.54,125000,United States,--,USD,2.01,4.83,1,2029-09-15,4.08,1.99,,4.83,2.0,4.83,USD,2025-09-15,2025-09-15
NORTHERN STATES POWER COMPANY (MIN,Electric,Fixed Income,124638.95,0.01003,124638.95,130000,United States,--,USD,13.34,6.03,1,2055-05-15,5.65,13.61,,6.03,13.61,6.03,USD,2025-05-05,2025-05-05
UNION ELECTRIC CO,Electric,Fixed Income,124248.63,0.01,124248.63,213000,United States,--,USD,14.94,5.94,1,2051-03-15,2.63,15.16,,5.94,15.16,5.94,USD,2020-10-09,2020-10-09
LOUISVILLE GAS AND ELECTRIC COMPAN,Electric,Fixed Income,124037.32,0.00999,124037.32,125000,United States,--,USD,13.04,6.1,1,2055-08-15,5.85,13.29,,6.1,13.29,6.1,USD,2025-08-13,2025-08-13
NUCOR CORPORATION,Basic Industry,Fixed Income,124137.13,0.00999,124137.13,125000,United States,--,USD,6.94,5.3,1,2035-06-01,5.1,6.98,,5.3,6.98,5.3,USD,2025-03-05,2025-03-05
INTERCONTINENTAL EXCHANGE INC,Brokerage/Asset Managers/Exchanges,Fixed Income,123588.51,0.00995,123588.51,125000,United States,--,USD,2.19,4.72,1,2028-12-01,3.95,2.21,,4.72,2.21,4.72,USD,2025-11-17,2025-11-17
CANADIAN NATIONAL RAILWAY COMPANY,Transportation,Fixed Income,123603.14,0.00995,123603.14,176000,Canada,--,USD,12.82,5.88,1,2046-08-02,3.2,13.01,,5.88,13.01,5.88,USD,2016-08-02,2016-08-02
UNION PACIFIC CORPORATION,Transportation,Fixed Income,123393.92,0.00993,123393.92,155000,United States,--,USD,12.02,5.97,1,2046-03-01,4.05,12.2,,5.97,12.2,5.97,USD,2016-03-01,2016-03-01
BANK OF NEW YORK MELLON CORP/THE MTN,Banking,Fixed Income,123176.18,0.00992,123176.18,130000,United States,--,USD,1.91,4.48,1,2028-07-14,1.65,1.91,,4.48,1.91,4.48,USD,2021-04-26,2021-04-26
VIRGINIA ELECTRIC AND POWER CO,Electric,Fixed Income,123224.54,0.00992,123224.54,155000,United States,--,USD,11.16,5.98,1,2043-01-15,4.0,11.26,,5.98,11.26,5.98,USD,2013-01-08,2013-01-08
CUMMINS INC,Consumer Cyclical,Fixed Income,123128.25,0.00991,123128.25,120000,United States,--,USD,2.32,4.68,1,2029-02-20,4.9,2.35,,4.68,2.27,4.68,USD,2024-02-20,2024-02-20
ENTERGY LOUISIANA LLC,Electric,Fixed Income,122934.46,0.0099,122934.46,158000,United States,--,USD,13.03,6.09,1,2050-04-01,4.2,13.27,,6.09,13.27,6.09,USD,2019-03-12,2019-03-12
COMMONWEALTH EDISON COMPANY,Electric,Fixed Income,122958.95,0.0099,122958.95,191000,United States,--,USD,14.27,6.0,1,2051-03-15,3.13,14.5,,6.0,14.5,6.0,USD,2021-03-09,2021-03-09
UNION PACIFIC CORPORATION,Transportation,Fixed Income,122782.45,0.00988,122782.45,140000,United States,--,USD,13.42,5.94,1,2053-05-15,4.95,13.69,,5.94,13.69,5.94,USD,2023-02-21,2023-02-21
GEORGIA POWER COMPANY,Electric,Fixed Income,122653.74,0.00987,122653.74,130000,United States,--,USD,13.38,6.04,1,2055-10-01,5.5,13.64,,6.04,13.64,6.04,USD,2025-09-29,2025-09-29
JERSEY CENTRAL POWER & LIGHT COMPA,Electric,Fixed Income,122437.74,0.00986,122437.74,125000,United States,--,USD,6.74,5.42,1,2035-01-15,5.1,6.78,,5.42,6.78,5.42,USD,2024-12-05,2025-05-15
UNION ELECTRIC CO,Electric,Fixed Income,122171.9,0.00984,122171.9,165000,United States,--,USD,13.81,5.98,1,2052-04-01,3.9,14.06,,5.98,14.06,5.98,USD,2022-04-01,2022-04-01
COTTAGE HLTH SYS OBLIG,Consumer Non-Cyclical,Fixed Income,122099.53,0.00983,122099.53,180000,United States,--,USD,13.86,5.93,1,2049-11-01,3.3,14.09,,5.93,14.09,5.93,USD,2020-01-29,2020-01-29
NETFLIX INC,Communications,Fixed Income,122035.95,0.00982,122035.95,120000,United States,--,USD,1.63,4.65,1,2028-04-15,4.88,1.62,,4.65,1.62,4.65,USD,2017-10-26,2017-10-26
VIRGINIA ELECTRIC AND POWER COMPAN,Electric,Fixed Income,121703.65,0.0098,121703.65,138000,United States,--,USD,4.87,4.95,1,2031-11-15,2.3,4.86,,4.95,4.86,4.95,USD,2021-11-22,2021-11-22
NEWMONT CORPORATION,Basic Industry,Fixed Income,121765.56,0.0098,121765.56,130000,United States,--,USD,10.28,5.66,1,2042-03-15,4.88,10.41,,5.66,10.41,5.66,USD,2012-03-08,2012-03-08
ARCHER DANIELS MIDLAND CO,Consumer Non-Cyclical,Fixed Income,121484.43,0.00978,121484.43,205000,United States,--,USD,15.0,5.9,1,2051-09-15,2.7,15.23,,5.9,15.23,5.9,USD,2021-09-10,2021-09-10
BRISTOL-MYERS SQUIBB CO,Consumer Non-Cyclical,Fixed Income,121155.73,0.00975,121155.73,177000,United States,--,USD,11.23,5.64,1,2040-11-13,2.35,11.28,,5.64,11.28,5.64,USD,2020-11-13,2020-11-13
NORTHWELL HEALTHCARE INC,Consumer Non-Cyclical,Fixed Income,120854.46,0.00973,120854.46,155000,United States,--,USD,12.34,5.94,1,2046-11-01,3.98,12.6,,5.94,12.6,5.94,USD,2016-09-27,2016-09-27
MEMORIAL SLOAN-KETTERING CANCER CE,Consumer Non-Cyclical,Fixed Income,120857.67,0.00973,120857.67,155000,United States,--,USD,14.64,5.8,1,2055-07-01,4.2,14.86,,5.8,14.86,5.8,USD,2015-02-11,2015-02-11
PEPSICO INC,Consumer Non-Cyclical,Fixed Income,120782.12,0.00972,120782.12,165000,United States,--,USD,15.4,5.78,1,2060-03-19,3.88,15.68,,5.78,15.68,5.78,USD,2020-03-19,2020-03-19
GENERAL DYNAMICS CORPORATION,Capital Goods,Fixed Income,120789.51,0.00972,120789.51,123000,United States,--,USD,1.27,4.44,1,2027-11-15,2.63,1.26,,4.44,1.26,4.44,USD,2017-09-14,2017-09-14
CENTERPOINT ENERGY HOUSTON ELECTRI,Electric,Fixed Income,120572.15,0.00971,120572.15,170000,United States,--,USD,14.04,5.93,1,2052-03-01,3.6,14.29,,5.93,14.29,5.93,USD,2022-02-28,2022-02-28
DUKE ENERGY PROGRESS INC,Electric,Fixed Income,120491.38,0.0097,120491.38,150000,United States,--,USD,11.69,5.98,1,2044-12-01,4.15,11.84,,5.98,11.84,5.98,USD,2014-11-20,2014-11-20
Hackensack Meridian Health,Consumer Non-Cyclical,Fixed Income,120119.19,0.00967,120119.19,170000,United States,--,USD,11.32,5.7,1,2041-09-01,2.67,11.38,,5.7,11.38,5.7,USD,2020-08-26,2020-08-26
REPUBLIC SERVICES INC,Capital Goods,Fixed Income,119923.74,0.00965,119923.74,120000,United States,--,USD,6.03,5.1,1,2033-12-15,5.0,6.08,,5.1,6.08,5.1,USD,2023-12-12,2023-12-12
SOUTHERN CALIFORNIA EDISON COMPANY,Electric,Fixed Income,119741.74,0.00964,119741.74,140000,United States,--,USD,9.66,6.25,1,2040-09-01,4.5,9.7,,6.25,9.7,6.25,USD,2010-08-30,2010-08-30
WASTE CONNECTIONS INC,Capital Goods,Fixed Income,119440.11,0.00962,119440.11,120000,United States,--,USD,2.13,4.74,1,2028-12-01,4.25,2.2,,4.74,2.2,4.74,USD,2018-11-16,2018-11-16
ADVANCED MICRO DEVICES INC,Technology,Fixed Income,119442.64,0.00962,119442.64,150000,United States,--,USD,13.58,6.0,1,2052-06-01,4.39,13.83,,6.0,13.83,6.0,USD,2022-06-09,2022-06-09
MERCK & CO INC (FXD),Consumer Non-Cyclical,Fixed Income,119357.81,0.00961,119357.81,120000,United States,--,USD,2.43,4.62,1,2029-03-15,3.85,2.45,,4.62,2.45,4.62,USD,2025-12-04,2025-12-04
CHEVRON USA INC,Energy,Fixed Income,119213.14,0.0096,119213.14,212000,United States,--,USD,15.21,5.83,1,2050-08-12,2.34,15.42,,5.83,15.42,5.83,USD,2020-08-12,2020-08-12
BANK OF AMERICA CORP,Banking,Fixed Income,119235.14,0.0096,119235.14,130000,United States,--,USD,11.1,5.77,1,2044-04-01,4.88,11.2,,5.77,11.2,5.77,USD,2014-04-01,2014-04-01
BERKSHIRE HATHAWAY FINANCE CORP,Insurance,Fixed Income,118954.24,0.00958,118954.24,138000,United States,--,USD,11.18,5.66,1,2043-05-15,4.3,11.27,,5.66,11.27,5.66,USD,2013-05-15,2013-05-15
TEXAS INSTRUMENTS INC,Technology,Fixed Income,118827.1,0.00957,118827.1,200000,United States,--,USD,15.02,5.89,1,2051-09-15,2.7,15.24,,5.89,15.24,5.89,USD,2021-09-15,2021-09-15
EMERSON ELECTRIC CO,Capital Goods,Fixed Income,118710.37,0.00956,118710.37,122000,United States,--,USD,1.19,4.49,1,2027-10-15,1.8,1.19,,4.49,1.19,4.49,USD,2020-04-29,2020-04-29
AEP TRANSMISSION COMPANY LLC,Electric,Fixed Income,118389.63,0.00953,118389.63,165000,United States,--,USD,13.55,5.99,1,2050-04-01,3.65,13.78,,5.99,13.78,5.99,USD,2020-04-01,2020-04-01
INTERCONTINENTAL EXCHANGE INC,Brokerage/Asset Managers/Exchanges,Fixed Income,118109.45,0.00951,118109.45,120000,United States,--,USD,4.09,4.95,1,2031-03-15,4.2,4.1,,4.95,4.1,4.95,USD,2025-11-17,2025-11-17
BURLINGTON NORTHERN SANTA FE LLC,Transportation,Fixed Income,118169.52,0.00951,118169.52,184000,United States,--,USD,14.33,5.94,1,2051-02-15,3.05,14.55,,5.94,14.55,5.94,USD,2020-04-13,2020-04-13
ARCH CAPITAL GROUP LTD,Insurance,Fixed Income,117992.68,0.0095,117992.68,120000,United States,--,USD,7.53,5.56,1,2036-06-15,5.25,7.55,,5.56,7.55,5.56,USD,2026-06-09,2026-06-09
AMPHENOL CORPORATION,Capital Goods,Fixed Income,117770.48,0.00948,117770.48,118000,United States,--,USD,2.56,4.66,1,2029-06-01,4.35,2.64,,4.66,2.64,4.66,USD,2019-01-09,2019-01-09
CONSOLIDATED EDISON COMPANY OF NEW,Electric,Fixed Income,117811.11,0.00948,117811.11,115000,United States,--,USD,5.36,5.13,1,2033-03-01,5.2,5.43,,5.13,5.25,5.13,USD,2023-02-23,2023-02-23
NATIONAL RURAL UTILITIES COOPERATI MTN,Electric,Fixed Income,117634.77,0.00947,117634.77,115000,United States,--,USD,1.41,4.68,1,2028-02-07,4.75,1.44,,4.68,1.44,4.68,USD,2025-02-07,2025-02-07
TOYOTA MOTOR CREDIT CORP MTN,Consumer Cyclical,Fixed Income,117640.67,0.00947,117640.67,120000,United States,--,USD,1.42,4.52,1,2028-01-11,3.05,1.41,,4.52,1.41,4.52,USD,2018-01-11,2018-01-11
DUKE ENERGY CAROLINAS LLC,Electric,Fixed Income,117414.25,0.00945,117414.25,120000,United States,--,USD,6.14,5.22,1,2034-01-15,4.85,6.18,,5.22,6.18,5.22,USD,2024-01-05,2024-01-05
TOYOTA MOTOR CREDIT CORP MTN,Consumer Cyclical,Fixed Income,117246.5,0.00944,117246.5,135000,United States,--,USD,4.75,4.99,1,2031-09-12,1.9,4.74,,4.99,4.74,4.99,USD,2021-09-13,2021-09-13
CHARLES SCHWAB CORPORATION (THE),Brokerage/Asset Managers/Exchanges,Fixed Income,117038.67,0.00942,117038.67,121000,United States,--,USD,2.62,4.71,1,2029-05-22,3.25,2.65,,4.71,2.65,4.71,USD,2019-05-22,2019-05-22
BANK OF AMERICA CORP MTN,Banking,Fixed Income,117058.48,0.00942,117058.48,113000,United States,--,USD,9.81,5.79,1,2042-02-07,5.88,9.86,,5.79,9.86,5.79,USD,2012-02-07,2012-02-07
ALABAMA POWER COMPANY,Electric,Fixed Income,117061.88,0.00942,117061.88,185000,United States,--,USD,14.61,5.98,1,2051-07-15,3.13,14.84,,5.98,14.84,5.98,USD,2021-06-11,2021-06-11
SUMITOMO MITSUI FINANCIAL GROUP IN,Banking,Fixed Income,116876.6,0.00941,116876.6,135000,Japan,--,USD,4.22,5.12,1,2031-01-12,1.71,4.2,,5.12,4.2,5.12,USD,2021-01-12,2021-01-12
ENTERGY LOUISIANA LLC,Electric,Fixed Income,116598.08,0.00939,116598.08,190000,United States,--,USD,14.53,6.0,1,2051-03-15,2.9,14.75,,6.0,14.75,6.0,USD,2020-03-06,2020-03-06
PRESIDENT AND FELLOWS OF HARVARD C,Industrial Other,Fixed Income,116379.12,0.00937,116379.12,196000,United States,--,USD,15.23,5.67,1,2050-10-15,2.52,15.46,,5.67,15.46,5.67,USD,2020-04-21,2020-04-21
UNION PACIFIC CORPORATION,Transportation,Fixed Income,116441.19,0.00937,116441.19,150000,United States,--,USD,11.02,5.71,1,2042-02-14,3.38,11.1,,5.71,11.1,5.71,USD,2022-02-14,2022-02-14
BRISTOL-MYERS SQUIBB CO,Consumer Non-Cyclical,Fixed Income,116028.55,0.00934,116028.55,155000,United States,--,USD,11.29,5.84,1,2042-08-01,3.25,11.34,,5.84,11.34,5.84,USD,2012-07-31,2012-07-31
HOUSTON METHODIST HOSPITAL,Consumer Non-Cyclical,Fixed Income,115844.92,0.00933,115844.92,195000,United States,--,USD,14.93,5.9,1,2050-12-01,2.71,15.15,,5.9,15.15,5.9,USD,2020-08-27,2020-08-27
S&P GLOBAL INC,Technology,Fixed Income,115676.59,0.00931,115676.59,174000,United States,--,USD,13.97,5.97,1,2049-12-01,3.25,14.19,,5.97,14.19,5.97,USD,2019-11-26,2019-11-26
FLORIDA POWER & LIGHT CO,Electric,Fixed Income,115427.23,0.00929,115427.23,150000,United States,--,USD,12.92,5.99,1,2049-03-01,3.99,13.15,,5.99,13.15,5.99,USD,2019-02-26,2019-02-26
INTERNATIONAL BUSINESS MACHINES CO,Technology,Fixed Income,115443.86,0.00929,115443.86,129000,United States,--,USD,4.96,5.18,1,2032-02-09,2.72,4.96,,5.18,4.96,5.18,USD,2022-02-09,2022-02-09
BHP BILLITON FINANCE (USA) LTD,Basic Industry,Fixed Income,115178.52,0.00927,115178.52,135000,Australia,--,USD,10.64,5.73,1,2042-02-24,4.13,10.69,,5.73,10.69,5.73,USD,2012-02-24,2012-02-24
PROGRESSIVE CORPORATION (THE),Insurance,Fixed Income,115012.19,0.00926,115012.19,115000,United States,--,USD,4.08,4.96,1,2031-03-26,4.6,4.09,,4.96,4.09,4.96,USD,2026-03-26,2026-03-26
DTE ELECTRIC CO,Electric,Fixed Income,115058.07,0.00926,115058.07,151000,United States,--,USD,11.98,5.95,1,2045-03-15,3.7,12.14,,5.95,12.14,5.95,USD,2015-03-11,2015-03-11
MICROSOFT CORPORATION,Technology,Fixed Income,114746.96,0.00924,114746.96,123000,United States,--,USD,8.11,5.17,1,2037-02-06,4.1,8.17,,5.17,8.17,5.17,USD,2017-02-06,2017-02-06
CATERPILLAR INC,Capital Goods,Fixed Income,114696.46,0.00923,114696.46,135000,United States,--,USD,11.48,5.73,1,2044-05-15,4.3,11.64,,5.73,11.64,5.73,USD,2014-05-08,2014-05-08
BOOKING HOLDINGS INC,Consumer Cyclical,Fixed Income,114228.5,0.0092,114228.5,115000,United States,--,USD,7.4,5.62,1,2036-05-07,5.38,7.42,,5.62,7.42,5.62,USD,2026-05-07,2026-05-07
JOHN DEERE CAPITAL CORP MTN,Capital Goods,Fixed Income,114171.58,0.00919,114171.58,130000,United States,--,USD,4.56,4.87,1,2031-06-17,2.0,4.55,,4.87,4.55,4.87,USD,2021-06-17,2021-06-17
BROADCOM INC,Technology,Fixed Income,113837.25,0.00916,113837.25,115000,United States,--,USD,2.49,4.83,1,2029-04-15,4.0,2.52,,4.83,2.52,4.83,USD,2026-04-15,2026-07-17
UNION PACIFIC CORPORATION,Transportation,Fixed Income,113391.13,0.00913,113391.13,136000,United States,--,USD,8.08,5.21,1,2036-04-06,2.89,8.09,,5.21,8.09,5.21,USD,2021-04-06,2021-10-01
SNAP-ON INCORPORATED,Capital Goods,Fixed Income,113342.28,0.00912,113342.28,173000,United States,--,USD,14.26,5.86,1,2050-05-01,3.1,14.49,,5.86,14.49,5.86,USD,2020-04-30,2020-04-30
TOYOTA MOTOR CREDIT CORP MTN,Consumer Cyclical,Fixed Income,113165.45,0.00911,113165.45,130000,United States,--,USD,4.22,4.93,1,2031-01-10,1.65,4.2,,4.93,4.2,4.93,USD,2021-01-11,2021-01-11
RIO TINTO FINANCE (USA) PLC,Basic Industry,Fixed Income,113173.29,0.00911,113173.29,124000,Australia,--,USD,10.33,5.76,1,2042-03-22,4.75,10.45,,5.76,10.45,5.76,USD,2012-03-22,2012-03-22
SAN DIEGO GAS & ELECTRIC CO,Electric,Fixed Income,112860.58,0.00909,112860.58,110000,United States,--,USD,1.87,4.73,1,2028-08-15,4.95,1.9,,4.72,1.82,4.72,USD,2023-08-11,2023-08-11
PROLOGIS LP,Reits,Fixed Income,112941.55,0.00909,112941.55,217000,United States,--,USD,15.66,5.92,1,2050-10-15,2.13,15.86,,5.92,15.86,5.92,USD,2020-08-20,2020-08-20
BANK OF NEW YORK MELLON CORP (FXD- MTN,Banking,Fixed Income,112800.11,0.00908,112800.11,115000,United States,--,USD,2.35,4.71,1,2030-01-22,4.03,2.34,,4.71,2.34,4.71,USD,2026-01-22,2026-01-22
COLGATE-PALMOLIVE CO,Consumer Non-Cyclical,Fixed Income,112603.1,0.00907,112603.1,120000,United States,--,USD,5.29,4.7,1,2032-08-15,3.25,5.32,,4.7,5.32,4.7,USD,2022-08-09,2022-08-09
BANK OF AMERICA CORP MTN,Banking,Fixed Income,112651.59,0.00907,112651.59,185000,United States,--,USD,13.25,5.94,1,2051-10-24,2.83,14.86,,5.94,14.85,5.94,USD,2020-10-21,2020-10-21
KELLANOVA,Consumer Non-Cyclical,Fixed Income,112668.56,0.00907,112668.56,100000,United States,--,USD,3.91,4.95,1,2031-04-01,7.45,3.9,,4.95,3.9,4.95,USD,2001-03-29,2001-07-13
NORTHERN STATES POWER COMPANY (MIN,Electric,Fixed Income,112480.53,0.00906,112480.53,153000,United States,--,USD,12.88,5.92,1,2047-09-15,3.6,13.1,,5.92,13.1,5.92,USD,2017-09-13,2017-09-13
GILEAD SCIENCES INC,Consumer Non-Cyclical,Fixed Income,112577.16,0.00906,112577.16,110000,United States,--,USD,5.82,5.1,1,2033-10-15,5.25,5.88,,5.09,5.71,5.09,USD,2023-09-14,2023-09-14
PRINCIPAL FINANCIAL GROUP INC,Insurance,Fixed Income,112254.09,0.00904,112254.09,115000,United States,--,USD,2.57,4.89,1,2029-05-15,3.7,2.61,,4.89,2.61,4.89,USD,2019-05-10,2019-05-10
ESTEE LAUDER COMPANIES INC. (THE),Consumer Non-Cyclical,Fixed Income,112159.61,0.00903,112159.61,115000,United States,--,USD,5.65,5.24,1,2033-05-15,4.65,5.7,,5.24,5.7,5.24,USD,2023-05-12,2023-05-12
PUBLIC SERVICE COMPANY OF COLORADO,Electric,Fixed Income,112164.64,0.00903,112164.64,115000,United States,--,USD,13.17,6.11,1,2055-05-15,5.85,13.43,,6.11,13.43,6.11,USD,2025-03-20,2025-03-20
Hackensack Meridian Health,Consumer Non-Cyclical,Fixed Income,112219.62,0.00903,112219.62,180000,United States,--,USD,14.46,5.92,1,2050-09-01,2.88,14.68,,5.92,14.68,5.92,USD,2020-08-26,2020-08-26
TARGET CORPORATION,Consumer Cyclical,Fixed Income,111924.94,0.00901,111924.94,115000,United States,--,USD,5.51,4.9,1,2033-01-15,4.4,5.55,,4.9,5.55,4.9,USD,2023-01-24,2023-01-24
DUKE ENERGY PROGRESS LLC,Electric,Fixed Income,111765.93,0.009,111765.93,120000,United States,--,USD,4.99,5.02,1,2032-04-01,3.4,5.01,,5.02,5.01,5.02,USD,2022-03-17,2022-03-17
3M CO MTN,Capital Goods,Fixed Income,111690.47,0.00899,111690.47,155000,United States,--,USD,12.86,6.07,1,2047-10-15,3.63,13.06,,6.07,13.06,6.07,USD,2017-10-02,2017-10-02
LOEWS CORPORATION,Insurance,Fixed Income,111697.1,0.00899,111697.1,136000,United States,--,USD,11.15,5.89,1,2043-05-15,4.13,11.27,,5.89,11.27,5.89,USD,2013-05-07,2013-05-07
FORD FOUNDATION,Consumer Cyclical,Fixed Income,111521.38,0.00898,111521.38,205000,United States,--,USD,17.85,5.67,1,2070-06-01,2.81,18.12,,5.67,18.12,5.67,USD,2020-06-25,2020-06-25
DUKE ENERGY PROGRESS LLC,Electric,Fixed Income,111531.89,0.00898,111531.89,136000,United States,--,USD,10.99,5.96,1,2043-03-15,4.1,11.1,,5.96,11.1,5.96,USD,2013-03-12,2013-03-12
TEXAS INSTRUMENTS INC,Technology,Fixed Income,111574.13,0.00898,111574.13,124000,United States,--,USD,3.57,4.79,1,2030-05-04,1.75,3.57,,4.79,3.57,4.79,USD,2020-05-04,2020-05-04
GILEAD SCIENCES INC,Consumer Non-Cyclical,Fixed Income,111064.47,0.00894,111064.47,115000,United States,--,USD,1.16,4.51,1,2027-10-01,1.2,1.15,,4.51,1.15,4.51,USD,2020-09-30,2020-09-30
ATMOS ENERGY CORPORATION,Natural Gas,Fixed Income,110930.2,0.00893,110930.2,135000,United States,--,USD,11.11,5.86,1,2043-01-15,4.15,11.22,,5.86,11.22,5.86,USD,2013-01-11,2013-01-11
MIDAMERICAN ENERGY HLDGS,Electric,Fixed Income,110801.21,0.00892,110801.21,106000,United States,--,USD,7.89,5.53,1,2037-05-15,5.95,7.87,,5.53,7.87,5.53,USD,2007-05-11,2007-07-13
TRAVELERS COMPANIES INC,Insurance,Fixed Income,110384.86,0.00889,110384.86,140000,United States,--,USD,12.88,5.94,1,2049-03-04,4.1,13.11,,5.94,13.11,5.94,USD,2019-03-04,2019-03-04
TRANE TECHNOLOGIES HOLDCO INC,Capital Goods,Fixed Income,109953.93,0.00885,109953.93,110000,United States,--,USD,1.9,4.58,1,2028-08-21,3.75,1.94,,4.58,1.94,4.58,USD,2018-02-21,2018-02-21
ENTERPRISE PRODUCTS OPERATING LLC,Energy,Fixed Income,109690.45,0.00883,109690.45,110000,United States,--,USD,1.78,4.67,1,2028-06-20,4.3,1.8,,4.67,1.8,4.67,USD,2025-06-20,2025-06-20
WASTE CONNECTIONS INC,Capital Goods,Fixed Income,109554.86,0.00882,109554.86,120000,United States,--,USD,5.19,5.03,1,2032-06-01,3.2,5.2,,5.03,5.2,5.03,USD,2022-03-09,2022-03-09
GLAXOSMITHKLINE CAPITAL INC,Consumer Non-Cyclical,Fixed Income,109138.28,0.00879,109138.28,129000,United Kingdom,--,USD,11.04,5.79,1,2043-03-18,4.2,11.12,,5.79,11.12,5.79,USD,2013-03-18,2013-03-18
TOYOTA MOTOR CORPORATION,Consumer Cyclical,Fixed Income,109181.77,0.00879,109181.77,111000,Japan,--,USD,1.9,4.55,1,2028-07-20,3.67,1.89,,4.55,1.89,4.55,USD,2018-07-20,2018-07-20
LAM RESEARCH CORPORATION,Technology,Fixed Income,109113.4,0.00878,109113.4,176000,United States,--,USD,14.62,5.88,1,2050-06-15,2.88,14.85,,5.88,14.85,5.88,USD,2020-05-05,2020-05-05
AEP TRANSMISSION COMPANY LLC,Electric,Fixed Income,108983.11,0.00877,108983.11,110000,United States,--,USD,7.5,5.48,1,2036-06-01,5.25,7.53,,5.48,7.53,5.48,USD,2026-05-28,2026-05-28
VIRGINIA ELECTRIC AND POWER COMPAN,Electric,Fixed Income,108833.17,0.00876,108833.17,133000,United States,--,USD,13.3,6.1,1,2052-05-15,4.63,13.54,,6.1,13.54,6.1,USD,2022-05-31,2022-05-31
KENTUCKY UTILITIES COMPANY,Electric,Fixed Income,108647.86,0.00875,108647.86,165000,United States,--,USD,13.98,6.06,1,2050-06-01,3.3,14.21,,6.06,14.21,6.06,USD,2020-06-03,2020-06-03
WALMART INC,Consumer Cyclical,Fixed Income,108649.68,0.00875,108649.68,110000,United States,--,USD,4.21,4.66,1,2031-04-30,4.15,4.23,,4.66,4.23,4.66,USD,2026-04-30,2026-04-30
THERMO FISHER SCIENTIFIC INC,Consumer Non-Cyclical,Fixed Income,107785.78,0.00868,107785.78,105000,United States,--,USD,5.96,5.17,1,2034-01-31,5.2,6.01,,5.17,5.85,5.17,USD,2023-12-05,2023-12-05
WALMART INC,Consumer Cyclical,Fixed Income,107788.63,0.00868,107788.63,165000,United States,--,USD,14.25,5.75,1,2049-09-24,2.95,14.49,,5.75,14.49,5.75,USD,2019-09-24,2019-09-24
DIAGEO CAPITAL PLC,Consumer Non-Cyclical,Fixed Income,106852.29,0.0086,106852.29,136000,United Kingdom,--,USD,11.22,6.01,1,2043-04-29,3.88,11.33,,6.01,11.33,6.01,USD,2013-04-29,2013-04-29
FLORIDA POWER & LIGHT CO,Electric,Fixed Income,106645.48,0.00859,106645.48,137000,United States,--,USD,12.77,6.01,1,2048-06-01,4.13,13.0,,6.01,13.0,6.01,USD,2018-05-08,2018-05-08
ALPHABET INC,Technology,Fixed Income,106468.93,0.00857,106468.93,110000,United States,--,USD,1.04,4.27,1,2027-08-15,0.8,1.03,,4.27,1.03,4.27,USD,2020-08-05,2020-08-05
CHILDRENS HOSPITAL OF PHILADELPHI,Consumer Non-Cyclical,Fixed Income,105533.9,0.0085,105533.9,175000,United States,--,USD,14.93,5.81,1,2050-07-01,2.7,15.16,,5.81,15.16,5.81,USD,2020-10-13,2020-10-13
COLGATE-PALMOLIVE CO MTN,Consumer Non-Cyclical,Fixed Income,105640.87,0.0085,105640.87,138000,United States,--,USD,12.75,5.79,1,2047-08-01,3.7,12.98,,5.79,12.98,5.79,USD,2017-07-28,2017-07-28
UNION ELECTRIC CO,Electric,Fixed Income,103681.71,0.00835,103681.71,110000,United States,--,USD,12.91,6.03,1,2053-03-15,5.45,13.17,,6.03,13.17,6.03,USD,2023-03-13,2023-03-13
SOUTHERN CALIFORNIA GAS COMPANY,Natural Gas,Fixed Income,102982.36,0.00829,102982.36,132000,United States,--,USD,12.83,6.12,1,2049-01-15,4.3,13.06,,6.12,13.06,6.12,USD,2018-09-24,2018-09-24
HESS CORP,Energy,Fixed Income,102699.11,0.00827,102699.11,100000,United States,--,USD,9.2,5.72,1,2040-01-15,6.0,9.21,,5.72,9.21,5.72,USD,2009-12-14,2009-12-14
AMERIPRISE FINANCIAL INC,Brokerage/Asset Managers/Exchanges,Fixed Income,102781.25,0.00827,102781.25,100000,United States,--,USD,2.16,4.72,1,2028-12-15,5.7,2.21,,4.69,2.14,4.69,USD,2023-11-09,2023-11-09
BERKSHIRE HATHAWAY ENERGY CO,Electric,Fixed Income,102484.33,0.00825,102484.33,104000,United States,--,USD,1.63,4.67,1,2028-04-15,3.25,1.64,,4.67,1.64,4.67,USD,2018-04-15,2018-05-02
PUBLIC STORAGE OPERATING CO,Reits,Fixed Income,102266.07,0.00823,102266.07,105000,United States,--,USD,7.31,5.43,1,2035-12-15,5.0,7.34,,5.43,7.34,5.43,USD,2026-04-06,2026-04-06
AUTOMATIC DATA PROCESSING INC,Technology,Fixed Income,102273.44,0.00823,102273.44,107000,United States,--,USD,1.75,4.45,1,2028-05-15,1.7,1.75,,4.45,1.75,4.45,USD,2021-05-14,2021-05-14
PUGET SOUND ENERGY INC,Electric,Fixed Income,102073.01,0.00822,102073.01,130000,United States,--,USD,12.72,6.04,1,2048-06-15,4.22,12.95,,6.04,12.95,6.04,USD,2018-06-14,2018-06-14
TRAVELERS COMPANIES INC,Insurance,Fixed Income,101830.79,0.0082,101830.79,175000,United States,--,USD,14.91,5.89,1,2050-04-27,2.55,15.12,,5.89,15.12,5.89,USD,2020-04-27,2020-04-27
TRUSTEES OF PRINCETON UNIVERSITY,Industrial Other,Fixed Income,101853.34,0.0082,101853.34,169000,United States,--,USD,14.76,5.69,1,2050-07-01,2.52,14.94,,5.69,14.94,5.69,USD,2020-06-15,2020-06-15
BROADCOM INC,Technology,Fixed Income,101789.95,0.00819,101789.95,100000,United States,--,USD,3.3,4.92,1,2030-04-15,5.05,3.32,,4.92,3.25,4.92,USD,2025-01-10,2025-01-10
CENTERPOINT ENERGY HOUSTON ELECTRI,Electric,Fixed Income,101602.83,0.00818,101602.83,130000,United States,--,USD,11.05,5.83,1,2042-08-01,3.55,11.14,,5.83,11.14,5.83,USD,2012-08-10,2012-08-10
TWDC ENTERPRISES 18 CORP,Communications,Fixed Income,100900.54,0.00812,100900.54,130000,United States,--,USD,11.29,5.9,1,2042-12-01,3.7,11.35,,5.9,11.35,5.9,USD,2012-11-30,2012-11-30
WELLTOWER OP LLC,Reits,Fixed Income,100438.1,0.00809,100438.1,100000,United States,--,USD,1.57,4.68,1,2028-04-15,4.25,1.63,,4.68,1.63,4.68,USD,2018-04-10,2018-04-10
EVERGY KANSAS CENTRAL INC,Electric,Fixed Income,100491.59,0.00809,100491.59,100000,United States,--,USD,6.69,5.45,1,2035-03-15,5.25,6.73,,5.45,6.73,5.45,USD,2025-03-13,2025-03-13
STANFORD UNIVERSITY,Industrial Other,Fixed Income,100219.49,0.00807,100219.49,100000,United States,--,USD,3.55,4.63,1,2030-08-01,4.15,3.59,,4.63,3.59,4.63,USD,2025-08-13,2025-08-13
ALABAMA POWER COMPANY,Electric,Fixed Income,100261.65,0.00807,100261.65,100000,United States,--,USD,6.72,5.29,1,2035-04-02,5.1,6.83,,5.29,6.83,5.29,USD,2025-03-31,2025-03-31
US BANK NA ASSOCIATION (FXD-FRN) MTN,Banking,Fixed Income,100283.48,0.00807,100283.48,100000,United States,--,USD,1.73,4.66,1,2029-05-20,4.54,1.72,,4.66,1.72,4.66,USD,2026-05-20,2026-05-20
HONEYWELL INTERNATIONAL INC,Capital Goods,Fixed Income,100285.71,0.00807,100285.71,100000,United States,--,USD,6.72,5.25,1,2035-03-01,5.0,6.77,,5.25,6.77,5.25,USD,2024-03-01,2024-03-01
AMERICAN HONDA FINANCE CORP (FXD) MTN,Consumer Cyclical,Fixed Income,99686.17,0.00803,99686.17,100000,United States,--,USD,2.72,4.99,1,2029-07-06,4.8,2.71,,4.99,2.71,4.99,USD,2026-07-08,2026-07-08
YALE UNIVERSITY,Industrial Other,Fixed Income,99732.47,0.00803,99732.47,170000,United States,--,USD,15.27,5.63,1,2050-04-15,2.4,15.5,,5.63,15.5,5.63,USD,2020-06-09,2020-06-09
PUBLIC SERVICE COMPANY OF COLORADO,Electric,Fixed Income,99620.92,0.00802,99620.92,129000,United States,--,USD,11.1,5.94,1,2042-09-15,3.6,11.19,,5.94,11.19,5.94,USD,2012-09-11,2012-09-11
AMERICAN HONDA FINANCE CORPORATION MTN,Consumer Cyclical,Fixed Income,99299.88,0.00799,99299.88,100000,United States,--,USD,4.34,5.26,1,2031-07-08,5.05,4.32,,5.26,4.32,5.26,USD,2026-07-08,2026-07-08
NORTHWESTERN UNIVERSITY,Industrial Other,Fixed Income,99054.82,0.00797,99054.82,100000,United States,--,USD,7.3,5.16,1,2035-12-01,4.94,7.34,,5.16,7.34,5.16,USD,2025-03-14,2025-03-14
NORTHERN STATES POWER COMPANY (MIN,Electric,Fixed Income,98539.49,0.00793,98539.49,129000,United States,--,USD,11.19,5.83,1,2042-08-15,3.4,11.28,,5.83,11.28,5.83,USD,2012-08-13,2012-08-13
REALTY INCOME CORPORATION,Reits,Fixed Income,98195.95,0.00791,98195.95,100000,United States,--,USD,1.43,4.73,1,2028-01-15,3.4,1.42,,4.73,1.42,4.73,USD,2021-07-15,2021-07-15
DUKE ENERGY INDIANA LLC,Electric,Fixed Income,96155.92,0.00774,96155.92,160000,United States,--,USD,14.5,5.99,1,2050-04-01,2.75,14.71,,5.99,14.71,5.99,USD,2020-03-12,2020-03-12
WASTE CONNECTIONS INC,Capital Goods,Fixed Income,95322.99,0.00767,95322.99,110000,United States,--,USD,5.04,5.03,1,2032-01-15,2.2,5.03,,5.03,5.03,5.03,USD,2021-09-20,2021-09-20
CONSOLIDATED EDISON COMPANY OF NEW,Electric,Fixed Income,94868.91,0.00764,94868.91,125000,United States,--,USD,14.37,6.1,1,2056-12-01,4.3,14.63,,6.1,14.63,6.1,USD,2016-11-16,2016-11-16
TOYOTA MOTOR CORPORATION,Consumer Cyclical,Fixed Income,94927.45,0.00764,94927.45,105000,Japan,--,USD,4.29,4.87,1,2031-03-25,2.36,4.29,,4.87,4.29,4.87,USD,2021-03-25,2021-03-25
AMERICAN HONDA FINANCE CORPORATION MTN,Consumer Cyclical,Fixed Income,94468.4,0.00761,94468.4,95000,United States,--,USD,6.73,5.58,1,2035-03-05,5.2,6.7,,5.58,6.7,5.58,USD,2025-03-05,2025-03-05
CANADIAN NATIONAL RAILWAY COMPANY,Transportation,Fixed Income,94491.96,0.00761,94491.96,165000,Canada,--,USD,15.09,5.84,1,2050-05-01,2.45,15.31,,5.84,15.31,5.84,USD,2020-05-01,2020-05-01
REPUBLIC SERVICES INC,Capital Goods,Fixed Income,94228.02,0.00759,94228.02,95000,United States,--,USD,1.25,4.52,1,2027-11-15,3.38,1.26,,4.52,1.26,4.52,USD,2017-11-16,2017-11-16
SALESFORCE INC,Technology,Fixed Income,94071.6,0.00757,94071.6,100000,United States,--,USD,1.92,4.69,1,2028-07-15,1.5,1.91,,4.69,1.91,4.69,USD,2021-07-12,2021-07-12
CSX CORP,Transportation,Fixed Income,93838.61,0.00755,93838.61,165000,United States,--,USD,15.35,5.85,1,2051-05-15,2.5,15.57,,5.85,15.57,5.85,USD,2020-12-10,2020-12-10
TRAVELERS COMPANIES INC,Insurance,Fixed Income,93696.36,0.00754,93696.36,100000,United States,--,USD,13.13,5.99,1,2053-05-25,5.45,13.4,,5.99,13.4,5.99,USD,2023-05-25,2023-05-25
KIMCO REALTY OP LLC,Reits,Fixed Income,92799.3,0.00747,92799.3,100000,United States,--,USD,3.86,4.82,1,2030-10-01,2.7,3.87,,4.82,3.87,4.82,USD,2020-07-13,2020-07-13
NATIONAL RURAL UTILITIES COOPERATI MTN,Electric,Fixed Income,92238.9,0.00743,92238.9,90000,United States,--,USD,3.12,4.89,1,2030-02-07,4.95,3.14,,4.89,3.07,4.89,USD,2025-02-07,2025-02-07
ANHEUSER-BUSCH INBEV WORLDWIDE INC,Consumer Non-Cyclical,Fixed Income,91713.79,0.00738,91713.79,105000,Belgium,--,USD,13.38,5.51,1,2050-06-01,4.5,13.67,,5.51,13.67,5.51,USD,2020-04-03,2020-04-03
ALLEGHANY CORPORATION,Insurance,Fixed Income,91454.38,0.00736,91454.38,140000,United States,--,USD,14.12,6.07,1,2051-08-15,3.25,14.34,,6.07,14.34,6.07,USD,2021-08-13,2021-08-13
BROADCOM INC,Technology,Fixed Income,91476.01,0.00736,91476.01,90000,United States,--,USD,4.8,5.15,1,2032-04-15,5.2,4.83,,5.15,4.71,5.15,USD,2025-01-10,2025-01-10
AMERICAN HONDA FINANCE CORPORATION MTN,Consumer Cyclical,Fixed Income,90748.77,0.00731,90748.77,90000,United States,--,USD,1.62,4.83,1,2028-04-10,4.55,1.61,,4.83,1.61,4.83,USD,2026-04-10,2026-04-10
GENERAL DYNAMICS CORPORATION,Capital Goods,Fixed Income,90575.5,0.00729,90575.5,125000,United States,--,USD,11.18,5.66,1,2041-06-01,2.85,11.25,,5.66,11.25,5.66,USD,2021-05-10,2021-05-10
CHARLES SCHWAB CORPORATION (THE),Brokerage/Asset Managers/Exchanges,Fixed Income,90584.23,0.00729,90584.23,104000,United States,--,USD,4.33,4.95,1,2031-03-11,1.65,4.33,,4.95,4.33,4.95,USD,2020-12-11,2020-12-11
TWDC ENTERPRISES 18 CORP MTN,Communications,Fixed Income,90292.12,0.00727,90292.12,134000,United States,--,USD,13.02,5.93,1,2046-07-30,3.0,13.16,,5.93,13.16,5.93,USD,2016-07-12,2016-07-12
NOVARTIS CAPITAL CORP,Consumer Non-Cyclical,Fixed Income,89435.65,0.0072,89435.65,90000,Switzerland,--,USD,2.13,4.58,1,2028-11-05,3.9,2.14,,4.58,2.14,4.58,USD,2025-11-05,2025-11-05
MERCK & CO INC,Consumer Non-Cyclical,Fixed Income,89477.62,0.0072,89477.62,114000,United States,--,USD,11.14,5.79,1,2042-09-15,3.6,11.24,,5.79,11.24,5.79,USD,2012-09-13,2012-09-13
COMMONWEALTH EDISON COMPANY,Electric,Fixed Income,89007.67,0.00717,89007.67,90000,United States,--,USD,13.19,6.09,1,2055-06-01,5.95,13.45,,6.09,13.45,6.09,USD,2025-05-19,2025-05-19
KIMCO REALTY OP LLC,Reits,Fixed Income,89094.54,0.00717,89094.54,90000,United States,--,USD,5.39,5.18,1,2033-02-01,4.6,5.43,,5.18,5.43,5.18,USD,2022-08-24,2022-08-24
CATERPILLAR INC,Capital Goods,Fixed Income,88888.22,0.00716,88888.22,100000,United States,--,USD,4.31,4.77,1,2031-03-12,1.9,4.31,,4.77,4.31,4.77,USD,2021-03-12,2021-03-12
BROADCOM INC,Technology,Fixed Income,88805.38,0.00715,88805.38,90000,United States,--,USD,3.57,5.0,1,2030-07-15,4.6,3.58,,5.0,3.58,5.0,USD,2025-07-11,2025-07-11
BANCO BILBAO VIZCAYA ARGENTARIA SA,Banking,Fixed Income,88196.02,0.0071,88196.02,85000,Spain,--,USD,1.05,5.74,1,2028-09-14,6.14,1.06,,4.71,1.07,4.71,USD,2022-09-14,2022-09-14
SUMITOMO MITSUI FINANCIAL GROUP IN,Banking,Fixed Income,88111.37,0.00709,88111.37,132000,Japan,--,USD,11.45,5.71,1,2041-01-12,2.3,11.46,,5.71,11.46,5.71,USD,2021-01-12,2021-01-12
MASSACHUSETTS INSTITUTE OF TECHNOL,Industrial Other,Fixed Income,87779.5,0.00707,87779.5,133000,United States,--,USD,16.76,5.92,1,2116-07-01,3.88,16.93,,5.92,16.93,5.92,USD,2016-08-02,2016-08-02
PRESIDENT AND FELLOWS OF HARVARD C,Industrial Other,Fixed Income,87577.07,0.00705,87577.07,124000,United States,--,USD,13.24,5.62,1,2046-07-15,3.15,13.45,,5.62,13.45,5.62,USD,2016-10-13,2016-10-13
WASTE MANAGEMENT INC,Capital Goods,Fixed Income,87131.95,0.00701,87131.95,150000,United States,--,USD,15.27,5.76,1,2050-11-15,2.5,15.5,,5.76,15.5,5.76,USD,2020-11-17,2020-11-17
BALTIMORE GAS AND ELECTRIC CO,Electric,Fixed Income,86759.09,0.00698,86759.09,98000,United States,--,USD,4.52,4.97,1,2031-06-15,2.25,4.52,,4.97,4.52,4.97,USD,2021-06-10,2021-06-10
UNIVERSITY OF SOUTHERN CALIFORNIA,Industrial Other,Fixed Income,86073.87,0.00693,86073.87,95000,United States,--,USD,13.54,5.78,1,2053-10-01,4.98,13.82,,5.78,13.82,5.78,USD,2023-07-18,2023-07-18
SAN DIEGO GAS & ELECTRIC CO,Electric,Fixed Income,84517.65,0.0068,84517.65,120000,United States,--,USD,13.85,6.1,1,2052-03-15,3.7,14.08,,6.1,14.08,6.1,USD,2022-03-11,2022-03-11
CUMMINS INC,Consumer Cyclical,Fixed Income,83632.8,0.00673,83632.8,142000,United States,--,USD,14.83,5.9,1,2050-09-01,2.6,15.05,,5.9,15.05,5.9,USD,2020-08-24,2020-08-24
HARTFORD INSURANCE GROUP INC,Insurance,Fixed Income,81969.96,0.0066,81969.96,100000,United States,--,USD,12.36,6.03,1,2048-03-15,4.4,12.59,,6.03,12.59,6.03,USD,2018-03-15,2018-03-15
AMERICAN INTERNATIONAL GROUP INC,Insurance,Fixed Income,81996.76,0.0066,81996.76,95000,United States,--,USD,12.2,6.01,1,2048-04-01,4.75,12.44,,6.01,12.44,6.01,USD,2018-03-26,2018-03-26
3M CO MTN,Capital Goods,Fixed Income,80810.75,0.00651,80810.75,120000,United States,--,USD,12.93,6.04,1,2046-09-19,3.13,13.11,,6.04,13.11,6.04,USD,2016-09-19,2016-09-19
SHELL INTERNATIONAL FINANCE BV,Energy,Fixed Income,80616.8,0.00649,80616.8,103000,United Kingdom,--,USD,11.08,5.88,1,2042-08-21,3.63,11.13,,5.88,11.13,5.88,USD,2012-08-21,2012-08-21
PHILIP MORRIS INTERNATIONAL INC,Consumer Non-Cyclical,Fixed Income,80366.53,0.00647,80366.53,80000,United States,--,USD,2.95,4.82,1,2029-11-01,4.63,2.97,,4.82,2.97,4.82,USD,2024-11-01,2024-11-01
TEXAS INSTRUMENTS INC,Technology,Fixed Income,79876.12,0.00643,79876.12,80000,United States,--,USD,3.46,4.76,1,2030-05-23,4.5,3.45,,4.76,3.45,4.76,USD,2025-05-23,2025-05-23
WELLTOWER OP LLC,Reits,Fixed Income,79709.33,0.00642,79709.33,85000,United States,--,USD,2.38,4.76,1,2029-01-15,2.05,2.37,,4.76,2.37,4.76,USD,2021-06-28,2021-06-28
STATE STREET CORP,Banking,Fixed Income,79798.47,0.00642,79798.47,85000,United States,--,USD,3.26,4.69,1,2030-01-24,2.4,3.26,,4.69,3.26,4.69,USD,2020-01-24,2020-01-24
PROLOGIS LP,Reits,Fixed Income,79655.03,0.00641,79655.03,80000,United States,--,USD,3.97,4.88,1,2031-01-15,4.75,3.98,,4.88,3.98,4.88,USD,2025-05-07,2025-05-07
KIMBERLY-CLARK CORPORATION,Consumer Non-Cyclical,Fixed Income,79527.39,0.0064,79527.39,114000,United States,--,USD,12.79,5.93,1,2046-07-30,3.2,12.97,,5.93,12.97,5.93,USD,2016-07-29,2016-07-29
PEPSICO INC,Consumer Non-Cyclical,Fixed Income,78715.49,0.00634,78715.49,100000,United States,--,USD,14.01,5.8,1,2052-07-18,4.2,14.27,,5.8,14.27,5.8,USD,2022-07-18,2022-07-18
UNITEDHEALTH GROUP INC,Insurance,Fixed Income,78744.31,0.00634,78744.31,95000,United States,--,USD,14.45,6.21,1,2062-05-15,4.95,14.7,,6.21,14.7,6.21,USD,2022-05-20,2022-05-20
PROGRESS ENERGY CAROLINAS INC,Electric,Fixed Income,78276.26,0.0063,78276.26,95000,United States,--,USD,10.76,5.9,1,2042-05-15,4.1,10.86,,5.9,10.86,5.9,USD,2012-05-18,2012-05-18
GEORGIA POWER COMPANY,Electric,Fixed Income,76513.89,0.00616,76513.89,105000,United States,--,USD,13.33,6.01,1,2050-01-30,3.7,13.55,,6.01,13.55,6.01,USD,2020-01-10,2020-01-10
LOCKHEED MARTIN CORPORATION,Capital Goods,Fixed Income,76230.53,0.00614,76230.53,80000,United States,--,USD,7.63,5.23,1,2036-05-15,4.5,7.71,,5.23,7.71,5.23,USD,2015-11-23,2015-11-23
TOYOTA MOTOR CORPORATION,Consumer Cyclical,Fixed Income,75867.07,0.00611,75867.07,75000,Japan,--,USD,1.81,4.57,1,2028-07-13,5.12,1.86,,4.55,1.78,4.55,USD,2023-07-13,2023-07-13
LOCKHEED MARTIN CORP,Capital Goods,Fixed Income,75586.9,0.00609,75586.9,83000,United States,--,USD,7.03,5.1,1,2035-03-01,3.6,7.1,,5.1,7.1,5.1,USD,2015-02-20,2015-02-20
WASTE CONNECTIONS INC,Capital Goods,Fixed Income,75348.29,0.00607,75348.29,80000,United States,--,USD,3.26,4.8,1,2030-02-01,2.6,3.26,,4.8,3.26,4.8,USD,2020-01-23,2020-01-23
SERVICENOW INC,Technology,Fixed Income,75063.18,0.00604,75063.18,75000,United States,--,USD,1.71,4.66,1,2028-05-15,4.25,1.71,,4.66,1.71,4.66,USD,2026-05-15,2026-05-15
NATIONAL RURAL UTILITIES COOPERATI,Electric,Fixed Income,74906.62,0.00603,74906.62,92000,United States,--,USD,12.77,5.92,1,2049-03-15,4.3,13.01,,5.92,13.01,5.92,USD,2019-01-31,2019-01-31
PROGRESSIVE CORPORATION (THE),Insurance,Fixed Income,74597.68,0.00601,74597.68,98000,United States,--,USD,13.31,5.94,1,2050-03-26,3.95,13.55,,5.94,13.55,5.94,USD,2020-03-26,2020-03-26
BROADCOM INC,Technology,Fixed Income,74304.25,0.00598,74304.25,75000,United States,--,USD,4.73,5.16,1,2032-02-15,4.55,4.74,,5.16,4.74,5.16,USD,2024-10-02,2024-10-02
ECOLAB INC,Basic Industry,Fixed Income,73909.78,0.00595,73909.78,140000,United States,--,USD,15.52,5.89,1,2050-08-15,2.13,15.72,,5.89,15.72,5.89,USD,2020-08-13,2020-08-13
NIKE INC,Consumer Cyclical,Fixed Income,73953.46,0.00595,73953.46,105000,United States,--,USD,12.84,5.98,1,2046-11-01,3.38,13.04,,5.98,13.04,5.98,USD,2016-10-21,2016-10-21
NEW YORK AND PRESBYTERIAN HOSPITAL,Consumer Non-Cyclical,Fixed Income,71394.48,0.00575,71394.48,105000,United States,--,USD,16.14,5.99,1,2119-08-01,3.95,16.31,,5.99,16.31,5.99,USD,2019-10-29,2019-10-29
STATE STREET CORP,Banking,Fixed Income,71149.06,0.00573,71149.06,70000,United States,--,USD,1.48,4.62,1,2029-02-20,4.53,1.47,,4.62,1.47,4.62,USD,2024-08-20,2024-08-20
UNION ELECTRIC CO,Electric,Fixed Income,70827.49,0.0057,70827.49,70000,United States,--,USD,6.12,5.27,1,2034-04-01,5.2,6.17,,5.27,6.17,5.27,USD,2024-04-04,2024-04-04
WASTE MANAGEMENT INC,Capital Goods,Fixed Income,69925.05,0.00563,69925.05,70000,United States,--,USD,5.42,5.01,1,2033-02-15,4.63,5.47,,5.01,5.47,5.01,USD,2023-02-15,2023-02-15
DTE ELECTRIC COMPANY,Electric,Fixed Income,69658.82,0.00561,69658.82,90000,United States,--,USD,12.8,5.98,1,2048-05-15,4.05,13.03,,5.98,13.03,5.98,USD,2018-05-07,2018-05-07
GENERAL DYNAMICS CORPORATION,Capital Goods,Fixed Income,69529.91,0.0056,69529.91,78000,United States,--,USD,4.48,4.86,1,2031-06-01,2.25,4.48,,4.86,4.48,4.86,USD,2021-05-10,2021-05-10
ENTERGY MISSISSIPPI LLC,Electric,Fixed Income,68744.24,0.00553,68744.24,70000,United States,--,USD,7.38,5.55,1,2036-04-15,5.05,7.41,,5.55,7.41,5.55,USD,2026-03-06,2026-03-06
AMERICAN INTERNATIONAL GROUP INC,Insurance,Fixed Income,67379.27,0.00542,67379.27,80000,United States,--,USD,11.45,5.95,1,2044-07-16,4.5,11.6,,5.95,11.6,5.95,USD,2014-07-16,2014-07-16
DUKE ENERGY CAROLINAS LLC,Electric,Fixed Income,65912.04,0.00531,65912.04,95000,United States,--,USD,14.07,6.0,1,2052-03-15,3.55,14.31,,6.0,14.31,6.0,USD,2022-03-04,2022-03-04
ONCOR ELECTRIC DELIVERY COMPANY LL,Electric,Fixed Income,64028.75,0.00515,64028.75,65000,United States,--,USD,2.13,4.71,1,2028-11-15,3.7,2.17,,4.71,2.17,4.71,USD,2018-11-15,2019-01-24
PUBLIC STORAGE OPERATING CO,Reits,Fixed Income,63386.24,0.0051,63386.24,65000,United States,--,USD,7.7,5.48,1,2036-08-15,5.15,7.73,,5.48,7.73,5.48,USD,2026-07-20,2026-07-20
TRAVELERS COMPANIES INC,Insurance,Fixed Income,62130.42,0.005,62130.42,70000,United States,--,USD,10.87,5.86,1,2043-08-01,4.6,10.95,,5.86,10.95,5.86,USD,2013-08-01,2013-08-01
DTE ELECTRIC COMPANY,Electric,Fixed Income,62024.87,0.00499,62024.87,97000,United States,--,USD,14.25,5.89,1,2050-03-01,2.95,14.47,,5.89,14.47,5.89,USD,2020-02-26,2020-02-26
REALTY INCOME CORPORATION,Reits,Fixed Income,61336.53,0.00494,61336.53,71000,United States,--,USD,11.97,5.94,1,2047-03-15,4.65,12.2,,5.94,12.2,5.94,USD,2017-03-15,2017-03-15
SUTTER HEALTH,Consumer Non-Cyclical,Fixed Income,61281.58,0.00493,61281.58,89000,United States,--,USD,13.88,5.92,1,2050-08-15,3.36,14.11,,5.92,14.11,5.92,USD,2020-10-29,2020-10-29
KELLANOVA,Consumer Non-Cyclical,Fixed Income,60175.1,0.00484,60175.1,60000,United States,--,USD,1.63,4.6,1,2028-05-15,4.3,1.71,,4.6,1.71,4.6,USD,2018-05-14,2018-05-14
NETFLIX INC,Communications,Fixed Income,59893.19,0.00482,59893.19,60000,United States,--,USD,6.38,5.26,1,2034-08-15,4.9,6.42,,5.26,6.42,5.26,USD,2024-08-01,2024-08-01
EMERSON ELECTRIC CO,Capital Goods,Fixed Income,59581.36,0.0048,59581.36,97000,United States,--,USD,14.83,5.79,1,2050-10-15,2.75,15.06,,5.79,15.06,5.79,USD,2020-04-29,2020-04-29
MASSACHUSETTS INSTITUTE OF TECHNOL,Industrial Other,Fixed Income,59585.83,0.0048,59585.83,60000,United States,--,USD,13.69,5.72,1,2055-06-01,5.62,13.98,,5.72,13.98,5.72,USD,2025-05-09,2025-05-09
PAYPAL HOLDINGS INC,Technology,Fixed Income,59036.39,0.00475,59036.39,60000,United States,--,USD,7.38,5.91,1,2036-06-01,5.55,7.39,,5.91,7.39,5.91,USD,2026-05-15,2026-05-15
DUKE ENERGY FLORIDA LLC,Electric,Fixed Income,58750.74,0.00473,58750.74,60000,United States,--,USD,3.9,4.89,1,2030-12-01,4.2,3.9,,4.89,3.9,4.89,USD,2025-11-26,2025-11-26
HUNTINGTON NATIONAL BANK (THE),Banking,Fixed Income,56185.32,0.00452,56185.32,55000,United States,--,USD,3.05,5.03,1,2030-01-10,5.65,3.11,,5.0,2.98,5.0,USD,2022-11-18,2022-11-18
SOUTHERN CALIFORNIA EDISON COMPANY,Electric,Fixed Income,55674.59,0.00448,55674.59,60000,United States,--,USD,12.61,6.51,1,2053-12-01,5.88,12.84,,6.51,12.84,6.51,USD,2023-05-22,2023-05-22
SERVICENOW INC,Technology,Fixed Income,54044.49,0.00435,54044.49,55000,United States,--,USD,12.76,6.52,1,2056-05-15,6.3,12.99,,6.52,12.99,6.52,USD,2026-05-15,2026-05-15
SHELL INTERNATIONAL FINANCE BV,Energy,Fixed Income,53909.85,0.00434,53909.85,50000,United Kingdom,--,USD,8.59,5.57,1,2038-12-15,6.38,8.6,,5.57,8.6,5.57,USD,2008-12-11,2008-12-11
ASTRAZENECA PLC,Consumer Non-Cyclical,Fixed Income,51664.55,0.00416,51664.55,95000,United Kingdom,--,USD,15.63,5.71,1,2050-08-06,2.13,15.84,,5.71,15.84,5.71,USD,2020-08-06,2020-08-06
SOUTHERN CALIFORNIA GAS COMPANY,Natural Gas,Fixed Income,50319.69,0.00405,50319.69,50000,United States,--,USD,5.61,5.22,1,2033-06-01,5.2,5.66,,5.22,5.66,5.22,USD,2023-05-23,2023-05-23
PRUDENTIAL FINANCIAL INC MTN,Insurance,Fixed Income,49704.01,0.004,49704.01,66000,United States,--,USD,10.33,5.76,1,2040-03-10,3.0,10.36,,5.76,10.36,5.76,USD,2020-03-10,2020-03-10
DEERE FUNDING CANADA CORP,Capital Goods,Fixed Income,49251.58,0.00397,49251.58,50000,United States,--,USD,3.75,4.86,1,2030-10-09,4.15,3.76,,4.86,3.76,4.86,USD,2025-10-09,2025-10-09
ERP OPERATING LP,Reits,Fixed Income,48901.29,0.00394,48901.29,49000,United States,--,USD,4.99,5.09,1,2032-06-15,4.95,5.03,,5.09,5.03,5.09,USD,2025-05-12,2025-05-12
BROADCOM INC,Technology,Fixed Income,48999.79,0.00394,48999.79,50000,United States,--,USD,3.77,5.03,1,2030-10-15,4.2,3.77,,5.03,3.77,5.03,USD,2025-09-29,2025-09-29
ANHEUSER-BUSCH INBEV FINANCE INC,Consumer Non-Cyclical,Fixed Income,48681.53,0.00392,48681.53,50000,Belgium,--,USD,7.29,5.36,1,2036-02-01,4.7,7.36,,5.36,7.36,5.36,USD,2016-01-25,2016-01-25
MID-AMERICA APARTMENTS LP,Reits,Fixed Income,48402.83,0.0039,48402.83,50000,United States,--,USD,5.49,5.26,1,2033-01-15,4.65,5.5,,5.26,5.5,5.26,USD,2025-11-10,2025-11-10
CSX CORP,Transportation,Fixed Income,47219.18,0.0038,47219.18,55000,United States,--,USD,12.47,5.98,1,2048-11-15,4.75,12.71,,5.98,12.71,5.98,USD,2018-11-15,2018-11-15
CONSOLIDATED EDISON COMPANY OF NEW,Electric,Fixed Income,46804.96,0.00377,46804.96,50000,United States,--,USD,13.17,6.12,1,2055-03-15,5.5,13.43,,6.12,13.43,6.12,USD,2024-11-18,2024-11-18
NOVARTIS CAPITAL CORP,Consumer Non-Cyclical,Fixed Income,46826.56,0.00377,46826.56,50000,Switzerland,--,USD,13.77,5.84,1,2055-11-05,5.3,14.05,,5.84,14.05,5.84,USD,2025-11-05,2025-11-05
JOHNSON & JOHNSON,Consumer Non-Cyclical,Fixed Income,45005.5,0.00362,45005.5,80000,United States,--,USD,15.52,5.67,1,2050-09-01,2.25,15.75,,5.67,15.75,5.67,USD,2020-08-25,2020-08-25
TRANE TECHNOLOGIES FINANCING LTD,Capital Goods,Fixed Income,44858.78,0.00361,44858.78,45000,United States,--,USD,6.33,5.24,1,2034-06-13,5.1,6.38,,5.24,6.38,5.24,USD,2024-06-13,2024-06-13
CENTERPOINT ENERGY HOUSTON ELECTRI,Electric,Fixed Income,44860.8,0.00361,44860.8,45000,United States,--,USD,6.7,5.39,1,2035-03-01,5.05,6.74,,5.39,6.74,5.39,USD,2024-11-04,2024-11-04
TRAVELERS COMPANIES INC,Insurance,Fixed Income,44879.76,0.00361,44879.76,45000,United States,--,USD,4.37,5.01,1,2031-07-24,4.95,4.38,,5.01,4.38,5.01,USD,2026-07-24,2026-07-24
MIDAMERICAN ENERGY COMPANY,Electric,Fixed Income,44772.83,0.0036,44772.83,75000,United States,--,USD,15.21,5.82,1,2052-08-01,2.7,15.44,,5.82,15.44,5.82,USD,2021-07-22,2021-07-22
KIMCO REALTY OP LLC,Reits,Fixed Income,43741.64,0.00352,43741.64,50000,United States,--,USD,4.91,5.01,1,2031-12-01,2.25,4.91,,5.01,4.91,5.01,USD,2021-09-22,2021-09-22
ATMOS ENERGY CORPORATION,Natural Gas,Fixed Income,43187.95,0.00348,43187.95,63000,United States,--,USD,13.62,6.0,1,2049-09-15,3.38,13.84,,6.0,13.84,6.0,USD,2019-10-02,2019-10-02
REPUBLIC SERVICES INC,Capital Goods,Fixed Income,41651.05,0.00335,41651.05,45000,United States,--,USD,3.36,4.85,1,2030-03-01,2.3,3.36,,4.85,3.36,4.85,USD,2020-02-27,2020-02-27
REPUBLIC SERVICES INC,Capital Goods,Fixed Income,40298.08,0.00324,40298.08,40000,United States,--,USD,6.57,5.23,1,2034-11-15,5.2,6.61,,5.23,6.61,5.23,USD,2024-06-25,2024-06-25
TRANE TECHNOLOGIES FINANCING LTD,Capital Goods,Fixed Income,39569.32,0.00319,39569.32,40000,United States,--,USD,2.41,4.75,1,2029-03-21,3.8,2.46,,4.75,2.46,4.75,USD,2019-03-21,2019-03-21
WASTE CONNECTIONS INC,Capital Goods,Fixed Income,39068.25,0.00315,39068.25,40000,United States,--,USD,2.54,4.71,1,2029-05-01,3.5,2.58,,4.71,2.58,4.71,USD,2019-04-16,2019-04-16
PFIZER INC,Consumer Non-Cyclical,Fixed Income,36778.85,0.00296,36778.85,44000,United States,--,USD,11.18,5.89,1,2043-06-15,4.3,11.26,,5.89,11.26,5.89,USD,2013-06-03,2013-06-03
BAIDU INC,Technology,Fixed Income,35287.39,0.00284,35287.39,35000,China,--,USD,1.51,4.72,1,2028-03-29,4.38,1.58,,4.72,1.58,4.72,USD,2018-03-29,2018-03-29
VMWARE LLC,Technology,Fixed Income,35206.53,0.00283,35206.53,40000,United States,--,USD,4.63,5.14,1,2031-08-15,2.2,4.62,,5.14,4.62,5.14,USD,2021-08-02,2021-08-02
AMERICAN HONDA FINANCE CORPORATION MTN,Consumer Cyclical,Fixed Income,35000.88,0.00282,35000.88,35000,United States,--,USD,2.84,4.99,1,2029-09-05,4.4,2.83,,4.99,2.83,4.99,USD,2024-09-05,2024-09-05
VIRGINIA ELECTRIC AND POWER COMPAN,Electric,Fixed Income,34386.74,0.00277,34386.74,35000,United States,--,USD,6.11,5.3,1,2034-01-15,5.0,6.15,,5.3,6.15,5.3,USD,2024-01-08,2024-01-08
PHILIP MORRIS INTERNATIONAL INC,Consumer Non-Cyclical,Fixed Income,34165.24,0.00275,34165.24,35000,United States,--,USD,6.9,5.38,1,2035-04-30,4.88,6.94,,5.38,6.94,5.38,USD,2025-04-30,2025-04-30
BASIN ELECTRIC POWER COOPERATIVE I,Electric,Fixed Income,33848.02,0.00273,33848.02,35000,United States,--,USD,13.08,6.21,1,2055-10-15,5.85,13.34,,6.21,13.34,6.21,USD,2026-04-15,2026-06-05
CITIGROUP INC,Banking,Fixed Income,32243.26,0.0026,32243.26,40000,United States,--,USD,11.59,6.02,1,2048-04-24,4.28,12.5,,6.02,12.49,6.02,USD,2017-04-25,2017-04-25
BROADCOM INC,Technology,Fixed Income,31561.18,0.00254,31561.18,35000,United States,--,USD,5.79,5.34,1,2033-04-15,3.42,5.8,,5.34,5.8,5.34,USD,2025-10-15,2025-10-21
NEWMONT CORPORATION,Basic Industry,Fixed Income,30972.03,0.00249,30972.03,35000,United States,--,USD,5.4,4.85,1,2032-07-15,2.6,5.41,,4.85,5.41,4.85,USD,2021-12-20,2021-12-20
NVIDIA CORPORATION,Technology,Fixed Income,30387.7,0.00245,30387.7,44000,United States,--,USD,15.43,5.9,1,2060-04-01,3.7,15.69,,5.9,15.69,5.9,USD,2020-03-31,2020-03-31
UBS AG (STAMFORD BRANCH) MTN,Banking,Fixed Income,29914.63,0.00241,29914.63,30000,Switzerland,--,USD,3.05,4.87,1,2030-11-29,4.68,3.04,,4.87,3.04,4.87,USD,2026-05-29,2026-05-29
SHELL FINANCE US INC,Energy,Fixed Income,28460.31,0.00229,28460.31,30000,United States,--,USD,10.08,5.77,1,2041-10-15,5.13,10.13,,5.77,10.13,5.77,USD,2026-04-15,2026-07-08
Baptist Healthcare System,Consumer Non-Cyclical,Fixed Income,28048.76,0.00226,28048.76,40000,United States,--,USD,13.62,6.03,1,2050-08-15,3.54,13.85,,6.03,13.85,6.03,USD,2020-10-21,2020-10-21
ROSS STORES INC,Consumer Cyclical,Fixed Income,26307.7,0.00212,26307.7,30000,United States,--,USD,4.4,4.95,1,2031-04-15,1.88,4.4,,4.95,4.4,4.95,USD,2020-10-21,2020-10-21
TRANE TECHNOLOGIES FINANCING LTD,Capital Goods,Fixed Income,25665.08,0.00207,25665.08,25000,United States,--,USD,5.36,5.14,1,2033-03-03,5.25,5.42,,5.13,5.25,5.13,USD,2023-03-03,2023-03-03
DUKE ENERGY PROGRESS LLC,Electric,Fixed Income,25297.89,0.00204,25297.89,35000,United States,--,USD,12.81,6.05,1,2047-09-15,3.6,13.01,,6.05,13.01,6.05,USD,2017-09-08,2017-09-08
STANDARD CHARTERED BANK (NEW YORK,Banking,Fixed Income,25266.29,0.00203,25266.29,25000,Hong Kong,--,USD,1.3,4.55,1,2027-12-03,4.85,1.3,,4.55,1.3,4.55,USD,2024-12-03,2024-12-03
HESS CORP,Energy,Fixed Income,24914.46,0.00201,24914.46,25000,United States,--,USD,11.4,5.98,1,2047-04-01,5.8,11.64,,5.98,11.64,5.98,USD,2016-09-28,2016-09-28
REPUBLIC SERVICES INC,Capital Goods,Fixed Income,24893.21,0.002,24893.21,25000,United States,--,USD,1.66,4.63,1,2028-05-15,3.95,1.71,,4.63,1.71,4.63,USD,2018-05-14,2018-05-14
ASCENSION HEALTH,Consumer Non-Cyclical,Fixed Income,24445.5,0.00197,24445.5,25000,United States,--,USD,7.25,5.36,1,2035-11-15,4.92,7.28,,5.36,7.28,5.36,USD,2025-11-25,2025-11-25
KELLANOVA,Consumer Non-Cyclical,Fixed Income,21116.12,0.0017,21116.12,25000,United States,--,USD,11.85,5.97,1,2046-04-01,4.5,12.0,,5.97,12.0,5.97,USD,2016-03-07,2016-03-07
ERP OPERATING LP,Reits,Fixed Income,20905.93,0.00168,20905.93,21000,United States,--,USD,1.5,4.69,1,2028-03-01,3.5,1.52,,4.69,1.52,4.69,USD,2018-02-07,2018-02-07
BRISTOL-MYERS SQUIBB CO,Consumer Non-Cyclical,Fixed Income,20558.66,0.00166,20558.66,20000,United States,--,USD,2.32,4.59,1,2029-02-22,4.9,2.35,,4.58,2.28,4.58,USD,2024-02-22,2024-02-22
GLOBE LIFE INC,Insurance,Fixed Income,20225.67,0.00163,20225.67,20000,United States,--,USD,1.91,4.79,1,2028-09-15,4.55,1.99,,4.79,1.99,4.79,USD,2018-09-27,2018-09-27
SCHLUMBERGER INVESTMENT SA,Energy,Fixed Income,19857.24,0.0016,19857.24,20000,United States,--,USD,4.19,4.95,1,2031-05-07,4.55,4.21,,4.95,4.21,4.95,USD,2026-05-07,2026-05-07
CORNELL UNIVERSITY,Industrial Other,Fixed Income,19711.53,0.00159,19711.53,20000,United States,--,USD,3.5,4.7,1,2030-06-15,4.17,3.53,,4.7,3.53,4.7,USD,2025-11-24,2025-11-24
VMWARE LLC,Technology,Fixed Income,19032.86,0.00153,19032.86,20000,United States,--,USD,1.97,4.69,1,2028-08-15,1.8,1.97,,4.69,1.97,4.69,USD,2021-08-02,2021-08-02
ANALOG DEVICES INC,Technology,Fixed Income,14976.55,0.00121,14976.55,15000,United States,--,USD,1.77,4.58,1,2028-06-15,4.25,1.79,,4.58,1.79,4.58,USD,2025-06-16,2025-06-16
GOLDMAN SACHS BANK USA (FXD-FRN),Banking,Fixed Income,15021.75,0.00121,15021.75,15000,United States,--,USD,1.77,4.72,1,2029-06-03,4.66,1.75,,4.72,1.75,4.72,USD,2026-06-03,2026-06-03
BROADCOM CORP/BROADCOM CAYMAN FIN,Technology,Fixed Income,14774.25,0.00119,14774.25,15000,United States,--,USD,1.41,4.62,1,2028-01-15,3.5,1.42,,4.62,1.42,4.62,USD,2017-10-17,2018-02-14
HONEYWELL INTERNATIONAL INC,Capital Goods,Fixed Income,14826.41,0.00119,14826.41,24000,United States,--,USD,14.72,5.81,1,2050-06-01,2.8,14.95,,5.81,14.95,5.81,USD,2020-05-18,2020-05-18
NORTHERN STATES POWER CO (WISCONSI,Electric,Fixed Income,14353.77,0.00116,14353.77,15000,United States,--,USD,13.26,6.01,1,2054-06-15,5.65,13.53,,6.01,13.53,6.01,USD,2024-05-16,2024-05-16
KIMCO REALTY OP LLC,Reits,Fixed Income,10181.73,0.00082,10181.73,10000,United States,--,USD,7.18,5.4,1,2036-02-01,5.3,7.21,,5.4,7.21,5.4,USD,2025-06-26,2025-06-26
J PAUL GETTY TRUST INC,Financial Other,Fixed Income,10012.0,0.00081,10012.0,10000,United States,--,USD,6.83,5.11,1,2035-04-01,4.91,6.88,,5.11,6.88,5.11,USD,2025-05-06,2025-05-06
SCHLUMBERGER INVESTMENT SA,Energy,Fixed Income,9906.27,0.0008,9906.27,10000,United States,--,USD,5.64,5.14,1,2033-05-07,4.8,5.66,,5.14,5.66,5.14,USD,2026-05-07,2026-05-07
CUMBERLAND COMBINED CYCLE GENERATI,Electric,Fixed Income,9965.48,0.0008,9965.48,10000,United States,--,USD,10.64,5.94,1,2056-05-15,5.82,10.83,,5.94,10.83,5.94,USD,2026-05-26,2026-05-26
CORNELL UNIVERSITY,Industrial Other,Fixed Income,9741.25,0.00078,9741.25,10000,United States,--,USD,7.07,5.17,1,2035-06-15,4.73,7.11,,5.17,7.11,5.17,USD,2025-11-24,2025-11-24
CONSUMERS ENERGY COMPANY,Electric,Fixed Income,5337.56,0.00043,5337.56,10000,United States,--,USD,17.43,5.64,1,2060-05-01,2.5,17.7,,5.64,17.7,5.64,USD,2020-05-13,2020-05-13
USD CASH,Cash and/or Derivatives,Cash,-4138759.93,-0.3332,-4138759.93,-4138760,United States,--,USD,0.0,3.71,1,,0.0,0.0,,3.71,0.0,3.71,USD,,1989-01-01
