cusip,window_start,window_end,n_trades,n_capped_trades,total_volume_floor,days_traded,n_customer_trades,n_dealer_trades,median_trade_size
001055BJ0,2025-09-04,2025-12-04,1270,0,145070000.0,63,,,18000.0
00108WAU4,2025-09-04,2025-12-04,1078,1,2318953000.0,51,,,1000000.0
00130HCG8,2025-09-04,2025-12-04,542,0,442986000.0,64,,,155000.0
00130HCM5,2025-09-04,2025-12-04,1743,0,436078000.0,64,,,25000.0
00206RBH4,2025-09-04,2025-12-04,910,0,281141000.0,64,,,24000.0
00206RBK7,2025-09-04,2025-12-04,503,0,145019000.0,61,,,34000.0
00206RCP5,2025-09-04,2025-12-04,2926,0,765954500.0,66,,,30000.0
00206RCQ3,2025-09-04,2025-12-04,626,0,248068000.0,63,,,50000.0
00206RCU4,2025-09-04,2025-12-04,142,0,13820000.0,39,,,50000.0
00206RDJ8,2025-09-04,2025-12-04,461,0,164275000.0,62,,,100000.0
00206RDK5,2025-09-04,2025-12-04,289,0,63634000.0,55,,,40000.0
00206RDR0,2025-09-04,2025-12-04,1133,0,283161000.0,64,,,27000.0
00206RGQ9,2025-09-04,2025-12-04,9593,0,683821000.0,64,,,5000.0
00206RHK1,2025-09-04,2025-12-04,870,0,105980000.0,63,,,20000.0
00206RJY9,2025-09-04,2025-12-04,4216,0,734024000.0,64,,,12000.0
00206RJZ6,2025-09-04,2025-12-04,838,0,539424000.0,64,,,100000.0
00206RKA9,2025-09-04,2025-12-04,694,0,564886000.0,63,,,100000.0
00206RKB7,2025-09-04,2025-12-04,363,0,193729000.0,58,,,170000.0
00206RKE1,2025-09-04,2025-12-04,338,0,170098000.0,58,,,95000.0
00206RKH4,2025-09-04,2025-12-04,11257,0,1050656000.0,65,,,3000.0
00206RKJ0,2025-09-04,2025-12-04,1303,0,1407292000.0,64,,,187000.0
00206RLJ9,2025-09-04,2025-12-04,1196,0,1920230000.0,63,,,200000.0
00206RLV2,2025-09-04,2025-12-04,753,0,874161000.0,63,,,200000.0
00206RMM1,2025-09-04,2025-12-04,3524,0,1068196000.0,64,,,11000.0
00206RMN9,2025-09-04,2025-12-04,855,0,904219600.0,63,,,235000.0
00206RMT6,2025-09-04,2025-12-04,4806,1,844822000.0,64,,,14000.0
00206RMX7,2025-09-04,2025-12-04,2247,0,1020708000.0,64,,,15000.0
00206RMY5,2025-09-04,2025-12-04,1473,0,907135000.0,63,,,75000.0
00206RMZ2,2025-09-04,2025-12-04,1381,0,1785683000.0,63,,,60000.0
00206RNB4,2025-09-04,2025-12-04,1721,1,2668020000.0,55,,,78000.0
00206RNC2,2025-09-04,2025-12-04,2173,1,3819553000.0,54,,,100000.0
00206RND0,2025-09-04,2025-12-04,1661,2,2820017000.0,53,,,100000.0
00206RNE8,2025-09-04,2025-12-04,1478,3,4592383000.0,53,,,1000000.0
00217GAC7,2025-09-04,2025-12-04,505,0,547896000.0,59,,,500000.0
002824BG4,2025-09-04,2025-12-04,2132,0,505408000.0,64,,,34000.0
002824BH2,2025-09-04,2025-12-04,1281,0,309454000.0,64,,,35000.0
00287YAM1,2025-09-04,2025-12-04,532,0,175779440.0,61,,,110000.0
00287YAR0,2025-09-04,2025-12-04,3600,0,871605000.0,64,,,15000.0
00287YAS8,2025-09-04,2025-12-04,734,0,361463000.0,63,,,100000.0
00287YAV1,2025-09-04,2025-12-04,1160,0,167748000.0,64,,,30000.0
00287YAW9,2025-09-04,2025-12-04,1238,0,251584000.0,64,,,13000.0
00287YBD0,2025-09-04,2025-12-04,894,0,214719000.0,63,,,20000.0
00287YBX6,2025-09-04,2025-12-04,4468,0,1268803000.0,65,,,25000.0
00287YCA5,2025-09-04,2025-12-04,1996,0,721599000.0,63,,,42000.0
00287YCB3,2025-09-04,2025-12-04,1157,0,794848000.0,63,,,164000.0
00287YCY3,2025-09-04,2025-12-04,2549,0,339806000.0,63,,,10000.0
00287YDA4,2025-09-04,2025-12-04,297,0,85470000.0,58,,,100000.0
00287YDB2,2025-09-04,2025-12-04,228,0,82423000.0,49,,,100000.0
00287YDT3,2025-09-04,2025-12-04,4720,0,779623000.0,64,,,10000.0
00287YDU0,2025-09-04,2025-12-04,3521,0,694735000.0,64,,,18000.0
00287YDV8,2025-09-04,2025-12-04,683,0,122594000.0,63,,,30000.0
00287YDW6,2025-09-04,2025-12-04,1308,1,1590844000.0,63,,,125000.0
00287YDX4,2025-09-04,2025-12-04,772,0,546039000.0,63,,,109000.0
00287YDZ9,2025-09-04,2025-12-04,1743,0,229320000.0,63,,,10000.0
00287YEA3,2025-09-04,2025-12-04,828,0,707467000.0,63,,,90000.0
00287YEB1,2025-09-04,2025-12-04,664,0,732315000.0,63,,,200000.0
00440EAW7,2025-09-04,2025-12-04,380,0,235971000.0,60,,,215000.0
00440KAB9,2025-09-04,2025-12-04,3039,0,423162000.0,63,,,20000.0
00440KAC7,2025-09-04,2025-12-04,3577,0,817119000.0,64,,,30000.0
00440KAD5,2025-09-04,2025-12-04,2972,0,1227845000.0,64,,,35000.0
00724PAD1,2025-09-04,2025-12-04,1741,0,314907000.0,64,,,18000.0
00724PAG4,2025-09-04,2025-12-04,672,0,202969000.0,62,,,30000.0
00774MAX3,2025-09-04,2025-12-04,1023,0,552032000.0,63,,,169000.0
00774MAY1,2025-09-04,2025-12-04,351,0,311183000.0,54,,,227000.0
00774MAZ8,2025-09-04,2025-12-04,485,0,315774000.0,61,,,230000.0
00774MBE4,2025-09-04,2025-12-04,342,0,279562000.0,56,,,200000.0
00774MBL8,2025-09-04,2025-12-04,295,0,185854000.0,57,,,200000.0
00774MBM6,2025-09-04,2025-12-04,397,0,308202000.0,59,,,250000.0
00774MBP9,2025-09-04,2025-12-04,365,0,388380000.0,57,,,300000.0
00817YAF5,2025-09-04,2025-12-04,661,0,173760000.0,62,,,40000.0
00846UAN1,2025-09-04,2025-12-04,633,0,188956000.0,63,,,50000.0
00914AAK8,2025-09-04,2025-12-04,1092,0,757653000.0,63,,,31000.0
00914AAS1,2025-09-04,2025-12-04,773,0,220898000.0,63,,,17000.0
009158AZ9,2025-09-04,2025-12-04,476,0,268542500.0,61,,,167500.0
009158BA3,2025-09-04,2025-12-04,272,0,155059000.0,51,,,230000.0
009158BC9,2025-09-04,2025-12-04,581,0,117994000.0,62,,,14000.0
009158BK1,2025-09-04,2025-12-04,1324,0,329186000.0,63,,,21500.0
013716AU9,2025-09-04,2025-12-04,331,0,142315000.0,58,,,50000.0
015271AR0,2025-09-04,2025-12-04,630,0,101183000.0,62,,,25000.0
015271AV1,2025-09-04,2025-12-04,791,0,286627500.0,63,,,76000.0
015271AW9,2025-09-04,2025-12-04,887,0,227303000.0,63,,,34000.0
015271AY5,2025-09-04,2025-12-04,718,0,159455000.0,63,,,32000.0
020002BK6,2025-09-04,2025-12-04,1552,0,172070000.0,63,,,25000.0
02079KAD9,2025-09-04,2025-12-04,2311,0,512274110.0,64,,,30000.0
02079KAE7,2025-09-04,2025-12-04,1769,0,425483500.0,63,,,30000.0
02079KAF4,2025-09-04,2025-12-04,1342,0,376286060.0,65,,,49000.0
02079KAG2,2025-09-04,2025-12-04,1600,0,352523308.0,65,,,20000.0
02079KAK3,2025-09-04,2025-12-04,1026,0,345485000.0,62,,,67000.0
02079KAL1,2025-09-04,2025-12-04,4906,0,1721105000.0,65,,,25000.0
02079KAM9,2025-09-04,2025-12-04,2261,0,1579625000.0,67,,,50000.0
02079KAN7,2025-09-04,2025-12-04,2970,0,1072986000.0,64,,,25000.0
02079KAW7,2025-09-04,2025-12-04,2206,6,5212938000.0,22,,,200000.0
02079KAX5,2025-09-04,2025-12-04,2118,0,3755844000.0,23,,,210500.0
02079KAY3,2025-09-04,2025-12-04,3380,8,8748167000.0,23,,,105000.0
02079KAZ0,2025-09-04,2025-12-04,2167,3,3961001000.0,25,,,40000.0
02079KBA4,2025-09-04,2025-12-04,2054,9,10491646000.0,22,,,1550500.0
02079KBB2,2025-09-04,2025-12-04,1437,11,7545132000.0,23,,,2000000.0
02209SAM5,2025-09-04,2025-12-04,802,0,143791000.0,64,,,36000.0
02209SAR4,2025-09-04,2025-12-04,1592,0,201099000.0,67,,,30500.0
02209SAV5,2025-09-04,2025-12-04,984,0,304390000.0,69,,,40000.0
02209SBE2,2025-09-04,2025-12-04,2554,0,403780000.0,70,,,20000.0
02209SBF9,2025-09-04,2025-12-04,1937,0,319218000.0,69,,,20000.0
02209SBJ1,2025-09-04,2025-12-04,1217,0,183618000.0,63,,,25000.0
02209SBL6,2025-09-04,2025-12-04,2062,0,432020000.0,63,,,25000.0
02209SBM4,2025-09-04,2025-12-04,772,0,603467000.0,64,,,156500.0
02209SBN2,2025-09-04,2025-12-04,896,0,446462000.0,64,,,100000.0
02209SBP7,2025-09-04,2025-12-04,1026,0,216732000.0,65,,,37000.0
023135AP1,2025-09-04,2025-12-04,2534,0,468138000.0,67,,,20000.0
023135AQ9,2025-09-04,2025-12-04,2461,0,414483125.0,65,,,25000.0
023135BF2,2025-09-04,2025-12-04,4255,0,871864000.0,64,,,12000.0
023135BJ4,2025-09-04,2025-12-04,1250,0,489083000.0,64,,,80500.0
023135BM7,2025-09-04,2025-12-04,1161,0,504560955.0,64,,,30000.0
023135BS4,2025-09-04,2025-12-04,2515,0,474842000.0,64,,,15000.0
023135BT2,2025-09-04,2025-12-04,1042,0,574309000.0,64,,,100000.0
023135BU9,2025-09-04,2025-12-04,929,0,529632000.0,63,,,80000.0
023135BZ8,2025-09-04,2025-12-04,4764,0,605624000.0,64,,,10000.0
023135CA2,2025-09-04,2025-12-04,1251,0,792745000.0,63,,,60000.0
023135CB0,2025-09-04,2025-12-04,782,0,567938000.0,61,,,100000.0
023135CC8,2025-09-04,2025-12-04,1130,0,393628615.0,63,,,13000.0
023135CH7,2025-09-04,2025-12-04,3223,0,551890500.0,65,,,25000.0
023135CJ3,2025-09-04,2025-12-04,933,0,1220291000.0,65,,,200000.0
023135CK0,2025-09-04,2025-12-04,1114,0,404321325.0,63,,,20000.0
023135CQ7,2025-09-04,2025-12-04,3157,0,480229000.0,64,,,25000.0
023135CR5,2025-09-04,2025-12-04,3035,0,903885915.0,63,,,24000.0
023135CT1,2025-09-04,2025-12-04,2186,6,4442284000.0,13,,,45000.0
023135CU8,2025-09-04,2025-12-04,1137,2,2772259000.0,13,,,250000.0
023135CV6,2025-09-04,2025-12-04,2429,11,5448615000.0,14,,,50000.0
023135CW4,2025-09-04,2025-12-04,1807,6,5338563000.0,13,,,50000.0
023135CY0,2025-09-04,2025-12-04,955,5,3835880000.0,13,,,500000.0
02344AAA6,2025-09-04,2025-12-04,413,0,290064000.0,60,,,152000.0
02344AAH1,2025-09-04,2025-12-04,319,0,546236000.0,60,,,383000.0
023608AJ1,2025-09-04,2025-12-04,1102,0,129712000.0,63,,,13000.0
023608AR3,2025-09-04,2025-12-04,7550,0,561836000.0,63,,,1000.0
025537AX9,2025-09-04,2025-12-04,1935,0,267965000.0,63,,,17000.0
025816BF5,2025-09-04,2025-12-04,676,0,179404000.0,61,,,48500.0
02665WEZ0,2025-09-04,2025-12-04,1087,0,351696000.0,62,,,25000.0
02665WFL0,2025-09-04,2025-12-04,1975,0,294207000.0,64,,,25000.0
02665WFQ9,2025-09-04,2025-12-04,1108,0,165254000.0,63,,,28000.0
02665WGF2,2025-09-04,2025-12-04,2318,0,421967000.0,64,,,25000.0
026874DL8,2025-09-04,2025-12-04,389,0,325793000.0,57,,,250000.0
026874DP9,2025-09-04,2025-12-04,439,0,337086000.0,62,,,200000.0
026874DS3,2025-09-04,2025-12-04,892,0,173886000.0,65,,,40000.0
03027XAW0,2025-09-04,2025-12-04,1787,0,323397000.0,63,,,20000.0
03027XBA7,2025-09-04,2025-12-04,882,0,284127605.0,64,,,20000.0
03027XBC3,2025-09-04,2025-12-04,517,0,212789000.0,60,,,80000.0
03027XBD1,2025-09-04,2025-12-04,272,0,143362000.0,53,,,157000.0
03027XBG4,2025-09-04,2025-12-04,743,0,395716000.0,63,,,74000.0
03027XBK5,2025-09-04,2025-12-04,372,0,144759000.0,59,,,133000.0
03027XBZ2,2025-09-04,2025-12-04,664,0,182530000.0,62,,,43000.0
03027XCD0,2025-09-04,2025-12-04,702,0,233069000.0,64,,,50000.0
03027XCF5,2025-09-04,2025-12-04,1095,0,413073000.0,63,,,10000.0
03027XCN8,2025-09-04,2025-12-04,1618,0,680626000.0,62,,,21000.0
03027XCR9,2025-09-04,2025-12-04,335,0,1099794000.0,3,,,1000000.0
03040WAD7,2025-09-04,2025-12-04,236,0,81564000.0,47,,,45000.0
03040WAR6,2025-09-04,2025-12-04,167,0,58821000.0,46,,,130000.0
03040WBA2,2025-09-04,2025-12-04,1117,0,237453000.0,64,,,25000.0
03040WBF1,2025-09-04,2025-12-04,818,0,388181000.0,63,,,77000.0
03040WBG9,2025-09-04,2025-12-04,775,0,810155000.0,62,,,200000.0
03073EAT2,2025-09-04,2025-12-04,698,0,421814000.0,63,,,64500.0
03076CAM8,2025-09-04,2025-12-04,804,0,128047000.0,63,,,26000.0
03076CAP1,2025-09-04,2025-12-04,1187,0,328520000.0,63,,,39000.0
031162BZ2,2025-09-04,2025-12-04,636,0,209636000.0,63,,,58000.0
031162CD0,2025-09-04,2025-12-04,342,0,167242000.0,54,,,150000.0
031162CF5,2025-09-04,2025-12-04,548,0,375778000.0,61,,,200000.0
031162CR9,2025-09-04,2025-12-04,706,0,251634000.0,63,,,100000.0
031162CS7,2025-09-04,2025-12-04,258,0,151285000.0,50,,,105000.0
031162CU2,2025-09-04,2025-12-04,5523,0,605376000.0,64,,,7000.0
031162CW8,2025-09-04,2025-12-04,2516,0,469556000.0,63,,,16000.0
031162CY4,2025-09-04,2025-12-04,343,0,269260000.0,55,,,163000.0
031162CZ1,2025-09-04,2025-12-04,556,0,232101000.0,62,,,35500.0
031162DE7,2025-09-04,2025-12-04,5786,0,403710000.0,63,,,3000.0
031162DF4,2025-09-04,2025-12-04,262,0,188171000.0,54,,,115000.0
031162DG2,2025-09-04,2025-12-04,237,0,92084000.0,52,,,118000.0
031162DH0,2025-09-04,2025-12-04,2592,0,346249000.0,63,,,25000.0
031162DJ6,2025-09-04,2025-12-04,1895,0,288843000.0,64,,,25000.0
031162DK3,2025-09-04,2025-12-04,347,0,361915000.0,56,,,200000.0
031162DQ0,2025-09-04,2025-12-04,4422,0,753281000.0,63,,,20000.0
031162DR8,2025-09-04,2025-12-04,4216,0,1308745000.0,63,,,15000.0
031162DS6,2025-09-04,2025-12-04,1380,0,381072000.0,63,,,17500.0
031162DT4,2025-09-04,2025-12-04,1408,1,1642045000.0,65,,,200000.0
031162DU1,2025-09-04,2025-12-04,1103,0,1080884000.0,63,,,189000.0
032095AJ0,2025-09-04,2025-12-04,871,0,215427000.0,63,,,25000.0
032095AL5,2025-09-04,2025-12-04,786,0,251264000.0,63,,,25000.0
032095AR2,2025-09-04,2025-12-04,1010,0,449149250.0,63,,,22000.0
032095AY7,2025-09-04,2025-12-04,3116,0,2160704000.0,27,,,5000.0
032095AZ4,2025-09-04,2025-12-04,1093,0,2686542000.0,27,,,500000.0
032095BA8,2025-09-04,2025-12-04,935,3,2868315000.0,27,,,683000.0
032095BB6,2025-09-04,2025-12-04,1043,0,4046879000.0,27,,,1000000.0
032654AV7,2025-09-04,2025-12-04,1032,0,607317000.0,62,,,100000.0
032654AW5,2025-09-04,2025-12-04,405,0,119472000.0,55,,,62000.0
032654AX3,2025-09-04,2025-12-04,364,0,111191995.0,62,,,84000.0
03522AAH3,2025-09-04,2025-12-04,2877,0,1396289000.0,64,,,40000.0
03522AAJ9,2025-09-04,2025-12-04,1999,0,2314929000.0,70,,,155000.0
03523TBF4,2025-09-04,2025-12-04,445,0,238953000.0,62,,,111000.0
03523TBT4,2025-09-04,2025-12-04,416,0,283847000.0,61,,,120000.0
03523TBU1,2025-09-04,2025-12-04,1199,0,383764760.0,63,,,50000.0
03523TBV9,2025-09-04,2025-12-04,1239,0,1019808000.0,65,,,103000.0
03523TBW7,2025-09-04,2025-12-04,593,0,476998000.0,62,,,170000.0
03523TBY3,2025-09-04,2025-12-04,1388,0,275712000.0,63,,,20000.0
035240AG5,2025-09-04,2025-12-04,876,0,272269000.0,63,,,50000.0
035240AR1,2025-09-04,2025-12-04,1304,0,182985000.0,64,,,25000.0
035240AT7,2025-09-04,2025-12-04,124,0,82358000.0,35,,,300000.0
035240AV2,2025-09-04,2025-12-04,7732,0,523692000.0,63,,,4000.0
036752AD5,2025-09-04,2025-12-04,396,0,222062000.0,57,,,155000.0
036752AH6,2025-09-04,2025-12-04,207,0,139942000.0,48,,,143000.0
036752AK9,2025-09-04,2025-12-04,196,0,137893310.0,47,,,100000.0
036752AL7,2025-09-04,2025-12-04,677,0,98807000.0,60,,,24000.0
036752AM5,2025-09-04,2025-12-04,201,0,45910000.0,51,,,80000.0
036752AN3,2025-09-04,2025-12-04,1905,0,283818000.0,63,,,12000.0
036752AP8,2025-09-04,2025-12-04,1741,0,195382000.0,63,,,13000.0
036752AS2,2025-09-04,2025-12-04,334,0,244002000.0,60,,,142500.0
036752AX1,2025-09-04,2025-12-04,404,0,186215000.0,56,,,100000.0
036752AZ6,2025-09-04,2025-12-04,2640,0,547507000.0,63,,,10000.0
036752BA0,2025-09-04,2025-12-04,732,0,591559000.0,62,,,100000.0
036752BB8,2025-09-04,2025-12-04,691,0,166003000.0,63,,,40000.0
036752BC6,2025-09-04,2025-12-04,1918,0,363708000.0,63,,,25000.0
036752BD4,2025-09-04,2025-12-04,5922,0,364590000.0,63,,,3000.0
036752BE2,2025-09-04,2025-12-04,2406,0,1745659000.0,68,,,33500.0
036752BF9,2025-09-04,2025-12-04,498,0,311222000.0,61,,,53000.0
036752BJ1,2025-09-04,2025-12-04,1890,1,2382755000.0,61,,,50000.0
036752BK8,2025-09-04,2025-12-04,1790,0,3153980000.0,62,,,100000.0
037389BE2,2025-09-04,2025-12-04,1392,0,92649500.0,63,,,10000.0
03740LAE2,2025-09-04,2025-12-04,295,0,112631000.0,55,,,100000.0
03740LAG7,2025-09-04,2025-12-04,1043,0,105761000.0,63,,,10000.0
03740MAD2,2025-09-04,2025-12-04,1887,0,474579000.0,63,,,26000.0
03740MAF7,2025-09-04,2025-12-04,851,0,876747000.0,63,,,350000.0
03769MAC0,2025-09-04,2025-12-04,1177,0,368021000.0,62,,,30000.0
03769MAE6,2025-09-04,2025-12-04,5988,0,1578603000.0,65,,,25000.0
03770DAD5,2025-09-04,2025-12-04,26196,0,636715650.0,63,,,100.0
037833AL4,2025-09-04,2025-12-04,1282,0,481553000.0,65,,,50000.0
037833AT7,2025-09-04,2025-12-04,1027,0,266390000.0,66,,,40000.0
037833BA7,2025-09-04,2025-12-04,1491,0,221825000.0,64,,,30000.0
037833BH2,2025-09-04,2025-12-04,2314,0,353913000.0,70,,,25000.0
037833BW9,2025-09-04,2025-12-04,1751,0,177411195.0,65,,,23000.0
037833BX7,2025-09-04,2025-12-04,4903,0,552292000.0,69,,,22000.0
037833CD0,2025-09-04,2025-12-04,678,0,393470000.0,62,,,99500.0
037833CH1,2025-09-04,2025-12-04,959,0,129596000.0,64,,,20000.0
037833DD9,2025-09-04,2025-12-04,728,0,277737895.0,64,,,77500.0
037833DG2,2025-09-04,2025-12-04,680,0,157108000.0,64,,,20000.0
037833DP2,2025-09-04,2025-12-04,1957,0,408245000.0,64,,,27000.0
037833DQ0,2025-09-04,2025-12-04,1366,0,226131190.0,62,,,25000.0
037833DU1,2025-09-04,2025-12-04,1302,0,248902000.0,64,,,30000.0
037833DW7,2025-09-04,2025-12-04,848,0,603016000.0,63,,,115000.0
037833DY3,2025-09-04,2025-12-04,1194,0,265632000.0,65,,,50000.0
037833DZ0,2025-09-04,2025-12-04,972,0,158722055.0,65,,,35500.0
037833EA4,2025-09-04,2025-12-04,1115,0,328375000.0,63,,,20000.0
037833ED8,2025-09-04,2025-12-04,2782,0,398322000.0,64,,,16000.0
037833EE6,2025-09-04,2025-12-04,1028,0,403810000.0,65,,,75000.0
037833EF3,2025-09-04,2025-12-04,899,0,866517000.0,63,,,118000.0
037833EG1,2025-09-04,2025-12-04,619,0,315270000.0,61,,,125000.0
037833EJ5,2025-09-04,2025-12-04,1676,0,164343500.0,63,,,16000.0
037833EK2,2025-09-04,2025-12-04,610,0,626960935.0,62,,,59000.0
037833EL0,2025-09-04,2025-12-04,854,0,483545000.0,61,,,100000.0
037833EN6,2025-09-04,2025-12-04,1415,0,154700000.0,66,,,27000.0
037833EP1,2025-09-04,2025-12-04,2859,0,372308000.0,65,,,15000.0
037833EQ9,2025-09-04,2025-12-04,2177,0,224430000.0,65,,,3000.0
037833ER7,2025-09-04,2025-12-04,1481,0,398606535.0,65,,,20000.0
037833EV8,2025-09-04,2025-12-04,1352,0,107949200.0,64,,,21000.0
037833EW6,2025-09-04,2025-12-04,1880,0,369441000.0,65,,,25000.0
037833EZ9,2025-09-04,2025-12-04,1319,0,685328000.0,63,,,100000.0
037833FA3,2025-09-04,2025-12-04,1695,0,426203000.0,64,,,50000.0
037833FB1,2025-09-04,2025-12-04,2381,0,761134000.0,64,,,30000.0
038222AM7,2025-09-04,2025-12-04,323,0,141275000.0,56,,,100000.0
038222AN5,2025-09-04,2025-12-04,874,0,193208000.0,64,,,69500.0
038222AP0,2025-09-04,2025-12-04,185,0,90109000.0,46,,,139000.0
03831WAB4,2025-09-04,2025-12-04,615,0,321710000.0,62,,,135000.0
03831WAC2,2025-09-04,2025-12-04,683,0,453833000.0,61,,,65000.0
03831WAD0,2025-09-04,2025-12-04,577,0,669629000.0,62,,,211000.0
03835VAJ5,2025-09-04,2025-12-04,1040,0,944994000.0,61,,,100000.0
03938LBF0,2025-09-04,2025-12-04,1643,0,250023000.0,65,,,44000.0
039482AB0,2025-09-04,2025-12-04,1062,0,380319000.0,63,,,50000.0
039482AC8,2025-09-04,2025-12-04,170,0,73019000.0,49,,,191000.0
039482AD6,2025-09-04,2025-12-04,452,0,167889375.0,57,,,50000.0
04010LBH5,2025-09-04,2025-12-04,4640,0,983543000.0,64,,,25000.0
04010LBK8,2025-09-04,2025-12-04,4296,0,651567000.0,63,,,20000.0
04020EAD9,2025-09-04,2025-12-04,480,0,183775000.0,59,,,39500.0
04020EAJ6,2025-09-04,2025-12-04,1151,0,248580000.0,63,,,25000.0
04316JAL3,2025-09-04,2025-12-04,1536,0,350694000.0,63,,,10000.0
04316JAN9,2025-09-04,2025-12-04,1129,0,747922000.0,63,,,100000.0
04316JAP4,2025-09-04,2025-12-04,737,0,1030731000.0,63,,,350000.0
04351LAB6,2025-09-04,2025-12-04,166,0,56426000.0,41,,,59500.0
04351LAD2,2025-09-04,2025-12-04,255,3,1348241000.0,12,,,1500000.0
04351LAE0,2025-09-04,2025-12-04,289,1,1489159000.0,12,,,1000000.0
04352EAA3,2025-09-04,2025-12-04,268,0,36982000.0,50,,,25000.0
046353AD0,2025-09-04,2025-12-04,683,0,416397000.0,63,,,115000.0
046353AG3,2025-09-04,2025-12-04,307,0,201152000.0,53,,,200000.0
046353AM0,2025-09-04,2025-12-04,344,0,231718000.0,60,,,145000.0
046353AU2,2025-09-04,2025-12-04,400,0,284547500.0,55,,,300000.0
046353AW8,2025-09-04,2025-12-04,986,0,176974000.0,64,,,20000.0
046353AZ1,2025-09-04,2025-12-04,244,0,158468000.0,53,,,166000.0
04636NAB9,2025-09-04,2025-12-04,347,0,89757000.0,62,,,50000.0
04636NAM5,2025-09-04,2025-12-04,564,0,183664000.0,64,,,55000.0
04636NAN3,2025-09-04,2025-12-04,950,0,226279000.0,63,,,25000.0
04686JAH4,2025-09-04,2025-12-04,2569,0,541876000.0,65,,,20000.0
04686JAL5,2025-09-04,2025-12-04,1820,0,1033519000.0,63,,,30000.0
049560AM7,2025-09-04,2025-12-04,217,0,45021000.0,48,,,89000.0
05253JB59,2025-09-04,2025-12-04,91,0,63724000.0,31,,,394000.0
052769AH9,2025-09-04,2025-12-04,1537,0,150342000.0,63,,,6000.0
053015AF0,2025-09-04,2025-12-04,768,0,250381000.0,63,,,29500.0
053015AH6,2025-09-04,2025-12-04,2130,0,418395000.0,63,,,25000.0
053015AJ2,2025-09-04,2025-12-04,1388,0,490389000.0,63,,,33000.0
053332AZ5,2025-09-04,2025-12-04,1405,0,110480500.0,63,,,15000.0
053332BB7,2025-09-04,2025-12-04,1154,0,106831000.0,63,,,20000.0
054561AM7,2025-09-04,2025-12-04,335,0,139901000.0,53,,,50000.0
054989AA6,2025-09-04,2025-12-04,1927,0,445851000.0,63,,,8000.0
054989AB4,2025-09-04,2025-12-04,1125,0,337053000.0,63,,,35000.0
054989AC2,2025-09-04,2025-12-04,601,0,227830000.0,61,,,70000.0
054989AD0,2025-09-04,2025-12-04,987,0,595269000.0,64,,,120000.0
054989AF5,2025-09-04,2025-12-04,1036,0,2126134000.0,53,,,500000.0
05526DBD6,2025-09-04,2025-12-04,1056,0,341719000.0,64,,,60000.0
05526DBF1,2025-09-04,2025-12-04,713,0,336699000.0,60,,,100000.0
05526DBK0,2025-09-04,2025-12-04,484,0,208682000.0,59,,,110000.0
05526DBN4,2025-09-04,2025-12-04,1107,0,182466000.0,65,,,20000.0
05526DBS3,2025-09-04,2025-12-04,1473,0,315820000.0,64,,,15000.0
05526DBW4,2025-09-04,2025-12-04,534,0,94501000.0,63,,,50000.0
05526DBY0,2025-09-04,2025-12-04,630,0,247396000.0,63,,,46000.0
05526DBZ7,2025-09-04,2025-12-04,681,0,396946000.0,62,,,95000.0
05526DCB9,2025-09-04,2025-12-04,859,0,496620000.0,64,,,119000.0
05526DCC7,2025-09-04,2025-12-04,2326,0,1010114000.0,64,,,8000.0
055451AR9,2025-09-04,2025-12-04,303,0,133833000.0,52,,,96000.0
055451AV0,2025-09-04,2025-12-04,1562,0,331483000.0,64,,,16000.0
055451BA5,2025-09-04,2025-12-04,448,0,101338000.0,59,,,70000.0
055451BD9,2025-09-04,2025-12-04,1311,0,222758000.0,64,,,19000.0
055451BE7,2025-09-04,2025-12-04,1222,0,287205000.0,63,,,23000.0
055451BF4,2025-09-04,2025-12-04,474,0,351665000.0,58,,,210000.0
055451BJ6,2025-09-04,2025-12-04,877,0,227015000.0,64,,,34000.0
055451BK3,2025-09-04,2025-12-04,382,0,190652000.0,62,,,50000.0
055451BL1,2025-09-04,2025-12-04,1142,0,982092000.0,64,,,100000.0
055451BM9,2025-09-04,2025-12-04,985,0,1846110000.0,63,,,692000.0
057224AZ0,2025-09-04,2025-12-04,1464,0,401472000.0,63,,,25000.0
05723KAF7,2025-09-04,2025-12-04,231,0,146596000.0,43,,,150000.0
05946KAR2,2025-09-04,2025-12-04,331,0,581357000.0,56,,,400000.0
05964HAM7,2025-09-04,2025-12-04,230,0,193958000.0,57,,,327500.0
05964HAV7,2025-09-04,2025-12-04,623,0,305811000.0,63,,,200000.0
05964HAZ8,2025-09-04,2025-12-04,309,0,432444000.0,55,,,600000.0
05964HBD6,2025-09-04,2025-12-04,458,0,342191000.0,59,,,200000.0
05964HBG9,2025-09-04,2025-12-04,335,0,253294000.0,57,,,370000.0
05964HBJ3,2025-09-04,2025-12-04,306,0,396015000.0,52,,,327500.0
05964HBK0,2025-09-04,2025-12-04,386,0,631833000.0,59,,,600000.0
05971KAF6,2025-09-04,2025-12-04,245,0,162732000.0,53,,,200000.0
05971KAG4,2025-09-04,2025-12-04,443,0,276780050.0,62,,,200000.0
05971KAR0,2025-09-04,2025-12-04,639,3,2856290000.0,26,,,1600000.0
05971KAS8,2025-09-04,2025-12-04,992,1,3723335000.0,25,,,2000000.0
06050TJZ6,2025-09-04,2025-12-04,305,0,253745000.0,58,,,250000.0
06051GEN5,2025-09-04,2025-12-04,1245,0,414642000.0,63,,,50000.0
06051GFC8,2025-09-04,2025-12-04,2663,0,518842000.0,63,,,34000.0
06051GGG8,2025-09-04,2025-12-04,352,0,252308000.0,59,,,160500.0
06051GGM5,2025-09-04,2025-12-04,726,0,251829000.0,63,,,116000.0
06051GHA0,2025-09-04,2025-12-04,225,0,91065846.0,56,,,120000.0
06051GHS1,2025-09-04,2025-12-04,1214,0,326626000.0,65,,,10000.0
06051GHU6,2025-09-04,2025-12-04,487,0,403730000.0,61,,,200000.0
06051GHV4,2025-09-04,2025-12-04,1199,0,671228000.0,63,,,54000.0
06051GHX0,2025-09-04,2025-12-04,1773,0,421200000.0,64,,,9000.0
06051GHZ5,2025-09-04,2025-12-04,1216,0,524077800.0,64,,,40000.0
06051GJA8,2025-09-04,2025-12-04,818,0,726575000.0,63,,,221500.0
06051GJB6,2025-09-04,2025-12-04,1321,0,562702000.0,64,,,32000.0
06051GJE0,2025-09-04,2025-12-04,988,0,963401000.0,63,,,250000.0
06051GJF7,2025-09-04,2025-12-04,978,0,598365000.0,65,,,78000.0
06051GJL4,2025-09-04,2025-12-04,1298,0,1270538000.0,63,,,90000.0
06051GJM2,2025-09-04,2025-12-04,322,0,221093000.0,55,,,147500.0
06051GJN0,2025-09-04,2025-12-04,313,0,266187000.0,56,,,189000.0
06051GJP5,2025-09-04,2025-12-04,624,0,369257000.0,63,,,87500.0
06051GJT7,2025-09-04,2025-12-04,2161,0,691653000.0,65,,,11000.0
06051GJW0,2025-09-04,2025-12-04,753,0,282166500.0,63,,,100000.0
06051GKB4,2025-09-04,2025-12-04,537,0,437317000.0,61,,,180000.0
06051GKD0,2025-09-04,2025-12-04,1105,0,613989000.0,63,,,100000.0
06051GKK4,2025-09-04,2025-12-04,1059,0,757200000.0,63,,,163000.0
06051GKQ1,2025-09-04,2025-12-04,2565,0,598648000.0,63,,,35000.0
06051GKY4,2025-09-04,2025-12-04,3990,0,951602000.0,65,,,22000.0
06051GLH0,2025-09-04,2025-12-04,3719,0,1137274600.0,65,,,11000.0
06051GLU1,2025-09-04,2025-12-04,1900,0,1203411000.0,64,,,50000.0
06051GMA4,2025-09-04,2025-12-04,3964,1,1410472000.0,66,,,20000.0
06051GML0,2025-09-04,2025-12-04,2889,0,2074217000.0,63,,,21000.0
06051GMM8,2025-09-04,2025-12-04,1280,0,1503713000.0,63,,,200000.0
06051GMW6,2025-09-04,2025-12-04,1567,1,6107213000.0,63,,,1000000.0
06368L3L8,2025-09-04,2025-12-04,771,0,229944000.0,64,,,75000.0
06368L8L3,2025-09-04,2025-12-04,841,0,176602000.0,63,,,30000.0
06368MXV1,2025-09-04,2025-12-04,1286,0,2705640000.0,56,,,272500.0
06417XAE1,2025-09-04,2025-12-04,641,0,163331000.0,62,,,60000.0
06417XAP6,2025-09-04,2025-12-04,1873,0,328627000.0,65,,,25000.0
06418GAQ0,2025-09-04,2025-12-04,838,0,264602000.0,64,,,49500.0
06418GAW7,2025-09-04,2025-12-04,750,1,2021756000.0,63,,,1000000.0
06418JAC5,2025-09-04,2025-12-04,1248,0,261538000.0,63,,,14000.0
06738EAJ4,2025-09-04,2025-12-04,455,0,429691000.0,61,,,300000.0
06738EAV7,2025-09-04,2025-12-04,166,0,124146000.0,39,,,310000.0
06738EBM6,2025-09-04,2025-12-04,241,0,234616000.0,50,,,400000.0
06738EBR5,2025-09-04,2025-12-04,234,0,294361000.0,51,,,500000.0
06738EBV6,2025-09-04,2025-12-04,663,0,223709000.0,63,,,26000.0
06738EBW4,2025-09-04,2025-12-04,114,0,115934000.0,40,,,270000.0
06738ECA1,2025-09-04,2025-12-04,258,0,327290000.0,50,,,300000.0
06738ECE3,2025-09-04,2025-12-04,448,0,640580000.0,57,,,335000.0
06738ECG8,2025-09-04,2025-12-04,561,0,1364043000.0,61,,,500000.0
06738ECL7,2025-09-04,2025-12-04,300,0,421583000.0,57,,,370000.0
06738ECS2,2025-09-04,2025-12-04,315,0,557183000.0,52,,,685000.0
06738ECU7,2025-09-04,2025-12-04,378,0,520253000.0,63,,,243000.0
06738ECV5,2025-09-04,2025-12-04,920,0,1662822000.0,66,,,400000.0
06738ECY9,2025-09-04,2025-12-04,573,0,1338950000.0,61,,,500000.0
06738ECZ6,2025-09-04,2025-12-04,809,0,1989939000.0,64,,,798000.0
06738EDE2,2025-09-04,2025-12-04,685,0,1498248000.0,65,,,765000.0
06849RAG7,2025-09-04,2025-12-04,342,0,189101000.0,56,,,51000.0
06849RAK8,2025-09-04,2025-12-04,263,0,210992000.0,53,,,200000.0
06849UAD7,2025-09-04,2025-12-04,256,0,149440000.0,46,,,110000.0
071813CS6,2025-09-04,2025-12-04,1192,0,1281441000.0,64,,,173000.0
071813CV9,2025-09-04,2025-12-04,624,0,802429000.0,62,,,375000.0
071813DE6,2025-09-04,2025-12-04,633,1,2745060000.0,11,,,2000000.0
075887BX6,2025-09-04,2025-12-04,450,0,426063000.0,61,,,200000.0
075887CJ6,2025-09-04,2025-12-04,647,0,136443100.0,63,,,30000.0
075887CL1,2025-09-04,2025-12-04,636,0,266981000.0,64,,,45000.0
0778FPAA7,2025-09-04,2025-12-04,285,0,211574000.0,55,,,177000.0
0778FPAL3,2025-09-04,2025-12-04,619,0,206223000.0,63,,,29000.0
0778FPAN9,2025-09-04,2025-12-04,327,0,228552000.0,54,,,300000.0
084659AF8,2025-09-04,2025-12-04,656,0,66898000.0,64,,,19000.0
084659AP6,2025-09-04,2025-12-04,293,0,81800000.0,52,,,41000.0
084659AR2,2025-09-04,2025-12-04,362,0,46075000.0,58,,,31500.0
084659AV3,2025-09-04,2025-12-04,1460,0,180464000.0,64,,,30000.0
084659AX9,2025-09-04,2025-12-04,303,0,73737000.0,53,,,50000.0
084659BC4,2025-09-04,2025-12-04,593,0,253016000.0,62,,,80000.0
084659BF7,2025-09-04,2025-12-04,622,0,419735000.0,61,,,200000.0
084664BL4,2025-09-04,2025-12-04,698,0,75268000.0,66,,,24000.0
084664CQ2,2025-09-04,2025-12-04,970,0,259085000.0,67,,,66500.0
084664CR0,2025-09-04,2025-12-04,977,0,164497000.0,69,,,49000.0
084664CV1,2025-09-04,2025-12-04,618,0,287789000.0,65,,,100000.0
084664CW9,2025-09-04,2025-12-04,1687,0,311067000.0,64,,,23000.0
084664CX7,2025-09-04,2025-12-04,428,0,148885000.0,59,,,105000.0
084664DA6,2025-09-04,2025-12-04,2315,0,395602000.0,65,,,25000.0
084664DB4,2025-09-04,2025-12-04,901,0,385018000.0,62,,,55000.0
084670BK3,2025-09-04,2025-12-04,1302,0,191518000.0,67,,,25000.0
08576BAB8,2025-09-04,2025-12-04,482,0,229455000.0,60,,,150000.0
08576PAQ4,2025-09-04,2025-12-04,527,0,401218000.0,59,,,135000.0
09062XAD5,2025-09-04,2025-12-04,1527,0,407423000.0,62,,,21000.0
09062XAG8,2025-09-04,2025-12-04,845,0,284231000.0,63,,,39000.0
09062XAH6,2025-09-04,2025-12-04,1865,0,300284000.0,64,,,13000.0
09261HBW6,2025-09-04,2025-12-04,3613,0,679127000.0,64,,,25000.0
09261HBX4,2025-09-04,2025-12-04,3521,0,911439000.0,63,,,25000.0
092914AA8,2025-09-04,2025-12-04,1040,0,253860000.0,61,,,30000.0
09581CAB7,2025-09-04,2025-12-04,836,0,340673000.0,64,,,50000.0
09581CAD3,2025-09-04,2025-12-04,670,0,631619000.0,63,,,50000.0
097023CJ2,2025-09-04,2025-12-04,994,0,273348000.0,64,,,23000.0
097023CK9,2025-09-04,2025-12-04,273,0,242143000.0,50,,,110000.0
097023CN3,2025-09-04,2025-12-04,792,0,270376000.0,63,,,30000.0
097023CP8,2025-09-04,2025-12-04,770,0,386851000.0,63,,,54500.0
097023CQ6,2025-09-04,2025-12-04,669,0,466963000.0,63,,,120000.0
097023CR4,2025-09-04,2025-12-04,515,0,262952000.0,60,,,85000.0
097023CV5,2025-09-04,2025-12-04,1577,0,603026920.0,63,,,25000.0
097023CW3,2025-09-04,2025-12-04,2577,0,2255054000.0,63,,,100000.0
097023CX1,2025-09-04,2025-12-04,1513,0,1058880000.0,64,,,50000.0
097023CY9,2025-09-04,2025-12-04,8068,0,1114113000.0,65,,,9000.0
097023DC6,2025-09-04,2025-12-04,1397,0,278666000.0,64,,,20000.0
097023DR3,2025-09-04,2025-12-04,451,0,158767000.0,63,,,100000.0
097023DS1,2025-09-04,2025-12-04,1652,0,1210259000.0,63,,,70000.0
097023DT9,2025-09-04,2025-12-04,1021,0,1438379750.0,63,,,500000.0
097023DU6,2025-09-04,2025-12-04,913,0,1392819000.0,63,,,437000.0
10112RBD5,2025-09-04,2025-12-04,635,0,373945000.0,61,,,54000.0
10112RBE3,2025-09-04,2025-12-04,922,0,228854000.0,62,,,15000.0
10112RBF0,2025-09-04,2025-12-04,875,0,573337000.0,63,,,105000.0
10112RBH6,2025-09-04,2025-12-04,785,0,309732000.0,62,,,33000.0
10112RBJ2,2025-09-04,2025-12-04,884,0,466025000.0,62,,,50000.0
10373QBG4,2025-09-04,2025-12-04,509,0,269058000.0,62,,,163000.0
10373QBL3,2025-09-04,2025-12-04,1184,0,248894000.0,64,,,50000.0
10373QBM1,2025-09-04,2025-12-04,1424,0,323707000.0,65,,,22000.0
10373QBN9,2025-09-04,2025-12-04,348,0,195621500.0,56,,,100000.0
10373QBP4,2025-09-04,2025-12-04,534,0,365566000.0,63,,,150000.0
10373QBQ2,2025-09-04,2025-12-04,480,0,337163000.0,63,,,170000.0
10373QBR0,2025-09-04,2025-12-04,502,0,273418000.0,60,,,200000.0
10373QBS8,2025-09-04,2025-12-04,467,0,133091000.0,63,,,60000.0
10373QBT6,2025-09-04,2025-12-04,1186,0,355620250.0,65,,,25000.0
10373QBU3,2025-09-04,2025-12-04,2302,0,450911000.0,64,,,11000.0
10373QBV1,2025-09-04,2025-12-04,1737,0,299773000.0,63,,,20000.0
10373QBW9,2025-09-04,2025-12-04,685,0,90919000.0,63,,,15000.0
10373QBZ2,2025-09-04,2025-12-04,885,0,94424000.0,62,,,15000.0
10373QCA6,2025-09-04,2025-12-04,1983,0,893661000.0,64,,,15000.0
110122CP1,2025-09-04,2025-12-04,1634,0,430731000.0,63,,,30000.0
110122CQ9,2025-09-04,2025-12-04,869,0,358133000.0,62,,,100000.0
110122CR7,2025-09-04,2025-12-04,707,0,826271000.0,63,,,250000.0
110122DK1,2025-09-04,2025-12-04,394,0,193658000.0,58,,,147000.0
110122DL9,2025-09-04,2025-12-04,332,0,89635000.0,59,,,115000.0
110122DQ8,2025-09-04,2025-12-04,1259,0,363935000.0,64,,,28000.0
110122DR6,2025-09-04,2025-12-04,460,0,217662000.0,61,,,99000.0
110122DS4,2025-09-04,2025-12-04,555,0,402604000.0,62,,,120000.0
110122DU9,2025-09-04,2025-12-04,2557,0,447237000.0,63,,,10000.0
110122DV7,2025-09-04,2025-12-04,421,0,154243000.0,63,,,150000.0
110122DW5,2025-09-04,2025-12-04,395,0,214458000.0,59,,,150000.0
110122DX3,2025-09-04,2025-12-04,372,0,218954000.0,58,,,180000.0
110122DY1,2025-09-04,2025-12-04,1417,0,209841000.0,62,,,20000.0
110122DZ8,2025-09-04,2025-12-04,1367,0,160247000.0,64,,,17000.0
110122EG9,2025-09-04,2025-12-04,1758,0,391561000.0,63,,,25000.0
110122EH7,2025-09-04,2025-12-04,4197,0,727631000.0,63,,,11000.0
110122EK0,2025-09-04,2025-12-04,1143,0,1704649000.0,63,,,250000.0
111021AE1,2025-09-04,2025-12-04,2699,0,404538000.0,63,,,7000.0
11120VAJ2,2025-09-04,2025-12-04,835,0,202772000.0,62,,,35000.0
11133TAD5,2025-09-04,2025-12-04,514,0,104746000.0,57,,,20000.0
11133TAE3,2025-09-04,2025-12-04,317,0,217229000.0,58,,,120000.0
11135FAQ4,2025-09-04,2025-12-04,5851,0,981239000.0,63,,,15000.0
11135FAS0,2025-09-04,2025-12-04,4890,0,735309000.0,63,,,25000.0
11135FBY6,2025-09-04,2025-12-04,3550,0,771289000.0,65,,,25000.0
11135FCB5,2025-09-04,2025-12-04,2631,0,680066000.0,63,,,25000.0
11135FCC3,2025-09-04,2025-12-04,2065,0,262711000.0,64,,,20000.0
11135FCD1,2025-09-04,2025-12-04,2992,0,643915000.0,66,,,20000.0
11135FCF6,2025-09-04,2025-12-04,816,0,201552000.0,63,,,25000.0
11135FCG4,2025-09-04,2025-12-04,1780,0,237030000.0,64,,,20500.0
11135FCK5,2025-09-04,2025-12-04,7306,0,1605875000.0,63,,,8000.0
11135FCL3,2025-09-04,2025-12-04,2138,0,974687000.0,64,,,50000.0
11135FCM1,2025-09-04,2025-12-04,4768,2,3252781400.0,63,,,15000.0
11135FCQ2,2025-09-04,2025-12-04,360,0,333541000.0,31,,,160000.0
11135FCR0,2025-09-04,2025-12-04,297,0,137657000.0,30,,,200000.0
11135FCS8,2025-09-04,2025-12-04,355,0,514660000.0,32,,,508000.0
11135FCT6,2025-09-04,2025-12-04,511,0,889759000.0,32,,,200000.0
11135FCU3,2025-09-04,2025-12-04,413,0,474013000.0,31,,,200000.0
11135FCV1,2025-09-04,2025-12-04,464,0,317796000.0,33,,,200000.0
11135FCW9,2025-09-04,2025-12-04,2368,1,3014615000.0,51,,,100000.0
11135FCY5,2025-09-04,2025-12-04,2652,6,5104573000.0,51,,,100000.0
112586AB8,2025-09-04,2025-12-04,1140,0,2772879000.0,63,,,500000.0
11271LAB8,2025-09-04,2025-12-04,185,0,59305000.0,42,,,100000.0
11271LAE2,2025-09-04,2025-12-04,1095,0,190266000.0,63,,,19000.0
11271LAF9,2025-09-04,2025-12-04,210,0,65068000.0,40,,,112000.0
11271LAL6,2025-09-04,2025-12-04,513,0,304513000.0,63,,,165000.0
113004AA3,2025-09-04,2025-12-04,710,0,264986000.0,62,,,25000.0
113004AC9,2025-09-04,2025-12-04,200,0,508786000.0,14,,,121000.0
115236AK7,2025-09-04,2025-12-04,717,0,383352000.0,61,,,67000.0
115236AM3,2025-09-04,2025-12-04,987,0,737334000.0,63,,,95000.0
115236AN1,2025-09-04,2025-12-04,731,0,803311000.0,63,,,330000.0
120568BC3,2025-09-04,2025-12-04,847,0,327880000.0,63,,,80000.0
120568BE9,2025-09-04,2025-12-04,1014,0,273232000.0,63,,,40000.0
120568BF6,2025-09-04,2025-12-04,984,0,327807000.0,62,,,38500.0
12189LAA9,2025-09-04,2025-12-04,560,0,53517000.0,59,,,25000.0
12189LAN1,2025-09-04,2025-12-04,257,0,63845600.0,55,,,55000.0
12189LAS0,2025-09-04,2025-12-04,769,0,218104000.0,65,,,76000.0
12189LAU5,2025-09-04,2025-12-04,287,0,57178000.0,54,,,90000.0
12189LAW1,2025-09-04,2025-12-04,311,0,96648000.0,59,,,75000.0
12189LAZ4,2025-09-04,2025-12-04,138,0,39504000.0,41,,,83000.0
12189LBB6,2025-09-04,2025-12-04,156,0,51372000.0,44,,,180000.0
12189LBC4,2025-09-04,2025-12-04,130,0,35946000.0,43,,,100000.0
12189LBD2,2025-09-04,2025-12-04,157,0,41195000.0,41,,,50000.0
12189LBE0,2025-09-04,2025-12-04,175,0,59313000.0,43,,,100000.0
12189LBG5,2025-09-04,2025-12-04,173,0,61728000.0,49,,,132000.0
12189LBJ9,2025-09-04,2025-12-04,215,0,100871000.0,49,,,110000.0
12189LBK6,2025-09-04,2025-12-04,885,0,543816000.0,63,,,121000.0
12189LBL4,2025-09-04,2025-12-04,837,0,735320000.0,63,,,155000.0
12189LBM2,2025-09-04,2025-12-04,880,0,811106000.0,63,,,90000.0
12189LBN0,2025-09-04,2025-12-04,453,0,1750629000.0,4,,,2000000.0
12505BAG5,2025-09-04,2025-12-04,644,0,179983000.0,61,,,40000.0
12505BAL4,2025-09-04,2025-12-04,553,0,1848196000.0,20,,,1000000.0
12513GBJ7,2025-09-04,2025-12-04,566,0,273256000.0,58,,,96500.0
12527GAD5,2025-09-04,2025-12-04,214,0,133727000.0,49,,,100000.0
12527GAE3,2025-09-04,2025-12-04,474,0,189090000.0,58,,,30000.0
12527GAF0,2025-09-04,2025-12-04,1159,0,366230000.0,63,,,25000.0
12527GAL7,2025-09-04,2025-12-04,275,0,1450998000.0,10,,,1000000.0
125523AJ9,2025-09-04,2025-12-04,2628,0,583290000.0,64,,,25000.0
125523AK6,2025-09-04,2025-12-04,1137,0,478137000.0,65,,,75000.0
125523BK5,2025-09-04,2025-12-04,286,0,137479000.0,53,,,109000.0
125523CF5,2025-09-04,2025-12-04,438,0,173687000.0,61,,,122500.0
125523CJ7,2025-09-04,2025-12-04,478,0,356400000.0,58,,,126000.0
125523CK4,2025-09-04,2025-12-04,469,0,370436000.0,60,,,200000.0
125523CL2,2025-09-04,2025-12-04,1511,0,335546000.0,63,,,9000.0
125523CM0,2025-09-04,2025-12-04,1974,0,488212000.0,63,,,20000.0
125523CQ1,2025-09-04,2025-12-04,409,0,279972000.0,59,,,150000.0
125523CS7,2025-09-04,2025-12-04,1173,0,203995000.0,63,,,20000.0
125523CU2,2025-09-04,2025-12-04,1459,0,337970000.0,63,,,27000.0
125523CV0,2025-09-04,2025-12-04,1713,0,507560000.0,63,,,25000.0
125523CW8,2025-09-04,2025-12-04,952,0,710108000.0,63,,,200000.0
125523CX6,2025-09-04,2025-12-04,3628,0,1415016000.0,63,,,25000.0
125523CY4,2025-09-04,2025-12-04,2679,0,1685440000.0,63,,,40000.0
125523CZ1,2025-09-04,2025-12-04,2478,0,1635042000.0,63,,,50000.0
125523DA5,2025-09-04,2025-12-04,866,0,1542771000.0,62,,,550000.0
12572QAF2,2025-09-04,2025-12-04,562,0,88327000.0,63,,,20000.0
12572QAK1,2025-09-04,2025-12-04,480,0,248485000.0,60,,,85000.0
12572QAL9,2025-09-04,2025-12-04,1112,0,336381000.0,63,,,40000.0
12636YAE2,2025-09-04,2025-12-04,198,0,171413000.0,50,,,405500.0
12636YAF9,2025-09-04,2025-12-04,277,0,298215000.0,57,,,300000.0
12636YAH5,2025-09-04,2025-12-04,834,2,2106691000.0,41,,,1000000.0
12636YAJ1,2025-09-04,2025-12-04,1052,0,3077754000.0,41,,,1000000.0
126408GY3,2025-09-04,2025-12-04,177,0,46868000.0,48,,,105000.0
126408HF3,2025-09-04,2025-12-04,175,0,38660000.0,51,,,95000.0
126408HK2,2025-09-04,2025-12-04,176,0,87052000.0,45,,,247500.0
126408HU0,2025-09-04,2025-12-04,1762,0,287686000.0,63,,,24000.0
126408HV8,2025-09-04,2025-12-04,280,0,260633000.0,59,,,203500.0
126408HZ9,2025-09-04,2025-12-04,1199,0,1310090000.0,63,,,100000.0
126650CD0,2025-09-04,2025-12-04,511,0,150575000.0,61,,,35000.0
126650CN8,2025-09-04,2025-12-04,1411,0,827133000.0,63,,,43000.0
126650CY4,2025-09-04,2025-12-04,2473,0,1246556000.0,63,,,50000.0
126650CZ1,2025-09-04,2025-12-04,4864,0,3849729000.0,65,,,15000.0
126650DG2,2025-09-04,2025-12-04,1612,0,359405000.0,64,,,25000.0
126650DJ6,2025-09-04,2025-12-04,2312,0,281093100.0,64,,,17000.0
126650DN7,2025-09-04,2025-12-04,918,0,408016000.0,64,,,30000.0
126650DQ0,2025-09-04,2025-12-04,914,0,347561050.0,63,,,65000.0
126650DR8,2025-09-04,2025-12-04,772,0,386908000.0,62,,,95000.0
126650DT4,2025-09-04,2025-12-04,1999,0,336331000.0,65,,,20000.0
126650DU1,2025-09-04,2025-12-04,4481,0,412649000.0,65,,,6000.0
126650DV9,2025-09-04,2025-12-04,575,0,351448000.0,62,,,100000.0
126650DX5,2025-09-04,2025-12-04,1377,0,162005705.0,63,,,20000.0
126650DY3,2025-09-04,2025-12-04,2444,0,373166000.0,64,,,11000.0
126650DZ0,2025-09-04,2025-12-04,728,0,483889000.0,64,,,154000.0
126650EA4,2025-09-04,2025-12-04,1369,0,644480000.0,63,,,25000.0
126650EC0,2025-09-04,2025-12-04,642,0,161162000.0,63,,,40000.0
126650ED8,2025-09-04,2025-12-04,1275,0,410741000.0,65,,,30000.0
126650EE6,2025-09-04,2025-12-04,1003,0,276294000.0,62,,,20000.0
126650EF3,2025-09-04,2025-12-04,492,0,550270000.0,62,,,246000.0
126650EJ5,2025-09-04,2025-12-04,1080,0,599281000.0,63,,,50000.0
126650EK2,2025-09-04,2025-12-04,1769,0,2274364000.0,63,,,121000.0
126650EL0,2025-09-04,2025-12-04,1252,0,2158242000.0,64,,,343000.0
12704PAB4,2025-09-04,2025-12-04,314,0,303420000.0,57,,,402000.0
127097AN3,2025-09-04,2025-12-04,708,0,626240000.0,64,,,150000.0
127387AN8,2025-09-04,2025-12-04,850,0,252941000.0,63,,,48000.0
127387AP3,2025-09-04,2025-12-04,859,0,759161000.0,61,,,100000.0
134429BP3,2025-09-04,2025-12-04,1307,0,389621000.0,63,,,25000.0
134429BQ1,2025-09-04,2025-12-04,1652,0,906690000.0,63,,,50000.0
13607HR53,2025-09-04,2025-12-04,612,0,152010000.0,62,,,50000.0
13607LWW9,2025-09-04,2025-12-04,865,0,434837000.0,63,,,50000.0
13607PHS6,2025-09-04,2025-12-04,519,0,243305000.0,63,,,59000.0
13607PVQ4,2025-09-04,2025-12-04,778,0,285404000.0,64,,,50500.0
13607QFE7,2025-09-04,2025-12-04,697,0,961234000.0,63,,,400000.0
136375DC3,2025-09-04,2025-12-04,358,0,88528000.0,55,,,100000.0
136375DR0,2025-09-04,2025-12-04,312,0,74564000.0,58,,,55000.0
136385AL5,2025-09-04,2025-12-04,307,0,154101000.0,52,,,100000.0
136385AY7,2025-09-04,2025-12-04,277,0,190573000.0,50,,,50000.0
136385BD2,2025-09-04,2025-12-04,176,0,141283000.0,16,,,190000.0
136385BE0,2025-09-04,2025-12-04,64,0,41883000.0,13,,,240000.0
13645RAX2,2025-09-04,2025-12-04,434,0,116495000.0,58,,,35000.0
13645RBF0,2025-09-04,2025-12-04,809,0,555671000.0,63,,,130000.0
13645RBG8,2025-09-04,2025-12-04,316,0,166707000.0,60,,,130000.0
13645RBH6,2025-09-04,2025-12-04,446,0,296643000.0,61,,,173500.0
14149YBR8,2025-09-04,2025-12-04,715,0,105453000.0,63,,,25000.0
14149YBS6,2025-09-04,2025-12-04,698,0,680859000.0,63,,,57500.0
142339AJ9,2025-09-04,2025-12-04,1226,0,236124000.0,63,,,16000.0
14448CAL8,2025-09-04,2025-12-04,709,0,251120000.0,62,,,30000.0
14448CAQ7,2025-09-04,2025-12-04,1439,0,648564000.0,63,,,50000.0
14448CAR5,2025-09-04,2025-12-04,598,0,666377000.0,63,,,200000.0
14448CAS3,2025-09-04,2025-12-04,304,0,307180000.0,53,,,100000.0
14448CBC7,2025-09-04,2025-12-04,1520,0,310824000.0,63,,,11000.0
149123BS9,2025-09-04,2025-12-04,759,0,109935000.0,61,,,25000.0
149123CB5,2025-09-04,2025-12-04,380,0,190141000.0,59,,,133000.0
149123CF6,2025-09-04,2025-12-04,330,0,106619000.0,54,,,181000.0
149123CH2,2025-09-04,2025-12-04,822,0,146590000.0,64,,,26000.0
149123CJ8,2025-09-04,2025-12-04,232,0,99210000.0,56,,,180500.0
149123CL3,2025-09-04,2025-12-04,2028,0,1373994500.0,63,,,55000.0
14913UAU4,2025-09-04,2025-12-04,1244,0,313098000.0,63,,,25000.0
15135UAX7,2025-09-04,2025-12-04,308,0,310449000.0,55,,,255000.0
161175AZ7,2025-09-04,2025-12-04,1252,0,1484046000.0,63,,,75000.0
161175BA1,2025-09-04,2025-12-04,1286,0,1466784000.0,63,,,58500.0
161175BL7,2025-09-04,2025-12-04,739,0,669463000.0,63,,,110000.0
161175BM5,2025-09-04,2025-12-04,458,0,146955000.0,57,,,50000.0
161175BN3,2025-09-04,2025-12-04,605,0,694604000.0,62,,,200000.0
161175BS2,2025-09-04,2025-12-04,584,0,618675000.0,62,,,151500.0
161175BT0,2025-09-04,2025-12-04,664,0,793503000.0,63,,,181000.0
161175BU7,2025-09-04,2025-12-04,2015,0,1453741520.0,63,,,10000.0
161175BV5,2025-09-04,2025-12-04,526,0,720925000.0,62,,,216500.0
161175BY9,2025-09-04,2025-12-04,557,0,885812000.0,61,,,299000.0
161175CA0,2025-09-04,2025-12-04,664,0,1201443000.0,63,,,352000.0
161175CC6,2025-09-04,2025-12-04,416,0,377135000.0,59,,,250000.0
161175CE2,2025-09-04,2025-12-04,368,0,346622000.0,61,,,165500.0
161175CG7,2025-09-04,2025-12-04,507,0,895843000.0,60,,,323000.0
161175CJ1,2025-09-04,2025-12-04,739,0,183198000.0,62,,,14000.0
161175CL6,2025-09-04,2025-12-04,550,0,362992610.0,62,,,60000.0
161175CP7,2025-09-04,2025-12-04,679,0,429078000.0,63,,,83000.0
161175CR3,2025-09-04,2025-12-04,594,0,712856000.0,62,,,203500.0
161175CS1,2025-09-04,2025-12-04,1065,4,2697742000.0,64,,,400000.0
161175CT9,2025-09-04,2025-12-04,906,0,2131835000.0,63,,,723000.0
16411QAG6,2025-09-04,2025-12-04,2291,0,586918000.0,65,,,25000.0
16411QAK7,2025-09-04,2025-12-04,1821,0,520311000.0,64,,,33000.0
16411QAN1,2025-09-04,2025-12-04,1549,0,370417000.0,64,,,45000.0
16411QAQ4,2025-09-04,2025-12-04,948,0,371909000.0,63,,,52500.0
16411QAS0,2025-09-04,2025-12-04,770,0,437193000.0,64,,,75000.0
16411RAN9,2025-09-04,2025-12-04,674,0,465136000.0,62,,,100000.0
16412XAJ4,2025-09-04,2025-12-04,747,0,158664000.0,63,,,21000.0
165167DH7,2025-09-04,2025-12-04,486,0,466112000.0,60,,,225000.0
166756AH9,2025-09-04,2025-12-04,525,0,208436000.0,56,,,29000.0
166756BD7,2025-09-04,2025-12-04,13498,0,564074000.0,64,,,2000.0
166756BF2,2025-09-04,2025-12-04,1464,0,131474000.0,63,,,10000.0
166756BJ4,2025-09-04,2025-12-04,6919,0,1495169000.0,63,,,12000.0
166756BK1,2025-09-04,2025-12-04,2033,0,426273000.0,63,,,30000.0
166756BL9,2025-09-04,2025-12-04,3623,0,1585774000.0,64,,,25000.0
166764BY5,2025-09-04,2025-12-04,1468,0,353907000.0,64,,,50000.0
166764CA6,2025-09-04,2025-12-04,465,0,145711000.0,63,,,56000.0
171232AQ4,2025-09-04,2025-12-04,470,0,98907000.0,58,,,25000.0
171239AG1,2025-09-04,2025-12-04,1107,0,485859000.0,63,,,35000.0
171239AJ5,2025-09-04,2025-12-04,262,0,146217000.0,50,,,200000.0
171239AK2,2025-09-04,2025-12-04,2289,0,628898000.0,63,,,18000.0
171239AM8,2025-09-04,2025-12-04,1402,0,1602926000.0,63,,,175000.0
17275RAD4,2025-09-04,2025-12-04,989,0,238481000.0,63,,,25000.0
17275RAF9,2025-09-04,2025-12-04,926,0,384956000.0,64,,,50000.0
17275RBS0,2025-09-04,2025-12-04,4787,0,680787000.0,65,,,20000.0
17275RBT8,2025-09-04,2025-12-04,2540,2,866524000.0,63,,,20000.0
17275RBU5,2025-09-04,2025-12-04,1106,0,1402318000.0,64,,,190000.0
17275RBV3,2025-09-04,2025-12-04,769,0,879633000.0,60,,,100000.0
17275RBX9,2025-09-04,2025-12-04,1631,0,235997000.0,64,,,20000.0
17275RBY7,2025-09-04,2025-12-04,1410,0,352640000.0,65,,,40500.0
17275RBZ4,2025-09-04,2025-12-04,1441,0,921612000.0,63,,,32000.0
17275RCA8,2025-09-04,2025-12-04,589,0,647076000.0,62,,,132000.0
172967BL4,2025-09-04,2025-12-04,2315,0,344461000.0,63,,,25000.0
172967EW7,2025-09-04,2025-12-04,1049,0,222015000.0,63,,,25000.0
172967FX4,2025-09-04,2025-12-04,712,0,112641000.0,63,,,27000.0
172967HA2,2025-09-04,2025-12-04,386,0,61046000.0,54,,,50000.0
172967HS3,2025-09-04,2025-12-04,964,0,120977000.0,63,,,26000.0
172967JU6,2025-09-04,2025-12-04,598,0,138234000.0,62,,,45500.0
172967KR1,2025-09-04,2025-12-04,838,0,247413000.0,63,,,36000.0
172967LU3,2025-09-04,2025-12-04,424,0,129652000.0,61,,,100000.0
172967MD0,2025-09-04,2025-12-04,599,0,277211000.0,62,,,125000.0
172967ML2,2025-09-04,2025-12-04,1231,0,588737500.0,63,,,17000.0
172967MM0,2025-09-04,2025-12-04,427,0,400790000.0,58,,,300000.0
172967MP3,2025-09-04,2025-12-04,2912,0,716767000.0,64,,,20000.0
172967MS7,2025-09-04,2025-12-04,1946,0,939876000.0,65,,,18000.0
172967MY4,2025-09-04,2025-12-04,2566,0,791007000.0,63,,,10000.0
172967NE7,2025-09-04,2025-12-04,1871,0,722093000.0,64,,,65000.0
172967NF4,2025-09-04,2025-12-04,533,0,355910000.0,63,,,200000.0
172967NN7,2025-09-04,2025-12-04,1803,0,745400000.0,63,,,30000.0
172967NU1,2025-09-04,2025-12-04,1813,0,440152000.0,65,,,37000.0
172967PA3,2025-09-04,2025-12-04,4294,0,729057154.0,63,,,5000.0
172967PL9,2025-09-04,2025-12-04,1478,0,1165330654.0,63,,,105000.0
172967QA2,2025-09-04,2025-12-04,4365,0,1825954000.0,63,,,4000.0
172967QF1,2025-09-04,2025-12-04,2588,9,10951798000.0,65,,,1000000.0
172967QH7,2025-09-04,2025-12-04,3324,7,18561748000.0,65,,,2000000.0
17308CC53,2025-09-04,2025-12-04,1203,0,430752000.0,63,,,25000.0
17325FBG2,2025-09-04,2025-12-04,537,0,656368954.0,60,,,300000.0
17325FBK3,2025-09-04,2025-12-04,586,0,355253000.0,57,,,100000.0
17325FBP2,2025-09-04,2025-12-04,1157,0,1062427000.0,63,,,163000.0
17327CAQ6,2025-09-04,2025-12-04,1574,1,642232000.0,64,,,22000.0
17327CAT0,2025-09-04,2025-12-04,1900,0,1263854000.0,64,,,35000.0
17327CAY9,2025-09-04,2025-12-04,1022,0,1203438000.0,63,,,280000.0
17327CBA0,2025-09-04,2025-12-04,1197,3,3266355000.0,63,,,500000.0
174610AT2,2025-09-04,2025-12-04,1243,0,245134125.0,63,,,40000.0
174610BG9,2025-09-04,2025-12-04,700,0,713555000.0,63,,,216000.0
174610BH7,2025-09-04,2025-12-04,1090,0,445609000.0,63,,,35000.0
174610BJ3,2025-09-04,2025-12-04,554,0,342218000.0,63,,,112500.0
191216CM0,2025-09-04,2025-12-04,741,0,69605000.0,64,,,25000.0
191216CT5,2025-09-04,2025-12-04,2590,0,534757334.0,64,,,25000.0
191216CV0,2025-09-04,2025-12-04,1211,0,356651000.0,63,,,35000.0
191216CW8,2025-09-04,2025-12-04,681,0,328005800.0,62,,,100000.0
191216CX6,2025-09-04,2025-12-04,315,0,85865000.0,54,,,90000.0
191216CY4,2025-09-04,2025-12-04,376,0,308912000.0,53,,,148000.0
191216DC1,2025-09-04,2025-12-04,448,0,217162000.0,64,,,150000.0
191216DE7,2025-09-04,2025-12-04,1568,0,197741000.0,64,,,14000.0
191216DK3,2025-09-04,2025-12-04,735,0,71835000.0,63,,,20000.0
191216DL1,2025-09-04,2025-12-04,356,0,112680000.0,57,,,72000.0
191216DP2,2025-09-04,2025-12-04,2228,0,275660000.0,64,,,11000.0
191216DQ0,2025-09-04,2025-12-04,466,0,117753000.0,55,,,77500.0
191216DR8,2025-09-04,2025-12-04,1762,0,256383000.0,64,,,25000.0
191216DS6,2025-09-04,2025-12-04,942,0,596542000.0,63,,,70000.0
191216DT4,2025-09-04,2025-12-04,1092,0,646835000.0,64,,,45000.0
191216DY3,2025-09-04,2025-12-04,1593,0,423565000.0,64,,,50000.0
191216DZ0,2025-09-04,2025-12-04,1296,0,1432987000.0,70,,,100000.0
20030NAC5,2025-09-04,2025-12-04,954,0,143113000.0,63,,,25000.0
20030NAF8,2025-09-04,2025-12-04,1309,0,299008000.0,63,,,25000.0
20030NBH3,2025-09-04,2025-12-04,3190,0,698790000.0,65,,,25000.0
20030NBM2,2025-09-04,2025-12-04,1622,0,271568000.0,63,,,25000.0
20030NBP5,2025-09-04,2025-12-04,1779,0,372459000.0,65,,,25000.0
20030NBQ3,2025-09-04,2025-12-04,1059,0,119488000.0,63,,,11000.0
20030NBT7,2025-09-04,2025-12-04,1222,0,510223750.0,63,,,25000.0
20030NBU4,2025-09-04,2025-12-04,407,0,303710000.0,59,,,130000.0
20030NBZ3,2025-09-04,2025-12-04,277,0,117943000.0,54,,,100000.0
20030NCC3,2025-09-04,2025-12-04,551,0,325219000.0,61,,,100000.0
20030NCE9,2025-09-04,2025-12-04,660,0,170969000.0,60,,,50000.0
20030NCG4,2025-09-04,2025-12-04,268,0,123993000.0,53,,,170000.0
20030NCJ8,2025-09-04,2025-12-04,1035,0,425026000.0,63,,,51000.0
20030NCK5,2025-09-04,2025-12-04,285,0,186506000.0,55,,,100000.0
20030NCL3,2025-09-04,2025-12-04,1706,0,238603000.0,64,,,25000.0
20030NCM1,2025-09-04,2025-12-04,1032,0,247797000.0,64,,,36500.0
20030NCN9,2025-09-04,2025-12-04,302,0,120016000.0,52,,,143500.0
20030NCU3,2025-09-04,2025-12-04,5414,0,1110626000.0,64,,,15000.0
20030NCY5,2025-09-04,2025-12-04,679,0,310491000.0,63,,,60000.0
20030NCZ2,2025-09-04,2025-12-04,819,0,158818000.0,64,,,16000.0
20030NDA6,2025-09-04,2025-12-04,2246,0,555191000.0,64,,,15000.0
20030NDG3,2025-09-04,2025-12-04,1935,0,662331000.0,63,,,25000.0
20030NDH1,2025-09-04,2025-12-04,1016,0,392228000.0,64,,,50000.0
20030NDL2,2025-09-04,2025-12-04,445,0,413796000.0,62,,,179000.0
20030NDM0,2025-09-04,2025-12-04,2280,0,689362000.0,64,,,20000.0
20030NDN8,2025-09-04,2025-12-04,2067,0,589551250.0,65,,,25000.0
20030NDP3,2025-09-04,2025-12-04,337,0,235577500.0,59,,,125000.0
20030NDQ1,2025-09-04,2025-12-04,362,0,237529000.0,55,,,50000.0
20030NDS7,2025-09-04,2025-12-04,1028,0,1948907000.0,63,,,300000.0
20030NDU2,2025-09-04,2025-12-04,938,0,1622452000.0,63,,,329500.0
20030NDW8,2025-09-04,2025-12-04,686,0,723575000.0,64,,,149000.0
20030NEB3,2025-09-04,2025-12-04,3505,0,410267000.0,64,,,15000.0
20030NEC1,2025-09-04,2025-12-04,1127,0,282509000.0,63,,,25000.0
20030NEE7,2025-09-04,2025-12-04,2330,0,457056000.0,64,,,22000.0
20030NEF4,2025-09-04,2025-12-04,2021,0,1065070500.0,66,,,31000.0
20030NEG2,2025-09-04,2025-12-04,1923,0,1034184000.0,63,,,22000.0
20030NEJ6,2025-09-04,2025-12-04,3758,0,649003000.0,63,,,11000.0
20030NEK3,2025-09-04,2025-12-04,2235,0,1215560000.0,65,,,25000.0
20030NEP2,2025-09-04,2025-12-04,4816,0,1258116000.0,65,,,15000.0
20030NEQ0,2025-09-04,2025-12-04,3730,0,2110204000.0,63,,,19000.0
20268JAB9,2025-09-04,2025-12-04,970,0,89743000.0,63,,,6000.0
20268JAC7,2025-09-04,2025-12-04,220,0,171495000.0,47,,,100000.0
20268JAR4,2025-09-04,2025-12-04,703,0,184899000.0,62,,,25000.0
202795JM3,2025-09-04,2025-12-04,173,0,111440000.0,43,,,200000.0
205887CD2,2025-09-04,2025-12-04,2663,0,267165000.0,63,,,20000.0
205887CE0,2025-09-04,2025-12-04,771,0,423891000.0,62,,,45000.0
207597EL5,2025-09-04,2025-12-04,158,0,84738000.0,43,,,143000.0
20825CAQ7,2025-09-04,2025-12-04,1649,0,136891000.0,63,,,8000.0
20826FAC0,2025-09-04,2025-12-04,229,0,50788000.0,44,,,75000.0
20826FAV8,2025-09-04,2025-12-04,361,0,184545000.0,62,,,106000.0
20826FBC9,2025-09-04,2025-12-04,200,0,63338000.0,49,,,100000.0
20826FBD7,2025-09-04,2025-12-04,696,0,221876000.0,63,,,125000.0
20826FBE5,2025-09-04,2025-12-04,660,0,217771000.0,62,,,50000.0
20826FBF2,2025-09-04,2025-12-04,2137,0,239996000.0,63,,,20000.0
20826FBG0,2025-09-04,2025-12-04,991,0,457179000.0,63,,,39000.0
20826FBJ4,2025-09-04,2025-12-04,2996,0,369457000.0,64,,,20000.0
20826FBL9,2025-09-04,2025-12-04,2588,0,849553000.0,64,,,25000.0
20826FBM7,2025-09-04,2025-12-04,1140,0,924870000.0,63,,,85000.0
209111FD0,2025-09-04,2025-12-04,265,0,38921000.0,53,,,57000.0
209111FF5,2025-09-04,2025-12-04,214,0,50579000.0,46,,,45000.0
209111FY4,2025-09-04,2025-12-04,232,0,93980000.0,55,,,120000.0
209111GA5,2025-09-04,2025-12-04,653,0,87702000.0,63,,,23000.0
209111GB3,2025-09-04,2025-12-04,123,0,34956000.0,34,,,168000.0
209111GG2,2025-09-04,2025-12-04,337,0,186158000.0,58,,,100000.0
209111GK3,2025-09-04,2025-12-04,495,0,335797000.0,61,,,200000.0
209111GP2,2025-09-04,2025-12-04,675,0,2228270000.0,13,,,1000000.0
21036PBE7,2025-09-04,2025-12-04,1091,0,179854000.0,63,,,21000.0
21036PBH0,2025-09-04,2025-12-04,1293,0,434876000.0,63,,,31000.0
21036PBP2,2025-09-04,2025-12-04,3707,0,866403000.0,64,,,7000.0
210385AE0,2025-09-04,2025-12-04,683,0,320628000.0,63,,,100000.0
210385AF7,2025-09-04,2025-12-04,739,0,833506000.0,62,,,300000.0
21684AAB2,2025-09-04,2025-12-04,79,0,165384000.0,22,,,500000.0
21684AAD8,2025-09-04,2025-12-04,324,0,311999000.0,52,,,300000.0
21685WCJ4,2025-09-04,2025-12-04,659,0,218091000.0,59,,,40000.0
21688ABH4,2025-09-04,2025-12-04,211,0,111630000.0,47,,,250000.0
21871XAH2,2025-09-04,2025-12-04,1236,0,367239000.0,63,,,25000.0
21871XAM1,2025-09-04,2025-12-04,397,0,424903000.0,57,,,200000.0
21871XAS8,2025-09-04,2025-12-04,713,0,382558000.0,64,,,90000.0
219350BF1,2025-09-04,2025-12-04,196,0,116724000.0,41,,,200000.0
219350BQ7,2025-09-04,2025-12-04,459,0,126307000.0,59,,,45000.0
22160KAP0,2025-09-04,2025-12-04,1884,0,240347000.0,63,,,27000.0
22160KAQ8,2025-09-04,2025-12-04,4681,0,463378000.0,63,,,9000.0
22822VAR2,2025-09-04,2025-12-04,691,0,248188000.0,63,,,100000.0
22822VAT8,2025-09-04,2025-12-04,663,0,230028000.0,63,,,30000.0
22822VAU5,2025-09-04,2025-12-04,289,0,308200000.0,56,,,245000.0
22822VAW1,2025-09-04,2025-12-04,456,0,266669000.0,61,,,100000.0
22822VAX9,2025-09-04,2025-12-04,311,0,230905000.0,58,,,200000.0
22822VAY7,2025-09-04,2025-12-04,879,0,153457000.0,63,,,22000.0
22822VBC4,2025-09-04,2025-12-04,634,0,279402000.0,61,,,23000.0
22822VBE0,2025-09-04,2025-12-04,591,0,371973000.0,63,,,67000.0
231021AT3,2025-09-04,2025-12-04,590,0,185488000.0,63,,,30000.0
231021AW6,2025-09-04,2025-12-04,1309,0,279962000.0,63,,,25000.0
231021AX4,2025-09-04,2025-12-04,506,0,272254000.0,58,,,74000.0
231021BA3,2025-09-04,2025-12-04,3138,0,625902000.0,63,,,25000.0
23291KAH8,2025-09-04,2025-12-04,461,0,155238000.0,61,,,75000.0
23291KAJ4,2025-09-04,2025-12-04,319,0,139253000.0,57,,,115000.0
23291KAK1,2025-09-04,2025-12-04,191,0,71715000.0,48,,,82000.0
233331BL0,2025-09-04,2025-12-04,2711,0,561299000.0,63,,,5000.0
233331BN6,2025-09-04,2025-12-04,1936,0,588364000.0,63,,,20000.0
233835AQ0,2025-09-04,2025-12-04,2303,0,126651000.0,64,,,10000.0
235851AV4,2025-09-04,2025-12-04,228,0,75150000.0,52,,,87000.0
235851AW2,2025-09-04,2025-12-04,325,0,170724000.0,58,,,160000.0
244199BF1,2025-09-04,2025-12-04,430,0,103849000.0,60,,,55000.0
244199BK0,2025-09-04,2025-12-04,200,0,76445000.0,44,,,124000.0
244199BL8,2025-09-04,2025-12-04,1531,0,938826000.0,63,,,50000.0
244199BM6,2025-09-04,2025-12-04,582,0,342491000.0,62,,,197500.0
24422EWZ8,2025-09-04,2025-12-04,1275,0,235564000.0,64,,,30000.0
24422EXE4,2025-09-04,2025-12-04,2018,0,289022000.0,64,,,16000.0
24422EXN4,2025-09-04,2025-12-04,1403,0,231312000.0,64,,,25000.0
24422EXP9,2025-09-04,2025-12-04,2366,0,304163000.0,63,,,20000.0
24422EXU8,2025-09-04,2025-12-04,928,0,139689000.0,62,,,25000.0
24422EXX2,2025-09-04,2025-12-04,2867,0,514377000.0,64,,,35000.0
24422EYE3,2025-09-04,2025-12-04,1967,0,619341000.0,63,,,30000.0
24703DBF7,2025-09-04,2025-12-04,517,0,293988000.0,62,,,200000.0
24703DBL4,2025-09-04,2025-12-04,1406,0,289239000.0,63,,,25000.0
24703DBN0,2025-09-04,2025-12-04,1498,0,365083000.0,64,,,26000.0
24703DBQ3,2025-09-04,2025-12-04,2039,0,664232000.0,65,,,50000.0
24703DBS9,2025-09-04,2025-12-04,2202,4,2700292000.0,52,,,70000.0
24703DBT7,2025-09-04,2025-12-04,2253,1,3077827000.0,53,,,130000.0
24703DBU4,2025-09-04,2025-12-04,2958,2,3680444000.0,52,,,100000.0
24703TAG1,2025-09-04,2025-12-04,2014,0,358817000.0,63,,,35000.0
24703TAH9,2025-09-04,2025-12-04,1711,0,189616000.0,63,,,8000.0
24703TAJ5,2025-09-04,2025-12-04,906,0,365795000.0,63,,,50000.0
24703TAM8,2025-09-04,2025-12-04,1612,0,284319000.0,65,,,25000.0
24703TAN6,2025-09-04,2025-12-04,3120,0,490975000.0,64,,,10000.0
24703TAP1,2025-09-04,2025-12-04,15480,0,1125817000.0,64,,,2000.0
247361A32,2025-09-04,2025-12-04,2996,0,649328000.0,63,,,25000.0
251526CD9,2025-09-04,2025-12-04,597,0,1891058000.0,62,,,500000.0
251526CK3,2025-09-04,2025-12-04,372,0,430188000.0,58,,,500000.0
251526CX5,2025-09-04,2025-12-04,427,0,818507000.0,61,,,540000.0
251526CY3,2025-09-04,2025-12-04,515,0,1312247000.0,61,,,500000.0
251526DA4,2025-09-04,2025-12-04,474,0,712329000.0,61,,,290000.0
251526DD8,2025-09-04,2025-12-04,314,0,1538989000.0,2,,,2000000.0
25156PAC7,2025-09-04,2025-12-04,1055,0,722382000.0,64,,,75000.0
25179MAL7,2025-09-04,2025-12-04,1677,0,348971000.0,63,,,23000.0
25179MAN3,2025-09-04,2025-12-04,630,0,64146000.0,58,,,22000.0
25179MAU7,2025-09-04,2025-12-04,1384,0,503338000.0,62,,,25000.0
25179MBG7,2025-09-04,2025-12-04,5697,0,1319497000.0,64,,,25000.0
25179MBH5,2025-09-04,2025-12-04,1644,0,1204929000.0,64,,,75000.0
25243YBB4,2025-09-04,2025-12-04,216,0,121308000.0,51,,,219500.0
25243YBD0,2025-09-04,2025-12-04,330,0,167382000.0,57,,,200000.0
25243YBE8,2025-09-04,2025-12-04,263,0,153409000.0,57,,,250000.0
25243YBH1,2025-09-04,2025-12-04,180,0,168280000.0,46,,,269000.0
25243YBN8,2025-09-04,2025-12-04,233,0,161941000.0,48,,,273000.0
25245BAC1,2025-09-04,2025-12-04,264,0,253555000.0,55,,,278000.0
25245BAE7,2025-09-04,2025-12-04,353,0,330251000.0,57,,,350000.0
25278XAN9,2025-09-04,2025-12-04,1386,0,201246000.0,63,,,21500.0
25278XAV1,2025-09-04,2025-12-04,1370,0,602704000.0,64,,,15000.0
25278XAY5,2025-09-04,2025-12-04,956,0,734357000.0,63,,,100000.0
25278XAZ2,2025-09-04,2025-12-04,1161,0,703821000.0,63,,,65000.0
25278XBA6,2025-09-04,2025-12-04,914,0,1353004000.0,63,,,251500.0
25278XBB4,2025-09-04,2025-12-04,1003,0,863408000.0,63,,,128000.0
25278XBC2,2025-09-04,2025-12-04,3030,0,2261628000.0,63,,,15000.0
25389JAU0,2025-09-04,2025-12-04,932,0,88660000.0,63,,,15000.0
254687DZ6,2025-09-04,2025-12-04,758,0,278086000.0,65,,,32000.0
254687EB8,2025-09-04,2025-12-04,1493,0,228419000.0,64,,,14000.0
254687EH5,2025-09-04,2025-12-04,459,0,174947000.0,60,,,60000.0
254687FL5,2025-09-04,2025-12-04,3096,0,336577000.0,63,,,20000.0
254687FM3,2025-09-04,2025-12-04,756,0,418326700.0,63,,,100000.0
254687FQ4,2025-09-04,2025-12-04,2652,0,323360000.0,65,,,18000.0
254687FR2,2025-09-04,2025-12-04,683,0,77937000.0,63,,,30000.0
254687FS0,2025-09-04,2025-12-04,453,0,125560000.0,67,,,57000.0
254687FX9,2025-09-04,2025-12-04,2904,0,496970500.0,65,,,22000.0
254687FY7,2025-09-04,2025-12-04,904,0,436109800.0,64,,,150500.0
254687FZ4,2025-09-04,2025-12-04,664,0,604048900.0,64,,,200000.0
254687GA8,2025-09-04,2025-12-04,357,0,141622400.0,59,,,150000.0
25468PDB9,2025-09-04,2025-12-04,381,0,117983000.0,62,,,70000.0
254709AS7,2025-09-04,2025-12-04,2331,0,251513000.0,63,,,16000.0
256677AG0,2025-09-04,2025-12-04,1752,0,400901000.0,63,,,13000.0
256677AP0,2025-09-04,2025-12-04,1044,0,434033000.0,64,,,25000.0
256746AJ7,2025-09-04,2025-12-04,476,0,192029000.0,58,,,40000.0
25746UDG1,2025-09-04,2025-12-04,1484,0,332616000.0,63,,,10000.0
25746UDL0,2025-09-04,2025-12-04,614,0,195466000.0,63,,,44000.0
25746UDR7,2025-09-04,2025-12-04,1461,0,290270000.0,63,,,20000.0
25746UDW6,2025-09-04,2025-12-04,610,0,163072000.0,63,,,60000.0
260543CG6,2025-09-04,2025-12-04,794,0,317975176.0,63,,,40000.0
260543CR2,2025-09-04,2025-12-04,1552,0,381116000.0,63,,,25000.0
260543DC4,2025-09-04,2025-12-04,2187,0,527188000.0,65,,,25000.0
260543DD2,2025-09-04,2025-12-04,587,0,597454000.0,61,,,175000.0
260543DH3,2025-09-04,2025-12-04,1478,0,866087400.0,63,,,35000.0
260543DN0,2025-09-04,2025-12-04,5938,0,1574320000.0,63,,,25000.0
26078JAE0,2025-09-04,2025-12-04,304,0,185723000.0,47,,,88500.0
26078JAF7,2025-09-04,2025-12-04,293,0,275522000.0,45,,,220000.0
26441CAT2,2025-09-04,2025-12-04,468,0,177382000.0,62,,,150000.0
26441CBH7,2025-09-04,2025-12-04,1360,0,316675000.0,63,,,32000.0
26441CBL8,2025-09-04,2025-12-04,3074,0,218462000.0,63,,,6000.0
26441CBM6,2025-09-04,2025-12-04,343,0,157363000.0,58,,,55000.0
26441CBN4,2025-09-04,2025-12-04,249,0,158462000.0,53,,,100000.0
26441CBT1,2025-09-04,2025-12-04,5051,0,558262000.0,64,,,18000.0
26441CBU8,2025-09-04,2025-12-04,1026,0,181671000.0,63,,,27000.0
26441CCA1,2025-09-04,2025-12-04,1112,0,145677000.0,63,,,10000.0
26441CCE3,2025-09-04,2025-12-04,1034,0,240999000.0,64,,,24000.0
26441CCF0,2025-09-04,2025-12-04,675,0,244583000.0,60,,,30000.0
26441CCJ2,2025-09-04,2025-12-04,2486,0,3177935000.0,61,,,64000.0
26441CCK9,2025-09-04,2025-12-04,1163,0,2509344000.0,61,,,600000.0
26442CAH7,2025-09-04,2025-12-04,603,0,149655000.0,61,,,30000.0
26442CAZ7,2025-09-04,2025-12-04,160,0,63974000.0,48,,,129000.0
26442CBJ2,2025-09-04,2025-12-04,1665,0,226706000.0,63,,,15000.0
26442CBK9,2025-09-04,2025-12-04,427,0,124659000.0,58,,,45000.0
26442CBL7,2025-09-04,2025-12-04,781,0,312288000.0,61,,,50000.0
26442UAU8,2025-09-04,2025-12-04,1116,0,364804000.0,63,,,25000.0
26442UAV6,2025-09-04,2025-12-04,406,0,536700000.0,58,,,248500.0
26875PAT8,2025-09-04,2025-12-04,293,0,154186000.0,53,,,180000.0
26875PAU5,2025-09-04,2025-12-04,981,0,165313000.0,63,,,25000.0
26875PAW1,2025-09-04,2025-12-04,483,0,685798000.0,63,,,110000.0
26875PAY7,2025-09-04,2025-12-04,1783,0,1198110000.0,63,,,50000.0
26875PAZ4,2025-09-04,2025-12-04,1166,0,895127000.0,63,,,80000.0
26875PBA8,2025-09-04,2025-12-04,625,0,1259496000.0,61,,,500000.0
26875PBB6,2025-09-04,2025-12-04,951,0,1268719000.0,11,,,20000.0
26884ABB8,2025-09-04,2025-12-04,159,0,42776000.0,45,,,51000.0
26884LAR0,2025-09-04,2025-12-04,822,0,469328000.0,63,,,57000.0
26884LBD0,2025-09-04,2025-12-04,579,0,328548000.0,56,,,85000.0
27636AAA0,2025-09-04,2025-12-04,763,0,376070000.0,62,,,42000.0
277432AP5,2025-09-04,2025-12-04,1079,0,162272000.0,62,,,20000.0
277432AY6,2025-09-04,2025-12-04,1934,0,518876000.0,63,,,21000.0
277432AZ3,2025-09-04,2025-12-04,1567,0,290735000.0,63,,,24000.0
278062AE4,2025-09-04,2025-12-04,286,0,114771000.0,52,,,100000.0
278062AH7,2025-09-04,2025-12-04,2589,0,446119000.0,63,,,16000.0
278642AF0,2025-09-04,2025-12-04,549,0,156918000.0,57,,,50000.0
278642AW3,2025-09-04,2025-12-04,830,0,144800500.0,64,,,25000.0
278642AY9,2025-09-04,2025-12-04,944,0,200006000.0,63,,,21500.0
278642AZ6,2025-09-04,2025-12-04,226,0,153962000.0,43,,,189000.0
278865BN9,2025-09-04,2025-12-04,302,0,132185000.0,52,,,159000.0
28368EAE6,2025-09-04,2025-12-04,1185,0,143309008.0,63,,,20000.0
28622HAB7,2025-09-04,2025-12-04,1268,0,237733000.0,63,,,20000.0
28622HAC5,2025-09-04,2025-12-04,389,0,252849000.0,59,,,109000.0
291011BR4,2025-09-04,2025-12-04,1276,0,509056000.0,63,,,137500.0
291011BS2,2025-09-04,2025-12-04,380,0,241137000.0,55,,,200000.0
29250NAM7,2025-09-04,2025-12-04,111,0,30840000.0,36,,,80000.0
29250NAZ8,2025-09-04,2025-12-04,1229,0,274812000.0,63,,,26000.0
29250NBE4,2025-09-04,2025-12-04,208,0,52997500.0,53,,,100000.0
29250NBF1,2025-09-04,2025-12-04,884,0,203251000.0,63,,,46000.0
29250NBR5,2025-09-04,2025-12-04,1876,0,389021000.0,65,,,20000.0
29250NBY0,2025-09-04,2025-12-04,703,0,276982000.0,61,,,18000.0
29250NBZ7,2025-09-04,2025-12-04,768,0,354656000.0,63,,,100000.0
29250NCC7,2025-09-04,2025-12-04,925,0,500626000.0,63,,,75000.0
29250NCD5,2025-09-04,2025-12-04,583,0,647287000.0,60,,,500000.0
29250NCK9,2025-09-04,2025-12-04,902,0,855111000.0,63,,,200000.0
29273RAR0,2025-09-04,2025-12-04,847,0,167437000.0,62,,,25000.0
29273RBF5,2025-09-04,2025-12-04,425,0,168738000.0,57,,,100000.0
29273RBJ7,2025-09-04,2025-12-04,1328,0,195583000.0,63,,,15000.0
29273RBL2,2025-09-04,2025-12-04,416,0,146979000.0,61,,,100000.0
29273VAQ3,2025-09-04,2025-12-04,2114,0,266543000.0,63,,,10000.0
29273VAT7,2025-09-04,2025-12-04,33483,0,644505000.0,63,,,1000.0
29273VAU4,2025-09-04,2025-12-04,1755,0,395451000.0,63,,,20000.0
29273VAW0,2025-09-04,2025-12-04,1225,0,725219000.0,63,,,100000.0
29273VAY6,2025-09-04,2025-12-04,2165,0,305433000.0,63,,,20000.0
29273VBA7,2025-09-04,2025-12-04,807,0,311168000.0,62,,,40000.0
29273VBB5,2025-09-04,2025-12-04,1100,0,849277000.0,63,,,50000.0
29273VBE9,2025-09-04,2025-12-04,1409,0,1187152000.0,63,,,114000.0
29273VBF6,2025-09-04,2025-12-04,1215,0,1267712000.0,63,,,161000.0
29278NAE3,2025-09-04,2025-12-04,1505,0,243594000.0,63,,,10000.0
29278NAQ6,2025-09-04,2025-12-04,1114,0,532742000.0,63,,,68500.0
29278NAR4,2025-09-04,2025-12-04,756,1,1047279000.0,64,,,200000.0
29279FAA7,2025-09-04,2025-12-04,1002,0,365576000.0,63,,,42500.0
29364WBB3,2025-09-04,2025-12-04,117,0,61179000.0,37,,,75000.0
29364WBQ0,2025-09-04,2025-12-04,379,0,370207000.0,54,,,220000.0
29379VAT0,2025-09-04,2025-12-04,209,0,33792000.0,44,,,70000.0
29379VAW3,2025-09-04,2025-12-04,271,0,117839000.0,60,,,75000.0
29379VAY9,2025-09-04,2025-12-04,425,0,76397000.0,62,,,22000.0
29379VBA0,2025-09-04,2025-12-04,420,0,109422000.0,59,,,60000.0
29379VBC6,2025-09-04,2025-12-04,642,0,227100000.0,61,,,25000.0
29379VBJ1,2025-09-04,2025-12-04,242,0,100659000.0,56,,,100000.0
29379VBQ5,2025-09-04,2025-12-04,317,0,213310000.0,58,,,100000.0
29379VBU6,2025-09-04,2025-12-04,1075,0,156467000.0,63,,,6000.0
29379VBW2,2025-09-04,2025-12-04,265,0,151336000.0,51,,,195000.0
29379VBX0,2025-09-04,2025-12-04,2747,0,298418000.0,63,,,8000.0
29379VBY8,2025-09-04,2025-12-04,250,0,67880000.0,54,,,118000.0
29379VBZ5,2025-09-04,2025-12-04,251,0,68893000.0,48,,,90000.0
29379VCA9,2025-09-04,2025-12-04,296,0,252029000.0,56,,,178500.0
29379VCB7,2025-09-04,2025-12-04,1160,0,192503000.0,63,,,6000.0
29379VCD3,2025-09-04,2025-12-04,1454,0,288925000.0,63,,,9000.0
29379VCF8,2025-09-04,2025-12-04,1501,0,308341000.0,63,,,8000.0
29379VCG6,2025-09-04,2025-12-04,2281,0,287489000.0,63,,,12000.0
29379VCH4,2025-09-04,2025-12-04,652,0,812323000.0,62,,,250000.0
29379VCK7,2025-09-04,2025-12-04,1765,0,1870661000.0,64,,,100000.0
29379VCL5,2025-09-04,2025-12-04,1160,0,1926705000.0,63,,,325000.0
29390XAA2,2025-09-04,2025-12-04,481,0,291997000.0,62,,,100000.0
29390XAG9,2025-09-04,2025-12-04,413,5,1708654000.0,20,,,650000.0
294429AT2,2025-09-04,2025-12-04,905,0,175510500.0,63,,,21000.0
29444UBE5,2025-09-04,2025-12-04,2101,0,253789000.0,66,,,11000.0
29444UBH8,2025-09-04,2025-12-04,1025,0,399545000.0,63,,,37000.0
29444UBS4,2025-09-04,2025-12-04,658,0,168390000.0,63,,,25000.0
29444UBU9,2025-09-04,2025-12-04,1429,0,301162000.0,63,,,26000.0
29446MAC6,2025-09-04,2025-12-04,165,0,84376000.0,43,,,113000.0
29446MAF9,2025-09-04,2025-12-04,650,0,132308000.0,63,,,10000.0
29446MAH5,2025-09-04,2025-12-04,173,0,87217000.0,43,,,155000.0
29446MAK8,2025-09-04,2025-12-04,979,0,108614000.0,65,,,6000.0
29446MAN2,2025-09-04,2025-12-04,610,0,354844000.0,63,,,100000.0
29446MAP7,2025-09-04,2025-12-04,512,0,1511324000.0,20,,,547500.0
299808AH8,2025-09-04,2025-12-04,133,0,46295000.0,38,,,100000.0
299808AJ4,2025-09-04,2025-12-04,418,0,77699000.0,63,,,6000.0
30040WAU2,2025-09-04,2025-12-04,833,0,250825000.0,63,,,50000.0
30161MAG8,2025-09-04,2025-12-04,544,0,155736000.0,59,,,25000.0
30161MAN3,2025-09-04,2025-12-04,639,0,74960000.0,63,,,21000.0
30161NAX9,2025-09-04,2025-12-04,2118,0,262780000.0,63,,,15000.0
30161NBK6,2025-09-04,2025-12-04,628,0,156552000.0,60,,,10000.0
30161NBL4,2025-09-04,2025-12-04,667,0,269338000.0,63,,,65000.0
30212PAR6,2025-09-04,2025-12-04,1835,0,358867000.0,64,,,20000.0
30212PBL8,2025-09-04,2025-12-04,1693,0,711760000.0,63,,,53000.0
30225VAK3,2025-09-04,2025-12-04,805,0,246785000.0,63,,,25000.0
30225VAV9,2025-09-04,2025-12-04,1044,0,437955000.0,63,,,49000.0
30231GAN2,2025-09-04,2025-12-04,991,0,270551000.0,63,,,20000.0
30231GAW2,2025-09-04,2025-12-04,1339,0,288836000.0,63,,,17000.0
30231GAY8,2025-09-04,2025-12-04,671,0,146471000.0,61,,,60000.0
30231GAZ5,2025-09-04,2025-12-04,367,0,93587000.0,59,,,50000.0
30231GBE1,2025-09-04,2025-12-04,2097,0,256290000.0,64,,,16000.0
30231GBF8,2025-09-04,2025-12-04,1667,0,494650000.0,65,,,50000.0
30231GBG6,2025-09-04,2025-12-04,779,0,241850000.0,64,,,70000.0
30231GBK7,2025-09-04,2025-12-04,1731,0,377240000.0,63,,,30000.0
30231GBM3,2025-09-04,2025-12-04,646,0,474912000.0,63,,,156000.0
30231GBN1,2025-09-04,2025-12-04,7263,0,1321469000.0,63,,,4000.0
30303M8H8,2025-09-04,2025-12-04,6747,0,839036965.0,65,,,15000.0
30303M8J4,2025-09-04,2025-12-04,1848,0,1129058770.0,70,,,70000.0
30303M8K1,2025-09-04,2025-12-04,1142,0,747055000.0,66,,,59000.0
30303M8M7,2025-09-04,2025-12-04,2132,0,398682000.0,64,,,20500.0
30303M8N5,2025-09-04,2025-12-04,4206,0,609117000.0,64,,,24000.0
30303M8Q8,2025-09-04,2025-12-04,2090,0,1121246945.0,65,,,40000.0
30303M8R6,2025-09-04,2025-12-04,2732,0,793147925.0,64,,,10000.0
30303M8S4,2025-09-04,2025-12-04,1368,0,230439000.0,63,,,30000.0
30303M8T2,2025-09-04,2025-12-04,3205,0,598386000.0,65,,,25000.0
30303M8U9,2025-09-04,2025-12-04,4340,0,1468932000.0,65,,,22000.0
30303M8V7,2025-09-04,2025-12-04,2633,0,3195269000.0,66,,,100000.0
30303M8W5,2025-09-04,2025-12-04,2435,0,1429029000.0,66,,,35000.0
30303M8X3,2025-09-04,2025-12-04,6789,14,9892149000.0,25,,,35000.0
30303M8Y1,2025-09-04,2025-12-04,2996,11,11861356000.0,24,,,950000.0
30303MAB8,2025-09-04,2025-12-04,9289,7,10464042000.0,24,,,9000.0
30303MAC6,2025-09-04,2025-12-04,4085,13,10311282000.0,25,,,100000.0
30303MAD4,2025-09-04,2025-12-04,9495,17,15982945000.0,26,,,15000.0
30303MAE2,2025-09-04,2025-12-04,3875,21,18536957000.0,26,,,1000000.0
303901BL5,2025-09-04,2025-12-04,843,0,241002000.0,60,,,40000.0
303901BN1,2025-09-04,2025-12-04,398,0,114238000.0,61,,,25000.0
303901BR2,2025-09-04,2025-12-04,816,0,244241000.0,60,,,24000.0
31428XDS2,2025-09-04,2025-12-04,235,0,389482000.0,37,,,330000.0
31428XDW3,2025-09-04,2025-12-04,287,0,239325000.0,36,,,276000.0
31620MBT2,2025-09-04,2025-12-04,315,0,282487000.0,60,,,43000.0
31620MBU9,2025-09-04,2025-12-04,240,0,139617000.0,47,,,100000.0
31620MBY1,2025-09-04,2025-12-04,1230,0,192410000.0,63,,,13000.0
316773CH1,2025-09-04,2025-12-04,969,0,319445000.0,63,,,20000.0
316773DG2,2025-09-04,2025-12-04,1405,0,124536000.0,63,,,9000.0
316773DL1,2025-09-04,2025-12-04,901,0,451098000.0,63,,,50000.0
316773DM9,2025-09-04,2025-12-04,439,0,157738000.0,62,,,77000.0
337738AU2,2025-09-04,2025-12-04,3282,0,1034785000.0,63,,,21000.0
337738AV0,2025-09-04,2025-12-04,791,0,970750000.0,63,,,221000.0
337738BC1,2025-09-04,2025-12-04,1435,0,384682000.0,63,,,20000.0
337738BE7,2025-09-04,2025-12-04,1533,0,499712500.0,63,,,33000.0
337738BH0,2025-09-04,2025-12-04,1783,0,738119000.0,63,,,30000.0
337738BL1,2025-09-04,2025-12-04,1182,0,522064000.0,64,,,17500.0
337738BM9,2025-09-04,2025-12-04,2071,0,535999000.0,63,,,14000.0
337738BN7,2025-09-04,2025-12-04,1154,0,622206000.0,63,,,38000.0
337738BP2,2025-09-04,2025-12-04,1753,0,1154720000.0,63,,,19000.0
337738BQ0,2025-09-04,2025-12-04,1558,0,2006792000.0,63,,,133500.0
337932AM9,2025-09-04,2025-12-04,336,0,170846000.0,57,,,127500.0
341081FQ5,2025-09-04,2025-12-04,251,0,148319000.0,56,,,100000.0
341081FX0,2025-09-04,2025-12-04,200,0,63829000.0,50,,,127000.0
341081GE1,2025-09-04,2025-12-04,283,0,179961000.0,55,,,149000.0
341081GG6,2025-09-04,2025-12-04,2356,0,294397000.0,63,,,14000.0
341081GL5,2025-09-04,2025-12-04,798,0,138149000.0,63,,,25000.0
341081GM3,2025-09-04,2025-12-04,425,0,148812000.0,54,,,45000.0
341081GQ4,2025-09-04,2025-12-04,851,0,101583000.0,63,,,25000.0
341081GU5,2025-09-04,2025-12-04,670,0,270750000.0,63,,,40000.0
341081GV3,2025-09-04,2025-12-04,475,0,320737000.0,58,,,172000.0
341081GY7,2025-09-04,2025-12-04,636,0,795206000.0,63,,,250000.0
341081HB6,2025-09-04,2025-12-04,502,0,2003692000.0,3,,,1375000.0
341099CL1,2025-09-04,2025-12-04,352,0,108832000.0,51,,,50000.0
345370CA6,2025-09-04,2025-12-04,28256,0,391701570.0,65,,,200.0
345370CQ1,2025-09-04,2025-12-04,3728,0,2960098000.0,66,,,49000.0
345370CS7,2025-09-04,2025-12-04,2951,0,489411000.0,65,,,25000.0
345370DA5,2025-09-04,2025-12-04,2954,0,2009002000.0,64,,,35000.0
345370DB3,2025-09-04,2025-12-04,8173,0,924643400.0,65,,,20000.0
345397B36,2025-09-04,2025-12-04,824,0,952881000.0,64,,,384500.0
345397B69,2025-09-04,2025-12-04,450,0,646159000.0,56,,,595000.0
345397C68,2025-09-04,2025-12-04,785,0,934772000.0,61,,,450000.0
345397D42,2025-09-04,2025-12-04,556,0,668882000.0,60,,,650000.0
345397D67,2025-09-04,2025-12-04,742,0,1237097000.0,63,,,413000.0
345397E25,2025-09-04,2025-12-04,438,0,486103000.0,60,,,310500.0
345397E66,2025-09-04,2025-12-04,1116,2,2392559000.0,63,,,307000.0
345397G23,2025-09-04,2025-12-04,484,0,358838000.0,58,,,226000.0
345397G31,2025-09-04,2025-12-04,575,0,1068463000.0,62,,,750000.0
345397G49,2025-09-04,2025-12-04,715,0,755725000.0,60,,,347000.0
345397G56,2025-09-04,2025-12-04,1619,0,3632952000.0,63,,,920000.0
345397G98,2025-09-04,2025-12-04,536,0,888115000.0,56,,,600000.0
345397H48,2025-09-04,2025-12-04,1419,0,3188958000.0,62,,,800000.0
345397H89,2025-09-04,2025-12-04,785,2,2308327000.0,26,,,1000000.0
35137LAJ4,2025-09-04,2025-12-04,1451,0,342276000.0,63,,,25000.0
35137LAK1,2025-09-04,2025-12-04,953,0,564712000.0,62,,,51000.0
35137LAN5,2025-09-04,2025-12-04,1630,0,435489000.0,63,,,20000.0
35177PAX5,2025-09-04,2025-12-04,254,0,72438000.0,44,,,100500.0
35671DBC8,2025-09-04,2025-12-04,1879,0,1023389799.0,65,,,70000.0
361448BR3,2025-09-04,2025-12-04,616,0,773859000.0,60,,,200000.0
36164QNA2,2025-09-04,2025-12-04,350,0,455351000.0,55,,,290000.0
361841AR0,2025-09-04,2025-12-04,600,0,549261000.0,61,,,124500.0
361841AT6,2025-09-04,2025-12-04,258,0,198990000.0,52,,,158500.0
36186CBY8,2025-09-04,2025-12-04,2163,0,599942000.0,63,,,20000.0
36264FAM3,2025-09-04,2025-12-04,330,0,430670000.0,57,,,385000.0
36264FAN1,2025-09-04,2025-12-04,215,0,318511900.0,46,,,459000.0
36266GAA5,2025-09-04,2025-12-04,2058,0,223131000.0,64,,,11000.0
36266GAC1,2025-09-04,2025-12-04,1031,0,658876000.0,63,,,87000.0
36267VAH6,2025-09-04,2025-12-04,529,0,487066000.0,61,,,200000.0
36267VAK9,2025-09-04,2025-12-04,508,0,308717000.0,61,,,194000.0
36267VAM5,2025-09-04,2025-12-04,454,0,463998000.0,63,,,300000.0
363576AB5,2025-09-04,2025-12-04,168,0,40833000.0,46,,,100000.0
369550BH0,2025-09-04,2025-12-04,493,0,221614000.0,61,,,110000.0
369550BJ6,2025-09-04,2025-12-04,304,0,72965000.0,56,,,100000.0
369550BM9,2025-09-04,2025-12-04,1133,0,181905001.0,63,,,17000.0
369550BR8,2025-09-04,2025-12-04,1235,0,631476000.0,63,,,53000.0
369604BZ5,2025-09-04,2025-12-04,1686,0,1036796000.0,63,,,95000.0
369604CA9,2025-09-04,2025-12-04,904,0,1015556000.0,62,,,125000.0
36962G3P7,2025-09-04,2025-12-04,1249,0,226535000.0,63,,,15000.0
36962GXZ2,2025-09-04,2025-12-04,1279,0,155086290.0,63,,,17000.0
370334CL6,2025-09-04,2025-12-04,821,0,121323000.0,64,,,33000.0
370334CT9,2025-09-04,2025-12-04,2032,0,280380000.0,63,,,12000.0
370334DA9,2025-09-04,2025-12-04,1480,0,327320000.0,63,,,25000.0
370334DB7,2025-09-04,2025-12-04,1014,0,371379000.0,63,,,27000.0
37045VAF7,2025-09-04,2025-12-04,2425,0,723516000.0,63,,,25000.0
37045VAH3,2025-09-04,2025-12-04,3787,0,388905000.0,63,,,25000.0
37045VAJ9,2025-09-04,2025-12-04,1654,0,369293615.0,65,,,25000.0
37045VAK6,2025-09-04,2025-12-04,1843,0,389933000.0,64,,,20000.0
37045VAL4,2025-09-04,2025-12-04,1134,0,196851000.0,63,,,25000.0
37045VAP5,2025-09-04,2025-12-04,2279,0,416142000.0,63,,,30000.0
37045VAQ3,2025-09-04,2025-12-04,802,0,363453000.0,62,,,50000.0
37045VAT7,2025-09-04,2025-12-04,1889,0,476879000.0,64,,,20000.0
37045VAY6,2025-09-04,2025-12-04,2525,0,236441000.0,63,,,18000.0
37045VAZ3,2025-09-04,2025-12-04,4796,0,287409000.0,66,,,8000.0
37045VBA7,2025-09-04,2025-12-04,1367,0,451061000.0,65,,,30000.0
37045XCY0,2025-09-04,2025-12-04,1554,0,460046000.0,63,,,25000.0
37045XDE3,2025-09-04,2025-12-04,1392,0,427077000.0,64,,,43000.0
37045XDL7,2025-09-04,2025-12-04,1320,0,303154000.0,64,,,20000.0
37045XDS2,2025-09-04,2025-12-04,1428,0,325655000.0,64,,,28000.0
37045XED4,2025-09-04,2025-12-04,7384,0,550732000.0,63,,,3000.0
37045XEG7,2025-09-04,2025-12-04,1298,0,260893000.0,63,,,25000.0
37045XEP7,2025-09-04,2025-12-04,2798,0,587640000.0,64,,,24000.0
37045XER3,2025-09-04,2025-12-04,37215,0,752498000.0,63,,,1000.0
37045XEU6,2025-09-04,2025-12-04,1395,0,457974000.0,63,,,40000.0
37045XEV4,2025-09-04,2025-12-04,1356,0,604632000.0,65,,,50000.0
37045XEY8,2025-09-04,2025-12-04,1248,0,232000000.0,63,,,28500.0
37045XEZ5,2025-09-04,2025-12-04,1855,0,357017000.0,63,,,30000.0
37045XFA9,2025-09-04,2025-12-04,2106,0,776554000.0,64,,,35000.0
37045XFB7,2025-09-04,2025-12-04,2222,0,970024000.0,63,,,25000.0
37045XFC5,2025-09-04,2025-12-04,1273,0,613597955.0,63,,,50000.0
37045XFG6,2025-09-04,2025-12-04,2037,0,872865000.0,64,,,31000.0
37045XFJ0,2025-09-04,2025-12-04,1196,2,1522277000.0,64,,,138500.0
37045XFK7,2025-09-04,2025-12-04,1906,0,2303523000.0,64,,,104500.0
373334JW2,2025-09-04,2025-12-04,337,0,160066000.0,57,,,60000.0
373334KP5,2025-09-04,2025-12-04,126,0,46269000.0,47,,,98500.0
373334KR1,2025-09-04,2025-12-04,421,0,126431000.0,59,,,36000.0
373334KT7,2025-09-04,2025-12-04,1204,0,378431000.0,63,,,25000.0
373334KW0,2025-09-04,2025-12-04,1854,0,271853000.0,63,,,10000.0
373334LA7,2025-09-04,2025-12-04,889,0,554578000.0,63,,,50000.0
375558AS2,2025-09-04,2025-12-04,379,0,203019000.0,54,,,65000.0
375558AX1,2025-09-04,2025-12-04,416,0,198384000.0,59,,,70500.0
375558BA0,2025-09-04,2025-12-04,490,0,447204000.0,60,,,225000.0
375558BD4,2025-09-04,2025-12-04,461,0,223598000.0,60,,,118000.0
375558BG7,2025-09-04,2025-12-04,1516,0,570111000.0,64,,,40000.0
375558BJ1,2025-09-04,2025-12-04,861,0,246042000.0,63,,,50000.0
375558BK8,2025-09-04,2025-12-04,382,0,366818000.0,61,,,125000.0
375558BS1,2025-09-04,2025-12-04,419,0,385287000.0,58,,,200000.0
375558BT9,2025-09-04,2025-12-04,284,0,163775000.0,57,,,90000.0
375558BY8,2025-09-04,2025-12-04,867,0,354609000.0,64,,,55000.0
375558BZ5,2025-09-04,2025-12-04,1070,0,404101000.0,63,,,25000.0
375558CA9,2025-09-04,2025-12-04,527,0,629264000.0,62,,,200000.0
375558CB7,2025-09-04,2025-12-04,873,0,289420000.0,63,,,50000.0
375558CC5,2025-09-04,2025-12-04,913,0,688968000.0,63,,,70000.0
375558CD3,2025-09-04,2025-12-04,723,0,1207600750.0,63,,,500000.0
375558CE1,2025-09-04,2025-12-04,518,0,582839000.0,63,,,425000.0
377372AE7,2025-09-04,2025-12-04,502,0,265598000.0,57,,,72000.0
377372AP2,2025-09-04,2025-12-04,1045,0,302219000.0,63,,,22000.0
377372AQ0,2025-09-04,2025-12-04,441,0,274814000.0,62,,,100000.0
37940XAB8,2025-09-04,2025-12-04,1657,0,274192000.0,63,,,14000.0
37940XAC6,2025-09-04,2025-12-04,272,0,150057000.0,50,,,100000.0
37940XAD4,2025-09-04,2025-12-04,1078,0,178212000.0,63,,,25000.0
37940XAH5,2025-09-04,2025-12-04,372,0,375946000.0,59,,,141000.0
37940XAQ5,2025-09-04,2025-12-04,1490,0,427443000.0,63,,,44000.0
37940XAR3,2025-09-04,2025-12-04,513,0,301007000.0,58,,,125000.0
37940XAW2,2025-09-04,2025-12-04,618,5,3056246000.0,19,,,940000.0
37940XAX0,2025-09-04,2025-12-04,546,2,1953213000.0,19,,,750000.0
37940XAY8,2025-09-04,2025-12-04,8955,3,3782970000.0,19,,,3000.0
38141EC31,2025-09-04,2025-12-04,995,0,385390000.0,63,,,90000.0
38141GA53,2025-09-04,2025-12-04,3075,0,398423000.0,63,,,4000.0
38141GA95,2025-09-04,2025-12-04,1716,0,1050485000.0,65,,,23000.0
38141GB29,2025-09-04,2025-12-04,2811,0,809219000.0,65,,,10000.0
38141GB37,2025-09-04,2025-12-04,1437,0,756550154.0,64,,,50000.0
38141GB60,2025-09-04,2025-12-04,1306,0,680147000.0,64,,,46000.0
38141GB78,2025-09-04,2025-12-04,29973,0,2245137000.0,65,,,3000.0
38141GB86,2025-09-04,2025-12-04,1018,0,1010282000.0,64,,,300000.0
38141GC36,2025-09-04,2025-12-04,18396,0,1119526000.0,64,,,3000.0
38141GC44,2025-09-04,2025-12-04,3670,4,4242689000.0,64,,,25000.0
38141GC51,2025-09-04,2025-12-04,1149,0,1729167000.0,64,,,343000.0
38141GC93,2025-09-04,2025-12-04,2070,1,2867205000.0,63,,,50000.0
38141GCU6,2025-09-04,2025-12-04,2573,0,216899000.0,63,,,10000.0
38141GD35,2025-09-04,2025-12-04,1871,8,11786632000.0,38,,,2000000.0
38141GD43,2025-09-04,2025-12-04,6227,17,17515960000.0,38,,,11000.0
38141GFD1,2025-09-04,2025-12-04,3381,0,1179259000.0,64,,,40000.0
38141GGM0,2025-09-04,2025-12-04,1211,0,330727000.0,65,,,31000.0
38141GVS0,2025-09-04,2025-12-04,714,0,494683000.0,63,,,113000.0
38141GXA7,2025-09-04,2025-12-04,448,0,277709000.0,61,,,100000.0
38141GXG4,2025-09-04,2025-12-04,3583,0,523221000.0,65,,,11000.0
38141GXH2,2025-09-04,2025-12-04,12675,0,859751334.0,64,,,6000.0
38141GXR0,2025-09-04,2025-12-04,2257,0,788496000.0,63,,,20000.0
38141GYB4,2025-09-04,2025-12-04,1551,0,549596000.0,63,,,45000.0
38141GYC2,2025-09-04,2025-12-04,519,0,132832000.0,63,,,70000.0
38141GYJ7,2025-09-04,2025-12-04,2349,0,918234000.0,64,,,11000.0
38141GYK4,2025-09-04,2025-12-04,297,0,444937000.0,56,,,215000.0
38141GYN8,2025-09-04,2025-12-04,1264,0,1058444000.0,63,,,95000.0
38141GZM9,2025-09-04,2025-12-04,3123,0,965094200.0,64,,,9000.0
38141GZN7,2025-09-04,2025-12-04,480,0,271141000.0,63,,,150000.0
38143VAA7,2025-09-04,2025-12-04,642,0,67940000.0,61,,,25000.0
38148LAF3,2025-09-04,2025-12-04,2302,0,440673000.0,63,,,39500.0
38148YAA6,2025-09-04,2025-12-04,717,0,418112000.0,63,,,108000.0
404119BV0,2025-09-04,2025-12-04,1337,0,421492000.0,63,,,36000.0
404119BY4,2025-09-04,2025-12-04,844,0,436107000.0,62,,,50000.0
404119BZ1,2025-09-04,2025-12-04,495,0,275571000.0,63,,,105000.0
404119CA5,2025-09-04,2025-12-04,2936,0,1370789000.0,63,,,20000.0
404119CB3,2025-09-04,2025-12-04,651,0,771278000.0,62,,,173000.0
404119CC1,2025-09-04,2025-12-04,655,0,269652000.0,63,,,50000.0
404119CK3,2025-09-04,2025-12-04,2564,0,567406000.0,64,,,14000.0
404119CL1,2025-09-04,2025-12-04,587,0,486450000.0,61,,,200000.0
404119CQ0,2025-09-04,2025-12-04,2884,0,262283000.0,63,,,15000.0
404119CR8,2025-09-04,2025-12-04,461,0,204982000.0,63,,,147000.0
404119CT4,2025-09-04,2025-12-04,3190,0,442780000.0,63,,,10000.0
404119CU1,2025-09-04,2025-12-04,853,0,306136000.0,63,,,40000.0
404119CV9,2025-09-04,2025-12-04,1495,0,667532000.0,63,,,22000.0
404119CZ0,2025-09-04,2025-12-04,761,0,279158000.0,63,,,100000.0
404119DA4,2025-09-04,2025-12-04,790,0,276991000.0,63,,,50000.0
404119DB2,2025-09-04,2025-12-04,1668,0,1656067000.0,63,,,100000.0
404119DC0,2025-09-04,2025-12-04,1127,0,2266321000.0,63,,,500000.0
404119DE6,2025-09-04,2025-12-04,621,1,1892855000.0,27,,,500000.0
404119DF3,2025-09-04,2025-12-04,856,0,2505358000.0,27,,,1000000.0
404119DH9,2025-09-04,2025-12-04,658,1,2092777000.0,27,,,1058000.0
404121AK1,2025-09-04,2025-12-04,1496,0,320458000.0,64,,,30000.0
404121AL9,2025-09-04,2025-12-04,557,0,584825000.0,62,,,170000.0
404280AG4,2025-09-04,2025-12-04,125,0,34039000.0,39,,,200000.0
404280AH2,2025-09-04,2025-12-04,254,0,80133000.0,48,,,102500.0
404280AJ8,2025-09-04,2025-12-04,73,0,47059000.0,26,,,250000.0
404280AM1,2025-09-04,2025-12-04,630,0,109117000.0,62,,,30000.0
404280AQ2,2025-09-04,2025-12-04,320,0,275475000.0,58,,,300000.0
404280CF4,2025-09-04,2025-12-04,1205,0,402927000.0,64,,,30000.0
404280CH0,2025-09-04,2025-12-04,207,0,234554000.0,49,,,300000.0
404280CK3,2025-09-04,2025-12-04,424,0,306515400.0,57,,,200000.0
404280CT4,2025-09-04,2025-12-04,654,0,420946000.0,64,,,200000.0
404280CY3,2025-09-04,2025-12-04,366,0,328050000.0,58,,,268000.0
404280DH9,2025-09-04,2025-12-04,441,0,271766000.0,61,,,250000.0
404280DM8,2025-09-04,2025-12-04,539,0,454586000.0,64,,,250000.0
404280DV8,2025-09-04,2025-12-04,492,0,413766000.0,59,,,360000.0
404280DW6,2025-09-04,2025-12-04,640,0,688491000.0,65,,,500000.0
404280EE5,2025-09-04,2025-12-04,369,0,393423000.0,63,,,400000.0
404280EG0,2025-09-04,2025-12-04,338,0,154416000.0,56,,,200000.0
404280EN5,2025-09-04,2025-12-04,416,0,508774000.0,59,,,400000.0
404280ER6,2025-09-04,2025-12-04,401,0,414472000.0,61,,,300000.0
404280ES4,2025-09-04,2025-12-04,605,0,721227000.0,65,,,410000.0
404280EW5,2025-09-04,2025-12-04,531,0,924108000.0,66,,,365000.0
404280EX3,2025-09-04,2025-12-04,704,0,1277564000.0,66,,,600000.0
404280FE4,2025-09-04,2025-12-04,894,6,4475445000.0,27,,,1500000.0
404280FG9,2025-09-04,2025-12-04,1393,6,5452712000.0,30,,,1000000.0
40434LAJ4,2025-09-04,2025-12-04,1017,0,345944000.0,64,,,50000.0
40434LAN5,2025-09-04,2025-12-04,5002,0,625348000.0,65,,,9000.0
406216AW1,2025-09-04,2025-12-04,563,0,65904000.0,54,,,25000.0
406216AY7,2025-09-04,2025-12-04,1205,0,66388000.0,63,,,14000.0
406216BE0,2025-09-04,2025-12-04,705,0,204213000.0,62,,,30000.0
406216BJ9,2025-09-04,2025-12-04,2643,0,657946000.0,63,,,25000.0
406216BK6,2025-09-04,2025-12-04,2060,0,594200500.0,63,,,25000.0
406216BL4,2025-09-04,2025-12-04,1047,0,251325000.0,64,,,50000.0
416515BF0,2025-09-04,2025-12-04,157,0,96334000.0,43,,,155000.0
418056AZ0,2025-09-04,2025-12-04,1834,0,256715000.0,64,,,25000.0
42250PAA1,2025-09-04,2025-12-04,410,0,106895000.0,59,,,100000.0
42250PAE3,2025-09-04,2025-12-04,425,0,158201000.0,61,,,88000.0
42809HAC1,2025-09-04,2025-12-04,326,0,108120000.0,50,,,35000.0
42809HAD9,2025-09-04,2025-12-04,438,0,228422000.0,63,,,100000.0
428236BR3,2025-09-04,2025-12-04,1875,0,330481000.0,65,,,25000.0
42824CAX7,2025-09-04,2025-12-04,1212,0,249082000.0,63,,,20000.0
42824CAY5,2025-09-04,2025-12-04,1649,0,482181000.0,64,,,30000.0
42824CBT5,2025-09-04,2025-12-04,2440,0,702487000.0,65,,,26000.0
42824CBU2,2025-09-04,2025-12-04,2093,0,374424000.0,64,,,31000.0
42824CBV0,2025-09-04,2025-12-04,3829,0,782057000.0,64,,,25000.0
42824CBW8,2025-09-04,2025-12-04,1436,0,1151042000.0,63,,,100000.0
42824CCA5,2025-09-04,2025-12-04,2031,0,1973403000.0,61,,,50000.0
437076AS1,2025-09-04,2025-12-04,2483,0,522096000.0,63,,,25000.0
437076AV4,2025-09-04,2025-12-04,769,0,156022000.0,62,,,25000.0
437076BA9,2025-09-04,2025-12-04,471,0,200750000.0,58,,,50000.0
437076BD3,2025-09-04,2025-12-04,731,0,256098000.0,61,,,40000.0
437076BF8,2025-09-04,2025-12-04,311,0,94076000.0,59,,,60000.0
437076BH4,2025-09-04,2025-12-04,559,0,241777000.0,61,,,63000.0
437076BP6,2025-09-04,2025-12-04,205,0,98613000.0,45,,,115000.0
437076BS0,2025-09-04,2025-12-04,327,0,142679000.0,61,,,110000.0
437076BX9,2025-09-04,2025-12-04,495,0,91159000.0,62,,,50000.0
437076BZ4,2025-09-04,2025-12-04,893,0,139507000.0,62,,,20000.0
437076CB6,2025-09-04,2025-12-04,2184,0,522399000.0,63,,,20000.0
437076CC4,2025-09-04,2025-12-04,672,0,302571000.0,63,,,89000.0
437076CD2,2025-09-04,2025-12-04,450,0,202536000.0,63,,,150000.0
437076CF7,2025-09-04,2025-12-04,1320,0,245425000.0,63,,,20000.0
437076CG5,2025-09-04,2025-12-04,575,0,215838000.0,63,,,71000.0
437076CJ9,2025-09-04,2025-12-04,1233,0,206623000.0,63,,,36000.0
437076CK6,2025-09-04,2025-12-04,241,0,67540000.0,52,,,80000.0
437076CP5,2025-09-04,2025-12-04,1666,0,363302000.0,64,,,28000.0
437076CQ3,2025-09-04,2025-12-04,399,0,224023000.0,62,,,200000.0
437076CS9,2025-09-04,2025-12-04,7190,0,334103000.0,64,,,3000.0
437076CT7,2025-09-04,2025-12-04,524,0,344024000.0,63,,,100000.0
437076DD1,2025-09-04,2025-12-04,2911,0,401320000.0,63,,,20000.0
437076DE9,2025-09-04,2025-12-04,1939,0,626944000.0,63,,,40000.0
437076DF6,2025-09-04,2025-12-04,1162,0,1347451000.0,65,,,150000.0
437076DK5,2025-09-04,2025-12-04,3680,0,3141923000.0,61,,,50000.0
438127AC6,2025-09-04,2025-12-04,667,1,215452000.0,65,,,20000.0
438127AE2,2025-09-04,2025-12-04,3533,0,954683151.43,64,,,30000.0
438127AF9,2025-09-04,2025-12-04,3636,0,896409000.0,63,,,25000.0
438516BU9,2025-09-04,2025-12-04,607,0,162551000.0,62,,,18000.0
438516BZ8,2025-09-04,2025-12-04,574,0,285472000.0,62,,,50000.0
438516CF1,2025-09-04,2025-12-04,1822,0,265143000.0,64,,,18000.0
438516CM6,2025-09-04,2025-12-04,3281,0,285100000.0,64,,,20000.0
440452AF7,2025-09-04,2025-12-04,633,0,126168000.0,63,,,20000.0
44107TAZ9,2025-09-04,2025-12-04,640,0,341380000.0,62,,,50000.0
444859BE1,2025-09-04,2025-12-04,344,0,69576000.0,53,,,54000.0
444859BR2,2025-09-04,2025-12-04,824,0,754075000.0,62,,,125000.0
444859BV3,2025-09-04,2025-12-04,1301,0,456023000.0,63,,,30000.0
444859BX9,2025-09-04,2025-12-04,615,0,376995000.0,62,,,106000.0
444859BY7,2025-09-04,2025-12-04,1746,0,515942000.0,63,,,25000.0
444859CA8,2025-09-04,2025-12-04,3218,0,816947000.0,63,,,20000.0
444859CB6,2025-09-04,2025-12-04,985,0,1095873000.0,63,,,219000.0
444859CD2,2025-09-04,2025-12-04,1469,0,652410000.0,63,,,35000.0
446150AS3,2025-09-04,2025-12-04,921,0,161604000.0,63,,,19000.0
446150BD5,2025-09-04,2025-12-04,1393,0,921670000.0,63,,,25000.0
446150BE3,2025-09-04,2025-12-04,837,0,384613000.0,63,,,35000.0
44644MAJ0,2025-09-04,2025-12-04,188,0,125934000.0,46,,,250000.0
449276AE4,2025-09-04,2025-12-04,365,0,263711000.0,61,,,200000.0
449276AF1,2025-09-04,2025-12-04,427,0,190154000.0,59,,,140000.0
449276AG9,2025-09-04,2025-12-04,573,0,529429000.0,63,,,250000.0
456837AW3,2025-09-04,2025-12-04,123,0,83781000.0,40,,,348000.0
456837BC6,2025-09-04,2025-12-04,231,0,166732000.0,51,,,220000.0
456837BH5,2025-09-04,2025-12-04,386,0,520295000.0,57,,,573000.0
456837BM4,2025-09-04,2025-12-04,371,0,566386000.0,59,,,378000.0
456837BR3,2025-09-04,2025-12-04,259,0,288962000.0,58,,,400000.0
456837BS1,2025-09-04,2025-12-04,346,0,726827000.0,55,,,800000.0
45687VAB2,2025-09-04,2025-12-04,513,0,293528000.0,61,,,39000.0
45687VAF3,2025-09-04,2025-12-04,597,0,451300000.0,61,,,100000.0
458140AK6,2025-09-04,2025-12-04,674,0,341251000.0,61,,,35000.0
458140AN0,2025-09-04,2025-12-04,2016,0,205599000.0,65,,,17000.0
458140AT7,2025-09-04,2025-12-04,767,0,98854000.0,63,,,25000.0
458140AV2,2025-09-04,2025-12-04,547,0,366090200.0,63,,,100000.0
458140AY6,2025-09-04,2025-12-04,500,0,243764000.0,63,,,89000.0
458140BG4,2025-09-04,2025-12-04,745,0,638952000.0,63,,,116000.0
458140BH2,2025-09-04,2025-12-04,3614,0,509080500.0,63,,,11000.0
458140BJ8,2025-09-04,2025-12-04,726,0,829961000.0,62,,,200000.0
458140BK5,2025-09-04,2025-12-04,1159,0,800295700.0,64,,,82000.0
458140BL3,2025-09-04,2025-12-04,1075,0,281567000.0,65,,,33000.0
458140BM1,2025-09-04,2025-12-04,692,0,699519000.0,64,,,145500.0
458140BN9,2025-09-04,2025-12-04,260,0,101612000.0,50,,,63500.0
458140BR0,2025-09-04,2025-12-04,2203,0,593278000.0,63,,,29000.0
458140BU3,2025-09-04,2025-12-04,1117,0,252858000.0,63,,,25000.0
458140BV1,2025-09-04,2025-12-04,568,0,530223000.0,59,,,200000.0
458140BW9,2025-09-04,2025-12-04,582,2,1088736000.0,60,,,206000.0
458140BX7,2025-09-04,2025-12-04,497,0,240816000.0,57,,,100000.0
458140BZ2,2025-09-04,2025-12-04,1481,0,138888000.0,65,,,30000.0
458140CA6,2025-09-04,2025-12-04,2849,0,331145000.0,65,,,20000.0
458140CB4,2025-09-04,2025-12-04,1107,0,1334954043.0,64,,,95000.0
458140CC2,2025-09-04,2025-12-04,1173,0,261731000.0,63,,,25000.0
458140CF5,2025-09-04,2025-12-04,2759,0,471938000.0,65,,,20000.0
458140CG3,2025-09-04,2025-12-04,4035,0,889738000.0,65,,,21000.0
458140CH1,2025-09-04,2025-12-04,1921,0,466948460.0,65,,,25000.0
458140CJ7,2025-09-04,2025-12-04,2524,0,1165259000.0,64,,,16000.0
458140CK4,2025-09-04,2025-12-04,2046,0,621185000.0,64,,,25000.0
458140CL2,2025-09-04,2025-12-04,2118,0,411571000.0,63,,,25000.0
458140CM0,2025-09-04,2025-12-04,1205,2,2019484000.0,64,,,260000.0
45866FAH7,2025-09-04,2025-12-04,258,0,64239000.0,53,,,76000.0
45866FAK0,2025-09-04,2025-12-04,1110,0,298019000.0,62,,,25000.0
45866FAL8,2025-09-04,2025-12-04,272,0,139140000.0,55,,,136000.0
45866FAN4,2025-09-04,2025-12-04,1157,0,420287000.0,64,,,48000.0
45866FAP9,2025-09-04,2025-12-04,700,0,382062000.0,63,,,100000.0
45866FAQ7,2025-09-04,2025-12-04,275,0,153293000.0,52,,,200000.0
45866FAW4,2025-09-04,2025-12-04,1113,0,237247000.0,64,,,35000.0
45866FAX2,2025-09-04,2025-12-04,765,0,298227000.0,67,,,90000.0
45866FAY0,2025-09-04,2025-12-04,414,0,145304000.0,62,,,80000.0
45866FBA1,2025-09-04,2025-12-04,950,0,329357000.0,63,,,35000.0
459200HF1,2025-09-04,2025-12-04,1168,0,181507000.0,64,,,25000.0
459200KB6,2025-09-04,2025-12-04,602,0,469323000.0,62,,,200000.0
459200KC4,2025-09-04,2025-12-04,406,0,397633000.0,60,,,200000.0
459200KJ9,2025-09-04,2025-12-04,424,0,399791400.0,60,,,248000.0
459200KL4,2025-09-04,2025-12-04,144,0,63063000.0,45,,,163000.0
459200KU4,2025-09-04,2025-12-04,478,0,305833000.0,62,,,200000.0
459200KV2,2025-09-04,2025-12-04,157,0,55899000.0,49,,,120000.0
459200KY6,2025-09-04,2025-12-04,323,0,157505000.0,56,,,170000.0
459200LG4,2025-09-04,2025-12-04,609,0,432219000.0,61,,,150000.0
459200LH2,2025-09-04,2025-12-04,506,0,278589000.0,57,,,150000.0
459200LK5,2025-09-04,2025-12-04,658,0,1188856000.0,62,,,400000.0
46124HAG1,2025-09-04,2025-12-04,1666,0,234575000.0,63,,,14000.0
46124HAH9,2025-09-04,2025-12-04,599,0,460890000.0,61,,,148000.0
46590XAP1,2025-09-04,2025-12-04,324,0,159417009.0,55,,,100000.0
46590XAQ9,2025-09-04,2025-12-04,727,0,367526000.0,63,,,100000.0
46590XAU0,2025-09-04,2025-12-04,669,0,339308000.0,61,,,58000.0
46590XAX4,2025-09-04,2025-12-04,861,0,733454000.0,63,,,150000.0
46590XAY2,2025-09-04,2025-12-04,712,0,252578000.0,63,,,82000.0
46625HHF0,2025-09-04,2025-12-04,3564,0,250234000.0,65,,,6000.0
46625HHV5,2025-09-04,2025-12-04,1784,0,422845000.0,64,,,25000.0
46625HJB7,2025-09-04,2025-12-04,1133,0,217841000.0,64,,,41000.0
46625HJM3,2025-09-04,2025-12-04,1107,0,113750400.0,65,,,25000.0
46625HJU5,2025-09-04,2025-12-04,1077,0,249439820.0,62,,,35000.0
46625HLL2,2025-09-04,2025-12-04,2986,0,417292000.0,63,,,25000.0
46647PAA4,2025-09-04,2025-12-04,483,0,319189000.0,59,,,105000.0
46647PAJ5,2025-09-04,2025-12-04,1481,0,484337000.0,63,,,20000.0
46647PAK2,2025-09-04,2025-12-04,397,0,161580000.0,61,,,100000.0
46647PAL0,2025-09-04,2025-12-04,353,0,306649000.0,53,,,200000.0
46647PAN6,2025-09-04,2025-12-04,353,0,233388000.0,58,,,179000.0
46647PBE5,2025-09-04,2025-12-04,3789,0,750495000.0,64,,,8000.0
46647PBJ4,2025-09-04,2025-12-04,1585,0,289942000.0,64,,,27000.0
46647PBL9,2025-09-04,2025-12-04,1350,0,384004500.0,63,,,27000.0
46647PBM7,2025-09-04,2025-12-04,438,0,314880000.0,61,,,176000.0
46647PBN5,2025-09-04,2025-12-04,590,0,509669000.0,63,,,250000.0
46647PBU9,2025-09-04,2025-12-04,769,1,806115000.0,64,,,94000.0
46647PBV7,2025-09-04,2025-12-04,568,0,322991000.0,61,,,200000.0
46647PBX3,2025-09-04,2025-12-04,2019,0,1075686000.0,63,,,13000.0
46647PCC8,2025-09-04,2025-12-04,1593,0,499119000.0,64,,,17000.0
46647PCD6,2025-09-04,2025-12-04,837,0,433894200.0,63,,,70000.0
46647PCE4,2025-09-04,2025-12-04,1730,0,620988400.0,63,,,16000.0
46647PCR5,2025-09-04,2025-12-04,1840,0,591620000.0,64,,,10000.0
46647PCU8,2025-09-04,2025-12-04,5960,0,688809000.0,63,,,3000.0
46647PDC7,2025-09-04,2025-12-04,1028,1,532678000.0,63,,,62000.0
46647PDH6,2025-09-04,2025-12-04,5274,0,711980000.0,64,,,10000.0
46647PDR4,2025-09-04,2025-12-04,2700,0,496207000.0,63,,,18000.0
46647PDY9,2025-09-04,2025-12-04,1599,0,779539000.0,63,,,32000.0
46647PEC6,2025-09-04,2025-12-04,3488,0,522763000.0,64,,,5000.0
46647PEH5,2025-09-04,2025-12-04,1482,0,722664600.0,63,,,45000.0
46647PEJ1,2025-09-04,2025-12-04,1826,0,724977000.0,63,,,25000.0
46647PEK8,2025-09-04,2025-12-04,1407,0,999048000.0,63,,,100000.0
46647PEQ5,2025-09-04,2025-12-04,808,0,725772000.0,64,,,125000.0
46647PER3,2025-09-04,2025-12-04,1455,2,1182763000.0,64,,,100000.0
46647PES1,2025-09-04,2025-12-04,1186,0,1432305000.0,63,,,345000.0
46647PEV4,2025-09-04,2025-12-04,2035,1,1050598000.0,64,,,10000.0
46647PEW2,2025-09-04,2025-12-04,1406,0,2180175000.0,65,,,100000.0
46647PEX0,2025-09-04,2025-12-04,2050,4,7400282000.0,64,,,500000.0
46647PEY8,2025-09-04,2025-12-04,2075,0,3711692000.0,65,,,100000.0
46647PFD3,2025-09-04,2025-12-04,1573,1,6981594000.0,36,,,1115000.0
46647PFE1,2025-09-04,2025-12-04,2375,4,12504742000.0,38,,,2000000.0
47214BAD0,2025-09-04,2025-12-04,668,0,434008000.0,62,,,200000.0
47233JBH0,2025-09-04,2025-12-04,2044,0,300750000.0,63,,,30000.0
47233JGT9,2025-09-04,2025-12-04,967,0,265523000.0,63,,,50000.0
47233WEJ4,2025-09-04,2025-12-04,2734,0,1313245000.0,63,,,34500.0
478160AN4,2025-09-04,2025-12-04,557,0,46090000.0,60,,,18000.0
478160BJ2,2025-09-04,2025-12-04,1290,0,163917000.0,64,,,25000.0
478160BU7,2025-09-04,2025-12-04,2589,0,194029000.0,63,,,25000.0
478160BV5,2025-09-04,2025-12-04,1172,0,287825000.0,64,,,39000.0
478160CF9,2025-09-04,2025-12-04,845,0,177660000.0,63,,,30000.0
478160CG7,2025-09-04,2025-12-04,379,0,69798000.0,56,,,50000.0
478160CL6,2025-09-04,2025-12-04,929,0,294480000.0,64,,,70000.0
478160CM4,2025-09-04,2025-12-04,325,0,91471000.0,53,,,50000.0
478160CQ5,2025-09-04,2025-12-04,1528,0,377354000.0,64,,,30000.0
478160CR3,2025-09-04,2025-12-04,599,0,304507000.0,60,,,130000.0
478160CS1,2025-09-04,2025-12-04,696,0,431830000.0,64,,,123000.0
478160CT9,2025-09-04,2025-12-04,835,0,286816500.0,63,,,100000.0
478160CV4,2025-09-04,2025-12-04,1604,0,379880000.0,64,,,25000.0
478160CW2,2025-09-04,2025-12-04,654,0,162906000.0,63,,,35000.0
478160CX0,2025-09-04,2025-12-04,1457,0,501092000.0,66,,,25000.0
478160DJ0,2025-09-04,2025-12-04,1560,0,263256000.0,63,,,20000.0
478160DK7,2025-09-04,2025-12-04,1406,0,369147000.0,63,,,50000.0
478160DL5,2025-09-04,2025-12-04,2569,0,678978000.0,65,,,24000.0
48126BAA1,2025-09-04,2025-12-04,1316,0,154587000.0,63,,,20000.0
482480AJ9,2025-09-04,2025-12-04,388,0,173909000.0,62,,,100000.0
482480AL4,2025-09-04,2025-12-04,4305,0,302745000.0,63,,,7000.0
482480AM2,2025-09-04,2025-12-04,572,0,347838000.0,60,,,200000.0
482480AN0,2025-09-04,2025-12-04,255,0,79655000.0,46,,,100000.0
48251WAB0,2025-09-04,2025-12-04,5322,0,1220771000.0,65,,,25000.0
48305QAD5,2025-09-04,2025-12-04,253,0,161628000.0,53,,,118000.0
48305QAE3,2025-09-04,2025-12-04,167,0,79260000.0,46,,,90000.0
48305QAF0,2025-09-04,2025-12-04,353,0,384581000.0,62,,,110000.0
48305QAG8,2025-09-04,2025-12-04,319,0,142303000.0,59,,,100000.0
49177JAH5,2025-09-04,2025-12-04,1420,0,507054999.0,63,,,28000.0
49177JAK8,2025-09-04,2025-12-04,1531,0,1005199000.0,64,,,39000.0
49177JAM4,2025-09-04,2025-12-04,676,0,413066000.0,63,,,25000.0
49177JAP7,2025-09-04,2025-12-04,729,0,1809759000.0,62,,,817000.0
49177JAR3,2025-09-04,2025-12-04,470,0,637941000.0,59,,,130000.0
49177JAS1,2025-09-04,2025-12-04,1461,0,654447000.0,63,,,47000.0
49271VAJ9,2025-09-04,2025-12-04,870,0,326093000.0,64,,,30000.0
49271VAK6,2025-09-04,2025-12-04,239,0,313675000.0,47,,,250000.0
49271VAQ3,2025-09-04,2025-12-04,1584,0,444828600.0,63,,,25000.0
49271VAR1,2025-09-04,2025-12-04,529,0,698849000.0,59,,,282000.0
49326EEJ8,2025-09-04,2025-12-04,1416,0,137524000.0,63,,,20000.0
49326EEN9,2025-09-04,2025-12-04,694,0,210666000.0,63,,,42500.0
49326EEP4,2025-09-04,2025-12-04,969,0,461151000.0,63,,,36000.0
49327M3H5,2025-09-04,2025-12-04,365,0,289456000.0,55,,,300000.0
49327V2C7,2025-09-04,2025-12-04,364,0,92837000.0,48,,,136000.0
494368CB7,2025-09-04,2025-12-04,1192,0,83678000.0,64,,,7000.0
494550AW6,2025-09-04,2025-12-04,662,0,184703000.0,60,,,41000.0
494550BU9,2025-09-04,2025-12-04,1002,0,89245000.0,63,,,20000.0
494553AE0,2025-09-04,2025-12-04,3926,0,378386000.0,63,,,5000.0
49456BAG6,2025-09-04,2025-12-04,1171,0,118944000.0,63,,,15000.0
49456BAH4,2025-09-04,2025-12-04,1898,0,528990500.0,64,,,20000.0
49456BAJ0,2025-09-04,2025-12-04,485,0,59378000.0,60,,,25000.0
49456BAQ4,2025-09-04,2025-12-04,742,0,89302000.0,63,,,21000.0
49456BAR2,2025-09-04,2025-12-04,5411,0,246993000.0,63,,,3000.0
49456BAT8,2025-09-04,2025-12-04,402,0,232543000.0,60,,,112500.0
49456BAV3,2025-09-04,2025-12-04,885,0,110918200.0,63,,,25000.0
49456BAW1,2025-09-04,2025-12-04,370,0,446234000.0,54,,,200000.0
49456BAX9,2025-09-04,2025-12-04,2623,0,399894000.0,63,,,15000.0
49456BBA8,2025-09-04,2025-12-04,1292,0,517298000.0,62,,,24000.0
49456BBB6,2025-09-04,2025-12-04,12870,0,757558000.0,63,,,4000.0
49456BBC4,2025-09-04,2025-12-04,1231,0,858547000.0,63,,,64000.0
50076QAE6,2025-09-04,2025-12-04,1238,0,432322000.0,64,,,25000.0
50076QAR7,2025-09-04,2025-12-04,883,0,228834000.0,62,,,25000.0
50077LAB2,2025-09-04,2025-12-04,1386,0,1355295000.0,65,,,103000.0
50077LAM8,2025-09-04,2025-12-04,1195,0,1208343000.0,62,,,80000.0
50077LAZ9,2025-09-04,2025-12-04,722,0,605680000.0,62,,,200000.0
50077LBJ4,2025-09-04,2025-12-04,787,0,629051000.0,62,,,100000.0
501044DG3,2025-09-04,2025-12-04,226,0,62045000.0,53,,,97500.0
501044DN8,2025-09-04,2025-12-04,158,0,83404000.0,41,,,100000.0
501044DV0,2025-09-04,2025-12-04,2882,0,965186000.0,64,,,25000.0
501044DW8,2025-09-04,2025-12-04,1314,0,1583328000.0,63,,,165000.0
501044DX6,2025-09-04,2025-12-04,882,0,781814000.0,62,,,137500.0
50212YAL8,2025-09-04,2025-12-04,477,0,116443000.0,61,,,60000.0
502431AQ2,2025-09-04,2025-12-04,1894,0,360636000.0,63,,,20000.0
502431AT6,2025-09-04,2025-12-04,1011,0,193385000.0,63,,,35000.0
502431AU3,2025-09-04,2025-12-04,636,0,366999000.0,62,,,55000.0
50247VAB5,2025-09-04,2025-12-04,644,0,326419000.0,60,,,50000.0
50247VAC3,2025-09-04,2025-12-04,740,0,572501000.0,62,,,230000.0
50249AAA1,2025-09-04,2025-12-04,482,0,257037000.0,58,,,169000.0
50249AAD5,2025-09-04,2025-12-04,536,0,357028000.0,60,,,199000.0
50249AAM5,2025-09-04,2025-12-04,2564,0,1519860000.0,64,,,30000.0
50249AAR4,2025-09-04,2025-12-04,849,0,2633161000.0,17,,,1000000.0
50540RAS1,2025-09-04,2025-12-04,228,0,110997000.0,40,,,100000.0
50540RBB7,2025-09-04,2025-12-04,878,0,259440000.0,63,,,25000.0
512807AT5,2025-09-04,2025-12-04,309,0,205945000.0,56,,,185000.0
512807AV0,2025-09-04,2025-12-04,395,0,137607000.0,58,,,100000.0
512807AW8,2025-09-04,2025-12-04,237,0,121919000.0,55,,,175000.0
52532XAF2,2025-09-04,2025-12-04,740,0,119063000.0,60,,,95000.0
52532XAH8,2025-09-04,2025-12-04,370,0,189998000.0,49,,,153000.0
52532XAJ4,2025-09-04,2025-12-04,500,0,132856000.0,61,,,50000.0
532457BT4,2025-09-04,2025-12-04,279,0,72498000.0,55,,,95000.0
532457BY3,2025-09-04,2025-12-04,478,0,265070000.0,60,,,50000.0
532457BZ0,2025-09-04,2025-12-04,374,0,246699000.0,54,,,199000.0
532457CF3,2025-09-04,2025-12-04,1346,0,284961000.0,64,,,29000.0
532457CG1,2025-09-04,2025-12-04,712,0,320350000.0,65,,,78000.0
532457CH9,2025-09-04,2025-12-04,523,0,119434000.0,63,,,75000.0
532457CL0,2025-09-04,2025-12-04,1610,0,413160000.0,63,,,30000.0
532457CM8,2025-09-04,2025-12-04,786,0,300335000.0,64,,,80000.0
532457CN6,2025-09-04,2025-12-04,826,0,437018000.0,63,,,90000.0
532457CQ9,2025-09-04,2025-12-04,1832,0,158154000.0,63,,,7000.0
532457CR7,2025-09-04,2025-12-04,1983,0,389790000.0,63,,,21000.0
532457CS5,2025-09-04,2025-12-04,880,0,524824000.0,65,,,100000.0
532457CT3,2025-09-04,2025-12-04,670,0,217064000.0,63,,,50000.0
532457CV8,2025-09-04,2025-12-04,1328,0,621206000.0,64,,,30000.0
532457CW6,2025-09-04,2025-12-04,1026,0,357800000.0,63,,,33000.0
532457CX4,2025-09-04,2025-12-04,2118,0,458838000.0,63,,,20000.0
532457CY2,2025-09-04,2025-12-04,657,0,953745000.0,63,,,200000.0
532457CZ9,2025-09-04,2025-12-04,430,0,284158000.0,54,,,200000.0
532457DC9,2025-09-04,2025-12-04,3411,0,1017538000.0,63,,,30000.0
532457DD7,2025-09-04,2025-12-04,1900,0,637556000.0,65,,,40000.0
532457DE5,2025-09-04,2025-12-04,2217,0,2333448000.0,64,,,75000.0
532457DF2,2025-09-04,2025-12-04,1074,0,1981870000.0,63,,,300000.0
532457DG0,2025-09-04,2025-12-04,1038,0,1307475000.0,63,,,300000.0
539439AN9,2025-09-04,2025-12-04,207,0,81900120.0,51,,,200000.0
53944YAE3,2025-09-04,2025-12-04,199,0,170241000.0,46,,,400000.0
53944YAU7,2025-09-04,2025-12-04,352,0,395073000.0,56,,,400000.0
53944YAX1,2025-09-04,2025-12-04,538,0,942612000.0,62,,,300000.0
53944YBD4,2025-09-04,2025-12-04,939,1,4643120000.0,26,,,2000000.0
53944YBE2,2025-09-04,2025-12-04,689,5,3241430000.0,27,,,1934000.0
539830BB4,2025-09-04,2025-12-04,618,0,255165000.0,61,,,100000.0
539830BD0,2025-09-04,2025-12-04,421,0,151536029.0,56,,,60000.0
539830BL2,2025-09-04,2025-12-04,621,0,119647000.0,63,,,50000.0
539830BN8,2025-09-04,2025-12-04,666,0,150464000.0,63,,,72000.0
539830BQ1,2025-09-04,2025-12-04,322,0,207923000.0,57,,,140000.0
539830BR9,2025-09-04,2025-12-04,1502,0,223532000.0,64,,,25000.0
539830BS7,2025-09-04,2025-12-04,317,0,196336000.0,59,,,210000.0
539830BW8,2025-09-04,2025-12-04,2652,0,169166750.0,66,,,12000.0
539830BX6,2025-09-04,2025-12-04,934,0,225614000.0,62,,,50000.0
539830BY4,2025-09-04,2025-12-04,362,0,203941000.0,53,,,150000.0
539830CA5,2025-09-04,2025-12-04,1139,0,109150000.0,64,,,19000.0
539830CB3,2025-09-04,2025-12-04,1193,0,807489000.0,63,,,60000.0
539830CE7,2025-09-04,2025-12-04,796,0,489103000.0,64,,,127000.0
539830CL1,2025-09-04,2025-12-04,1994,0,499448000.0,65,,,31500.0
539830CM9,2025-09-04,2025-12-04,1461,0,991128000.0,63,,,50000.0
548661DN4,2025-09-04,2025-12-04,530,0,279135000.0,62,,,200000.0
548661DQ7,2025-09-04,2025-12-04,423,0,234786000.0,60,,,125000.0
548661DU8,2025-09-04,2025-12-04,2477,0,333726000.0,63,,,15000.0
548661DY0,2025-09-04,2025-12-04,1479,0,627675000.0,63,,,40000.0
548661DZ7,2025-09-04,2025-12-04,499,0,368490000.0,63,,,150000.0
548661EA1,2025-09-04,2025-12-04,2286,0,290438000.0,63,,,11000.0
548661EE3,2025-09-04,2025-12-04,471,0,326288000.0,60,,,150000.0
548661EF0,2025-09-04,2025-12-04,505,0,558226000.0,58,,,119000.0
548661EH6,2025-09-04,2025-12-04,2824,0,430011000.0,64,,,15000.0
548661EJ2,2025-09-04,2025-12-04,728,0,845186000.0,64,,,200000.0
548661EL7,2025-09-04,2025-12-04,2347,0,263716000.0,63,,,20000.0
548661EM5,2025-09-04,2025-12-04,2300,0,1816569000.0,63,,,21000.0
548661EN3,2025-09-04,2025-12-04,579,0,407461000.0,61,,,100000.0
548661EQ6,2025-09-04,2025-12-04,2409,0,322062000.0,63,,,15000.0
548661EV5,2025-09-04,2025-12-04,2735,2,2150155000.0,50,,,35000.0
548661EW3,2025-09-04,2025-12-04,3743,2,2635733000.0,51,,,25000.0
548661EX1,2025-09-04,2025-12-04,2357,4,3590408000.0,50,,,100000.0
552081AM3,2025-09-04,2025-12-04,456,0,191661000.0,60,,,100000.0
55261FAR5,2025-09-04,2025-12-04,650,0,209572000.0,61,,,40000.0
55261FAT1,2025-09-04,2025-12-04,660,0,520950000.0,63,,,26000.0
55261FAV6,2025-09-04,2025-12-04,748,0,775150000.0,63,,,200000.0
55261FAY0,2025-09-04,2025-12-04,458,0,325718000.0,58,,,144500.0
55336VAL4,2025-09-04,2025-12-04,354,0,114714600.0,53,,,100000.0
55336VAM2,2025-09-04,2025-12-04,840,0,291222000.0,63,,,52000.0
55336VAN0,2025-09-04,2025-12-04,338,0,123741000.0,57,,,96000.0
55336VAT7,2025-09-04,2025-12-04,556,0,236056000.0,59,,,100000.0
55336VBQ2,2025-09-04,2025-12-04,1609,0,424099000.0,63,,,27000.0
55336VBT6,2025-09-04,2025-12-04,494,0,319616000.0,62,,,184000.0
55336VBU3,2025-09-04,2025-12-04,1271,0,193317500.0,63,,,30000.0
55336VBV1,2025-09-04,2025-12-04,962,0,208543000.0,63,,,20000.0
55336VBX7,2025-09-04,2025-12-04,1115,0,667355000.0,65,,,54000.0
55336VBY5,2025-09-04,2025-12-04,810,0,231778000.0,61,,,50000.0
55336VBZ2,2025-09-04,2025-12-04,543,0,427201000.0,65,,,200000.0
55336VCA6,2025-09-04,2025-12-04,1052,0,1044604000.0,63,,,105500.0
55336VCB4,2025-09-04,2025-12-04,1275,0,585924000.0,63,,,35000.0
55336VCC2,2025-09-04,2025-12-04,1684,0,2257635000.0,63,,,125000.0
55336VCD0,2025-09-04,2025-12-04,870,0,947340000.0,64,,,200000.0
55354GAR1,2025-09-04,2025-12-04,1069,0,941070000.0,63,,,202000.0
56501RAD8,2025-09-04,2025-12-04,587,0,119134000.0,61,,,30000.0
56501RAN6,2025-09-04,2025-12-04,286,0,113041000.0,51,,,100000.0
56501RAX4,2025-09-04,2025-12-04,397,0,1537959000.0,3,,,1500000.0
56585AAF9,2025-09-04,2025-12-04,643,0,100451000.0,62,,,25000.0
56585AAH5,2025-09-04,2025-12-04,510,0,159160000.0,62,,,60000.0
56585ABK7,2025-09-04,2025-12-04,1918,0,385093000.0,63,,,15000.0
56585ABL5,2025-09-04,2025-12-04,3043,0,528027000.0,63,,,20000.0
571748BJ0,2025-09-04,2025-12-04,222,0,101718400.0,58,,,100000.0
571748BN1,2025-09-04,2025-12-04,1064,0,264646000.0,63,,,25000.0
571748BV3,2025-09-04,2025-12-04,852,0,178922000.0,63,,,7000.0
571748CA8,2025-09-04,2025-12-04,1275,0,262014000.0,63,,,25000.0
571748CB6,2025-09-04,2025-12-04,2643,0,463366000.0,63,,,25000.0
571748CC4,2025-09-04,2025-12-04,3479,0,1032913000.0,65,,,15000.0
571748CD2,2025-09-04,2025-12-04,741,0,594821000.0,63,,,200000.0
571903BE2,2025-09-04,2025-12-04,1891,0,213374000.0,65,,,16000.0
571903BF9,2025-09-04,2025-12-04,1715,0,213501000.0,65,,,20000.0
571903BG7,2025-09-04,2025-12-04,982,0,353891000.0,65,,,41000.0
571903BQ5,2025-09-04,2025-12-04,1375,0,191739000.0,64,,,26000.0
571903BS1,2025-09-04,2025-12-04,1267,0,360464000.0,64,,,30000.0
571903BU6,2025-09-04,2025-12-04,2125,0,1060179000.0,63,,,35000.0
573284AW6,2025-09-04,2025-12-04,538,0,176338000.0,62,,,51500.0
573284AX4,2025-09-04,2025-12-04,257,0,77630000.0,56,,,90000.0
573284BA3,2025-09-04,2025-12-04,803,0,203513000.0,63,,,25000.0
573284BB1,2025-09-04,2025-12-04,394,0,196693000.0,56,,,100000.0
573874AJ3,2025-09-04,2025-12-04,540,0,184456000.0,63,,,88500.0
575718AA9,2025-09-04,2025-12-04,799,0,111682000.0,60,,,13000.0
575718AK7,2025-09-04,2025-12-04,603,0,161316000.0,63,,,25000.0
57636QAL8,2025-09-04,2025-12-04,210,0,73352000.0,49,,,114000.0
57636QAP9,2025-09-04,2025-12-04,1785,0,247985668.0,63,,,22000.0
57636QAQ7,2025-09-04,2025-12-04,427,0,232942000.0,57,,,200000.0
57636QAU8,2025-09-04,2025-12-04,751,0,188344000.0,63,,,35000.0
57636QAX2,2025-09-04,2025-12-04,1332,0,173991000.0,63,,,25000.0
57636QAZ7,2025-09-04,2025-12-04,1016,0,171703000.0,63,,,25000.0
57636QBB9,2025-09-04,2025-12-04,2056,0,427083000.0,65,,,30000.0
57636QBC7,2025-09-04,2025-12-04,1982,0,439792000.0,64,,,25000.0
58013MEC4,2025-09-04,2025-12-04,1303,0,182702000.0,64,,,15000.0
58013MEF7,2025-09-04,2025-12-04,522,0,99544000.0,61,,,25000.0
58013MEZ3,2025-09-04,2025-12-04,2427,0,427609000.0,67,,,27000.0
58013MFA7,2025-09-04,2025-12-04,1658,0,329056000.0,65,,,25000.0
58013MFC3,2025-09-04,2025-12-04,404,0,97804000.0,60,,,100000.0
58013MFH2,2025-09-04,2025-12-04,178,0,34645000.0,45,,,100000.0
58013MFJ8,2025-09-04,2025-12-04,6323,0,221915000.0,65,,,2000.0
58013MFK5,2025-09-04,2025-12-04,710,0,357867000.0,64,,,106500.0
58013MFM1,2025-09-04,2025-12-04,1097,0,287633000.0,63,,,40000.0
58013MFQ2,2025-09-04,2025-12-04,2506,0,480846000.0,65,,,16000.0
58013MFR0,2025-09-04,2025-12-04,504,0,248978000.0,59,,,40000.0
58013MFS8,2025-09-04,2025-12-04,2757,0,257578500.0,65,,,12000.0
58013MFT6,2025-09-04,2025-12-04,723,0,135319000.0,64,,,50000.0
58013MFW9,2025-09-04,2025-12-04,970,0,374051000.0,65,,,50000.0
58013MGA6,2025-09-04,2025-12-04,1386,1,522948000.0,63,,,41500.0
58013MGC2,2025-09-04,2025-12-04,3280,0,1230748000.0,64,,,25000.0
585055BT2,2025-09-04,2025-12-04,1440,0,264195000.0,64,,,25000.0
585055BU9,2025-09-04,2025-12-04,287,0,134091350.0,57,,,100000.0
58507LBC2,2025-09-04,2025-12-04,709,0,259201000.0,63,,,39000.0
58933YAJ4,2025-09-04,2025-12-04,441,0,207787000.0,59,,,100000.0
58933YAT2,2025-09-04,2025-12-04,460,0,315882000.0,58,,,200000.0
58933YAV7,2025-09-04,2025-12-04,508,0,184163000.0,62,,,72500.0
58933YAW5,2025-09-04,2025-12-04,328,0,155744000.0,54,,,100000.0
58933YAZ8,2025-09-04,2025-12-04,1094,0,612683000.0,64,,,50000.0
58933YBA2,2025-09-04,2025-12-04,586,0,335241400.0,62,,,200000.0
58933YBB0,2025-09-04,2025-12-04,195,0,119819000.0,48,,,100000.0
58933YBE4,2025-09-04,2025-12-04,1942,0,542254000.0,64,,,30000.0
58933YBF1,2025-09-04,2025-12-04,523,0,301925000.0,61,,,160000.0
58933YBG9,2025-09-04,2025-12-04,736,0,335923000.0,60,,,110000.0
58933YBJ3,2025-09-04,2025-12-04,1111,0,318613000.0,63,,,30000.0
58933YBK0,2025-09-04,2025-12-04,1481,0,388963000.0,64,,,30000.0
58933YBL8,2025-09-04,2025-12-04,842,0,313021000.0,64,,,50000.0
58933YBM6,2025-09-04,2025-12-04,719,0,498809000.0,61,,,100000.0
58933YBN4,2025-09-04,2025-12-04,652,0,607379000.0,62,,,240000.0
58933YBQ7,2025-09-04,2025-12-04,1645,0,898963000.0,63,,,45000.0
58933YBR5,2025-09-04,2025-12-04,1777,0,760725000.0,63,,,40000.0
58933YBS3,2025-09-04,2025-12-04,2323,0,3028435000.0,64,,,100000.0
58933YBT1,2025-09-04,2025-12-04,1427,0,3692440000.0,63,,,750000.0
58933YBX2,2025-09-04,2025-12-04,569,1,1705577000.0,4,,,1000000.0
58933YBY0,2025-09-04,2025-12-04,1728,1,2639870000.0,4,,,32000.0
58933YBZ7,2025-09-04,2025-12-04,797,1,3464305000.0,4,,,2000000.0
58933YCA1,2025-09-04,2025-12-04,519,1,1627190000.0,4,,,1000000.0
58933YCB9,2025-09-04,2025-12-04,663,0,3294406000.0,4,,,2000000.0
58933YCC7,2025-09-04,2025-12-04,559,0,2385819000.0,4,,,2000000.0
59022CAJ2,2025-09-04,2025-12-04,618,0,208112200.0,62,,,200000.0
59023VAA8,2025-09-04,2025-12-04,681,0,368538000.0,56,,,200000.0
59156RAJ7,2025-09-04,2025-12-04,995,0,134697000.0,63,,,20000.0
59156RAM0,2025-09-04,2025-12-04,2005,0,171741000.0,64,,,10000.0
59156RAY4,2025-09-04,2025-12-04,205,0,76306000.0,50,,,105000.0
59156RBD9,2025-09-04,2025-12-04,509,0,81672000.0,62,,,35000.0
59156RBG2,2025-09-04,2025-12-04,829,0,139579000.0,63,,,25000.0
59156RBN7,2025-09-04,2025-12-04,371,0,84045000.0,58,,,50000.0
59156RBR8,2025-09-04,2025-12-04,511,0,206635000.0,60,,,100000.0
59156RBZ0,2025-09-04,2025-12-04,7234,0,338471000.0,65,,,3000.0
59156RCC0,2025-09-04,2025-12-04,547,0,328962000.0,61,,,110000.0
59156RCD8,2025-09-04,2025-12-04,859,0,722543000.0,65,,,203000.0
59156RCE6,2025-09-04,2025-12-04,2632,0,216547000.0,65,,,12000.0
59156RCN6,2025-09-04,2025-12-04,1472,0,359432000.0,64,,,30000.0
594918BC7,2025-09-04,2025-12-04,2246,0,485553000.0,65,,,30000.0
594918BL7,2025-09-04,2025-12-04,1946,0,259155505.0,66,,,20000.0
594918BS2,2025-09-04,2025-12-04,2120,0,356532000.0,64,,,25000.0
594918BT0,2025-09-04,2025-12-04,750,0,225847000.0,64,,,55000.0
594918BZ6,2025-09-04,2025-12-04,1784,0,211575000.0,64,,,25000.0
594918CA0,2025-09-04,2025-12-04,596,0,138443000.0,66,,,60000.0
594918CB8,2025-09-04,2025-12-04,475,0,158428000.0,60,,,48000.0
594918CC6,2025-09-04,2025-12-04,2680,0,1145051275.0,64,,,20500.0
594918CD4,2025-09-04,2025-12-04,2095,0,658448000.0,63,,,40000.0
594918CE2,2025-09-04,2025-12-04,1415,0,1239499000.0,63,,,115000.0
594918CF9,2025-09-04,2025-12-04,1117,0,310863000.0,63,,,35000.0
594918CW2,2025-09-04,2025-12-04,664,0,494604000.0,63,,,100000.0
595017BL7,2025-09-04,2025-12-04,1181,0,274801000.0,63,,,15000.0
595112BS1,2025-09-04,2025-12-04,688,0,183984000.0,63,,,100000.0
595620AU9,2025-09-04,2025-12-04,220,0,62528000.0,52,,,84000.0
595620AY1,2025-09-04,2025-12-04,408,0,173663000.0,61,,,172500.0
59562VAM9,2025-09-04,2025-12-04,2671,0,514266000.0,63,,,15000.0
59562VBD8,2025-09-04,2025-12-04,1610,0,115122000.0,64,,,24000.0
606822BK9,2025-09-04,2025-12-04,193,0,189479200.0,46,,,300000.0
606822BM5,2025-09-04,2025-12-04,358,0,362874000.0,51,,,200000.0
606822BR4,2025-09-04,2025-12-04,191,0,123017000.0,46,,,200000.0
606822BU7,2025-09-04,2025-12-04,272,0,251187000.0,52,,,292000.0
606822BX1,2025-09-04,2025-12-04,230,0,179623000.0,55,,,280000.0
606822CB8,2025-09-04,2025-12-04,113,0,113502000.0,36,,,500000.0
606822CD4,2025-09-04,2025-12-04,212,0,216978000.0,46,,,534000.0
606822CK8,2025-09-04,2025-12-04,173,0,134791000.0,40,,,330000.0
606822CR3,2025-09-04,2025-12-04,75,0,38991000.0,27,,,365000.0
606822CX0,2025-09-04,2025-12-04,125,0,54040000.0,38,,,200000.0
606822DC5,2025-09-04,2025-12-04,138,0,155881000.0,42,,,378000.0
606822DF8,2025-09-04,2025-12-04,247,0,237141000.0,59,,,340000.0
606822DG6,2025-09-04,2025-12-04,155,0,57786000.0,47,,,200000.0
606822DH4,2025-09-04,2025-12-04,168,0,130032000.0,52,,,365000.0
606822DK7,2025-09-04,2025-12-04,271,0,196825000.0,52,,,211000.0
606822DL5,2025-09-04,2025-12-04,396,0,781192000.0,62,,,661000.0
606822DN1,2025-09-04,2025-12-04,413,0,634827000.0,58,,,800000.0
606822DQ4,2025-09-04,2025-12-04,427,0,944259000.0,63,,,1000000.0
60687YAX7,2025-09-04,2025-12-04,122,0,80776000.0,35,,,400000.0
60687YBH1,2025-09-04,2025-12-04,144,0,148317000.0,44,,,300000.0
60687YBL2,2025-09-04,2025-12-04,152,0,231962000.0,43,,,450000.0
60687YBU2,2025-09-04,2025-12-04,227,0,153550000.0,50,,,250000.0
60687YCM9,2025-09-04,2025-12-04,126,0,144012000.0,39,,,380000.0
60687YCT4,2025-09-04,2025-12-04,168,0,102397000.0,33,,,200000.0
60687YDB2,2025-09-04,2025-12-04,172,0,127427000.0,44,,,300000.0
60687YDE6,2025-09-04,2025-12-04,172,0,130198000.0,44,,,260000.0
60687YDF3,2025-09-04,2025-12-04,156,0,122786000.0,44,,,250000.0
60687YDJ5,2025-09-04,2025-12-04,85,0,127064000.0,36,,,430000.0
60687YDL0,2025-09-04,2025-12-04,278,0,344516000.0,56,,,547000.0
60687YDM8,2025-09-04,2025-12-04,229,0,251108000.0,54,,,400000.0
60871RAD2,2025-09-04,2025-12-04,1673,0,256169000.0,62,,,12000.0
60871RAH3,2025-09-04,2025-12-04,558,0,326884000.0,61,,,118000.0
609207AT2,2025-09-04,2025-12-04,817,0,60889000.0,62,,,7000.0
609207AW5,2025-09-04,2025-12-04,328,0,156435000.0,56,,,144000.0
609207BB0,2025-09-04,2025-12-04,874,0,396699000.0,64,,,35000.0
6174468L6,2025-09-04,2025-12-04,2653,0,502948000.0,65,,,7000.0
6174468N2,2025-09-04,2025-12-04,428,0,230191000.0,61,,,198000.0
6174468P7,2025-09-04,2025-12-04,1696,0,551070750.0,63,,,40000.0
6174468U6,2025-09-04,2025-12-04,854,0,417439000.0,63,,,100000.0
6174468X0,2025-09-04,2025-12-04,1678,0,449374000.0,63,,,12000.0
6174468Y8,2025-09-04,2025-12-04,523,0,387274000.0,62,,,220000.0
617446HD4,2025-09-04,2025-12-04,2664,0,205037000.0,63,,,11000.0
61744YAL2,2025-09-04,2025-12-04,970,0,283913000.0,63,,,35000.0
61744YAR9,2025-09-04,2025-12-04,373,0,197559000.0,56,,,153000.0
61746BEG7,2025-09-04,2025-12-04,1369,0,336541000.0,63,,,10000.0
61747YDY8,2025-09-04,2025-12-04,695,0,246638000.0,64,,,80000.0
61747YED3,2025-09-04,2025-12-04,1166,0,604659846.0,63,,,50000.0
61747YEH4,2025-09-04,2025-12-04,837,0,512513000.0,63,,,100000.0
61747YEL5,2025-09-04,2025-12-04,1783,0,654506154.0,63,,,14000.0
61747YEU5,2025-09-04,2025-12-04,1072,0,555048000.0,64,,,43000.0
61747YEY7,2025-09-04,2025-12-04,1783,0,547153000.0,65,,,24000.0
61747YFE0,2025-09-04,2025-12-04,1722,0,606769000.0,66,,,36500.0
61747YFG5,2025-09-04,2025-12-04,1910,0,600873000.0,63,,,14000.0
61747YFJ9,2025-09-04,2025-12-04,1268,0,449908000.0,63,,,10000.0
61747YFL4,2025-09-04,2025-12-04,986,0,867001000.0,64,,,156000.0
61747YFR1,2025-09-04,2025-12-04,1040,0,677755000.0,64,,,130000.0
61747YFS9,2025-09-04,2025-12-04,1596,0,762083000.0,64,,,50000.0
61747YFT7,2025-09-04,2025-12-04,4197,0,1034277154.0,64,,,13000.0
61747YFU4,2025-09-04,2025-12-04,1546,1,1175644000.0,64,,,59000.0
61747YFV2,2025-09-04,2025-12-04,1127,0,1830186000.0,64,,,400000.0
61747YFZ3,2025-09-04,2025-12-04,2101,0,3336712000.0,63,,,100000.0
61747YGA7,2025-09-04,2025-12-04,1763,0,5279946000.0,64,,,400000.0
617482V92,2025-09-04,2025-12-04,1356,0,257180000.0,62,,,20000.0
61748UAE2,2025-09-04,2025-12-04,2071,0,1053641000.0,64,,,15000.0
61748UAF9,2025-09-04,2025-12-04,1586,0,1579214500.0,64,,,90000.0
61748UAM4,2025-09-04,2025-12-04,1599,6,9070294000.0,35,,,1700000.0
61748UAN2,2025-09-04,2025-12-04,2325,1,12861063000.0,37,,,2000000.0
61772BAC7,2025-09-04,2025-12-04,432,0,142242000.0,58,,,117500.0
61776NVG5,2025-09-04,2025-12-04,915,1,2038991000.0,63,,,450000.0
61776NZW6,2025-09-04,2025-12-04,782,9,6349993000.0,14,,,3285000.0
620076BT5,2025-09-04,2025-12-04,602,0,250945400.0,62,,,60500.0
620076BU2,2025-09-04,2025-12-04,500,0,200644000.0,58,,,87500.0
620076BZ1,2025-09-04,2025-12-04,450,0,187511000.0,61,,,100000.0
620076CC1,2025-09-04,2025-12-04,646,0,533120000.0,63,,,200000.0
628530BJ5,2025-09-04,2025-12-04,855,0,331285000.0,63,,,75000.0
62854AAP9,2025-09-04,2025-12-04,682,0,428231000.0,63,,,100000.0
62954HAJ7,2025-09-04,2025-12-04,551,0,181102000.0,62,,,55000.0
62954HAU2,2025-09-04,2025-12-04,279,0,114263000.0,54,,,130000.0
62954HAY4,2025-09-04,2025-12-04,924,0,210210000.0,63,,,16500.0
62954HBA5,2025-09-04,2025-12-04,560,0,332332000.0,62,,,100000.0
62954HBB3,2025-09-04,2025-12-04,1407,0,412043000.0,63,,,25000.0
63111XAJ0,2025-09-04,2025-12-04,1675,0,424353000.0,65,,,25000.0
63111XAK7,2025-09-04,2025-12-04,493,0,244858000.0,63,,,100000.0
63111XAL5,2025-09-04,2025-12-04,517,0,257282000.0,60,,,100000.0
632525CK5,2025-09-04,2025-12-04,183,0,145773000.0,46,,,450000.0
63253QAL8,2025-09-04,2025-12-04,74,0,31360000.0,28,,,213000.0
63307A3B9,2025-09-04,2025-12-04,290,0,257351000.0,51,,,264000.0
636274AE2,2025-09-04,2025-12-04,417,0,141854000.0,60,,,100000.0
636274AF9,2025-09-04,2025-12-04,445,0,194919000.0,62,,,100000.0
639057AH1,2025-09-04,2025-12-04,301,0,369165000.0,56,,,400000.0
639057AN8,2025-09-04,2025-12-04,454,0,830716000.0,61,,,550000.0
639057AS7,2025-09-04,2025-12-04,298,0,427759000.0,59,,,450000.0
639057AV0,2025-09-04,2025-12-04,456,0,660837000.0,60,,,500000.0
64110LAZ9,2025-09-04,2025-12-04,2900,0,805620000.0,63,,,24000.0
64110LBA3,2025-09-04,2025-12-04,1076,0,1059186000.0,66,,,150000.0
651639AZ9,2025-09-04,2025-12-04,5384,0,178550000.0,63,,,3000.0
65163LAR0,2025-09-04,2025-12-04,802,0,640211000.0,63,,,100000.0
65339KBM1,2025-09-04,2025-12-04,5838,0,181210000.0,63,,,3000.0
65339KBR0,2025-09-04,2025-12-04,2046,0,389342000.0,64,,,15000.0
65339KBZ2,2025-09-04,2025-12-04,910,0,226473000.0,63,,,51000.0
65339KCJ7,2025-09-04,2025-12-04,2319,0,246483000.0,64,,,20000.0
65339KCP3,2025-09-04,2025-12-04,1044,0,197510000.0,62,,,30000.0
65339KCQ1,2025-09-04,2025-12-04,377,0,174724000.0,60,,,75000.0
65339KCU2,2025-09-04,2025-12-04,2271,0,418440000.0,64,,,16000.0
65339KCV0,2025-09-04,2025-12-04,471,0,126992000.0,59,,,40000.0
65339KDJ6,2025-09-04,2025-12-04,1286,0,301126000.0,63,,,43000.0
65339KDK3,2025-09-04,2025-12-04,773,0,316980000.0,63,,,40000.0
65339KDL1,2025-09-04,2025-12-04,1162,0,668782000.0,63,,,66000.0
65339KDM9,2025-09-04,2025-12-04,746,0,873514000.0,61,,,200000.0
654106AE3,2025-09-04,2025-12-04,347,0,116766000.0,57,,,63000.0
654106AK9,2025-09-04,2025-12-04,1214,0,244654000.0,64,,,25000.0
654106AL7,2025-09-04,2025-12-04,600,0,222780000.0,64,,,85000.0
654106AM5,2025-09-04,2025-12-04,385,0,196695000.0,61,,,150000.0
65473PAH8,2025-09-04,2025-12-04,257,0,53753000.0,50,,,35000.0
65473PAJ4,2025-09-04,2025-12-04,1071,0,208829000.0,63,,,25000.0
65473PAL9,2025-09-04,2025-12-04,334,0,173923000.0,56,,,182000.0
65473PAU9,2025-09-04,2025-12-04,775,0,925382000.0,63,,,200000.0
65473PAX3,2025-09-04,2025-12-04,955,0,811861000.0,64,,,100000.0
65473QBC6,2025-09-04,2025-12-04,170,0,100080000.0,43,,,95000.0
65473QBF9,2025-09-04,2025-12-04,275,0,124162000.0,57,,,85000.0
65473QBG7,2025-09-04,2025-12-04,109,0,30165000.0,32,,,100000.0
65535HAQ2,2025-09-04,2025-12-04,294,0,261403000.0,57,,,240000.0
65535HAS8,2025-09-04,2025-12-04,228,0,202560000.0,50,,,250000.0
65535HAX7,2025-09-04,2025-12-04,229,0,306943000.0,47,,,300000.0
65535HBA6,2025-09-04,2025-12-04,222,0,120270000.0,53,,,250000.0
65535HBK4,2025-09-04,2025-12-04,141,0,55044000.0,39,,,200000.0
65535HBV0,2025-09-04,2025-12-04,335,0,283546000.0,57,,,240000.0
65535HBZ1,2025-09-04,2025-12-04,256,0,199948000.0,51,,,210000.0
655844CF3,2025-09-04,2025-12-04,203,0,127524000.0,50,,,100000.0
655844CH9,2025-09-04,2025-12-04,218,0,281625000.0,51,,,250000.0
655844CP1,2025-09-04,2025-12-04,182,0,100807000.0,48,,,200000.0
655844CS5,2025-09-04,2025-12-04,332,0,268837000.0,58,,,150000.0
665772CX5,2025-09-04,2025-12-04,248,0,98632000.0,55,,,55000.0
665859AV6,2025-09-04,2025-12-04,670,0,188913002.0,63,,,25000.0
665859AX2,2025-09-04,2025-12-04,2478,0,231380000.0,63,,,20000.0
666807BH4,2025-09-04,2025-12-04,401,0,203359000.0,61,,,100000.0
666807BP6,2025-09-04,2025-12-04,637,0,418476000.0,63,,,125000.0
666807BS0,2025-09-04,2025-12-04,1141,0,166740000.0,63,,,15000.0
666807BU5,2025-09-04,2025-12-04,941,0,230503000.0,62,,,20000.0
666807CH3,2025-09-04,2025-12-04,6262,0,338758000.0,63,,,3000.0
666807CJ9,2025-09-04,2025-12-04,335,0,203117000.0,59,,,113000.0
666807CL4,2025-09-04,2025-12-04,1323,0,308895000.0,62,,,25000.0
666807CM2,2025-09-04,2025-12-04,1086,0,735531000.0,63,,,70500.0
66989HAH1,2025-09-04,2025-12-04,463,0,348487000.0,60,,,125000.0
66989HAK4,2025-09-04,2025-12-04,600,0,339867000.0,60,,,100000.0
66989HAR9,2025-09-04,2025-12-04,835,0,408065000.0,64,,,100000.0
66989HAS7,2025-09-04,2025-12-04,202,0,115630000.0,48,,,187000.0
66989HAT5,2025-09-04,2025-12-04,827,0,394769000.0,65,,,100000.0
66989HAU2,2025-09-04,2025-12-04,1246,0,264895000.0,64,,,30000.0
66989HAV0,2025-09-04,2025-12-04,1133,0,573175000.0,64,,,50000.0
66989HAW8,2025-09-04,2025-12-04,537,0,500555000.0,62,,,200000.0
66989HAY4,2025-09-04,2025-12-04,825,6,2841571000.0,22,,,500000.0
66989HAZ1,2025-09-04,2025-12-04,561,2,1535093000.0,22,,,500000.0
66989HBA5,2025-09-04,2025-12-04,657,1,1703575000.0,23,,,229000.0
67066GAF1,2025-09-04,2025-12-04,2826,0,401975310.0,64,,,11000.0
67066GAG9,2025-09-04,2025-12-04,1313,0,249217360.0,63,,,25000.0
67066GAH7,2025-09-04,2025-12-04,2038,0,402171090.0,63,,,1000.0
67066GAN4,2025-09-04,2025-12-04,1212,0,313107000.0,64,,,35000.0
67077MAU2,2025-09-04,2025-12-04,150,0,52483000.0,36,,,100000.0
67077MBB3,2025-09-04,2025-12-04,388,0,689187000.0,59,,,500000.0
67103HAL1,2025-09-04,2025-12-04,1479,0,244826000.0,63,,,28000.0
674599DD4,2025-09-04,2025-12-04,657,0,353995000.0,62,,,35000.0
674599DF9,2025-09-04,2025-12-04,1199,0,733162114.0,62,,,92000.0
674599DL6,2025-09-04,2025-12-04,936,0,460334000.0,62,,,47500.0
674599EA9,2025-09-04,2025-12-04,847,0,318584000.0,63,,,42000.0
674599ED3,2025-09-04,2025-12-04,1924,0,724574960.0,63,,,22000.0
674599EK7,2025-09-04,2025-12-04,2022,0,574173000.0,64,,,21000.0
674599EL5,2025-09-04,2025-12-04,1882,0,1303833000.0,63,,,67000.0
674599EM3,2025-09-04,2025-12-04,1431,0,1715832000.0,64,,,147000.0
681919BD7,2025-09-04,2025-12-04,411,0,112318000.0,58,,,50000.0
68233JCM4,2025-09-04,2025-12-04,251,0,209391000.0,51,,,174000.0
68233JCS1,2025-09-04,2025-12-04,313,0,163531000.0,57,,,59000.0
68233JCU6,2025-09-04,2025-12-04,287,0,243087000.0,57,,,171000.0
682680AV5,2025-09-04,2025-12-04,551,0,356652000.0,62,,,100000.0
682680BB8,2025-09-04,2025-12-04,559,0,109938000.0,53,,,30000.0
682680BG7,2025-09-04,2025-12-04,706,0,115302000.0,63,,,20000.0
682680BL6,2025-09-04,2025-12-04,1350,0,560603000.0,63,,,50000.0
682680BN2,2025-09-04,2025-12-04,878,0,608194000.0,63,,,155500.0
682680CA9,2025-09-04,2025-12-04,298,0,114635000.0,57,,,100000.0
682680CD3,2025-09-04,2025-12-04,2869,0,800665682.0,63,,,21000.0
682680CE1,2025-09-04,2025-12-04,2707,0,785214000.0,63,,,20000.0
682680CF8,2025-09-04,2025-12-04,994,0,614607000.0,63,,,143500.0
682680DB6,2025-09-04,2025-12-04,1232,0,569607000.0,63,,,47000.0
682680DC4,2025-09-04,2025-12-04,1949,0,1410906000.0,63,,,35000.0
682680DD2,2025-09-04,2025-12-04,1167,0,1333097000.0,65,,,327000.0
68389XAE5,2025-09-04,2025-12-04,2743,0,576879000.0,63,,,16000.0
68389XAH8,2025-09-04,2025-12-04,2534,0,257729000.0,64,,,24000.0
68389XAM7,2025-09-04,2025-12-04,5292,0,996054000.0,65,,,25000.0
68389XAV7,2025-09-04,2025-12-04,4092,0,803493000.0,65,,,29000.0
68389XAW5,2025-09-04,2025-12-04,1088,0,343688000.0,63,,,40000.0
68389XBE4,2025-09-04,2025-12-04,2333,0,461336000.0,63,,,25000.0
68389XBF1,2025-09-04,2025-12-04,1110,0,516198000.0,64,,,70000.0
68389XBG9,2025-09-04,2025-12-04,859,0,360063000.0,63,,,40000.0
68389XBH7,2025-09-04,2025-12-04,2132,0,437373000.0,63,,,25000.0
68389XBJ3,2025-09-04,2025-12-04,1034,0,708530000.0,63,,,100000.0
68389XBP9,2025-09-04,2025-12-04,1877,0,971741000.0,63,,,45000.0
68389XBQ7,2025-09-04,2025-12-04,1216,0,433694000.0,63,,,42500.0
68389XBV6,2025-09-04,2025-12-04,5194,0,1863928000.0,64,,,21000.0
68389XBW4,2025-09-04,2025-12-04,1946,0,1255290000.0,64,,,43000.0
68389XBX2,2025-09-04,2025-12-04,2026,0,1844114000.0,65,,,87000.0
68389XBY0,2025-09-04,2025-12-04,1874,0,1497486000.0,63,,,25000.0
68389XBZ7,2025-09-04,2025-12-04,970,0,1045955000.0,63,,,198500.0
68389XCA1,2025-09-04,2025-12-04,1044,0,1009535000.0,63,,,140000.0
68389XCB9,2025-09-04,2025-12-04,1430,0,517220000.0,64,,,85000.0
68389XCE3,2025-09-04,2025-12-04,5600,0,1618464000.0,65,,,21000.0
68389XCH6,2025-09-04,2025-12-04,6012,0,738316000.0,65,,,15000.0
68389XCJ2,2025-09-04,2025-12-04,7185,0,1024858000.0,66,,,15000.0
68389XCK9,2025-09-04,2025-12-04,3389,0,1355859000.0,63,,,16000.0
68389XCN3,2025-09-04,2025-12-04,4464,0,486605000.0,63,,,15000.0
68389XCP8,2025-09-04,2025-12-04,6535,0,1007057000.0,64,,,23000.0
68389XCQ6,2025-09-04,2025-12-04,2655,0,1731305000.0,65,,,30000.0
68389XCS2,2025-09-04,2025-12-04,4664,0,687260000.0,64,,,25000.0
68389XCT0,2025-09-04,2025-12-04,7135,0,1942813000.0,65,,,30000.0
68389XCU7,2025-09-04,2025-12-04,1108,0,1150450000.0,63,,,130000.0
68389XCV5,2025-09-04,2025-12-04,2330,0,702014000.0,64,,,25000.0
68389XCZ6,2025-09-04,2025-12-04,3393,0,781426000.0,63,,,30000.0
68389XDA0,2025-09-04,2025-12-04,7100,0,2805020000.0,65,,,25000.0
68389XDB8,2025-09-04,2025-12-04,3284,4,5636886000.0,64,,,99500.0
68389XDC6,2025-09-04,2025-12-04,4041,0,1304906000.0,65,,,20000.0
68389XDH5,2025-09-04,2025-12-04,13721,7,9498244000.0,51,,,10000.0
68389XDK8,2025-09-04,2025-12-04,6325,10,7480072000.0,49,,,45000.0
68389XDM4,2025-09-04,2025-12-04,10978,10,15793998000.0,52,,,50000.0
68389XDP7,2025-09-04,2025-12-04,5039,12,8051309000.0,49,,,30000.0
68389XDR3,2025-09-04,2025-12-04,4418,13,18749766000.0,49,,,2000000.0
68389XDT9,2025-09-04,2025-12-04,4403,5,7524307000.0,50,,,50000.0
685218AB5,2025-09-04,2025-12-04,187,0,48838000.0,48,,,86000.0
68902VAK3,2025-09-04,2025-12-04,1242,0,334578000.0,63,,,24500.0
68902VAL1,2025-09-04,2025-12-04,262,0,122079000.0,54,,,104000.0
68902VAM9,2025-09-04,2025-12-04,180,0,100009000.0,44,,,154000.0
690742AP6,2025-09-04,2025-12-04,718,0,281904500.0,62,,,48000.0
69120VAZ4,2025-09-04,2025-12-04,1583,0,715417000.0,63,,,25000.0
693475AZ8,2025-09-04,2025-12-04,2803,0,346943002.0,63,,,13000.0
693475BA2,2025-09-04,2025-12-04,1161,0,416048000.0,63,,,25000.0
693475BJ3,2025-09-04,2025-12-04,860,0,249436000.0,64,,,26000.0
693475BM6,2025-09-04,2025-12-04,1464,0,351511000.0,63,,,10000.0
693475BS3,2025-09-04,2025-12-04,566,0,89130000.0,62,,,10000.0
693475BU8,2025-09-04,2025-12-04,1472,0,483545000.0,63,,,23000.0
693475BW4,2025-09-04,2025-12-04,596,0,199106000.0,63,,,76000.0
693475BZ7,2025-09-04,2025-12-04,1149,0,234720000.0,63,,,25000.0
693475CA1,2025-09-04,2025-12-04,950,0,412859000.0,63,,,50000.0
693475CB9,2025-09-04,2025-12-04,498,0,176539000.0,61,,,84500.0
693475CC7,2025-09-04,2025-12-04,756,0,472476000.0,63,,,200000.0
693475CD5,2025-09-04,2025-12-04,1063,0,559907000.0,63,,,82000.0
693475CE3,2025-09-04,2025-12-04,1309,0,2663005000.0,63,,,448000.0
69349LAS7,2025-09-04,2025-12-04,268,0,203685000.0,47,,,262000.0
69351UBB8,2025-09-04,2025-12-04,185,0,78797000.0,43,,,66000.0
69352PAT0,2025-09-04,2025-12-04,839,0,180023000.0,63,,,16000.0
694308HY6,2025-09-04,2025-12-04,151,0,118176000.0,44,,,278000.0
694308JG3,2025-09-04,2025-12-04,752,0,698750000.0,63,,,160000.0
694308JH1,2025-09-04,2025-12-04,291,0,118770000.0,56,,,85000.0
694308JJ7,2025-09-04,2025-12-04,678,0,424518000.0,63,,,75000.0
694308JM0,2025-09-04,2025-12-04,2866,0,731933694.0,63,,,25000.0
694308JN8,2025-09-04,2025-12-04,1140,0,1066543879.0,63,,,150000.0
694308JQ1,2025-09-04,2025-12-04,868,0,311249566.0,63,,,50000.0
694308JT5,2025-09-04,2025-12-04,606,0,238855000.0,60,,,50000.0
694308KH9,2025-09-04,2025-12-04,869,0,641581000.0,63,,,116000.0
694308KJ5,2025-09-04,2025-12-04,531,0,214260000.0,59,,,40000.0
694308KK2,2025-09-04,2025-12-04,468,0,284380000.0,62,,,100000.0
694308KM8,2025-09-04,2025-12-04,862,0,261608000.0,63,,,25000.0
694308KP1,2025-09-04,2025-12-04,539,0,317604000.0,59,,,85000.0
694308KR7,2025-09-04,2025-12-04,664,0,519795000.0,62,,,100000.0
694308KT3,2025-09-04,2025-12-04,625,0,248957000.0,61,,,75000.0
694308KU0,2025-09-04,2025-12-04,503,0,444705000.0,59,,,110000.0
694308KV8,2025-09-04,2025-12-04,794,0,604065000.0,61,,,120000.0
694308KX4,2025-09-04,2025-12-04,674,0,403176000.0,61,,,75000.0
694308KY2,2025-09-04,2025-12-04,1025,3,1772717000.0,46,,,58000.0
694308KZ9,2025-09-04,2025-12-04,661,1,1822838000.0,44,,,500000.0
695114CY2,2025-09-04,2025-12-04,461,0,217548400.0,58,,,105000.0
695114CZ9,2025-09-04,2025-12-04,1325,0,514549000.0,61,,,30000.0
695114DA3,2025-09-04,2025-12-04,1961,0,715652000.0,62,,,25000.0
695114DD7,2025-09-04,2025-12-04,3719,0,905551000.0,63,,,25000.0
695114DE5,2025-09-04,2025-12-04,4265,0,1016980000.0,64,,,20000.0
701094AP9,2025-09-04,2025-12-04,177,0,57921000.0,48,,,111000.0
701094AS3,2025-09-04,2025-12-04,1254,0,174797000.0,63,,,15000.0
704326AA5,2025-09-04,2025-12-04,2129,0,533930000.0,63,,,25000.0
704326AB3,2025-09-04,2025-12-04,1356,0,565173000.0,64,,,30000.0
704326AC1,2025-09-04,2025-12-04,861,0,397898000.0,63,,,50000.0
70450YAE3,2025-09-04,2025-12-04,1824,0,333561000.0,64,,,20000.0
70450YAH6,2025-09-04,2025-12-04,999,0,216815250.0,62,,,20000.0
70450YAJ2,2025-09-04,2025-12-04,266,0,233527000.0,54,,,200000.0
70450YAL7,2025-09-04,2025-12-04,1937,0,345939000.0,65,,,15000.0
70450YAM5,2025-09-04,2025-12-04,526,0,304068000.0,64,,,75000.0
70450YAP8,2025-09-04,2025-12-04,1223,0,302568000.0,64,,,32000.0
713448DD7,2025-09-04,2025-12-04,263,0,108514000.0,49,,,100000.0
713448DP0,2025-09-04,2025-12-04,246,0,123269000.0,53,,,100000.0
713448EL8,2025-09-04,2025-12-04,1594,0,173241000.0,65,,,10000.0
713448EP9,2025-09-04,2025-12-04,272,0,70565000.0,57,,,100000.0
713448ES3,2025-09-04,2025-12-04,1327,0,349493000.0,63,,,25000.0
713448EU8,2025-09-04,2025-12-04,181,0,63743000.0,43,,,54000.0
713448EZ7,2025-09-04,2025-12-04,1554,0,237165000.0,65,,,10000.0
713448FA1,2025-09-04,2025-12-04,634,0,225157000.0,62,,,79000.0
713448FE3,2025-09-04,2025-12-04,1449,0,229391800.0,63,,,17000.0
713448FF0,2025-09-04,2025-12-04,314,0,104346000.0,54,,,97000.0
713448FG8,2025-09-04,2025-12-04,231,0,74406000.0,51,,,75000.0
713448FM5,2025-09-04,2025-12-04,2359,0,291021000.0,67,,,25000.0
713448FS2,2025-09-04,2025-12-04,669,0,82413000.0,62,,,21000.0
713448FX1,2025-09-04,2025-12-04,707,0,87988000.0,63,,,35000.0
713448FZ6,2025-09-04,2025-12-04,916,0,1005860000.0,62,,,50000.0
713448GB8,2025-09-04,2025-12-04,799,0,200448000.0,62,,,60000.0
713448GC6,2025-09-04,2025-12-04,1606,0,314402500.0,66,,,20500.0
713448GJ1,2025-09-04,2025-12-04,1834,0,563182000.0,65,,,48000.0
713448GK8,2025-09-04,2025-12-04,2458,0,2008865025.0,64,,,71000.0
716973AD4,2025-09-04,2025-12-04,7057,0,534594000.0,64,,,5000.0
716973AE2,2025-09-04,2025-12-04,5808,0,1514711000.0,66,,,17000.0
716973AF9,2025-09-04,2025-12-04,2046,0,938366000.0,65,,,68000.0
716973AG7,2025-09-04,2025-12-04,2533,0,2784093000.0,72,,,93000.0
716973AH5,2025-09-04,2025-12-04,1219,0,1451543000.0,66,,,193000.0
717081CY7,2025-09-04,2025-12-04,1224,0,479205000.0,68,,,25000.0
717081DE0,2025-09-04,2025-12-04,325,0,57848000.0,54,,,49000.0
717081DK6,2025-09-04,2025-12-04,512,0,94233000.0,65,,,40000.0
717081EC3,2025-09-04,2025-12-04,1755,0,266596000.0,66,,,25000.0
717081ED1,2025-09-04,2025-12-04,401,0,92072000.0,58,,,50000.0
717081EK5,2025-09-04,2025-12-04,196,0,65416000.0,54,,,66500.0
717081EU3,2025-09-04,2025-12-04,404,0,93240000.0,59,,,50000.0
717081EV1,2025-09-04,2025-12-04,359,0,106564000.0,55,,,135000.0
717081EW9,2025-09-04,2025-12-04,1061,0,230793000.0,64,,,29000.0
717081EY5,2025-09-04,2025-12-04,570,0,137146000.0,64,,,50000.0
717081EZ2,2025-09-04,2025-12-04,535,0,264317400.0,61,,,145000.0
717081FA6,2025-09-04,2025-12-04,484,0,135184000.0,60,,,100000.0
717081FB4,2025-09-04,2025-12-04,866,0,298013000.0,63,,,37000.0
717081FD0,2025-09-04,2025-12-04,723,0,2028810000.0,12,,,1000000.0
717081FE8,2025-09-04,2025-12-04,979,0,2698929000.0,12,,,500000.0
717081FF5,2025-09-04,2025-12-04,964,0,3828973000.0,12,,,2000000.0
718172AC3,2025-09-04,2025-12-04,1228,0,415861000.0,65,,,36000.0
718172AM1,2025-09-04,2025-12-04,389,0,42134000.0,56,,,20000.0
718172AU3,2025-09-04,2025-12-04,537,0,213095000.0,62,,,35000.0
718172AW9,2025-09-04,2025-12-04,383,0,197502000.0,56,,,77000.0
718172BD0,2025-09-04,2025-12-04,657,0,120104000.0,63,,,30000.0
718172BL2,2025-09-04,2025-12-04,591,0,268747000.0,63,,,100000.0
718172CJ6,2025-09-04,2025-12-04,1063,0,137609000.0,63,,,26000.0
718172CP2,2025-09-04,2025-12-04,597,0,130795000.0,62,,,31000.0
718172CS6,2025-09-04,2025-12-04,848,0,340084000.0,63,,,50000.0
718172CW7,2025-09-04,2025-12-04,6542,0,379828000.0,64,,,4000.0
718172CX5,2025-09-04,2025-12-04,1997,0,237903000.0,63,,,24000.0
718172DA4,2025-09-04,2025-12-04,2330,0,304017000.0,63,,,11000.0
718172DB2,2025-09-04,2025-12-04,2304,0,503852000.0,64,,,25000.0
718172DE6,2025-09-04,2025-12-04,1163,0,178008000.0,63,,,30000.0
718172DH9,2025-09-04,2025-12-04,1132,0,350598000.0,63,,,30000.0
718172DJ5,2025-09-04,2025-12-04,1958,0,682007000.0,64,,,24000.0
718172DN6,2025-09-04,2025-12-04,1463,0,215328000.0,63,,,15000.0
718172DP1,2025-09-04,2025-12-04,1324,0,243961000.0,63,,,33000.0
718172DQ9,2025-09-04,2025-12-04,862,0,248273000.0,62,,,50000.0
718172DT3,2025-09-04,2025-12-04,914,0,338855000.0,63,,,50000.0
718172DY2,2025-09-04,2025-12-04,1067,0,1387402000.0,27,,,50000.0
718172DZ9,2025-09-04,2025-12-04,1021,3,1852010000.0,30,,,150000.0
718172EA3,2025-09-04,2025-12-04,1185,1,2211486000.0,28,,,500000.0
718546AH7,2025-09-04,2025-12-04,1215,0,199276000.0,63,,,20000.0
718546AK0,2025-09-04,2025-12-04,7622,0,407910000.0,65,,,6000.0
718546AL8,2025-09-04,2025-12-04,423,0,178894000.0,59,,,90000.0
718546AW4,2025-09-04,2025-12-04,1313,0,211993000.0,63,,,25000.0
718546BA1,2025-09-04,2025-12-04,228,0,150896000.0,46,,,100000.0
718547AR3,2025-09-04,2025-12-04,3187,0,210154000.0,63,,,15000.0
718547AU6,2025-09-04,2025-12-04,3433,0,268806500.0,64,,,20000.0
723787AQ0,2025-09-04,2025-12-04,969,0,386245500.0,64,,,29000.0
723787AR8,2025-09-04,2025-12-04,742,0,466982000.0,63,,,35500.0
72650RBM3,2025-09-04,2025-12-04,936,0,249032000.0,63,,,72000.0
72650RBN1,2025-09-04,2025-12-04,805,0,531935000.0,63,,,100000.0
72650RBQ4,2025-09-04,2025-12-04,1863,0,672703000.0,63,,,20000.0
72650RBR2,2025-09-04,2025-12-04,1590,0,1576248000.0,63,,,85000.0
72650RBS0,2025-09-04,2025-12-04,1541,0,1731509000.0,63,,,100000.0
740816AR4,2025-09-04,2025-12-04,513,0,88994000.0,59,,,25000.0
742718FH7,2025-09-04,2025-12-04,1460,0,358129000.0,64,,,30000.0
742718FM6,2025-09-04,2025-12-04,821,0,278440000.0,63,,,55000.0
742718FQ7,2025-09-04,2025-12-04,354,0,41228000.0,63,,,39000.0
742718FW4,2025-09-04,2025-12-04,1195,0,163387000.0,62,,,12000.0
742718GA1,2025-09-04,2025-12-04,1833,0,251782000.0,64,,,25000.0
742718GG8,2025-09-04,2025-12-04,814,0,125150000.0,62,,,25000.0
742718GP8,2025-09-04,2025-12-04,1020,1,1599840000.0,29,,,100000.0
743315AS2,2025-09-04,2025-12-04,190,0,56228000.0,48,,,100000.0
74340XBM2,2025-09-04,2025-12-04,1134,0,233449000.0,63,,,10000.0
74340XBR1,2025-09-04,2025-12-04,621,0,178960000.0,63,,,30000.0
74340XCE9,2025-09-04,2025-12-04,1185,0,179682000.0,63,,,25000.0
74340XCF6,2025-09-04,2025-12-04,300,0,111460000.0,58,,,100000.0
74340XCH2,2025-09-04,2025-12-04,569,0,68990000.0,62,,,25000.0
74340XCJ8,2025-09-04,2025-12-04,877,0,135799000.0,63,,,25000.0
74340XCK5,2025-09-04,2025-12-04,469,0,319754000.0,61,,,200000.0
74340XCR0,2025-09-04,2025-12-04,761,0,280747000.0,63,,,50000.0
743820AB8,2025-09-04,2025-12-04,136,0,111383000.0,44,,,100000.0
744320AY8,2025-09-04,2025-12-04,341,0,138974000.0,59,,,115000.0
744320BA9,2025-09-04,2025-12-04,411,0,193166000.0,59,,,100000.0
74432QAQ8,2025-09-04,2025-12-04,1285,0,129815000.0,63,,,19000.0
74432QCA1,2025-09-04,2025-12-04,808,0,76405000.0,61,,,21000.0
74432QCE3,2025-09-04,2025-12-04,278,0,87134000.0,56,,,113000.0
74432QCF0,2025-09-04,2025-12-04,374,0,213145000.0,59,,,180000.0
74432QCK9,2025-09-04,2025-12-04,1526,0,461350000.0,63,,,36000.0
744448CV1,2025-09-04,2025-12-04,585,0,134356668.0,62,,,12000.0
744448CY5,2025-09-04,2025-12-04,534,0,148579000.0,59,,,20000.0
744448CZ2,2025-09-04,2025-12-04,920,0,390508000.0,62,,,50000.0
744448DA6,2025-09-04,2025-12-04,240,0,111336000.0,46,,,126000.0
744448DB4,2025-09-04,2025-12-04,613,0,510211000.0,59,,,149000.0
744448DC2,2025-09-04,2025-12-04,1565,0,713405000.0,63,,,30000.0
744533BS8,2025-09-04,2025-12-04,2445,0,568535000.0,62,,,8000.0
744573AU0,2025-09-04,2025-12-04,678,0,137444000.0,62,,,15000.0
74460WAH0,2025-09-04,2025-12-04,503,0,244065000.0,62,,,125000.0
747525AJ2,2025-09-04,2025-12-04,2236,0,217046008.0,64,,,9000.0
747525AK9,2025-09-04,2025-12-04,921,0,264009600.0,64,,,47000.0
747525AV5,2025-09-04,2025-12-04,510,0,245594000.0,64,,,124000.0
747525BJ1,2025-09-04,2025-12-04,200,0,46251000.0,48,,,95000.0
747525BK8,2025-09-04,2025-12-04,1155,0,342821030.0,64,,,85000.0
747525BP7,2025-09-04,2025-12-04,2199,0,337676000.0,63,,,9000.0
747525BR3,2025-09-04,2025-12-04,544,0,391292000.0,64,,,120000.0
747525BT9,2025-09-04,2025-12-04,805,0,560235000.0,64,,,200000.0
74762EAF9,2025-09-04,2025-12-04,1868,0,517154560.0,63,,,39000.0
74834LBB5,2025-09-04,2025-12-04,622,0,233443000.0,63,,,50000.0
74834LBD1,2025-09-04,2025-12-04,777,0,118415000.0,63,,,25000.0
74834LBG4,2025-09-04,2025-12-04,1195,0,265247000.0,62,,,25000.0
74949LAD4,2025-09-04,2025-12-04,905,0,327699000.0,63,,,17000.0
74949LAF9,2025-09-04,2025-12-04,370,0,259332000.0,60,,,100000.0
74949LAG7,2025-09-04,2025-12-04,292,0,144021000.0,61,,,146000.0
754730AF6,2025-09-04,2025-12-04,360,0,77024000.0,54,,,63500.0
754730AH2,2025-09-04,2025-12-04,219,0,46595000.0,49,,,50000.0
754730AK5,2025-09-04,2025-12-04,1462,0,3623421000.0,60,,,844500.0
75513EAC5,2025-09-04,2025-12-04,341,0,160423000.0,58,,,130000.0
75513EAD3,2025-09-04,2025-12-04,988,0,121271000.0,63,,,20000.0
75513ECK5,2025-09-04,2025-12-04,306,0,145511000.0,51,,,150000.0
75513ECL3,2025-09-04,2025-12-04,267,0,141307000.0,55,,,200000.0
75513ECM1,2025-09-04,2025-12-04,1093,0,221244000.0,63,,,28000.0
75513ECN9,2025-09-04,2025-12-04,1160,0,296480500.0,63,,,25000.0
75513ECP4,2025-09-04,2025-12-04,667,0,329846000.0,63,,,150000.0
75513ECR0,2025-09-04,2025-12-04,2073,0,262200000.0,64,,,20000.0
75513ECS8,2025-09-04,2025-12-04,837,0,318589000.0,63,,,25000.0
75513ECV1,2025-09-04,2025-12-04,1532,0,275605000.0,63,,,21000.0
75513ECW9,2025-09-04,2025-12-04,1672,0,402451000.0,63,,,15000.0
75513ECX7,2025-09-04,2025-12-04,1512,0,1073309000.0,63,,,130000.0
756109AX2,2025-09-04,2025-12-04,1019,0,165452000.0,63,,,20000.0
756109BP8,2025-09-04,2025-12-04,986,0,90830000.0,63,,,20000.0
756109CG7,2025-09-04,2025-12-04,559,0,137684000.0,62,,,21000.0
758750AN3,2025-09-04,2025-12-04,1010,0,262420000.0,65,,,14000.0
758750AP8,2025-09-04,2025-12-04,3013,0,364346600.0,63,,,4000.0
75886FAE7,2025-09-04,2025-12-04,963,0,494032000.0,63,,,60000.0
75886FAF4,2025-09-04,2025-12-04,381,0,224486000.0,56,,,50000.0
7591EPAV2,2025-09-04,2025-12-04,5425,0,777065000.0,63,,,3000.0
760759AZ3,2025-09-04,2025-12-04,992,0,334214000.0,63,,,38000.0
760759BC3,2025-09-04,2025-12-04,1127,0,243639000.0,63,,,11000.0
761713BA3,2025-09-04,2025-12-04,1037,0,241386000.0,62,,,25000.0
761713BB1,2025-09-04,2025-12-04,1750,0,505583000.0,63,,,25000.0
767201AL0,2025-09-04,2025-12-04,523,0,173849000.0,60,,,60000.0
767201AT3,2025-09-04,2025-12-04,258,0,93769000.0,54,,,100000.0
76720AAG1,2025-09-04,2025-12-04,240,0,63030000.0,52,,,125000.0
76720AAP1,2025-09-04,2025-12-04,407,0,262757000.0,59,,,200000.0
76720AAS5,2025-09-04,2025-12-04,3942,0,883727000.0,64,,,11000.0
76720AAT3,2025-09-04,2025-12-04,1050,0,532929000.0,63,,,81500.0
76720AAU0,2025-09-04,2025-12-04,4174,0,1746654000.0,65,,,4000.0
76720AAV8,2025-09-04,2025-12-04,1004,0,1530542000.0,64,,,272500.0
76720AAW6,2025-09-04,2025-12-04,605,0,486146000.0,61,,,168000.0
775109BB6,2025-09-04,2025-12-04,184,0,76955000.0,43,,,100000.0
775109CH2,2025-09-04,2025-12-04,721,0,673364000.0,63,,,200000.0
775109CJ8,2025-09-04,2025-12-04,332,0,262520000.0,61,,,200000.0
775109CK5,2025-09-04,2025-12-04,880,0,964783000.0,63,,,236500.0
775109DF5,2025-09-04,2025-12-04,780,0,663115000.0,63,,,100000.0
776696AJ5,2025-09-04,2025-12-04,1099,0,248093000.0,63,,,25000.0
776696AM8,2025-09-04,2025-12-04,1469,0,870001000.0,63,,,86000.0
776743AL0,2025-09-04,2025-12-04,808,0,241819000.0,63,,,50000.0
78016EYH4,2025-09-04,2025-12-04,1632,0,249659000.0,63,,,11000.0
78016FZQ0,2025-09-04,2025-12-04,757,0,145890000.0,65,,,60000.0
78016FZX5,2025-09-04,2025-12-04,1700,0,591498000.0,64,,,50000.0
78016HZQ6,2025-09-04,2025-12-04,1085,0,264952000.0,63,,,21000.0
78016HZW3,2025-09-04,2025-12-04,5775,0,715320000.0,63,,,3000.0
78016HZZ6,2025-09-04,2025-12-04,1186,0,520000000.0,65,,,30000.0
78017DAC2,2025-09-04,2025-12-04,787,0,797485000.0,63,,,120000.0
78017DAH1,2025-09-04,2025-12-04,693,0,526855000.0,63,,,25000.0
78017DAM0,2025-09-04,2025-12-04,916,0,867714000.0,63,,,64000.0
78017DAQ1,2025-09-04,2025-12-04,685,1,2702978000.0,27,,,1000000.0
78017FZT3,2025-09-04,2025-12-04,1285,0,1018741000.0,64,,,50000.0
78081BAK9,2025-09-04,2025-12-04,1012,0,401082000.0,63,,,26000.0
78081BAL7,2025-09-04,2025-12-04,356,0,146802000.0,51,,,93000.0
78081BAM5,2025-09-04,2025-12-04,295,0,261831000.0,53,,,210000.0
78081BAU7,2025-09-04,2025-12-04,5884,0,1883962000.0,63,,,3000.0
78409VBQ6,2025-09-04,2025-12-04,690,0,103781000.0,61,,,20000.0
785592AX4,2025-09-04,2025-12-04,1056,0,373173000.0,63,,,53000.0
79466LAJ3,2025-09-04,2025-12-04,1695,0,510194000.0,63,,,20000.0
79466LAK0,2025-09-04,2025-12-04,593,0,641405000.0,61,,,100000.0
79466LAL8,2025-09-04,2025-12-04,599,0,1092466000.0,62,,,200000.0
79466LAM6,2025-09-04,2025-12-04,480,0,361491000.0,58,,,100000.0
797440BZ6,2025-09-04,2025-12-04,972,0,321854000.0,63,,,18000.0
797440CA0,2025-09-04,2025-12-04,124,0,61524000.0,39,,,100000.0
797440CD4,2025-09-04,2025-12-04,501,0,139802000.0,60,,,28000.0
797440CG7,2025-09-04,2025-12-04,910,0,286994000.0,62,,,25000.0
801060AJ3,2025-09-04,2025-12-04,554,3,1763178000.0,26,,,510000.0
80281LAU9,2025-09-04,2025-12-04,191,0,316198000.0,45,,,380000.0
80281LAV7,2025-09-04,2025-12-04,426,0,1006064000.0,54,,,500000.0
80281LAY1,2025-09-04,2025-12-04,1355,1,3619105000.0,57,,,1000000.0
80282KBL9,2025-09-04,2025-12-04,1699,0,783580000.0,65,,,100000.0
80282KBM7,2025-09-04,2025-12-04,3072,0,597614000.0,64,,,17000.0
80282KBQ8,2025-09-04,2025-12-04,762,0,687470000.0,63,,,150000.0
808513BG9,2025-09-04,2025-12-04,918,0,143883000.0,63,,,25000.0
808513BS3,2025-09-04,2025-12-04,788,0,192327000.0,63,,,20000.0
808513BT1,2025-09-04,2025-12-04,1033,0,175625000.0,63,,,31000.0
808513CA1,2025-09-04,2025-12-04,870,0,244393000.0,63,,,50000.0
816851AP4,2025-09-04,2025-12-04,411,0,133120000.0,58,,,25000.0
816851BH1,2025-09-04,2025-12-04,1557,0,198012000.0,62,,,5000.0
816851BJ7,2025-09-04,2025-12-04,369,0,81262000.0,57,,,100000.0
81762PAE2,2025-09-04,2025-12-04,1442,0,642388000.0,64,,,25000.0
822905AA3,2025-09-04,2025-12-04,537,0,248648000.0,61,,,100000.0
822905AB1,2025-09-04,2025-12-04,1295,0,196026000.0,65,,,9000.0
822905AC9,2025-09-04,2025-12-04,7261,0,663328000.0,64,,,4000.0
822905AD7,2025-09-04,2025-12-04,506,0,119830000.0,60,,,54000.0
822905AE5,2025-09-04,2025-12-04,482,0,333050000.0,63,,,110000.0
822905AF2,2025-09-04,2025-12-04,726,0,146178000.0,63,,,25000.0
822905AG0,2025-09-04,2025-12-04,291,0,226446000.0,57,,,190000.0
822905AH8,2025-09-04,2025-12-04,409,0,183500000.0,62,,,153000.0
822905AN5,2025-09-04,2025-12-04,1218,1,1922728000.0,22,,,50000.0
822905AQ8,2025-09-04,2025-12-04,803,2,1845019000.0,24,,,200000.0
824348AX4,2025-09-04,2025-12-04,885,0,402745000.0,62,,,81000.0
824348BJ4,2025-09-04,2025-12-04,2168,0,223569000.0,63,,,14000.0
828807DF1,2025-09-04,2025-12-04,1081,0,158839000.0,63,,,25000.0
828807DH7,2025-09-04,2025-12-04,519,0,226414000.0,62,,,61000.0
828807DJ3,2025-09-04,2025-12-04,203,0,80303000.0,54,,,85000.0
828807DK0,2025-09-04,2025-12-04,824,0,164994000.0,64,,,30000.0
828807DY0,2025-09-04,2025-12-04,1561,0,320872000.0,63,,,25000.0
828807EA1,2025-09-04,2025-12-04,1582,0,860372000.0,63,,,59500.0
83007CAD4,2025-09-04,2025-12-04,382,0,343951000.0,60,,,129000.0
83007CAF9,2025-09-04,2025-12-04,522,0,549710000.0,60,,,200000.0
832696AX6,2025-09-04,2025-12-04,1916,0,380052000.0,63,,,15000.0
832696AY4,2025-09-04,2025-12-04,829,0,167259000.0,63,,,20000.0
832696AZ1,2025-09-04,2025-12-04,533,0,479778000.0,63,,,211000.0
83272GAD3,2025-09-04,2025-12-04,179,0,152537000.0,50,,,200000.0
83272GAE1,2025-09-04,2025-12-04,337,0,444595000.0,59,,,422000.0
83272GAF8,2025-09-04,2025-12-04,343,0,528679000.0,58,,,547000.0
83272YAB8,2025-09-04,2025-12-04,336,0,499288000.0,57,,,500000.0
83272YAC6,2025-09-04,2025-12-04,222,1,1247360000.0,13,,,1950000.0
83444MAQ4,2025-09-04,2025-12-04,383,0,404425000.0,55,,,300000.0
83444MAR2,2025-09-04,2025-12-04,871,0,1230330000.0,63,,,324000.0
83444MAS0,2025-09-04,2025-12-04,605,0,975560000.0,62,,,286000.0
842400FZ1,2025-09-04,2025-12-04,409,0,211479000.0,59,,,70000.0
842400GG2,2025-09-04,2025-12-04,651,0,474446000.0,63,,,100000.0
842400GK3,2025-09-04,2025-12-04,446,0,335017000.0,63,,,89000.0
842400GT4,2025-09-04,2025-12-04,386,0,236346000.0,60,,,220000.0
842400GY3,2025-09-04,2025-12-04,177,0,161986000.0,48,,,168000.0
842400HT3,2025-09-04,2025-12-04,1296,0,156569000.0,63,,,12000.0
842400HZ9,2025-09-04,2025-12-04,1318,0,249994000.0,64,,,28000.0
842400JE4,2025-09-04,2025-12-04,1161,0,217166000.0,63,,,25000.0
842400JG9,2025-09-04,2025-12-04,1312,0,675186000.0,61,,,30000.0
842400JJ3,2025-09-04,2025-12-04,1237,0,199840000.0,63,,,29000.0
842587CX3,2025-09-04,2025-12-04,504,0,325414000.0,62,,,168000.0
842587DE4,2025-09-04,2025-12-04,1181,0,254491000.0,63,,,35000.0
842587DR5,2025-09-04,2025-12-04,1672,0,196234000.0,63,,,17000.0
842587DT1,2025-09-04,2025-12-04,1281,0,889576000.0,64,,,50000.0
842587EA1,2025-09-04,2025-12-04,1423,0,350067000.0,63,,,25000.0
844741BM9,2025-09-04,2025-12-04,3269,0,2510140000.0,28,,,25000.0
845467AS8,2025-09-04,2025-12-04,1926,0,468113000.0,64,,,11000.0
845467AT6,2025-09-04,2025-12-04,2004,0,948336000.0,63,,,15000.0
852060AT9,2025-09-04,2025-12-04,1628,0,595594000.0,63,,,20000.0
854502AL5,2025-09-04,2025-12-04,1564,0,262164000.0,63,,,25000.0
854502AN1,2025-09-04,2025-12-04,487,0,247188000.0,58,,,93000.0
855244AS8,2025-09-04,2025-12-04,414,0,125953000.0,58,,,50000.0
855244AT6,2025-09-04,2025-12-04,1992,0,356124000.0,63,,,20000.0
855244AU3,2025-09-04,2025-12-04,343,0,175328000.0,50,,,150000.0
855244AW9,2025-09-04,2025-12-04,1179,0,144397000.0,63,,,10000.0
855244AZ2,2025-09-04,2025-12-04,46978,0,1022892000.0,64,,,1000.0
855244BA6,2025-09-04,2025-12-04,583,0,371166000.0,62,,,88000.0
855244BC2,2025-09-04,2025-12-04,1077,0,364815000.0,63,,,30000.0
857449AE2,2025-09-04,2025-12-04,247,0,126020000.0,48,,,250000.0
857477BG7,2025-09-04,2025-12-04,957,0,218804000.0,62,,,38000.0
857477BP7,2025-09-04,2025-12-04,2044,0,261769000.0,63,,,25000.0
857477DB6,2025-09-04,2025-12-04,1208,0,458741000.0,63,,,45000.0
85771PAC6,2025-09-04,2025-12-04,322,0,154130000.0,54,,,44000.0
85771PAL6,2025-09-04,2025-12-04,235,0,88159000.0,54,,,110000.0
85771PAQ5,2025-09-04,2025-12-04,209,0,51253000.0,46,,,35000.0
858119BS8,2025-09-04,2025-12-04,611,0,767243000.0,62,,,400000.0
863667AJ0,2025-09-04,2025-12-04,130,0,88232000.0,36,,,100000.0
863667AY7,2025-09-04,2025-12-04,859,0,321140000.0,63,,,30000.0
863667BE0,2025-09-04,2025-12-04,1374,0,222362000.0,63,,,30000.0
863667BF7,2025-09-04,2025-12-04,1057,0,307320000.0,63,,,35000.0
863667BL4,2025-09-04,2025-12-04,979,0,394688000.0,64,,,50000.0
863667BM2,2025-09-04,2025-12-04,1032,0,496511000.0,63,,,75000.0
86562MBW9,2025-09-04,2025-12-04,159,0,116871080.0,42,,,400000.0
86562MCB4,2025-09-04,2025-12-04,198,0,197641000.0,51,,,300000.0
86562MCJ7,2025-09-04,2025-12-04,179,0,115161500.0,46,,,273000.0
86562MCK4,2025-09-04,2025-12-04,128,0,32258000.0,37,,,94500.0
86562MCS7,2025-09-04,2025-12-04,323,0,241358000.0,54,,,300000.0
86562MCW8,2025-09-04,2025-12-04,238,0,149311000.0,53,,,216000.0
86562MCY4,2025-09-04,2025-12-04,194,0,59356000.0,47,,,100000.0
86562MDJ6,2025-09-04,2025-12-04,162,0,107978000.0,37,,,268500.0
86562MDM9,2025-09-04,2025-12-04,136,0,83748000.0,45,,,200000.0
86562MDN7,2025-09-04,2025-12-04,260,0,128716000.0,54,,,200000.0
86562MDP2,2025-09-04,2025-12-04,338,0,327277000.0,55,,,375000.0
86562MDQ0,2025-09-04,2025-12-04,302,0,207428000.0,53,,,250000.0
86562MDS6,2025-09-04,2025-12-04,111,0,91091000.0,43,,,300000.0
86562MDU1,2025-09-04,2025-12-04,349,0,617571000.0,60,,,690000.0
867224AB3,2025-09-04,2025-12-04,95,0,46575000.0,31,,,100000.0
867224AE7,2025-09-04,2025-12-04,105,0,51966000.0,27,,,60000.0
86722TAB8,2025-09-04,2025-12-04,366,0,86164000.0,48,,,20000.0
86765BAQ2,2025-09-04,2025-12-04,673,0,242885000.0,63,,,50000.0
86765BAV1,2025-09-04,2025-12-04,511,0,610781000.0,62,,,142000.0
86944BAQ6,2025-09-04,2025-12-04,480,0,500468000.0,60,,,200000.0
871607AC1,2025-09-04,2025-12-04,1190,0,661822000.0,63,,,85000.0
871607AD9,2025-09-04,2025-12-04,764,0,602504000.0,63,,,100000.0
871607AE7,2025-09-04,2025-12-04,1181,0,1654206000.0,63,,,170000.0
871607AG2,2025-09-04,2025-12-04,904,0,1055228000.0,63,,,394500.0
87165BAR4,2025-09-04,2025-12-04,666,0,317906000.0,61,,,50000.0
871829BL0,2025-09-04,2025-12-04,1809,0,436995000.0,63,,,25000.0
871829BN6,2025-09-04,2025-12-04,444,0,311820000.0,58,,,205000.0
871829BR7,2025-09-04,2025-12-04,120,0,53686000.0,36,,,84000.0
87264AAX3,2025-09-04,2025-12-04,794,0,476766000.0,63,,,100000.0
87264AAZ8,2025-09-04,2025-12-04,699,0,935975000.0,63,,,200000.0
87264ABF1,2025-09-04,2025-12-04,7177,0,1595240000.0,65,,,15000.0
87264ABL8,2025-09-04,2025-12-04,790,0,503523000.0,61,,,166000.0
87264ABN4,2025-09-04,2025-12-04,617,0,642543000.0,62,,,221000.0
87264ABT1,2025-09-04,2025-12-04,885,0,289286000.0,65,,,45000.0
87264ABW4,2025-09-04,2025-12-04,3341,0,1138101000.0,65,,,20000.0
87264ABX2,2025-09-04,2025-12-04,882,0,287763000.0,63,,,75000.0
87264ABY0,2025-09-04,2025-12-04,430,0,632966000.0,61,,,241000.0
87264ACB9,2025-09-04,2025-12-04,1140,0,773859000.0,64,,,84000.0
87264ACQ6,2025-09-04,2025-12-04,934,0,451099000.0,64,,,47000.0
87264ACT0,2025-09-04,2025-12-04,593,0,446283000.0,63,,,200000.0
87264ACV5,2025-09-04,2025-12-04,1123,0,436337000.0,63,,,50000.0
87264ACW3,2025-09-04,2025-12-04,593,0,303675000.0,62,,,100000.0
87264ACX1,2025-09-04,2025-12-04,308,0,226644000.0,58,,,93500.0
87264ACY9,2025-09-04,2025-12-04,4111,0,882401000.0,64,,,16000.0
87264ADB8,2025-09-04,2025-12-04,578,0,525293000.0,63,,,130000.0
87264ADC6,2025-09-04,2025-12-04,1552,0,281188000.0,63,,,16000.0
87264ADD4,2025-09-04,2025-12-04,523,0,250392000.0,62,,,109000.0
87264ADF9,2025-09-04,2025-12-04,2657,0,385193000.0,64,,,4000.0
87264ADG7,2025-09-04,2025-12-04,477,0,136342000.0,61,,,70000.0
87264ADM4,2025-09-04,2025-12-04,1167,0,442394000.0,65,,,50000.0
87264ADN2,2025-09-04,2025-12-04,563,0,717237000.0,60,,,140000.0
87264ADS1,2025-09-04,2025-12-04,1251,0,738882000.0,63,,,90000.0
87264ADT9,2025-09-04,2025-12-04,1523,0,1298191000.0,64,,,58000.0
87264ADU6,2025-09-04,2025-12-04,773,0,911151000.0,63,,,250000.0
87264ADW2,2025-09-04,2025-12-04,1701,0,1931556000.0,43,,,37000.0
87264ADX0,2025-09-04,2025-12-04,3681,0,2915551000.0,42,,,8000.0
87264ADY8,2025-09-04,2025-12-04,916,2,2756263000.0,41,,,1000000.0
874060AX4,2025-09-04,2025-12-04,386,0,326789000.0,61,,,300000.0
874060AY2,2025-09-04,2025-12-04,297,0,487316000.0,55,,,528000.0
874060AZ9,2025-09-04,2025-12-04,211,0,320798000.0,50,,,300000.0
874060BD7,2025-09-04,2025-12-04,113,0,78176000.0,29,,,280000.0
874060BK1,2025-09-04,2025-12-04,276,0,266207000.0,53,,,250000.0
874060BL9,2025-09-04,2025-12-04,166,0,187463000.0,46,,,300000.0
87406BAA0,2025-09-04,2025-12-04,443,0,660015000.0,60,,,500000.0
87406BAB8,2025-09-04,2025-12-04,323,0,452103000.0,54,,,470000.0
876030AK3,2025-09-04,2025-12-04,1649,0,355739000.0,63,,,22000.0
876030AL1,2025-09-04,2025-12-04,1483,0,760100000.0,63,,,28000.0
87612BBQ4,2025-09-04,2025-12-04,1025,0,243010000.0,63,,,26000.0
87612BBS0,2025-09-04,2025-12-04,1270,0,325168000.0,63,,,30000.0
87612BBU5,2025-09-04,2025-12-04,638,0,308430000.0,61,,,58000.0
87612EBA3,2025-09-04,2025-12-04,278,0,93375000.0,51,,,53000.0
87612EBJ4,2025-09-04,2025-12-04,835,0,210362000.0,63,,,25000.0
87612EBN5,2025-09-04,2025-12-04,521,0,296838000.0,55,,,200000.0
87612EBP0,2025-09-04,2025-12-04,2431,0,274590000.0,64,,,20000.0
87612EBR6,2025-09-04,2025-12-04,559,0,331752000.0,62,,,171000.0
87612EBS4,2025-09-04,2025-12-04,2687,0,298367000.0,63,,,20000.0
87612EBT2,2025-09-04,2025-12-04,3041,0,1075507000.0,64,,,30000.0
87612GAA9,2025-09-04,2025-12-04,417,0,114380000.0,60,,,30000.0
87612GAB7,2025-09-04,2025-12-04,373,0,349437000.0,61,,,152000.0
87612GAC5,2025-09-04,2025-12-04,370,0,101861000.0,59,,,57000.0
87612GAD3,2025-09-04,2025-12-04,385,0,204061000.0,55,,,203000.0
87612GAF8,2025-09-04,2025-12-04,358,0,268765000.0,57,,,159500.0
87612GAK7,2025-09-04,2025-12-04,939,0,398771000.0,61,,,38000.0
87612GAM3,2025-09-04,2025-12-04,742,0,463759000.0,61,,,57500.0
87612GAN1,2025-09-04,2025-12-04,555,0,655110000.0,63,,,183000.0
87612GAP6,2025-09-04,2025-12-04,624,0,337411000.0,62,,,87500.0
87612GAQ4,2025-09-04,2025-12-04,535,0,621700000.0,62,,,250000.0
87612GAS0,2025-09-04,2025-12-04,505,1,2036637000.0,19,,,1500000.0
879360AE5,2025-09-04,2025-12-04,965,0,364299330.0,63,,,49000.0
879385AD4,2025-09-04,2025-12-04,777,0,396985000.0,64,,,37000.0
87938WAC7,2025-09-04,2025-12-04,934,0,693468000.0,63,,,96000.0
87938WAU7,2025-09-04,2025-12-04,481,0,487167000.0,60,,,270000.0
87938WAW3,2025-09-04,2025-12-04,266,0,202536000.0,50,,,280000.0
87938WAX1,2025-09-04,2025-12-04,342,0,348076000.0,59,,,200000.0
882508BD5,2025-09-04,2025-12-04,316,0,102045000.0,58,,,100000.0
882508BF0,2025-09-04,2025-12-04,485,0,239978000.0,60,,,65000.0
882508BG8,2025-09-04,2025-12-04,829,0,125093000.0,63,,,50000.0
882508BJ2,2025-09-04,2025-12-04,631,0,119726000.0,62,,,36000.0
882508CB8,2025-09-04,2025-12-04,1181,0,287231000.0,63,,,25000.0
882508CJ1,2025-09-04,2025-12-04,465,0,382954000.0,62,,,200000.0
882926AA6,2025-09-04,2025-12-04,802,0,720334000.0,65,,,129000.0
88339WAC0,2025-09-04,2025-12-04,727,0,283189000.0,64,,,50000.0
883556BY7,2025-09-04,2025-12-04,225,0,149243000.0,51,,,100000.0
883556BZ4,2025-09-04,2025-12-04,1053,0,364509000.0,65,,,32000.0
883556CL4,2025-09-04,2025-12-04,6492,0,347817000.0,63,,,4000.0
883556CM2,2025-09-04,2025-12-04,597,0,270095000.0,60,,,100000.0
883556CW0,2025-09-04,2025-12-04,1198,0,206267000.0,63,,,16500.0
883556CX8,2025-09-04,2025-12-04,2494,0,248640000.0,64,,,13000.0
883556DD1,2025-09-04,2025-12-04,1245,0,1820984000.0,45,,,175000.0
883556DE9,2025-09-04,2025-12-04,1185,0,2485201000.0,45,,,500000.0
88579YBD2,2025-09-04,2025-12-04,549,0,127479600.0,64,,,45000.0
88579YBJ9,2025-09-04,2025-12-04,693,0,109087000.0,63,,,38000.0
88579YBK6,2025-09-04,2025-12-04,215,0,76470000.0,52,,,50000.0
88731EAJ9,2025-09-04,2025-12-04,500,0,280551000.0,61,,,80000.0
88732JAJ7,2025-09-04,2025-12-04,656,0,669114000.0,59,,,57000.0
88732JAN8,2025-09-04,2025-12-04,551,0,174379800.0,62,,,30000.0
88732JAU2,2025-09-04,2025-12-04,668,0,245667000.0,62,,,50000.0
88732JAY4,2025-09-04,2025-12-04,662,0,323200000.0,60,,,50000.0
88732JBB3,2025-09-04,2025-12-04,404,0,268154000.0,60,,,76000.0
88732JBD9,2025-09-04,2025-12-04,422,0,129118000.0,59,,,75000.0
89114TZJ4,2025-09-04,2025-12-04,5771,0,272177154.0,63,,,3000.0
89114TZV7,2025-09-04,2025-12-04,919,0,140142000.0,61,,,22000.0
89115A2E1,2025-09-04,2025-12-04,2467,0,523912000.0,65,,,40000.0
89115A3C4,2025-09-04,2025-12-04,1534,0,606046000.0,63,,,35000.0
89115A3G5,2025-09-04,2025-12-04,752,0,265425000.0,65,,,60000.0
89115KAB6,2025-09-04,2025-12-04,1667,0,1463967000.0,63,,,70000.0
89115KAJ9,2025-09-04,2025-12-04,1468,0,3357673000.0,41,,,500000.0
89153VAT6,2025-09-04,2025-12-04,917,0,306087000.0,64,,,23000.0
89153VAU3,2025-09-04,2025-12-04,163,0,42207000.0,47,,,68000.0
89153VAV1,2025-09-04,2025-12-04,431,0,195869000.0,61,,,100000.0
89153VAW9,2025-09-04,2025-12-04,177,0,80002000.0,47,,,90000.0
89153VAX7,2025-09-04,2025-12-04,334,0,317905000.0,58,,,200000.0
89157XAA9,2025-09-04,2025-12-04,637,0,249770000.0,65,,,96000.0
89157XAB7,2025-09-04,2025-12-04,842,0,805949000.0,63,,,161500.0
89157XAC5,2025-09-04,2025-12-04,702,0,646692000.0,63,,,122500.0
89157XAD3,2025-09-04,2025-12-04,753,0,368668000.0,65,,,86000.0
89157XAE1,2025-09-04,2025-12-04,369,0,406783000.0,58,,,250000.0
89157XAF8,2025-09-04,2025-12-04,682,0,435065000.0,63,,,90000.0
89236TGU3,2025-09-04,2025-12-04,689,0,264537000.0,65,,,100000.0
89236TGY5,2025-09-04,2025-12-04,873,0,238795000.0,63,,,43000.0
89236TLE3,2025-09-04,2025-12-04,2117,0,593505000.0,63,,,24000.0
89236TLM5,2025-09-04,2025-12-04,928,0,132028000.0,63,,,25000.0
89236TLZ6,2025-09-04,2025-12-04,1296,0,246255000.0,63,,,25000.0
89236TMK8,2025-09-04,2025-12-04,1625,0,217742000.0,63,,,25000.0
89236TMT9,2025-09-04,2025-12-04,1967,0,274272040.0,63,,,25000.0
89236TNB7,2025-09-04,2025-12-04,1643,0,229271000.0,64,,,10000.0
89236TNJ0,2025-09-04,2025-12-04,896,0,253959000.0,64,,,47000.0
8935268Z9,2025-09-04,2025-12-04,429,0,95821000.0,56,,,20000.0
893526DJ9,2025-09-04,2025-12-04,569,0,115764000.0,56,,,16000.0
89352HAD1,2025-09-04,2025-12-04,766,0,130801000.0,63,,,10000.0
89352HAM1,2025-09-04,2025-12-04,839,0,100829000.0,65,,,20000.0
89352HAZ2,2025-09-04,2025-12-04,178,0,42474000.0,38,,,100000.0
89352HBA6,2025-09-04,2025-12-04,1667,0,439145000.0,64,,,15000.0
89417EAD1,2025-09-04,2025-12-04,333,0,148847000.0,54,,,40000.0
89417EAH2,2025-09-04,2025-12-04,264,0,75113000.0,45,,,100000.0
89417EAR0,2025-09-04,2025-12-04,133,0,29627000.0,35,,,150000.0
89417EAS8,2025-09-04,2025-12-04,460,0,166146000.0,62,,,100000.0
89417EAU3,2025-09-04,2025-12-04,756,0,704629000.0,63,,,196000.0
89788KAA4,2025-09-04,2025-12-04,396,0,198247000.0,60,,,250000.0
89788MAB8,2025-09-04,2025-12-04,1094,0,153272000.0,63,,,20000.0
89788MAK8,2025-09-04,2025-12-04,570,0,275352000.0,63,,,57500.0
89788MAM4,2025-09-04,2025-12-04,1166,0,437322000.0,63,,,40000.0
89788MAP7,2025-09-04,2025-12-04,6318,0,757699000.0,63,,,3000.0
89788MAS1,2025-09-04,2025-12-04,1112,0,743799500.0,63,,,53500.0
89788MAT9,2025-09-04,2025-12-04,725,0,293105000.0,64,,,50000.0
89788MAU6,2025-09-04,2025-12-04,854,0,444305000.0,63,,,26000.0
89788MAV4,2025-09-04,2025-12-04,1215,0,4699734000.0,32,,,2000000.0
902494BH5,2025-09-04,2025-12-04,440,0,159210000.0,60,,,100000.0
902494BM4,2025-09-04,2025-12-04,967,0,355189000.0,63,,,40000.0
902613AY4,2025-09-04,2025-12-04,346,0,260187000.0,56,,,325000.0
902674A26,2025-09-04,2025-12-04,235,0,207808000.0,51,,,250000.0
90353TAN0,2025-09-04,2025-12-04,3512,0,465212000.0,63,,,8000.0
90353TAP5,2025-09-04,2025-12-04,4869,0,1171807000.0,63,,,4000.0
90353TAQ3,2025-09-04,2025-12-04,1585,0,870801000.0,63,,,30000.0
90353TAT7,2025-09-04,2025-12-04,1925,2,2395421000.0,61,,,100000.0
90353TAU4,2025-09-04,2025-12-04,1638,1,3864626000.0,61,,,500000.0
904764AH0,2025-09-04,2025-12-04,406,0,89482000.0,57,,,30000.0
904764BH9,2025-09-04,2025-12-04,183,0,107292000.0,44,,,157000.0
904764BQ9,2025-09-04,2025-12-04,236,0,155351000.0,48,,,200000.0
904764BT3,2025-09-04,2025-12-04,297,0,132917000.0,52,,,192000.0
904764BV8,2025-09-04,2025-12-04,384,0,193407000.0,62,,,200000.0
907818EM6,2025-09-04,2025-12-04,218,0,36979000.0,55,,,64500.0
907818FG8,2025-09-04,2025-12-04,330,0,102611000.0,57,,,100000.0
907818FH6,2025-09-04,2025-12-04,777,0,173284000.0,63,,,27000.0
907818FK9,2025-09-04,2025-12-04,593,0,298925000.0,63,,,78000.0
907818FL7,2025-09-04,2025-12-04,225,0,78136000.0,49,,,147000.0
907818FN3,2025-09-04,2025-12-04,561,0,171768000.0,62,,,100000.0
907818FS2,2025-09-04,2025-12-04,174,0,94420000.0,45,,,194000.0
907818FU7,2025-09-04,2025-12-04,858,0,337779000.0,63,,,20000.0
907818FW3,2025-09-04,2025-12-04,245,0,108050000.0,51,,,128000.0
907818FX1,2025-09-04,2025-12-04,1104,0,313606000.0,63,,,15000.0
907818FZ6,2025-09-04,2025-12-04,448,0,208412000.0,60,,,93000.0
907818GB8,2025-09-04,2025-12-04,1118,0,140117000.0,63,,,17500.0
907818GG7,2025-09-04,2025-12-04,1099,0,394870000.0,63,,,20000.0
907818GH5,2025-09-04,2025-12-04,658,0,842692000.0,62,,,363000.0
911312AJ5,2025-09-04,2025-12-04,668,0,258052000.0,63,,,50000.0
911312BN5,2025-09-04,2025-12-04,324,0,106628000.0,58,,,100000.0
911312BQ8,2025-09-04,2025-12-04,215,0,49684000.0,46,,,95000.0
911312BW5,2025-09-04,2025-12-04,752,0,316558000.0,65,,,50000.0
911312BY1,2025-09-04,2025-12-04,1676,0,143873000.0,63,,,8000.0
911312BZ8,2025-09-04,2025-12-04,1818,0,203364000.0,64,,,20000.0
911312CA2,2025-09-04,2025-12-04,562,0,185494000.0,64,,,77500.0
911312CD6,2025-09-04,2025-12-04,2138,0,469072000.0,63,,,25000.0
911312CE4,2025-09-04,2025-12-04,658,0,532254000.0,62,,,127000.0
911312CJ3,2025-09-04,2025-12-04,1686,0,868357500.0,63,,,68000.0
911312CK0,2025-09-04,2025-12-04,1323,0,2139049000.0,63,,,250000.0
911312CL8,2025-09-04,2025-12-04,1290,0,1657375000.0,63,,,164000.0
91159HJA9,2025-09-04,2025-12-04,1432,0,241598500.0,63,,,25000.0
91159HJD3,2025-09-04,2025-12-04,1920,0,230357000.0,64,,,5000.0
91159HJJ0,2025-09-04,2025-12-04,1362,0,200066000.0,63,,,17000.0
91159HJL5,2025-09-04,2025-12-04,1337,0,298138000.0,62,,,20000.0
91159HJN1,2025-09-04,2025-12-04,8028,0,423980000.0,63,,,2000.0
91159HJR2,2025-09-04,2025-12-04,1974,0,488484000.0,64,,,10000.0
91159HJS0,2025-09-04,2025-12-04,15947,0,945908000.0,63,,,3000.0
91159HJT8,2025-09-04,2025-12-04,737,0,372932000.0,63,,,80000.0
91159HJU5,2025-09-04,2025-12-04,601,0,598222000.0,62,,,200000.0
91159HJV3,2025-09-04,2025-12-04,603,0,679689000.0,63,,,100000.0
913017BT5,2025-09-04,2025-12-04,840,0,514059000.0,63,,,100000.0
913017CA5,2025-09-04,2025-12-04,244,0,98425000.0,53,,,200000.0
913017CJ6,2025-09-04,2025-12-04,355,0,129617000.0,56,,,154000.0
913017CW7,2025-09-04,2025-12-04,641,0,175927000.0,60,,,30000.0
913017CX5,2025-09-04,2025-12-04,238,0,129012000.0,49,,,100000.0
91324PAR3,2025-09-04,2025-12-04,1687,0,177842000.0,63,,,7000.0
91324PBK7,2025-09-04,2025-12-04,529,0,162637184.0,62,,,63000.0
91324PCD2,2025-09-04,2025-12-04,367,0,144234000.0,61,,,75000.0
91324PCQ3,2025-09-04,2025-12-04,1888,0,386290000.0,66,,,25000.0
91324PCR1,2025-09-04,2025-12-04,1323,0,413140000.0,67,,,40000.0
91324PCX8,2025-09-04,2025-12-04,186,0,44604000.0,44,,,60000.0
91324PDF6,2025-09-04,2025-12-04,255,0,191321000.0,53,,,150000.0
91324PDL3,2025-09-04,2025-12-04,427,0,218994000.0,61,,,130000.0
91324PDQ2,2025-09-04,2025-12-04,329,0,71123000.0,56,,,53000.0
91324PDS8,2025-09-04,2025-12-04,1093,0,130656000.0,65,,,25000.0
91324PDT6,2025-09-04,2025-12-04,624,0,210609000.0,64,,,55000.0
91324PDU3,2025-09-04,2025-12-04,276,0,161294000.0,57,,,100000.0
91324PDV1,2025-09-04,2025-12-04,340,0,367221000.0,55,,,200000.0
91324PDX7,2025-09-04,2025-12-04,1533,0,286145000.0,64,,,20000.0
91324PDY5,2025-09-04,2025-12-04,934,0,303371400.0,63,,,20500.0
91324PDZ2,2025-09-04,2025-12-04,484,0,391331000.0,63,,,130000.0
91324PEA6,2025-09-04,2025-12-04,571,0,126863000.0,59,,,42000.0
91324PED0,2025-09-04,2025-12-04,2714,0,272598000.0,63,,,12000.0
91324PEE8,2025-09-04,2025-12-04,634,0,376670000.0,63,,,109000.0
91324PEF5,2025-09-04,2025-12-04,519,0,336130000.0,62,,,186000.0
91324PEJ7,2025-09-04,2025-12-04,7908,0,483361000.0,63,,,6000.0
91324PEK4,2025-09-04,2025-12-04,889,0,398682000.0,66,,,50000.0
91324PEL2,2025-09-04,2025-12-04,419,0,229562000.0,57,,,34000.0
91324PEQ1,2025-09-04,2025-12-04,2520,0,320870000.0,63,,,10000.0
91324PER9,2025-09-04,2025-12-04,2708,0,622816000.0,64,,,15000.0
91324PES7,2025-09-04,2025-12-04,1110,0,726110000.0,64,,,95000.0
91324PET5,2025-09-04,2025-12-04,813,0,362922000.0,64,,,101000.0
91324PEV0,2025-09-04,2025-12-04,5762,0,825724000.0,63,,,9000.0
91324PEW8,2025-09-04,2025-12-04,1113,0,410550000.0,73,,,53000.0
91324PEX6,2025-09-04,2025-12-04,594,0,116531000.0,66,,,37500.0
91324PFA5,2025-09-04,2025-12-04,2783,0,461667000.0,64,,,20000.0
91324PFB3,2025-09-04,2025-12-04,1914,0,277768000.0,64,,,15000.0
91324PFC1,2025-09-04,2025-12-04,1309,0,1006646000.0,66,,,129000.0
91324PFD9,2025-09-04,2025-12-04,785,0,513717000.0,60,,,50000.0
91324PFG2,2025-09-04,2025-12-04,1346,0,402969000.0,63,,,30000.0
91324PFH0,2025-09-04,2025-12-04,1476,0,464640000.0,63,,,30000.0
91324PFJ6,2025-09-04,2025-12-04,4100,0,901694000.0,64,,,9000.0
91324PFK3,2025-09-04,2025-12-04,1826,0,537897000.0,67,,,34500.0
91324PFL1,2025-09-04,2025-12-04,1634,0,2013348000.0,65,,,125000.0
91324PFM9,2025-09-04,2025-12-04,1635,0,720656000.0,63,,,40000.0
91324PFP2,2025-09-04,2025-12-04,1222,0,476003000.0,63,,,40000.0
91324PFQ0,2025-09-04,2025-12-04,909,0,823331000.0,63,,,170000.0
91324PFR8,2025-09-04,2025-12-04,1033,0,1245621000.0,63,,,390000.0
913903AW0,2025-09-04,2025-12-04,583,0,438114000.0,63,,,148000.0
91913YAL4,2025-09-04,2025-12-04,2047,0,405439830.0,63,,,20000.0
91913YBD1,2025-09-04,2025-12-04,483,0,158196000.0,59,,,74000.0
92343VCK8,2025-09-04,2025-12-04,52,0,31310000.0,4,,,266500.0
92343VCM4,2025-09-04,2025-12-04,37,0,32289000.0,3,,,41000.0
92343VCQ5,2025-09-04,2025-12-04,3250,0,497171500.0,65,,,20000.0
92343VCV4,2025-09-04,2025-12-04,1963,0,568653000.0,65,,,35000.0
92343VCX0,2025-09-04,2025-12-04,30,0,3370000.0,3,,,36000.0
92343VDR2,2025-09-04,2025-12-04,45,0,4320000.0,4,,,44000.0
92343VEA8,2025-09-04,2025-12-04,3472,0,614273000.0,66,,,25000.0
92343VEU4,2025-09-04,2025-12-04,5572,3,1259129000.0,64,,,20000.0
92343VFD1,2025-09-04,2025-12-04,505,0,82499000.0,63,,,43000.0
92343VFE9,2025-09-04,2025-12-04,3224,0,373670000.0,64,,,8000.0
92343VFL3,2025-09-04,2025-12-04,2063,0,287047700.0,63,,,14000.0
92343VFR0,2025-09-04,2025-12-04,2167,0,593934000.0,64,,,20000.0
92343VFT6,2025-09-04,2025-12-04,1251,0,769270000.0,63,,,35000.0
92343VFU3,2025-09-04,2025-12-04,1052,2,551348000.0,63,,,30000.0
92343VFV1,2025-09-04,2025-12-04,348,0,166634000.0,57,,,77500.0
92343VFW9,2025-09-04,2025-12-04,594,0,752777000.0,64,,,300000.0
92343VFX7,2025-09-04,2025-12-04,910,0,528323000.0,64,,,40000.0
92343VGB4,2025-09-04,2025-12-04,1571,0,534433000.0,63,,,17000.0
92343VGC2,2025-09-04,2025-12-04,403,2,649553000.0,58,,,230000.0
92343VGJ7,2025-09-04,2025-12-04,4522,0,1123684000.0,64,,,8000.0
92343VGK4,2025-09-04,2025-12-04,906,0,619521000.0,64,,,95000.0
92343VGL2,2025-09-04,2025-12-04,457,0,193955000.0,63,,,185000.0
92343VGN8,2025-09-04,2025-12-04,2365,0,1478301000.0,64,,,54000.0
92343VGP3,2025-09-04,2025-12-04,378,0,184497000.0,61,,,150000.0
92343VGT5,2025-09-04,2025-12-04,1163,0,266140000.0,65,,,29000.0
92343VGW8,2025-09-04,2025-12-04,1246,0,1275908000.0,67,,,248500.0
92343VGY4,2025-09-04,2025-12-04,2226,0,1191080000.0,66,,,30500.0
92343VGZ1,2025-09-04,2025-12-04,4625,0,3281593000.0,67,,,20000.0
92343VHF4,2025-09-04,2025-12-04,1920,0,4102015000.0,18,,,131000.0
92343VHG2,2025-09-04,2025-12-04,2601,8,4793739000.0,17,,,35000.0
92343VHH0,2025-09-04,2025-12-04,811,6,3083533000.0,17,,,1000000.0
92343VHJ6,2025-09-04,2025-12-04,1692,3,8214487000.0,17,,,2000000.0
92343VHK3,2025-09-04,2025-12-04,1152,5,4376661000.0,17,,,1000000.0
92556VAD8,2025-09-04,2025-12-04,1031,0,626662000.0,64,,,80000.0
92556VAE6,2025-09-04,2025-12-04,845,0,563705000.0,63,,,100000.0
92556VAF3,2025-09-04,2025-12-04,891,0,1176552000.0,62,,,225000.0
925650AC7,2025-09-04,2025-12-04,907,0,240509000.0,63,,,42000.0
925650AD5,2025-09-04,2025-12-04,1179,0,403963000.0,63,,,43000.0
925650AE3,2025-09-04,2025-12-04,636,0,460790000.0,60,,,100000.0
925650AH6,2025-09-04,2025-12-04,1370,0,154416000.0,61,,,11000.0
925650AK9,2025-09-04,2025-12-04,842,0,432417000.0,62,,,101000.0
927804GD0,2025-09-04,2025-12-04,300,0,71303000.0,55,,,60000.0
927804GF5,2025-09-04,2025-12-04,205,0,84076000.0,50,,,132000.0
927804GK4,2025-09-04,2025-12-04,1398,0,244478000.0,63,,,20000.0
927804GL2,2025-09-04,2025-12-04,498,0,341969000.0,59,,,79000.0
927804GV0,2025-09-04,2025-12-04,1410,0,2086089000.0,62,,,126500.0
927804GW8,2025-09-04,2025-12-04,1121,0,2518473000.0,61,,,900000.0
92826CAE2,2025-09-04,2025-12-04,3743,0,514774000.0,65,,,25000.0
92826CAF9,2025-09-04,2025-12-04,5978,0,435707000.0,63,,,4000.0
92826CAJ1,2025-09-04,2025-12-04,314,0,146665000.0,54,,,100000.0
92826CAK8,2025-09-04,2025-12-04,888,0,360845975.0,64,,,25000.0
92826CAM4,2025-09-04,2025-12-04,1801,0,249917000.0,63,,,25000.0
92826CAN2,2025-09-04,2025-12-04,915,0,174606000.0,63,,,20000.0
92826CAQ5,2025-09-04,2025-12-04,776,0,269031000.0,64,,,100000.0
928563AF2,2025-09-04,2025-12-04,985,0,142141000.0,63,,,34000.0
928563AL9,2025-09-04,2025-12-04,1414,0,421212000.0,63,,,55500.0
92857WAQ3,2025-09-04,2025-12-04,635,0,290455000.0,63,,,63000.0
92857WBM1,2025-09-04,2025-12-04,297,0,84421000.0,53,,,70000.0
92857WBS8,2025-09-04,2025-12-04,256,0,50356000.0,54,,,35000.0
92857WBU3,2025-09-04,2025-12-04,185,0,103375000.0,45,,,245000.0
92857WCA6,2025-09-04,2025-12-04,716,0,656400000.0,64,,,200000.0
92857WCB4,2025-09-04,2025-12-04,419,0,210009000.0,61,,,200000.0
929160AZ2,2025-09-04,2025-12-04,732,0,146221000.0,62,,,17000.0
929160BC2,2025-09-04,2025-12-04,1082,0,376919000.0,61,,,25000.0
929160BD0,2025-09-04,2025-12-04,423,0,384981000.0,58,,,200000.0
92976GAG6,2025-09-04,2025-12-04,117,0,63370000.0,37,,,250000.0
92976GAJ0,2025-09-04,2025-12-04,171,0,166555000.0,45,,,648000.0
929903AM4,2025-09-04,2025-12-04,3796,0,499220000.0,63,,,20000.0
931142CB7,2025-09-04,2025-12-04,2072,0,517986000.0,64,,,25000.0
931142CK7,2025-09-04,2025-12-04,876,0,137428000.0,64,,,15000.0
931142CM3,2025-09-04,2025-12-04,809,0,69984775.0,63,,,22000.0
931142EC3,2025-09-04,2025-12-04,564,0,168472000.0,61,,,50500.0
931142ET6,2025-09-04,2025-12-04,1364,0,447595000.0,63,,,55000.0
931142EU3,2025-09-04,2025-12-04,1397,0,211735000.0,64,,,7000.0
931142EV1,2025-09-04,2025-12-04,606,0,168770000.0,62,,,47500.0
931142EY5,2025-09-04,2025-12-04,3082,0,246232000.0,65,,,10000.0
931142EZ2,2025-09-04,2025-12-04,591,0,178026000.0,63,,,90000.0
931142FD0,2025-09-04,2025-12-04,3858,0,392822000.0,64,,,25000.0
931142FE8,2025-09-04,2025-12-04,1114,0,711855000.0,63,,,55000.0
931142FN8,2025-09-04,2025-12-04,1168,0,507459000.0,64,,,60000.0
931142FP3,2025-09-04,2025-12-04,3465,0,1305901000.0,64,,,25000.0
94106BAD3,2025-09-04,2025-12-04,275,0,196112000.0,49,,,200000.0
94106BAF8,2025-09-04,2025-12-04,823,0,176901000.0,63,,,16000.0
94106BAG6,2025-09-04,2025-12-04,581,0,182060000.0,63,,,40000.0
94106LBP3,2025-09-04,2025-12-04,838,0,246229000.0,63,,,50000.0
94106LBS7,2025-09-04,2025-12-04,2599,0,279887000.0,63,,,22000.0
94106LBT5,2025-09-04,2025-12-04,1946,0,267626000.0,63,,,25000.0
94106LBW8,2025-09-04,2025-12-04,3648,0,267682000.0,63,,,13000.0
94106LBY4,2025-09-04,2025-12-04,2453,0,220931000.0,64,,,20000.0
94106LCD9,2025-09-04,2025-12-04,1187,0,265828000.0,63,,,25000.0
94106LCE7,2025-09-04,2025-12-04,2196,0,1323981000.0,63,,,30000.0
94106LCF4,2025-09-04,2025-12-04,955,0,812788000.0,62,,,200000.0
94973VAY3,2025-09-04,2025-12-04,277,0,136239000.0,49,,,110000.0
94973VBB2,2025-09-04,2025-12-04,336,0,155723000.0,59,,,99500.0
94973VBK2,2025-09-04,2025-12-04,223,0,107325000.0,46,,,82000.0
949746RF0,2025-09-04,2025-12-04,2113,0,407191000.0,65,,,26000.0
94974BFP0,2025-09-04,2025-12-04,2631,0,281967000.0,63,,,25000.0
94974BGE4,2025-09-04,2025-12-04,754,0,257988000.0,64,,,55000.0
94974BGK0,2025-09-04,2025-12-04,808,0,379754000.0,63,,,55000.0
94974BGQ7,2025-09-04,2025-12-04,1471,0,603068000.0,64,,,38000.0
94974BGT1,2025-09-04,2025-12-04,996,0,380093000.0,64,,,45000.0
94974BGU8,2025-09-04,2025-12-04,1179,0,432531000.0,64,,,80000.0
95000U2G7,2025-09-04,2025-12-04,3914,0,630263000.0,63,,,8000.0
95000U2J1,2025-09-04,2025-12-04,1864,0,643496000.0,63,,,7000.0
95000U2L6,2025-09-04,2025-12-04,1429,0,308757000.0,63,,,25000.0
95000U2M4,2025-09-04,2025-12-04,1545,0,987499000.0,65,,,135000.0
95000U2Q5,2025-09-04,2025-12-04,634,0,733951300.0,62,,,245000.0
95000U2U6,2025-09-04,2025-12-04,3048,0,893983000.0,64,,,15000.0
95000U2Z5,2025-09-04,2025-12-04,767,0,841443000.0,64,,,200000.0
95000U3B7,2025-09-04,2025-12-04,7026,0,810750750.0,63,,,4000.0
95000U3D3,2025-09-04,2025-12-04,1592,0,774084000.0,63,,,50000.0
95000U3F8,2025-09-04,2025-12-04,4775,0,1223201000.0,63,,,6000.0
95000U3H4,2025-09-04,2025-12-04,2834,0,591401000.0,64,,,9000.0
95000U3K7,2025-09-04,2025-12-04,1568,0,799039000.0,64,,,50000.0
95000U3N1,2025-09-04,2025-12-04,1995,0,824480000.0,63,,,20000.0
95000U3P6,2025-09-04,2025-12-04,3878,0,608503000.0,65,,,4000.0
95000U3V3,2025-09-04,2025-12-04,1620,3,3126842000.0,65,,,200000.0
95000U3W1,2025-09-04,2025-12-04,2116,0,3407916000.0,64,,,79000.0
95000U4B6,2025-09-04,2025-12-04,3080,8,9286942000.0,61,,,247000.0
95040QAJ3,2025-09-04,2025-12-04,566,0,154953000.0,61,,,45000.0
95040QAM6,2025-09-04,2025-12-04,881,0,174425000.0,63,,,25000.0
95041AAF5,2025-09-04,2025-12-04,2399,0,355987000.0,63,,,10000.0
95041AAG3,2025-09-04,2025-12-04,997,0,949331000.0,63,,,175000.0
958667AA5,2025-09-04,2025-12-04,508,0,573857000.0,61,,,156000.0
958667AC1,2025-09-04,2025-12-04,1166,0,262242000.0,63,,,25000.0
958667AE7,2025-09-04,2025-12-04,788,0,260612000.0,61,,,40500.0
958667AG2,2025-09-04,2025-12-04,1290,0,432853000.0,63,,,28000.0
960386AT7,2025-09-04,2025-12-04,567,0,384580000.0,61,,,200000.0
961214EG4,2025-09-04,2025-12-04,228,0,83554000.0,43,,,70000.0
961214EL3,2025-09-04,2025-12-04,233,0,84840000.0,50,,,100000.0
961214EQ2,2025-09-04,2025-12-04,155,0,47131000.0,40,,,50000.0
961214ET6,2025-09-04,2025-12-04,508,0,177013000.0,62,,,80000.0
961214EY5,2025-09-04,2025-12-04,239,0,82113000.0,54,,,95000.0
961214FP3,2025-09-04,2025-12-04,722,0,134805000.0,63,,,25000.0
961214GC1,2025-09-04,2025-12-04,413,0,275378000.0,54,,,55000.0
962166BX1,2025-09-04,2025-12-04,1093,0,144078000.0,62,,,25000.0
962166BY9,2025-09-04,2025-12-04,1233,0,129552000.0,63,,,24000.0
969457BX7,2025-09-04,2025-12-04,1747,0,423736000.0,63,,,20000.0
969457BY5,2025-09-04,2025-12-04,1534,0,388488000.0,63,,,20000.0
969457BZ2,2025-09-04,2025-12-04,1970,0,196687000.0,63,,,20000.0
969457CA6,2025-09-04,2025-12-04,147,0,74706000.0,44,,,114000.0
969457CJ7,2025-09-04,2025-12-04,602,0,80371000.0,63,,,15000.0
969457CN8,2025-09-04,2025-12-04,510,0,494888000.0,60,,,347000.0
969457CP3,2025-09-04,2025-12-04,932,0,312139000.0,62,,,20000.0
969457CR9,2025-09-04,2025-12-04,2541,0,532700000.0,63,,,12000.0
969457CS7,2025-09-04,2025-12-04,1094,0,708985000.0,63,,,65000.0
96949LAC9,2025-09-04,2025-12-04,469,0,311996000.0,58,,,167000.0
96949LAE5,2025-09-04,2025-12-04,183,0,77812000.0,43,,,85000.0
96950FAF1,2025-09-04,2025-12-04,487,0,193381000.0,52,,,30000.0
970648AM3,2025-09-04,2025-12-04,832,0,139964000.0,63,,,15500.0
970648AN1,2025-09-04,2025-12-04,285,0,193760000.0,55,,,190000.0
980236AR4,2025-09-04,2025-12-04,821,0,485229000.0,65,,,100000.0
980236AS2,2025-09-04,2025-12-04,272,0,240388000.0,48,,,113000.0
980236AT0,2025-09-04,2025-12-04,689,0,339135000.0,62,,,70000.0
980236AV5,2025-09-04,2025-12-04,728,0,612814000.0,62,,,89000.0
98138HAJ0,2025-09-04,2025-12-04,1153,0,328972000.0,63,,,26000.0
983024AG5,2025-09-04,2025-12-04,517,0,114479000.0,63,,,15000.0
983024AN0,2025-09-04,2025-12-04,1287,0,346947000.0,64,,,25000.0
98389BBA7,2025-09-04,2025-12-04,1211,0,452031000.0,63,,,30000.0
98389BBB5,2025-09-04,2025-12-04,528,0,506281000.0,61,,,30000.0
98389BBE9,2025-09-04,2025-12-04,1233,0,829108000.0,63,,,25000.0
983919AK7,2025-09-04,2025-12-04,539,0,229008000.0,61,,,100000.0
98956PAV4,2025-09-04,2025-12-04,525,0,157135000.0,62,,,50000.0
98978VAH6,2025-09-04,2025-12-04,238,0,79172000.0,52,,,100000.0
98978VAS2,2025-09-04,2025-12-04,663,0,118910000.0,63,,,30000.0
98978VAV5,2025-09-04,2025-12-04,958,0,114451000.0,63,,,25000.0
98978VAX1,2025-09-04,2025-12-04,1237,0,656179000.0,64,,,52000.0
