bond_id,Name,Sector,Coupon (%),Maturity,Par Value,Weight_Renorm,Liquidity_Score,xfund_par,xfund_par_share,xfund_source
0,ANHEUSER-BUSCH COMPANIES LLC,Consumer Non-Cyclical,4.9,2046-02-01,69707000,0.0018495204827492268,1.0,3047000.0,0.0022787871897601945,QLTA
1,CVS HEALTH CORP,Consumer Non-Cyclical,5.05,2048-03-25,62588000,0.0015916071786944268,0.9864901997630411,145000.0,0.0023839273970801,LQDB
2,T-MOBILE USA INC,Communications,3.88,2030-04-15,54674000,0.0015566478363088737,0.9695369450876746,145000.0,0.0023839273970801,LQDB
3,GOLDMAN SACHS GROUP INC/THE,Banking,6.75,2037-10-01,46448000,0.001488542604456903,0.9490886350299382,105000.0,0.0017262922530580035,LQDB
4,META PLATFORMS INC,Communications,4.88,2035-11-15,52873000,0.0014821955192399294,0.9653363612273722,2688000.0,0.002010298643280408,QLTA
5,AMAZON.COM INC,Consumer Cyclical,4.88,2036-03-13,51138000,0.001460534831594702,0.9611521448174296,1989000.0,0.0014875312505523554,QLTA
6,META PLATFORMS INC,Communications,6.3,2056-05-15,50469000,0.0014158029929226975,0.959500706299308,2050000.0,0.0015331518670851324,QLTA
7,META PLATFORMS INC,Communications,5.63,2055-11-15,55418000,0.0014136872978503731,0.9712319752498177,2221000.0,0.0016610391691688191,QLTA
8,PFIZER INVESTMENT ENTERPRISES PTE,Consumer Non-Cyclical,5.3,2053-05-19,52677000,0.001409455907705724,0.9648706121772298,2065000.0,0.0015443700514784383,QLTA
9,SPACE EXPLORATION TECHNOLOGIES COR 144A,Communications,5.88,2036-07-15,49359000,0.0013681494801031976,0.9567117471546198,150000.0,0.002466131790082862,LQDB
10,PFIZER INVESTMENT ENTERPRISES PTE,Consumer Non-Cyclical,4.75,2033-05-19,46047000,0.0013293617371105812,0.9480012521732045,1735000.0,0.0012975699948257096,QLTA
11,BOEING CO,Capital Goods,5.8,2050-05-01,46462000,0.001316264577139048,0.9491264287136182,115000.0,0.0018907010390635276,LQDB
12,SPACE EXPLORATION TECHNOLOGIES COR 144A,Communications,5.65,2033-07-15,46263000,0.001308507028540525,0.9485881458599248,150000.0,0.002466131790082862,LQDB
13,META PLATFORMS INC,Communications,5.25,2036-05-15,45231000,0.001293898657803046,0.9457589751955363,1145000.0,0.000856321408689013,QLTA
14,ANHEUSER-BUSCH COMPANIES LLC,Consumer Non-Cyclical,4.7,2036-02-01,45138000,0.0012904732467335684,0.9455008578023817,1884000.0,0.0014090039597992143,QLTA
15,SPACE EXPLORATION TECHNOLOGIES COR 144A,Communications,5.35,2031-07-15,44200000,0.0012658908849408452,0.9428673402515396,,,
16,BANK OF AMERICA CORP MTN,Banking,5.47,2035-01-23,41367000,0.0012515847563565553,0.9345601783066544,1260000.0,0.0009423274890376912,QLTA
17,AT&T INC,Communications,3.55,2055-09-15,67814000,0.001245539913292771,0.9965472695928845,170000.0,0.00279494936209391,LQDB
18,WELLS FARGO & COMPANY MTN,Banking,5.01,2051-04-04,47384000,0.0012223680148815976,0.9515906674112401,1867000.0,0.0013962900174868012,QLTA
19,WELLS FARGO & COMPANY MTN,Banking,4.9,2033-07-25,41234000,0.0012141067293610923,0.9341563280565677,1555000.0,0.0011629517821060396,QLTA
20,AMAZON.COM INC,Consumer Cyclical,5.8,2056-03-13,43019000,0.0012032260118462804,0.9394709390636267,1919000.0,0.0014351797233835947,QLTA
21,BANK OF AMERICA CORP MTN,Banking,5.29,2034-04-25,39821000,0.0011817668189698458,0.929783524214717,1245000.0,0.0009311093046443853,QLTA
22,NVIDIA CORPORATION,Technology,4.95,2036-06-15,41186000,0.0011738077756025297,0.9340102576220224,1950000.0,0.0014583639711297602,QLTA
23,ORACLE CORPORATION,Technology,5.7,2036-02-04,41827000,0.0011596023944026364,0.9359470104426952,15000.0,0.0002466131790082862,LQDB
24,BANK OF AMERICA CORP MTN,Banking,4.08,2051-03-20,50840000,0.00115950164701824,0.9604192111780344,1258000.0,0.0009408317311185837,QLTA
25,ABBVIE INC,Consumer Non-Cyclical,3.2,2029-11-21,41125000,0.0011526508248792845,0.9338243806104571,1805000.0,0.0013499215219944702,QLTA
26,ANHEUSER-BUSCH INBEV WORLDWIDE INC,Consumer Non-Cyclical,5.55,2049-01-23,39922000,0.0011429790759772294,0.9301011989530114,1360000.0,0.0010171153849930635,QLTA
27,AT&T INC,Communications,3.5,2053-09-15,61689000,0.0011424753390552474,0.9846758118202784,165000.0,0.002712744969091148,LQDB
28,AMAZON.COM INC,Consumer Cyclical,4.25,2031-03-13,39366000,0.0011381432015262019,0.9283423518320053,1740000.0,0.0013013093896234783,QLTA
29,ORACLE CORPORATION,Technology,6.7,2056-02-04,43322000,0.0011349192852255169,0.9403511382889214,25000.0,0.00041102196501381036,LQDB
30,BANK OF AMERICA CORP MTN,Banking,5.01,2033-07-22,39178000,0.0011345162956879313,0.9277420090286734,1200000.0,0.0008974547514644678,QLTA
31,NVIDIA CORPORATION,Technology,4.5,2031-06-15,38988000,0.0011302849055432821,0.9271323455034662,1950000.0,0.0014583639711297602,QLTA
32,SALESFORCE INC,Technology,5.55,2036-03-15,38633000,0.0011271617366269936,0.9259852335837176,1495000.0,0.0011180790445328161,QLTA
33,CVS HEALTH CORP,Consumer Non-Cyclical,4.78,2038-03-25,41148000,0.0011221243674071734,0.9338944977448396,125000.0,0.0020551098250690516,LQDB
34,BANK OF AMERICA CORP,Banking,2.3,2032-07-21,42946000,0.001099254711149189,0.939257951158519,950000.0,0.000710485011576037,QLTA
35,MORGAN STANLEY MTN,Banking,5.3,2037-04-10,37795000,0.0010923031416258371,0.9232350443762004,685000.0,0.0005122970872943004,QLTA
36,ABBVIE INC,Consumer Non-Cyclical,4.25,2049-11-21,46644000,0.0010813216767266288,0.9496167129354293,2015000.0,0.0015069761035007522,QLTA
37,AMGEN INC,Consumer Non-Cyclical,5.25,2033-03-02,35637000,0.001069735727521042,0.915862034768894,135000.0,0.0022195186110745757,LQDB
38,BANK OF AMERICA CORP MTN,Banking,2.69,2032-04-22,40405000,0.0010693327379834563,0.9316093486885515,1220000.0,0.0009124123306555423,QLTA
39,JPMORGAN CHASE & CO,Banking,2.96,2033-01-25,39686000,0.0010548251146303739,0.9293576489033578,710000.0,0.0005309940612831434,QLTA
40,JPMORGAN CHASE & CO,Banking,5.35,2034-06-01,35524000,0.0010513997035608961,0.9154637530149048,990000.0,0.0007404001699581859,QLTA
41,WELLS FARGO & COMPANY MTN,Banking,5.56,2034-07-25,34513000,0.0010490825137197787,0.9118429288608578,1685000.0,0.0012601760468480235,QLTA
42,GOLDMAN SACHS GROUP INC/THE MTN,Banking,5.66,2037-07-21,35793000,0.0010473698081850398,0.9164098048197686,1350000.0,0.0010096365953975262,QLTA
43,META PLATFORMS INC,Communications,6.2,2046-05-15,36378000,0.0010354816168262639,0.9184428933951143,1015000.0,0.000759097143947029,QLTA
44,GOLDMAN SACHS GROUP INC/THE MTN,Banking,5.24,2032-07-21,35368000,0.001033567416522732,0.9149118259190161,1350000.0,0.0010096365953975262,QLTA
45,GOLDMAN SACHS GROUP INC/THE,Banking,5.07,2037-01-21,36775000,0.001027824815612137,0.9198040756357022,1355000.0,0.0010133759901952949,QLTA
46,META PLATFORMS INC,Communications,5.75,2065-11-15,40631000,0.0010202687617824066,0.9323088446546425,1560000.0,0.001166691176903808,QLTA
47,ALPHABET INC,Technology,4.8,2036-02-15,35445000,0.0010175485824037037,0.9151845550618904,1575000.0,0.001177909361297114,QLTA
48,VERIZON COMMUNICATIONS INC,Communications,2.36,2032-03-15,39648000,0.0010121082236462975,0.9292375115879561,120000.0,0.0019729054320662895,LQDB
49,CITIGROUP INC,Banking,4.41,2031-03-31,34782000,0.0010093880442675948,0.9128165863471577,1368000.0,0.0010230984166694932,QLTA
50,MORGAN STANLEY MTN,Banking,5.07,2037-01-30,34798000,0.0010004215270563144,0.9128742615606593,895000.0,0.0006693516688005822,QLTA
51,META PLATFORMS INC,Communications,5.5,2045-11-15,38062000,0.0009985073267527829,0.9241178620857259,1540000.0,0.0011517335977127337,QLTA
52,BANK OF AMERICA CORP MTN,Banking,5.04,2037-02-06,34476000,0.0009982050845995937,0.9117084123602464,855000.0,0.0006394365104184333,QLTA
53,ABBOTT LABORATORIES,Consumer Non-Cyclical,5.5,2056-03-15,35279000,0.0009948804209145123,0.9145958527856167,1285000.0,0.0009610244630265342,QLTA
54,AT&T INC,Communications,3.65,2059-09-15,54458000,0.0009939736944549445,0.9690405175679021,115000.0,0.0018907010390635276,LQDB
55,JPMORGAN CHASE & CO MTN,Banking,4.62,2032-04-23,34253000,0.0009921602415358091,0.9108946080100762,660000.0,0.0004936001133054573,QLTA
56,PFIZER INVESTMENT ENTERPRISES PTE,Consumer Non-Cyclical,5.34,2063-05-19,37729000,0.0009855109141656464,0.9230158584285089,1371000.0,0.0010253420535481545,QLTA
57,AMGEN INC,Consumer Non-Cyclical,5.65,2053-03-02,35077000,0.0009853094193968536,0.9138757324627638,135000.0,0.0022195186110745757,LQDB
58,WELLS FARGO & COMPANY MTN,Banking,3.35,2033-03-02,36057000,0.0009729174911160956,0.9173313842099237,1420000.0,0.0010619881225662868,QLTA
59,SALESFORCE INC,Technology,4.9,2031-09-15,33070000,0.0009708017960437711,0.906486830801816,1270000.0,0.0009498062786332284,QLTA
60,ALPHABET INC,Technology,5.65,2056-02-15,34116000,0.000958107625609824,0.9103920160167492,1380000.0,0.001032072964184138,QLTA
61,ORACLE CORPORATION,Technology,5.2,2035-09-26,35886000,0.0009572008991502562,0.9167352253133044,75000.0,0.001233065895041431,LQDB
62,NVIDIA CORPORATION,Technology,5.63,2056-06-15,34617000,0.000956898656997067,0.9122202583564386,1530000.0,0.0011442548081171964,QLTA
63,ABBOTT LABORATORIES,Consumer Non-Cyclical,4.65,2036-03-15,33695000,0.0009566971622282742,0.908834827573599,1180000.0,0.0008824971722733933,QLTA
64,AMAZON.COM INC,Consumer Cyclical,4.55,2033-03-13,32904000,0.0009469246659418229,0.9058557429309386,715000.0,0.0005347334560809121,QLTA
65,MORGAN STANLEY MTN,Banking,4.71,2032-03-12,32394000,0.000942995517950363,0.9038967504340422,895000.0,0.0006693516688005822,QLTA
66,WELLS FARGO & COMPANY (FXD-FRN) MTN,Banking,4.96,2037-01-23,32742000,0.0009415850545688132,0.905236784799592,1140000.0,0.0008525820138912444,QLTA
67,GOLDMAN SACHS GROUP INC/THE,Banking,3.1,2033-02-24,35247000,0.0009363461905802001,0.9144820496049426,1435000.0,0.0010732063069595927,QLTA
68,ALPHABET INC,Technology,5.45,2055-11-15,34804000,0.0009353387167362361,0.91289588292909,1383000.0,0.0010343166010627991,QLTA
69,JPMORGAN CHASE & CO MTN,Banking,5.15,2037-04-23,32394000,0.0009353387167362361,0.9038967504340422,495000.0,0.00037020008497909294,QLTA
70,WELLS FARGO & COMPANY,Banking,6.49,2034-10-23,29489000,0.0009347342324298576,0.8921139711279585,1340000.0,0.001002157805801989,QLTA
71,SALESFORCE INC,Technology,6.55,2056-03-15,32352000,0.0009308050844383977,0.9037340494973056,1275000.0,0.000953545673430997,QLTA
72,BOEING CO,Capital Goods,5.15,2030-05-01,31198000,0.0009279841576752984,0.8991790153039546,105000.0,0.0017262922530580035,LQDB
73,JPMORGAN CHASE & CO,Banking,4.91,2033-07-25,31337000,0.0009267751890625416,0.8997365167603679,1060000.0,0.0007927516971269465,QLTA
74,GOLDMAN SACHS GROUP INC/THE MTN,Banking,6.21,2057-07-21,31545000,0.000926372199524956,0.9005661616026487,1215000.0,0.0009086729358577737,QLTA
75,MICROSOFT CORPORATION,Technology,2.92,2052-03-17,51428000,0.0009236520201462529,0.9618613132271924,2199000.0,0.001644585832058637,QLTA
76,AT&T INC,Communications,3.8,2057-12-01,48890000,0.0009168011980072973,0.9555144508343458,140000.0,0.0023017230040773377,LQDB
77,ORACLE CORPORATION,Technology,4.95,2031-02-04,31830000,0.0009124690604782518,0.9016940950111078,25000.0,0.00041102196501381036,LQDB
78,JPMORGAN CHASE & CO,Banking,6.4,2038-05-15,28640000,0.0009124690604782518,0.8884504443747311,622000.0,0.0004651807128424158,QLTA
79,DEUTSCHE TELEKOM INTERNATIONAL FIN,Communications,8.75,2030-06-15,27672000,0.0009098496284839452,0.884138523004425,,,
80,AMAZON.COM INC,Consumer Cyclical,5.3,2036-07-09,31366000,0.0009089429020243775,0.8998525181932688,1225000.0,0.0009161517254533108,QLTA
81,AMAZON.COM INC,Consumer Cyclical,6.1,2056-07-09,31640000,0.0009052152488017106,0.9009432677288272,1225000.0,0.0009161517254533108,QLTA
82,META PLATFORMS INC,Communications,4.6,2032-11-15,31647000,0.0009041070275733501,0.9009710096911454,1340000.0,0.001002157805801989,QLTA
83,BANK OF AMERICA CORP MTN,Banking,5.87,2034-09-15,29324000,0.0009037040380357645,0.891410307026041,895000.0,0.0006693516688005822,QLTA
84,WELLS FARGO & COMPANY MTN,Banking,5.15,2031-04-23,30117000,0.0008958457420528448,0.894756619501812,1270000.0,0.0009498062786332284,QLTA
85,META PLATFORMS INC,Communications,6.45,2066-05-15,32050000,0.0008942337839025023,0.9025578948831195,1385000.0,0.0010358123589819066,QLTA
86,JPMORGAN CHASE & CO,Banking,5.57,2036-04-22,29672000,0.0008882896882231144,0.8928898083532565,834000.0,0.0006237310522678051,QLTA
87,MICROSOFT CORPORATION,Technology,2.52,2050-06-01,53079000,0.000884461287616051,0.9658240157468344,2030000.0,0.001518194287894058,QLTA
88,HONEYWELL AEROSPACE INC 144A,Capital Goods,5.73,2056-03-16,30725000,0.0008818418556217443,0.8972631223336294,1320000.0,0.0009872002266109146,QLTA
89,HONEYWELL AEROSPACE INC 144A,Capital Goods,4.95,2036-03-16,30460000,0.000876300749479942,0.8961768035972212,1498000.0,0.0011203226814114774,QLTA
90,BANK OF AMERICA CORP MTN,Banking,2.68,2041-06-19,42114000,0.0008760992547111491,0.9368045676381603,1170000.0,0.0008750183826778561,QLTA
91,BANK OF AMERICA CORP MTN,Banking,5.51,2036-01-24,28936000,0.0008746887913295994,0.8897399038343684,720000.0,0.0005384728508786807,QLTA
92,GOLDMAN SACHS GROUP INC (FXD-FRN),Banking,4.52,2032-01-21,30781000,0.000873580570101239,0.8974914845808518,1155000.0,0.0008638001982845502,QLTA
93,GOLDMAN SACHS GROUP INC/THE MTN,Banking,4.97,2032-06-03,29686000,0.0008630020947396163,0.8929489648475663,990000.0,0.0007404001699581859,QLTA
94,NVIDIA CORPORATION,Technology,4.75,2033-06-15,29938000,0.0008626998525864271,0.894009037579825,1225000.0,0.0009161517254533108,QLTA
95,BOEING CO,Capital Goods,5.93,2060-05-01,30633000,0.000860684904898499,0.8968870506774563,90000.0,0.0014796790740497171,LQDB
96,ASTRAZENECA PLC,Consumer Non-Cyclical,6.45,2037-09-15,26456000,0.0008591736941325528,0.8785029469317552,956000.0,0.0007149722853333593,QLTA
97,META PLATFORMS INC,Communications,4.2,2030-11-15,29899000,0.0008587707045949672,0.8938455636503733,1235000.0,0.0009236305150488481,QLTA
98,JPMORGAN CHASE & CO,Banking,5.77,2035-04-22,28197000,0.0008579647255197961,0.886495497233852,725000.0,0.0005422122456764493,QLTA
99,MORGAN STANLEY MTN,Banking,5.32,2035-07-19,29597000,0.0008576624833666068,0.8925724225181195,795000.0,0.0005945637728452099,QLTA
100,NVIDIA CORPORATION,Technology,5.55,2046-06-15,30710000,0.0008566550095226427,0.8972018831982965,1425000.0,0.0010657275173640555,QLTA
101,ABBVIE INC,Consumer Non-Cyclical,4.05,2039-11-21,33691000,0.0008522221246092008,0.9088199393130949,1455000.0,0.0010881638861506672,QLTA
102,ALPHABET INC,Technology,4.7,2035-11-15,30015000,0.0008483937240021373,0.8943311694464816,935000.0,0.0006992668271827312,QLTA
103,AMAZON.COM INC,Consumer Cyclical,4.65,2035-11-20,30193000,0.0008459757867766237,0.8950726857626722,1040000.0,0.0007777941179358721,QLTA
104,WELLS FARGO & COMPANY MTN,Banking,5.39,2034-04-24,28427000,0.0008458750393922274,0.887514284068596,1365000.0,0.001020854779790832,QLTA
105,BANK OF AMERICA CORP MTN,Banking,4.57,2033-04-27,29487000,0.0008456735446234345,0.8921054654619116,845000.0,0.0006319577208228961,QLTA
106,AT&T INC,Communications,2.55,2033-12-01,34613000,0.0008430541126291279,0.912205766657431,130000.0,0.0021373142180718136,LQDB
107,AMAZON.COM INC,Consumer Cyclical,4.8,2031-07-09,28926000,0.000841845144016371,0.8896965567183348,1225000.0,0.0009161517254533108,QLTA
108,BANK OF AMERICA CORP (FXD-FRN) MTN,Banking,4.7,2032-04-23,28978000,0.0008417443966319746,0.8899217982850909,900000.0,0.0006730910635983509,QLTA
109,GOLDMAN SACHS GROUP INC/THE,Banking,5.02,2035-10-23,29316000,0.0008389234698688752,0.8913760894159657,1042000.0,0.0007792898758549795,QLTA
110,PFIZER INC,Consumer Non-Cyclical,7.2,2039-03-15,24084000,0.0008277405102008742,0.8667227575339902,872000.0,0.0006521504527308466,QLTA
111,MORGAN STANLEY MTN,Banking,5.25,2034-04-21,27830000,0.0008191769825271795,0.8848525313237111,877000.0,0.0006558898475286152,QLTA
112,WELLS FARGO & COMPANY MTN,Banking,3.07,2041-04-30,37290000,0.0008189754877583868,0.9215481092299712,1033000.0,0.000772558965218996,QLTA
113,META PLATFORMS INC,Communications,4.55,2031-05-15,28091000,0.0008144418554605485,0.8860231686746667,985000.0,0.0007366607751604173,QLTA
114,AERCAP IRELAND CAPITAL DAC,Finance Companies,3.3,2032-01-30,30084000,0.0008113186865442599,0.8946191317777085,,,
115,BANK OF AMERICA CORP MTN,Banking,2.5,2031-02-13,29793000,0.0008102104653158995,0.8934001701896553,905000.0,0.0006768304583961195,QLTA
116,JPMORGAN CHASE & CO,Banking,5.29,2035-07-22,27687000,0.000805878327786854,0.8842064835220732,790000.0,0.0005908243780474413,QLTA
117,GOLDMAN SACHS GROUP INC/THE,Banking,2.38,2032-07-21,31513000,0.0008057775804024575,0.9004388806349933,1357000.0,0.0010148717481144023,QLTA
118,JPMORGAN CHASE & CO,Banking,2.54,2032-11-08,31115000,0.0008052738434804756,0.8988449331064049,695000.0,0.0005197758768898376,QLTA
119,MORGAN STANLEY MTN,Banking,6.63,2034-11-01,25315000,0.0008037626327145295,0.8729742463874919,535000.0,0.0004001152433612419,QLTA
120,JPMORGAN CHASE & CO MTN,Banking,5.04,2032-07-23,27583000,0.0008029566536393581,0.8837345313032072,1005000.0,0.0007516183543514917,QLTA
121,HSBC HOLDINGS PLC,Banking,6.33,2044-03-09,25829000,0.0007998334847230696,0.8754950365478357,700000.0,0.0005235152716876062,QLTA
122,VERIZON COMMUNICATIONS INC,Communications,5.88,2055-11-30,28981000,0.000796710315806781,0.8899347806561042,40000.0,0.0006576351440220965,LQDB
123,MORGAN STANLEY MTN,Banking,4.89,2036-10-22,28278000,0.0007955013471940242,0.8868552322570419,780000.0,0.000583345588451904,QLTA
124,CITIBANK NA (FXD-FRN),Banking,4.85,2032-06-18,27298000,0.000793486399506096,0.8824320233228848,1250000.0,0.000934848699442154,QLTA
125,MORGAN STANLEY MTN,Banking,2.24,2032-07-21,31207000,0.0007926804204309247,0.8992151876577454,797000.0,0.0005960595307643174,QLTA
126,JPMORGAN CHASE & CO,Banking,2.58,2032-04-22,30061000,0.0007915721992025643,0.8945232177843929,795000.0,0.0005945637728452099,QLTA
127,MORGAN STANLEY (FXD-FRN) MTN,Banking,4.49,2032-01-16,27699000,0.0007879452933642937,0.8842608254317729,920000.0,0.0006880486427894253,QLTA
128,BANK OF AMERICA CORP MTN,Banking,2.97,2033-02-04,29703000,0.0007876430512111045,0.8930207602386568,1005000.0,0.0007516183543514917,QLTA
129,MORGAN STANLEY PRIVATE BANK NA,Banking,4.46,2031-11-19,27317000,0.0007845198822948158,0.882519279327972,975000.0,0.0007291819855648801,QLTA
130,VERIZON COMMUNICATIONS INC,Communications,2.55,2031-03-21,29561000,0.0007845198822948158,0.8924197915298304,191000.0,0.003140207812705511,LQDB
131,ORACLE CORPORATION,Technology,5.35,2033-05-04,27768000,0.0007826056819912841,0.8845728352658626,,,
132,ORACLE CORPORATION,Technology,2.95,2030-04-01,29306000,0.0007822026924536985,0.8913333042699921,105000.0,0.0017262922530580035,LQDB
133,SPACE EXPLORATION TECHNOLOGIES COR 144A,Communications,6.65,2056-07-15,29875000,0.000781094471225338,0.8937448582893374,100000.0,0.0016440878600552415,LQDB
134,CHARTER COMMUNICATIONS OPERATING L,Communications,6.48,2045-10-23,29598000,0.000776863081080689,0.8925766596172042,75000.0,0.001233065895041431,LQDB
135,GOLDMAN SACHS GROUP INC/THE,Banking,4.94,2036-10-21,27558000,0.0007764600915431034,0.8836208159654909,1040000.0,0.0007777941179358721,QLTA
136,JPMORGAN CHASE & CO,Banking,5.34,2035-01-23,25827000,0.0007759563546211214,0.8754853255721342,719000.0,0.0005377249719191269,QLTA
137,MORGAN STANLEY MTN,Banking,5.83,2035-04-19,25509000,0.0007736391647800039,0.8739316358471746,765000.0,0.0005721274040585982,QLTA
138,CITIGROUP INC (FXD-FRN),Banking,4.5,2031-09-11,26417000,0.0007686017955601836,0.8783179415432675,855000.0,0.0006394365104184333,QLTA
139,MORGAN STANLEY MTN,Banking,2.7,2031-01-22,28393000,0.0007672920795630304,0.887364201109289,851000.0,0.0006364449945802184,QLTA
140,MORGAN STANLEY MTN,Banking,4.81,2032-04-16,26366000,0.0007672920795630304,0.878075598874687,910000.0,0.000680569853193888,QLTA
141,GOLDMAN SACHS GROUP INC/THE,Banking,5.54,2036-01-28,25593000,0.0007671913321786339,0.8743439188443242,893000.0,0.0006678559108814748,QLTA
142,GOLDMAN SACHS GROUP INC/THE,Banking,6.25,2041-02-01,24596000,0.0007663853531034627,0.8693608441538716,747000.0,0.0005586655827866312,QLTA
143,WELLS FARGO & COMPANY MTN,Banking,5.24,2031-01-24,25280000,0.0007641689106467418,0.8728007405230662,1070000.0,0.0008002304867224838,QLTA
144,JPMORGAN CHASE & CO,Banking,5.5,2036-01-24,25244000,0.0007629599420339849,0.8726220265570563,649000.0,0.00048537344475036635,QLTA
145,VERIZON COMMUNICATIONS INC,Communications,3.55,2051-03-22,38502000,0.0007623554577276065,0.925559268624773,115000.0,0.0018907010390635276,LQDB
146,SALESFORCE INC,Technology,5.2,2033-03-15,25907000,0.0007601390152708855,0.8758731792547672,843000.0,0.0006304619629037886,QLTA
147,ORACLE CORPORATION,Technology,4.8,2032-09-26,27732000,0.0007599375205020926,0.8844101443801516,120000.0,0.0019729054320662895,LQDB
148,BANK OF AMERICA CORP (FXD-FRN) MTN,Banking,4.46,2032-02-06,26001000,0.0007562098672794257,0.876327379827313,810000.0,0.0006057819572385158,QLTA
149,COMCAST CORPORATION,Communications,2.94,2056-11-01,49778000,0.0007556053829730472,0.9577718170014294,1993000.0,0.0014905227663905703,QLTA
150,JPMORGAN CHASE & CO,Banking,6.25,2034-10-23,24095000,0.0007543964143602904,0.8667800224405093,679000.0,0.000507809813536978,QLTA
151,GOLDMAN SACHS GROUP INC/THE,Banking,5.09,2034-04-20,25844000,0.0007501650242156412,0.8755678449063613,895000.0,0.0006693516688005822,QLTA
152,CITIGROUP INC,Banking,6.27,2033-11-17,24056000,0.0007495605399092628,0.8665768742136707,1090000.0,0.0008151880659135583,QLTA
153,MORGAN STANLEY (FXD-FRN) MTN,Banking,6.34,2033-10-18,23844000,0.0007470418552993527,0.8654667876955505,889000.0,0.0006648643950432599,QLTA
154,WELLS FARGO & COMPANY MTN,Banking,5.5,2035-01-23,24701000,0.0007468403605305599,0.8698950678035129,1041000.0,0.0007785419968954258,QLTA
155,MORGAN STANLEY MTN,Banking,5.59,2036-01-18,25418000,0.0007464373709929743,0.8734834610754681,765000.0,0.0005721274040585982,QLTA
156,MORGAN STANLEY PRIVATE BANK NA,Banking,4.73,2031-07-18,25818000,0.0007460343814553887,0.8754416168734118,670000.0,0.0005010789029009945,QLTA
157,JPMORGAN CHASE & CO,Banking,4.9,2037-01-22,26596000,0.0007442209285362534,0.8791648294762776,734000.0,0.0005489431563124328,QLTA
158,CITIGROUP INC (FX-FRN),Banking,3.79,2033-03-17,26877000,0.0007415007491575503,0.8804828719711972,1150000.0,0.0008600608034867816,QLTA
159,APPLE INC,Technology,4.65,2046-02-23,28430000,0.0007384783276256581,0.8875275180633828,1212000.0,0.0009064292989791125,QLTA
160,JPMORGAN CHASE & CO,Banking,3.96,2048-11-15,32718000,0.00073646337993773,0.9051448269291857,800000.0,0.0005983031676429785,QLTA
161,MORGAN STANLEY MTN,Banking,4.65,2030-10-18,25133000,0.0007352544113249732,0.8720693831093085,985000.0,0.0007366607751604173,QLTA
162,CITIGROUP INC,Banking,2.57,2031-06-03,27390000,0.0007333402110214414,0.8828539624897002,1248000.0,0.0009333529415230465,QLTA
163,BRISTOL-MYERS SQUIBB CO,Consumer Non-Cyclical,4.25,2049-10-26,31696000,0.0007326349793306667,0.9011650317833401,1222000.0,0.0009139080885746497,QLTA
164,ORACLE CORPORATION,Technology,2.88,2031-03-25,28362000,0.0007322319897930809,0.8872272040471384,140000.0,0.0023017230040773377,LQDB
165,CVS HEALTH CORP,Consumer Non-Cyclical,5.13,2045-07-20,28548000,0.0007321312424086845,0.8880469505072548,25000.0,0.00041102196501381036,LQDB
166,GOLDMAN SACHS GROUP INC/THE,Banking,2.62,2032-04-22,27867000,0.0007311237685647204,0.8850191499806592,1330000.0,0.0009946790162064518,QLTA
167,MORGAN STANLEY MTN,Banking,5.66,2036-04-17,24381000,0.0007294110630299816,0.8682598051221662,755000.0,0.000564648614463061,QLTA
168,AT&T INC,Communications,5.4,2034-02-15,24388000,0.0007294110630299816,0.86829580556454,55000.0,0.0009042483230303828,LQDB
169,ORANGE SA,Communications,8.5,2031-03-01,20934000,0.0007293103156455851,0.8491439953517936,45000.0,0.0007398395370248586,LQDB
170,GOLDMAN SACHS GROUP INC/THE,Banking,5.56,2045-11-19,26246000,0.0007286050839548103,0.8775035266891051,465000.0,0.00034776371619248125,QLTA
171,HOME DEPOT INC,Consumer Cyclical,5.88,2036-12-16,23705000,0.0007274968627264499,0.8647335778389454,1064000.0,0.0007957432129651615,QLTA
172,HSBC HOLDINGS PLC,Banking,5.28,2037-03-10,25097000,0.000726791631035675,0.8718896231165427,985000.0,0.0007366607751604173,QLTA
173,ABBVIE INC,Consumer Non-Cyclical,5.4,2054-03-15,26293000,0.000726791631035675,0.877727899286955,1035000.0,0.0007740547231381035,QLTA
174,BANK OF AMERICA CORP MTN,Banking,2.57,2032-10-20,27934000,0.0007255826624229182,0.8853203026204921,935000.0,0.0006992668271827312,QLTA
175,RAYTHEON TECHNOLOGIES CORPORATION,Capital Goods,4.5,2042-06-01,28314000,0.0007251796728853326,0.8870147838563593,50000.0,0.0008220439300276207,LQDB
176,META PLATFORMS INC,Communications,4.88,2033-05-15,25116000,0.0007242729464257648,0.8719845285544379,620000.0,0.00046368495492330836,QLTA
177,BRITISH TELECOMMUNICATIONS PLC,Communications,9.63,2030-12-15,20943000,0.0007236684621193865,0.8491978993028269,60000.0,0.0009864527160331447,LQDB
178,AMAZON.COM INC,Consumer Cyclical,5.95,2066-03-13,25842000,0.0007228624830442151,0.8755581395671816,1075000.0,0.0008039698815202524,QLTA
179,GLAXOSMITHKLINE CAPITAL INC,Consumer Non-Cyclical,6.38,2038-05-15,22630000,0.0007217542618158547,0.8589134720009373,1029000.0,0.0007695674493807811,QLTA
180,JPMORGAN CHASE & CO,Banking,4.49,2031-03-24,24671000,0.0007206460405874942,0.8697426645519757,800000.0,0.0005983031676429785,QLTA
181,AMGEN INC,Consumer Non-Cyclical,4.66,2051-06-15,29903000,0.0007201423036655122,0.8938623400177633,65000.0,0.0010686571090359068,LQDB
182,GOLDMAN SACHS GROUP INC (FXD-FRN),Banking,4.37,2031-10-21,25038000,0.0007172206295180165,0.8715944581306299,1280000.0,0.0009572850682287656,QLTA
183,BOEING CO,Capital Goods,5.71,2040-05-01,24343000,0.0007154071765988812,0.8680641936168793,77000.0,0.001265947652242536,LQDB
184,ALPHABET INC,Technology,4.1,2031-02-15,24633000,0.0007154071765988812,0.8695493541727286,1050000.0,0.0007852729075314093,QLTA
185,GOLDMAN SACHS GROUP INC/THE,Banking,5.22,2031-04-23,24073000,0.0007150041870612956,0.8666654664666228,1040000.0,0.0007777941179358721,QLTA
186,META PLATFORMS INC,Communications,5.4,2054-08-15,28380000,0.0007135937236797458,0.8873067689478596,1125000.0,0.0008413638294979386,QLTA
187,JPMORGAN CHASE & CO,Banking,4.95,2035-10-22,24746000,0.0007118810181450069,0.8701233259734568,634000.0,0.0004741552603570605,QLTA
188,JPMORGAN CHASE & CO,Banking,4.81,2036-10-22,25137000,0.0007101683126102679,0.8720893405456185,643000.0,0.000480886170993044,QLTA
189,VERIZON COMMUNICATIONS INC,Communications,3.4,2041-03-22,31903000,0.0007096645756882859,0.901981379602584,100000.0,0.0016440878600552415,LQDB
190,BP CAPITAL MARKETS AMERICA INC,Energy,4.81,2033-02-13,24118000,0.0007087578492287182,0.8668996737230346,805000.0,0.0006020425624407471,QLTA
191,WELLS FARGO & COMPANY MTN,Banking,5.61,2036-04-23,23653000,0.0007072466384627722,0.8644581779188298,1215000.0,0.0009086729358577737,QLTA
192,MORGAN STANLEY (FXD-FRN) MTN,Banking,4.36,2031-10-22,24621000,0.0007060376698500154,0.8694882468307241,760000.0,0.0005683880092608296,QLTA
193,GOLDMAN SACHS GROUP INC/THE,Banking,5.73,2056-01-28,24842000,0.0007060376698500154,0.870608892598233,893000.0,0.0006678559108814748,QLTA
194,VERIZON COMMUNICATIONS INC,Communications,4.02,2029-12-03,24491000,0.0007029145009337267,0.8688243350252253,25000.0,0.00041102196501381036,LQDB
195,CITIGROUP INC,Banking,5.17,2036-09-11,24127000,0.0007026122587805375,0.8669464627322344,910000.0,0.000680569853193888,QLTA
196,ORACLE CORPORATION,Technology,5.95,2055-09-26,29917000,0.0007025115113961411,0.8939210396364234,80000.0,0.001315270288044193,LQDB
197,ABBVIE INC,Consumer Non-Cyclical,5.05,2034-03-15,23622000,0.0007007988058614022,0.8642937089901453,1055000.0,0.0007890123023291779,QLTA
198,ORACLE CORPORATION,Technology,4.45,2030-09-26,24936000,0.0007000935741706273,0.871082528452877,,,
199,WELLS FARGO & COMPANY MTN,Banking,2.88,2030-10-30,25353000,0.0006998920794018346,0.8731623527828138,1170000.0,0.0008750183826778561,QLTA
200,PNC FINANCIAL SERVICES GROUP INC (,Banking,6.88,2034-10-20,21616000,0.0006993883424798524,0.8531644544655651,775000.0,0.0005796061936541355,QLTA
201,WELLS FARGO & COMPANY FX-FRN MTN,Banking,4.61,2053-04-25,28908000,0.0006960636787947711,0.8896184941324671,1101000.0,0.0008234147344686492,QLTA
202,AMAZON.COM INC,Consumer Cyclical,6.05,2076-03-13,24752000,0.0006943509732600322,0.8701537290299266,1070000.0,0.0008002304867224838,QLTA
203,CITIGROUP INC,Banking,2.56,2032-05-01,26406000,0.0006912278043437436,0.878265711152659,1140000.0,0.0008525820138912444,QLTA
204,GOLDMAN SACHS GROUP INC/THE MTN,Banking,5.42,2037-06-03,23897000,0.0006910263095749508,0.8657452318989959,705000.0,0.0005272546664853748,QLTA
205,BANK OF AMERICA CORP,Banking,3.31,2042-04-22,30746000,0.0006880038880430587,0.8973488069148319,850000.0,0.0006356971156206647,QLTA
206,JPMORGAN CHASE & CO,Banking,2.74,2030-10-15,24972000,0.0006875001511210766,0.8712634482344078,880000.0,0.0006581334844072764,QLTA
207,META PLATFORMS INC,Communications,4.75,2034-08-15,23895000,0.0006866941720459053,0.8657347357874943,1425000.0,0.0010657275173640555,QLTA
208,UNITEDHEALTH GROUP INC,Insurance,5.63,2054-07-15,24803000,0.0006844777295891844,0.8704118578486366,915000.0,0.0006843092479916566,QLTA
209,MORGAN STANLEY,Banking,3.62,2031-04-01,24323000,0.000684376982204788,0.8679611175085429,850000.0,0.0006356971156206647,QLTA
210,BAKER HUGHES HOLDINGS LLC,Energy,5.0,2036-06-15,24165000,0.0006837724978984095,0.8671438240968148,618000.0,0.00046218919700420093,QLTA
211,PFIZER INVESTMENT ENTERPRISES PTE,Consumer Non-Cyclical,5.11,2043-05-19,25109000,0.0006815560554416886,0.8719495717485954,985000.0,0.0007366607751604173,QLTA
212,MORGAN STANLEY MTN,Banking,5.52,2055-11-19,24812000,0.0006806493289821209,0.8704573548908097,750000.0,0.0005609092196652924,QLTA
213,VISA INC,Technology,4.3,2045-12-14,27754000,0.0006803470868289318,0.8845095916651536,1206000.0,0.0009019420252217901,QLTA
214,GOLDMAN SACHS GROUP INC/THE,Banking,2.65,2032-10-21,26182000,0.0006787351286785892,0.8771973511128424,1165000.0,0.0008712789878800875,QLTA
215,GOLDMAN SACHS GROUP INC/THE,Banking,5.33,2035-07-23,22794000,0.0006765186862218683,0.8598190252744925,1140000.0,0.0008525820138912444,QLTA
216,MORGAN STANLEY MTN,Banking,5.9,2047-03-13,23072000,0.0006761156966842827,0.8613392678549999,595000.0,0.00044498798093446526,QLTA
217,CITIGROUP INC,Banking,4.54,2030-09-19,23030000,0.0006754104649935079,0.8611107693888437,1045000.0,0.0007815335127336406,QLTA
218,ABBOTT LABORATORIES,Consumer Non-Cyclical,4.3,2033-03-15,23640000,0.0006738992542275618,0.8643892333366308,1010000.0,0.0007553577491492604,QLTA
219,NOVARTIS CAPITAL CORP,Consumer Non-Cyclical,4.9,2036-03-18,22861000,0.0006639252631723175,0.8601871037422055,710000.0,0.0005309940612831434,QLTA
220,AMGEN INC,Consumer Non-Cyclical,5.75,2063-03-02,23667000,0.0006608020942560288,0.8645323835660527,75000.0,0.001233065895041431,LQDB
221,BROADCOM INC,Technology,3.47,2034-04-15,25447000,0.0006604998521028396,0.873626459957148,470000.0,0.0003515031109902499,QLTA
222,GOLDMAN SACHS GROUP INC/THE,Banking,5.85,2035-04-25,21759000,0.0006592908834900828,0.8539913521353883,744000.0,0.00055642194590797,QLTA
223,ALPHABET INC,Technology,4.4,2033-02-15,22901000,0.0006585856517993079,0.8604063381674243,880000.0,0.0006581334844072764,QLTA
224,CITIGROUP INC,Banking,8.13,2039-07-15,18347000,0.0006582834096461187,0.8326016675641004,618000.0,0.00046218919700420093,QLTA
225,AMAZON.COM INC,Consumer Cyclical,4.05,2047-08-22,29030000,0.0006562684619581907,0.8901466360259005,1257000.0,0.0009400838521590301,QLTA
226,WELLS FARGO & COMPANY MTN,Banking,2.57,2031-02-11,24030000,0.000655361735498623,0.8664412590091792,903000.0,0.000675334700477012,QLTA
227,COMCAST CORPORATION,Communications,2.89,2051-11-01,41250000,0.0006549587459610373,0.9342049804174507,1670000.0,0.0012489578624547176,QLTA
228,JPMORGAN CHASE & CO (FXD-FRN),Banking,4.35,2032-01-22,22923000,0.0006503243662788026,0.8605267539362448,594000.0,0.0004442401019749116,QLTA
229,BANK OF AMERICA CORP MTN,Banking,2.59,2031-04-29,24070000,0.0006502236188944062,0.8666498370866119,764000.0,0.0005713795250990444,QLTA
230,CITIGROUP INC,Banking,3.06,2033-01-25,24308000,0.0006486116607440638,0.8678837547908581,1230000.0,0.0009198911202510794,QLTA
231,INTEL CORPORATION,Technology,5.2,2033-02-10,21619000,0.0006453877444433788,0.8531818580793524,55000.0,0.0009042483230303828,LQDB
232,VERIZON COMMUNICATIONS INC,Communications,5.25,2035-04-02,22076000,0.0006447832601370003,0.8558051941911113,95000.0,0.0015618834670524792,LQDB
233,AMAZON.COM INC,Consumer Cyclical,5.45,2055-11-20,24393000,0.0006444810179838111,0.8683215138404232,1120000.0,0.00083762443470017,QLTA
234,HSBC HOLDINGS PLC,Banking,5.4,2033-08-11,21440000,0.0006441787758306218,0.8521391920165935,781000.0,0.0005840934674114578,QLTA
235,AT&T INC,Communications,4.3,2030-02-15,22031000,0.0006437757862930362,0.8555493009648804,50000.0,0.0008220439300276207,LQDB
236,ALPHABET INC,Technology,5.7,2075-11-15,23908000,0.0006426675650646758,0.865802944814631,1003000.0,0.0007501225964323844,QLTA
237,AMGEN INC,Consumer Non-Cyclical,5.6,2043-03-02,22210000,0.0006409548595299368,0.8565641094990762,25000.0,0.00041102196501381036,LQDB
238,JPMORGAN CHASE & CO,Banking,2.52,2031-04-22,23633000,0.0006378316906136484,0.8643520936252753,650000.0,0.00048612132370992004,QLTA
239,GOLDMAN SACHS GROUP INC/THE,Banking,2.6,2030-02-07,23296000,0.0006373279536916663,0.8625509443355635,693000.0,0.0005182801189707302,QLTA
240,PFIZER INVESTMENT ENTERPRISES PTE,Consumer Non-Cyclical,4.65,2030-05-19,21714000,0.0006371264589228735,0.8537317270199274,1070000.0,0.0008002304867224838,QLTA
241,BOEING CO,Capital Goods,6.86,2054-05-01,19774000,0.000637025711538477,0.8419949268430644,65000.0,0.0010686571090359068,LQDB
242,T-MOBILE USA INC,Communications,5.05,2033-07-15,22052000,0.0006358167429257202,0.855668782785188,35000.0,0.0005754307510193344,LQDB
243,CITIBANK NA,Banking,4.91,2030-05-29,21486000,0.0006344062795441705,0.8524079684716543,875000.0,0.0006543940896095077,QLTA
244,BROADCOM INC,Technology,3.14,2035-11-15,25876000,0.0006328950687782244,0.8757230282705064,3440000.0,0.0025727036208648075,QLTA
245,TELEFONICA EMISIONES SAU,Communications,7.04,2036-06-20,19852000,0.0006320890897030531,0.8424886330342056,,,
246,META PLATFORMS INC,Communications,3.85,2032-08-15,22627000,0.0006281599417115932,0.8588968459487909,1010000.0,0.0007553577491492604,QLTA
247,GOLDMAN SACHS GROUP INC/THE,Banking,5.54,2047-01-21,23153000,0.0006276562047896112,0.8617787712037874,819000.0,0.0006125128678744992,QLTA
248,PHILIP MORRIS INTERNATIONAL INC,Consumer Non-Cyclical,5.38,2033-02-15,20659000,0.0006273539626364219,0.8474856597625657,824000.0,0.0006162522626722679,QLTA
249,PACIFIC GAS AND ELECTRIC COMPANY,Electric,4.55,2030-07-01,21845000,0.0006265479835612508,0.854486034386427,85000.0,0.001397474681046955,LQDB
250,CISCO SYSTEMS INC,Technology,4.95,2031-02-26,20848000,0.0006262457414080616,0.8486277412862441,745000.0,0.0005571698248675237,QLTA
251,MICROSOFT CORPORATION,Technology,2.67,2060-06-01,40669000,0.0006255405097172867,0.9324260768040308,1363000.0,0.0010193590218717248,QLTA
252,AT&T INC,Communications,2.75,2031-06-01,23612000,0.0006253390149484939,0.8642406084515413,160000.0,0.002630540576088386,LQDB
253,BOEING CO,Capital Goods,6.53,2034-05-01,19619000,0.0006249360254109083,0.8410080373430379,80000.0,0.001315270288044193,LQDB
254,BRISTOL-MYERS SQUIBB CO,Consumer Non-Cyclical,5.55,2054-02-22,22155000,0.000623122572491773,0.8562531698736218,935000.0,0.0006992668271827312,QLTA
255,MORGAN STANLEY,Banking,5.47,2035-01-18,21263000,0.0006221150986478089,0.8510995806672779,620000.0,0.00046368495492330836,QLTA
256,BANCO SANTANDER SA,Banking,6.92,2033-08-08,19246000,0.0006213091195726376,0.8386008098250564,,,
257,ORACLE CORPORATION,Technology,6.85,2066-02-04,23717000,0.0006180852032719526,0.8647970458712465,,,
258,HSBC HOLDINGS PLC,Banking,2.8,2032-05-24,23452000,0.0006175814663499707,0.8633879276881111,975000.0,0.0007291819855648801,QLTA
259,BRISTOL-MYERS SQUIBB CO,Consumer Non-Cyclical,5.2,2034-02-22,20538000,0.0006172792241967813,0.8467489868984112,865000.0,0.0006469153000139706,QLTA
260,WELLS FARGO & COMPANY MTN,Banking,5.21,2035-12-03,21098000,0.0006119396128237719,0.8501226278677185,1055000.0,0.0007890123023291779,QLTA
261,CIGNA GROUP,Consumer Non-Cyclical,4.9,2048-12-15,24442000,0.0006111336337486006,0.8685731764401741,40000.0,0.0006576351440220965,LQDB
262,MORGAN STANLEY MTN,Banking,5.42,2034-07-21,20805000,0.0006106298968266185,0.8483688151036411,585000.0,0.00043750919133892803,QLTA
263,GOLDMAN SACHS GROUP INC/THE,Banking,3.8,2030-03-15,21411000,0.0006104284020578257,0.8519694494565829,723000.0,0.0005407164877573418,QLTA
264,PACIFIC GAS AND ELECTRIC COMPANY,Electric,4.95,2050-07-01,25498000,0.0006094209282138617,0.8738775459001868,60000.0,0.0009864527160331447,LQDB
265,HSBC HOLDINGS PLC FXD-FLT,Banking,5.45,2036-03-03,20506000,0.000607002990988348,0.8465534386040036,835000.0,0.0006244789312273588,QLTA
266,JPMORGAN CHASE & CO,Banking,1.95,2032-02-04,23416000,0.0006044843063784378,0.8631952728987801,754000.0,0.0005639007355035073,QLTA
267,SYNOPSYS INC,Technology,5.15,2035-04-01,20826000,0.0006044843063784378,0.8484953342151913,60000.0,0.0009864527160331447,LQDB
268,T-MOBILE USA INC,Communications,4.5,2050-04-15,26200000,0.000604282811609645,0.8772835385746233,70000.0,0.0011508615020386689,LQDB
269,BANK OF AMERICA CORP (FXD-FLT) MTN,Banking,5.16,2031-01-24,20023000,0.0006039805694564558,0.8435642353326555,579000.0,0.0004330219175816057,QLTA
270,APPLE INC,Technology,3.85,2046-08-04,26287000,0.0006022678639217168,0.8776992783191289,757000.0,0.0005661443723821684,QLTA
271,AMAZON.COM INC,Consumer Cyclical,3.88,2037-08-22,23155000,0.0006013611374621492,0.8617896036768133,979000.0,0.000732173501403095,QLTA
272,MORGAN STANLEY MTN,Banking,1.79,2032-02-13,23599000,0.0006002529162337887,0.8641715441206388,750000.0,0.0005609092196652924,QLTA
273,CISCO SYSTEMS INC,Technology,5.05,2034-02-26,20200000,0.0005998499266962031,0.8446679460396486,940000.0,0.0007030062219804998,QLTA
274,CITIGROUP INC,Banking,4.91,2033-05-24,20624000,0.0005989432002366354,0.8472730170303615,1020000.0,0.0007628365387447976,QLTA
275,BANK OF AMERICA CORP,Banking,7.75,2038-05-14,17297000,0.000598842452852239,0.8252110253348328,390000.0,0.000291672794225952,QLTA
276,GE HEALTHCARE TECHNOLOGIES INC,Consumer Non-Cyclical,5.91,2032-11-22,19494000,0.0005977342316238785,0.8402064626293682,,,
277,EXXON MOBIL CORP,Energy,4.11,2046-03-01,24972000,0.0005974319894706893,0.8712634482344078,774000.0,0.0005788583146945817,QLTA
278,ABBOTT LABORATORIES,Consumer Non-Cyclical,4.9,2046-11-30,22761000,0.000597331242086293,0.8596373350297879,1041000.0,0.0007785419968954258,QLTA
279,MORGAN STANLEY MTN,Banking,2.51,2032-10-20,23174000,0.0005972304947018966,0.8618924655299245,800000.0,0.0005983031676429785,QLTA
280,BROADCOM INC,Technology,5.2,2035-07-15,20753000,0.0005965252630111217,0.8480549792361314,200000.0,0.00014957579191074462,QLTA
281,AT&T INC,Communications,5.25,2036-10-30,20930000,0.0005963237682423289,0.8491200306010713,20000.0,0.00032881757201104825,LQDB
282,CISCO SYSTEMS INC,Technology,5.9,2039-02-15,19107000,0.0005949133048607792,0.8376917949160374,698000.0,0.0005220195137684987,QLTA
283,AT&T INC,Communications,4.5,2035-05-15,21722000,0.0005932005993260403,0.8537779218966437,110000.0,0.0018084966460607656,LQDB
284,BROADCOM INC,Technology,2.45,2031-02-15,22316000,0.0005921931254820762,0.8571612089182181,435000.0,0.00032532734740586957,QLTA
285,MORGAN STANLEY MTN,Banking,1.93,2032-04-28,23317000,0.000591387146406905,0.8626639410755834,848000.0,0.0006342013577015572,QLTA
286,JPMORGAN CHASE & CO,Banking,5.1,2031-04-22,19877000,0.0005907826621005265,0.8426464617697638,684000.0,0.0005115492083347466,QLTA
287,JPMORGAN CHASE & CO,Banking,5.53,2045-11-29,20809000,0.0005900774304097516,0.8483929238248472,300000.0,0.00022436368786611695,QLTA
288,CITIGROUP INC,Banking,5.33,2036-03-27,19955000,0.000588666967028202,0.843137614643571,705000.0,0.0005272546664853748,QLTA
289,NOVARTIS CAPITAL CORP,Consumer Non-Cyclical,4.6,2033-03-18,20267000,0.0005885662196438055,0.8450832134361681,710000.0,0.0005309940612831434,QLTA
290,META PLATFORMS INC,Communications,5.55,2064-08-15,23717000,0.0005882639774906163,0.8647970458712465,963000.0,0.0007202074380502354,QLTA
291,BANK OF AMERICA CORP,Banking,6.11,2037-01-29,18892000,0.0005881632301062199,0.8362726571040188,515000.0,0.00038515766417016744,QLTA
292,VERIZON COMMUNICATIONS INC,Communications,5.0,2036-01-15,20974000,0.0005875587457998414,0.8493833913205446,85000.0,0.001397474681046955,LQDB
293,HSBC HOLDINGS PLC,Banking,6.25,2034-03-09,18770000,0.000586954261493463,0.8354601790936492,699000.0,0.0005227673927280525,QLTA
294,AMAZON.COM INC,Consumer Cyclical,2.1,2031-05-12,22640000,0.0005864505245714811,0.8589688762607945,942000.0,0.0007045019798996072,QLTA
295,META PLATFORMS INC,Communications,5.6,2053-05-15,22925000,0.0005864505245714811,0.860537695093131,860000.0,0.0006431759052162019,QLTA
296,ALPHABET INC,Technology,4.1,2030-11-15,20378000,0.0005860475350338955,0.8457681818978713,835000.0,0.0006244789312273588,QLTA
297,NOVARTIS CAPITAL CORP,Consumer Non-Cyclical,5.7,2056-03-18,20057000,0.0005858460402651027,0.8437770026673759,774000.0,0.0005788583146945817,QLTA
298,BROADCOM INC,Technology,3.5,2041-02-15,25467000,0.0005851408085743278,0.8737249849574215,1360000.0,0.0010171153849930635,QLTA
299,ORACLE CORPORATION,Technology,6.9,2052-11-09,22306000,0.0005837303451927781,0.8571050000785221,,,
300,CITIGROUP INC (FXD-FRN),Banking,4.95,2031-05-07,19842000,0.0005837303451927781,0.8424254458810839,735000.0,0.0005496910352719866,QLTA
301,ORACLE CORPORATION,Technology,3.6,2050-04-01,34566000,0.0005836295978083817,0.9120353636364623,100000.0,0.0016440878600552415,LQDB
302,TRUIST FINANCIAL CORP MTN,Banking,5.71,2035-01-24,19105000,0.0005829243661176069,0.8376786673602683,590000.0,0.0004412485861366967,QLTA
303,VERIZON COMMUNICATIONS INC,Communications,4.5,2033-08-10,20444000,0.0005815139027360571,0.8461736938699237,,,
304,ELI LILLY AND COMPANY,Consumer Non-Cyclical,4.85,2036-05-20,20246000,0.0005812116605828679,0.8449532028924428,430000.0,0.00032158795260810093,QLTA
305,UNITEDHEALTH GROUP INC,Insurance,5.88,2053-02-15,19882000,0.0005810101658140751,0.8426780036950661,630000.0,0.0004711637445188456,QLTA
306,ABBVIE INC,Consumer Non-Cyclical,4.7,2045-05-14,22724000,0.0005809094184296787,0.859433308207367,980000.0,0.0007329213803626487,QLTA
307,INTERNATIONAL BUSINESS MACHINES CO,Technology,4.25,2049-05-15,26746000,0.0005801034393545074,0.8798701341369909,955000.0,0.0007142244063738057,QLTA
308,HSBC HOLDINGS PLC FXD-TO-FLT MTN,Banking,5.13,2031-03-03,19453000,0.0005800026919701111,0.8399424263212878,710000.0,0.0005309940612831434,QLTA
309,JPMORGAN CHASE & CO,Banking,4.6,2030-10-22,19769000,0.0005786929759729577,0.8419632126228951,615000.0,0.0004599455601255397,QLTA
310,HSBC HOLDINGS PLC,Banking,5.21,2034-05-12,19787000,0.000575771301825462,0.8420773463006408,470000.0,0.0003515031109902499,QLTA
311,HSBC HOLDINGS PLC MTN,Banking,5.13,2036-11-06,20153000,0.000575771301825462,0.8443758162325852,565000.0,0.0004225516121478536,QLTA
312,BANK OF AMERICA CORP MTN,Banking,1.9,2031-07-23,21963000,0.000575771301825462,0.8551616244853074,700000.0,0.0005235152716876062,QLTA
313,CITIGROUP INC,Banking,5.45,2035-06-11,19505000,0.000575771301825462,0.8402772071601611,830000.0,0.0006207395364295902,QLTA
314,ABBOTT LABORATORIES,Consumer Non-Cyclical,4.75,2038-03-15,20396000,0.0005737563541375339,0.8458789061765436,685000.0,0.0005122970872943004,QLTA
315,ALTRIA GROUP INC,Consumer Non-Cyclical,5.95,2049-02-14,20152000,0.0005735548593687411,0.8443695933053964,45000.0,0.0007398395370248586,LQDB
316,HCA INC,Consumer Non-Cyclical,3.5,2030-09-01,20458000,0.0005713384169120201,0.8462595432479799,125000.0,0.0020551098250690516,LQDB
317,JPMORGAN CHASE & CO,Banking,5.14,2031-01-24,18950000,0.0005710361747588309,0.8366570788060503,655000.0,0.0004898607185076886,QLTA
318,MORGAN STANLEY,Banking,5.19,2031-04-17,19115000,0.0005688197323021099,0.8377442914016128,710000.0,0.0005309940612831434,QLTA
319,AMAZON.COM INC,Consumer Cyclical,5.65,2046-03-13,20125000,0.0005687189849177135,0.8442014574416934,720000.0,0.0005384728508786807,QLTA
320,VERIZON COMMUNICATIONS INC,Communications,3.7,2061-03-22,29982000,0.0005669055319985783,0.8941932142406483,75000.0,0.001233065895041431,LQDB
321,TELEFONICA EMISIONES SAU,Communications,5.21,2047-03-08,22042000,0.0005629763840071184,0.8556119008773103,,,
322,PHILIP MORRIS INTERNATIONAL INC,Consumer Non-Cyclical,5.13,2030-02-15,18587000,0.000560659194166001,0.8342315063724018,825000.0,0.0006170001416318216,QLTA
323,JPMORGAN CHASE & CO,Banking,3.33,2052-04-22,28318000,0.0005604576993972082,0.8870324992879677,635000.0,0.0004749031393166142,QLTA
324,LLOYDS BANKING GROUP PLC,Banking,5.68,2035-01-05,18863000,0.0005602562046284154,0.8360800034486348,640000.0,0.0004786425341143828,QLTA
325,MORGAN STANLEY MTN,Banking,5.23,2031-01-15,18926000,0.0005568307935589375,0.8364981506527945,755000.0,0.000564648614463061,QLTA
326,FORD MOTOR COMPANY,Consumer Cyclical,3.25,2032-02-12,21389000,0.0005554203301773879,0.8518405258058249,30000.0,0.0004932263580165724,LQDB
327,GOLDMAN SACHS GROUP INC/THE,Banking,1.99,2032-01-27,21540000,0.0005552188354085951,0.8527227553783445,1060000.0,0.0007927516971269465,QLTA
328,TAKEDA PHARMACEUTICAL CO LTD,Consumer Non-Cyclical,2.05,2030-03-31,20843000,0.0005550173406398023,0.8485976610433267,220000.0,0.003616993292121531,LQDB
329,INTEL CORPORATION,Technology,5.3,2036-05-15,19205000,0.0005549165932554059,0.838333367568953,20000.0,0.00032881757201104825,LQDB
330,HSBC HOLDINGS PLC FXD-TO-FLT,Banking,5.29,2030-11-19,18608000,0.0005524986560298921,0.8343731145790382,830000.0,0.0006207395364295902,QLTA
331,VERIZON COMMUNICATIONS INC,Communications,2.99,2056-10-30,33246000,0.0005503829609575676,0.9071524855121997,95000.0,0.0015618834670524792,LQDB
332,SPACE EXPLORATION TECHNOLOGIES COR 144A,Communications,6.6,2046-07-15,20570000,0.0005495769818823963,0.8469442307485282,,,
333,VERIZON COMMUNICATIONS INC,Communications,2.65,2040-11-20,27280000,0.0005492747397292071,0.8823493036994285,15000.0,0.0002466131790082862,LQDB
334,WALT DISNEY CO,Communications,2.65,2031-01-13,20420000,0.0005482672658852431,0.8460263866405975,890000.0,0.0006656122740028136,QLTA
335,ABBVIE INC,Consumer Non-Cyclical,4.5,2035-05-14,19601000,0.0005480657711164502,0.8408929258753609,838000.0,0.00062672256810602,QLTA
336,EXXON MOBIL CORP,Energy,2.61,2030-10-15,20110000,0.0005466553077349006,0.8441079511317958,627000.0,0.0004689201076401844,QLTA
337,BROADCOM INC,Technology,3.42,2033-04-15,20569000,0.0005456478338909365,0.8469381339770865,35000.0,2.6175763584380312e-05,QLTA
338,BHP BILLITON FINANCE (USA) LTD,Basic Industry,5.0,2043-09-30,19976000,0.0005456478338909365,0.8432695201097951,899000.0,0.0006723431846387971,QLTA
339,ALLY FINANCIAL INC,Banking,8.0,2031-11-01,16590000,0.0005453455917377473,0.8199773959909026,50000.0,0.0008220439300276207,LQDB
340,BAT CAPITAL CORP,Consumer Non-Cyclical,4.39,2037-08-15,20342000,0.0005451440969689545,0.845546439627658,65000.0,0.0010686571090359068,LQDB
341,UNITEDHEALTH GROUP INC,Insurance,5.15,2034-07-15,18715000,0.0005444388652781796,0.8350921695080673,618000.0,0.00046218919700420093,QLTA
342,MORGAN STANLEY MTN,Banking,5.17,2032-07-14,18657000,0.0005444388652781796,0.8347029132109304,690000.0,0.000516036482092069,QLTA
343,CITIGROUP INC,Banking,2.98,2030-11-05,19632000,0.0005426254123590443,0.8410911077403028,783000.0,0.0005855892253305653,QLTA
344,CVS HEALTH CORP,Consumer Non-Cyclical,5.25,2033-02-21,18053000,0.000541315696361891,0.8305758093998366,63000.0,0.001035775351834802,LQDB
345,ENBRIDGE INC,Energy,5.7,2033-03-08,17726000,0.0005409127068243054,0.8282834363607158,60000.0,0.0009864527160331447,LQDB
346,ORACLE CORPORATION,Technology,3.6,2040-04-01,26558000,0.0005399052329803413,0.8789855207756169,85000.0,0.001397474681046955,LQDB
347,KINDER MORGAN INC,Energy,5.55,2045-06-01,19593000,0.0005399052329803413,0.8408417312876632,40000.0,0.0006576351440220965,LQDB
348,AT&T INC,Communications,2.25,2032-02-01,21133000,0.0005386962643675844,0.8503304972011513,,,
349,MORGAN STANLEY MTN,Banking,2.94,2033-01-21,20670000,0.0005376887905236204,0.8475524159373677,792000.0,0.0005923201359665487,QLTA
350,CITIGROUP INC,Banking,2.67,2031-01-29,19593000,0.0005363790745264672,0.8408417312876632,681000.0,0.0005093055714560855,QLTA
351,ABBOTT LABORATORIES,Consumer Non-Cyclical,5.6,2066-03-15,19088000,0.0005357745902200887,0.837567027618782,700000.0,0.0005235152716876062,QLTA
352,BERKSHIRE HATHAWAY FINANCE CORP,Insurance,3.85,2052-03-15,24562000,0.0005344648742229354,0.869187368542784,980000.0,0.0007329213803626487,QLTA
353,JPMORGAN CHASE & CO,Banking,4.59,2033-04-26,18592000,0.0005342633794541426,0.8342652371184958,630000.0,0.0004711637445188456,QLTA
354,AMAZON.COM INC,Consumer Cyclical,3.1,2051-05-12,29618000,0.0005339611373009534,0.8926613715497329,1135000.0,0.0008488426190934757,QLTA
355,MORGAN STANLEY,Banking,4.3,2045-01-27,21853000,0.000533356652994575,0.854531952292619,587000.0,0.0004390049492580355,QLTA
356,VERIZON COMMUNICATIONS INC,Communications,4.86,2046-08-21,21240000,0.0005331551582257821,0.8509638550147388,75000.0,0.001233065895041431,LQDB
357,BANK OF AMERICA CORP MTN,Banking,4.24,2038-04-24,20090000,0.0005323491791506109,0.8439831674994633,428000.0,0.0003200921946889935,QLTA
358,EXXON MOBIL CORP,Energy,4.33,2050-03-19,22135000,0.0005319461896130252,0.8561399095000193,984000.0,0.0007359128962008635,QLTA
359,COMCAST CORPORATION,Communications,2.99,2063-11-01,36396000,0.0005305357262314755,0.9185049302700611,1327000.0,0.0009924353793277906,QLTA
360,US BANCORP MTN,Banking,5.68,2035-01-23,17328000,0.0005302334840782864,0.8254355818566127,735000.0,0.0005496910352719866,QLTA
361,ABBVIE INC,Consumer Non-Cyclical,4.4,2042-11-06,20983000,0.0005297297471563043,0.8494371924921553,760000.0,0.0005683880092608296,QLTA
362,HEWLETT PACKARD ENTERPRISE CO,Technology,5.0,2034-10-15,18519000,0.0005290245154655294,0.8337718652212958,20000.0,0.00032881757201104825,LQDB
363,BROADCOM INC,Technology,4.3,2032-11-15,18755000,0.000527916294237169,0.8353599198956531,285000.0,0.0002131455034728111,QLTA
364,ORACLE CORPORATION,Technology,5.88,2045-09-26,21666000,0.0005272110625463941,0.8534541998468638,80000.0,0.001315270288044193,LQDB
365,MORGAN STANLEY MTN,Banking,5.6,2051-03-24,18702000,0.0005272110625463941,0.8350050274022057,476000.0,0.0003559903847475722,QLTA
366,EATON CORPORATION,Capital Goods,4.8,2036-03-06,18223000,0.0005235841567081236,0.8317512112023426,725000.0,0.0005422122456764493,QLTA
367,BANK OF AMERICA CORP MTN,Banking,4.33,2050-03-15,21934000,0.0005226774302485559,0.8549959266383771,641000.0,0.00047939041307393655,QLTA
368,BROADCOM INC,Technology,2.6,2033-02-15,20650000,0.0005226774302485559,0.8474310146305518,200000.0,0.00014957579191074462,QLTA
369,BARCLAYS PLC,Banking,6.22,2034-05-09,17016000,0.0005224759354797631,0.8231569754650261,,,
370,HSBC HOLDINGS PLC,Banking,4.95,2030-03-31,17544000,0.0005221736933265738,0.8269891707018393,1078000.0,0.0008062135183989136,QLTA
371,AT&T INC,Communications,6.2,2056-10-30,18511000,0.0005218714511733846,0.8337176788677023,75000.0,0.001233065895041431,LQDB
372,VERIZON COMMUNICATIONS INC,Communications,4.75,2033-01-15,18334000,0.0005216699564045918,0.8325127769618718,,,
373,SYNOPSYS INC,Technology,5.0,2032-04-01,17718000,0.0005213677142514026,0.8282268253496438,20000.0,0.00032881757201104825,LQDB
374,RIO TINTO FINANCE (USA) PLC,Basic Industry,5.25,2035-03-14,17438000,0.0005202594930230421,0.8262291661314595,470000.0,0.0003515031109902499,QLTA
375,CHARTER COMMUNICATIONS OPERATING L,Communications,6.38,2035-10-23,17849000,0.0005199572508698529,0.8291506289905718,40000.0,0.0006576351440220965,LQDB
376,META PLATFORMS INC,Communications,4.45,2052-08-15,23488000,0.0005194535139478709,0.8635802869693415,955000.0,0.0007142244063738057,QLTA
377,WELLS FARGO & COMPANY,Banking,5.61,2044-01-15,18893000,0.000519252019179078,0.8362792950577131,850000.0,0.0006356971156206647,QLTA
378,CISCO SYSTEMS INC,Technology,5.5,2040-01-15,17804000,0.000519252019179078,0.8288340585867707,546000.0,0.00040834191191633286,QLTA
379,US BANCORP MTN,Banking,4.84,2034-02-01,17769000,0.0005184460401039068,0.8285872834864701,695000.0,0.0005197758768898376,QLTA
380,HOME DEPOT INC,Consumer Cyclical,4.95,2034-06-25,17795000,0.0005165318398003752,0.8287706484974215,505000.0,0.0003776788745746302,QLTA
381,ORACLE CORPORATION,Technology,3.95,2051-03-25,28768000,0.0005136101656528793,0.8890096762497067,85000.0,0.001397474681046955,LQDB
382,AMAZON.COM INC,Consumer Cyclical,6.0,2046-07-09,17832000,0.0005130056813465009,0.8290311296299138,650000.0,0.00048612132370992004,QLTA
383,WELLS FARGO & COMPANY MTN,Banking,4.48,2031-04-04,17580000,0.0005119982075025368,0.827246241253382,946000.0,0.0007074934957378221,QLTA
384,BROADCOM INC,Technology,4.8,2036-02-15,18087000,0.0005108899862741763,0.8308117727436641,480000.0,0.0003589819005857871,QLTA
385,CHARTER COMMUNICATIONS OPERATING L,Communications,4.8,2050-03-01,23932000,0.0005108899862741763,0.8659287717885454,15000.0,0.0002466131790082862,LQDB
386,ORACLE CORPORATION,Technology,6.25,2032-11-09,17282000,0.0005097817650458158,0.8251022244313828,,,
387,CIGNA GROUP,Consumer Non-Cyclical,4.8,2038-08-15,18381000,0.0005089757859706446,0.8328338532307855,60000.0,0.0009864527160331447,LQDB
388,VERIZON COMMUNICATIONS INC,Communications,4.78,2035-02-15,17844000,0.0005070615856671128,0.82911549393861,,,
389,BANK OF AMERICA CORP,Banking,2.65,2032-03-11,19087000,0.0005070615856671128,0.8375604574791523,631000.0,0.0004719116234783993,QLTA
390,AMAZON.COM INC,Consumer Cyclical,3.6,2032-04-13,18333000,0.0005064571013607345,0.8325059366127745,1040000.0,0.0007777941179358721,QLTA
391,ROYAL BANK OF CANADA (FX-FRN) MTN,Banking,4.65,2030-10-18,17243000,0.0005063563539763381,0.8248188995279176,665000.0,0.0004973395081032259,QLTA
392,ORACLE CORPORATION,Technology,6.55,2046-02-04,19009000,0.0005050466379791848,0.8370469231553268,,,
393,KROGER CO,Consumer Non-Cyclical,5.0,2034-09-15,17424000,0.0005040391641352207,0.82612844295686,20000.0,0.00032881757201104825,LQDB
394,REYNOLDS AMERICAN INC,Consumer Non-Cyclical,5.85,2045-08-15,17498000,0.0005040391641352207,0.8266599229328551,30000.0,0.0004932263580165724,LQDB
395,APPLE INC,Technology,3.85,2043-05-04,21168000,0.0005027294481380674,0.8505380225507547,907000.0,0.0006783262163152269,QLTA
396,BROADCOM INC,Technology,4.8,2034-10-15,17615000,0.0005017219742941033,0.8274956667599642,1505000.0,0.0011255578341283533,QLTA
397,BHP BILLITON FINANCE (USA) LTD,Basic Industry,5.3,2035-02-21,16679000,0.0005011174899877249,0.8206483688303887,405000.0,0.0003028909786192579,QLTA
398,ANHEUSER-BUSCH INBEV WORLDWIDE INC,Consumer Non-Cyclical,5.45,2039-01-23,16751000,0.0005011174899877249,0.8211885636764544,675000.0,0.0005048182976987631,QLTA
399,PNC FINANCIAL SERVICES GROUP INC (,Banking,5.58,2036-01-29,16530000,0.0005009159952189321,0.8195230203483729,560000.0,0.000418812217350085,QLTA
400,INTEL CORPORATION,Technology,6.13,2056-05-15,17635000,0.0005006137530657429,0.8276379732037703,15000.0,0.0002466131790082862,LQDB
401,BARCLAYS PLC,Banking,7.44,2033-11-02,15259000,0.0004998077739905716,0.8094894867476585,,,
402,BARCLAYS PLC,Banking,5.34,2035-09-10,17121000,0.000499404784452986,0.8239284453212914,,,
403,ALTRIA GROUP INC,Consumer Non-Cyclical,5.8,2039-02-14,16741000,0.0004979943210714363,0.8211136756172918,70000.0,0.0011508615020386689,LQDB
404,CHARTER COMMUNICATIONS OPERATING L,Communications,5.75,2048-04-01,20684000,0.000497188341996265,0.8476373269800304,80000.0,0.001315270288044193,LQDB
405,GOLDMAN SACHS GROUP INC/THE,Banking,4.02,2038-10-31,19585000,0.0004961808681523011,0.8407905157924811,763000.0,0.0005706316461394908,QLTA
406,JPMORGAN CHASE & CO,Banking,3.88,2038-07-24,19093000,0.0004948711521551477,0.8375998731547459,661000.0,0.0004943479922650111,QLTA
407,CITIGROUP INC,Banking,5.61,2056-03-04,17542000,0.0004946696573863549,0.8269748735416858,710000.0,0.0005309940612831434,QLTA
408,AMGEN INC,Consumer Non-Cyclical,5.25,2030-03-02,16378000,0.0004945689100019586,0.8183645128934253,50000.0,0.0008220439300276207,LQDB
409,KROGER CO,Consumer Non-Cyclical,5.5,2054-09-15,18255000,0.0004938636783111837,0.8319712365499019,40000.0,0.0006576351440220965,LQDB
410,AMAZON.COM INC,Consumer Cyclical,4.1,2030-11-20,17187000,0.0004925539623140304,0.8244109513175697,905000.0,0.0006768304583961195,QLTA
411,JBS USA LUX SA,Consumer Non-Cyclical,5.75,2033-04-01,16297000,0.0004921509727764447,0.8177427512065201,20000.0,0.00032881757201104825,LQDB
412,AON NORTH AMERICA INC,Insurance,5.75,2054-03-01,17433000,0.0004914457410856699,0.8261932028550963,15000.0,0.0002466131790082862,LQDB
413,BARCLAYS PLC,Banking,5.37,2031-02-25,16337000,0.0004914457410856699,0.8180501792948958,,,
414,VERIZON COMMUNICATIONS INC,Communications,6.0,2065-11-30,17794000,0.0004873150983254173,0.8287636009523832,65000.0,0.0010686571090359068,LQDB
415,ANHEUSER-BUSCH INBEV WORLDWIDE INC,Consumer Non-Cyclical,5.8,2059-01-23,16450000,0.00048600538232826396,0.8189146138662982,665000.0,0.0004973395081032259,QLTA
416,GILEAD SCIENCES INC,Consumer Non-Cyclical,4.75,2046-03-01,18781000,0.00048540089802188557,0.8355336515967027,895000.0,0.0006693516688005822,QLTA
417,SPRINT CAPITAL CORPORATION,Communications,8.75,2032-03-15,13823000,0.0004842926767935251,0.7970947545855155,35000.0,0.0005754307510193344,LQDB
418,T-MOBILE USA INC,Communications,3.3,2051-02-15,25855000,0.0004839904346403358,0.8756212108500907,60000.0,0.0009864527160331447,LQDB
419,EXXON MOBIL CORP,Energy,4.23,2040-03-19,18477000,0.0004838896872559395,0.8334871253062262,618000.0,0.00046218919700420093,QLTA
420,WALMART INC,Consumer Cyclical,4.9,2035-04-28,16463000,0.0004836881924871466,0.8190136809891188,450000.0,0.00033654553179917544,QLTA
421,SYNOPSYS INC,Technology,5.7,2055-04-01,17424000,0.000483285202949561,0.82612844295686,45000.0,0.0007398395370248586,LQDB
422,HSBC HOLDINGS PLC FXD-FLT,Banking,5.24,2031-05-13,16303000,0.0004830837081807682,0.8177889134917581,920000.0,0.0006880486427894253,QLTA
423,CHARTER COMMUNICATIONS OPERATING L,Communications,5.38,2047-05-01,21064000,0.00048197548695240775,0.8499203671927372,60000.0,0.0009864527160331447,LQDB
424,T-MOBILE USA INC,Communications,3.0,2041-02-15,22564000,0.00048106876049284006,0.8585471887096271,55000.0,0.0009042483230303828,LQDB
425,MORGAN STANLEY MTN,Banking,4.89,2033-07-20,16752000,0.00048086726572404726,0.8211960500233598,519000.0,0.0003881491800083823,QLTA
426,HSBC HOLDINGS PLC,Banking,5.79,2036-05-13,16095000,0.00048046427618646167,0.8161786210817569,760000.0,0.0005683880092608296,QLTA
427,FORD MOTOR COMPANY,Consumer Cyclical,6.1,2032-08-19,15809000,0.0004793560549581011,0.8139301558561997,30000.0,0.0004932263580165724,LQDB
428,UNITEDHEALTH GROUP INC,Insurance,5.05,2053-04-15,18579000,0.0004792553075737048,0.8341775183006872,670000.0,0.0005010789029009945,QLTA
429,RIO TINTO FINANCE (USA) PLC,Basic Industry,5.75,2055-03-14,16372000,0.00047895306542051553,0.8183185620385061,545000.0,0.0004075940329567791,QLTA
430,ABBVIE INC,Consumer Non-Cyclical,4.45,2046-05-14,19614000,0.00047885231803611913,0.8409760725325908,700000.0,0.0005235152716876062,QLTA
431,AT&T INC,Communications,3.65,2051-06-01,24861000,0.0004786508232673263,0.8707047718561797,75000.0,0.001233065895041431,LQDB
432,GOLDMAN SACHS GROUP INC/THE,Banking,5.15,2045-05-22,18383000,0.00047855007588292993,0.8328474978331432,55000.0,0.0009042483230303828,LQDB
433,WELLS FARGO & COMPANY (FXD-FRN) MTN,Banking,5.43,2047-01-23,17107000,0.0004782478337297407,0.823825856466554,560000.0,0.000418812217350085,QLTA
434,ORACLE CORPORATION,Technology,3.85,2060-04-01,29143000,0.000477341107270173,0.890633840394259,45000.0,0.0007398395370248586,LQDB
435,UNITEDHEALTH GROUP INC,Insurance,5.35,2033-02-15,15740000,0.000477341107270173,0.8133816038217764,725000.0,0.0005422122456764493,QLTA
436,WILLIAMS COMPANIES INC,Energy,2.6,2031-03-15,17988000,0.00047724035988577665,0.8301234635188959,75000.0,0.001233065895041431,LQDB
437,WYETH LLC,Consumer Non-Cyclical,5.95,2037-04-01,15325000,0.00047502391742905567,0.8100307443005005,656000.0,0.0004906085974672424,QLTA
438,ELI LILLY AND COMPANY,Consumer Non-Cyclical,5.6,2056-05-20,16642000,0.00047472167527586647,0.8203698609289123,545000.0,0.0004075940329567791,QLTA
439,EXXON MOBIL CORP,Energy,3.45,2051-04-15,23239000,0.0004745201805070737,0.8622437246788179,993000.0,0.0007426438068368471,QLTA
440,CHENIERE ENERGY PARTNERS LP,Energy,5.75,2034-08-15,15533000,0.00047401644358509163,0.8117214023739835,20000.0,0.00032881757201104825,LQDB
441,SHELL FINANCE US INC,Energy,4.38,2045-05-11,19407000,0.0004734119592787132,0.839645527219835,902000.0,0.0006745868215174582,QLTA
442,BAKER HUGHES HOLDINGS LLC,Energy,5.85,2056-06-15,16741000,0.00047260598020354194,0.8211136756172918,670000.0,0.0005010789029009945,QLTA
443,WALT DISNEY CO,Communications,4.0,2031-03-14,16322000,0.000470893274668803,0.8179349820607804,715000.0,0.0005347334560809121,QLTA
444,INTEL CORPORATION,Technology,5.7,2053-02-10,17215000,0.0004691805691340641,0.8246150913035881,85000.0,0.001397474681046955,LQDB
445,HSBC HOLDINGS PLC FXD-TO-FLT MTN,Banking,4.62,2031-11-06,16199000,0.0004680723479057037,0.8169863518839726,780000.0,0.000583345588451904,QLTA
446,T-MOBILE USA INC,Communications,3.5,2031-04-15,16911000,0.00046787085313691084,0.8223807303648212,35000.0,0.0005754307510193344,LQDB
447,RTX CORP,Capital Goods,6.4,2054-03-15,14817000,0.0004673671162149288,0.8058032170456854,40000.0,0.0006576351440220965,LQDB
448,GOLDMAN SACHS GROUP INC (FXD-FRN),Banking,5.21,2031-01-28,15545000,0.0004673671162149288,0.8118182484101866,769000.0,0.0005751189198968131,QLTA
449,HALEON US CAPITAL LLC,Consumer Non-Cyclical,3.63,2032-03-24,17014000,0.0004672663688305324,0.823142234643364,,,
450,BARCLAYS PLC,Banking,5.79,2036-02-25,15533000,0.0004667626319085504,0.8117214023739835,,,
451,BP CAPITAL MARKETS AMERICA INC,Energy,5.23,2034-11-17,15770000,0.00046666188452415395,0.8136203995908139,660000.0,0.0004936001133054573,QLTA
452,JPMORGAN CHASE & CO,Banking,3.11,2051-04-22,24408000,0.0004663596423709647,0.8683986070623428,415000.0,0.0003103697682147951,QLTA
453,META PLATFORMS INC,Communications,4.95,2033-05-15,16017000,0.0004647476842206222,0.8155693904284693,489000.0,0.0003657128112217706,QLTA
454,WELLS FARGO & COMPANY MTN,Banking,3.9,2045-05-01,20539000,0.0004645461894518294,0.8467550928720786,708000.0,0.000529498303364036,QLTA
455,BANK OF AMERICA CORP MTN,Banking,1.92,2031-10-24,17931000,0.0004643446946830366,0.8297254437639593,570000.0,0.0004262910069456222,QLTA
456,KRAFT HEINZ FOODS CO,Consumer Non-Cyclical,5.2,2045-07-15,18316000,0.00046283348391709054,0.832389593556461,25000.0,0.00041102196501381036,LQDB
457,CITIGROUP INC,Banking,4.75,2046-05-18,18829000,0.00046142302053554085,0.8358537561005771,55000.0,0.0009042483230303828,LQDB
458,ALPHABET INC,Technology,1.1,2030-08-15,17972000,0.00046011330453838757,0.8300118661454386,727000.0,0.0005437080035955567,QLTA
459,GOLDMAN SACHS GROUP INC/THE,Banking,3.21,2042-04-22,21260000,0.0004591058306944235,0.8510818856494725,787000.0,0.0005885807411687801,QLTA
460,MORGAN STANLEY,Banking,6.38,2042-07-24,14489000,0.0004588035885412342,0.8029959154109928,267000.0,0.00019968368220084408,QLTA
461,APPLE INC,Technology,2.65,2051-02-08,26234000,0.00045819910423485584,0.8774461756788917,927000.0,0.0006932837955063014,QLTA
462,PHILIP MORRIS INTERNATIONAL INC,Consumer Non-Cyclical,5.25,2034-02-13,15253000,0.0004578968620816666,0.8094401654805777,650000.0,0.00048612132370992004,QLTA
463,AMGEN INC,Consumer Non-Cyclical,4.4,2045-05-01,18884000,0.0004576953673128738,0.8362195408219257,45000.0,0.0007398395370248586,LQDB
464,FORD MOTOR COMPANY,Consumer Cyclical,4.75,2043-01-15,20335000,0.000457493872544081,0.8455032775070642,60000.0,0.0009864527160331447,LQDB
465,ONEOK INC,Energy,6.63,2053-09-01,14949000,0.0004563856513157205,0.806915486333739,50000.0,0.0008220439300276207,LQDB
466,VERIZON COMMUNICATIONS INC,Communications,5.4,2037-07-02,15948000,0.0004560834091625313,0.8150279774010807,,,
467,BERKSHIRE HATHAWAY ENERGY CO,Electric,6.13,2036-04-01,14601000,0.0004557811670093421,0.803961588418806,496000.0,0.0003709479639386467,QLTA
468,JPMORGAN CHASE & CO (FXD-FRN),Banking,4.25,2031-10-22,15866000,0.0004545721983965852,0.8143815047120445,468000.0,0.0003500073530711424,QLTA
469,SHELL FINANCE US INC,Energy,6.38,2038-12-15,14381000,0.0004543707036277924,0.8020576350149751,995000.0,0.0007441395647559546,QLTA
470,MARSH & MCLENNAN COMPANIES INC,Insurance,5.0,2035-03-15,15659000,0.000454269956243396,0.8127345747262398,590000.0,0.0004412485861366967,QLTA
471,CITIBANK NA,Banking,5.57,2034-04-30,15016000,0.00045416920885899963,0.8074762952235889,665000.0,0.0004973395081032259,QLTA
472,PNC FINANCIAL SERVICES GROUP INC (,Banking,6.04,2033-10-28,14697000,0.00045346397716822473,0.8047834306565574,469000.0,0.00035075523203069616,QLTA
473,GOLDMAN SACHS GROUP INC/THE,Banking,5.05,2030-07-23,15099000,0.0004527587454774499,0.8081675688206555,891000.0,0.0006663601529623673,QLTA
474,INTEL CORPORATION,Technology,4.75,2050-03-25,19053000,0.00045225500855546784,0.8373368676787075,25000.0,0.00041102196501381036,LQDB
475,SUMITOMO MITSUI FINANCIAL GROUP IN,Banking,5.77,2033-01-13,14987000,0.0004521542611710715,0.8072338648135068,495000.0,0.00037020008497909294,QLTA
476,BERKSHIRE HATHAWAY FINANCE CORP,Insurance,4.2,2048-08-15,19131000,0.0004519527664022786,0.8378492184925197,881000.0,0.0006588813633668301,QLTA
477,CHENIERE ENERGY PARTNERS LP,Energy,5.95,2033-06-30,14897000,0.000451549776864693,0.8064784965403932,45000.0,0.0007398395370248586,LQDB
478,FIDELITY NATIONAL INFORMATION SERV,Technology,4.8,2031-03-10,15443000,0.00045144902948029666,0.8109926633261187,35000.0,0.0005754307510193344,LQDB
479,T-MOBILE USA INC,Communications,3.4,2052-10-15,24258000,0.00045124753471150386,0.8676255338452278,60000.0,0.0009864527160331447,LQDB
480,BANK OF AMERICA CORP MTN,Banking,5.46,2036-05-09,15173000,0.0004509452925583146,0.808780688301086,485000.0,0.0003627212953835557,QLTA
481,ROGERS COMMUNICATIONS INC,Communications,4.55,2052-03-15,19742000,0.0004499378187143505,0.841791817107163,45000.0,0.0007398395370248586,LQDB
482,COMCAST CORPORATION,Communications,3.4,2030-04-01,16144000,0.0004499378187143505,0.816559834779393,534000.0,0.00039936736440168816,QLTA
483,WALT DISNEY CO,Communications,6.65,2037-11-15,13829000,0.0004492325870235757,0.7971491770687132,508000.0,0.0003799225114532914,QLTA
484,BANK OF AMERICA CORP MTN,Banking,5.0,2044-01-21,16747000,0.0004485273553328008,0.8211586138189717,432000.0,0.0003230837105272084,QLTA
485,CISCO SYSTEMS INC,Technology,5.3,2054-02-26,16416000,0.00044822511317961164,0.8186551446345044,635000.0,0.0004749031393166142,QLTA
486,META PLATFORMS INC,Communications,4.55,2031-08-15,15301000,0.0004481243657952152,0.8098341935540994,275000.0,0.00020566671387727386,QLTA
487,HONEYWELL AEROSPACE INC 144A,Capital Goods,4.6,2033-03-16,15533000,0.0004475198814888368,0.8117214023739835,705000.0,0.0005272546664853748,QLTA
488,ORACLE CORPORATION,Technology,4.0,2046-07-15,24241000,0.00044701614456685475,0.8675376174646913,90000.0,0.0014796790740497171,LQDB
489,HCA INC,Consumer Non-Cyclical,4.63,2052-03-15,19212000,0.00044681464979806195,0.838379068836139,10000.0,0.00016440878600552412,LQDB
490,GOLDMAN SACHS GROUP INC/THE,Banking,4.69,2030-10-23,15267000,0.0004463109128760799,0.8095552182777734,660000.0,0.0004936001133054573,QLTA
491,AT&T INC,Communications,3.5,2041-06-01,20230000,0.0004463109128760799,0.844854056694851,70000.0,0.0011508615020386689,LQDB
492,TORONTO-DOMINION BANK/THE MTN,Banking,4.46,2032-06-08,15616000,0.00044600867072289066,0.812389728835,700000.0,0.0005235152716876062,QLTA
493,AMAZON.COM INC,Consumer Cyclical,6.25,2066-07-09,15589000,0.00044580717595409786,0.8121727120473725,650000.0,0.00048612132370992004,QLTA
494,ALPHABET INC,Technology,5.35,2045-11-15,16220000,0.00044550493380090866,0.8171488219608684,615000.0,0.0004599455601255397,QLTA
495,VERIZON COMMUNICATIONS INC,Communications,3.15,2030-03-22,15992000,0.00044550493380090866,0.8153734962023964,50000.0,0.0008220439300276207,LQDB
496,GLOBAL PAYMENTS INC,Technology,4.88,2030-11-15,15438000,0.00044490044949453016,0.8109520533908047,,,
497,GOLDMAN SACHS GROUP INC/THE,Banking,4.75,2045-10-21,17653000,0.00044449745995694457,0.8277659110817136,510000.0,0.0003814182693723988,QLTA
498,HSBC HOLDINGS PLC FXD-TO-FLT,Banking,4.67,2032-03-10,15278000,0.00044439671257254823,0.809645542913639,690000.0,0.000516036482092069,QLTA
499,JPMORGAN CHASE & CO,Banking,5.6,2041-07-15,15269000,0.0004441952178037553,0.8095716457784714,338000.0,0.0002527830883291584,QLTA
500,AMAZON.COM INC,Consumer Cyclical,5.1,2033-07-09,15229000,0.00044379222826616973,0.8092426862085169,650000.0,0.00048612132370992004,QLTA
501,NOVARTIS CAPITAL CORP,Consumer Non-Cyclical,4.4,2044-05-06,17622000,0.0004429862491909985,0.8275454923860152,360000.0,0.00026923642543934034,QLTA
502,T-MOBILE USA INC,Communications,2.55,2031-02-15,16620000,0.0004427847544222057,0.8202039679407841,145000.0,0.0023839273970801,LQDB
503,PEPSICO INC,Consumer Non-Cyclical,5.0,2035-07-23,14911000,0.00044228101750022364,0.8065962975126932,425000.0,0.00031784855781033234,QLTA
504,APPLE INC,Technology,1.65,2030-05-11,16716000,0.00044187802796263805,0.8209262595855379,531000.0,0.000397123727523027,QLTA
505,BANK OF AMERICA CORP MTN,Banking,4.44,2048-01-20,18332000,0.0004416765331938452,0.8324990958905498,522000.0,0.0003903928168870435,QLTA
506,AMPHENOL CORPORATION,Capital Goods,4.63,2036-02-15,15570000,0.00044087055411867396,0.8120197710956014,600000.0,0.0004487273757322339,QLTA
507,GILEAD SCIENCES INC,Consumer Non-Cyclical,4.8,2044-04-01,16788000,0.00044087055411867396,0.8214652613041616,655000.0,0.0004898607185076886,QLTA
508,VODAFONE GROUP PLC,Communications,5.75,2054-06-28,16494000,0.00044087055411867396,0.8192496026380018,35000.0,0.0005754307510193344,LQDB
509,ENERGY TRANSFER OPERATING LP,Energy,5.0,2050-05-15,18094000,0.00044046756458108837,0.8308602983671673,90000.0,0.0014796790740497171,LQDB
510,ELI LILLY AND COMPANY,Consumer Non-Cyclical,4.38,2031-05-20,15209000,0.0004403668171966919,0.809077882268448,525000.0,0.00039263645376570467,QLTA
511,DELL INTERNATIONAL LLC,Technology,4.5,2031-02-15,15075000,0.0004399638276591063,0.8079680737853111,40000.0,0.0006576351440220965,LQDB
512,VICI PROPERTIES LP,Consumer Cyclical,5.13,2032-05-15,15242000,0.00043956083812152067,0.8093496927472473,25000.0,0.00041102196501381036,LQDB
513,AMAZON.COM INC,Consumer Cyclical,3.95,2052-04-13,20595000,0.0004377473852023854,0.8470965537845602,900000.0,0.0006730910635983509,QLTA
514,SABINE PASS LIQUEFACTION LLC,Energy,4.5,2030-05-15,15065000,0.00043724364828040335,0.80788485710001,60000.0,0.0009864527160331447,LQDB
515,BROADCOM INC,Technology,4.15,2030-11-15,15274000,0.0004365384165896285,0.8096127051181784,435000.0,0.00032532734740586957,QLTA
516,JOHN DEERE CAPITAL CORP MTN,Capital Goods,4.4,2031-09-08,14952000,0.00043643766920523205,0.8069406508848711,325000.0,0.00024306066185496002,QLTA
517,ENERGY TRANSFER LP,Energy,5.95,2054-05-15,15835000,0.00043623617443643925,0.814136235794107,,,
518,CITIGROUP INC,Banking,3.88,2039-01-24,17075000,0.00043512795320807876,0.8235910520398345,296000.0,0.00022137217202790205,QLTA
519,HSBC HOLDINGS PLC,Banking,6.5,2037-09-15,13702000,0.0004350272058236824,0.7959921634788083,100000.0,0.0016440878600552415,LQDB
520,BRISTOL-MYERS SQUIBB CO,Consumer Non-Cyclical,4.13,2039-06-15,16958000,0.0004341204793641148,0.8227287865914832,825000.0,0.0006170001416318216,QLTA
521,MITSUBISHI UFJ FINANCIAL GROUP INC,Banking,2.31,2032-07-20,16929000,0.0004339189845953219,0.8225141426541562,635000.0,0.0004749031393166142,QLTA
522,ORACLE CORPORATION,Technology,5.38,2040-07-15,17847000,0.0004331130055201507,0.8291365761510067,,,
523,APPLE INC,Technology,4.38,2045-05-13,17461000,0.0004329115107513579,0.8263944644976586,608000.0,0.00045471040740866365,QLTA
524,BAT CAPITAL CORP,Consumer Non-Cyclical,4.54,2047-08-15,18036000,0.0004323070264449794,0.8304576610255292,45000.0,0.0007398395370248586,LQDB
525,HCA INC,Consumer Non-Cyclical,5.25,2049-06-15,17033000,0.0004319040369073938,0.8232822025412785,40000.0,0.0006576351440220965,LQDB
526,ALTRIA GROUP INC,Consumer Non-Cyclical,5.38,2044-01-31,15852000,0.0004307958156790333,0.8142707974999829,15000.0,0.0002466131790082862,LQDB
527,SOLVENTUM CORP,Consumer Non-Cyclical,5.6,2034-03-23,14328000,0.0004303928261414477,0.8015946020163583,30000.0,0.0004932263580165724,LQDB
528,AMGEN INC,Consumer Non-Cyclical,4.85,2036-02-19,14969000,0.0004301913313726549,0.8070831547057268,,,
529,CITIGROUP INC,Banking,2.52,2032-11-03,16655000,0.0004301913313726549,0.8204677855530379,765000.0,0.0005721274040585982,QLTA
530,ORACLE CORPORATION,Technology,4.7,2034-09-27,16417000,0.00042988908921946567,0.8186627837500395,35000.0,0.0005754307510193344,LQDB
531,WELLS FARGO & COMPANY,Banking,5.38,2043-11-02,15751000,0.0004283778784535196,0.8134692150756413,635000.0,0.0004749031393166142,QLTA
532,ALPHABET INC,Technology,5.75,2066-02-15,15365000,0.0004281763836847268,0.8103576458610321,605000.0,0.0004524667705300025,QLTA
533,GLOBAL PAYMENTS INC,Technology,5.55,2035-11-15,15080000,0.00042777339414714114,0.8080096614295815,50000.0,0.0008220439300276207,LQDB
534,ORACLE CORPORATION,Technology,5.55,2053-02-06,19028000,0.00042747115199395194,0.837172208717331,75000.0,0.001233065895041431,LQDB
535,US BANCORP (FXD-FRN) MTN,Banking,4.48,2032-01-26,14626000,0.0004267659203031771,0.8041761290331915,450000.0,0.00033654553179917544,QLTA
536,AERCAP IRELAND CAPITAL DAC,Finance Companies,3.4,2033-10-29,16485000,0.0004265644255343843,0.8191811549658866,150000.0,0.002466131790082862,LQDB
537,BANCO SANTANDER SA,Banking,6.94,2033-11-07,13062000,0.00042626218338119505,0.7899933494642363,505000.0,0.0003776788745746302,QLTA
538,RTX CORP,Capital Goods,6.1,2034-03-15,13514000,0.0004261614359967986,0.7942595802516583,50000.0,0.0008220439300276207,LQDB
539,DUKE ENERGY CAROLINAS LLC,Electric,4.95,2033-01-15,14626000,0.00042606068861240226,0.8041761290331915,305000.0,0.00022810308266388556,QLTA
540,PHILIP MORRIS INTERNATIONAL INC,Consumer Non-Cyclical,5.75,2032-11-17,13899000,0.00042505321476843817,0.7977823670903196,544000.0,0.0004068461539972254,QLTA
541,JPMORGAN CHASE & CO,Banking,5.5,2040-10-15,14399000,0.00042485171999964537,0.8022145033969755,320000.0,0.0002393212670571914,QLTA
542,CISCO SYSTEMS INC,Technology,5.1,2035-02-24,14282000,0.0004244487304620597,0.8011913338012069,390000.0,0.000291672794225952,QLTA
543,COSTCO WHOLESALE CORPORATION,Consumer Cyclical,1.6,2030-04-20,16072000,0.0004242472356932669,0.8159992836294029,612000.0,0.00045770192324687855,QLTA
544,FREEPORT-MCMORAN INC,Basic Industry,5.45,2043-03-15,15098000,0.0004235420040024921,0.8081592628604481,35000.0,0.0005754307510193344,LQDB
545,MERCEDES-BENZ FINANCE NORTH AMERIC,Consumer Cyclical,8.5,2031-01-18,12706000,0.00042263527754292444,0.7865279718569127,490000.0,0.00036646069018132435,QLTA
546,BROADCOM INC,Technology,4.6,2030-07-15,14611000,0.000422534530158528,0.8040474487125524,90000.0,6.730910635983509e-05,QLTA
547,ROGERS COMMUNICATIONS INC,Communications,3.8,2032-03-15,15430000,0.0004222322880053388,0.8108870501289387,35000.0,0.0005754307510193344,LQDB
548,WALMART INC,Consumer Cyclical,4.15,2032-09-09,14579000,0.00042203079323654594,0.8037724885965993,320000.0,0.0002393212670571914,QLTA
549,TRUIST FINANCIAL CORP MTN,Banking,5.07,2031-05-20,14288000,0.00042203079323654594,0.8012440076025329,425000.0,0.00031784855781033234,QLTA
550,UNITEDHEALTH GROUP INC,Insurance,2.3,2031-05-15,16146000,0.00042162780369896035,0.8165753699345875,402000.0,0.00030064734174059673,QLTA
551,CIGNA GROUP,Consumer Non-Cyclical,5.25,2036-01-15,14619000,0.0004211240667769783,0.804116094647977,10000.0,0.00016440878600552412,LQDB
552,HONEYWELL INTERNATIONAL INC,Capital Goods,1.75,2031-09-01,16564000,0.00042011659293301427,0.8197807019743583,710000.0,0.0005309940612831434,QLTA
553,AMAZON.COM INC,Consumer Cyclical,4.7,2032-12-01,14390000,0.0004191091190890502,0.8021360937336949,990000.0,0.0007404001699581859,QLTA
554,RAYTHEON TECHNOLOGIES CORPORATION,Capital Goods,4.63,2048-11-16,16942000,0.00041820239262948253,0.8226104077837341,55000.0,0.0009042483230303828,LQDB
555,AON NORTH AMERICA INC,Insurance,5.45,2034-03-01,13921000,0.00041790015047629334,0.7979807111922868,45000.0,0.0007398395370248586,LQDB
556,MITSUBISHI UFJ FINANCIAL GROUP INC,Banking,5.33,2037-04-21,14350000,0.0004177994030918969,0.8017870119769178,560000.0,0.000418812217350085,QLTA
557,TAKEDA PHARMACEUTICAL CO LTD,Consumer Non-Cyclical,3.02,2040-07-09,19318000,0.0004176986557075005,0.8390690887059862,,,
558,UBS GROUP AG,Banking,4.88,2045-05-15,16100000,0.0004175979083231041,0.816217573571633,1040000.0,0.0007777941179358721,QLTA
559,AT&T INC,Communications,6.0,2056-04-30,14971000,0.00041729566616991484,0.8070999092201333,15000.0,0.0002466131790082862,LQDB
560,WALMART INC,Consumer Cyclical,4.1,2033-04-15,14641000,0.00041669118186353645,0.8043046774506527,385000.0,0.00028793339942818344,QLTA
561,NORTHROP GRUMMAN CORP,Capital Goods,4.03,2047-10-15,18312000,0.00041648968709474365,0.8323622030266705,75000.0,0.001233065895041431,LQDB
562,CIGNA GROUP,Consumer Non-Cyclical,5.6,2054-02-15,14884000,0.0004149784763287975,0.8063690107524432,30000.0,0.0004932263580165724,LQDB
563,AMAZON.COM INC,Consumer Cyclical,4.25,2057-08-22,18942000,0.0004146762341756083,0.8366041251305469,807000.0,0.0006035383203598546,QLTA
564,HONEYWELL AEROSPACE INC 144A,Capital Goods,4.3,2031-03-16,14330000,0.0004145754867912119,0.8016121060348318,430000.0,0.00032158795260810093,QLTA
565,SANTANDER UK GROUP HOLDINGS PLC,Banking,5.69,2031-04-15,13725000,0.0004144747394068155,0.7962024944737781,,,
566,TOTALENERGIES CAPITAL SA,Energy,5.49,2054-04-05,14828000,0.0004125605391032838,0.8058962838701033,653000.0,0.0004883649605885813,QLTA
567,US BANCORP MTN,Banking,5.05,2031-02-12,13744000,0.00041185530741250895,0.7963759804865778,450000.0,0.00033654553179917544,QLTA
568,VERIZON COMMUNICATIONS INC,Communications,2.88,2050-11-20,23890000,0.00041165381264371615,0.8657084916647352,75000.0,0.001233065895041431,LQDB
569,COCA-COLA CO,Consumer Non-Cyclical,5.4,2064-05-13,15012000,0.0004110493283373377,0.8074428843961242,390000.0,0.000291672794225952,QLTA
570,ROYAL BANK OF CANADA MTN,Banking,4.61,2032-05-03,14180000,0.0004109485809529413,0.8002924775116597,420000.0,0.0003141091630125637,QLTA
571,ROYAL BANK OF CANADA MTN,Banking,5.0,2033-02-01,13781000,0.00041064633879975206,0.7967131344760614,495000.0,0.00037020008497909294,QLTA
572,FISERV INC,Technology,5.63,2033-08-21,13755000,0.00041044484403095926,0.7964763101723988,45000.0,0.0007398395370248586,LQDB
573,PAYCHEX INC,Technology,5.35,2032-04-15,13798000,0.00041044484403095926,0.7968677396794784,25000.0,0.00041102196501381036,LQDB
574,BOEING CO,Capital Goods,7.01,2064-05-01,12621000,0.00041044484403095926,0.7856862076579043,20000.0,0.00032881757201104825,LQDB
575,BRISTOL-MYERS SQUIBB CO,Consumer Non-Cyclical,2.95,2032-03-15,15329000,0.0004102433492621664,0.8100634728294648,725000.0,0.0005422122456764493,QLTA
576,MARRIOTT INTERNATIONAL INC,Consumer Cyclical,5.5,2037-04-15,13949000,0.000409135128033806,0.7982326962877688,35000.0,0.0005754307510193344,LQDB
577,BANK OF NOVA SCOTIA (FXD-FRN) MTN,Banking,4.9,2032-06-05,14040000,0.00040842989634303113,0.7990481685351021,325000.0,0.00024306066185496002,QLTA
578,WELLS FARGO & COMPANY MTN,Banking,4.89,2036-09-15,14292000,0.00040842989634303113,0.8012791111829296,740000.0,0.0005534304300697551,QLTA
579,CHARTER COMMUNICATIONS OPERATING L,Communications,2.8,2031-04-01,15735000,0.00040842989634303113,0.8133417602820777,65000.0,0.0010686571090359068,LQDB
580,STARBUCKS CORPORATION,Consumer Cyclical,2.55,2030-11-15,15242000,0.0004077246646522563,0.8093496927472473,30000.0,0.0004932263580165724,LQDB
581,TRUIST FINANCIAL CORP MTN,Banking,5.87,2034-06-08,13496000,0.0004076239172678599,0.7940924320801055,565000.0,0.0004225516121478536,QLTA
582,WELLS FARGO & COMPANY,Banking,4.65,2044-11-04,16591000,0.0004076239172678599,0.81998495498793,667000.0,0.0004988352660223334,QLTA
583,EATON CORPORATION,Capital Goods,4.2,2031-03-06,14107000,0.00040732167511467064,0.7996451999103392,375000.0,0.0002804546098326462,QLTA
584,ORACLE CORPORATION,Technology,5.25,2032-02-03,14151000,0.00040722092773027424,0.8000357396672864,,,
585,MORGAN STANLEY,Banking,3.22,2042-04-22,18588000,0.00040712018034587784,0.8342382532474616,472000.0,0.0003529988689093573,QLTA
586,HSBC HOLDINGS PLC,Banking,2.85,2031-06-04,15031000,0.0004065156960394994,0.8076015066096496,450000.0,0.00033654553179917544,QLTA
587,T-MOBILE USA INC,Communications,4.38,2040-04-15,15985000,0.000406414948655103,0.8153185909395481,55000.0,0.0009042483230303828,LQDB
588,JOHNSON & JOHNSON,Consumer Non-Cyclical,3.7,2046-03-01,17512000,0.0004052059800423461,0.8267602203139259,678000.0,0.0005070619345774243,QLTA
589,OCCIDENTAL PETROLEUM CORPORATION,Energy,6.45,2036-09-15,12833000,0.00040490373788915686,0.7877752320380351,50000.0,0.0008220439300276207,LQDB
590,INTERNATIONAL BUSINESS MACHINES CO,Technology,4.15,2039-05-15,16365000,0.00040470224312036407,0.8182649314190598,705000.0,0.0005272546664853748,QLTA
591,T-MOBILE USA INC,Communications,2.88,2031-02-15,14958000,0.0004046014957359677,0.8069909648434788,,,
592,MERCK & CO INC,Consumer Non-Cyclical,3.7,2045-02-10,17802000,0.0004040977588139857,0.8288199702263506,620000.0,0.00046368495492330836,QLTA
593,ORACLE CORPORATION,Technology,5.5,2035-08-03,14661000,0.00040359402189200363,0.8044758706246637,55000.0,0.0009042483230303828,LQDB
594,WALT DISNEY CO,Communications,3.6,2051-01-13,19558000,0.00040359402189200363,0.8406175089140613,766000.0,0.0005728752830181519,QLTA
595,JBS NV/USA FOODS/FOOD CO,Consumer Non-Cyclical,6.5,2052-12-01,14071000,0.00040349327450760723,0.799324760283563,35000.0,0.0005754307510193344,LQDB
596,AMAZON.COM INC,Consumer Cyclical,1.5,2030-06-03,15499000,0.0004033925271232108,0.8114465984250812,731000.0,0.0005466995194337716,QLTA
597,JPMORGAN CHASE & CO,Banking,5.0,2030-07-22,13771000,0.0004033925271232108,0.7966221011241057,630000.0,0.0004711637445188456,QLTA
598,CVS HEALTH CORP,Consumer Non-Cyclical,6.2,2055-09-15,13660000,0.00040329177973881443,0.7956071681697737,,,
599,SALESFORCE INC,Technology,6.4,2046-03-15,13837000,0.000403191032354418,0.7972217036608581,495000.0,0.00037020008497909294,QLTA
600,ADOBE INC,Technology,2.3,2030-02-01,14817000,0.000403191032354418,0.8058032170456854,480000.0,0.0003589819005857871,QLTA
601,WALT DISNEY CO,Communications,4.7,2050-03-23,15984000,0.0004025865480480396,0.8153107453678888,553000.0,0.00041357706463320893,QLTA
602,PFIZER INC,Consumer Non-Cyclical,4.88,2035-11-15,14045000,0.00040248580066364314,0.7990928213894628,425000.0,0.00031784855781033234,QLTA
603,HEWLETT PACKARD ENTERPRISE CO,Technology,5.6,2054-10-15,15197000,0.00040228430589485034,0.8089788958473534,25000.0,0.00041102196501381036,LQDB
604,GENERAL MOTORS FINANCIAL COMPANY I,Consumer Cyclical,5.6,2031-06-18,13467000,0.0004019820637416611,0.7938226683248378,25000.0,0.00041102196501381036,LQDB
605,BROADCOM INC,Technology,5.15,2031-11-15,13542000,0.0004019820637416611,0.7945191465125764,185000.0,0.00013835760751743878,QLTA
606,UNITEDHEALTH GROUP INC,Insurance,5.38,2054-04-15,14874000,0.00040167982158847195,0.8062847258241094,635000.0,0.0004749031393166142,QLTA
607,ACCENTURE CAPITAL INC,Technology,4.5,2034-10-04,14426000,0.00040167982158847195,0.8024494386666544,420000.0,0.0003141091630125637,QLTA
608,ORACLE CORPORATION,Technology,6.1,2065-09-26,17312000,0.00040147832681967905,0.8253197319267596,85000.0,0.001397474681046955,LQDB
609,NOVARTIS CAPITAL CORP,Consumer Non-Cyclical,2.2,2030-08-14,14954000,0.00040127683205088625,0.8069574244474119,590000.0,0.0004412485861366967,QLTA
610,ABBOTT LABORATORIES,Consumer Non-Cyclical,4.75,2036-11-30,14220000,0.00040107533728209345,0.8006457384217232,607000.0,0.00045396252844910997,QLTA
611,MICROSOFT CORPORATION,Technology,4.1,2037-02-06,14620000,0.00040077309512890426,0.8041246727484729,123000.0,9.198911202510794e-05,QLTA
612,FIFTH THIRD BANCORP,Banking,5.63,2032-01-29,13091000,0.0004003701055913186,0.7902714682387438,45000.0,0.0007398395370248586,LQDB
613,VERIZON COMMUNICATIONS INC,Communications,4.4,2034-11-01,14509000,0.0004002693582069222,0.8031689032860633,50000.0,0.0008220439300276207,LQDB
614,ROYAL BANK OF CANADA (FX-FRN) MTN,Banking,5.15,2031-02-04,13274000,0.00039976562128494017,0.7920124087591883,685000.0,0.0005122970872943004,QLTA
615,BP CAPITAL MARKETS AMERICA INC,Energy,3.0,2050-02-24,21297000,0.00039966487390054377,0.8512999498999881,462000.0,0.0003455200793138201,QLTA
616,AT&T INC,Communications,5.85,2046-04-30,14241000,0.0003991611369785618,0.8008308028130673,,,
617,KLA CORP,Technology,4.65,2032-07-15,13802000,0.00039805291575020134,0.79690408969137,170000.0,0.00012713942312413294,QLTA
618,PNC FINANCIAL SERVICES GROUP INC (,Banking,2.55,2030-01-22,14698000,0.0003979521683658049,0.8047919632328593,730000.0,0.0005459516404742179,QLTA
619,AMAZON.COM INC,Consumer Cyclical,2.88,2041-05-12,18817000,0.00039724693667503004,0.8357738065424442,627000.0,0.0004689201076401844,QLTA
620,CONOCOPHILLIPS,Energy,6.5,2039-02-01,12168000,0.00039724693667503004,0.7811022437411137,690000.0,0.000516036482092069,QLTA
621,MORGAN STANLEY,Banking,4.38,2047-01-22,16755000,0.000396743199753048,0.8212185063830125,515000.0,0.00038515766417016744,QLTA
622,FORD MOTOR CREDIT COMPANY LLC,Consumer Cyclical,6.13,2034-03-08,13316000,0.00039613871544666955,0.7924085818367806,,,
623,PHILIP MORRIS INTERNATIONAL INC,Consumer Non-Cyclical,5.13,2031-02-13,13113000,0.0003958364732934803,0.7904820442219127,430000.0,0.00032158795260810093,QLTA
624,HSBC HOLDINGS PLC,Banking,5.72,2035-03-04,13068000,0.0003958364732934803,0.7900509419061887,430000.0,0.00032158795260810093,QLTA
625,FOX CORP,Communications,6.5,2033-10-13,12612000,0.0003956349785246875,0.7855967479892809,30000.0,0.0004932263580165724,LQDB
626,MITSUBISHI UFJ FINANCIAL GROUP INC,Banking,5.43,2035-04-17,13310000,0.0003954334837558947,0.7923520622503899,415000.0,0.0003103697682147951,QLTA
627,UNITEDHEALTH GROUP INC,Insurance,5.75,2064-07-15,14390000,0.00039533273637149826,0.8021360937336949,675000.0,0.0005048182976987631,QLTA
628,COMCAST CORPORATION,Communications,4.25,2033-01-15,14366000,0.0003952319889871019,0.8019267613048187,565000.0,0.0004225516121478536,QLTA
629,SHELL FINANCE US INC,Energy,4.0,2046-05-10,17238000,0.0003950304942183091,0.8247825294861482,545000.0,0.0004075940329567791,QLTA
630,ORACLE CORPORATION,Technology,3.65,2041-03-25,19720000,0.00039472825206511987,0.8416519880985437,80000.0,0.001315270288044193,LQDB
631,ORACLE CORPORATION,Technology,3.8,2037-11-15,17736000,0.0003942245151431378,0.8283541642065628,50000.0,0.0008220439300276207,LQDB
632,NOVARTIS CAPITAL CORP,Consumer Non-Cyclical,4.4,2031-03-18,13477000,0.00039382152560555223,0.7939157558737584,555000.0,0.00041507282255231635,QLTA
633,WELLS FARGO & COMPANY,Banking,4.4,2046-06-14,16957000,0.0003934185360679666,0.8227213911888485,677000.0,0.0005063140556178706,QLTA
634,NISOURCE INC,Natural Gas,5.85,2055-04-01,13834000,0.000393015546530381,0.7971945111038915,45000.0,0.0007398395370248586,LQDB
635,GOLDMAN SACHS GROUP INC/THE MTN,Banking,4.8,2044-07-08,15479000,0.00039291479914598453,0.8112846673029019,558000.0,0.0004173164594309775,QLTA
636,LOWES COMPANIES INC,Consumer Cyclical,4.05,2047-05-03,17582000,0.00039271330437719174,0.8272605075113062,,,
637,PNC FINANCIAL SERVICES GROUP INC (,Banking,5.4,2035-07-23,13085000,0.00039210882007081335,0.790213977006007,535000.0,0.0004001152433612419,QLTA
638,COMCAST CORPORATION,Communications,2.65,2030-02-01,14307000,0.0003914035883800385,0.8014106621654608,625000.0,0.000467424349721077,QLTA
639,MICROSOFT CORPORATION,Technology,3.7,2046-08-08,17452000,0.0003914035883800385,0.8263298084734657,614000.0,0.00045919768116598603,QLTA
640,WELLS FARGO & COMPANY MTN,Banking,4.75,2046-12-07,16106000,0.0003912020936112457,0.8162643005945224,236000.0,0.00017649943445467866,QLTA
641,JBS NV 144A,Consumer Non-Cyclical,5.63,2037-03-10,13503000,0.0003912020936112457,0.794157460621955,25000.0,0.00041102196501381036,LQDB
642,COMCAST CORPORATION,Communications,4.25,2030-10-15,13647000,0.00039110134622684925,0.7954877630249332,574000.0,0.00042928252278383707,QLTA
643,SERVICENOW INC,Technology,1.4,2030-09-01,15265000,0.00039110134622684925,0.8095387886249076,665000.0,0.0004973395081032259,QLTA
644,UNITED PARCEL SERVICE INC,Transportation,6.2,2038-01-15,12533000,0.00039069835668926366,0.7848087401730914,571000.0,0.0004270388859051759,QLTA
645,T-MOBILE USA INC,Communications,5.65,2053-01-15,14731000,0.0003905976093048672,0.8050732130585031,50000.0,0.0008220439300276207,LQDB
646,ABBOTT LABORATORIES,Consumer Non-Cyclical,4.0,2031-03-15,13587000,0.0003892878933077139,0.7949351842937242,895000.0,0.0006693516688005822,QLTA
647,ONEOK INC,Energy,4.75,2031-10-15,13391000,0.0003890863985389211,0.7931129357691692,,,
648,ENERGY TRANSFER LP,Energy,6.25,2049-04-15,13450000,0.00038898565115452467,0.7936642607410831,44000.0,0.0007233986584243062,LQDB
649,HCA INC,Consumer Non-Cyclical,3.63,2032-03-15,14238000,0.00038898565115452467,0.8008043817574237,35000.0,0.0005754307510193344,LQDB
650,HCA INC,Consumer Non-Cyclical,5.45,2031-04-01,12913000,0.00038868340900133553,0.7885545869281807,25000.0,0.00041102196501381036,LQDB
651,CVS HEALTH CORP,Consumer Non-Cyclical,5.45,2035-09-15,13101000,0.0003884819142325426,0.7903672284298259,20000.0,0.00032881757201104825,LQDB
652,BANCO SANTANDER SA,Banking,4.87,2031-04-15,13300000,0.0003883811668481463,0.7922578062969505,215000.0,0.00016079397630405047,QLTA
653,BROADCOM INC,Technology,4.35,2030-02-15,13252000,0.0003883811668481463,0.791804388966092,720000.0,0.0005384728508786807,QLTA
654,US BANCORP,Banking,5.85,2033-10-21,12694000,0.0003883811668481463,0.7864094765345716,550000.0,0.0004113334277545477,QLTA
655,EXTRA SPACE STORAGE LP,Reits,5.5,2030-07-01,13027000,0.00038807892469495703,0.7896568653875444,,,
656,TOTALENERGIES CAPITAL USA LLC,Energy,4.57,2033-01-13,13645000,0.00038807892469495703,0.7954693829076286,205000.0,0.00015331518670851324,QLTA
657,WELLS FARGO & COMPANY MTN,Banking,4.9,2045-11-17,15457000,0.0003879781773105607,0.8111063012343516,661000.0,0.0004943479922650111,QLTA
658,UNION PACIFIC CORPORATION,Transportation,3.25,2050-02-05,19496000,0.00038767593515737144,0.8402193282400636,530000.0,0.00039637584856347326,QLTA
659,TIME WARNER CABLE LLC,Communications,6.55,2037-05-01,13570000,0.00038767593515737144,0.7947781766374308,50000.0,0.0008220439300276207,LQDB
660,CVS HEALTH CORP,Consumer Non-Cyclical,5.3,2033-06-01,13144000,0.00038747444038857864,0.7907781660599675,,,
661,CHENIERE ENERGY INC,Energy,5.65,2034-04-15,12859000,0.0003871721982353894,0.7880290540181778,50000.0,0.0008220439300276207,LQDB
662,ARTHUR J GALLAGHER & CO,Insurance,5.15,2035-02-15,13214000,0.00038686995608220014,0.7914442673156465,30000.0,0.0004932263580165724,LQDB
663,JEFFERIES FINANCIAL GROUP INC,Brokerage/Asset Managers/Exchanges,6.2,2034-04-14,12767000,0.0003859632296226325,0.7871285979764805,25000.0,0.00041102196501381036,LQDB
664,ONEOK INC,Energy,6.05,2033-09-01,12466000,0.0003858624822382361,0.7841365272599503,75000.0,0.001233065895041431,LQDB
665,PROCTER & GAMBLE CO,Consumer Non-Cyclical,3.0,2030-03-25,13764000,0.00038556024008504686,0.7965583384366214,321000.0,0.00024006914601674514,QLTA
666,TEXAS INSTRUMENTS INC,Technology,4.15,2048-05-15,16397000,0.0003844520188566864,0.818509912956261,536000.0,0.00040086312232079564,QLTA
667,ELI LILLY AND COMPANY,Consumer Non-Cyclical,4.65,2033-05-20,13282000,0.0003843512714722901,0.7920879668516364,345000.0,0.0002580182410460345,QLTA
668,VODAFONE GROUP PLC MTN,Communications,4.8,2031-06-18,13273000,0.00038384753455030803,0.7920029607959377,,,
669,ABBVIE INC,Consumer Non-Cyclical,4.88,2048-11-14,14985000,0.0003837467871659116,0.8072171281872779,590000.0,0.0004412485861366967,QLTA
670,ENERGY TRANSFER LP,Energy,5.55,2034-05-15,12904000,0.0003836460397815152,0.7884671509048589,20000.0,0.00032881757201104825,LQDB
671,MPLX LP,Energy,5.5,2034-06-01,13030000,0.000383343797628326,0.7896857422822063,20000.0,0.00032881757201104825,LQDB
672,AMAZON.COM INC,Consumer Cyclical,5.55,2065-11-20,14743000,0.00038294080809074034,0.805175329538446,719000.0,0.0005377249719191269,QLTA
673,BP CAPITAL MARKETS AMERICA INC,Energy,2.72,2032-01-12,14637000,0.0003825378185531547,0.8042704107545866,760000.0,0.0005683880092608296,QLTA
674,COMCAST CORPORATION,Communications,1.95,2031-01-15,14959000,0.0003825378185531547,0.8069993485410548,460000.0,0.00034402432139471267,QLTA
675,HCA INC,Consumer Non-Cyclical,5.75,2035-03-01,12658000,0.0003824370711687583,0.7860533172982352,,,
676,GENERAL MOTORS FINANCIAL COMPANY I,Consumer Cyclical,5.1,2031-09-15,13083000,0.0003822355763999655,0.7901948074033789,,,
677,US BANCORP MTN,Banking,5.84,2034-06-12,12616000,0.0003820340816311727,0.7856365157207531,628000.0,0.00046966798659973816,QLTA
678,UNITEDHEALTH GROUP INC,Insurance,5.5,2044-07-15,13668000,0.00038163109209358705,0.7956805917902244,535000.0,0.0004001152433612419,QLTA
679,FEDEX FREIGHT HOLDING COMPANY INC 144A,Transportation,4.65,2031-03-15,13089000,0.00038153034470919065,0.790252307422794,25000.0,0.00041102196501381036,LQDB
680,BERKSHIRE HATHAWAY FINANCE CORP,Insurance,4.25,2049-01-15,16387000,0.00038132884994039785,0.8184334076219294,682000.0,0.0005100534504156391,QLTA
681,TAKEDA US FINANCING INC,Consumer Non-Cyclical,5.2,2035-07-07,13228000,0.00038132884994039785,0.791577064057657,,,
682,JPMORGAN CHASE & CO,Banking,4.26,2048-02-22,15894000,0.0003810266077872086,0.8146026263766453,493000.0,0.0003687043270599855,QLTA
683,HEWLETT PACKARD ENTERPRISE CO,Technology,6.35,2045-10-15,12872000,0.000380623618249623,0.7881557726191359,35000.0,0.0005754307510193344,LQDB
684,CANADIAN IMPERIAL BANK OF COMMERCE,Banking,6.09,2033-10-03,12170000,0.0003804221234808302,0.7811228547264746,360000.0,0.00026923642543934034,QLTA
685,MERCK & CO INC,Consumer Non-Cyclical,4.75,2035-12-04,13419000,0.0003802206287120374,0.7933748837289463,360000.0,0.00026923642543934034,QLTA
686,ANHEUSER-BUSCH INBEV WORLDWIDE INC,Consumer Non-Cyclical,4.44,2048-10-06,15644000,0.0003802206287120374,0.8126143873163308,580000.0,0.00043376979654115945,QLTA
687,WELLS FARGO & COMPANY MTN,Banking,4.84,2032-05-20,12925000,0.0003800191339432445,0.7886710735440153,915000.0,0.0006843092479916566,QLTA
688,WALT DISNEY CO,Communications,6.2,2034-12-15,12021000,0.00037971689179005537,0.7795779859916724,252000.0,0.00018846549780753824,QLTA
689,INTEL CORPORATION,Technology,4.9,2052-08-05,15653000,0.0003793139022524697,0.8126865135835407,,,
690,AT&T INC,Communications,4.75,2046-05-15,15786000,0.0003790116600992805,0.813747571654086,70000.0,0.0011508615020386689,LQDB
691,COMCAST CORPORATION,Communications,4.7,2048-10-15,16639000,0.0003787094179460913,0.8203472520757249,643000.0,0.000480886170993044,QLTA
692,COCA-COLA CO,Consumer Non-Cyclical,2.25,2032-01-05,14589000,0.0003787094179460913,0.8038584784108209,840000.0,0.0006282183260251274,QLTA
693,JPMORGAN CHASE & CO,Banking,4.95,2045-06-01,14436000,0.0003787094179460913,0.8025363401600822,425000.0,0.00031784855781033234,QLTA
694,CVS HEALTH CORP,Consumer Non-Cyclical,1.88,2031-02-28,14739000,0.00037850792317729843,0.8051412999499739,10000.0,0.00016440878600552412,LQDB
695,DIAMONDBACK ENERGY INC,Energy,5.4,2034-04-18,12742000,0.00037830642840850563,0.7868827875168422,70000.0,0.0011508615020386689,LQDB
696,TOTALENERGIES CAPITAL INTERNATIONA,Energy,3.13,2050-05-29,20028000,0.00037830642840850563,0.8435955472951033,766000.0,0.0005728752830181519,QLTA
697,APPLE INC,Technology,4.5,2032-05-12,12863000,0.00037820568102410923,0.7880680579964556,205000.0,0.00015331518670851324,QLTA
698,ING GROEP NV,Banking,5.55,2035-03-19,12626000,0.00037810493363971283,0.7857358799127415,530000.0,0.00039637584856347326,QLTA
699,NATWEST GROUP PLC,Banking,6.02,2034-03-02,12186000,0.0003780041862553164,0.7812876207743474,354000.0,0.000264749151682018,QLTA
700,BARCLAYS PLC,Banking,5.59,2037-06-26,13132000,0.0003780041862553164,0.7906636211835485,,,
701,CATERPILLAR FINANCIAL SERVICES COR MTN,Capital Goods,4.5,2031-05-15,12981000,0.00037790343887092004,0.789213251663909,210000.0,0.00015705458150628185,QLTA
702,PHILLIPS 66 CO,Energy,5.25,2031-06-15,12702000,0.00037790343887092004,0.7864884858552806,20000.0,0.00032881757201104825,LQDB
703,MCDONALDS CORPORATION MTN,Consumer Cyclical,4.88,2045-12-09,14703000,0.00037770194410212724,0.8048346174083485,57000.0,0.0009371300802314876,LQDB
704,BROADCOM INC,Technology,3.75,2051-02-15,17922000,0.0003776011967177308,0.829662482902384,550000.0,0.0004113334277545477,QLTA
705,WESTPAC BANKING CORP,Banking,2.15,2031-06-03,14466000,0.00037729895456454154,0.802796683911767,470000.0,0.0003515031109902499,QLTA
706,ALPHABET INC,Technology,4.0,2030-05-15,13092000,0.0003771982071801452,0.7902810475489993,200000.0,0.00014957579191074462,QLTA
707,ENBRIDGE INC,Energy,6.7,2053-11-15,11976000,0.0003771982071801452,0.7791076483726708,35000.0,0.0005754307510193344,LQDB
708,VERIZON COMMUNICATIONS INC,Communications,4.27,2036-01-15,14281000,0.00037709745979574874,0.8011825526829628,,,
709,ORACLE CORPORATION,Technology,4.3,2034-07-08,14964000,0.0003765937228737667,0.8070412586240397,40000.0,0.0006576351440220965,LQDB
710,LOWES COMPANIES INC,Consumer Cyclical,1.7,2030-10-15,14587000,0.00037649297548937035,0.8038412851642699,96000.0,0.0015783243456530317,LQDB
711,BROADCOM INC,Technology,4.9,2032-07-15,12982000,0.0003761907333361811,0.7892229121453793,3370000.0,0.002520352093696047,QLTA
712,VODAFONE GROUP PLC MTN,Communications,6.1,2056-06-18,13437000,0.0003758884911829919,0.7935429903763003,25000.0,0.00041102196501381036,LQDB
713,QUALCOMM INCORPORATED,Technology,4.3,2047-05-20,16127000,0.00037568699641419906,0.8164277082026079,415000.0,0.0003103697682147951,QLTA
714,MITSUBISHI UFJ FINANCIAL GROUP INC,Banking,5.2,2031-01-16,12738000,0.00037548550164540626,0.7868434130926106,375000.0,0.0002804546098326462,QLTA
715,HALLIBURTON COMPANY,Energy,5.0,2045-11-15,14598000,0.00037548550164540626,0.8039358188635635,15000.0,0.0002466131790082862,LQDB
716,ORACLE CORPORATION,Technology,4.9,2033-02-06,13630000,0.00037538475426100986,0.7953314460942932,,,
717,HONEYWELL AEROSPACE INC 144A,Capital Goods,5.85,2066-03-16,13060000,0.00037498176472342427,0.7899741461045559,310000.0,0.00023184247746165418,QLTA
718,UNITEDHEALTH GROUP INC,Insurance,4.75,2052-05-15,15262000,0.00037498176472342427,0.8095141401090589,715000.0,0.0005347334560809121,QLTA
719,MASTERCARD INC,Technology,4.6,2031-06-08,12855000,0.00037457877518583857,0.7879900379051935,395000.0,0.00029541218902372066,QLTA
720,PHILIP MORRIS INTERNATIONAL INC,Consumer Non-Cyclical,6.38,2038-05-16,11802000,0.0003742765330326494,0.7772722289521133,605000.0,0.0004524667705300025,QLTA
721,ECOLAB INC,Basic Industry,5.15,2033-06-15,12684000,0.0003742765330326494,0.7863106448325949,405000.0,0.0003028909786192579,QLTA
722,GENERAL MOTORS CO,Consumer Cyclical,6.25,2043-10-02,12806000,0.0003742765330326494,0.7875111027946439,35000.0,0.0005754307510193344,LQDB
723,HUMANA INC,Insurance,5.38,2031-04-15,12553000,0.00037407503826385663,0.7850087044028896,,,
724,MASTERCARD INC,Technology,3.35,2030-03-26,13228000,0.0003736720487262709,0.791577064057657,572000.0,0.00042778676486472964,QLTA
725,HSBC HOLDINGS PLC,Banking,2.87,2032-11-22,14276000,0.0003736720487262709,0.8011386378664808,650000.0,0.00048612132370992004,QLTA
726,BANCO SANTANDER SA,Banking,6.35,2034-03-14,11991000,0.00037326905918868533,0.779264623659342,,,
727,NOVARTIS CAPITAL CORP,Consumer Non-Cyclical,4.1,2030-11-05,12970000,0.00037306756441989254,0.7891069372232911,550000.0,0.0004113334277545477,QLTA
728,BARCLAYS PLC,Banking,4.94,2030-09-10,12584000,0.0003729668170354961,0.7853180202095057,,,
729,MPLX LP,Energy,5.4,2035-09-15,12718000,0.00037286606965109974,0.7866463553208459,45000.0,0.0007398395370248586,LQDB
730,NVIDIA CORPORATION,Technology,3.5,2050-04-01,17976000,0.0003727653222667033,0.8300397748003098,432000.0,0.0003230837105272084,QLTA
731,SYNOPSYS INC,Technology,4.85,2030-04-01,12624000,0.0003727653222667033,0.7857160133716864,20000.0,0.00032881757201104825,LQDB
732,PNC FINANCIAL SERVICES GROUP INC (,Banking,4.81,2032-10-21,12762000,0.0003725638274979105,0.7870794744143548,520000.0,0.00038889705896793603,QLTA
733,FORD MOTOR CREDIT COMPANY LLC,Consumer Cyclical,5.73,2030-09-05,12450000,0.00037206009057592844,0.7839754644153393,,,
734,LOWES COMPANIES INC,Consumer Cyclical,5.0,2033-04-15,12657000,0.00037185859580713565,0.7860434095328621,65000.0,0.0010686571090359068,LQDB
735,BROADCOM INC,Technology,3.19,2036-11-15,15430000,0.0003713548588851536,0.8108870501289387,295000.0,0.00022062429306834834,QLTA
736,HCA INC,Consumer Non-Cyclical,6.0,2054-04-01,13155000,0.00037095186934756795,0.7908830737007195,30000.0,0.0004932263580165724,LQDB
737,GOLDMAN SACHS GROUP INC/THE,Banking,3.44,2043-02-24,16800000,0.0003708511219631716,0.8215548701255141,566000.0,0.0004232994911074073,QLTA
738,MEDTRONIC INC,Consumer Non-Cyclical,4.63,2045-03-15,14291000,0.0003708511219631716,0.80127033620898,422000.0,0.0003156049209316712,QLTA
739,UBER TECHNOLOGIES INC,Consumer Cyclical,4.3,2030-01-15,12895000,0.0003706496271943788,0.788379653877291,25000.0,0.00041102196501381036,LQDB
740,ENTERPRISE PRODUCTS OPERATING LLC,Energy,5.2,2036-01-15,12818000,0.0003706496271943788,0.7876285622538839,415000.0,0.0003103697682147951,QLTA
741,ALPHABET INC,Technology,5.3,2065-05-15,14495000,0.00037054887980998236,0.8030478368332692,580000.0,0.00043376979654115945,QLTA
742,CRH AMERICA FINANCE INC,Capital Goods,5.5,2035-01-09,12589000,0.0003702466376567931,0.7853678384837661,,,
743,PHILLIPS 66,Energy,4.88,2044-11-15,14427000,0.00037014589027239677,0.8024581315263365,70000.0,0.0011508615020386689,LQDB
744,CHARTER COMMUNICATIONS OPERATING L,Communications,6.55,2034-06-01,12497000,0.0003698436481192075,0.7844479990977121,30000.0,0.0004932263580165724,LQDB
745,BANCO BILBAO VIZCAYA ARGENTARIA SA,Banking,4.97,2031-05-08,12639000,0.0003696421533504147,0.7858649357738771,400000.0,0.00029915158382148925,QLTA
746,HUNTINGTON BANCSHARES INC,Banking,5.71,2035-02-02,12184000,0.0003694406585816219,0.7812670368530626,50000.0,0.0008220439300276207,LQDB
747,HOME DEPOT INC,Consumer Cyclical,5.3,2054-06-25,13780000,0.00036933991119722547,0.7967040341139409,484000.0,0.000361973416424002,QLTA
748,APPLE INC,Technology,2.65,2050-05-11,21219000,0.0003691384164284327,0.8508398031737704,555000.0,0.00041507282255231635,QLTA
749,GENERAL MOTORS FINANCIAL COMPANY I,Consumer Cyclical,6.1,2034-01-07,12210000,0.0003691384164284327,0.7815343646614187,60000.0,0.0009864527160331447,LQDB
750,BARCLAYS PLC,Banking,6.69,2034-09-13,11585000,0.0003690376690440363,0.7749449345390543,,,
751,AMAZON.COM INC,Consumer Cyclical,4.95,2044-12-05,13945000,0.0003688361742752434,0.7981967294014112,692000.0,0.0005175322400111764,QLTA
752,AERCAP IRELAND CAPITAL DAC,Finance Companies,3.85,2041-10-29,15904000,0.0003686346795064506,0.8146815040068621,,,
753,MITSUBISHI UFJ FINANCIAL GROUP INC,Banking,4.87,2032-04-21,12601000,0.00036853393212205423,0.7854873216592808,315000.0,0.0002355818722594228,QLTA
754,PACIFIC GAS AND ELECTRIC COMPANY,Electric,2.5,2031-02-01,13923000,0.00036843318473765783,0.7979987269285835,25000.0,0.00041102196501381036,LQDB
755,UNITEDHEALTH GROUP INC,Insurance,6.05,2063-02-15,12486000,0.00036843318473765783,0.7843375653603096,528000.0,0.00039488009064436583,QLTA
756,MEDTRONIC INC,Consumer Non-Cyclical,4.38,2035-03-15,13092000,0.0003680301952000722,0.7902810475489993,802000.0,0.000599798925562086,QLTA
757,AT&T INC,Communications,4.4,2031-04-30,12615000,0.000367224216124901,0.7856265749700727,,,
758,REGAL REXNORD CORP,Capital Goods,6.4,2033-04-15,11787000,0.0003670227213561081,0.7771127382271352,35000.0,0.0005754307510193344,LQDB
759,LOWES COMPANIES INC,Consumer Cyclical,4.5,2032-10-15,12794000,0.0003666197318185225,0.7873935332171444,15000.0,0.0002466131790082862,LQDB
760,BURLINGTON NORTHERN SANTA FE LLC,Transportation,5.2,2054-04-15,13723000,0.00036651898443412615,0.7961842188193962,555000.0,0.00041507282255231635,QLTA
761,PACIFICORP,Electric,5.8,2055-01-15,13647000,0.0003658137527433513,0.7954877630249332,25000.0,0.00041102196501381036,LQDB
762,TORONTO-DOMINION BANK/THE MTN,Banking,3.2,2032-03-10,13532000,0.0003649070262837836,0.794426505937966,520000.0,0.00038889705896793603,QLTA
763,KROGER CO,Consumer Non-Cyclical,5.65,2064-09-15,13487000,0.0003649070262837836,0.7940087743768715,25000.0,0.00041102196501381036,LQDB
764,BARCLAYS PLC,Banking,5.21,2037-02-24,12742000,0.00036460478413059437,0.7868827875168422,,,
765,FOX CORP,Communications,5.58,2049-01-25,13348000,0.00036440328936180157,0.7927095901784671,30000.0,0.0004932263580165724,LQDB
766,FIFTH THIRD BANCORP,Banking,4.57,2032-04-29,12676000,0.00036440328936180157,0.7862315233535366,,,
767,TIME WARNER CABLE LLC,Communications,6.75,2039-06-15,12960000,0.0003641010472086123,0.7890102094590298,40000.0,0.0006576351440220965,LQDB
768,VULCAN MATERIALS COMPANY,Capital Goods,3.5,2030-06-01,13022000,0.0003638995524398195,0.7896087224485879,19000.0,0.00031237669341049586,LQDB
769,JOHNSON & JOHNSON,Consumer Non-Cyclical,1.3,2030-09-01,14048000,0.0003637988050554232,0.7991196054724635,445000.0,0.0003328061370014068,QLTA
770,VERIZON COMMUNICATIONS INC,Communications,5.5,2054-02-23,13444000,0.0003637988050554232,0.7936083043751005,40000.0,0.0006576351440220965,LQDB
771,NEXTERA ENERGY CAPITAL HOLDINGS IN,Electric,5.05,2033-02-28,12285000,0.0003635973102866303,0.7823023250536099,,,
772,LOWES COMPANIES INC,Consumer Cyclical,3.75,2032-04-01,13103000,0.0003631943207490447,0.7903863716965623,80000.0,0.001315270288044193,LQDB
773,EXPAND ENERGY CORP,Energy,4.75,2032-02-01,12530000,0.0003629928259802519,0.7847787180191402,15000.0,0.0002466131790082862,LQDB
774,CHARTER COMMUNICATIONS OPERATING L,Communications,3.9,2052-06-01,20329000,0.0003627913312114591,0.845466269576396,65000.0,0.0010686571090359068,LQDB
775,CHEVRON USA INC,Energy,4.5,2032-10-15,12444000,0.00036269058382706263,0.7839150124786914,430000.0,0.00032158795260810093,QLTA
776,ENERGY TRANSFER LP,Energy,6.55,2033-12-01,11481000,0.00036228759428947704,0.7738140516328558,45000.0,0.0007398395370248586,LQDB
777,INTUIT INC,Technology,5.2,2033-09-15,12222000,0.00036208609952068424,0.7816575547893473,475000.0,0.0003552425057880185,QLTA
778,MITSUBISHI UFJ FINANCIAL GROUP INC,Banking,5.44,2034-02-22,11983000,0.000361783857367495,0.7791809279591319,405000.0,0.0003028909786192579,QLTA
779,ELI LILLY AND COMPANY,Consumer Non-Cyclical,5.1,2064-02-09,13789000,0.000361783857367495,0.796785913609129,550000.0,0.0004113334277545477,QLTA
780,BROADCOM INC,Technology,5.2,2032-04-15,12121000,0.0003616831099830986,0.7806169078488553,90000.0,6.730910635983509e-05,QLTA
781,AT&T INC,Communications,4.5,2048-03-09,15687000,0.0003616831099830986,0.8129586168405799,115000.0,0.0018907010390635276,LQDB
782,MITSUBISHI UFJ FINANCIAL GROUP INC,Banking,5.87,2047-04-21,12404000,0.0003615823625987022,0.7835112531468329,255000.0,0.0001907091346861994,QLTA
783,TRUIST FINANCIAL CORP MTN,Banking,5.12,2034-01-26,12218000,0.0003615823625987022,0.7816165048576722,530000.0,0.00039637584856347326,QLTA
784,BANK OF AMERICA NA,Banking,6.0,2036-10-15,11752000,0.0003614816152143058,0.7767398024915615,290000.0,0.00021688489827057972,QLTA
785,T-MOBILE USA INC,Communications,5.13,2032-05-15,12241000,0.00036117937306111655,0.7818523586761902,75000.0,0.001233065895041431,LQDB
786,MERCK & CO INC,Consumer Non-Cyclical,5.2,2036-05-22,12317000,0.00036117937306111655,0.7826285622333399,510000.0,0.0003814182693723988,QLTA
787,BANK OF AMERICA CORP,Banking,3.19,2030-07-23,12756000,0.00036107862567672015,0.7870205007287409,626000.0,0.0004681722286806307,QLTA
788,SERVICENOW INC,Technology,5.4,2036-05-15,12478000,0.00036077638352353096,0.7842571887896057,460000.0,0.00034402432139471267,QLTA
789,INTEL CORPORATION,Technology,4.65,2031-06-01,12419000,0.0003600711518327561,0.7836628152731815,,,
790,VIRGINIA ELECTRIC AND POWER COMPAN,Electric,4.95,2036-03-15,12567000,0.00035997040444835966,0.785148489892049,463000.0,0.00034626795827337383,QLTA
791,MERCK & CO INC,Consumer Non-Cyclical,5.0,2053-05-17,13956000,0.0003598696570639633,0.7982956135283668,555000.0,0.00041507282255231635,QLTA
792,VERIZON COMMUNICATIONS INC,Communications,1.75,2031-01-20,14111000,0.0003594666675263777,0.7996807538237243,25000.0,0.00041102196501381036,LQDB
793,LOWES COMPANIES INC,Consumer Cyclical,5.63,2053-04-15,13036000,0.0003591644253731885,0.7897434761312186,15000.0,0.0002466131790082862,LQDB
794,SUMITOMO MITSUI FINANCIAL GROUP IN,Banking,5.56,2034-07-09,12098000,0.000359063677988792,0.7803787168178054,380000.0,0.0002841940046304148,QLTA
795,PHILLIPS 66,Energy,5.88,2042-05-01,12182000,0.0003589629306043957,0.7812464495526558,15000.0,0.0002466131790082862,LQDB
796,UNITEDHEALTH GROUP INC,Insurance,4.75,2045-07-15,14230000,0.0003589629306043957,0.8007338983832785,675000.0,0.0005048182976987631,QLTA
797,AMPHENOL CORPORATION,Capital Goods,5.3,2055-11-15,13265000,0.0003587614358356028,0.7919273514544977,550000.0,0.0004113334277545477,QLTA
798,M&T BANK CORPORATION,Banking,5.05,2034-01-27,12212000,0.00035866068845120643,0.7815549047548468,,,
799,KENVUE INC,Consumer Non-Cyclical,5.05,2053-03-22,13671000,0.00035855994106681,0.795708114568816,495000.0,0.00037020008497909294,QLTA
800,UNITEDHEALTH GROUP INC,Insurance,5.2,2063-04-15,13994000,0.000358056204144828,0.7986366145632023,541000.0,0.0004046025171185642,QLTA
801,WILLIAMS COMPANIES INC,Energy,5.15,2034-03-15,12193000,0.00035775396199163873,0.7813596379042673,20000.0,0.00032881757201104825,LQDB
802,HALLIBURTON COMPANY,Energy,7.45,2039-09-15,10415000,0.00035735097245405314,0.7615935357544846,30000.0,0.0004932263580165724,LQDB
803,RIO TINTO FINANCE (USA) PLC,Basic Industry,4.88,2030-03-14,11963000,0.00035735097245405314,0.7789714440047211,595000.0,0.00044498798093446526,QLTA
804,GOLDMAN SACHS GROUP INC/THE,Banking,6.13,2033-02-15,11251000,0.0003572502250696567,0.7712762442638519,308000.0,0.00023034671954254673,QLTA
805,KINDER MORGAN INC,Energy,5.2,2033-06-01,12099000,0.00035694798291646755,0.7803890823623123,45000.0,0.0007398395370248586,LQDB
806,WOODSIDE FINANCE LTD,Energy,5.4,2030-05-19,11955000,0.00035694798291646755,0.7788875523450013,25000.0,0.00041102196501381036,LQDB
807,ABBVIE INC,Consumer Non-Cyclical,4.55,2035-03-15,12577000,0.00035674648814767464,0.7852482413609956,605000.0,0.0004524667705300025,QLTA
808,MITSUBISHI UFJ FINANCIAL GROUP INC,Banking,5.13,2033-07-20,12237000,0.0003564442459944855,0.7818113724710221,570000.0,0.0004262910069456222,QLTA
809,ORACLE CORPORATION,Technology,6.0,2055-08-03,14958000,0.00035634349861008905,0.8069909648434788,50000.0,0.0008220439300276207,LQDB
810,DIAMONDBACK ENERGY INC,Energy,5.75,2054-04-18,12702000,0.00035634349861008905,0.7864884858552806,45000.0,0.0007398395370248586,LQDB
811,CHUBB INA HOLDINGS LLC,Insurance,4.35,2045-11-03,14491000,0.00035634349861008905,0.8030132249403711,445000.0,0.0003328061370014068,QLTA
812,GOLDMAN SACHS GROUP INC/THE,Banking,6.56,2034-10-24,11247000,0.000355839761688107,0.7712316509519237,590000.0,0.0004412485861366967,QLTA
813,WOODSIDE FINANCE LTD,Energy,6.0,2035-05-19,11713000,0.0003556382669193142,0.7763229349382432,20000.0,0.00032881757201104825,LQDB
814,HSBC HOLDINGS PLC,Banking,5.73,2032-05-17,11780000,0.00035553751953491786,0.7770382397498705,430000.0,0.00032158795260810093,QLTA
815,FORD MOTOR CREDIT COMPANY LLC,Consumer Cyclical,5.42,2031-04-09,12116000,0.000355336024766125,0.7805651656604958,,,
816,TORONTO-DOMINION BANK/THE MTN,Banking,4.87,2033-04-22,12253000,0.00035513452999733216,0.7819752369812583,345000.0,0.0002580182410460345,QLTA
817,BANK OF MONTREAL MTN,Banking,4.88,2032-06-02,12181000,0.0003550337826129358,0.7812361546349345,200000.0,0.00014957579191074462,QLTA
818,ALPHABET INC,Technology,5.5,2046-02-15,12552000,0.00035493303522853936,0.7849987137603709,415000.0,0.0003103697682147951,QLTA
819,PACIFIC GAS & ELECTRIC UTILITIES,Electric,4.5,2040-07-01,14304000,0.0003543285509221609,0.8013843630062686,60000.0,0.0009864527160331447,LQDB
820,ONEOK INC,Energy,5.05,2034-11-01,12389000,0.0003540263087689717,0.783359507627394,,,
821,ARCH CAPITAL GROUP LTD,Insurance,5.95,2056-06-15,12308000,0.0003540263087689717,0.7825368937735159,220000.0,0.0001645333711018191,QLTA
822,AMPHENOL CORPORATION,Capital Goods,4.4,2033-02-15,12334000,0.00035372406661578253,0.7828015311612108,520000.0,0.00038889705896793603,QLTA
823,TIME WARNER CABLE LLC,Communications,7.3,2038-07-01,12029000,0.0003536233192313861,0.7796614172064897,25000.0,0.00041102196501381036,LQDB
824,MITSUBISHI UFJ FIN GRP (6NC5 FXD),Banking,4.5,2032-01-14,12357000,0.00035352257184698973,0.7830351688638285,430000.0,0.00032158795260810093,QLTA
825,VMWARE LLC,Technology,4.7,2030-05-15,12072000,0.0003534218244625933,0.780108911497035,825000.0,0.0006170001416318216,QLTA
826,CIGNA GROUP,Consumer Non-Cyclical,5.25,2034-02-15,11838000,0.0003533210770781968,0.7776541811462947,45000.0,0.0007398395370248586,LQDB
827,CANADIAN PACIFIC RAILWAY COMPANY,Transportation,2.45,2031-12-02,13659000,0.0003532203296938005,0.7955979871938816,,,
828,TORONTO-DOMINION BANK/THE MTN,Banking,4.93,2035-10-15,12384000,0.0003532203296938005,0.7833088849568048,350000.0,0.0002617576358438031,QLTA
829,EOG RESOURCES INC,Energy,5.35,2036-01-15,12101000,0.0003532203296938005,0.7804098108813922,385000.0,0.00028793339942818344,QLTA
830,MOLSON COORS BREWING CO,Consumer Non-Cyclical,4.2,2046-07-15,15616000,0.00035311958230940403,0.812389728835,35000.0,0.0005754307510193344,LQDB
831,COMCAST CORPORATION,Communications,3.97,2047-11-01,17360000,0.00035271659277181844,0.8256669611476131,502000.0,0.000375435237695969,QLTA
832,NATWEST GROUP PLC,Banking,5.78,2035-03-01,11570000,0.00035271659277181844,0.7747824544383975,450000.0,0.00033654553179917544,QLTA
833,ONEOK INC,Energy,5.7,2054-11-01,13210000,0.0003524143506186292,0.7914062995466169,25000.0,0.00041102196501381036,LQDB
834,CARRIER GLOBAL CORP,Capital Goods,3.38,2040-04-05,15191000,0.00035191061369664725,0.8089293733219708,15000.0,0.0002466131790082862,LQDB
835,BP CAPITAL MARKETS AMERICA INC,Energy,4.99,2034-04-10,12017000,0.000351608371543458,0.7795362495605866,355000.0,0.0002654970306415717,QLTA
836,MERCK & CO INC,Consumer Non-Cyclical,2.15,2031-12-10,13705000,0.0003514068767746652,0.7960196179701386,745000.0,0.0005571698248675237,QLTA
837,WELLS FARGO BANK NA MTN,Banking,6.6,2038-01-15,11177000,0.00035120538200587235,0.7704486901665796,473000.0,0.00035374674786891106,QLTA
838,GENERAL MOTORS CO,Consumer Cyclical,6.6,2036-04-01,11128000,0.0003508023924682867,0.7698976944837758,55000.0,0.0009042483230303828,LQDB
839,INTEL CORPORATION,Technology,4.15,2032-08-05,12402000,0.0003507016450838903,0.7834910310166355,,,
840,GILEAD SCIENCES INC,Consumer Non-Cyclical,4.5,2045-02-01,13879000,0.0003507016450838903,0.797601781645986,675000.0,0.0005048182976987631,QLTA
841,INTEL CORPORATION,Technology,2.45,2029-11-15,12885000,0.0003503994029307011,0.7882823633059668,25000.0,0.00041102196501381036,LQDB
842,MERCK & CO INC,Consumer Non-Cyclical,4.5,2033-05-17,12161000,0.0003502986555463047,0.7810300786044243,575000.0,0.0004300304017433908,QLTA
843,DEERE & CO,Capital Goods,5.45,2035-01-16,11727000,0.00035019790816190826,0.7764727391849015,370000.0,0.00027671521503487757,QLTA
844,L3HARRIS TECHNOLOGIES INC,Capital Goods,5.25,2031-06-01,11770000,0.0003500971607775119,0.7769317365246605,,,
845,JOHNSON & JOHNSON,Consumer Non-Cyclical,4.9,2031-06-01,11730000,0.0003500971607775119,0.7765048168267563,525000.0,0.00039263645376570467,QLTA
846,DELL INTERNATIONAL LLC,Technology,4.75,2031-07-15,12080000,0.00034979491862432267,0.7801919903607207,,,
847,PACIFIC GAS AND ELECTRIC COMPANY,Electric,6.75,2053-01-15,11680000,0.0003494926764711334,0.7759691152853506,43000.0,0.0007069577798237538,LQDB
848,ING GROEP NV (FXD-FRN),Banking,4.8,2032-03-23,11949000,0.00034939192908673707,0.7788245967512354,420000.0,0.0003141091630125637,QLTA
849,MPLX LP,Energy,5.5,2049-02-15,13012000,0.00034898893954915137,0.7895123810901221,55000.0,0.0009042483230303828,LQDB
850,BHP BILLITON FINANCE (USA) LTD,Basic Industry,5.75,2055-09-05,11898000,0.000348888192164755,0.7782881943275799,365000.0,0.00027297582023710893,QLTA
851,HESS CORP,Energy,5.6,2041-02-15,11746000,0.00034868669739596223,0.7766757591468311,675000.0,0.0005048182976987631,QLTA
852,EXPEDIA GROUP INC,Consumer Cyclical,3.25,2030-02-15,12451000,0.00034868669739596223,0.783985536905618,20000.0,0.00032881757201104825,LQDB
853,BP CAPITAL MARKETS AMERICA INC,Energy,4.89,2033-09-11,11878000,0.000348384455242773,0.778077212548094,410000.0,0.0003066303734170265,QLTA
854,INTEL CORPORATION,Technology,3.25,2049-11-15,18909000,0.00034828370785837653,0.8363854545605003,,,
855,BARCLAYS PLC,Banking,4.95,2047-01-10,13768000,0.0003481829604739802,0.7965947782277092,,,
856,ABBVIE INC,Consumer Non-Cyclical,4.4,2033-03-15,12089000,0.00034747772878320534,0.7802853883427221,425000.0,0.00031784855781033234,QLTA
857,MERCK & CO INC,Consumer Non-Cyclical,4.95,2035-09-15,11912000,0.0003473769813988089,0.7784356706622624,675000.0,0.0005048182976987631,QLTA
858,JEFFERIES FINANCIAL GROUP INC MTN,Brokerage/Asset Managers/Exchanges,5.5,2036-02-15,12116000,0.0003473769813988089,0.7805651656604958,,,
859,CVS HEALTH CORP,Consumer Non-Cyclical,5.13,2030-02-21,11560000,0.0003472762340144125,0.7746740173022446,105000.0,0.0017262922530580035,LQDB
860,CVS HEALTH CORP,Consumer Non-Cyclical,5.88,2053-06-01,12455000,0.00034677249709243044,0.7840258187786525,,,
861,ALPHABET INC,Technology,5.25,2055-05-15,13231000,0.00034677249709243044,0.7916055022164729,510000.0,0.0003814182693723988,QLTA
862,LOCKHEED MARTIN CORPORATION,Capital Goods,4.09,2052-09-15,15309000,0.00034657100232363765,0.8098997447036594,246000.0,0.00018397822405021589,QLTA
863,BRISTOL-MYERS SQUIBB CO,Consumer Non-Cyclical,3.55,2042-03-15,15091000,0.00034647025493924125,0.8081011057305819,380000.0,0.0002841940046304148,QLTA
864,VICI PROPERTIES LP,Consumer Cyclical,4.95,2030-02-15,11711000,0.00034647025493924125,0.7763015197161712,35000.0,0.0005754307510193344,LQDB
865,ENTERPRISE PRODUCTS OPERATING LLC,Energy,4.6,2031-01-15,11945000,0.00034636950755484485,0.7787826087906367,439000.0,0.0003283188632440845,QLTA
866,NASDAQ INC,Brokerage/Asset Managers/Exchanges,5.55,2034-02-15,11367000,0.00034636950755484485,0.7725626004585141,,,
867,MITSUBISHI UFJ FINANCIAL GROUP INC,Banking,5.06,2037-01-14,12241000,0.0003462687601704484,0.7818523586761902,255000.0,0.0001907091346861994,QLTA
868,ANHEUSER-BUSCH INBEV WORLDWIDE INC,Consumer Non-Cyclical,8.2,2039-01-15,9571000,0.00034566427586407,0.7509954221013,465000.0,0.00034776371619248125,QLTA
869,RAYTHEON TECHNOLOGIES CORPORATION,Capital Goods,5.38,2053-02-27,12521000,0.0003452612863264844,0.7846886084099524,25000.0,0.00041102196501381036,LQDB
870,WOODSIDE FINANCE LTD,Energy,5.1,2034-09-12,11896000,0.0003452612863264844,0.7782671121151832,50000.0,0.0008220439300276207,LQDB
871,APPLE INC,Technology,3.45,2045-02-09,15699000,0.00034495904417329516,0.8130545124982039,749000.0,0.0005601613407057387,QLTA
872,UNITEDHEALTH GROUP INC,Insurance,4.95,2032-01-15,11797000,0.0003448582967888987,0.7772190879113811,575000.0,0.0004300304017433908,QLTA
873,BANK OF AMERICA CORP MTN,Banking,5.88,2042-02-07,11324000,0.0003446568020201059,0.7720872991777055,113000.0,8.451032242957072e-05,QLTA
874,MORGAN STANLEY MTN,Banking,5.04,2030-07-19,11758000,0.0003444553072513131,0.7768038131472161,595000.0,0.00044498798093446526,QLTA
875,CUMMINS INC,Consumer Cyclical,5.3,2035-05-09,11624000,0.0003443545598669167,0.7753664002350517,305000.0,0.00022810308266388556,QLTA
876,BAXTER INTERNATIONAL INC,Consumer Non-Cyclical,2.54,2032-02-01,13587000,0.00034395157032933107,0.7949351842937242,35000.0,0.0005754307510193344,LQDB
877,L3HARRIS TECHNOLOGIES INC,Capital Goods,5.4,2033-07-31,11356000,0.0003436493281761419,0.7724411831237097,,,
878,MITSUBISHI UFJ FINANCIAL GROUP INC,Banking,5.62,2036-04-24,11489000,0.0003436493281761419,0.7739014056042746,480000.0,0.0003589819005857871,QLTA
879,GOLDMAN SACHS GROUP INC/THE,Banking,2.91,2042-07-21,16765000,0.0003435485807917455,0.8212933318865139,377000.0,0.00028195036775175363,QLTA
880,FORD MOTOR CREDIT COMPANY LLC,Consumer Cyclical,7.12,2033-11-07,10996000,0.0003435485807917455,0.7684012208145746,220000.0,0.003616993292121531,LQDB
881,FLORIDA POWER & LIGHT CO,Electric,2.45,2032-02-03,13096000,0.0003434478334073491,0.7903193574744987,480000.0,0.0003589819005857871,QLTA
882,ROGERS COMMUNICATIONS INC,Communications,5.3,2034-02-15,11761000,0.0003434478334073491,0.7768358062270646,40000.0,0.0006576351440220965,LQDB
883,SOLVENTUM CORP,Consumer Non-Cyclical,5.45,2031-03-13,11350000,0.00034334708602295263,0.7723749059054945,20000.0,0.00032881757201104825,LQDB
884,CVS HEALTH CORP,Consumer Non-Cyclical,5.7,2034-06-01,11444000,0.00034314559125415983,0.7734092461354182,,,
885,COCA-COLA CO,Consumer Non-Cyclical,5.2,2055-01-14,12724000,0.0003426418543321778,0.7867055051718667,510000.0,0.0003814182693723988,QLTA
886,MPLX LP,Energy,4.5,2038-04-15,13008000,0.0003426418543321778,0.7894738238138315,25000.0,0.00041102196501381036,LQDB
887,MCDONALDS CORPORATION MTN,Consumer Cyclical,3.63,2049-09-01,16328000,0.000342440359563385,0.8179810736533903,40000.0,0.0006576351440220965,LQDB
888,CHUBB INA HOLDINGS LLC,Insurance,4.9,2035-08-15,11821000,0.00034233961217898864,0.7774739597887217,470000.0,0.0003515031109902499,QLTA
889,LLOYDS BANKING GROUP PLC (FXD-FXD),Banking,4.42,2031-11-04,11886000,0.0003420373700257994,0.7781616478585701,450000.0,0.00033654553179917544,QLTA
890,DEUTSCHE BANK (NY BRNCH)(FXD-FLT),Banking,5.3,2031-05-09,11543000,0.00034173512787261014,0.774489458710955,,,
891,DUKE ENERGY CAROLINAS LLC,Electric,5.75,2056-06-15,12038000,0.0003416343804882138,0.7797552110249085,345000.0,0.0002580182410460345,QLTA
892,AMERICAN TOWER CORPORATION,Communications,4.9,2030-03-15,11513000,0.00034143288571942095,0.7741631030267373,,,
893,COMCAST CORPORATION,Communications,1.5,2031-02-15,13554000,0.0003412313909506281,0.7946302249433524,665000.0,0.0004973395081032259,QLTA
894,MPLX LP,Energy,2.65,2030-08-15,12593000,0.0003412313909506281,0.785407678859019,30000.0,0.0004932263580165724,LQDB
895,BRISTOL-MYERS SQUIBB CO,Consumer Non-Cyclical,3.7,2052-03-15,16300000,0.00034113064356623175,0.8177658344731705,675000.0,0.0005048182976987631,QLTA
896,SALESFORCE INC,Technology,1.95,2031-07-15,13521000,0.0003410298961818353,0.7943245222010312,505000.0,0.0003776788745746302,QLTA
897,AT&T INC,Communications,6.05,2056-08-15,12165000,0.0003408284014130425,0.781071320910197,,,
898,DUKE ENERGY CORP,Electric,2.55,2031-06-15,12984000,0.0003407276540286461,0.7892422308760881,,,
899,AMAZON.COM INC,Consumer Cyclical,4.35,2033-03-20,11996000,0.0003407276540286461,0.7793169051209518,600000.0,0.0004487273757322339,QLTA
900,GENERAL MOTORS FINANCIAL COMPANY I,Consumer Cyclical,5.35,2030-01-07,11500000,0.00034052615925985326,0.7740214180490875,,,
901,MORGAN STANLEY MTN,Banking,3.97,2038-07-22,13567000,0.00034052615925985326,0.7947504489872136,539000.0,0.0004031067591994568,QLTA
902,JOHN DEERE CAPITAL CORP MTN,Capital Goods,5.15,2033-09-08,11315000,0.00034032466449106046,0.7719875891268386,334000.0,0.0002497915724909435,QLTA
903,NORTHROP GRUMMAN CORP,Capital Goods,4.7,2033-03-15,11698000,0.00034032466449106046,0.7761622315629385,,,
904,ANHEUSER-BUSCH INBEV WORLDWIDE INC,Consumer Non-Cyclical,4.95,2042-01-15,12607000,0.00034002242233787126,0.7855470205846294,530000.0,0.00039637584856347326,QLTA
905,KINDER MORGAN ENERGY PARTNERS LP,Energy,6.95,2038-01-15,10543000,0.00033941793803149277,0.7631253961162086,50000.0,0.0008220439300276207,LQDB
906,BANK OF AMERICA CORP MTN,Banking,2.88,2030-10-22,12254000,0.00033891420110951083,0.7819854714073582,575000.0,0.0004300304017433908,QLTA
907,PEPSICO INC,Consumer Non-Cyclical,5.0,2035-02-07,11433000,0.0003388134537251144,0.77328864613997,435000.0,0.00032532734740586957,QLTA
908,TEXAS INSTRUMENTS INC,Technology,5.05,2063-05-18,13407000,0.0003387127063407179,0.7932626873088952,600000.0,0.0004487273757322339,QLTA
909,ROYAL BANK OF CANADA MTN,Banking,4.97,2030-08-02,11289000,0.0003387127063407179,0.7716990917386056,415000.0,0.0003103697682147951,QLTA
910,MERCK & CO INC,Consumer Non-Cyclical,4.15,2031-03-15,11718000,0.0003384104641875288,0.7763764569996364,300000.0,0.00022436368786611695,QLTA
911,UNION PACIFIC CORPORATION,Transportation,2.38,2031-05-20,12833000,0.00033790672726554674,0.7877752320380351,480000.0,0.0003589819005857871,QLTA
912,CENCORA INC,Consumer Non-Cyclical,2.7,2031-03-15,12612000,0.0003378059798811503,0.7855967479892809,,,
913,BOSTON PROPERTIES LP,Reits,3.25,2031-01-30,12300000,0.00033770523249675394,0.7824553544077387,15000.0,0.0002466131790082862,LQDB
914,CIGNA GROUP,Consumer Non-Cyclical,4.88,2032-09-15,11509000,0.00033770523249675394,0.7741195246959551,,,
915,GENERAL MOTORS CO,Consumer Cyclical,5.6,2032-10-15,11204000,0.0003375037377279611,0.7707512687132565,,,
916,ELI LILLY AND COMPANY,Consumer Non-Cyclical,5.0,2054-02-09,12708000,0.0003375037377279611,0.7865477101964742,520000.0,0.00038889705896793603,QLTA
917,UNITEDHEALTH GROUP INC,Insurance,4.5,2033-04-15,11812000,0.0003374029903435647,0.7773784435262169,490000.0,0.00036646069018132435,QLTA
918,PAYCHEX INC,Technology,5.1,2030-04-15,11384000,0.0003373022429591683,0.7727500145132177,25000.0,0.00041102196501381036,LQDB
919,GENERAL MILLS INC,Consumer Non-Cyclical,4.95,2033-03-29,11554000,0.00033700000080597904,0.7746089099856585,,,
920,WASTE MANAGEMENT INC,Capital Goods,4.95,2035-03-15,11514000,0.00033700000080597904,0.7741739952437198,600000.0,0.0004487273757322339,QLTA
921,ORACLE CORPORATION,Technology,4.13,2045-05-15,17507000,0.00033689925342158264,0.8267244090283383,,,
922,LLOYDS BANKING GROUP PLC,Banking,4.94,2036-11-04,11891000,0.0003361940217308078,0.7782143910734399,250000.0,0.0001869697398884308,QLTA
923,CISCO SYSTEMS INC,Technology,4.95,2032-02-24,11221000,0.0003360932743464114,0.7709414072720887,345000.0,0.0002580182410460345,QLTA
924,BANCO SANTANDER SA,Banking,5.57,2030-01-17,11285000,0.0003360932743464114,0.77165464855921,430000.0,0.00032158795260810093,QLTA
925,COOPERATIEVE RABOBANK UA MTN,Banking,5.25,2041-05-24,11809000,0.00033579103219322215,0.7773465885986133,391000.0,0.00029242067318550576,QLTA
926,DEVON ENERGY CORPORATION,Energy,5.2,2034-09-15,11401000,0.00033579103219322215,0.772937148906731,25000.0,0.00041102196501381036,LQDB
927,BANK OF NOVA SCOTIA MTN,Banking,4.85,2030-02-01,11215000,0.0003356902848088258,0.7708743324585015,460000.0,0.00034402432139471267,QLTA
928,MERCK & CO INC,Consumer Non-Cyclical,5.7,2055-09-15,11639000,0.00033538804265563656,0.7755281260109975,425000.0,0.00031784855781033234,QLTA
929,INTERNATIONAL BUSINESS MACHINES CO,Technology,1.95,2030-05-15,12736000,0.0003350858005024473,0.7868237212436029,450000.0,0.00033654553179917544,QLTA
930,CARRIER GLOBAL CORP,Capital Goods,2.72,2030-02-15,12159000,0.0003348843057336545,0.781009452364222,25000.0,0.00041102196501381036,LQDB
931,WILLIAMS COMPANIES INC,Energy,6.3,2040-04-15,10841000,0.0003346828109648617,0.7666208942881425,40000.0,0.0006576351440220965,LQDB
932,FOX CORP,Communications,5.48,2039-01-25,11663000,0.0003346828109648617,0.7757864542255541,25000.0,0.00041102196501381036,LQDB
933,KLA CORP,Technology,4.95,2052-07-15,13116000,0.00033458206358046537,0.7905107317526677,472000.0,0.0003529988689093573,QLTA
934,APPLOVIN CORP,Communications,5.38,2031-12-01,11277000,0.00033438056881167247,0.7715657149218353,30000.0,0.0004932263580165724,LQDB
935,ORACLE CORPORATION,Technology,3.85,2036-07-15,14482000,0.0003342798214272761,0.8029353132365343,,,
936,WILLIAMS COMPANIES INC,Energy,5.65,2033-03-15,11011000,0.00033417907404287967,0.7685721767280134,,,
937,PNC FINANCIAL SERVICES GROUP INC ( MTN,Banking,5.37,2036-07-21,11509000,0.0003340783266584833,0.7741195246959551,400000.0,0.00029915158382148925,QLTA
938,SUMITOMO MITSUI FINANCIAL GROUP IN,Banking,2.13,2030-07-08,12685000,0.0003337760845052941,0.786320531508476,570000.0,0.0004262910069456222,QLTA
939,NOMURA HOLDINGS INC,Brokerage/Asset Managers/Exchanges,3.1,2030-01-16,12177000,0.0003337760845052941,0.7811949665106961,,,
940,ABBVIE INC,Consumer Non-Cyclical,5.5,2064-03-15,12118000,0.0003336753371208976,0.7805858650977213,550000.0,0.0004113334277545477,QLTA
941,RAYTHEON TECHNOLOGIES CORPORATION,Capital Goods,5.15,2033-02-27,11115000,0.0003335745897365013,0.7697511047065385,45000.0,0.0007398395370248586,LQDB
942,BANK OF MONTREAL MTN,Banking,5.51,2031-06-04,11078000,0.0003335745897365013,0.7693329473339853,709000.0,0.0005302461823235898,QLTA
943,ONEOK INC,Energy,6.25,2055-10-15,11532000,0.00033317160019891563,0.7743698935498613,,,
944,ORACLE CORPORATION,Technology,5.38,2054-09-27,15459000,0.00033307085281451923,0.8111225268185569,,,
945,CIGNA GROUP,Consumer Non-Cyclical,3.4,2050-03-15,16819000,0.00033276861066133,0.8216966199405882,25000.0,0.00041102196501381036,LQDB
946,JPMORGAN CHASE & CO,Banking,3.9,2049-01-23,14699000,0.00033276861066133,0.8048004952286543,395000.0,0.00029541218902372066,QLTA
947,CONOCOPHILLIPS CO,Energy,4.03,2062-03-15,15917000,0.0003326678632769336,0.8147839708125953,615000.0,0.0004599455601255397,QLTA
948,DEUTSCHE BANK AG (NEW YORK BRANCH),Banking,5.4,2035-09-11,11320000,0.0003325671158925372,0.772042993386696,,,
949,ECOLAB INC,Basic Industry,4.8,2031-06-15,11317000,0.0003324663685081408,0.7720097537681384,350000.0,0.0002617576358438031,QLTA
950,DELL INTERNATIONAL LLC,Technology,5.1,2036-02-15,11456000,0.0003324663685081408,0.7735406776305721,,,
951,DELL INTERNATIONAL LLC / EMC CORP,Technology,5.75,2033-02-01,10776000,0.0003320633789705552,0.7658667179753623,,,
952,MICROSOFT CORPORATION,Technology,3.45,2036-08-08,12866000,0.0003320633789705552,0.7880973030213027,530000.0,0.00039637584856347326,QLTA
953,CRH SMW FINANCE DAC,Capital Goods,5.13,2030-01-09,11253000,0.00033196263158615874,0.7712985349749213,,,
954,TOTALENERGIES CAPITAL SA,Energy,5.64,2064-04-05,11928000,0.00033176113681736595,0.7786040029561908,423000.0,0.0003163527998912249,QLTA
955,BARCLAYS PLC,Banking,5.1,2032-06-26,11416000,0.00033135814727978035,0.7731020359096854,,,
956,CHUBB INA HOLDINGS LLC,Insurance,5.0,2034-03-15,11261000,0.0003312573998953839,0.7713876582194273,610000.0,0.00045620616532777113,QLTA
957,MARSH & MCLENNAN COMPANIES INC,Insurance,5.4,2055-03-15,12137000,0.0003312573998953839,0.7807823395359959,325000.0,0.00024306066185496002,QLTA
958,BP CAPITAL MARKETS AMERICA INC,Energy,2.94,2051-06-04,18304000,0.0003310559051265911,0.8323074040132807,877000.0,0.0006558898475286152,QLTA
959,ELEVANCE HEALTH INC,Insurance,5.7,2055-02-15,11808000,0.0003310559051265911,0.7773359684910444,75000.0,0.001233065895041431,LQDB
960,UBER TECHNOLOGIES INC,Consumer Cyclical,4.8,2035-09-15,11692000,0.00033095515774219465,0.7760978925071549,20000.0,0.00032881757201104825,LQDB
961,NETFLIX INC,Communications,4.9,2034-08-15,11276000,0.0003306529155890055,0.7715545937813901,60000.0,4.487273757322339e-05,QLTA
962,ARTHUR J GALLAGHER & CO,Insurance,5.55,2055-02-15,12056000,0.00033014917866702346,0.7799425884751122,25000.0,0.00041102196501381036,LQDB
963,SOUTHERN CALIFORNIA EDISON COMPANY,Electric,4.0,2047-04-01,15343000,0.00033014917866702346,0.8101779554640494,604000.0,0.0004517188915704488,QLTA
964,WELLTOWER OP LLC,Reits,4.5,2030-07-01,11401000,0.00033014917866702346,0.772937148906731,537000.0,0.0004016110012803493,QLTA
965,TYSON FOODS INC,Consumer Non-Cyclical,5.1,2048-09-28,12710000,0.000330048431282627,0.7865674454298377,45000.0,0.0007398395370248586,LQDB
966,BAT CAPITAL CORP,Consumer Non-Cyclical,7.08,2053-08-02,9999000,0.000330048431282627,0.7564816752685078,30000.0,0.0004932263580165724,LQDB
967,ROYAL BANK OF CANADA MTN,Banking,5.15,2034-02-01,10941000,0.0003299476838982306,0.7677723810315207,340000.0,0.0002542788462482659,QLTA
968,MASTERCARD INC,Technology,5.0,2036-06-08,11438000,0.0003299476838982306,0.7733434786974208,480000.0,0.0003589819005857871,QLTA
969,ENTERPRISE PRODUCTS OPERATING LLC,Energy,4.85,2034-01-31,11244000,0.0003298469365138342,0.7711981955588625,305000.0,0.00022810308266388556,QLTA
970,ALPHABET INC,Technology,4.38,2032-11-15,11528000,0.0003298469365138342,0.7743263870307271,465000.0,0.00034776371619248125,QLTA
971,DEUTSCHE BANK AG (NEW YORK BRANCH),Banking,3.55,2031-09-18,11895000,0.0003298469365138342,0.7782565696797897,155000.0,0.002548336183085624,LQDB
972,SUMITOMO MITSUI FINANCIAL GROUP IN,Banking,5.57,2047-01-15,11799000,0.0003297461891294378,0.7772403470299519,255000.0,0.0001907091346861994,QLTA
973,BARCLAYS PLC (FXD TO FLOAT),Banking,5.86,2046-08-11,11372000,0.0003296454417450414,0.7726177513192238,,,
974,CARRIER GLOBAL CORP,Capital Goods,5.9,2034-03-15,10632000,0.0003296454417450414,0.7641795955776538,49000.0,0.0008056030514270682,LQDB
975,NEXTERA ENERGY CAPITAL HOLDINGS IN,Electric,2.25,2030-06-01,12380000,0.0003296454417450414,0.7832683721022617,140000.0,0.0023017230040773377,LQDB
976,T-MOBILE USA INC,Communications,5.88,2055-11-15,11959000,0.000329544694360645,0.7789295051898009,55000.0,0.0009042483230303828,LQDB
977,SHELL FINANCE US INC,Energy,4.13,2035-05-11,12012000,0.000329544694360645,0.7794840594811171,249000.0,0.00018622186092887708,QLTA
978,ALTRIA GROUP INC,Consumer Non-Cyclical,3.4,2041-02-04,14782000,0.00032934319959185217,0.8055066350023117,15000.0,0.0002466131790082862,LQDB
979,CVS HEALTH CORP,Consumer Non-Cyclical,5.63,2053-02-21,12016000,0.00032924245220745577,0.7795258132821178,59000.0,0.0009700118374325924,LQDB
980,GENERAL MOTORS FINANCIAL COMPANY I,Consumer Cyclical,5.75,2031-02-08,10736000,0.00032924245220745577,0.765400345031225,,,
981,PNC FINANCIAL SERVICES GROUP INC (,Banking,5.68,2035-01-22,11079000,0.00032924245220745577,0.7693442672365203,523000.0,0.0003911406958465972,QLTA
982,KEYCORP MTN,Banking,6.4,2035-03-06,10487000,0.00032924245220745577,0.762457508446446,40000.0,0.0006576351440220965,LQDB
983,BARCLAYS PLC,Banking,5.25,2045-08-17,12000000,0.0003288394626698702,0.7793587146029686,,,
984,FORD MOTOR CREDIT COMPANY LLC,Consumer Cyclical,4.0,2030-11-13,11939000,0.0003287387152854737,0.7787196004790714,,,
985,TELEFONICA EUROPE BV,Communications,8.25,2030-09-15,9848000,0.0003286379679010774,0.7545733864637648,35000.0,0.0005754307510193344,LQDB
986,GENERAL ELECTRIC CO MTN,Capital Goods,6.75,2032-03-15,10067000,0.0003284364731322845,0.7573316449061592,409000.0,0.0003058824944574728,QLTA
987,ENERGY TRANSFER LP,Energy,5.7,2035-04-01,10920000,0.00032833572574788813,0.7675314442808543,20000.0,0.00032881757201104825,LQDB
988,CATERPILLAR INC,Capital Goods,5.2,2035-05-15,11054000,0.0003282349783634917,0.769060962683407,455000.0,0.000340284926596944,QLTA
989,META PLATFORMS INC,Communications,5.75,2063-05-15,12994000,0.00032813423097909533,0.7893387799147685,625000.0,0.000467424349721077,QLTA
990,COMCAST CORPORATION,Communications,4.0,2049-11-01,16382000,0.0003280334835946989,0.8183951374455062,670000.0,0.0005010789029009945,QLTA
991,JPMORGAN CHASE & CO,Banking,1.76,2031-11-19,12796000,0.0003280334835946989,0.7874131358025922,335000.0,0.00025053945145049725,QLTA
992,LLOYDS BANKING GROUP PLC,Banking,4.98,2033-08-11,11127000,0.00032752974667271683,0.7698864244284865,380000.0,0.0002841940046304148,QLTA
993,LOWES COMPANIES INC,Consumer Cyclical,4.25,2031-03-15,11338000,0.00032712675713513124,0.7722422462949428,25000.0,0.00041102196501381036,LQDB
994,BROADCOM INC,Technology,4.6,2033-01-15,11551000,0.0003265222728287528,0.7745763436474152,385000.0,0.00028793339942818344,QLTA
995,HSBC HOLDINGS PLC,Banking,5.25,2044-03-14,11900000,0.0003265222728287528,0.77830927299645,,,
996,JOHNSON & JOHNSON,Consumer Non-Cyclical,4.85,2032-03-01,10826000,0.00032632077805996,0.7664472557223295,490000.0,0.00036646069018132435,QLTA
997,KRAFT HEINZ FOODS CO,Consumer Non-Cyclical,5.0,2042-06-04,12696000,0.0003262200306755636,0.7864292335318784,35000.0,0.0005754307510193344,LQDB
998,HOME DEPOT INC,Consumer Cyclical,4.85,2031-06-25,11056000,0.00032571629375358156,0.769083650614748,390000.0,0.000291672794225952,QLTA
999,GILEAD SCIENCES INC,Consumer Non-Cyclical,4.15,2047-03-01,13807000,0.00032561554636918516,0.7969495123946618,200000.0,0.00014957579191074462,QLTA
1000,JPMORGAN CHASE & CO,Banking,2.52,2041-11-19,16068000,0.0003255147989847887,0.8159680683112214,370000.0,0.00027671521503487757,QLTA
1001,BAT CAPITAL CORP,Consumer Non-Cyclical,5.35,2032-08-15,10743000,0.0003255147989847887,0.7654820855975557,,,
1002,UNITEDHEALTH GROUP INC,Insurance,2.0,2030-05-15,12267000,0.0003253133042159959,0.7821184429969883,560000.0,0.000418812217350085,QLTA
1003,AT&T INC,Communications,4.55,2032-11-01,11415000,0.00032521255683159956,0.7730910501849927,,,
1004,ENERGY TRANSFER LP,Energy,5.75,2033-02-15,10580000,0.00032501106206280666,0.763564735578512,35000.0,0.0005754307510193344,LQDB
1005,APPLE INC,Technology,1.25,2030-08-20,12565000,0.00032480956729401386,0.7851285300734254,453000.0,0.0003387891686778366,QLTA
1006,WASTE MANAGEMENT INC,Capital Goods,4.95,2031-07-03,11014000,0.0003247088199096175,0.768606339962771,210000.0,0.00015705458150628185,QLTA
1007,HCA INC,Consumer Non-Cyclical,6.2,2055-03-01,11126000,0.00032440657775642827,0.7698751533602951,15000.0,0.0002466131790082862,LQDB
1008,AMGEN INC,Consumer Non-Cyclical,2.45,2030-02-21,11908000,0.00032440657775642827,0.7783935522604739,120000.0,0.0019729054320662895,LQDB
1009,ENTERPRISE PRODUCTS OPERATING LLC,Energy,5.55,2055-02-16,11496000,0.00032440657775642827,0.773977790447274,481000.0,0.00035972977954534086,QLTA
1010,APPLE INC,Technology,4.75,2035-05-12,11090000,0.0003243058303720319,0.7694687187728846,355000.0,0.0002654970306415717,QLTA
1011,CHEVRON USA INC,Energy,4.3,2030-10-15,11080000,0.0003239028408344462,0.7693555861173568,444000.0,0.00033205825804185306,QLTA
1012,WILLIAMS COMPANIES INC,Energy,5.15,2036-03-15,11126000,0.0003238020934500499,0.7698751533602951,15000.0,0.0002466131790082862,LQDB
1013,TOTALENERGIES CAPITAL SA,Energy,5.15,2034-04-05,10876000,0.00032329835652806783,0.7670251184171998,423000.0,0.0003163527998912249,QLTA
1014,BP CAPITAL MARKETS AMERICA INC,Energy,3.38,2061-02-08,17328000,0.00032329835652806783,0.8254355818566127,538000.0,0.00040235888023990306,QLTA
1015,SOUTHERN COMPANY (THE),Electric,4.4,2046-07-01,13577000,0.0003231976091436714,0.7948428506566955,50000.0,0.0008220439300276207,LQDB
1016,BAKER HUGHES HOLDINGS LLC,Energy,4.35,2031-06-15,11307000,0.000323096861759275,0.7718988913668705,355000.0,0.0002654970306415717,QLTA
1017,VISA INC,Technology,2.05,2030-04-15,12012000,0.0003229961143748786,0.7794840594811171,558000.0,0.0004173164594309775,QLTA
1018,UNITED PARCEL SERVICE INC,Transportation,5.5,2054-05-22,11815000,0.0003228953669904822,0.777410290364365,360000.0,0.00026923642543934034,QLTA
1019,IBM INTERNATIONAL CAPITAL PTE LTD,Technology,5.3,2054-02-05,12660000,0.0003228953669904822,0.7860731304810158,465000.0,0.00034776371619248125,QLTA
1020,BANCO SANTANDER SA,Banking,5.13,2035-11-06,11301000,0.0003227946196060858,0.7718323268535522,355000.0,0.0002654970306415717,QLTA
1021,UNITEDHEALTH GROUP INC,Insurance,3.25,2051-05-15,16848000,0.00032259312483729293,0.8219126664884685,682000.0,0.0005100534504156391,QLTA
1022,VODAFONE GROUP PLC,Communications,6.15,2037-02-27,10361000,0.00032219013529970734,0.7609416275510128,33000.0,0.0005425489938182297,LQDB
1023,ING GROEP NV,Banking,5.42,2037-03-23,10986000,0.00032219013529970734,0.7682871205973076,390000.0,0.000291672794225952,QLTA
1024,INTUIT INC,Technology,5.5,2053-09-15,12423000,0.00032198864053091454,0.783703200923687,425000.0,0.00031784855781033234,QLTA
1025,JPMORGAN CHASE & CO,Banking,5.4,2042-01-06,11294000,0.00032138415622453605,0.7717546235732586,254000.0,0.0001899612557266457,QLTA
1026,VISA INC,Technology,4.15,2035-12-14,11619000,0.00032118266145574325,0.7753124452627668,482000.0,0.00036047765850489455,QLTA
1027,NISOURCE INC,Natural Gas,5.35,2035-07-15,11052000,0.00032098116668695045,0.7690382706467669,,,
1028,AMGEN INC,Consumer Non-Cyclical,4.2,2031-02-19,11086000,0.0003208804193025541,0.7694234779570449,,,
1029,MARRIOTT INTERNATIONAL INC,Consumer Cyclical,5.35,2035-03-15,10849000,0.0003206789245337612,0.7667134033122708,,,
1030,CITIGROUP INC,Banking,5.32,2041-03-26,11162000,0.00032057817714936486,0.7702802749837222,420000.0,0.0003141091630125637,QLTA
1031,INTERCONTINENTAL EXCHANGE INC,Brokerage/Asset Managers/Exchanges,4.6,2033-03-15,11106000,0.00032057817714936486,0.7696495190062512,560000.0,0.000418812217350085,QLTA
1032,HALLIBURTON COMPANY,Energy,4.85,2035-11-15,11376000,0.00032057817714936486,0.7726618545516627,35000.0,0.0005754307510193344,LQDB
1033,COMCAST CORPORATION,Communications,5.35,2053-05-15,13105000,0.00032037668238057206,0.7904055120415548,545000.0,0.0004075940329567791,QLTA
1034,QUALCOMM INCORPORATED,Technology,4.8,2045-05-20,12518000,0.0003200744402273828,0.784658557479624,537000.0,0.0004016110012803493,QLTA
1035,JBS NV,Consumer Non-Cyclical,5.95,2035-04-20,10640000,0.0003200744402273828,0.7642739224268902,,,
1036,APPLE INC,Technology,3.95,2052-08-08,14325000,0.00031997369284298636,0.8015683414068715,625000.0,0.000467424349721077,QLTA
1037,TRUIST FINANCIAL CORP MTN,Banking,4.6,2032-01-27,10948000,0.00031987294545859,0.767852590525875,270000.0,0.00020192731907950524,QLTA
1038,ANHEUSER-BUSCH INBEV WORLDWIDE INC,Consumer Non-Cyclical,3.5,2030-06-01,11344000,0.00031936920853660797,0.7723085936415993,605000.0,0.0004524667705300025,QLTA
1039,HUNTINGTON BANCSHARES INC(FXD-FRN),Banking,4.62,2032-01-28,10959000,0.00031936920853660797,0.7679785304590061,,,
1040,INTERCONTINENTAL EXCHANGE INC,Brokerage/Asset Managers/Exchanges,1.85,2032-09-15,12973000,0.00031926846115221157,0.7891359410102176,505000.0,0.0003776788745746302,QLTA
1041,TOYOTA MOTOR CREDIT CORP MTN,Consumer Cyclical,5.55,2030-11-20,10528000,0.00031926846115221157,0.7629468461261774,412000.0,0.00030812613133613396,QLTA
1042,TRANSCANADA PIPELINES LTD,Energy,7.63,2039-01-15,9414000,0.00031916771376781517,0.7489212127096996,26000.0,0.00042746284361436276,LQDB
1043,JPMORGAN CHASE & CO,Banking,3.16,2042-04-22,14591000,0.00031916771376781517,0.8038756693005183,310000.0,0.00023184247746165418,QLTA
1044,AT&T INC,Communications,5.7,2054-11-01,12081000,0.0003189662189990223,0.7802023713499365,50000.0,0.0008220439300276207,LQDB
1045,EATON CORPORATION,Capital Goods,4.15,2033-03-15,11242000,0.0003188654716146259,0.7711758870041211,310000.0,0.00023184247746165418,QLTA
1046,BIOGEN INC,Consumer Non-Cyclical,2.25,2030-05-01,11948000,0.0003187647242302295,0.7788141010789571,60000.0,0.0009864527160331447,LQDB
1047,ENBRIDGE INC,Energy,5.95,2054-04-05,11020000,0.0003186639768458331,0.768674638524946,15000.0,0.0002466131790082862,LQDB
1048,VMWARE LLC,Technology,2.2,2031-08-15,12339000,0.0003186639768458331,0.7828523590061687,40000.0,2.9915158382148926e-05,QLTA
1049,SUNOCO LOGISTICS PARTNERS OPERATIO,Energy,5.4,2047-10-01,12139000,0.0003186639768458331,0.7808030031610463,,,
1050,CATERPILLAR INC,Capital Goods,3.8,2042-08-15,13200000,0.0003186639768458331,0.7913113298032314,642000.0,0.0004801382920334903,QLTA
1051,QUALCOMM INCORPORATED,Technology,1.65,2032-05-20,12935000,0.00031856322946143673,0.7887680631390642,380000.0,0.0002841940046304148,QLTA
1052,SHELL FINANCE US INC,Energy,2.75,2030-04-06,11580000,0.00031856322946143673,0.7748907978923478,397000.0,0.0002969079469428281,QLTA
1053,MERCK & CO INC,Consumer Non-Cyclical,4.0,2049-03-07,13987000,0.0003184624820770403,0.798573868213941,557000.0,0.0004165685804714238,QLTA
1054,MARRIOTT INTERNATIONAL INC,Consumer Cyclical,4.63,2030-06-15,10933000,0.0003180594925394547,0.7676806501760842,,,
1055,FORD MOTOR CREDIT COMPANY LLC,Consumer Cyclical,6.5,2035-02-07,10444000,0.0003178579977706619,0.7619422409663816,,,
1056,HCA INC,Consumer Non-Cyclical,5.5,2047-06-15,12015000,0.0003178579977706619,0.7795153761350812,30000.0,0.0004932263580165724,LQDB
1057,US BANCORP,Banking,1.38,2030-07-22,12405000,0.0003172535134642834,0.7835213629892464,450000.0,0.00033654553179917544,QLTA
1058,PACIFIC GAS AND ELECTRIC COMPANY,Electric,5.6,2036-08-15,10942000,0.0003172535134642834,0.767783842672085,,,
1059,META PLATFORMS INC,Communications,4.8,2030-05-15,10721000,0.0003172535134642834,0.7652250070614578,500000.0,0.0003739394797768616,QLTA
1060,ABBVIE INC,Consumer Non-Cyclical,4.75,2036-03-15,11081000,0.0003170520186954906,0.7693669039766802,495000.0,0.00037020008497909294,QLTA
1061,HOME DEPOT INC,Consumer Cyclical,3.63,2052-04-15,15333000,0.0003170520186954906,0.8100961928192524,575000.0,0.0004300304017433908,QLTA
1062,INGERSOLL RAND INC,Capital Goods,5.7,2033-08-14,10308000,0.00031695127131109425,0.7602984794359063,40000.0,0.0006576351440220965,LQDB
1063,LOWES COMPANIES INC,Consumer Cyclical,4.25,2052-04-01,14139000,0.00031654828177350854,0.7999293493829437,50000.0,0.0008220439300276207,LQDB
1064,T-MOBILE USA INC,Communications,3.6,2060-11-15,17296000,0.00031654828177350854,0.8252037748772154,60000.0,0.0009864527160331447,LQDB
1065,ING GROEP NV,Banking,5.07,2031-03-25,10635000,0.00031634678700471575,0.7642149764609883,415000.0,0.0003103697682147951,QLTA
1066,INTEL CORPORATION,Technology,5.13,2030-02-10,10512000,0.00031614529223592295,0.7627561121880457,,,
1067,CVS HEALTH CORP,Consumer Non-Cyclical,5.55,2031-06-01,10500000,0.00031584305008273375,0.7626128711214764,,,
1068,GOLDMAN SACHS GROUP INC/THE,Banking,4.41,2039-04-23,12071000,0.00031574230269833736,0.7800985227681927,440000.0,0.0003290667422036382,QLTA
1069,CHENIERE ENERGY PARTNERS LP,Energy,3.25,2032-01-31,11705000,0.0003156415553139409,0.7762372520993834,40000.0,0.0006576351440220965,LQDB
1070,MERCK & CO INC,Consumer Non-Cyclical,5.85,2056-05-22,10840000,0.0003153393131607517,0.766609325860465,240000.0,0.00017949095029289356,QLTA
1071,WALT DISNEY CO,Communications,3.8,2030-03-22,10943000,0.00031503707100756246,0.7677953032652067,594000.0,0.0004442401019749116,QLTA
1072,LOCKHEED MARTIN CORP,Capital Goods,4.07,2042-12-15,13009000,0.00031483557623876966,0.7894834642443352,593000.0,0.00044349222301535784,QLTA
1073,GENERAL ELECTRIC CO,Capital Goods,4.3,2030-07-29,10717000,0.00031473482885437326,0.765178208837145,330000.0,0.00024680005665272866,QLTA
1074,ABBVIE INC,Consumer Non-Cyclical,4.95,2031-03-15,10518000,0.00031463408146997687,0.7628276714140373,735000.0,0.0005496910352719866,QLTA
1075,TARGA RESOURCES CORP,Energy,5.55,2035-08-15,10534000,0.00031453333408558047,0.7630182966305203,40000.0,0.0006576351440220965,LQDB
1076,ENERGY TRANSFER OPERATING LP,Energy,3.75,2030-05-15,11142000,0.00031453333408558047,0.7700553690049569,53000.0,0.0008713665658292779,LQDB
1077,JOHNSON & JOHNSON,Consumer Non-Cyclical,5.95,2037-08-15,9767000,0.00031443258670118407,0.753537641524375,276000.0,0.0002064145928368276,QLTA
1078,JEFFERIES FINANCIAL GROUP INC MTN,Brokerage/Asset Managers/Exchanges,5.13,2031-04-28,10816000,0.0003142310919323912,0.7663313629683581,25000.0,0.00041102196501381036,LQDB
1079,VISTRA OPERATIONS COMPANY LLC 144A,Electric,5.25,2033-04-30,10775000,0.00031362660762601283,0.7658550797645846,15000.0,0.0002466131790082862,LQDB
1080,MORGAN STANLEY,Banking,4.46,2039-04-22,11787000,0.0003132236180884272,0.7771127382271352,290000.0,0.00021688489827057972,QLTA
1081,OCCIDENTAL PETROLEUM CORPORATION,Energy,5.55,2034-10-01,10452000,0.0003131228707040308,0.7620382651212624,,,
1082,ALPHABET INC,Technology,2.05,2050-08-15,20823000,0.0003130221233196344,0.8484772678692479,892000.0,0.0006671080319219211,QLTA
1083,CONSOLIDATED EDISON COMPANY OF NEW,Electric,5.88,2056-06-15,10971000,0.000312921375935238,0.7681157753866825,230000.0,0.00017201216069735633,QLTA
1084,MITSUBISHI UFJ FINANCIAL GROUP INC,Banking,5.16,2031-04-24,10507000,0.00031261913378204874,0.7626964482922787,305000.0,0.00022810308266388556,QLTA
1085,MARTIN MARIETTA MATERIALS INC,Capital Goods,2.4,2031-07-15,12107000,0.00031221614424446314,0.7804719758893477,,,
1086,ELI LILLY AND COMPANY,Consumer Non-Cyclical,4.7,2034-02-09,10652000,0.0003119139020912739,0.7644152798044129,579000.0,0.0004330219175816057,QLTA
1087,MICROSOFT CORPORATION,Technology,3.5,2035-02-12,11632000,0.0003118131547068775,0.7754526799358389,395000.0,0.00029541218902372066,QLTA
1088,ENERGY TRANSFER LP,Energy,5.35,2036-01-15,10843000,0.0003117124073224811,0.7666440279425425,,,
1089,BHP BILLITON FINANCE (USA) LTD,Basic Industry,4.9,2033-02-28,10544000,0.00031151091255368825,0.7631372904150886,210000.0,0.00015705458150628185,QLTA
1090,DELL INTERNATIONAL LLC,Technology,8.1,2036-07-15,9077000,0.00031120867040049905,0.7443495809797678,35000.0,0.0005754307510193344,LQDB
1091,LOWES COMPANIES INC,Consumer Cyclical,4.85,2035-10-15,10949000,0.00031110792301610265,0.7678640448383589,20000.0,0.00032881757201104825,LQDB
1092,KRAFT HEINZ FOODS CO,Consumer Non-Cyclical,4.88,2049-10-01,12870000,0.00031110792301610265,0.7881362857819983,40000.0,0.0006576351440220965,LQDB
1093,MPLX LP,Energy,4.95,2052-03-14,12693000,0.00031100717563170625,0.7863995968685837,15000.0,0.0002466131790082862,LQDB
1094,APPLE INC,Technology,1.7,2031-08-05,12089000,0.0003109064282473098,0.7802853883427221,235000.0,0.00017575155549512495,QLTA
1095,EQT CORP,Energy,4.75,2031-01-15,10775000,0.0003105034387097242,0.7658550797645846,25000.0,0.00041102196501381036,LQDB
1096,UNION PACIFIC CORPORATION,Transportation,3.84,2060-03-20,15068000,0.0003105034387097242,0.8079098279042235,660000.0,0.0004936001133054573,QLTA
1097,MITSUBISHI UFJ FINANCIAL GROUP INC,Banking,3.75,2039-07-18,12717000,0.0003104026913253278,0.7866364942994022,495000.0,0.00037020008497909294,QLTA
1098,SYSCO CORPORATION,Consumer Non-Cyclical,6.6,2050-04-01,10065000,0.0003103019439409314,0.757306727850614,30000.0,0.0004932263580165724,LQDB
1099,DIAMONDBACK ENERGY INC,Energy,6.25,2033-03-15,9857000,0.0003103019439409314,0.7546879429661558,,,
1100,MORGAN STANLEY,Banking,7.25,2032-04-01,9340000,0.00030969745963455297,0.7479315351866185,446000.0,0.00033355401596096054,QLTA
1101,MITSUBISHI UFJ FINANCIAL GROUP INC,Banking,4.53,2031-09-12,10614000,0.00030949596486576017,0.7639671004008919,420000.0,0.0003141091630125637,QLTA
1102,COCA-COLA CO,Consumer Non-Cyclical,1.65,2030-06-01,11761000,0.00030949596486576017,0.7768358062270646,512000.0,0.0003829140272915063,QLTA
1103,UNITED PARCEL SERVICE INC,Transportation,5.95,2055-05-14,10563000,0.00030949596486576017,0.7633630680155427,445000.0,0.0003328061370014068,QLTA
1104,DEVON ENERGY CORP,Energy,5.6,2041-07-15,10963000,0.00030939521748136377,0.7680242954591118,25000.0,0.00041102196501381036,LQDB
1105,BANCO SANTANDER SA,Banking,5.44,2031-07-15,10415000,0.00030929447009696737,0.7615935357544846,393000.0,0.0002939164311046132,QLTA
1106,MITSUBISHI UFJ FINANCIAL GROUP INC,Banking,5.57,2036-01-16,10478000,0.00030929447009696737,0.7623498368098461,430000.0,0.00032158795260810093,QLTA
1107,WASTE MANAGEMENT INC,Capital Goods,4.88,2034-02-15,10438000,0.0003087907331749853,0.7618701745683746,520000.0,0.00038889705896793603,QLTA
1108,FISERV INC,Technology,4.55,2031-02-15,10671000,0.0003087907331749853,0.7646387702976283,25000.0,0.00041102196501381036,LQDB
1109,MITSUBISHI UFJ FINANCIAL GROUP INC,Banking,2.56,2030-02-25,11316000,0.0003087907331749853,0.7719986719371632,364000.0,0.00027222794127755524,QLTA
1110,JPMORGAN CHASE & CO,Banking,5.63,2043-08-16,10493000,0.0003086899857905889,0.7625292382139768,260000.0,0.00019444852948396802,QLTA
1111,NEXTERA ENERGY CAPITAL HOLDINGS IN,Electric,2.44,2032-01-15,12072000,0.0003086899857905889,0.780108911497035,,,
1112,HUNTINGTON BANCSHARES INC,Banking,2.55,2030-02-04,11332000,0.0003085892384061925,0.7721758638283829,,,
1113,CHARTER COMMUNICATIONS OPERATING L,Communications,5.85,2035-12-01,11009000,0.0003083877436373997,0.7685493960667068,,,
1114,AT&T INC,Communications,5.13,2036-04-30,10707000,0.0003082869962530033,0.765061136815809,,,
1115,PAYPAL HOLDINGS INC,Technology,4.95,2031-06-01,10537000,0.0003082869962530033,0.7630540066227358,210000.0,0.00015705458150628185,QLTA
1116,UNION PACIFIC CORPORATION,Transportation,2.8,2032-02-14,11536000,0.0003082869962530033,0.7744133849809013,455000.0,0.000340284926596944,QLTA
1117,CVS HEALTH CORP,Consumer Non-Cyclical,2.13,2031-09-15,12047000,0.00030808550148421043,0.7798489347462169,70000.0,0.0011508615020386689,LQDB
1118,APPLOVIN CORP,Communications,5.13,2029-12-01,10434000,0.00030798475409981403,0.761822107285246,,,
1119,HOME DEPOT INC,Consumer Cyclical,2.7,2030-04-15,11210000,0.00030798475409981403,0.7708184093627484,222000.0,0.00016602912902092653,QLTA
1120,JPMORGAN CHASE & CO,Banking,4.03,2048-07-24,13298000,0.00030788400671541763,0.7922389466021791,323000.0,0.00024156490393585257,QLTA
1121,ANHEUSER-BUSCH INBEV FINANCE INC,Consumer Non-Cyclical,4.9,2046-02-01,11620000,0.00030778325933102123,0.7753232381144579,395000.0,0.00029541218902372066,QLTA
1122,VODAFONE GROUP PLC MTN,Communications,5.35,2036-06-18,10744000,0.00030778325933102123,0.76549375847327,30000.0,0.0004932263580165724,LQDB
1123,DIAMONDBACK ENERGY INC,Energy,5.55,2035-04-01,10276000,0.00030768251194662484,0.7599085606137507,10000.0,0.00016440878600552412,LQDB
1124,INTUIT INC,Technology,4.95,2031-06-15,10535000,0.00030758176456222844,0.7630302010911252,210000.0,0.00015705458150628185,QLTA
1125,CROWN CASTLE INC,Communications,2.25,2031-01-15,11900000,0.00030758176456222844,0.77830927299645,25000.0,0.00041102196501381036,LQDB
1126,ALTRIA GROUP INC,Consumer Non-Cyclical,2.45,2032-02-04,11887000,0.0003070780276402464,0.7781721982762898,85000.0,0.001397474681046955,LQDB
1127,EQUINIX INC,Technology,3.9,2032-04-15,11120000,0.0003070780276402464,0.7698075056700023,,,
1128,UNITEDHEALTH GROUP INC,Insurance,3.5,2039-08-15,12778000,0.0003070780276402464,0.7872366021281257,386000.0,0.0002886812783877371,QLTA
1129,VISTRA OPERATIONS COMPANY LLC 144A,Electric,5.0,2031-04-30,10519000,0.0003070780276402464,0.7628395939828677,25000.0,0.00041102196501381036,LQDB
1130,OTIS WORLDWIDE CORP,Capital Goods,2.56,2030-02-15,11209000,0.00030667503810266074,0.770807221750435,24000.0,0.0003945810864132579,LQDB
1131,HP INC,Technology,6.0,2041-09-15,10395000,0.00030667503810266074,0.7613524832244337,25000.0,0.00041102196501381036,LQDB
1132,CIGNA GROUP,Consumer Non-Cyclical,4.8,2046-07-15,12285000,0.00030647354333386795,0.7823023250536099,40000.0,0.0006576351440220965,LQDB
1133,BAT CAPITAL CORP,Consumer Non-Cyclical,6.42,2033-08-02,9547000,0.00030637279594947155,0.750680558355656,,,
1134,CVS HEALTH CORP,Consumer Non-Cyclical,1.75,2030-08-21,11771000,0.00030627204856507515,0.7769423909182905,,,
1135,UBER TECHNOLOGIES INC,Consumer Cyclical,4.8,2034-09-15,10703000,0.00030627204856507515,0.7650142773887728,50000.0,0.0008220439300276207,LQDB
1136,MITSUBISHI UFJ FINANCIAL GROUP INC,Banking,2.05,2030-07-17,11676000,0.00030617130118067875,0.7759261601418765,375000.0,0.0002804546098326462,QLTA
1137,FORD MOTOR CREDIT COMPANY LLC,Consumer Cyclical,6.05,2031-03-05,10157000,0.00030586905902748956,0.7584478190676438,,,
1138,JBS NV,Consumer Non-Cyclical,5.5,2036-01-15,10692000,0.0003057683116430931,0.7648853236086212,30000.0,0.0004932263580165724,LQDB
1139,VALERO ENERGY CORPORATION,Energy,6.63,2037-06-15,9584000,0.0003057683116430931,0.7511656437950843,55000.0,0.0009042483230303828,LQDB
1140,PACIFIC GAS AND ELECTRIC COMPANY,Electric,3.5,2050-08-01,15748000,0.0003056675642586967,0.8134453271667185,50000.0,0.0008220439300276207,LQDB
1141,TRUIST FINANCIAL CORP MTN,Banking,5.15,2032-08-05,10229000,0.0003056675642586967,0.7593336603738817,395000.0,0.00029541218902372066,QLTA
1142,CHEVRON CORP,Energy,2.24,2030-05-11,11352000,0.0003054660694899039,0.7723970022037011,499000.0,0.00037319160081730784,QLTA
1143,WALMART INC,Consumer Cyclical,4.45,2033-04-30,10547000,0.00030526457472111106,0.7631729665445258,325000.0,0.00024306066185496002,QLTA
1144,TARGA RESOURCES CORP,Energy,5.4,2036-07-30,10370000,0.00030526457472111106,0.761050514525325,35000.0,0.0005754307510193344,LQDB
1145,FORD MOTOR CREDIT COMPANY LLC,Consumer Cyclical,6.05,2031-11-05,10257000,0.00030526457472111106,0.759676471397087,,,
1146,INTERCONTINENTAL EXCHANGE INC,Brokerage/Asset Managers/Exchanges,4.95,2052-06-15,11869000,0.00030496233256792186,0.7779821548216135,427000.0,0.00031934431572943977,QLTA
1147,GE CAPITAL INTERNATIONAL FUNDING C,Capital Goods,4.42,2035-11-15,10990000,0.00030496233256792186,0.7683327731424593,445000.0,0.0003328061370014068,QLTA
1148,QUALCOMM INCORPORATED,Technology,4.65,2035-05-20,10733000,0.00030496233256792186,0.765365297043625,336000.0,0.000251287330410051,QLTA
1149,INTEL CORPORATION,Technology,5.9,2063-02-10,11146000,0.00030486158518352546,0.7701003824800081,60000.0,0.0009864527160331447,LQDB
1150,HSBC HOLDINGS PLC,Banking,6.5,2037-09-15,9722000,0.00030476083779912907,0.7529585097745946,100000.0,0.0016440878600552415,LQDB
1151,KENVUE INC,Consumer Non-Cyclical,5.0,2030-03-22,10189000,0.0003045593430303362,0.7588422990237728,410000.0,0.0003066303734170265,QLTA
1152,ENERGY TRANSFER LP,Energy,6.05,2054-09-01,10772000,0.0003044585956459398,0.7658201586504737,15000.0,0.0002466131790082862,LQDB
1153,VERIZON COMMUNICATIONS INC,Communications,4.52,2048-09-15,12929000,0.0003044585956459398,0.7887098783838538,25000.0,0.00041102196501381036,LQDB
1154,BOEING CO,Capital Goods,6.39,2031-05-01,9733000,0.0003041563534927506,0.7531003224796698,25000.0,0.00041102196501381036,LQDB
1155,WALMART INC,Consumer Cyclical,4.75,2036-04-30,10535000,0.00030405560610835417,0.7630302010911252,305000.0,0.00022810308266388556,QLTA
1156,INTEL CORPORATION,Technology,3.73,2047-12-08,14920000,0.00030385411133956137,0.8066719683179343,120000.0,0.0019729054320662895,LQDB
1157,COOPERATIEVE RABOBANK UA,Banking,5.25,2045-08-04,11176000,0.000303753363955165,0.770437469521455,,,
1158,ELI LILLY AND COMPANY,Consumer Non-Cyclical,5.65,2065-10-15,10680000,0.0003036526165707686,0.7647444953623256,280000.0,0.0002094061086750425,QLTA
1159,DUKE ENERGY CORP,Electric,4.5,2032-08-15,10496000,0.0003036526165707686,0.7625650877182893,,,
1160,FISERV INC,Technology,5.6,2033-03-02,10166000,0.0003036526165707686,0.7585588920327678,10000.0,0.00016440878600552412,LQDB
1161,NIKE INC,Consumer Cyclical,2.85,2030-03-27,10968000,0.0003035518691863722,0.7680814782334131,447000.0,0.0003343018949205142,QLTA
1162,ABBVIE INC,Consumer Non-Cyclical,5.55,2056-03-15,10744000,0.0003033503744175794,0.76549375847327,415000.0,0.0003103697682147951,QLTA
1163,PROGRESSIVE CORPORATION (THE),Insurance,5.15,2036-03-26,10380000,0.00030324962703318293,0.7611713892721746,305000.0,0.00022810308266388556,QLTA
1164,BROADCOM INC,Technology,4.15,2032-04-15,10762000,0.00030314887964878653,0.7657036846566386,440000.0,0.0003290667422036382,QLTA
1165,WELLTOWER OP LLC,Reits,5.13,2035-07-01,10440000,0.00030294738487999373,0.7618942013028378,386000.0,0.0002886812783877371,QLTA
1166,COMCAST CORPORATION,Communications,5.3,2034-06-01,10398000,0.00030294738487999373,0.7613886706551126,490000.0,0.00036646069018132435,QLTA
1167,MPLX LP,Energy,4.8,2031-02-15,10262000,0.00030284663749559733,0.7597375891623923,25000.0,0.00041102196501381036,LQDB
1168,GENERAL MOTORS CO,Consumer Cyclical,5.2,2045-04-01,11817000,0.00030274589011120094,0.7774315170976839,15000.0,0.0002466131790082862,LQDB
1169,BP CAPITAL MARKETS AMERICA INC,Energy,3.06,2041-06-17,13949000,0.00030163766888284044,0.7982326962877688,600000.0,0.0004487273757322339,QLTA
1170,DTE ENERGY COMPANY,Electric,5.2,2030-04-01,10080000,0.00030163766888284044,0.757493485204782,25000.0,0.00041102196501381036,LQDB
1171,PEPSICO INC,Consumer Non-Cyclical,3.9,2032-07-18,10750000,0.00030133542672965125,0.7655637729201323,395000.0,0.00029541218902372066,QLTA
1172,ENTERPRISE PRODUCTS OPERATING LLC,Energy,4.85,2044-03-15,11389000,0.00030133542672965125,0.7728050830339058,420000.0,0.0003141091630125637,QLTA
1173,BURLINGTON NORTHERN SANTA FE LLC,Transportation,5.5,2055-03-15,10733000,0.0003009324371920656,0.765365297043625,442000.0,0.00033056250012274564,QLTA
1174,SOUTHERN COMPANY (THE),Electric,5.7,2034-03-15,9839000,0.00030022720550129076,0.7544587252213253,35000.0,0.0005754307510193344,LQDB
1175,UNITED PARCEL SERVICE INC,Transportation,5.3,2050-04-01,10999000,0.00030022720550129076,0.7684354306461524,444000.0,0.00033205825804185306,QLTA
1176,AON CORP,Insurance,2.8,2030-05-15,11013000,0.00030012645811689436,0.7685949532518946,52000.0,0.0008549256872287255,LQDB
1177,CHEVRON USA INC,Energy,4.69,2030-04-15,10112000,0.00029992496334810156,0.7578909737789072,309000.0,0.00023109459850210047,QLTA
1178,NOMURA HOLDINGS INC,Brokerage/Asset Managers/Exchanges,4.9,2030-07-01,10294000,0.00029992496334810156,0.7601280391065873,,,
1179,WALT DISNEY CO,Communications,3.5,2040-05-13,12705000,0.00029982421596370517,0.7865181015220014,793000.0,0.0005930680149261024,QLTA
1180,THERMO FISHER SCIENTIFIC INC,Consumer Non-Cyclical,4.55,2033-06-15,10511000,0.00029982421596370517,0.7627441816795321,235000.0,0.00017575155549512495,QLTA
1181,BRISTOL-MYERS SQUIBB CO,Consumer Non-Cyclical,1.45,2030-11-13,11695000,0.0002997234685793087,0.7761300661611089,460000.0,0.00034402432139471267,QLTA
1182,TOTALENERGIES CAPITAL SA,Energy,5.42,2064-09-10,11093000,0.0002997234685793087,0.7695026386775624,405000.0,0.0003028909786192579,QLTA
1183,FORD MOTOR CREDIT COMPANY LLC,Consumer Cyclical,6.47,2036-05-22,10125000,0.0002994212264261195,0.7580520943250523,,,
1184,PROCTER & GAMBLE CO,Consumer Non-Cyclical,2.3,2032-02-01,11317000,0.0002992197316573267,0.7720097537681384,220000.0,0.0001645333711018191,QLTA
1185,ING GROEP NV,Banking,6.11,2034-09-11,9599000,0.0002992197316573267,0.7513617667670494,370000.0,0.00027671521503487757,QLTA
1186,ENERGY TRANSFER LP,Energy,5.6,2034-09-01,9938000,0.0002992197316573267,0.7557142695584999,15000.0,0.0002466131790082862,LQDB
1187,INTEL CORPORATION,Technology,3.9,2030-03-25,10453000,0.0002988167421197411,0.7620502629725173,25000.0,0.00041102196501381036,LQDB
1188,MPLX LP,Energy,4.7,2048-04-15,12476000,0.0002988167421197411,0.7842370865951014,,,
1189,EXELON CORPORATION,Electric,4.05,2030-04-15,10420000,0.0002988167421197411,0.7616537265596465,46000.0,0.0007562804156254111,LQDB
1190,ING GROEP NV,Banking,5.53,2036-03-25,10033000,0.0002986152473509483,0.7569073801865808,335000.0,0.00025053945145049725,QLTA
1191,PEPSICO INC,Consumer Non-Cyclical,1.63,2030-05-01,11347000,0.0002985144999665519,0.7723417541565732,400000.0,0.00029915158382148925,QLTA
1192,RIO TINTO FINANCE (USA) LTD,Basic Industry,5.2,2040-11-02,10465000,0.0002985144999665519,0.7621941477269732,542000.0,0.00040535039607811796,QLTA
1193,EXXON MOBIL CORP,Energy,3.48,2030-03-19,10468000,0.00029821225781336263,0.7622300931359461,711000.0,0.0005317419402426971,QLTA
1194,BROADCOM INC,Technology,4.55,2032-02-15,10247000,0.00029811151042896623,0.7595541464360155,75000.0,5.609092196652924e-05,QLTA
1195,ORACLE CORPORATION,Technology,4.0,2047-11-15,16309000,0.00029801076304456983,0.817835058790996,,,
1196,OCCIDENTAL PETROLEUM CORPORATION,Energy,6.6,2046-03-15,9652000,0.000297809268275777,0.7520522884459956,25000.0,0.00041102196501381036,LQDB
1197,MARSH & MCLENNAN COMPANIES INC,Insurance,4.9,2049-03-15,11630000,0.0002977085208913806,0.7754311155750003,420000.0,0.0003141091630125637,QLTA
1198,TIME WARNER CABLE ENTERPRISES LLC,Communications,8.38,2033-07-15,9200000,0.0002977085208913806,0.7460375341790266,,,
1199,TRUIST FINANCIAL CORP MTN,Banking,4.68,2032-04-23,10280000,0.0002976077735069842,0.7599573668179657,340000.0,0.0002542788462482659,QLTA
1200,ABBVIE INC,Consumer Non-Cyclical,4.13,2031-03-15,10308000,0.00029720478396939854,0.7602984794359063,380000.0,0.0002841940046304148,QLTA
1201,PACIFICORP,Electric,5.45,2034-02-15,9972000,0.00029710403658500214,0.7561425830200519,,,
1202,HCA INC,Consumer Non-Cyclical,4.7,2031-05-15,10224000,0.00029670104704741654,0.7592723453870117,,,
1203,REGENERON PHARMACEUTICALS INC.,Consumer Non-Cyclical,1.75,2030-09-15,11446000,0.00029649955227862375,0.7734311609524505,22000.0,0.0003616993292121531,LQDB
1204,HCA INC,Consumer Non-Cyclical,5.5,2033-06-01,9993000,0.00029649955227862375,0.7564064006323057,,,
1205,INTERCONTINENTAL EXCHANGE INC,Brokerage/Asset Managers/Exchanges,4.25,2048-09-21,12507000,0.0002960965627410381,0.7845483090855809,490000.0,0.00036646069018132435,QLTA
1206,REGAL REXNORD CORP,Capital Goods,6.3,2030-02-15,9515000,0.0002959958153566417,0.7502595065190705,25000.0,0.00041102196501381036,LQDB
1207,UNITED PARCEL SERVICE INC,Transportation,4.88,2033-03-03,9916000,0.0002956935732034525,0.7554363440006826,278000.0,0.00020791035075593505,QLTA
1208,PRUDENTIAL FINANCIAL INC MTN,Insurance,5.2,2035-03-14,10028000,0.0002956935732034525,0.7568448670801835,265000.0,0.00019818792428173663,QLTA
1209,AMGEN INC,Consumer Non-Cyclical,2.0,2032-01-15,11777000,0.00029539133105026326,0.7770062982783356,,,
1210,BROWN & BROWN INC,Insurance,5.55,2035-06-23,10219000,0.00029518983628147046,0.7592110004069947,30000.0,0.0004932263580165724,LQDB
1211,ELI LILLY AND COMPANY,Consumer Non-Cyclical,4.88,2053-02-27,11347000,0.00029488759412828127,0.7723417541565732,285000.0,0.0002131455034728111,QLTA
1212,MERCK & CO INC,Consumer Non-Cyclical,5.55,2055-12-04,10581000,0.0002947868467438848,0.7635765882830386,565000.0,0.0004225516121478536,QLTA
1213,WESTERN MIDSTREAM OPERATING LP,Energy,6.15,2033-04-01,9566000,0.000294585351975092,0.750929890647571,,,
1214,BROADCOM INC,Technology,4.2,2030-10-15,10241000,0.0002944846045906956,0.7594806941456607,50000.0,3.7393947977686156e-05,QLTA
1215,RIO TINTO FINANCE (USA) PLC,Basic Industry,5.0,2032-03-14,9853000,0.00029418236243750637,0.7546370418837128,414000.0,0.0003096218892552414,QLTA
1216,BANCO SANTANDER SA (FXD),Banking,4.55,2030-11-06,10180000,0.00029408161505310997,0.7587314768985064,270000.0,0.00020192731907950524,QLTA
1217,HEWLETT PACKARD ENTERPRISE CO,Technology,4.55,2029-10-15,10037000,0.00029398086766871357,0.7569573682450993,30000.0,0.0004932263580165724,LQDB
1218,PACIFIC GAS AND ELECTRIC COMPANY,Electric,6.4,2033-06-15,9527000,0.00029398086766871357,0.7504175666683179,45000.0,0.0007398395370248586,LQDB
1219,T-MOBILE USA INC,Communications,5.75,2054-01-15,10945000,0.0002938801202843172,0.7678182213098882,,,
1220,CHUBB INA HOLDINGS LLC,Insurance,6.0,2037-05-11,9475000,0.0002933763833623351,0.7497311959319517,247000.0,0.00018472610300976963,QLTA
1221,MERCK & CO INC,Consumer Non-Cyclical,4.95,2033-05-22,10003000,0.00029327563597793873,0.7565318332694355,285000.0,0.0002131455034728111,QLTA
1222,ALPHABET INC,Technology,4.5,2035-05-15,10392000,0.00029307414120914593,0.7613162853485448,580000.0,0.00043376979654115945,QLTA
1223,COMCAST CORPORATION,Communications,7.05,2033-03-15,8969000,0.0002928726464403531,0.7428485086047221,225000.0,0.00016827276589958772,QLTA
1224,MPLX LP,Energy,5.4,2035-04-01,9979000,0.0002927718990559567,0.756230583903923,,,
1225,PACIFIC GAS AND ELECTRIC COMPANY,Electric,5.05,2031-11-15,10028000,0.0002924696569027675,0.7568448670801835,,,
1226,GENERAL MOTORS FINANCIAL COMPANY I,Consumer Cyclical,2.35,2031-01-08,11229000,0.0002922681621339747,0.7710307845873355,160000.0,0.002630540576088386,LQDB
1227,UBER TECHNOLOGIES INC,Consumer Cyclical,4.15,2031-01-15,10331000,0.0002922681621339747,0.7605779866423987,25000.0,0.00041102196501381036,LQDB
1228,AIR PRODUCTS AND CHEMICALS INC,Basic Industry,2.05,2030-05-15,10989000,0.0002921674147495783,0.7683213615641133,325000.0,0.00024306066185496002,QLTA
1229,AMAZON.COM INC,Consumer Cyclical,2.5,2050-06-03,18176000,0.00029206666736518184,0.8314273474883545,891000.0,0.0006663601529623673,QLTA
1230,AT&T INC,Communications,5.38,2035-08-15,9879000,0.00029186517259638904,0.7549675302205129,,,
1231,ELI LILLY AND COMPANY,Consumer Non-Cyclical,5.05,2054-08-14,10929000,0.00029186517259638904,0.7676347595744751,475000.0,0.0003552425057880185,QLTA
1232,CAMPBELLS CO,Consumer Non-Cyclical,5.4,2034-03-21,10096000,0.00029176442521199264,0.7576923869754979,20000.0,0.00032881757201104825,LQDB
1233,INTEL CORPORATION,Technology,2.0,2031-08-12,11428000,0.00029176442521199264,0.7732337895973224,130000.0,0.0021373142180718136,LQDB
1234,JBS NV,Consumer Non-Cyclical,6.25,2056-03-01,10363000,0.00029166367782759625,0.7609658328280902,25000.0,0.00041102196501381036,LQDB
1235,AT&T INC,Communications,5.25,2037-03-01,10165000,0.00029156293044319985,0.7585465554492011,,,
1236,INTEL CORPORATION,Technology,5.6,2054-02-21,10844000,0.00029146218305880345,0.7666555931696589,20000.0,0.00032881757201104825,LQDB
1237,ORACLE CORPORATION,Technology,6.5,2038-04-15,10240000,0.000291361435674407,0.7594684479135192,55000.0,0.0009042483230303828,LQDB
1238,BROADCOM INC,Technology,4.95,2036-01-15,10391000,0.0002912606882900106,0.7613042170677148,225000.0,0.00016827276589958772,QLTA
1239,WILLIAMS COMPANIES INC,Energy,4.65,2032-08-15,9997000,0.0002910591935212178,0.7564565887430897,,,
1240,US BANCORP MTN,Banking,5.42,2036-02-12,9698000,0.0002910591935212178,0.7526485424732745,395000.0,0.00029541218902372066,QLTA
1241,ALTRIA GROUP INC,Consumer Non-Cyclical,3.88,2046-09-16,13590000,0.00029065620398363215,0.7949628711334763,,,
1242,US BANCORP MTN,Banking,5.08,2031-05-15,9817000,0.00029065620398363215,0.7541780000447564,370000.0,0.00027671521503487757,QLTA
1243,HCA INC,Consumer Non-Cyclical,5.3,2036-05-15,10096000,0.00029045470921483936,0.7576923869754979,,,
1244,DEUTSCHE BANK AG (NEW YORK BRANCH),Banking,5.06,2032-04-14,9906000,0.00029045470921483936,0.7553098102999597,,,
1245,ENTERPRISE PRODUCTS OPERATING LLC,Energy,2.8,2030-01-31,10456000,0.00029045470921483936,0.7620862496407487,470000.0,0.0003515031109902499,QLTA
1246,GENERAL MOTORS FINANCIAL COMPANY I,Consumer Cyclical,2.7,2031-06-10,11084000,0.0002903539618304429,0.7694008514274125,,,
1247,ASTRAZENECA FINANCE LLC,Consumer Non-Cyclical,5.0,2034-02-26,9786000,0.0002903539618304429,0.7537813631029315,575000.0,0.0004300304017433908,QLTA
1248,LOWES COMPANIES INC,Consumer Cyclical,2.63,2031-04-01,10889000,0.0002903539618304429,0.767174927580148,25000.0,0.00041102196501381036,LQDB
1249,JPMORGAN CHASE & CO,Banking,3.11,2041-04-22,12997000,0.0002899509722928573,0.7893677301377003,320000.0,0.0002393212670571914,QLTA
1250,THERMO FISHER SCIENTIFIC INC,Consumer Non-Cyclical,4.9,2036-02-12,9996000,0.0002898502249084609,0.7564440435982638,350000.0,0.0002617576358438031,QLTA
1251,PLAINS ALL AMERICAN PIPELINE LP,Energy,5.6,2036-01-15,9987000,0.0002897494775240645,0.7563310807861093,15000.0,0.0002466131790082862,LQDB
1252,THERMO FISHER SCIENTIFIC INC,Consumer Non-Cyclical,2.0,2031-10-15,11303000,0.0002897494775240645,0.7718545189506101,460000.0,0.00034402432139471267,QLTA
1253,AMAZON.COM INC,Consumer Cyclical,3.25,2061-05-12,16929000,0.00028944723537087526,0.8225141426541562,355000.0,0.0002654970306415717,QLTA
1254,ECOLAB INC,Basic Industry,5.35,2036-06-15,9824000,0.00028944723537087526,0.7542673898740119,385000.0,0.00028793339942818344,QLTA
1255,CHARTER COMMUNICATIONS OPERATING L,Communications,3.7,2051-04-01,16383000,0.00028934648798647887,0.8184027924151496,55000.0,0.0009042483230303828,LQDB
1256,TAKEDA PHARMACEUTICAL CO LTD,Consumer Non-Cyclical,3.17,2050-07-09,15381000,0.00028934648798647887,0.8104881682589689,,,
1257,SUMITOMO MITSUI FINANCIAL GROUP IN,Banking,5.71,2030-01-13,9627000,0.0002888427510644969,0.75172704437099,375000.0,0.0002804546098326462,QLTA
1258,PNC FINANCIAL SERVICES GROUP INC (,Banking,5.22,2031-01-29,9554000,0.0002888427510644969,0.7507724753045415,305000.0,0.00022810308266388556,QLTA
1259,EXPEDIA GROUP INC,Consumer Cyclical,5.5,2036-04-15,9981000,0.0002887420036801005,0.7562557156755797,20000.0,0.00032881757201104825,LQDB
1260,KINDER MORGAN INC MTN,Energy,7.75,2032-01-15,8756000,0.000288641256295704,0.7398343374398277,55000.0,0.0009042483230303828,LQDB
1261,WALMART INC,Consumer Cyclical,4.05,2048-06-29,12355000,0.000288641256295704,0.7830148698122873,564000.0,0.00042180373318829984,QLTA
1262,MPLX LP,Energy,6.2,2055-09-15,9917000,0.000288641256295704,0.7554489903517395,40000.0,0.0006576351440220965,LQDB
1263,HOME DEPOT INC,Consumer Cyclical,3.3,2040-04-15,12462000,0.0002885405089113076,0.7840962809373497,462000.0,0.0003455200793138201,QLTA
1264,ENERGY TRANSFER LP,Energy,6.5,2042-02-01,9244000,0.00028833901414251483,0.7466358796826262,,,
1265,T-MOBILE USA INC,Communications,5.85,2056-02-15,10291000,0.00028823826675811843,0.7600914860220006,10000.0,0.00016440878600552412,LQDB
1266,HSBC HOLDINGS PLC,Banking,2.36,2031-08-18,10831000,0.00028793602460492923,0.766505161961594,635000.0,0.0004749031393166142,QLTA
1267,CHENIERE ENERGY PARTNERS LP,Energy,4.0,2031-03-01,10139000,0.0002878352772205328,0.7582253775703552,25000.0,0.00041102196501381036,LQDB
1268,FORD MOTOR CREDIT COMPANY LLC,Consumer Cyclical,5.88,2029-11-07,9640000,0.00028763378245174,0.7518962765575595,,,
1269,UNITEDHEALTH GROUP INC,Insurance,4.9,2031-04-15,9691000,0.0002875330350673436,0.7525579908389279,373000.0,0.00027895885191353873,QLTA
1270,NATWEST GROUP PLC,Banking,4.98,2032-06-18,9877000,0.0002874322876829472,0.7549421389387603,300000.0,0.00022436368786611695,QLTA
1271,BARCLAYS PLC,Banking,5.75,2033-08-09,9422000,0.00028733154029855074,0.749027738551864,,,
1272,NOVARTIS CAPITAL CORP,Consumer Non-Cyclical,4.2,2034-09-18,10212000,0.00028733154029855074,0.7591250669905805,450000.0,0.00033654553179917544,QLTA
1273,VERIZON COMMUNICATIONS INC,Communications,5.75,2045-11-30,10372000,0.00028723079291415434,0.761074698796955,20000.0,0.00032881757201104825,LQDB
1274,EMERSON ELECTRIC CO,Capital Goods,2.2,2031-12-21,11181000,0.00028723079291415434,0.7704935627102723,375000.0,0.0002804546098326462,QLTA
1275,PFIZER INC,Consumer Non-Cyclical,4.5,2032-11-15,9964000,0.00028692855076096514,0.7560419349085922,470000.0,0.0003515031109902499,QLTA
1276,PEPSICO INC,Consumer Non-Cyclical,2.75,2030-03-19,10368000,0.0002868278033765687,0.7610263255889693,567000.0,0.000424047370066961,QLTA
1277,EASTMAN CHEMICAL COMPANY,Basic Industry,5.63,2034-02-20,9533000,0.0002867270559921723,0.7504965221001897,40000.0,0.0006576351440220965,LQDB
1278,GENERAL DYNAMICS CORPORATION,Capital Goods,3.63,2030-04-01,10085000,0.0002867270559921723,0.7575556759028815,220000.0,0.0001645333711018191,QLTA
1279,ELI LILLY AND COMPANY,Consumer Non-Cyclical,5.1,2035-02-12,9584000,0.0002867270559921723,0.7511656437950843,465000.0,0.00034776371619248125,QLTA
1280,TOTALENERGIES CAPITAL USA LLC,Energy,4.25,2031-01-13,10032000,0.0002867270559921723,0.7568948800579739,290000.0,0.00021688489827057972,QLTA
1281,ARCELORMITTAL SA,Basic Industry,5.38,2036-05-19,9975000,0.0002866263086077759,0.7561803052462792,20000.0,0.00032881757201104825,LQDB
1282,LLOYDS BANKING GROUP PLC MTN,Banking,5.67,2047-02-10,10014000,0.0002864248138389831,0.7566696644210047,225000.0,0.00016827276589958772,QLTA
1283,PEPSICO INC,Consumer Non-Cyclical,1.95,2031-10-21,11168000,0.0002863240664545867,0.7703476681999325,350000.0,0.0002617576358438031,QLTA
1284,CANADIAN IMPERIAL (FX-FRN),Banking,5.25,2031-01-13,9699000,0.0002862233190701903,0.7526614730852512,235000.0,0.00017575155549512495,QLTA
1285,QUALCOMM INCORPORATED,Technology,2.15,2030-05-20,10717000,0.0002862233190701903,0.765178208837145,398000.0,0.0002976558259023818,QLTA
1286,BHP BILLITON FINANCE (USA) LTD,Basic Industry,5.25,2033-09-08,9506000,0.00028602182430139745,0.7501408305350995,415000.0,0.0003103697682147951,QLTA
1287,HONEYWELL INTERNATIONAL INC,Capital Goods,1.95,2030-06-01,10817000,0.00028592107691700105,0.766342957064437,541000.0,0.0004046025171185642,QLTA
1288,DOW CHEMICAL CO,Basic Industry,4.38,2042-11-15,12186000,0.00028592107691700105,0.7812876207743474,45000.0,0.0007398395370248586,LQDB
1289,XCEL ENERGY INC,Electric,5.45,2033-08-15,9488000,0.00028571958214820825,0.749903141117557,,,
1290,VERIZON COMMUNICATIONS INC,Communications,3.0,2060-11-20,17810000,0.00028561883476381186,0.8288763141743486,,,
1291,FLORIDA POWER & LIGHT CO,Electric,5.6,2066-02-15,10157000,0.0002852158452262262,0.7584478190676438,395000.0,0.00029541218902372066,QLTA
1292,CONOCOPHILLIPS CO,Energy,5.05,2033-09-15,9574000,0.0002852158452262262,0.7510347245430361,305000.0,0.00022810308266388556,QLTA
1293,THERMO FISHER SCIENTIFIC INC,Consumer Non-Cyclical,4.21,2031-02-12,9805000,0.0002848128556886406,0.7540246119426894,150000.0,0.00011218184393305848,QLTA
1294,APPLE INC,Technology,4.3,2033-05-10,9852000,0.0002847121083042442,0.7546243133843213,210000.0,0.00015705458150628185,QLTA
1295,T-MOBILE USA INC,Communications,4.7,2035-01-15,10234000,0.0002847121083042442,0.7593949453969198,105000.0,0.0017262922530580035,LQDB
1296,ELI LILLY AND COMPANY,Consumer Non-Cyclical,5.5,2055-02-12,9958000,0.0002847121083042442,0.7559663957796258,470000.0,0.0003515031109902499,QLTA
1297,TRANSCONTINENTAL GAS PIPE LINE COM,Energy,5.1,2036-03-15,9823000,0.0002846113609198478,0.7542546237987579,10000.0,0.00016440878600552412,LQDB
1298,SOLVENTUM CORP,Consumer Non-Cyclical,5.9,2054-04-30,10060000,0.0002846113609198478,0.7572444135436684,30000.0,0.0004932263580165724,LQDB
1299,BP CAPITAL MARKETS AMERICA INC,Energy,1.75,2030-08-10,10839000,0.0002846113609198478,0.7665977563655404,295000.0,0.00022062429306834834,QLTA
1300,MICROSOFT CORPORATION,Technology,3.04,2062-03-17,16754000,0.00028440986615105497,0.8212110213765856,689000.0,0.0005152886031325152,QLTA
1301,ENBRIDGE INC,Energy,4.85,2031-03-27,9657000,0.00028430911876665857,0.7521172361610251,,,
1302,CHUBB INA HOLDINGS LLC,Insurance,5.3,2036-05-20,9680000,0.00028430911876665857,0.7524155631800669,240000.0,0.00017949095029289356,QLTA
1303,ELI LILLY AND COMPANY,Consumer Non-Cyclical,4.95,2063-02-27,11101000,0.00028410762399786577,0.7695930469288582,172000.0,0.0001286351810432404,QLTA
1304,CHARTER COMMUNICATIONS OPERATING L,Communications,5.25,2053-04-01,12715000,0.00028400687661346937,0.7866167699300399,,,
1305,GLOBAL PAYMENTS INC,Technology,2.9,2030-05-15,10562000,0.00028400687661346937,0.7633511951123246,,,
1306,TAKEOFF MERGER SUB INC 144A,Finance Companies,4.85,2031-03-24,9730000,0.0002839061292290729,0.75306166218851,25000.0,0.00041102196501381036,LQDB
1307,ENTERPRISE PRODUCTS OPERATING LLC,Energy,5.1,2045-02-15,10431000,0.0002838053818446765,0.7617860447285206,405000.0,0.0003028909786192579,QLTA
1308,INTERNATIONAL BUSINESS MACHINES CO,Technology,5.2,2035-02-10,9681000,0.0002834023923070909,0.7524285178353284,244000.0,0.00018248246613110846,QLTA
1309,NOMURA HOLDINGS INC,Brokerage/Asset Managers/Exchanges,5.54,2036-07-14,9770000,0.0002833016449226945,0.7535761553825311,,,
1310,JOHNSON & JOHNSON,Consumer Non-Cyclical,5.0,2035-03-01,9422000,0.0002833016449226945,0.749027738551864,475000.0,0.0003552425057880185,QLTA
1311,BROADCOM INC,Technology,5.7,2056-01-15,10409000,0.0002832008975382981,0.7615212686336909,400000.0,0.00029915158382148925,QLTA
1312,GILEAD SCIENCES INC,Consumer Non-Cyclical,5.65,2041-12-01,9681000,0.0002832008975382981,0.7524285178353284,440000.0,0.0003290667422036382,QLTA
1313,ELEVANCE HEALTH INC,Insurance,4.38,2047-12-01,12153000,0.0002831001501539017,0.780947553280958,65000.0,0.0010686571090359068,LQDB
1314,COMCAST CORPORATION,Communications,5.5,2064-05-15,11802000,0.0002827979080007125,0.7772722289521133,470000.0,0.0003515031109902499,QLTA
1315,WALT DISNEY CO,Communications,4.63,2036-03-14,9938000,0.0002827979080007125,0.7557142695584999,270000.0,0.00020192731907950524,QLTA
1316,LLOYDS BANKING GROUP PLC,Banking,5.59,2035-11-26,9520000,0.0002826971606163161,0.7503253891263897,300000.0,0.00022436368786611695,QLTA
1317,FLORIDA POWER & LIGHT CO,Electric,5.1,2033-04-01,9489000,0.00028249566584752323,0.7499163579105446,215000.0,0.00016079397630405047,QLTA
1318,SANTANDER HOLDINGS USA INC,Banking,5.22,2032-06-05,9705000,0.00028239491846312684,0.7527390287711787,40000.0,0.0006576351440220965,LQDB
1319,DIAMONDBACK ENERGY INC,Energy,3.5,2029-12-01,10008000,0.00028229417107873044,0.756594502572697,90000.0,0.0014796790740497171,LQDB
1320,NOVARTIS CAPITAL CORP,Consumer Non-Cyclical,5.6,2046-03-18,9674000,0.00028209267630993764,0.7523378071332557,420000.0,0.0003141091630125637,QLTA
1321,MARATHON PETROLEUM CORP,Energy,6.5,2041-03-01,8943000,0.00028199192892554124,0.7424844400100564,35000.0,0.0005754307510193344,LQDB
1322,DELL INTERNATIONAL LLC,Technology,5.25,2037-02-15,9886000,0.00028189118154114484,0.755056359243304,10000.0,0.00016440878600552412,LQDB
1323,CSX CORP,Transportation,4.1,2032-11-15,9969000,0.000281689686772352,0.7561048494436734,410000.0,0.0003066303734170265,QLTA
1324,LOCKHEED MARTIN CORPORATION,Capital Goods,4.7,2046-05-15,11027000,0.0002814881920035592,0.7687542731972852,458000.0,0.0003425285634756052,QLTA
1325,PROCTER & GAMBLE CO,Consumer Non-Cyclical,4.05,2033-01-26,9719000,0.0002812866972347664,0.7529198057343258,280000.0,0.0002094061086750425,QLTA
1326,T-MOBILE USA INC,Communications,2.25,2031-11-15,10987000,0.0002810852024659736,0.7682985352917266,,,
1327,ENERGY TRANSFER PARTNERS LP,Energy,6.0,2048-06-15,10096000,0.0002810852024659736,0.7576923869754979,,,
1328,ELI LILLY AND COMPANY,Consumer Non-Cyclical,4.6,2034-08-14,9694000,0.0002809844550815772,0.7525968066886516,405000.0,0.0003028909786192579,QLTA
1329,S&P GLOBAL INC,Technology,5.25,2033-09-15,9334000,0.0002809844550815772,0.747850947710258,239000.0,0.00017874307133333982,QLTA
1330,PNC FINANCIAL SERVICES GROUP INC (,Banking,5.07,2034-01-24,9478000,0.0002809844550815772,0.7497708965200997,454000.0,0.0003395370476373903,QLTA
1331,XCEL ENERGY INC,Electric,5.5,2034-03-15,9397000,0.00028078296031278435,0.7486945444025495,,,
1332,GENERAL MOTORS FINANCIAL COMPANY I,Consumer Cyclical,3.1,2032-01-12,10674000,0.00028048071815959516,0.7646740218903124,,,
1333,PAYCHEX INC,Technology,5.6,2035-04-15,9467000,0.0002803799707751987,0.7496252662116656,30000.0,0.0004932263580165724,LQDB
1334,NXP BV,Technology,2.65,2032-02-15,10787000,0.0002802792233908023,0.7659946670604884,45000.0,0.0007398395370248586,LQDB
1335,DELL INTERNATIONAL LLC,Technology,4.75,2032-10-06,9690000,0.0002802792233908023,0.7525450495520739,,,
1336,APOLLO DEBT SOLUTIONS BDC,Finance Companies,6.7,2031-07-29,9165000,0.0002801784760064059,0.7455595304524593,50000.0,0.0008220439300276207,LQDB
1337,HP INC,Technology,2.65,2031-06-17,10760000,0.0002801784760064059,0.7656803768710222,45000.0,0.0007398395370248586,LQDB
1338,FORD MOTOR COMPANY,Consumer Cyclical,7.45,2031-07-16,8895000,0.0002801784760064059,0.741809523936946,140000.0,0.0023017230040773377,LQDB
1339,WALT DISNEY CO,Communications,2.75,2049-09-01,15697000,0.0002801784760064059,0.8130385349800084,412000.0,0.00030812613133613396,QLTA
1340,BURLINGTON NORTHERN SANTA FE LLC,Transportation,5.75,2040-05-01,9269000,0.00027987623385321666,0.7469745811798927,261000.0,0.00019519640844352175,QLTA
1341,SUMITOMO MITSUI FINANCIAL GROUP IN,Banking,5.63,2035-01-15,9402000,0.00027967473908442386,0.7487612540908859,305000.0,0.00022810308266388556,QLTA
1342,TIME WARNER CABLE LLC,Communications,5.5,2041-09-01,11195000,0.00027957399170002746,0.7706504902926068,60000.0,0.0009864527160331447,LQDB
1343,CUMMINS INC,Consumer Cyclical,5.45,2054-02-20,9907000,0.00027947324431563107,0.7553224694167269,355000.0,0.0002654970306415717,QLTA
1344,BRISTOL-MYERS SQUIBB CO,Consumer Non-Cyclical,5.1,2031-02-22,9257000,0.00027937249693123467,0.746812118620006,499000.0,0.00037319160081730784,QLTA
1345,DOMINION ENERGY INC,Electric,3.38,2030-04-01,9970000,0.00027937249693123467,0.7561174285640158,90000.0,0.0014796790740497171,LQDB
1346,COCA-COLA CO,Consumer Non-Cyclical,5.3,2054-05-13,10123000,0.0002791710021624418,0.7580273200183446,375000.0,0.0002804546098326462,QLTA
1347,GILEAD SCIENCES INC,Consumer Non-Cyclical,4.6,2035-09-01,9794000,0.000278969507393649,0.7538838411802558,390000.0,0.000291672794225952,QLTA
1348,ELEVANCE HEALTH INC,Insurance,5.0,2036-01-15,9890000,0.000278969507393649,0.7551070904495573,,,
1349,AMERICAN INTERNATIONAL GROUP INC,Insurance,5.13,2033-03-27,9429000,0.0002788687600092526,0.74912087449387,265000.0,0.00019818792428173663,QLTA
1350,ELEVANCE HEALTH INC,Insurance,2.25,2030-05-15,10434000,0.0002788687600092526,0.761822107285246,,,
1351,CONOCOPHILLIPS CO,Energy,5.5,2055-01-15,10260000,0.0002786672652404598,0.7597131456304667,378000.0,0.00028269824671130737,QLTA
1352,EOG RESOURCES INC,Energy,5.0,2032-07-15,9537000,0.0002786672652404598,0.7505491314518361,550000.0,0.0004113334277545477,QLTA
1353,APPLE INC,Technology,1.65,2031-02-08,10708000,0.0002785665178560634,0.7650728489372418,886000.0,0.0006626207581645988,QLTA
1354,COMCAST CORPORATION,Communications,3.45,2050-02-01,15101000,0.00027846577047166703,0.8081841790908979,603000.0,0.00045097101261089506,QLTA
1355,TORONTO-DOMINION BANK/THE MTN,Banking,4.81,2030-06-03,9482000,0.00027846577047166703,0.7498238110947865,465000.0,0.00034776371619248125,QLTA
1356,UNITEDHEALTH GROUP INC,Insurance,4.8,2030-01-15,9503000,0.00027846577047166703,0.7501012469038131,325000.0,0.00024306066185496002,QLTA
1357,BAT CAPITAL CORP,Consumer Non-Cyclical,5.83,2031-02-20,8996000,0.0002783650230872706,0.7432254644781862,25000.0,0.00041102196501381036,LQDB
1358,ROYAL BANK OF CANADA (FX-FRN) MTN,Banking,4.97,2031-05-02,9416000,0.0002783650230872706,0.7489478526546002,320000.0,0.0002393212670571914,QLTA
1359,SHELL FINANCE US INC,Energy,3.25,2050-04-06,14035000,0.0002783650230872706,0.7990034997758954,535000.0,0.0004001152433612419,QLTA
1360,ZOETIS INC,Consumer Non-Cyclical,4.7,2043-02-01,10624000,0.0002781635283184778,0.7640851977258898,40000.0,0.0006576351440220965,LQDB
1361,AMGEN INC,Consumer Non-Cyclical,3.15,2040-02-21,12302000,0.0002781635283184778,0.7824757442200179,35000.0,0.0005754307510193344,LQDB
1362,ELEVANCE HEALTH INC,Insurance,5.2,2035-02-15,9417000,0.0002778612861652886,0.7489611705052095,,,
1363,ROYAL BANK OF CANADA MTN,Banking,4.95,2032-08-05,9540000,0.0002777605387808922,0.7505885739871972,425000.0,0.00031784855781033234,QLTA
1364,AMGEN INC,Consumer Non-Cyclical,4.56,2048-06-15,11580000,0.0002775590440120994,0.7748907978923478,25000.0,0.00041102196501381036,LQDB
1365,COCA-COLA CO,Consumer Non-Cyclical,1.38,2031-03-15,10903000,0.0002775590440120994,0.7673360606384821,474000.0,0.0003544946268284648,QLTA
1366,INTERCONTINENTAL EXCHANGE INC,Brokerage/Asset Managers/Exchanges,2.65,2040-09-15,13255000,0.00027735754924330654,0.7918327756278827,550000.0,0.0004113334277545477,QLTA
1367,HOME DEPOT INC,Consumer Cyclical,3.35,2050-04-15,13901000,0.00027725680185891014,0.7978004113407318,468000.0,0.0003500073530711424,QLTA
1368,MIZUHO FINANCIAL GROUP INC,Banking,5.32,2036-07-08,9567000,0.00027725680185891014,0.7509429996780691,250000.0,0.0001869697398884308,QLTA
1369,CONOCOPHILLIPS CO,Energy,5.55,2054-03-15,9944000,0.00027725680185891014,0.7557899606623855,355000.0,0.0002654970306415717,QLTA
1370,CANADIAN NATIONAL RAILWAY COMPANY,Transportation,3.85,2032-08-05,9867000,0.0002768538123213245,0.7548151053580564,340000.0,0.0002542788462482659,QLTA
1371,MASTERCARD INC,Technology,4.88,2034-05-09,9473000,0.0002767530649369281,0.7497047218891794,190000.0,0.0001420970023152074,QLTA
1372,BAXTER INTERNATIONAL INC,Consumer Non-Cyclical,5.65,2035-12-15,9623000,0.0002765515701681353,0.7516749269509582,15000.0,0.0002466131790082862,LQDB
1373,QUANTA SERVICES INC.,Industrial Other,2.9,2030-10-01,10140000,0.0002765515701681353,0.7582377457877472,,,
1374,AT&T INC,Communications,6.3,2066-10-30,9839000,0.00027645082278373884,0.7544587252213253,10000.0,0.00016440878600552412,LQDB
1375,AT&T INC,Communications,3.85,2060-06-01,14751000,0.00027645082278373884,0.8052433610259203,,,
1376,AMERICAN HONDA FINANCE CORPORATION,Consumer Cyclical,5.15,2032-07-09,9497000,0.00027635007539934245,0.7500220421389818,244000.0,0.00018248246613110846,QLTA
1377,BOEING CO,Capital Goods,3.6,2034-05-01,10561000,0.00027635007539934245,0.7633393210849381,,,
1378,NXP BV,Technology,5.0,2033-01-15,9580000,0.00027624932801494605,0.7511132924939076,45000.0,0.0007398395370248586,LQDB
1379,GENERAL ELECTRIC CO,Capital Goods,4.9,2036-01-29,9406000,0.00027624932801494605,0.7488145963035779,340000.0,0.0002542788462482659,QLTA
1380,NEXTERA ENERGY CAPITAL HOLDINGS IN,Electric,5.0,2032-07-15,9484000,0.00027624932801494605,0.749850260011925,,,
1381,TOTALENERGIES CAPITAL INTERNATIONA,Energy,2.83,2030-01-10,10011000,0.00027584633847736045,0.7566320891277958,739000.0,0.0005526825511102014,QLTA
1382,ELI LILLY AND COMPANY,Consumer Non-Cyclical,4.9,2035-10-15,9492000,0.00027584633847736045,0.7499559999339969,400000.0,0.00029915158382148925,QLTA
1383,AIR PRODUCTS AND CHEMICALS INC,Basic Industry,4.85,2034-02-08,9367000,0.000275745591092964,0.7482935393492484,290000.0,0.00021688489827057972,QLTA
1384,WALMART INC,Consumer Cyclical,4.15,2031-04-30,9508000,0.0002754433489397748,0.750167212683119,110000.0,8.226668555090955e-05,QLTA
1385,MOTOROLA SOLUTIONS INC,Technology,5.4,2034-04-15,9319000,0.0002753426015553784,0.7476492521644797,,,
1386,VODAFONE GROUP PLC,Communications,5.25,2048-05-30,10721000,0.0002753426015553784,0.7652250070614578,35000.0,0.0005754307510193344,LQDB
1387,INTEL CORPORATION,Technology,5.63,2043-02-10,9758000,0.000275241854170982,0.7534220289311597,20000.0,0.00032881757201104825,LQDB
1388,SOUTH BOW USA INFRASTRUCTURE HOLDI,Energy,5.58,2034-10-01,9376000,0.000275241854170982,0.7484139755598949,35000.0,0.0005754307510193344,LQDB
1389,KENVUE INC,Consumer Non-Cyclical,4.9,2033-03-22,9343000,0.000275241854170982,0.7479718095134047,465000.0,0.00034776371619248125,QLTA
1390,AMGEN INC,Consumer Non-Cyclical,2.3,2031-02-25,10428000,0.000275241854170982,0.7617499717985591,55000.0,0.0009042483230303828,LQDB
1391,COOPERATIEVE RABOBANK UA,Banking,5.75,2043-12-01,9608000,0.0002751411067865856,0.7514792934962556,,,
1392,HEWLETT PACKARD ENTERPRISE CO,Technology,4.85,2031-10-15,9398000,0.0002750403594021892,0.74870788917938,50000.0,0.0008220439300276207,LQDB
1393,VERIZON COMMUNICATIONS INC,Communications,4.81,2039-03-15,10170000,0.00027493961201779276,0.7586082262348782,,,
1394,HCA INC,Consumer Non-Cyclical,5.6,2034-04-01,9188000,0.00027493961201779276,0.7458738523544232,80000.0,0.001315270288044193,LQDB
1395,HEWLETT PACKARD ENTERPRISE CO,Technology,4.4,2030-10-15,9493000,0.00027463736986460356,0.7499692111576222,35000.0,0.0005754307510193344,LQDB
1396,ARCHER DANIELS MIDLAND CO,Consumer Non-Cyclical,3.25,2030-03-27,9787000,0.00027453662248020717,0.7537941774431202,405000.0,0.0003028909786192579,QLTA
1397,NVIDIA CORPORATION,Technology,2.85,2030-04-01,9891000,0.00027453662248020717,0.7551197700451544,304000.0,0.00022735520370433183,QLTA
1398,MIZUHO FINANCIAL GROUP INC,Banking,5.75,2034-07-06,9143000,0.00027443587509581077,0.7452581357385402,275000.0,0.00020566671387727386,QLTA
1399,HSBC HOLDINGS PLC,Banking,6.5,2036-05-02,8625000,0.0002739321381738287,0.7379439169984159,,,
1400,METLIFE INC,Insurance,6.38,2034-06-15,8704000,0.0002738313907894323,0.7390873487378213,184000.0,0.00013760972855788507,QLTA
1401,HONEYWELL AEROSPACE INC 144A,Capital Goods,5.62,2046-03-16,9527000,0.0002736298960206395,0.7504175666683179,140000.0,0.00010470305433752125,QLTA
1402,CIGNA GROUP,Consumer Non-Cyclical,2.38,2031-03-15,10362000,0.0002734284012518467,0.760953730773543,25000.0,0.00041102196501381036,LQDB
1403,MARSH & MCLENNAN COMPANIES INC,Insurance,4.85,2031-11-15,9338000,0.0002733276538674503,0.7479046784480754,460000.0,0.00034402432139471267,QLTA
1404,DUKE ENERGY CORP,Electric,4.95,2035-09-15,9524000,0.0002732269064830539,0.7503780703034497,,,
1405,THERMO FISHER SCIENTIFIC INC,Consumer Non-Cyclical,4.47,2032-10-07,9467000,0.0002731261590986575,0.7496252662116656,295000.0,0.00022062429306834834,QLTA
1406,MSCI INC,Technology,5.25,2035-09-01,9510000,0.0002731261590986575,0.750193589282259,20000.0,0.00032881757201104825,LQDB
1407,WESTPAC BANKING CORPORATION (NEW Y MTN,Banking,4.45,2031-06-12,9414000,0.0002730254117142611,0.7489212127096996,,,
1408,AERCAP IRELAND CAPITAL DAC,Finance Companies,4.95,2034-09-10,9527000,0.00027292466432986463,0.7504175666683179,,,
1409,BAKER HUGHES HOLDINGS LLC,Energy,5.13,2040-09-15,9759000,0.00027282391694546823,0.7534348800394508,444000.0,0.00033205825804185306,QLTA
1410,TELEFONICA EMISIONES SAU,Communications,5.52,2049-03-01,10269000,0.00027272316956107183,0.759823104024313,,,
1411,TELEFONICA EMISIONES SAU,Communications,4.89,2048-03-06,11163000,0.00027272316956107183,0.7702915097017718,,,
1412,ALPHABET INC,Technology,2.25,2060-08-15,19390000,0.00027262242217667543,0.8395356255099631,450000.0,0.00033654553179917544,QLTA
1413,NXP BV,Technology,3.4,2030-05-01,9768000,0.00027252167479227904,0.7535504807913579,,,
1414,LOWES COMPANIES INC,Consumer Cyclical,5.15,2033-07-01,9302000,0.0002723201800234862,0.7474202710383526,,,
1415,SIMON PROPERTY GROUP LP,Reits,4.75,2034-09-26,9538000,0.0002723201800234862,0.7505622803420339,350000.0,0.0002617576358438031,QLTA
1416,SALESFORCE INC,Technology,2.9,2051-07-15,16701000,0.0002723201800234862,0.820813675378185,630000.0,0.0004711637445188456,QLTA
1417,QUALCOMM INCORPORATED,Technology,6.0,2053-05-20,9329000,0.0002723201800234862,0.7477837518986798,406000.0,0.0003036388575788116,QLTA
1418,JOHNSON & JOHNSON,Consumer Non-Cyclical,3.63,2037-03-03,10379000,0.000272017937870297,0.7611593070389027,593000.0,0.00044349222301535784,QLTA
1419,EXELON CORPORATION,Electric,5.6,2053-03-15,9901000,0.000272017937870297,0.7552464955411313,45000.0,0.0007398395370248586,LQDB
1420,WESTPAC BANKING CORP,Banking,6.82,2033-11-17,8530000,0.000272017937870297,0.7365549530694542,215000.0,0.00016079397630405047,QLTA
1421,CBRE SERVICES INC,Consumer Cyclical,5.95,2034-08-15,8824000,0.0002719171904859006,0.7408045029984183,,,
1422,EATON CORPORATION,Capital Goods,4.15,2042-11-02,11017000,0.0002719171904859006,0.7686404938933928,260000.0,0.00019444852948396802,QLTA
1423,GENERAL MOTORS FINANCIAL COMPANY I,Consumer Cyclical,3.6,2030-06-21,9773000,0.0002718164431015042,0.7536146574163433,10000.0,0.00016440878600552412,LQDB
1424,CVS HEALTH CORP,Consumer Non-Cyclical,6.05,2054-06-01,9520000,0.000271514200948315,0.7503253891263897,50000.0,0.0008220439300276207,LQDB
1425,ARES CAPITAL CORPORATION,Finance Companies,5.5,2030-09-01,9221000,0.000271514200948315,0.7463234643113715,20000.0,0.00032881757201104825,LQDB
1426,WILLIAMS COMPANIES INC,Energy,5.1,2045-09-15,10316000,0.00027141345356391854,0.7603957700072307,50000.0,0.0008220439300276207,LQDB
1427,UNITEDHEALTH GROUP INC,Insurance,3.05,2041-05-15,12508000,0.00027141345356391854,0.7845583356728458,463000.0,0.00034626795827337383,QLTA
1428,DUKE ENERGY CAROLINAS LLC,Electric,5.15,2036-06-15,9394000,0.00027131270617952215,0.7486545015497328,350000.0,0.0002617576358438031,QLTA
1429,ELI LILLY AND COMPANY,Consumer Non-Cyclical,5.55,2055-10-15,9510000,0.00027121195879512575,0.750193589282259,390000.0,0.000291672794225952,QLTA
1430,HOME DEPOT INC,Consumer Cyclical,4.5,2032-09-15,9283000,0.00027121195879512575,0.747163855209145,490000.0,0.00036646069018132435,QLTA
1431,SOUTHERN CALIFORNIA EDISON COMPANY,Electric,5.95,2032-11-01,8858000,0.00027101046402633295,0.7412867857288862,235000.0,0.00017575155549512495,QLTA
1432,FLORIDA POWER & LIGHT CO,Electric,5.9,2066-06-01,9444000,0.00027101046402633295,0.7493202189010446,360000.0,0.00026923642543934034,QLTA
1433,ASTRAZENECA FINANCE LLC,Consumer Non-Cyclical,4.9,2031-02-26,9040000,0.00027090971664193655,0.7438373454621227,355000.0,0.0002654970306415717,QLTA
1434,BRISTOL-MYERS SQUIBB CO,Consumer Non-Cyclical,5.75,2031-02-01,8709000,0.00027090971664193655,0.7391593682310701,280000.0,0.0002094061086750425,QLTA
1435,ABBVIE INC,Consumer Non-Cyclical,4.88,2030-03-15,9069000,0.00027080896925754015,0.7442390045016263,420000.0,0.0003141091630125637,QLTA
1436,MOLSON COORS BEVERAGE CO,Consumer Non-Cyclical,5.5,2036-07-08,9291000,0.00027070822187314376,0.7472718836772417,10000.0,0.00016440878600552412,LQDB
1437,MERCK & CO INC,Consumer Non-Cyclical,1.45,2030-06-24,10461000,0.00027070822187314376,0.7621462044825212,345000.0,0.0002580182410460345,QLTA
1438,TIME WARNER CABLE LLC,Communications,5.88,2040-11-15,10471000,0.0002706074744887473,0.7622660282448833,15000.0,0.0002466131790082862,LQDB
1439,BANK OF AMERICA CORP,Banking,2.97,2052-07-21,14785000,0.0002704059797199545,0.8055320838217208,428000.0,0.0003200921946889935,QLTA
1440,INTERNATIONAL BUSINESS MACHINES CO,Technology,4.8,2030-02-10,9077000,0.0002702044849511617,0.7443495809797678,310000.0,0.00023184247746165418,QLTA
1441,CHENIERE ENERGY INC 144A,Energy,5.2,2036-07-30,9341000,0.00027000299018236886,0.7479449613993765,20000.0,0.00032881757201104825,LQDB
1442,MPLX LP,Energy,5.95,2055-04-01,9611000,0.00026990224279797246,0.7515184446095807,,,
1443,KEURIG DR PEPPER INC,Consumer Non-Cyclical,3.2,2030-05-01,9788000,0.00026990224279797246,0.7538069904740531,,,
1444,HCA INC,Consumer Non-Cyclical,5.0,2033-05-15,9343000,0.00026980149541357606,0.7479718095134047,,,
1445,UBER TECHNOLOGIES INC,Consumer Cyclical,5.35,2054-09-15,10156000,0.00026970074802917966,0.7584354715522348,25000.0,0.00041102196501381036,LQDB
1446,CIGNA GROUP,Consumer Non-Cyclical,3.4,2051-03-15,13682000,0.0002694992532603868,0.7958089797767262,85000.0,0.001397474681046955,LQDB
1447,MORGAN STANLEY MTN,Banking,2.8,2052-01-25,15152000,0.0002694992532603868,0.8086069993471487,435000.0,0.00032532734740586957,QLTA
1448,VERIZON COMMUNICATIONS INC,Communications,1.5,2030-09-18,10479000,0.0002693985058759904,0.7623618048911786,,,
1449,JBS NV 144A,Consumer Non-Cyclical,6.4,2057-05-10,9493000,0.0002693985058759904,0.7499692111576222,40000.0,0.0006576351440220965,LQDB
1450,PACIFIC GAS AND ELECTRIC COMPANY,Electric,5.8,2034-05-15,9022000,0.0002693985058759904,0.7435873912521858,65000.0,0.0010686571090359068,LQDB
1451,ARCELORMITTAL SA,Basic Industry,6.8,2032-11-29,8403000,0.000269297758491594,0.7346737676625852,20000.0,0.00032881757201104825,LQDB
1452,BERKSHIRE HATHAWAY FINANCE CORP,Insurance,5.75,2040-01-15,8757000,0.0002689955163384048,0.7398486590912049,352000.0,0.00026325339376291054,QLTA
1453,WALMART INC,Consumer Cyclical,4.5,2053-04-15,10815000,0.00026889476895400837,0.7663197678002903,465000.0,0.00034776371619248125,QLTA
1454,CITIGROUP INC,Banking,6.67,2043-09-13,8413000,0.00026889476895400837,0.7348229203206849,19000.0,0.00031237669341049586,LQDB
1455,WILLIAMS COMPANIES INC,Energy,5.95,2056-03-15,9247000,0.00026869327418521557,0.7466765721950638,15000.0,0.0002466131790082862,LQDB
1456,AT&T INC,Communications,4.3,2042-12-15,11450000,0.00026869327418521557,0.7734749791010959,10000.0,0.00016440878600552412,LQDB
1457,PFIZER INC,Consumer Non-Cyclical,4.13,2046-12-15,11518000,0.0002683910320320264,0.7742175546537262,495000.0,0.00037020008497909294,QLTA
1458,FORD MOTOR CREDIT COMPANY LLC,Consumer Cyclical,7.35,2030-03-06,8492000,0.0002681895372632336,0.7359950312691838,,,
1459,MOLSON COORS BREWING CO,Consumer Non-Cyclical,5.0,2042-05-01,10234000,0.0002680887898788372,0.7593949453969198,25000.0,0.00041102196501381036,LQDB
1460,BANK OF AMERICA CORP MTN,Banking,4.08,2040-04-23,10556000,0.00026798804249444073,0.7632799340780284,248000.0,0.00018547398196932334,QLTA
1461,NATWEST GROUP PLC,Banking,5.12,2031-05-23,9080000,0.00026768580034125153,0.7443910220354337,405000.0,0.0003028909786192579,QLTA
1462,ENERGY TRANSFER LP,Energy,6.2,2055-04-01,9315000,0.00026758505295685514,0.7475954118544773,20000.0,0.00032881757201104825,LQDB
1463,MASTERCARD INC,Technology,4.55,2035-01-15,9517000,0.00026748430557245874,0.7502858637154994,250000.0,0.0001869697398884308,QLTA
1464,UNITEDHEALTH GROUP INC,Insurance,5.5,2064-04-15,9971000,0.00026738355818806234,0.7561300064227241,409000.0,0.0003058824944574728,QLTA
1465,ROPER TECHNOLOGIES INC,Technology,5.1,2035-09-15,9370000,0.00026728281080366594,0.7483336976054961,20000.0,0.00032881757201104825,LQDB
1466,OCCIDENTAL PETROLEUM CORPORATION,Energy,8.88,2030-07-15,8166000,0.0002671820634192695,0.7310859090991386,25000.0,0.00041102196501381036,LQDB
1467,TOTALENERGIES CAPITAL SA,Energy,5.28,2054-09-10,9868000,0.0002671820634192695,0.754827814508323,424000.0,0.0003171006788507786,QLTA
1468,BARCLAYS PLC,Banking,4.52,2032-02-24,9255000,0.0002670813160348731,0.7467850210528848,,,
1469,CHARTER COMMUNICATIONS OPERATING L,Communications,5.13,2049-07-01,12390000,0.0002667790738816839,0.7833696297098197,,,
1470,PROLOGIS LP,Reits,2.25,2030-04-15,9936000,0.0002667790738816839,0.7556890290350883,343000.0,0.00025652248312692705,QLTA
1471,BAT CAPITAL CORP,Consumer Non-Cyclical,2.73,2031-03-25,9961000,0.0002667790738816839,0.7560041710317253,75000.0,0.001233065895041431,LQDB
1472,COMCAST CORPORATION,Communications,4.4,2035-08-15,9817000,0.00026647683172849464,0.7541780000447564,261000.0,0.00019519640844352175,QLTA
1473,PAYPAL HOLDINGS INC,Technology,4.4,2032-06-01,9402000,0.00026647683172849464,0.7487612540908859,350000.0,0.0002617576358438031,QLTA
1474,DIAMONDBACK ENERGY INC,Energy,5.9,2064-04-18,9499000,0.00026647683172849464,0.7500484492858782,15000.0,0.0002466131790082862,LQDB
1475,COREBRIDGE FINANCIAL INC,Insurance,3.9,2032-04-05,9684000,0.00026637608434409825,0.7524673737737173,,,
1476,HONDA MOTOR CO LTD,Consumer Cyclical,5.34,2035-07-08,9226000,0.00026627533695970185,0.7463914469335964,490000.0,0.00036646069018132435,QLTA
1477,HOME DEPOT INC,Consumer Cyclical,5.95,2041-04-01,8659000,0.00026617458957530545,0.7384373053188127,335000.0,0.00025053945145049725,QLTA
1478,AMPHENOL CORPORATION,Capital Goods,2.8,2030-02-15,9623000,0.00026617458957530545,0.7516749269509582,245000.0,0.00018323034509066217,QLTA
1479,HOME DEPOT INC,Consumer Cyclical,4.95,2052-09-15,10240000,0.00026617458957530545,0.7594684479135192,360000.0,0.00026923642543934034,QLTA
1480,UBS AG (STAMFORD BRANCH) MTN,Banking,4.63,2032-02-16,9098000,0.0002659730948065126,0.7446393812015064,,,
1481,GENERAL MOTORS FINANCIAL COMPANY I,Consumer Cyclical,5.9,2035-01-07,8942000,0.0002657716000377198,0.7424704162426223,15000.0,0.0002466131790082862,LQDB
1482,TAKEDA PHARMACEUTICAL CO LTD,Consumer Non-Cyclical,5.65,2044-07-05,9353000,0.000265570105268927,0.7481059639337155,,,
1483,COMCAST CORPORATION,Communications,4.2,2034-08-15,9777000,0.000265570105268927,0.7536659750805469,273000.0,0.00020417095595816643,QLTA
1484,BERKSHIRE HATHAWAY ENERGY CO,Electric,3.8,2048-07-15,12466000,0.00026546935788453055,0.7841365272599503,280000.0,0.0002094061086750425,QLTA
1485,CROWN CASTLE INC,Communications,2.9,2041-04-01,12708000,0.00026546935788453055,0.7865477101964742,34000.0,0.000558989872418782,LQDB
1486,TRANSCANADA PIPELINES LTD,Energy,4.63,2034-03-01,9323000,0.00026536861050013415,0.7477030693695316,25000.0,0.00041102196501381036,LQDB
1487,BIOGEN INC,Consumer Non-Cyclical,3.15,2050-05-01,14312000,0.00026526786311573776,0.8014544818451922,21000.0,0.0003452584506116007,LQDB
1488,GENERAL MOTORS CO,Consumer Cyclical,5.15,2038-04-01,9529000,0.00026526786311573776,0.7504438906692852,30000.0,0.0004932263580165724,LQDB
1489,MERCK & CO INC,Consumer Non-Cyclical,4.15,2043-05-18,10920000,0.00026516711573134136,0.7675314442808543,493000.0,0.0003687043270599855,QLTA
1490,PLAINS ALL AMERICAN PIPELINE LP,Energy,4.7,2031-01-15,9201000,0.00026516711573134136,0.7460511646926156,35000.0,0.0005754307510193344,LQDB
1491,APOLLO GLOBAL MANAGEMENT INC,Brokerage/Asset Managers/Exchanges,5.15,2035-08-12,9213000,0.00026496562096254856,0.7462146154034661,330000.0,0.00024680005665272866,QLTA
1492,CHARTER COMMUNICATIONS OPERATING L,Communications,4.4,2033-04-01,9832000,0.00026486487357815216,0.7543694717194099,50000.0,0.0008220439300276207,LQDB
1493,UNILEVER CAPITAL CORP,Consumer Non-Cyclical,1.75,2031-08-12,10383000,0.00026486487357815216,0.7612076289892731,405000.0,0.0003028909786192579,QLTA
1494,PEPSICO INC,Consumer Non-Cyclical,4.6,2030-02-07,8857000,0.00026486487357815216,0.7412726273839491,345000.0,0.0002580182410460345,QLTA
1495,METLIFE INC,Insurance,5.0,2052-07-15,10412000,0.00026486487357815216,0.7615574073996528,353000.0,0.0002640012727224643,QLTA
1496,HONEYWELL INTERNATIONAL INC,Capital Goods,4.5,2034-01-15,9399000,0.00026486487357815216,0.7487212325363266,505000.0,0.0003776788745746302,QLTA
1497,TARGET CORPORATION,Consumer Cyclical,4.0,2042-07-01,11072000,0.00026476412619375576,0.7692650064527856,330000.0,0.00024680005665272866,QLTA
1498,ORANGE SA,Communications,5.38,2042-01-13,9548000,0.00026466337880935937,0.7506936934737772,35000.0,0.0005754307510193344,LQDB
1499,COMCAST CORPORATION,Communications,4.65,2033-02-15,9214000,0.0002643611366561701,0.7462282266847674,760000.0,0.0005683880092608296,QLTA
1500,FORD MOTOR CREDIT COMPANY LLC,Consumer Cyclical,5.75,2033-04-06,9066000,0.0002643611366561701,0.7441975131728283,20000.0,0.00032881757201104825,LQDB
1501,PEPSICO INC,Consumer Non-Cyclical,4.45,2033-02-15,9030000,0.0002643611366561701,0.7436985435219461,480000.0,0.0003589819005857871,QLTA
1502,HOME DEPOT INC,Consumer Cyclical,4.25,2046-04-01,10998000,0.0002642603892717737,0.7684240284058257,597000.0,0.00044648373885357274,QLTA
1503,OCCIDENTAL PETROLEUM CORPORATION,Energy,6.63,2030-09-01,8391000,0.0002639581471185845,0.734494549997004,,,
1504,MERCK & CO INC,Consumer Non-Cyclical,2.75,2051-12-10,15241000,0.0002638573997341881,0.8093414647158732,771000.0,0.0005766146778159205,QLTA
1505,CANADIAN NATURAL RESOURCES LIMITED,Energy,6.25,2038-03-15,8489000,0.0002638573997341881,0.735950720259896,35000.0,0.0005754307510193344,LQDB
1506,ASCENSION HEALTH,Consumer Non-Cyclical,4.29,2030-11-15,9138000,0.0002636559049653953,0.7451895358023909,,,
1507,RAYTHEON TECHNOLOGIES CORPORATION,Capital Goods,2.38,2032-03-15,10187000,0.0002636559049653953,0.75881768034679,,,
1508,ENTERPRISE PRODUCTS OPERATING LLC,Energy,4.8,2049-02-01,10269000,0.0002635551575809989,0.759823104024313,455000.0,0.000340284926596944,QLTA
1509,ENTERPRISE PRODUCTS OPERATING LLC,Energy,4.9,2046-05-15,10177000,0.0002631521680434133,0.7586945144164936,365000.0,0.00027297582023710893,QLTA
1510,GENERAL MOTORS FINANCIAL COMPANY I,Consumer Cyclical,6.4,2033-01-09,8535000,0.0002631521680434133,0.7366284412286899,15000.0,0.0002466131790082862,LQDB
1511,VALERO ENERGY CORPORATION,Energy,5.15,2036-03-10,9080000,0.00026305142065901683,0.7443910220354337,,,
1512,UNITED PARCEL SERVICE INC,Transportation,5.15,2034-05-22,8850000,0.00026295067327462043,0.7411734741872742,315000.0,0.0002355818722594228,QLTA
1513,MORGAN STANLEY MTN,Banking,5.61,2037-07-17,8999000,0.00026284992589022403,0.7432672786069917,315000.0,0.0002355818722594228,QLTA
1514,PHILLIPS 66,Energy,4.65,2034-11-15,9300000,0.0002625476837370348,0.7473933045743958,25000.0,0.00041102196501381036,LQDB
1515,GE HEALTHCARE TECHNOLOGIES INC,Consumer Non-Cyclical,5.86,2030-03-15,8548000,0.0002622454415838456,0.736819309148449,,,
1516,HCA INC,Consumer Non-Cyclical,5.9,2053-06-01,9539000,0.0002621446941994492,0.7505754278537244,,,
1517,GENERAL MOTORS FINANCIAL COMPANY I,Consumer Cyclical,5.95,2034-04-04,8613000,0.00026184245204625994,0.737769315452429,25000.0,0.00041102196501381036,LQDB
1518,ROYAL BANK OF CANADA MTN,Banking,5.0,2033-05-02,8891000,0.00026174170466186354,0.7417531166313068,314000.0,0.00023483399329986908,QLTA
1519,LOCKHEED MARTIN CORPORATION,Capital Goods,4.75,2034-02-15,8940000,0.00026164095727746714,0.7424423640022307,290000.0,0.00021688489827057972,QLTA
1520,AT&T INC,Communications,4.9,2035-11-01,9291000,0.00026154020989307074,0.7472718836772417,45000.0,0.0007398395370248586,LQDB
1521,CIGNA GROUP,Consumer Non-Cyclical,4.5,2030-09-15,8924000,0.00026154020989307074,0.7422177198935316,,,
1522,NEXTERA ENERGY CAPITAL HOLDINGS IN,Electric,5.25,2034-03-15,8774000,0.00026143946250867435,0.7400918772591075,30000.0,0.0004932263580165724,LQDB
1523,META PLATFORMS INC,Communications,4.65,2062-08-15,12100000,0.00026143946250867435,0.7803994470501272,525000.0,0.00039263645376570467,QLTA
1524,GE VERNOVA INC,Capital Goods,4.88,2036-02-04,9032000,0.00026143946250867435,0.7437263162028583,,,
1525,GILEAD SCIENCES INC,Consumer Non-Cyclical,4.0,2036-09-01,9760000,0.00026143946250867435,0.7534477298309623,245000.0,0.00018323034509066217,QLTA
1526,TOYOTA MOTOR CREDIT CORP MTN,Consumer Cyclical,3.38,2030-04-01,9301000,0.00026143946250867435,0.7474067885312013,305000.0,0.00022810308266388556,QLTA
1527,AMERICAN WATER CAPITAL CORP,Utility Other,6.59,2037-10-15,8058000,0.00026133871512427795,0.7294162574225986,,,
1528,TARGET CORPORATION,Consumer Cyclical,4.5,2034-09-15,9182000,0.00026123796773988155,0.7457919312583273,190000.0,0.0001420970023152074,QLTA
1529,WALMART INC,Consumer Cyclical,4.35,2030-04-28,8887000,0.0002611372203554851,0.7416966839426969,530000.0,0.00039637584856347326,QLTA
1530,INTERCONTINENTAL EXCHANGE INC,Brokerage/Asset Managers/Exchanges,2.1,2030-06-15,9862000,0.0002610364729710887,0.7547515402798303,595000.0,0.00044498798093446526,QLTA
1531,KEYBANK NATIONAL ASSOCIATION,Banking,5.0,2033-01-26,8870000,0.0002607342308178995,0.7414565613055569,,,
1532,COMCAST CORPORATION,Communications,5.5,2032-11-15,8699000,0.0002607342308178995,0.7390152878611921,295000.0,0.00022062429306834834,QLTA
1533,LOWES COMPANIES INC,Consumer Cyclical,5.8,2062-09-15,9336000,0.0002607342308178995,0.747877815956777,30000.0,0.0004932263580165724,LQDB
1534,OCCIDENTAL PETROLEUM CORPORATION,Energy,6.05,2054-10-01,8949000,0.0002607342308178995,0.7425685496980832,20000.0,0.00032881757201104825,LQDB
1535,NEXTERA ENERGY CAPITAL HOLDINGS IN,Electric,5.25,2053-02-28,9947000,0.0002607342308178995,0.7558277890896433,40000.0,0.0006576351440220965,LQDB
1536,COMCAST CORPORATION,Communications,3.75,2040-04-01,11336000,0.0002606334834335031,0.7722201227101365,604000.0,0.0004517188915704488,QLTA
1537,LOWES COMPANIES INC,Consumer Cyclical,3.7,2046-04-15,12139000,0.0002606334834335031,0.7808030031610463,55000.0,0.0009042483230303828,LQDB
1538,TRANSCANADA PIPELINES LTD,Energy,6.2,2037-10-15,8418000,0.0002606334834335031,0.734897430179776,40000.0,0.0006576351440220965,LQDB
1539,WASTE MANAGEMENT INC,Capital Goods,5.35,2054-10-15,9398000,0.0002606334834335031,0.74870788917938,435000.0,0.00032532734740586957,QLTA
1540,ROYAL BANK OF CANADA (FXD-FRN) MTN,Banking,4.7,2031-08-06,8823000,0.0002605327360491067,0.7407902900964768,325000.0,0.00024306066185496002,QLTA
1541,UNITEDHEALTH GROUP INC,Insurance,5.3,2030-02-15,8570000,0.0002605327360491067,0.7371416560817667,480000.0,0.0003589819005857871,QLTA
1542,INTERNATIONAL BUSINESS MACHINES CO,Technology,4.95,2036-02-03,9178000,0.0002604319886647103,0.7457372874491198,365000.0,0.00027297582023710893,QLTA
1543,EQUINIX INC,Technology,3.2,2029-11-18,9338000,0.00026033124128031386,0.7479046784480754,25000.0,0.00041102196501381036,LQDB
1544,LYB INTERNATIONAL FINANCE III LLC,Basic Industry,5.88,2036-01-15,8908000,0.00026023049389591746,0.7419926726547666,15000.0,0.0002466131790082862,LQDB
1545,JEFFERIES GROUP LLC,Brokerage/Asset Managers/Exchanges,4.15,2030-01-23,9050000,0.00026023049389591746,0.7439759939451758,25000.0,0.00041102196501381036,LQDB
1546,BELL TELEPHONE COMPANY OF CANADA O,Communications,5.1,2033-05-11,8918000,0.00026023049389591746,0.7421333744984807,45000.0,0.0007398395370248586,LQDB
1547,FORD MOTOR CREDIT COMPANY LLC,Consumer Cyclical,3.63,2031-06-17,9771000,0.00026012974651152106,0.7535889907072593,,,
1548,TOYOTA MOTOR CREDIT CORP MTN,Consumer Cyclical,4.6,2033-03-11,9014000,0.00026012974651152106,0.7434761403776043,225000.0,0.00016827276589958772,QLTA
1549,CROWN CASTLE INC,Communications,5.8,2034-03-01,8591000,0.00026002899912712466,0.7374485798808039,,,
1550,HCA INC,Consumer Non-Cyclical,5.45,2034-09-15,8774000,0.00025992825174272826,0.7400918772591075,15000.0,0.0002466131790082862,LQDB
1551,GE HEALTHCARE TECHNOLOGIES INC,Consumer Non-Cyclical,5.5,2035-06-15,8814000,0.00025972675697393547,0.74066230144089,30000.0,0.0004932263580165724,LQDB
1552,NEWMONT CORPORATION,Basic Industry,2.6,2032-07-15,10003000,0.0002595252622051426,0.7565318332694355,35000.0,2.6175763584380312e-05,QLTA
1553,BOEING CO,Capital Goods,3.63,2031-02-01,9231000,0.0002594245148207462,0.7464593927228446,25000.0,0.00041102196501381036,LQDB
1554,SOUTHERN CALIFORNIA EDISON COMPANY,Electric,5.45,2031-06-01,8694000,0.0002594245148207462,0.738943185553596,175000.0,0.00013087881792190156,QLTA
1555,NISOURCE INC,Natural Gas,4.38,2047-05-15,11068000,0.0002592230200519534,0.7692196920746419,40000.0,0.0006576351440220965,LQDB
1556,AMAZON.COM INC,Consumer Cyclical,4.8,2034-12-05,8999000,0.00025912227266755697,0.7432672786069917,329000.0,0.0002460521776931749,QLTA
1557,CANADIAN PACIFIC RAILWAY COMPANY,Transportation,3.1,2051-12-02,13938000,0.00025912227266755697,0.7981337625184017,40000.0,0.0006576351440220965,LQDB
1558,ORACLE CORPORATION,Technology,6.13,2039-07-08,9641000,0.00025892077789876417,0.7519092849637898,,,
1559,HCA INC,Consumer Non-Cyclical,5.13,2039-06-15,9459000,0.00025892077789876417,0.7495192469386096,30000.0,0.0004932263580165724,LQDB
1560,BAT CAPITAL CORP,Consumer Non-Cyclical,6.0,2034-02-20,8278000,0.0002584170409767821,0.7327942357463534,55000.0,0.0009042483230303828,LQDB
1561,T-MOBILE USA INC,Communications,5.7,2056-01-15,9692000,0.0002582155462079893,0.7525709307904584,,,
1562,BOEING CO,Capital Goods,3.95,2059-08-01,12655000,0.0002582155462079893,0.7860235916535308,15000.0,0.0002466131790082862,LQDB
1563,CONOCOPHILLIPS CO,Energy,4.7,2030-01-15,8835000,0.00025801405143919653,0.740960738699199,384000.0,0.0002871855204686297,QLTA
1564,NOMURA HOLDINGS INC,Brokerage/Asset Managers/Exchanges,2.61,2031-07-14,9940000,0.00025781255667040373,0.7557395050028244,205000.0,0.003370380113113245,LQDB
1565,BERRY GLOBAL INC,Capital Goods,5.65,2034-01-15,8707000,0.00025781255667040373,0.7391305653967342,30000.0,0.0004932263580165724,LQDB
1566,CANADIAN IMPERIAL BANK OF COMMERCE,Banking,5.05,2032-06-16,8820000,0.00025781255667040373,0.7407476417232899,285000.0,0.0002131455034728111,QLTA
1567,MPLX LP,Energy,5.0,2033-03-01,8796000,0.0002577118092860073,0.7404059315932129,55000.0,0.0009042483230303828,LQDB
1568,JPMORGAN CHASE & CO,Banking,4.85,2044-02-01,9581000,0.0002577118092860073,0.7511263823681587,283000.0,0.00021164974555370366,QLTA
1569,GENERAL MILLS INC,Consumer Non-Cyclical,4.88,2030-01-30,8619000,0.0002577118092860073,0.7378566466120495,,,
1570,UNITEDHEALTH GROUP INC,Insurance,5.8,2036-03-15,8348000,0.0002575103145172145,0.7338502419632944,284000.0,0.00021239762451325737,QLTA
1571,PROCTER & GAMBLE CO,Consumer Non-Cyclical,1.95,2031-04-23,9855000,0.0002574095671328181,0.7546624950074348,420000.0,0.0003141091630125637,QLTA
1572,UNION PACIFIC CORPORATION,Transportation,4.5,2033-01-20,8966000,0.0002573088197484217,0.7428065545903425,405000.0,0.0003028909786192579,QLTA
1573,CIGNA GROUP,Consumer Non-Cyclical,2.4,2030-03-15,9493000,0.0002573088197484217,0.7499692111576222,75000.0,0.001233065895041431,LQDB
1574,STATE STREET CORP,Banking,4.83,2030-04-24,8674000,0.0002573088197484217,0.7386543610589399,450000.0,0.00033654553179917544,QLTA
1575,ORACLE CORPORATION,Technology,3.9,2035-05-15,10724000,0.0002571073249796289,0.765260094272733,20000.0,0.00032881757201104825,LQDB
1576,HCA INC,Consumer Non-Cyclical,3.5,2051-07-15,13595000,0.0002570065775952325,0.7950090022872601,60000.0,0.0009864527160331447,LQDB
1577,FORD MOTOR CREDIT COMPANY LLC,Consumer Cyclical,7.2,2030-06-10,8327000,0.0002570065775952325,0.7335343727296653,,,
1578,SUMITOMO MITSUI FINANCIAL FXD-FRN,Banking,4.49,2032-01-15,8992000,0.00025690583021083604,0.7431696906101788,305000.0,0.00022810308266388556,QLTA
1579,HUMANA INC,Insurance,5.95,2034-03-15,8428000,0.00025690583021083604,0.7350463172210648,30000.0,0.0004932263580165724,LQDB
1580,SUMITOMO MITSUI FINANCIAL GROUP IN,Banking,5.05,2037-01-15,9077000,0.00025680508282643964,0.7443495809797678,290000.0,0.00021688489827057972,QLTA
1581,DOLLAR GENERAL CORP,Consumer Cyclical,3.5,2030-04-03,9142000,0.00025670433544204324,0.7452444187530032,22000.0,0.0003616993292121531,LQDB
1582,PRUDENTIAL FINANCIAL INC MTN,Insurance,3.7,2051-03-13,12243000,0.00025660358805764684,0.781872846756639,577000.0,0.0004315261596624983,QLTA
1583,PFIZER INC,Consumer Non-Cyclical,4.2,2030-11-15,8883000,0.00025650284067325045,0.7416402258482613,385000.0,0.00028793339942818344,QLTA
1584,PACIFICORP,Electric,5.5,2054-05-15,9836000,0.00025640209328885405,0.7544204814984935,,,
1585,MERCK & CO INC,Consumer Non-Cyclical,5.7,2065-12-04,9177000,0.00025640209328885405,0.7457236227757041,360000.0,0.00026923642543934034,QLTA
1586,APPLE INC,Technology,2.7,2051-08-05,14622000,0.00025640209328885405,0.8041418271893923,733000.0,0.0005481952773528791,QLTA
1587,MARATHON PETROLEUM CORP,Energy,5.15,2030-03-01,8529000,0.00025640209328885405,0.7365402502685525,25000.0,0.00041102196501381036,LQDB
1588,COMCAST CORPORATION,Communications,4.6,2038-10-15,9905000,0.00025630134590445765,0.7552971499052037,196000.0,0.00014658427607252975,QLTA
1589,VISTRA OPERATIONS COMPANY LLC 144A,Electric,5.55,2036-04-30,8810000,0.00025630134590445765,0.7406053756386652,40000.0,0.0006576351440220965,LQDB
1590,UNITEDHEALTH GROUP INC,Insurance,4.2,2032-05-15,9036000,0.00025630134590445765,0.7437818431199257,520000.0,0.00038889705896793603,QLTA
1591,ENBRIDGE INC,Energy,5.63,2034-04-05,8491000,0.00025630134590445765,0.7359802626723171,,,
1592,WALT DISNEY CO,Communications,3.8,2060-05-13,12443000,0.00025620059852006125,0.7839049343222071,372000.0,0.000278210972953985,QLTA
1593,CONOCOPHILLIPS CO,Energy,5.3,2053-05-15,9619000,0.0002560998511356648,0.7516227878627327,430000.0,0.00032158795260810093,QLTA
1594,EOG RESOURCES INC,Energy,4.4,2031-01-15,8909000,0.0002559991037512684,0.7420067499450264,295000.0,0.00022062429306834834,QLTA
1595,NVIDIA CORPORATION,Technology,2.0,2031-06-15,9890000,0.000255898356366872,0.7551070904495573,317000.0,0.00023707763017853024,QLTA
1596,BP CAPITAL MARKETS AMERICA INC,Energy,3.63,2030-04-06,9003000,0.0002557976089824756,0.7433230091001419,492000.0,0.00036795644810043177,QLTA
1597,ATHENE HOLDING LTD,Insurance,6.63,2055-05-19,9110000,0.0002557976089824756,0.7448046811465473,35000.0,0.0005754307510193344,LQDB
1598,INTERCONTINENTAL EXCHANGE INC,Brokerage/Asset Managers/Exchanges,5.25,2031-06-15,8582000,0.0002556968615980792,0.7373171330788871,320000.0,0.0002393212670571914,QLTA
1599,T-MOBILE USA INC,Communications,5.15,2034-04-15,8729000,0.00025559611421368275,0.7394470333191204,,,
1600,AERCAP IRELAND CAPITAL DAC,Finance Companies,6.15,2030-09-30,8275000,0.00025559611421368275,0.7327487790165086,220000.0,0.003616993292121531,LQDB
1601,AMERICAN WATER CAPITAL CORP,Utility Other,5.7,2055-09-01,8941000,0.00025529387206049356,0.7424563909067975,,,
1602,GILEAD SCIENCES INC,Consumer Non-Cyclical,4.6,2031-05-20,8766000,0.00025519312467609716,0.739977480407255,310000.0,0.00023184247746165418,QLTA
1603,CONSTELLATION BRANDS INC,Consumer Non-Cyclical,2.25,2031-08-01,9841000,0.00025519312467609716,0.7544842145588413,,,
1604,KEYCORP MTN,Banking,4.79,2033-06-01,8929000,0.00025519312467609716,0.7422879644145791,58000.0,0.00095357095883204,LQDB
1605,COCA-COLA CO,Consumer Non-Cyclical,3.45,2030-03-25,8944000,0.0002550923772917007,0.7424984622094499,425000.0,0.00031784855781033234,QLTA
1606,DEUTSCHE BANK AG (NEW YORK BRANCH),Banking,4.72,2032-02-06,8735000,0.0002549916299073043,0.7395332043303995,,,
1607,JOHN DEERE CAPITAL CORP MTN,Capital Goods,4.9,2031-03-07,8510000,0.0002546893877541151,0.7362605690372142,310000.0,0.00023184247746165418,QLTA
1608,MASTERCARD INC,Technology,4.35,2032-01-15,8918000,0.0002544878929853223,0.7421333744984807,440000.0,0.0003290667422036382,QLTA
1609,ROYALTY PHARMA PLC,Consumer Non-Cyclical,5.2,2035-09-25,8762000,0.0002544878929853223,0.7399202428251808,,,
1610,WILLIS NORTH AMERICA INC,Insurance,5.35,2033-05-15,8593000,0.0002544878929853223,0.7374777715802252,25000.0,0.00041102196501381036,LQDB
1611,MICROSOFT CORPORATION,Technology,4.25,2047-02-06,10436000,0.0002543871456009259,0.7618461432297654,332000.0,0.0002482958145718361,QLTA
1612,BANCO BILBAO VIZCAYA ARGENTARIA SA,Banking,6.03,2035-03-13,8283000,0.00025418565083213307,0.732869960366822,,,
1613,TARGA RESOURCES CORP,Energy,6.5,2034-03-30,8017000,0.00025418565083213307,0.7287765410561292,,,
1614,MCDONALDS CORPORATION MTN,Consumer Cyclical,6.3,2038-03-01,7940000,0.00025408490344773667,0.7275662314061361,25000.0,0.00041102196501381036,LQDB
1615,NATIONAL BANK OF CANADA MTN,Banking,4.93,2032-06-04,8749000,0.00025408490344773667,0.7397340400587569,255000.0,0.0001907091346861994,QLTA
1616,AT&T INC,Communications,5.55,2045-11-01,9469000,0.00025398415606334027,0.7496517570313983,20000.0,0.00032881757201104825,LQDB
1617,MERCK & CO INC,Consumer Non-Cyclical,4.45,2032-12-04,8871000,0.00025398415606334027,0.7414706989009888,405000.0,0.0003028909786192579,QLTA
1618,DELL INTERNATIONAL LLC,Technology,5.4,2034-04-15,8540000,0.0002534804191413582,0.73670188634947,25000.0,0.00041102196501381036,LQDB
1619,J M SMUCKER CO,Consumer Non-Cyclical,6.5,2043-11-15,8174000,0.00025317817698816903,0.731208707189878,15000.0,0.0002466131790082862,LQDB
1620,OCCIDENTAL PETROLEUM CORPORATION,Energy,7.5,2031-05-01,7773000,0.00025307742960377263,0.7249004326642081,30000.0,0.0004932263580165724,LQDB
1621,NOVARTIS CAPITAL CORP,Consumer Non-Cyclical,4.0,2045-11-20,10712000,0.00025307742960377263,0.7651196864877946,490000.0,0.00036646069018132435,QLTA
1622,MPLX LP,Energy,5.0,2033-01-15,8805000,0.00025307742960377263,0.7405341820289489,,,
1623,PROCTER & GAMBLE CO,Consumer Non-Cyclical,1.2,2030-10-29,9902000,0.00025307742960377263,0.7552591610504231,530000.0,0.00039637584856347326,QLTA
1624,TARGA RESOURCES CORP,Energy,6.5,2053-02-15,8275000,0.00025307742960377263,0.7327487790165086,15000.0,0.0002466131790082862,LQDB
1625,CHENIERE ENERGY PARTNERS LP,Energy,5.55,2035-10-30,8552000,0.00025287593483497983,0.73687797934374,30000.0,0.0004932263580165724,LQDB
1626,ACCENTURE CAPITAL INC,Technology,5.6,2036-07-10,8712000,0.00025277518745058343,0.7392025600827618,360000.0,0.00026923642543934034,QLTA
1627,BECTON DICKINSON AND COMPANY,Consumer Non-Cyclical,1.96,2031-02-11,9751000,0.000252674440066187,0.7533320342806188,49000.0,0.0008056030514270682,LQDB
1628,JPMORGAN CHASE & CO,Banking,5.8,2041-07-23,8675000,0.0002525736926817906,0.7386688180928076,325000.0,0.00024306066185496002,QLTA
1629,WASTE MANAGEMENT INC,Capital Goods,4.8,2032-03-15,8521000,0.0002525736926817906,0.7364225657647632,180000.0,0.00013461821271967017,QLTA
1630,CVS HEALTH CORP,Consumer Non-Cyclical,6.0,2044-06-01,8774000,0.0002525736926817906,0.7400918772591075,,,
1631,STARBUCKS CORPORATION,Consumer Cyclical,2.25,2030-03-12,9371000,0.0002525736926817906,0.7483470808337407,,,
1632,CITIGROUP INC,Banking,2.9,2042-11-03,12117000,0.0002525736926817906,0.780575515806183,249000.0,0.00018622186092887708,QLTA
1633,VERIZON COMMUNICATIONS INC,Communications,1.68,2030-10-30,9816000,0.0002525736926817906,0.7541652248662046,20000.0,0.00032881757201104825,LQDB
1634,VIATRIS INC,Consumer Non-Cyclical,2.7,2030-06-22,9467000,0.0002525736926817906,0.7496252662116656,45000.0,0.0007398395370248586,LQDB
1635,UNILEVER CAPITAL CORP,Consumer Non-Cyclical,5.9,2032-11-15,8085000,0.0002524729452973942,0.7298357589701863,368000.0,0.00027521945711577014,QLTA
1636,NIKE INC,Consumer Cyclical,3.38,2050-03-27,12482000,0.0002524729452973942,0.7842973835143561,438000.0,0.00032757098428453073,QLTA
1637,HUNTINGTON BANCSHARES INC,Banking,5.27,2031-01-15,8571000,0.0002523721979129978,0.7371562885466508,25000.0,0.00041102196501381036,LQDB
1638,BAT CAPITAL CORP,Consumer Non-Cyclical,6.34,2030-08-02,7986000,0.00025217070314420494,0.728290677329658,15000.0,0.0002466131790082862,LQDB
1639,EATON CORPORATION,Capital Goods,5.45,2056-03-06,8939000,0.00025217070314420494,0.7424283355285716,325000.0,0.00024306066185496002,QLTA
1640,BURLINGTON NORTHERN SANTA FE LLC,Transportation,5.8,2056-03-15,8622000,0.00025206995575980854,0.7379002893966027,290000.0,0.00021688489827057972,QLTA
1641,JBS NV,Consumer Non-Cyclical,6.38,2066-04-15,9037000,0.00025206995575980854,0.7437957210085191,20000.0,0.00032881757201104825,LQDB
1642,ELEVANCE HEALTH INC,Insurance,5.38,2034-06-15,8556000,0.00025196920837541214,0.7369366221038207,75000.0,0.001233065895041431,LQDB
1643,EQUINIX INC,Technology,2.15,2030-07-15,9602000,0.00025176771360661934,0.7514009545826322,60000.0,0.0009864527160331447,LQDB
1644,SALESFORCE INC,Technology,6.7,2066-03-15,8682000,0.0002516669662222229,0.7387699706916007,330000.0,0.00024680005665272866,QLTA
1645,DELL INTERNATIONAL LLC,Technology,5.0,2034-02-15,8775000,0.0002515662188378265,0.7401061695310641,,,
1646,TRANSCANADA PIPELINES LTD,Energy,4.1,2030-04-15,8751000,0.0002515662188378265,0.7397627046394868,,,
1647,MANULIFE FINANCIAL CORP,Insurance,3.7,2032-03-16,9023000,0.0002515662188378265,0.7436012906747711,605000.0,0.0004524667705300025,QLTA
1648,TARGET CORPORATION,Consumer Cyclical,5.0,2035-04-15,8610000,0.0002514654714534301,0.7377256270561858,325000.0,0.00024306066185496002,QLTA
1649,UNITED PARCEL SERVICE INC,Transportation,5.25,2035-05-14,8473000,0.0002514654714534301,0.7357141300892226,400000.0,0.00029915158382148925,QLTA
1650,BANCO BILBAO VIZCAYA ARGENTARIA SA,Banking,5.13,2036-03-03,8798000,0.0002514654714534301,0.7404344430268126,450000.0,0.00033654553179917544,QLTA
1651,NORFOLK SOUTHERN CORPORATION,Transportation,5.35,2054-08-01,9160000,0.0002510624819158445,0.7454910952310351,45000.0,0.0007398395370248586,LQDB
1652,DTE ELECTRIC COMPANY,Electric,4.85,2036-03-01,8762000,0.0002510624819158445,0.7399202428251808,225000.0,0.00016827276589958772,QLTA
1653,BERKSHIRE HATHAWAY FINANCE CORP,Insurance,2.88,2032-03-15,9273000,0.0002509617345314481,0.7470286886298305,365000.0,0.00027297582023710893,QLTA
1654,SUMITOMO MITSUI FINANCIAL GROUP IN,Banking,5.42,2031-07-09,8437000,0.0002509617345314481,0.7351801645935485,250000.0,0.0001869697398884308,QLTA
1655,PHILIP MORRIS INTERNATIONAL INC,Consumer Non-Cyclical,4.9,2034-11-01,8654000,0.00025076023976265525,0.7383648698404822,300000.0,0.00022436368786611695,QLTA
1656,CONSTELLATION ENERGY GENERATION LL,Electric,5.75,2054-03-15,8810000,0.00025065949237825885,0.7406053756386652,40000.0,0.0006576351440220965,LQDB
1657,HOME DEPOT INC,Consumer Cyclical,4.5,2048-12-06,10344000,0.00025055874499386245,0.7607356938478906,542000.0,0.00040535039607811796,QLTA
1658,AT&T INC,Communications,4.7,2030-08-15,8463000,0.00025045799760946606,0.7355660342522817,,,
1659,M&T BANK CORPORATION MTN,Banking,6.08,2032-03-13,8108000,0.00025045799760946606,0.7301920086290606,,,
1660,CRH AMERICA FINANCE INC,Capital Goods,5.0,2036-02-09,8691000,0.00025045799760946606,0.7388999042623476,35000.0,0.0005754307510193344,LQDB
1661,ENBRIDGE INC,Energy,6.2,2030-11-15,8099000,0.00025045799760946606,0.7300527270868449,,,
1662,SOUTHERN CALIFORNIA EDISON COMPANY,Electric,5.25,2030-03-15,8348000,0.00025025650284067326,0.7338502419632944,360000.0,0.00026923642543934034,QLTA
1663,UNITEDHEALTH GROUP INC,Insurance,6.88,2038-02-15,7460000,0.00025015575545627686,0.7197460854438359,405000.0,0.0003028909786192579,QLTA
1664,JOHN DEERE CAPITAL CORP MTN,Capital Goods,4.7,2030-06-10,8504000,0.0002500550080718804,0.7361721189053138,355000.0,0.0002654970306415717,QLTA
1665,CITIZENS FINANCIAL GROUP INC,Banking,5.25,2031-03-05,8347000,0.0002500550080718804,0.7338352185981794,20000.0,0.00032881757201104825,LQDB
1666,MPLX LP,Energy,5.2,2047-03-01,9599000,0.0002500550080718804,0.7513617667670494,35000.0,0.0005754307510193344,LQDB
1667,ENTERPRISE PRODUCTS OPERATING LLC,Energy,5.95,2041-02-01,8123000,0.0002500550080718804,0.7304238013267061,270000.0,0.00020192731907950524,QLTA
1668,BANCO SANTANDER SA,Banking,2.75,2030-12-03,9508000,0.0002500550080718804,0.750167212683119,,,
1669,HALLIBURTON COMPANY,Energy,2.92,2030-03-01,9031000,0.0002500550080718804,0.7437124306312177,,,
1670,APPLE INC,Technology,4.5,2036-02-23,8628000,0.0002498535133030876,0.7379875294280495,453000.0,0.0003387891686778366,QLTA
1671,KINDER MORGAN INC,Energy,5.85,2035-06-01,8236000,0.0002498535133030876,0.7321563372308194,,,
1672,VISA INC,Technology,1.1,2031-02-15,9890000,0.0002498535133030876,0.7551070904495573,360000.0,0.00026923642543934034,QLTA
1673,ROYAL BANK OF CANADA MTN,Banking,2.3,2031-11-03,9637000,0.0002498535133030876,0.7518572432408113,530000.0,0.00039637584856347326,QLTA
1674,AMRIZE FINANCE US LLC,Capital Goods,4.95,2030-04-07,8408000,0.0002495512711498984,0.7347483661658539,,,
1675,EXELON CORPORATION,Electric,5.3,2033-03-15,8339000,0.0002495512711498984,0.7337149668424499,30000.0,0.0004932263580165724,LQDB
1676,GE HEALTHCARE TECHNOLOGIES INC,Consumer Non-Cyclical,6.38,2052-11-22,8217000,0.0002495512711498984,0.7318666946948701,,,
1677,ORACLE CORPORATION,Technology,5.5,2064-09-27,11744000,0.0002495512711498984,0.7766544040952429,,,
1678,UNION PACIFIC CORPORATION,Transportation,5.1,2035-02-20,8344000,0.0002493497763811056,0.7337901377013495,470000.0,0.0003515031109902499,QLTA
1679,BAT CAPITAL CORP,Consumer Non-Cyclical,4.91,2030-04-02,8413000,0.0002493497763811056,0.7348229203206849,,,
1680,TARGET CORPORATION,Consumer Cyclical,4.5,2032-09-15,8498000,0.00024914828161231277,0.7360836063453654,345000.0,0.0002580182410460345,QLTA
1681,T-MOBILE USA INC,Communications,5.3,2035-05-15,8533000,0.00024904753422791637,0.7365990511324347,,,
1682,BARRICK NA FINANCE LLC,Basic Industry,5.75,2043-05-01,8564000,0.00024884603945912357,0.7370538254209005,,,
1683,ACCENTURE CAPITAL INC,Technology,5.0,2031-07-10,8517000,0.00024884603945912357,0.7363636820730382,360000.0,0.00026923642543934034,QLTA
1684,CHARTER COMMUNICATIONS OPERATING L,Communications,3.85,2061-04-01,14915000,0.00024884603945912357,0.8066299346188153,45000.0,0.0007398395370248586,LQDB
1685,M&T BANK CORPORATION MTN,Banking,5.38,2036-01-16,8638000,0.0002487452920747272,0.7381327947520036,,,
1686,PROLOGIS LP,Reits,5.25,2053-06-15,9265000,0.0002487452920747272,0.7469204503750609,309000.0,0.00023109459850210047,QLTA
1687,PHILIP MORRIS INTERNATIONAL INC,Consumer Non-Cyclical,4.63,2035-10-29,8871000,0.0002486445446903307,0.7414706989009888,360000.0,0.00026923642543934034,QLTA
1688,ZOETIS INC,Consumer Non-Cyclical,5.6,2032-11-16,8202000,0.0002485437973059343,0.7316375560596853,,,
1689,COCA-COLA CO,Consumer Non-Cyclical,2.5,2040-06-01,11789000,0.0002484430499215379,0.7771340153802481,429000.0,0.00032084007364854725,QLTA
1690,LOCKHEED MARTIN CORPORATION,Capital Goods,5.7,2054-11-15,8673000,0.0002484430499215379,0.738639902358267,305000.0,0.00022810308266388556,QLTA
1691,BAT CAPITAL CORP,Consumer Non-Cyclical,5.63,2035-08-15,8165000,0.0002484430499215379,0.7310705508797639,,,
1692,INTUIT INC,Technology,5.5,2036-06-15,8607000,0.0002483423025371415,0.7376819234348524,225000.0,0.00016827276589958772,QLTA
1693,CHARTER COMMUNICATIONS OPERATING L,Communications,3.5,2041-06-01,12471000,0.00024824155515274513,0.7841868170068436,20000.0,0.00032881757201104825,LQDB
1694,AMERICAN HONDA FINANCE CORPORATION MTN,Consumer Cyclical,5.05,2031-07-10,8528000,0.00024824155515274513,0.7365255457436899,215000.0,0.00016079397630405047,QLTA
1695,FLORIDA POWER & LIGHT CO,Electric,5.3,2034-06-15,8383000,0.00024824155515274513,0.7343749291078604,330000.0,0.00024680005665272866,QLTA
1696,TRUIST BANK,Banking,2.25,2030-03-11,9280000,0.00024824155515274513,0.7471233205300823,437000.0,0.000326823105324977,QLTA
1697,EQUITABLE HOLDINGS INC,Insurance,5.0,2048-04-20,9877000,0.0002481408077683487,0.7549421389387603,32000.0,0.0005261081152176773,LQDB
1698,WALMART INC,Consumer Cyclical,1.8,2031-09-22,9628000,0.0002480400603839523,0.7517400703424529,995000.0,0.0007441395647559546,QLTA
1699,MITSUBISHI UFJ FINANCIAL GROUP INC,Banking,3.19,2029-07-18,8884000,0.0002480400603839523,0.7416543427549175,604000.0,0.0004517188915704488,QLTA
1700,HOME DEPOT INC,Consumer Cyclical,4.88,2044-02-15,9266000,0.0002479393129995559,0.7469339852668928,272000.0,0.0002034230769986127,QLTA
1701,BANCO SANTANDER SA,Banking,6.03,2035-01-17,8199000,0.0002479393129995559,0.7315916780492422,390000.0,0.000291672794225952,QLTA
1702,DUKE ENERGY FLORIDA LLC,Electric,6.4,2038-06-15,7856000,0.0002477378182307631,0.7262324339038166,305000.0,0.00022810308266388556,QLTA
1703,APPLE INC,Technology,4.85,2053-05-10,9445000,0.0002477378182307631,0.7493334972683764,465000.0,0.00034776371619248125,QLTA
1704,NOMURA HOLDINGS INC,Brokerage/Asset Managers/Exchanges,5.78,2034-07-03,8270000,0.0002476370708463667,0.7326729811658196,,,
1705,PAYPAL HOLDINGS INC,Technology,5.05,2052-06-01,9761000,0.0002475363234619703,0.7534605783059642,315000.0,0.0002355818722594228,QLTA
1706,APPLE INC,Technology,2.95,2049-09-11,13170000,0.00024743557607757383,0.7910259882918526,488000.0,0.0003649649322622169,QLTA
1707,ALLSTATE CORPORATION (THE),Insurance,5.25,2033-03-30,8279000,0.00024743557607757383,0.7328093843288624,25000.0,0.00041102196501381036,LQDB
1708,DUKE ENERGY CORP,Electric,5.0,2052-08-15,9785000,0.00024733482869317743,0.7537685474532195,15000.0,0.0002466131790082862,LQDB
1709,UNITEDHEALTH GROUP INC,Insurance,5.3,2035-06-15,8374000,0.00024713333392438464,0.73424021907983,272000.0,0.0002034230769986127,QLTA
1710,UNITED PARCEL SERVICE INC,Transportation,5.05,2053-03-03,9463000,0.00024713333392438464,0.7495722677786963,305000.0,0.00022810308266388556,QLTA
1711,MOTOROLA SOLUTIONS INC,Technology,5.55,2035-08-15,8240000,0.00024703258653998824,0.7322172294583558,30000.0,0.0004932263580165724,LQDB
1712,WORKDAY INC,Technology,3.8,2032-04-01,9009000,0.00024703258653998824,0.7434065584304453,40000.0,0.0006576351440220965,LQDB
1713,RIO TINTO FINANCE (USA) PLC,Basic Industry,5.13,2053-03-09,9226000,0.00024703258653998824,0.7463914469335964,475000.0,0.0003552425057880185,QLTA
1714,LOWES COMPANIES INC,Consumer Cyclical,3.0,2050-10-15,13678000,0.00024683109177119544,0.7957723109050766,,,
1715,MCDONALDS CORPORATION MTN,Consumer Cyclical,5.0,2036-02-13,8428000,0.00024683109177119544,0.7350463172210648,,,
1716,ONCOR ELECTRIC DELIVERY COMPANY LL,Electric,5.65,2033-11-15,8118000,0.0002465288496180062,0.7303465846872693,225000.0,0.00016827276589958772,QLTA
1717,MASTERCARD INC,Technology,3.85,2050-03-26,11073000,0.0002464281022336098,0.7692763324893834,419000.0,0.00031336128405301,QLTA
1718,WELLTOWER OP LLC,Reits,2.8,2031-06-01,9223000,0.0002464281022336098,0.7463506617827743,200000.0,0.00014957579191074462,QLTA
1719,CONSOLIDATED EDISON COMPANY OF NEW,Electric,5.7,2054-05-15,8761000,0.0002463273548492134,0.7399059293468628,370000.0,0.00027671521503487757,QLTA
1720,COREBRIDGE FINANCIAL INC,Insurance,4.4,2052-04-05,10730000,0.000246226607464817,0.76533023925833,30000.0,0.0004932263580165724,LQDB
1721,COMCAST CORPORATION,Communications,5.65,2054-06-01,9692000,0.000246226607464817,0.7525709307904584,390000.0,0.000291672794225952,QLTA
1722,GOLDMAN SACHS CAPITAL I,Banking,6.34,2034-02-15,7917000,0.0002461258600804206,0.7272024330273571,,,
1723,BAT CAPITAL CORP,Consumer Non-Cyclical,7.08,2043-08-02,7511000,0.0002461258600804206,0.7206005119067773,,,
1724,KEURIG DR PEPPER INC,Consumer Non-Cyclical,4.05,2032-04-15,8849000,0.0002461258600804206,0.74115930304311,,,
1725,COCA-COLA CO,Consumer Non-Cyclical,2.0,2031-03-05,9351000,0.0002459243653116278,0.7480791445281071,287000.0,0.00021464126139191853,QLTA
1726,BHP BILLITON FINANCE (USA) LTD,Basic Industry,5.25,2030-09-08,8117000,0.0002458236179272314,0.7303311356524302,250000.0,0.0001869697398884308,QLTA
1727,PHILIP MORRIS INTERNATIONAL INC,Consumer Non-Cyclical,4.25,2044-11-10,10183000,0.0002458236179272314,0.7587684284894471,463000.0,0.00034626795827337383,QLTA
1728,MCDONALDS CORPORATION MTN,Consumer Cyclical,4.45,2047-03-01,10082000,0.00024572287054283495,0.7575183651850537,25000.0,0.00041102196501381036,LQDB
1729,UNITEDHEALTH GROUP INC,Insurance,3.7,2049-08-15,11550000,0.00024572287054283495,0.774565486321739,462000.0,0.0003455200793138201,QLTA
1730,BLACKSTONE PRIVATE CREDIT FUND,Finance Companies,6.0,2032-01-29,8348000,0.00024572287054283495,0.7338502419632944,55000.0,0.0009042483230303828,LQDB
1731,HONDA MOTOR CO LTD,Consumer Cyclical,4.69,2030-07-08,8486000,0.00024562212315843855,0.7359063935883958,494000.0,0.00036945220601953925,QLTA
1732,PACIFICORP,Electric,5.8,2036-04-15,8186000,0.00024562212315843855,0.7313926791644079,,,
1733,MIDAMERICAN ENERGY COMPANY,Electric,5.85,2054-09-15,8410000,0.00024552137577404216,0.7347781931466457,395000.0,0.00029541218902372066,QLTA
1734,GEORGIA POWER COMPANY,Electric,4.95,2033-05-17,8373000,0.00024531988100524936,0.7342252423627708,330000.0,0.00024680005665272866,QLTA
1735,J M SMUCKER CO,Consumer Non-Cyclical,6.2,2033-11-15,7881000,0.00024531988100524936,0.7266308822918324,,,
1736,BAT CAPITAL CORP,Consumer Non-Cyclical,4.74,2032-03-16,8375000,0.00024531988100524936,0.7342551940085179,35000.0,0.0005754307510193344,LQDB
1737,CONOCOPHILLIPS CO,Energy,5.0,2035-01-15,8508000,0.0002452191336208529,0.736231092590928,345000.0,0.0002580182410460345,QLTA
1738,US BANCORP MTN,Banking,5.1,2030-07-23,8122000,0.0002451183862364565,0.7304083618018917,430000.0,0.00032158795260810093,QLTA
1739,BARRICK NORTH AMERICA FINANCE LLC,Basic Industry,5.7,2041-05-30,8428000,0.0002449168914676637,0.7350463172210648,50000.0,0.0008220439300276207,LQDB
1740,JOHNSON & JOHNSON,Consumer Non-Cyclical,5.25,2054-06-01,8635000,0.0002448161440832673,0.7380892328201766,375000.0,0.0002804546098326462,QLTA
1741,BANK OF NOVA SCOTIA (FXD-FRN) MTN,Banking,5.13,2031-02-14,8157000,0.0002448161440832673,0.730947617366528,355000.0,0.0002654970306415717,QLTA
1742,LOWES COMPANIES INC,Consumer Cyclical,4.45,2062-04-01,11038000,0.00024471539669887086,0.7688793113170131,15000.0,0.0002466131790082862,LQDB
1743,PHILIP MORRIS INTERNATIONAL INC,Consumer Non-Cyclical,5.63,2033-09-07,7980000,0.00024461464931447446,0.7281964213762189,280000.0,0.0002094061086750425,QLTA
1744,ELEVANCE HEALTH INC,Insurance,4.75,2033-02-15,8408000,0.00024461464931447446,0.7347483661658539,,,
1745,ACCENTURE CAPITAL INC,Technology,5.3,2033-07-10,8383000,0.00024461464931447446,0.7343749291078604,360000.0,0.00026923642543934034,QLTA
1746,CITIGROUP INC,Banking,6.63,2032-06-15,7737000,0.00024451390193007806,0.724318268956559,55000.0,0.0009042483230303828,LQDB
1747,TORONTO-DOMINION BANK/THE MTN,Banking,4.78,2029-12-17,8314000,0.00024451390193007806,0.7333384351834168,455000.0,0.000340284926596944,QLTA
1748,JOHNSON & JOHNSON,Consumer Non-Cyclical,3.55,2036-03-01,9226000,0.00024451390193007806,0.7463914469335964,240000.0,0.00017949095029289356,QLTA
1749,NOMURA HOLDINGS INC,Brokerage/Asset Managers/Exchanges,2.68,2030-07-16,9149000,0.00024431240716128527,0.7453404061592563,,,
1750,IBM INTERNATIONAL CAPITAL PTE LTD,Technology,4.9,2034-02-05,8458000,0.00024431240716128527,0.7354919206988292,380000.0,0.0002841940046304148,QLTA
1751,BARCLAYS PLC,Banking,2.89,2032-11-24,9362000,0.00024421165977688887,0.7482265803321484,,,
1752,TRUIST FINANCIAL CORP MTN,Banking,5.28,2037-04-23,8461000,0.00024421165977688887,0.7355363940866635,265000.0,0.00019818792428173663,QLTA
1753,BURLINGTON NORTHERN SANTA FE LLC,Transportation,4.15,2045-04-01,10197000,0.00024411091239249247,0.758940725431374,412000.0,0.00030812613133613396,QLTA
1754,DUPONT DE NEMOURS INC,Basic Industry,5.42,2048-11-15,9050000,0.00024411091239249247,0.7439759939451758,23000.0,0.00037814020781270553,LQDB
1755,DIAMONDBACK ENERGY INC,Energy,5.15,2030-01-30,8085000,0.00024411091239249247,0.7298357589701863,,,
1756,DOMINION ENERGY INC,Electric,5.0,2030-06-15,8278000,0.00024411091239249247,0.7327942357463534,,,
1757,REPUBLIC SERVICES INC,Capital Goods,1.75,2032-02-15,9755000,0.00024401016500809604,0.7533834677029111,200000.0,0.00014957579191074462,QLTA
1758,COMCAST CORPORATION,Communications,3.25,2039-11-01,11281000,0.00024401016500809604,0.7716101896240115,435000.0,0.00032532734740586957,QLTA
1759,US BANCORP MTN,Banking,5.47,2037-07-27,8380000,0.00024390941762369965,0.734330041841326,330000.0,0.00024680005665272866,QLTA
1760,COSTCO WHOLESALE CORPORATION,Consumer Cyclical,1.75,2032-04-20,9663000,0.00024380867023930322,0.7521951290456085,270000.0,0.00020192731907950524,QLTA
1761,AON CORP,Insurance,5.35,2033-02-28,8098000,0.00024380867023930322,0.730037241806817,,,
1762,BRISTOL-MYERS SQUIBB CO,Consumer Non-Cyclical,2.55,2050-11-13,14633000,0.00024380867023930322,0.8042361346928364,528000.0,0.00039488009064436583,QLTA
1763,SHELL FINANCE US INC,Energy,2.38,2029-11-07,8900000,0.00024380867023930322,0.7418799974089592,369000.0,0.00027596733607532383,QLTA
1764,THERMO FISHER SCIENTIFIC INC,Consumer Non-Cyclical,4.98,2030-08-10,8097000,0.00024370792285490682,0.7300217546144357,295000.0,0.00022062429306834834,QLTA
1765,INTEL CORPORATION,Technology,5.0,2033-08-15,8419000,0.00024370792285490682,0.7349123268407364,,,
1766,BRISTOL-MYERS SQUIBB CO,Consumer Non-Cyclical,4.35,2047-11-15,10258000,0.00024360717547051042,0.7596886973332554,435000.0,0.00032532734740586957,QLTA
1767,CANADIAN PACIFIC RAILWAY COMPANY,Transportation,3.0,2041-12-02,11519000,0.00024360717547051042,0.774228442142568,30000.0,0.0004932263580165724,LQDB
1768,TOYOTA MOTOR CREDIT CORP MTN,Consumer Cyclical,4.8,2034-01-05,8489000,0.00024340568070171763,0.735950720259896,245000.0,0.00018323034509066217,QLTA
1769,MIZUHO FINANCIAL GROUP INC,Banking,5.75,2034-05-27,8048000,0.00024340568070171763,0.7292605296736079,280000.0,0.0002094061086750425,QLTA
1770,AMGEN INC,Consumer Non-Cyclical,4.2,2033-03-01,8620000,0.00024340568070171763,0.737871195894524,,,
1771,BAT CAPITAL CORP,Consumer Non-Cyclical,4.63,2033-03-22,8473000,0.00024320418593292483,0.7357141300892226,,,
1772,TOYOTA MOTOR CREDIT CORP MTN,Consumer Cyclical,5.35,2035-01-09,8246000,0.00024310343854852838,0.7323085123983178,243000.0,0.00018173458717155472,QLTA
1773,SHELL FINANCE US INC,Energy,3.75,2046-09-12,10908000,0.00024290194377973558,0.7673935580216116,333000.0,0.0002490436935313898,QLTA
1774,GEORGIA POWER COMPANY,Electric,5.13,2052-05-15,9161000,0.00024290194377973558,0.7455047852632684,305000.0,0.00022810308266388556,QLTA
1775,ELI LILLY AND COMPANY,Consumer Non-Cyclical,4.9,2032-02-12,8093000,0.00024280119639533918,0.7299597867119286,435000.0,0.00032532734740586957,QLTA
1776,DUKE ENERGY CORP,Electric,3.75,2046-09-01,11261000,0.00024280119639533918,0.7713876582194273,43000.0,0.0007069577798237538,LQDB
1777,TARGA RESOURCES CORP,Energy,4.9,2030-09-15,8174000,0.00024239820685775356,0.731208707189878,,,
1778,TIME WARNER CABLE LLC,Communications,4.5,2042-09-15,11136000,0.00024239820685775356,0.7699878184834488,,,
1779,PNC FINANCIAL SERVICES GROUP INC (,Banking,4.9,2031-05-13,8213000,0.00024189446993577152,0.7318056319839142,480000.0,0.0003589819005857871,QLTA
1780,CME GROUP INC,Brokerage/Asset Managers/Exchanges,4.4,2030-03-15,8219000,0.00024179372255137512,0.7318972149043532,440000.0,0.0003290667422036382,QLTA
1781,PACIFIC GAS AND ELECTRIC COMPANY,Electric,3.3,2040-08-01,11013000,0.00024169297516697872,0.7685949532518946,15000.0,0.0002466131790082862,LQDB
1782,MEDTRONIC GLOBAL HOLDINGS SCA,Consumer Non-Cyclical,4.5,2033-03-30,8406000,0.00024169297516697872,0.7347185320893134,415000.0,0.0003103697682147951,QLTA
1783,ING GROEP NV,Banking,2.73,2032-04-01,9089000,0.00024169297516697872,0.7445152631002853,335000.0,0.00025053945145049725,QLTA
1784,MPLX LP,Energy,5.3,2036-04-01,8292000,0.00024159222778258232,0.7330061495640767,20000.0,0.00032881757201104825,LQDB
1785,VICI PROPERTIES LP,Consumer Cyclical,5.63,2035-04-01,8253000,0.00024159222778258232,0.732414925251667,10000.0,0.00016440878600552412,LQDB
1786,UNION PACIFIC CORPORATION,Transportation,3.5,2053-02-14,11875000,0.00024159222778258232,0.7780455346444655,435000.0,0.00032532734740586957,QLTA
1787,PNC FINANCIAL SERVICES GROUP INC (,Banking,2.31,2032-04-23,9272000,0.00024139073301378947,0.7470151639557652,318000.0,0.00023782550913808395,QLTA
1788,UNITED PARCEL SERVICE INC,Transportation,6.05,2065-05-14,8239000,0.00024139073301378947,0.7322020091731078,355000.0,0.0002654970306415717,QLTA
1789,LOCKHEED MARTIN CORPORATION,Capital Goods,5.2,2055-02-15,8901000,0.00024139073301378947,0.7418940873522524,355000.0,0.0002654970306415717,QLTA
1790,PHILLIPS 66 CO,Energy,5.3,2033-06-30,8213000,0.00024139073301378947,0.7318056319839142,,,
1791,DOLLAR GENERAL CORP,Consumer Cyclical,5.45,2033-07-05,8182000,0.00024118923824499667,0.7313313851552954,25000.0,0.00041102196501381036,LQDB
1792,KRAFT HEINZ FOODS CO,Consumer Non-Cyclical,6.88,2039-01-26,7462000,0.00024118923824499667,0.7197797022621977,15000.0,0.0002466131790082862,LQDB
1793,TRUIST FINANCIAL CORP MTN,Banking,6.12,2033-10-28,7792000,0.00024088699609180745,0.7252065996344995,235000.0,0.00017575155549512495,QLTA
1794,ELEVANCE HEALTH INC,Insurance,5.13,2053-02-15,9316000,0.00024078624870741105,0.7476088740991518,,,
1795,BHP BILLITON FINANCE (USA) LTD,Basic Industry,4.13,2042-02-24,9594000,0.00024078624870741105,0.7512964265164453,135000.0,0.00010096365953975262,QLTA
1796,SIMON PROPERTY GROUP LP,Reits,5.13,2035-10-01,8222000,0.00024068550132301465,0.7319429812962536,265000.0,0.00019818792428173663,QLTA
1797,BOEING CO,Capital Goods,3.25,2035-02-01,9455000,0.00024068550132301465,0.7494662036724503,30000.0,0.0004932263580165724,LQDB
1798,NORTHROP GRUMMAN CORP,Capital Goods,5.2,2054-06-01,9117000,0.00024068550132301465,0.7449010055909636,15000.0,0.0002466131790082862,LQDB
1799,DOMINION ENERGY INC,Electric,5.35,2036-06-15,8314000,0.00024058475393861823,0.7333384351834168,,,
1800,ASTRAZENECA PLC,Consumer Non-Cyclical,4.38,2045-11-16,9633000,0.00024048400655422183,0.7518051799125506,400000.0,0.00029915158382148925,QLTA
1801,AERCAP IRELAND CAPITAL DAC,Finance Companies,4.75,2033-01-15,8509000,0.00024048400655422183,0.7362458316801084,,,
1802,FISERV INC,Technology,5.45,2034-03-15,8241000,0.0002403832591698254,0.732232447896594,,,
1803,OCCIDENTAL PETROLEUM CORPORATION,Energy,5.38,2032-01-01,8113000,0.000240282511785429,0.7302693204742732,,,
1804,UNITEDHEALTH GROUP INC,Insurance,3.75,2047-10-15,11091000,0.0002401817644010326,0.7694800264272041,384000.0,0.0002871855204686297,QLTA
1805,HCA INC,Consumer Non-Cyclical,4.9,2035-11-15,8569000,0.0002401817644010326,0.7371270219093775,,,
1806,HUMANA INC,Insurance,5.75,2054-04-15,8932000,0.0002401817644010326,0.7423300922488528,15000.0,0.0002466131790082862,LQDB
1807,MANULIFE FINANCIAL CORP,Insurance,4.99,2035-12-11,8444000,0.0002400810170166362,0.7352841694310991,215000.0,0.00016079397630405047,QLTA
1808,TORONTO-DOMINION BANK/THE MTN,Banking,5.3,2032-01-30,7916000,0.00023977877486344701,0.7271865917413957,240000.0,0.00017949095029289356,QLTA
1809,T-MOBILE USA INC,Communications,5.75,2034-01-15,8002000,0.00023967802747905056,0.7285416807462458,,,
1810,JBS USA HOLDING LUX SARL,Consumer Non-Cyclical,7.25,2053-11-15,7678000,0.00023967802747905056,0.7233582843961575,20000.0,0.00032881757201104825,LQDB
1811,DOMINION ENERGY INC,Electric,5.38,2032-11-15,8045000,0.00023967802747905056,0.729213773615098,,,
1812,MARRIOTT INTERNATIONAL INC,Consumer Cyclical,5.3,2034-05-15,8154000,0.00023957728009465416,0.7309014862127443,,,
1813,BOSTON PROPERTIES LP,Reits,2.45,2033-10-01,9951000,0.00023957728009465416,0.7558782092491919,,,
1814,BROADRIDGE FINANCIAL SOLUTIONS INC,Technology,2.6,2031-05-01,9165000,0.00023947653271025776,0.7455595304524593,39000.0,0.0006411942654215441,LQDB
1815,AMERIPRISE FINANCIAL INC,Brokerage/Asset Managers/Exchanges,5.15,2033-05-15,8096000,0.00023937578532586137,0.7300062655092291,315000.0,0.0002355818722594228,QLTA
1816,TRAVELERS COMPANIES INC MTN,Insurance,6.25,2037-06-15,7636000,0.00023927503794146497,0.7226704001213371,369000.0,0.00027596733607532383,QLTA
1817,ORACLE CORPORATION,Technology,4.2,2029-09-27,8407000,0.00023917429055706854,0.7347334500147634,25000.0,0.00041102196501381036,LQDB
1818,WASTE CONNECTIONS INC,Capital Goods,4.2,2033-01-15,8576000,0.00023907354317267214,0.7372294252724347,258000.0,0.00019295277156486056,QLTA
1819,NXP BV,Technology,2.5,2031-05-11,9141000,0.00023907354317267214,0.7452307002669482,50000.0,0.0008220439300276207,LQDB
1820,ANHEUSER-BUSCH INBEV WORLDWIDE INC,Consumer Non-Cyclical,5.0,2034-06-15,8174000,0.00023907354317267214,0.731208707189878,450000.0,0.00033654553179917544,QLTA
1821,REALTY INCOME CORPORATION,Reits,3.25,2031-01-15,8754000,0.00023907354317267214,0.7398056892295038,316000.0,0.0002363297512189765,QLTA
1822,HOME DEPOT INC,Consumer Cyclical,4.4,2045-03-15,9641000,0.00023897279578827575,0.7519092849637898,162000.0,0.00012115639144770315,QLTA
1823,KINDER MORGAN INC,Energy,5.4,2034-02-01,7935000,0.00023877130101948292,0.7274872345278407,40000.0,0.0006576351440220965,LQDB
1824,PAYPAL HOLDINGS INC,Technology,5.15,2034-06-01,8269000,0.0002386705536350865,0.7326578160965529,270000.0,0.00020192731907950524,QLTA
1825,PAYPAL HOLDINGS INC,Technology,2.3,2030-06-01,8916000,0.0002386705536350865,0.7421052467558157,372000.0,0.000278210972953985,QLTA
1826,ALTRIA GROUP INC,Consumer Non-Cyclical,3.4,2030-05-06,8541000,0.0002385698062506901,0.7367165702134464,,,
1827,CONAGRA BRANDS INC,Consumer Non-Cyclical,5.3,2038-11-01,8739000,0.0002383683114818973,0.7395906187941002,30000.0,0.0004932263580165724,LQDB
1828,HOME DEPOT INC,Consumer Cyclical,3.9,2047-06-15,10695000,0.0002383683114818973,0.7649205059738812,480000.0,0.0003589819005857871,QLTA
1829,MASTERCARD INC,Technology,4.85,2033-03-09,8019000,0.0002381668167131045,0.7288078225579496,255000.0,0.0001907091346861994,QLTA
1830,PEPSICO INC,Consumer Non-Cyclical,4.45,2046-04-14,9468000,0.0002380660693287081,0.7496385123210151,320000.0,0.0002393212670571914,QLTA
1831,HCA INC,Consumer Non-Cyclical,5.95,2054-09-15,8471000,0.00023796532194431165,0.7356845249096358,65000.0,0.0010686571090359068,LQDB
1832,TOYOTA MOTOR CREDIT CORP MTN,Consumer Cyclical,4.8,2030-05-15,8063000,0.00023786457455991525,0.7294940488401092,285000.0,0.0002131455034728111,QLTA
1833,CHARTER COMMUNICATIONS OPERATING L,Communications,6.65,2034-02-01,7806000,0.00023766307979112246,0.7254317190130771,55000.0,0.0009042483230303828,LQDB
1834,SUMITOMO MITSUI FINANCIAL GROUP IN,Banking,5.81,2033-09-14,7715000,0.00023756233240672606,0.7239611672548402,240000.0,0.00017949095029289356,QLTA
1835,MARRIOTT INTERNATIONAL INC,Consumer Cyclical,2.85,2031-04-15,8837000,0.00023746158502232966,0.7409891242901185,,,
1836,JOHN DEERE CAPITAL CORP MTN,Capital Goods,5.1,2034-04-11,7992000,0.00023746158502232966,0.7283848624937902,340000.0,0.0002542788462482659,QLTA
1837,CBRE SERVICES INC,Consumer Cyclical,4.9,2033-01-15,8314000,0.00023726009025353684,0.7333384351834168,10000.0,0.00016440878600552412,LQDB
1838,NOVARTIS CAPITAL CORP,Consumer Non-Cyclical,4.0,2031-09-18,8253000,0.00023726009025353684,0.732414925251667,325000.0,0.00024306066185496002,QLTA
1839,WYETH LLC,Consumer Non-Cyclical,6.5,2034-02-01,7299000,0.00023726009025353684,0.717009935989465,232000.0,0.00017350791861646378,QLTA
1840,AMGEN INC,Consumer Non-Cyclical,4.4,2062-02-22,10504000,0.00023726009025353684,0.7626606363249284,,,
1841,APTIV SWISS HOLDINGS LTD,Consumer Cyclical,3.1,2051-12-01,13449000,0.0002371593428691404,0.7936549364137694,15000.0,0.0002466131790082862,LQDB
1842,WELLS FARGO BANK NA,Banking,5.85,2037-02-01,7754000,0.0002371593428691404,0.7245935163955031,300000.0,0.00022436368786611695,QLTA
1843,HSBC HOLDINGS PLC,Banking,6.8,2038-06-01,7405000,0.0002371593428691404,0.7188180738484111,,,
1844,DOW CHEMICAL CO,Basic Industry,6.9,2053-05-15,7761000,0.0002371593428691404,0.7247066782183323,15000.0,0.0002466131790082862,LQDB
1845,EQUINIX EUROPE 2 FINANCING CORPORA,Technology,5.5,2034-06-15,8063000,0.0002368571007159512,0.7294940488401092,40000.0,0.0006576351440220965,LQDB
1846,WASTE MANAGEMENT INC,Capital Goods,4.63,2030-02-15,7962000,0.0002368571007159512,0.7279132277139545,224000.0,0.00016752488694003398,QLTA
1847,MERCK & CO INC,Consumer Non-Cyclical,3.9,2039-03-07,9233000,0.0002367563533315548,0.7464865607342478,402000.0,0.00030064734174059673,QLTA
1848,MOTOROLA SOLUTIONS INC,Technology,2.3,2030-11-15,8999000,0.00023625261640957274,0.7432672786069917,,,
1849,AMAZON.COM INC,Consumer Cyclical,2.7,2060-06-03,15805000,0.00023625261640957274,0.8138984211713599,721000.0,0.0005392207298382344,QLTA
1850,KAISER FOUNDATION HOSPITALS,Consumer Non-Cyclical,4.15,2047-05-01,10046000,0.00023625261640957274,0.7570697685774085,493000.0,0.0003687043270599855,QLTA
1851,FIDELITY NATIONAL INFORMATION SERV,Technology,2.25,2031-03-01,9065000,0.00023615186902517635,0.7441836796787823,,,
1852,WALMART INC,Consumer Cyclical,6.5,2037-08-15,7038000,0.00023584962687198715,0.7124434319060241,350000.0,0.0002617576358438031,QLTA
1853,GILEAD SCIENCES INC,Consumer Non-Cyclical,1.65,2030-10-01,9093000,0.00023574887948759075,0.7445704418670526,415000.0,0.0003103697682147951,QLTA
1854,CITIGROUP INC,Banking,5.88,2042-01-30,7779000,0.00023554738471879793,0.7249971977462832,305000.0,0.00022810308266388556,QLTA
1855,CITIGROUP INC,Banking,4.65,2045-07-30,9164000,0.0002354466373344015,0.7455458463954708,239000.0,0.00017874307133333982,QLTA
1856,AMCOR FLEXIBLES NORTH AMERICA INC,Capital Goods,2.69,2031-05-25,8911000,0.0002354466373344015,0.742034899785806,30000.0,0.0004932263580165724,LQDB
1857,ORACLE CORPORATION,Technology,4.1,2061-03-25,13750000,0.0002353458899500051,0.7964307157199253,130000.0,0.0021373142180718136,LQDB
1858,AMERICAN TOWER CORPORATION,Communications,5.55,2033-07-15,7946000,0.0002352451425656087,0.7276609620213524,,,
1859,FISERV INC,Technology,5.25,2035-08-11,8166000,0.00023514439518121228,0.7310859090991386,15000.0,0.0002466131790082862,LQDB
1860,CSX CORP,Transportation,5.05,2035-06-15,8094000,0.00023514439518121228,0.7299752815584482,295000.0,0.00022062429306834834,QLTA
1861,WALT DISNEY CO,Communications,6.4,2035-12-15,7348000,0.00023504364779681588,0.7178490146255715,265000.0,0.00019818792428173663,QLTA
1862,VERIZON COMMUNICATIONS INC,Communications,5.05,2033-05-09,8022000,0.00023504364779681588,0.728854730185258,90000.0,0.0014796790740497171,LQDB
1863,TRAVELERS COMPANIES INC,Insurance,5.35,2040-11-01,8157000,0.00023504364779681588,0.730947617366528,319000.0,0.0002385733880976377,QLTA
1864,PACIFIC GAS AND ELECTRIC COMPANY,Electric,5.7,2035-03-01,7874000,0.00023494290041241948,0.72651944429262,,,
1865,PUBLIC SERVICE COMPANY OF COLORADO,Electric,5.85,2055-05-15,8191000,0.00023484215302802309,0.7314692545714078,115000.0,8.600608034867817e-05,QLTA
1866,WESTERN MIDSTREAM OPERATING LP,Energy,4.05,2030-02-01,8151000,0.0002347414056436267,0.7308553380833744,50000.0,0.0008220439300276207,LQDB
1867,NISOURCE INC,Natural Gas,3.6,2030-05-01,8333000,0.0002347414056436267,0.7336247022943011,70000.0,0.0011508615020386689,LQDB
1868,VERIZON COMMUNICATIONS INC,Communications,5.25,2037-03-16,8144000,0.0002346406582592303,0.7307475930284458,80000.0,0.001315270288044193,LQDB
1869,AT&T INC,Communications,4.35,2045-06-15,10255000,0.00023453991087483384,0.7596520159484629,30000.0,0.0004932263580165724,LQDB
1870,VODAFONE GROUP PLC,Communications,4.88,2049-06-19,9720000,0.00023453991087483384,0.7529327084083584,15000.0,0.0002466131790082862,LQDB
1871,MIZUHO FINANCIAL GROUP INC,Banking,5.42,2036-05-13,7965000,0.00023453991087483384,0.7279604710899691,310000.0,0.00023184247746165418,QLTA
1872,ONEOK INC,Energy,6.1,2032-11-15,7622000,0.00023453991087483384,0.7224402643165431,50000.0,0.0008220439300276207,LQDB
1873,LOWES COMPANIES INC,Consumer Cyclical,4.5,2030-04-15,8006000,0.00023443916349043744,0.7286043531814069,25000.0,0.00041102196501381036,LQDB
1874,EATON CORPORATION,Capital Goods,4.5,2033-03-06,8146000,0.00023433841610604104,0.7307783867769485,445000.0,0.0003328061370014068,QLTA
1875,DELL INTERNATIONAL LLC,Technology,3.38,2041-12-15,10729000,0.00023423766872164464,0.7653185511516859,20000.0,0.00032881757201104825,LQDB
1876,DUKE ENERGY CAROLINAS LLC,Electric,5.4,2054-01-15,8693000,0.00023413692133724824,0.7389287601161673,322000.0,0.00024081702497629886,QLTA
1877,GEORGIA POWER COMPANY,Electric,4.85,2031-03-15,7884000,0.00023413692133724824,0.7266786111373742,345000.0,0.0002580182410460345,QLTA
1878,COMCAST CORPORATION,Communications,2.8,2051-01-15,14971000,0.00023403617395285185,0.8070999092201333,570000.0,0.0004262910069456222,QLTA
1879,BLUE OWL CREDIT INCOME CORP,Finance Companies,5.8,2030-03-15,8057000,0.00023403617395285185,0.7294006933468545,50000.0,0.0008220439300276207,LQDB
1880,SUMITOMO MITSUI FINANCIAL GROUP IN,Banking,2.75,2030-01-15,8598000,0.00023393542656845542,0.7375507211140996,375000.0,0.0002804546098326462,QLTA
1881,CF INDUSTRIES INC,Basic Industry,5.15,2034-03-15,7994000,0.00023393542656845542,0.7284162418359149,30000.0,0.0004932263580165724,LQDB
1882,SUMITOMO MITSUI FINANCIAL GROUP IN,Banking,5.84,2044-07-09,8149000,0.00023393542656845542,0.730824563226742,,,
1883,LLOYDS BANKING GROUP PLC,Banking,4.34,2048-01-09,10053000,0.00023393542656845542,0.7571571214622809,,,
1884,REYNOLDS AMERICAN INC,Consumer Non-Cyclical,5.7,2035-08-15,7681000,0.00023383467918405902,0.7234072749066369,,,
1885,ABBVIE INC,Consumer Non-Cyclical,4.3,2036-05-14,8553000,0.0002337339317996626,0.7368926426048088,355000.0,0.0002654970306415717,QLTA
1886,COMMONWEALTH EDISON COMPANY,Electric,5.85,2056-06-01,8144000,0.0002337339317996626,0.7307475930284458,305000.0,0.00022810308266388556,QLTA
1887,SEMPRA,Natural Gas,3.8,2038-02-01,9385000,0.0002336331844152662,0.748534296219551,35000.0,0.0005754307510193344,LQDB
1888,MITSUBISHI UFJ FINANCIAL GROUP INC,Banking,5.19,2036-09-12,8012000,0.0002336331844152662,0.728698303147205,270000.0,0.00020192731907950524,QLTA
1889,BROWN & BROWN INC,Insurance,6.25,2055-06-23,8164000,0.00023333094226207698,0.7310551907792918,20000.0,0.00032881757201104825,LQDB
1890,ELEVANCE HEALTH INC,Insurance,5.65,2054-06-15,8532000,0.00023323019487768058,0.7365843535009914,10000.0,0.00016440878600552412,LQDB
1891,BERKSHIRE HATHAWAY FINANCE CORP,Insurance,1.45,2030-10-15,8998000,0.00023323019487768058,0.7432533421131009,177000.0,0.000132374575841009,QLTA
1892,FORD MOTOR CREDIT COMPANY LLC MTN,Consumer Cyclical,5.87,2035-10-31,8160000,0.00023312944749328418,0.7309937315572104,,,
1893,ELI LILLY AND COMPANY,Consumer Non-Cyclical,5.6,2065-02-12,8167000,0.00023302870010888778,0.7311012654378767,298000.0,0.0002228679299470095,QLTA
1894,STRYKER CORPORATION,Consumer Non-Cyclical,4.85,2030-02-10,7793000,0.00023302870010888778,0.7252226929986726,,,
1895,CHARTER COMMUNICATIONS OPERATING L,Communications,3.5,2042-03-01,11768000,0.00023302870010888778,0.7769104250214829,20000.0,0.00032881757201104825,LQDB
1896,TOYOTA MOTOR CREDIT CORP MTN,Consumer Cyclical,5.1,2031-03-21,7763000,0.00023292795272449138,0.7247389914213317,250000.0,0.0001869697398884308,QLTA
1897,BANK OF NOVA SCOTIA,Banking,5.65,2034-02-01,7594000,0.00023292795272449138,0.7219787218497182,255000.0,0.0001907091346861994,QLTA
1898,PFIZER INC,Consumer Non-Cyclical,4.0,2049-03-15,10306000,0.00023282720534009493,0.76027414499513,494000.0,0.00036945220601953925,QLTA
1899,AON CORP,Insurance,3.9,2052-02-28,10938000,0.00023282720534009493,0.7677379898232571,63000.0,0.001035775351834802,LQDB
1900,ENBRIDGE INC,Energy,5.55,2035-06-20,7894000,0.00023272645795569853,0.7268375762241269,,,
1901,INTEL CORPORATION,Technology,4.1,2046-05-19,10587000,0.00023272645795569853,0.7636476809947764,40000.0,0.0006576351440220965,LQDB
1902,CHEVRON USA INC,Energy,4.85,2035-10-15,7987000,0.00023262571057130213,0.7283063797700651,245000.0,0.00018323034509066217,QLTA
1903,DUKE ENERGY CAROLINAS LLC,Electric,5.35,2053-01-15,8693000,0.00023262571057130213,0.7389287601161673,345000.0,0.0002580182410460345,QLTA
1904,AMERICAN TOWER CORPORATION,Communications,4.7,2032-12-15,8156000,0.00023262571057130213,0.7309322422006721,,,
1905,PHILLIPS 66,Energy,2.15,2030-12-15,8890000,0.00023252496318690573,0.7417390108397004,,,
1906,EOG RESOURCES INC,Energy,5.65,2054-12-01,8292000,0.00023252496318690573,0.7330061495640767,325000.0,0.00024306066185496002,QLTA
1907,TARGA RESOURCES CORP,Energy,4.2,2033-02-01,8295000,0.00023252496318690573,0.733051513116804,40000.0,0.0006576351440220965,LQDB
1908,ELI LILLY AND COMPANY,Consumer Non-Cyclical,4.75,2030-02-12,7750000,0.00023232346841811294,0.7245288066210296,495000.0,0.00037020008497909294,QLTA
1909,EQUINIX EUROPE 2 FINANCING CORPORA,Technology,4.6,2030-11-15,8042000,0.00023232346841811294,0.7291670001178888,25000.0,0.00041102196501381036,LQDB
1910,RAYTHEON TECHNOLOGIES CORPORATION,Capital Goods,2.25,2030-07-01,8724000,0.00023232346841811294,0.7393751788851672,20000.0,0.00032881757201104825,LQDB
1911,ROYAL BANK OF CANADA MTN,Banking,3.88,2032-05-04,8322000,0.0002321219736493201,0.7334590483594825,318000.0,0.00023782550913808395,QLTA
1912,SUMITOMO MITSUI FINANCIAL GROUP IN,Banking,2.22,2031-09-17,9031000,0.0002321219736493201,0.7437124306312177,300000.0,0.00022436368786611695,QLTA
1913,T-MOBILE USA INC,Communications,5.0,2036-02-15,8048000,0.0002318197314961309,0.7292605296736079,20000.0,0.00032881757201104825,LQDB
1914,ENERGY TRANSFER LP,Energy,6.3,2056-01-15,8119000,0.0002318197314961309,0.7303620318191663,,,
1915,KINDER MORGAN INC,Energy,4.8,2033-02-01,7914000,0.00023171898411173447,0.7271549031650686,,,
1916,BAKER HUGHES HOLDINGS LLC,Energy,4.08,2047-12-15,10240000,0.00023161823672733807,0.7594684479135192,519000.0,0.0003881491800083823,QLTA
1917,HOME DEPOT INC,Consumer Cyclical,1.38,2031-03-15,9156000,0.00023151748934294167,0.7454363201525723,470000.0,0.0003515031109902499,QLTA
1918,SMURFIT KAPPA TREASURY UNLIMITED C,Basic Industry,5.44,2034-04-03,7782000,0.00023151748934294167,0.7250455523025591,,,
1919,CITIZENS FINANCIAL GROUP INC,Banking,5.72,2032-07-23,7562000,0.00023141674195854527,0.7214491563643681,35000.0,0.0005754307510193344,LQDB
1920,TRUIST FINANCIAL CORP MTN,Banking,4.96,2036-10-23,8174000,0.00023141674195854527,0.731208707189878,330000.0,0.00024680005665272866,QLTA
1921,LOCKHEED MARTIN CORPORATION,Capital Goods,4.4,2030-08-15,7848000,0.00023141674195854527,0.726104662583393,270000.0,0.00020192731907950524,QLTA
1922,CONSOLIDATED EDISON COMPANY OF NEW,Electric,3.95,2050-04-01,10404000,0.00023131599457414887,0.7614610142049397,309000.0,0.00023109459850210047,QLTA
1923,COCA-COLA CO,Consumer Non-Cyclical,3.0,2051-03-05,12186000,0.00023131599457414887,0.7812876207743474,487000.0,0.0003642170533026632,QLTA
1924,RTX CORP,Capital Goods,6.0,2031-03-15,7408000,0.00023131599457414887,0.7188688701254093,,,
1925,CVS HEALTH CORP,Consumer Non-Cyclical,3.75,2030-04-01,8128000,0.00023111449980535602,0.730500970451132,50000.0,0.0008220439300276207,LQDB
1926,BHP BILLITON FINANCE (USA) LTD,Basic Industry,5.5,2053-09-08,8093000,0.00023111449980535602,0.7299597867119286,330000.0,0.00024680005665272866,QLTA
1927,ENBRIDGE INC,Energy,5.45,2036-03-27,7812000,0.00023111449980535602,0.7255280751762097,20000.0,0.00032881757201104825,LQDB
1928,PROLOGIS LP,Reits,5.25,2054-03-15,8493000,0.00023091300503656322,0.7360097981270339,295000.0,0.00022062429306834834,QLTA
1929,CROWN CASTLE INC,Communications,3.3,2030-07-01,8418000,0.00023091300503656322,0.734897430179776,,,
1930,PHILIP MORRIS INTERNATIONAL INC,Consumer Non-Cyclical,4.25,2032-10-29,8154000,0.00023091300503656322,0.7309014862127443,355000.0,0.0002654970306415717,QLTA
1931,ENTERPRISE PRODUCTS OPERATING LLC,Energy,4.95,2035-02-15,7887000,0.00023091300503656322,0.7267263218247092,125000.0,9.34848699442154e-05,QLTA
1932,ALEXANDRIA REAL ESTATE EQUITIES IN,Reits,5.25,2036-03-15,8020000,0.00023071151026777043,0.7288234603832889,,,
1933,HOME DEPOT INC,Consumer Cyclical,2.75,2051-09-15,13203000,0.00023061076288337403,0.7913398282785603,332000.0,0.0002482958145718361,QLTA
1934,ALTRIA GROUP INC,Consumer Non-Cyclical,3.7,2051-02-04,11428000,0.00023061076288337403,0.7732337895973224,65000.0,0.0010686571090359068,LQDB
1935,ATHENE HOLDING LTD,Insurance,6.25,2054-04-01,8594000,0.00023061076288337403,0.7374923648821732,,,
1936,BARCLAYS PLC,Banking,6.04,2055-03-12,7740000,0.0002304092681145812,0.7243668859527668,,,
1937,CHARTER COMMUNICATIONS OPERATING L,Communications,4.4,2061-12-01,12686000,0.0002304092681145812,0.7863304174049885,20000.0,0.00032881757201104825,LQDB
1938,ONCOR ELECTRIC DELIVERY COMPANY LL 144A,Electric,4.5,2031-03-15,7901000,0.00023030852073018478,0.7269487320124782,355000.0,0.0002654970306415717,QLTA
1939,T-MOBILE USA INC,Communications,5.2,2033-01-15,7874000,0.00023030852073018478,0.72651944429262,,,
1940,COMCAST CORPORATION,Communications,3.4,2046-07-15,12272000,0.00023010702596139198,0.7821695483973236,387000.0,0.00028942915734729086,QLTA
1941,BHP BILLITON FINANCE (USA) LTD,Basic Industry,5.0,2030-02-21,7648000,0.00023000627857699558,0.7228673238050576,270000.0,0.00020192731907950524,QLTA
1942,SOUTHERN CALIFORNIA EDISON COMPANY,Electric,4.13,2048-03-01,10532000,0.00022990553119259916,0.7629944843186391,387000.0,0.00028942915734729086,QLTA
1943,WILLIAMS COMPANIES INC,Energy,3.5,2030-11-15,8279000,0.00022990553119259916,0.7328093843288624,,,
1944,CAMPBELLS CO,Consumer Non-Cyclical,4.75,2035-03-23,8414000,0.00022990553119259916,0.7348378258344774,20000.0,0.00032881757201104825,LQDB
1945,MCDONALDS CORPORATION MTN,Consumer Cyclical,2.13,2030-03-01,8526000,0.00022980478380820276,0.7364961315204642,,,
1946,WALMART INC,Consumer Cyclical,5.25,2035-09-01,7571000,0.00022960328903940996,0.7215983228210386,150000.0,0.00011218184393305848,QLTA
1947,MCDONALDS CORPORATION MTN,Consumer Cyclical,4.95,2035-03-03,7853000,0.00022960328903940996,0.7261845349127903,40000.0,0.0006576351440220965,LQDB
1948,BRISTOL-MYERS SQUIBB CO,Consumer Non-Cyclical,4.55,2048-02-20,9293000,0.0002294017942706171,0.7472988762602447,449000.0,0.0003357976528396217,QLTA
1949,BERKSHIRE HATHAWAY INC,Insurance,4.5,2043-02-11,8729000,0.0002294017942706171,0.7394470333191204,307000.0,0.00022959884058299302,QLTA
1950,INTERNATIONAL BUSINESS MACHINES CO,Technology,4.4,2032-07-27,7999000,0.00022930104688622071,0.728494655857195,195000.0,0.000145836397112976,QLTA
1951,METLIFE INC,Insurance,5.38,2033-07-15,7698000,0.00022920029950182432,0.723684526880218,375000.0,0.0002804546098326462,QLTA
1952,MERCK & CO INC,Consumer Non-Cyclical,5.15,2063-05-17,8893000,0.00022920029950182432,0.7417813234555705,355000.0,0.0002654970306415717,QLTA
1953,INTEL CORPORATION,Technology,5.15,2034-02-21,7784000,0.00022920029950182432,0.7250777783184494,110000.0,0.0018084966460607656,LQDB
1954,MITSUBISHI UFJ FINANCIAL GROUP INC,Banking,2.49,2032-10-13,8844000,0.00022909955211742792,0.7410884232920865,352000.0,0.00026325339376291054,QLTA
1955,AMAZON.COM INC,Consumer Cyclical,4.65,2029-12-01,7777000,0.00022909955211742792,0.7249649510142601,455000.0,0.000340284926596944,QLTA
1956,S&P GLOBAL INC,Technology,2.9,2032-03-01,8590000,0.00022909955211742792,0.7374339814825397,510000.0,0.0003814182693723988,QLTA
1957,DEVON ENERGY CORPORATION,Energy,5.75,2054-09-15,8219000,0.00022909955211742792,0.7318972149043532,,,
1958,UNITEDHEALTH GROUP INC,Insurance,5.0,2034-04-15,7841000,0.00022909955211742792,0.7259927557901898,386000.0,0.0002886812783877371,QLTA
1959,BANK OF NOVA SCOTIA (FXD-FRN) MTN,Banking,4.34,2031-09-15,7924000,0.00022879730996423872,0.7273132660351433,275000.0,0.00020566671387727386,QLTA
1960,PHILIP MORRIS INTERNATIONAL INC,Consumer Non-Cyclical,4.75,2031-11-01,7791000,0.0002286965625798423,0.7251905042048237,235000.0,0.00017575155549512495,QLTA
1961,ABBVIE INC,Consumer Non-Cyclical,4.85,2044-06-15,8747000,0.00022859581519544587,0.7397053689246249,369000.0,0.00027596733607532383,QLTA
1962,MCDONALDS CORPORATION MTN,Consumer Cyclical,5.45,2053-08-14,8220000,0.00022859581519544587,0.7319124722241781,45000.0,0.0007398395370248586,LQDB
1963,DELL INTERNATIONAL LLC,Technology,4.85,2035-02-01,7927000,0.00022839432042665307,0.7273607359266245,50000.0,0.0008220439300276207,LQDB
1964,NATWEST GROUP PLC,Banking,4.96,2030-08-15,7646000,0.00022829357304225668,0.722834524657454,490000.0,0.00036646069018132435,QLTA
1965,GILEAD SCIENCES INC,Consumer Non-Cyclical,5.1,2035-06-15,7818000,0.00022819282565786025,0.7256243573614743,390000.0,0.000291672794225952,QLTA
1966,DELL INTERNATIONAL LLC,Technology,5.0,2030-04-01,7670000,0.00022819282565786025,0.7232275493932857,,,
1967,HCA INC,Consumer Non-Cyclical,5.25,2030-03-01,7583000,0.00022809207827346385,0.7217969358336187,,,
1968,TARGA RESOURCES CORP,Energy,5.5,2035-02-15,7639000,0.00022799133088906745,0.7227196600395406,10000.0,0.00016440878600552412,LQDB
1969,ELI LILLY AND COMPANY,Consumer Non-Cyclical,5.7,2066-05-20,8017000,0.00022778983612027466,0.7287765410561292,390000.0,0.000291672794225952,QLTA
1970,UNITEDHEALTH GROUP INC,Insurance,4.65,2031-01-15,7841000,0.00022778983612027466,0.7259927557901898,232000.0,0.00017350791861646378,QLTA
1971,NORTHROP GRUMMAN CORP,Capital Goods,4.4,2030-05-01,7806000,0.0002274875939670854,0.7254317190130771,,,
1972,CONSTELLATION ENERGY GENERATION LL,Electric,4.4,2031-01-15,7949000,0.0002271853518138962,0.7277083005082867,50000.0,0.0008220439300276207,LQDB
1973,US BANCORP MTN,Banking,2.68,2033-01-27,8681000,0.00022708460442949981,0.7387555253146166,230000.0,0.00017201216069735633,QLTA
1974,APOLLO DEBT SOLUTIONS BDC 144A,Finance Companies,5.7,2031-01-23,7729000,0.0002269838570451034,0.7241885314147698,,,
1975,TYSON FOODS INC,Consumer Non-Cyclical,5.7,2034-03-15,7475000,0.0002269838570451034,0.7199979922044275,10000.0,0.00016440878600552412,LQDB
1976,CARRIER GLOBAL CORP,Capital Goods,3.58,2050-04-05,10860000,0.00022688310966070696,0.7668404918985422,48000.0,0.0007891621728265158,LQDB
1977,FLORIDA POWER & LIGHT CO,Electric,4.8,2033-05-15,7806000,0.00022678236227631057,0.7254317190130771,245000.0,0.00018323034509066217,QLTA
1978,WILLIAMS COMPANIES INC,Energy,5.6,2035-03-15,7555000,0.00022668161489191417,0.7213330152194619,80000.0,0.001315270288044193,LQDB
1979,STARBUCKS CORPORATION,Consumer Cyclical,3.0,2032-02-14,8421000,0.00022668161489191417,0.7349421148551631,60000.0,0.0009864527160331447,LQDB
1980,GE VERNOVA INC,Capital Goods,5.5,2056-02-04,8070000,0.00022668161489191417,0.7296028758203509,30000.0,0.0004932263580165724,LQDB
1981,JOHNSON & JOHNSON,Consumer Non-Cyclical,4.7,2030-03-01,7568000,0.00022668161489191417,0.7215486203802741,320000.0,0.0002393212670571914,QLTA
1982,METLIFE INC,Insurance,4.55,2030-03-23,7678000,0.00022668161489191417,0.7233582843961575,465000.0,0.00034776371619248125,QLTA
1983,CHENIERE ENERGY PARTNERS LP,Energy,4.5,2029-10-01,7721000,0.00022658086750751777,0.724058659516926,25000.0,0.00041102196501381036,LQDB
1984,INTERNATIONAL BUSINESS MACHINES CO,Technology,5.7,2055-02-10,8399000,0.00022648012012312134,0.7346140568936212,295000.0,0.00022062429306834834,QLTA
1985,BANK OF AMERICA CORP MTN,Banking,3.95,2049-01-23,9958000,0.00022648012012312134,0.7559663957796258,339000.0,0.00025353096728871215,QLTA
1986,INTERCONTINENTAL EXCHANGE INC,Brokerage/Asset Managers/Exchanges,3.0,2060-09-15,13506000,0.00022637937273872494,0.7941853196779725,482000.0,0.00036047765850489455,QLTA
1987,NORTHERN TRUST CORPORATION,Banking,1.95,2030-05-01,8515000,0.00022637937273872494,0.7363342298558648,500000.0,0.0003739394797768616,QLTA
1988,TARGA RESOURCES CORP,Energy,6.13,2033-03-15,7269000,0.00022627862535432855,0.7164934297397871,20000.0,0.00032881757201104825,LQDB
1989,PACIFICORP,Electric,5.35,2053-12-01,8876000,0.00022627862535432855,0.7415413629813774,,,
1990,GENERAL MOTORS FINANCIAL COMPANY I,Consumer Cyclical,5.45,2030-07-15,7623000,0.00022617787796993215,0.7224567166012696,,,
1991,SEMPRA,Natural Gas,5.25,2036-03-15,7823000,0.00022617787796993215,0.725704536086888,,,
1992,TOTALENERGIES CAPITAL USA LLC,Energy,4.86,2036-01-13,8008000,0.00022617787796993215,0.72863567765769,,,
1993,APPLE INC,Technology,2.8,2061-02-08,13813000,0.00022607713058553575,0.7970039979307025,640000.0,0.0004786425341143828,QLTA
1994,AMERICAN WATER CAPITAL CORP,Utility Other,5.25,2035-03-01,7588000,0.0002257748884323465,0.7218795985089124,,,
1995,BIOGEN INC,Consumer Non-Cyclical,5.2,2045-09-15,8400000,0.0002256741410479501,0.7346289872514158,25000.0,0.00041102196501381036,LQDB
1996,BURLINGTON NORTHERN SANTA FE LLC,Transportation,4.9,2044-04-01,8416000,0.0002256741410479501,0.7348676315482594,309000.0,0.00023109459850210047,QLTA
1997,SHERWIN-WILLIAMS COMPANY (THE),Basic Industry,4.5,2047-06-01,9410000,0.0002256741410479501,0.7488679158367564,25000.0,0.00041102196501381036,LQDB
1998,INTERNATIONAL BUSINESS MACHINES CO,Technology,4.75,2033-02-06,7735000,0.0002256741410479501,0.7242858471517902,195000.0,0.000145836397112976,QLTA
1999,COMCAST CORPORATION,Communications,6.05,2055-05-15,8309000,0.0002254726462791573,0.7332629929985347,335000.0,0.00025053945145049725,QLTA
2000,BERKSHIRE HATHAWAY ENERGY CO,Electric,4.45,2049-01-15,9649000,0.0002254726462791573,0.7520133036655725,277000.0,0.0002071624717963813,QLTA
2001,REALTY INCOME CORPORATION,Reits,5.63,2032-10-13,7390000,0.00022527115151036448,0.718563783379098,355000.0,0.0002654970306415717,QLTA
2002,METLIFE INC,Insurance,5.88,2041-02-06,7419000,0.00022517040412596806,0.7190549473082124,385000.0,0.00028793339942818344,QLTA
2003,GENERAL MOTORS FINANCIAL COMPANY I,Consumer Cyclical,5.85,2030-04-06,7376000,0.00022496890935717526,0.7183259794933936,60000.0,0.0009864527160331447,LQDB
2004,DIAGEO CAPITAL PLC,Consumer Non-Cyclical,2.0,2030-04-29,8467000,0.00022486816197277886,0.7356252935753679,370000.0,0.00027671521503487757,QLTA
2005,EOG RESOURCES INC,Energy,4.38,2030-04-15,7689000,0.00022466666720398604,0.7235378227806484,182000.0,0.00013611397063877762,QLTA
2006,PUBLIC SERVICE COMPANY OF COLORADO,Electric,5.15,2035-09-15,7704000,0.00022456591981958964,0.7237822343570323,215000.0,0.00016079397630405047,QLTA
2007,QUEST DIAGNOSTICS INCORPORATED,Consumer Non-Cyclical,5.0,2034-12-15,7779000,0.00022446517243519324,0.7249971977462832,,,
2008,UBS AG (LONDON BRANCH),Banking,4.5,2048-06-26,9172000,0.00022446517243519324,0.745655277065719,449000.0,0.0003357976528396217,QLTA
2009,DEERE & CO,Capital Goods,5.7,2055-01-19,7737000,0.00022436442505079684,0.724318268956559,190000.0,0.0001420970023152074,QLTA
2010,CONSTELLATION ENERGY GENERATION LL,Electric,5.3,2036-06-01,7751000,0.000224162930282004,0.7245449871952274,30000.0,0.0004932263580165724,LQDB
2011,WESTERN MIDSTREAM OPERATING LP,Energy,5.45,2034-11-15,7701000,0.000224162930282004,0.7237333901343516,30000.0,0.0004932263580165724,LQDB
2012,UNITEDHEALTH GROUP INC,Insurance,5.95,2055-06-15,7656000,0.0002240621828976076,0.7229984346796735,235000.0,0.00017575155549512495,QLTA
2013,SANTANDER HOLDINGS USA INC,Banking,5.74,2031-03-20,7398000,0.0002239614355132112,0.718699469126873,100000.0,0.0016440878600552415,LQDB
2014,UNION PACIFIC CORPORATION,Transportation,5.6,2054-12-01,7921000,0.0002238606881288148,0.7272657781683162,255000.0,0.0001907091346861994,QLTA
2015,ENERGY TRANSFER LP,Energy,6.13,2045-12-15,7854000,0.000223659193360022,0.7262005032759808,,,
2016,NVIDIA CORPORATION,Technology,3.5,2040-04-01,9356000,0.000223659193360022,0.748146182291048,257000.0,0.00019220489260530685,QLTA
2017,SMURFIT KAPPA TREASURY UNLIMITED C,Basic Industry,5.78,2054-04-03,7784000,0.00022355844597562557,0.7250777783184494,,,
2018,FISERV INC,Technology,4.75,2030-03-15,7626000,0.00022355844597562557,0.7225060605091056,25000.0,0.00041102196501381036,LQDB
2019,SMURFIT WESTROCK FINANCING DAC,Basic Industry,5.42,2035-01-15,7669000,0.00022355844597562557,0.7232111979309577,,,
2020,EVERSOURCE ENERGY,Electric,5.13,2033-05-15,7653000,0.00022325620382243635,0.7229492841636035,15000.0,0.0002466131790082862,LQDB
2021,ALPHABET INC,Technology,1.9,2040-08-15,11726000,0.00022325620382243635,0.776462044814013,335000.0,0.00025053945145049725,QLTA
2022,AT&T INC,Communications,4.55,2049-03-09,9675000,0.00022325620382243635,0.7523507698228274,,,
2023,BANCO SANTANDER SA,Banking,5.44,2036-04-15,7624000,0.00022285321428485073,0.7224731667278949,245000.0,0.00018323034509066217,QLTA
2024,CVS HEALTH CORP,Consumer Non-Cyclical,5.0,2032-09-15,7550000,0.00022275246690045433,0.7212499913566828,,,
2025,FISERV INC,Technology,2.65,2030-06-01,8320000,0.00022265171951605793,0.7334289059389195,65000.0,0.0010686571090359068,LQDB
2026,MERCK & CO INC,Consumer Non-Cyclical,4.9,2044-05-17,8432000,0.00022265171951605793,0.7351058225793093,195000.0,0.000145836397112976,QLTA
2027,AMPHENOL CORPORATION,Capital Goods,4.13,2030-11-15,7768000,0.00022265171951605793,0.7248197380213447,275000.0,0.00020566671387727386,QLTA
2028,ELI LILLY AND COMPANY,Consumer Non-Cyclical,4.25,2031-03-15,7646000,0.0002225509721316615,0.722834524657454,305000.0,0.00022810308266388556,QLTA
2029,KINDER MORGAN ENERGY PARTNERS LP,Energy,5.5,2044-03-01,8015000,0.00022234947736286868,0.728745251749543,30000.0,0.0004932263580165724,LQDB
2030,SIMON PROPERTY GROUP LP,Reits,3.25,2049-09-13,11294000,0.0002220472352096795,0.7717546235732586,375000.0,0.0002804546098326462,QLTA
2031,VODAFONE GROUP PLC,Communications,5.88,2064-06-28,8344000,0.0002220472352096795,0.7337901377013495,15000.0,0.0002466131790082862,LQDB
2032,ENTERPRISE PRODUCTS OPERATING LLC,Energy,5.35,2033-01-31,7286000,0.0002219464878252831,0.7167863777510484,394000.0,0.0002946643100641669,QLTA
2033,DEUTSCHE BANK AG (NEW YORK BRANCH),Banking,4.47,2031-12-10,7741000,0.0002218457404408867,0.7243830874307491,230000.0,0.00017201216069735633,QLTA
2034,RAYTHEON TECHNOLOGIES CORPORATION,Capital Goods,1.9,2031-09-01,8685000,0.0002218457404408867,0.7388132968416765,,,
2035,VIATRIS INC,Consumer Non-Cyclical,4.0,2050-06-22,11275000,0.00022174499305649024,0.771543471654635,30000.0,0.0004932263580165724,LQDB
2036,SUMITOMO MITSUI FINANCIAL GROUP IN,Banking,5.24,2030-04-15,7397000,0.00022154349828769744,0.7186825164347017,345000.0,0.0002580182410460345,QLTA
2037,INTERCONTINENTAL EXCHANGE INC,Brokerage/Asset Managers/Exchanges,5.2,2062-06-15,8678000,0.00022154349828769744,0.7387121791974224,560000.0,0.000418812217350085,QLTA
2038,CONSOLIDATED EDISON COMPANY OF NEW,Electric,5.9,2053-11-15,7692000,0.00022134200351890465,0.7235867432182289,360000.0,0.00026923642543934034,QLTA
2039,MITSUBISHI UFJ FINANCIAL GROUP INC,Banking,2.85,2033-01-19,8503000,0.00022124125613450822,0.7361573711496494,432000.0,0.0003230837105272084,QLTA
2040,METLIFE INC,Insurance,5.7,2035-06-15,7347000,0.00022124125613450822,0.7178319465697237,326000.0,0.00024380854081451376,QLTA
2041,ABBVIE INC,Consumer Non-Cyclical,5.2,2035-03-15,7434000,0.00022124125613450822,0.7193082447890877,280000.0,0.0002094061086750425,QLTA
2042,CONSTELLATION ENERGY GENERATION LL,Electric,6.5,2053-10-01,7124000,0.00022124125613450822,0.71396654743019,,,
2043,CVS HEALTH CORP,Consumer Non-Cyclical,3.25,2029-08-15,7804000,0.00022114050875011182,0.7253995838328507,,,
2044,ALEXANDRIA REAL ESTATE EQUITIES IN,Reits,3.38,2031-08-15,8145000,0.00022114050875011182,0.7307629908478707,,,
2045,TEXAS INSTRUMENTS INC,Technology,5.15,2054-02-08,8144000,0.00022114050875011182,0.7307475930284458,190000.0,0.0001420970023152074,QLTA
2046,GENERAL MOTORS CO,Consumer Cyclical,5.95,2049-04-01,7920000,0.00022103976136571542,0.7272499448824992,15000.0,0.0002466131790082862,LQDB
2047,BOSTON PROPERTIES LP,Reits,6.5,2034-01-15,7212000,0.00022103976136571542,0.7155061682652982,20000.0,0.00032881757201104825,LQDB
2048,COMCAST CORPORATION,Communications,5.3,2035-05-15,7603000,0.00022103976136571542,0.7221272601129646,295000.0,0.00022062429306834834,QLTA
2049,INTEL CORPORATION,Technology,4.8,2041-10-01,8536000,0.00022103976136571542,0.736643133694309,,,
2050,FEDEX FREIGHT HOLDING COMPANY INC 144A,Transportation,5.25,2036-03-15,7697000,0.00022093901398131903,0.7236682348970644,30000.0,0.0004932263580165724,LQDB
2051,GLOBAL PAYMENTS INC,Technology,5.2,2032-11-15,7731000,0.0002208382665969226,0.7242209783852348,40000.0,0.0006576351440220965,LQDB
2052,BANK OF NOVA SCOTIA (FXD-FRN) MTN,Banking,4.81,2034-02-02,7585000,0.00022073751921252617,0.7218300074424989,337000.0,0.0002520352093696047,QLTA
2053,APPLE INC,Technology,3.35,2032-08-08,7949000,0.00022073751921252617,0.7277083005082867,355000.0,0.0002654970306415717,QLTA
2054,COCA-COLA CO,Consumer Non-Cyclical,2.6,2050-06-01,12650000,0.00022053602444373338,0.7859740332493498,535000.0,0.0004001152433612419,QLTA
2055,ABBVIE INC,Consumer Non-Cyclical,5.35,2044-03-15,7804000,0.00022053602444373338,0.7253995838328507,310000.0,0.00023184247746165418,QLTA
2056,VICI PROPERTIES LP,Consumer Cyclical,5.13,2031-11-15,7583000,0.00022033452967494058,0.7217969358336187,20000.0,0.00032881757201104825,LQDB
2057,COCA-COLA CO,Consumer Non-Cyclical,2.5,2051-03-15,12938000,0.00022023378229054418,0.7887971453964082,523000.0,0.0003911406958465972,QLTA
2058,INTEL CORPORATION,Technology,4.0,2032-12-15,8042000,0.00022023378229054418,0.7291670001178888,,,
2059,KROGER CO,Consumer Non-Cyclical,4.45,2047-02-01,9131000,0.00022013303490614778,0.7450934328056212,33000.0,0.0005425489938182297,LQDB
2060,ANALOG DEVICES INC,Technology,2.1,2031-10-01,8545000,0.00022013303490614778,0.7367752884821755,420000.0,0.0003141091630125637,QLTA
2061,BROOKFIELD ASSET MANAGEMENT LTD,Brokerage/Asset Managers/Exchanges,5.79,2035-04-24,7382000,0.00022013303490614778,0.7184279506659565,195000.0,0.000145836397112976,QLTA
2062,CORNING INC,Technology,5.45,2079-11-15,8416000,0.00022003228752175133,0.7348676315482594,17000.0,0.000279494936209391,LQDB
2063,AUTOMATIC DATA PROCESSING INC,Technology,4.75,2032-05-08,7505000,0.00022003228752175133,0.7205002927697329,360000.0,0.00026923642543934034,QLTA
2064,HCA INC,Consumer Non-Cyclical,5.5,2032-03-01,7278000,0.00022003228752175133,0.716648605103138,,,
2065,MCDONALDS CORPORATION MTN,Consumer Cyclical,5.15,2052-09-09,8318000,0.00021983079275295853,0.7333987562717118,,,
2066,ARTHUR J GALLAGHER & CO,Insurance,4.85,2029-12-15,7476000,0.00021983079275295853,0.7200147680107728,20000.0,0.00032881757201104825,LQDB
2067,CANADIAN IMPERIAL BANK OF COMMERCE,Banking,3.6,2032-04-07,8019000,0.00021983079275295853,0.7288078225579496,300000.0,0.00022436368786611695,QLTA
2068,BERKSHIRE HATHAWAY FINANCE CORP,Insurance,2.85,2050-10-15,12169000,0.00021973004536856214,0.7811125496572265,395000.0,0.00029541218902372066,QLTA
2069,BROOKFIELD FINANCE INC,Brokerage/Asset Managers/Exchanges,4.7,2047-09-20,8985000,0.00021973004536856214,0.7430720266144734,272000.0,0.0002034230769986127,QLTA
2070,BURLINGTON NORTHERN SANTA FE LLC,Transportation,3.3,2051-09-15,11190000,0.00021962929798416574,0.770594467267263,291000.0,0.00021763277723013344,QLTA
2071,TRAVELERS COMPANIES INC,Insurance,5.45,2053-05-25,7968000,0.0002195285505997693,0.7280076966752183,100000.0,7.478789595537231e-05,QLTA
2072,EXXON MOBIL CORP,Energy,3.1,2049-08-16,11274000,0.0002195285505997693,0.7715323485413944,555000.0,0.00041507282255231635,QLTA
2073,NOMURA HOLDINGS INC,Brokerage/Asset Managers/Exchanges,3.0,2032-01-22,8396000,0.00021942780321537291,0.7345692551520977,,,
2074,CROWN CASTLE INC,Communications,5.1,2033-05-01,7583000,0.00021922630844658012,0.7217969358336187,,,
2075,VISA INC,Technology,2.7,2040-04-15,10015000,0.0002191255610621837,0.7566821870172656,256000.0,0.00019145701364575314,QLTA
2076,LABORATORY CORPORATION OF AMERICA,Consumer Non-Cyclical,4.8,2034-10-01,7683000,0.00021902481367778727,0.7234399246178724,35000.0,0.0005754307510193344,LQDB
2077,HP INC,Technology,5.5,2033-01-15,7407000,0.00021902481367778727,0.7188519403190863,25000.0,0.00041102196501381036,LQDB
2078,SEMPRA,Natural Gas,6.0,2039-10-15,7309000,0.00021902481367778727,0.7171816330865853,15000.0,0.0002466131790082862,LQDB
2079,FEDEX CORP,Transportation,5.25,2050-05-15,8229000,0.00021902481367778727,0.7320497046363559,35000.0,0.0005754307510193344,LQDB
2080,TARGA RESOURCES CORP,Energy,6.13,2055-05-15,7635000,0.00021902481367778727,0.7226539758478349,25000.0,0.00041102196501381036,LQDB
2081,MICROSOFT CORPORATION,Technology,2.5,2050-09-15,13127000,0.00021892406629339087,0.7906158632561091,485000.0,0.0003627212953835557,QLTA
2082,SAN DIEGO GAS & ELECTRIC CO,Electric,5.4,2035-04-15,7362000,0.00021892406629339087,0.7180877238155331,254000.0,0.0001899612557266457,QLTA
2083,EXELON CORPORATION,Electric,4.95,2036-03-15,7686000,0.00021882331890899447,0.7234888832521649,30000.0,0.0004932263580165724,LQDB
2084,PROLOGIS LP,Reits,5.25,2035-05-15,7464000,0.00021872257152459807,0.7198133100716302,220000.0,0.0001645333711018191,QLTA
2085,DIAGEO INVESTMENT CORPORATION,Consumer Non-Cyclical,5.13,2030-08-15,7247000,0.00021862182414020167,0.7161133018814726,190000.0,0.0001420970023152074,QLTA
2086,AMERICAN INTERNATIONAL GROUP INC,Insurance,4.38,2050-06-30,9308000,0.00021862182414020167,0.7475011356559728,713000.0,0.0005332376981618046,QLTA
2087,MIZUHO FINANCIAL GROUP (FXD-FXD),Banking,4.96,2032-07-13,7550000,0.00021862182414020167,0.7212499913566828,400000.0,0.00029915158382148925,QLTA
2088,CATERPILLAR INC,Capital Goods,5.2,2041-05-27,7577000,0.00021862182414020167,0.721697668646261,269000.0,0.00020117944011995153,QLTA
2089,OREILLY AUTOMOTIVE INC,Consumer Cyclical,4.7,2032-06-15,7555000,0.00021852107675580527,0.7213330152194619,10000.0,0.00016440878600552412,LQDB
2090,GILEAD SCIENCES INC,Consumer Non-Cyclical,5.5,2054-11-15,7842000,0.00021852107675580527,0.7260087485900774,185000.0,0.00013835760751743878,QLTA
2091,APPLE INC,Technology,4.25,2047-02-09,8990000,0.00021842032937140888,0.7431417943715704,343000.0,0.00025652248312692705,QLTA
2092,HUMANA INC,Insurance,5.55,2035-05-01,7473000,0.00021842032937140888,0.7199644338579209,,,
2093,ASTRAZENECA PLC,Consumer Non-Cyclical,1.38,2030-08-06,8450000,0.00021821883460261603,0.7353732478343807,460000.0,0.00034402432139471267,QLTA
2094,KINDER MORGAN INC,Energy,5.3,2034-12-01,7458000,0.00021821883460261603,0.7197124596117139,,,
2095,AT&T INC,Communications,4.85,2039-03-01,8062000,0.00021811808721821963,0.729478494416505,35000.0,0.0005754307510193344,LQDB
2096,TARGA RESOURCES PARTNERS LP,Energy,4.0,2032-01-15,7904000,0.00021811808721821963,0.7269963400637227,,,
2097,UNITEDHEALTH GROUP INC,Insurance,4.25,2048-06-15,9438000,0.00021811808721821963,0.7492405191588338,445000.0,0.0003328061370014068,QLTA
2098,MIZUHO FINANCIAL GROUP (FXD-FXD),Banking,5.34,2037-07-13,7611000,0.00021811808721821963,0.7222591465877439,400000.0,0.00029915158382148925,QLTA
2099,ENERGY TRANSFER LP,Energy,6.4,2030-12-01,7028000,0.00021801733983382323,0.7122651188656779,,,
2100,PACIFIC GAS AND ELECTRIC COMPANY,Electric,5.9,2054-10-01,7983000,0.00021801733983382323,0.7282435582082518,,,
2101,STRYKER CORPORATION,Consumer Non-Cyclical,4.63,2034-09-11,7605000,0.00021801733983382323,0.7221602447370759,15000.0,0.0002466131790082862,LQDB
2102,GLOBAL PAYMENTS INC,Technology,5.4,2032-08-15,7358000,0.0002176143502962376,0.7180195675420362,,,
2103,KEURIG DR PEPPER INC,Consumer Non-Cyclical,4.5,2052-04-15,9451000,0.0002176143502962376,0.7494131379612394,35000.0,0.0005754307510193344,LQDB
2104,JBS USA LUX SA,Consumer Non-Cyclical,3.0,2032-05-15,8400000,0.0002175136029118412,0.7346289872514158,105000.0,0.0017262922530580035,LQDB
2105,EQUINIX EUROPE 2 FINANCING CORPORA,Technology,4.7,2033-03-15,7599000,0.0002175136029118412,0.7220612648265331,,,
2106,STARBUCKS CORPORATION,Consumer Cyclical,4.45,2049-08-15,9144000,0.0002175136029118412,0.7452718512238874,21000.0,0.0003452584506116007,LQDB
2107,STATE STREET CORP,Banking,2.4,2030-01-24,7906000,0.00021741285552744478,0.7270280687268008,85000.0,6.356971156206647e-05,QLTA
2108,DELL INTERNATIONAL LLC,Technology,5.5,2035-04-01,7260000,0.00021731210814304836,0.7163380621293955,,,
2109,AMERICAN TOWER CORPORATION,Communications,5.9,2033-11-15,7147000,0.00021731210814304836,0.7143707764149463,45000.0,0.0007398395370248586,LQDB
2110,PNC FINANCIAL SERVICES GROUP INC,Banking,5.46,2037-07-21,7470000,0.00021721136075865196,0.7199140794946073,290000.0,0.00021688489827057972,QLTA
2111,GLAXOSMITHKLINE CAPITAL INC,Consumer Non-Cyclical,4.88,2035-04-15,7513000,0.00021721136075865196,0.7206339004959383,266000.0,0.00019893580324129037,QLTA
2112,WASTE CONNECTIONS INC,Capital Goods,5.0,2034-03-01,7360000,0.00021711061337425556,0.7180536503089663,232000.0,0.00017350791861646378,QLTA
2113,T-MOBILE USA INC,Communications,6.0,2054-06-15,7774000,0.00021711061337425556,0.7249165653638057,15000.0,0.0002466131790082862,LQDB
2114,LOWES COMPANIES INC,Consumer Cyclical,2.8,2041-09-15,10553000,0.00021700986598985916,0.7632442883702286,,,
2115,CARDINAL HEALTH INC,Consumer Non-Cyclical,5.35,2034-11-15,7368000,0.00021700986598985916,0.7181898888233401,10000.0,0.00016440878600552412,LQDB
2116,WESTPAC BANKING CORP,Banking,3.13,2041-11-18,10155000,0.00021690911860546276,0.758423122820981,255000.0,0.0001907091346861994,QLTA
2117,GATX CORPORATION,Finance Companies,6.05,2054-06-05,7533000,0.00021690911860546276,0.7209672983797858,15000.0,0.0002466131790082862,LQDB
2118,AERCAP IRELAND CAPITAL DAC,Finance Companies,5.38,2031-12-15,7321000,0.00021680837122106637,0.7173873597877825,,,
2119,DELL INTERNATIONAL LLC,Technology,5.3,2029-10-01,7208000,0.00021670762383666997,0.715436594038744,,,
2120,QUALCOMM INCORPORATED,Technology,4.5,2052-05-20,9204000,0.00021660687645227352,0.7460920473466521,365000.0,0.00027297582023710893,QLTA
2121,BROOKFIELD FINANCE INC,Brokerage/Asset Managers/Exchanges,5.97,2054-03-04,7571000,0.00021640538168348072,0.7215983228210386,315000.0,0.0002355818722594228,QLTA
2122,COMCAST CORPORATION,Communications,3.9,2038-03-01,8829000,0.00021640538168348072,0.7408755433561486,631000.0,0.0004719116234783993,QLTA
2123,MIZUHO FINANCIAL GROUP INC,Banking,2.2,2031-07-10,8227000,0.00021620388691468792,0.7320192215199812,326000.0,0.00024380854081451376,QLTA
2124,INTEL CORPORATION,Technology,4.9,2045-07-29,8589000,0.0002161031395302915,0.7374193813847124,15000.0,0.0002466131790082862,LQDB
2125,MIZUHO FINANCIAL GROUP INC,Banking,2.56,2031-09-13,8311000,0.0002160023921458951,0.7332931753188121,,,
2126,BARCLAYS PLC,Banking,2.67,2032-03-10,8175000,0.0002159016447614987,0.7312240485000869,,,
2127,DUKE ENERGY PROGRESS LLC,Electric,5.55,2055-03-15,7690000,0.0002159016447614987,0.7235541317136511,254000.0,0.0001899612557266457,QLTA
2128,ZOETIS INC,Consumer Non-Cyclical,5.0,2035-08-17,7428000,0.0002158008973771023,0.7192069871815299,35000.0,0.0005754307510193344,LQDB
2129,PRUDENTIAL FINANCIAL INC,Insurance,3.94,2049-12-07,9988000,0.0002158008973771023,0.7563436372356964,363000.0,0.0002714800623180015,QLTA
2130,MCDONALDS CORPORATION MTN,Consumer Cyclical,6.3,2037-10-15,6784000,0.00021570014999270588,0.7078338093443811,,,
2131,AMCOR FLEXIBLES NORTH AMERICA INC,Capital Goods,5.5,2035-03-17,7215000,0.00021570014999270588,0.7155583236164959,35000.0,0.0005754307510193344,LQDB
2132,KEYBANK NATIONAL ASSOCIATION,Banking,4.9,2032-08-08,7427000,0.00021570014999270588,0.7191901029620297,,,
2133,CARRIER GLOBAL CORP,Capital Goods,2.7,2031-02-15,7996000,0.00021559940260830945,0.7284476133282981,15000.0,0.0002466131790082862,LQDB
2134,HALLIBURTON COMPANY,Energy,4.75,2043-08-01,8383000,0.00021559940260830945,0.7343749291078604,,,
2135,EBAY INC,Consumer Cyclical,3.65,2051-05-10,10379000,0.00021549865522391305,0.7611593070389027,30000.0,0.0004932263580165724,LQDB
2136,SMURFIT WESTROCK FINANCING DAC,Basic Industry,5.18,2036-01-15,7561000,0.00021549865522391305,0.7214325713560589,,,
2137,FORD MOTOR CREDIT COMPANY LLC,Consumer Cyclical,6.53,2032-03-19,7037000,0.00021539790783951665,0.7124256120068614,,,
2138,NORTHROP GRUMMAN CORP,Capital Goods,5.25,2050-05-01,8015000,0.00021529716045512026,0.728745251749543,35000.0,0.0005754307510193344,LQDB
2139,RAYTHEON TECHNOLOGIES CORPORATION,Capital Goods,3.03,2052-03-15,11702000,0.00021519641307072386,0.7762051059360562,,,
2140,AMERICAN EXPRESS COMPANY,Banking,4.05,2042-12-03,8888000,0.00021519641307072386,0.7417107944957523,264000.0,0.00019744004532218292,QLTA
2141,AUTOMATIC DATA PROCESSING INC,Technology,4.45,2034-09-09,7525000,0.00021509566568632746,0.7208340455685797,309000.0,0.00023109459850210047,QLTA
2142,VERIZON COMMUNICATIONS INC,Communications,6.55,2043-09-15,6904000,0.00021499491830193106,0.7100327120872991,,,
2143,SBA COMMUNICATIONS CORP,Communications,5.15,2031-07-23,7400000,0.0002148941709175346,0.7187333676377289,,,
2144,BURLINGTON NORTHERN SANTA FE LLC,Transportation,4.45,2053-01-15,9175000,0.0002148941709175346,0.7456962889612655,395000.0,0.00029541218902372066,QLTA
2145,PHILIP MORRIS INTERNATIONAL INC,Consumer Non-Cyclical,4.63,2029-11-01,7289000,0.0002146926761487418,0.7168380034972927,80000.0,5.983031676429785e-05,QLTA
2146,PEPSICO INC,Consumer Non-Cyclical,5.25,2054-07-17,7878000,0.0002146926761487418,0.7265831352742569,215000.0,0.00016079397630405047,QLTA
2147,NEXTERA ENERGY CAPITAL HOLDINGS IN,Electric,5.9,2055-03-15,7507000,0.0002145919287643454,0.720533708048414,30000.0,0.0004932263580165724,LQDB
2148,CHARTER COMMUNICATIONS OPERATING L,Communications,6.7,2055-12-01,7995000,0.0002145919287643454,0.7284319285630789,,,
2149,TOYOTA MOTOR CREDIT CORP MTN,Consumer Cyclical,4.55,2031-05-14,7391000,0.00021449118137994901,0.7185807521282135,275000.0,0.00020566671387727386,QLTA
2150,CVS HEALTH CORP,Consumer Non-Cyclical,5.25,2031-01-30,7086000,0.00021439043399555262,0.7132958228861643,,,
2151,ELEVANCE HEALTH INC,Insurance,4.95,2031-11-01,7290000,0.00021439043399555262,0.7168552073576868,,,
2152,ATLAS WAREHOUSE LENDING COMPANY LP 144A,Financial Other,4.95,2030-11-15,7415000,0.00021439043399555262,0.718987314818965,,,
2153,NEXTERA ENERGY CAPITAL HOLDINGS IN,Electric,5.3,2032-03-15,7127000,0.0002141889392267598,0.7140193469005428,,,
2154,UNITEDHEALTH GROUP INC,Insurance,4.45,2048-12-15,9014000,0.0002140881918423634,0.7434761403776043,383000.0,0.00028643764150907596,QLTA
2155,PROLOGIS LP,Reits,5.0,2034-03-15,7321000,0.00021398744445796697,0.7173873597877825,295000.0,0.00022062429306834834,QLTA
2156,MARRIOTT INTERNATIONAL INC,Consumer Cyclical,3.5,2032-10-15,7945000,0.00021388669707357057,0.7276451785539416,45000.0,0.0007398395370248586,LQDB
2157,QUEST DIAGNOSTICS INCORPORATED,Consumer Non-Cyclical,6.4,2033-11-30,6784000,0.00021388669707357057,0.7078338093443811,10000.0,0.00016440878600552412,LQDB
2158,TARGA RESOURCES CORP,Energy,4.35,2031-04-15,7409000,0.00021388669707357057,0.7188857976465454,,,
2159,VIRGINIA ELECTRIC AND POWER COMPAN,Electric,5.7,2056-03-15,7534000,0.00021388669707357057,0.7209839450301252,130000.0,9.722426474198401e-05,QLTA
2160,ENERGY TRANSFER LP,Energy,4.55,2031-01-15,7441000,0.00021368520230477775,0.7194262754238215,25000.0,0.00041102196501381036,LQDB
2161,PEPSICO INC,Consumer Non-Cyclical,4.65,2032-07-23,7179000,0.00021368520230477775,0.7149310232331767,385000.0,0.00028793339942818344,QLTA
2162,SALESFORCE INC,Technology,2.7,2041-07-15,11071000,0.00021368520230477775,0.7692536793931972,390000.0,0.000291672794225952,QLTA
2163,CUMMINS INC,Consumer Cyclical,5.15,2034-02-20,7134000,0.00021348370753598495,0.7141424592841811,230000.0,0.00017201216069735633,QLTA
2164,EXELON GENERATION CO LLC,Electric,6.25,2039-10-01,6924000,0.00021348370753598495,0.7103954764135769,20000.0,0.00032881757201104825,LQDB
2165,VULCAN MATERIALS COMPANY,Capital Goods,5.35,2034-12-01,7244000,0.00021338296015158855,0.7160613768761843,,,
2166,COMCAST CORPORATION,Communications,4.95,2058-10-15,9461000,0.00021328221276719215,0.7495457601607266,338000.0,0.0002527830883291584,QLTA
2167,METLIFE INC,Insurance,4.88,2043-11-13,8048000,0.0002129799706140029,0.7292605296736079,395000.0,0.00029541218902372066,QLTA
2168,PFIZER INC,Consumer Non-Cyclical,4.0,2036-12-15,8059000,0.0002129799706140029,0.7294318195669567,360000.0,0.00026923642543934034,QLTA
2169,AMGEN INC,Consumer Non-Cyclical,3.35,2032-02-22,7796000,0.0002128792232296065,0.7252709607034755,,,
2170,KINDER MORGAN INC,Energy,5.15,2030-06-01,7152000,0.0002128792232296065,0.7144584801321704,50000.0,0.0008220439300276207,LQDB
2171,DTE ELECTRIC COMPANY,Electric,5.55,2056-03-01,7558000,0.0002128792232296065,0.7213828031669751,280000.0,0.0002094061086750425,QLTA
2172,PIONEER NATURAL RESOURCES COMPANY,Energy,1.9,2030-08-15,8071000,0.0002127784758452101,0.7296184148254075,,,
2173,PACIFICORP,Electric,5.45,2033-04-15,7133000,0.0002127784758452101,0.7141248791986194,,,
2174,INTERNATIONAL BUSINESS MACHINES CO,Technology,4.0,2042-06-20,9306000,0.0002127784758452101,0.7474741865766497,410000.0,0.0003066303734170265,QLTA
2175,NXP BV / NXP FUNDING LLC / NXP USA,Technology,3.25,2041-05-11,9820000,0.0002127784758452101,0.754216317773877,20000.0,0.00032881757201104825,LQDB
2176,EXXON MOBIL CORP,Energy,3.57,2045-03-06,9525000,0.0002127784758452101,0.7503912371405818,330000.0,0.00024680005665272866,QLTA
2177,ENTERPRISE PRODUCTS OPERATING LLC,Energy,4.45,2043-02-15,8328000,0.0002126777284608137,0.7335494321761137,400000.0,0.00029915158382148925,QLTA
2178,ELEVANCE HEALTH INC,Insurance,2.55,2031-03-15,7997000,0.0002126777284608137,0.7284632961320636,70000.0,0.0011508615020386689,LQDB
2179,DOW CHEMICAL CO,Basic Industry,2.1,2030-11-15,8220000,0.0002126777284608137,0.7319124722241781,60000.0,0.0009864527160331447,LQDB
2180,BARCLAYS PLC,Banking,2.65,2031-06-24,7954000,0.00021257698107641728,0.7277871582988166,,,
2181,INTERNATIONAL BUSINESS MACHINES CO,Technology,5.0,2032-02-10,7161000,0.00021247623369202088,0.7146161924231059,220000.0,0.0001645333711018191,QLTA
2182,EASTERN ENERGY GAS HOLDINGS LLC,Energy,5.65,2054-10-15,7728000,0.00021247623369202088,0.7241723047808405,35000.0,0.0005754307510193344,LQDB
2183,GENERAL MOTORS FINANCIAL COMPANY I,Consumer Cyclical,5.63,2032-04-04,7089000,0.00021247623369202088,0.7133489054436332,,,
2184,RIO TINTO FINANCE (USA) PLC,Basic Industry,5.88,2065-03-14,7246000,0.00021237548630762449,0.7160959959351058,232000.0,0.00017350791861646378,QLTA
2185,SAN DIEGO GAS & ELECTRIC CO,Electric,5.35,2053-04-01,7893000,0.00021227473892322806,0.7268216887799874,300000.0,0.00022436368786611695,QLTA
2186,CVS HEALTH CORP,Consumer Non-Cyclical,5.3,2043-12-05,7957000,0.00021227473892322806,0.7278344491824693,,,
2187,VISA INC,Technology,4.1,2031-02-12,7253000,0.00021217399153883166,0.7162170874378629,215000.0,0.00016079397630405047,QLTA
2188,FISERV INC,Technology,5.15,2034-08-12,7398000,0.00021207324415443524,0.718699469126873,25000.0,0.00041102196501381036,LQDB
2189,J M SMUCKER CO,Consumer Non-Cyclical,6.5,2053-11-15,6788000,0.00021207324415443524,0.7079077306787628,15000.0,0.0002466131790082862,LQDB
2190,GILEAD SCIENCES INC,Consumer Non-Cyclical,5.55,2053-10-15,7507000,0.00021187174938564244,0.720533708048414,440000.0,0.0003290667422036382,QLTA
2191,EXPEDIA GROUP INC,Consumer Cyclical,5.4,2035-02-15,7243000,0.00021177100200124604,0.7160440637623102,20000.0,0.00032881757201104825,LQDB
2192,TARGA RESOURCES PARTNERS LP,Energy,4.88,2031-02-01,7132000,0.00021167025461684964,0.7141072966482722,,,
2193,COMCAST CORPORATION 144A,Communications,5.17,2037-01-15,7704000,0.00021156950723245324,0.7237822343570323,570000.0,0.0004262910069456222,QLTA
2194,MARRIOTT INTERNATIONAL INC,Consumer Cyclical,5.1,2038-05-01,7495000,0.0002113680124636604,0.7203330826914313,20000.0,0.00032881757201104825,LQDB
2195,BURLINGTON NORTHERN SANTA FE LLC,Transportation,3.55,2050-02-15,10054000,0.000211267265079264,0.7571695954803095,226000.0,0.00016902064485914143,QLTA
2196,HOME DEPOT INC,Consumer Cyclical,3.25,2032-04-15,7762000,0.0002111665176948676,0.724722835860582,360000.0,0.00026923642543934034,QLTA
2197,BERKSHIRE HATHAWAY ENERGY CO,Electric,2.85,2051-05-15,12160000,0.0002111665176948676,0.7810197659083825,255000.0,0.0001907091346861994,QLTA
2198,TEXAS INSTRUMENTS INC,Technology,3.88,2039-03-15,8292000,0.0002110657703104712,0.7330061495640767,205000.0,0.00015331518670851324,QLTA
2199,AMRIZE FINANCE US LLC,Capital Goods,5.4,2035-04-07,7098000,0.0002109650229260748,0.7135080184361946,25000.0,0.00041102196501381036,LQDB
2200,JOHN DEERE CAPITAL CORP MTN,Capital Goods,4.55,2030-06-05,7202000,0.00021086427554167837,0.7153321602726972,205000.0,0.00015331518670851324,QLTA
2201,BELL TELEPHONE COMPANY OF CANADA O,Communications,5.55,2054-02-15,7689000,0.00021086427554167837,0.7235378227806484,25000.0,0.00041102196501381036,LQDB
2202,VIRGINIA ELECTRIC AND POWER COMPAN,Electric,4.9,2035-09-15,7357000,0.00021086427554167837,0.7180025226843616,370000.0,0.00027671521503487757,QLTA
2203,GENERAL DYNAMICS CORPORATION,Capital Goods,4.95,2035-08-15,7154000,0.00021076352815728198,0.7144935444523057,413000.0,0.00030887401029568764,QLTA
2204,PHILIP MORRIS INTERNATIONAL INC,Consumer Non-Cyclical,5.63,2029-11-17,6963000,0.00021076352815728198,0.71109986280718,460000.0,0.00034402432139471267,QLTA
2205,COCA-COLA CO,Consumer Non-Cyclical,5.0,2034-05-13,7055000,0.00021046128600409275,0.7127459834162148,365000.0,0.00027297582023710893,QLTA
2206,ONEOK INC,Energy,5.4,2035-10-15,7214000,0.00021036053861969633,0.7155409409093995,25000.0,0.00041102196501381036,LQDB
2207,METLIFE INC,Insurance,5.3,2034-12-15,7136000,0.00021036053861969633,0.7141776120637097,340000.0,0.0002542788462482659,QLTA
2208,HUMANA INC,Insurance,5.88,2033-03-01,6897000,0.00021036053861969633,0.7099054962541984,,,
2209,ENTERPRISE PRODUCTS OPERATING LLC,Energy,4.25,2048-02-15,8850000,0.00021015904385090353,0.7411734741872742,485000.0,0.0003627212953835557,QLTA
2210,UNILEVER CAPITAL CORP,Consumer Non-Cyclical,4.63,2034-08-12,7238000,0.00021015904385090353,0.7159574623224021,345000.0,0.0002580182410460345,QLTA
2211,SHELL FINANCE US INC,Energy,4.75,2036-01-06,7427000,0.00021005829646650713,0.7191901029620297,340000.0,0.0002542788462482659,QLTA
2212,MIZUHO FINANCIAL GROUP (FXD-FXD),Banking,5.82,2047-07-13,7432000,0.00021005829646650713,0.7192745013366718,400000.0,0.00029915158382148925,QLTA
2213,DEERE & CO,Capital Goods,3.9,2042-06-09,8666000,0.00020995754908211073,0.7385386447507089,423000.0,0.0003163527998912249,QLTA
2214,PROLOGIS LP,Reits,4.9,2036-06-15,7375000,0.00020995754908211073,0.7183089762339077,260000.0,0.00019444852948396802,QLTA
2215,PRUDENTIAL FINANCIAL INC MTN,Insurance,4.35,2050-02-25,8911000,0.00020995754908211073,0.742034899785806,308000.0,0.00023034671954254673,QLTA
2216,BROOKFIELD ASSET MANAGEMENT LTD,Brokerage/Asset Managers/Exchanges,6.08,2055-09-15,7208000,0.00020995754908211073,0.715436594038744,305000.0,0.00022810308266388556,QLTA
2217,BROWN & BROWN INC,Insurance,4.9,2030-06-23,7217000,0.00020985680169771434,0.7155930818041206,,,
2218,ORANGE SA,Communications,5.5,2044-02-06,7378000,0.00020985680169771434,0.7183599790978171,10000.0,0.00016440878600552412,LQDB
2219,AEP TEXAS INC,Electric,5.2,2036-04-15,7254000,0.00020985680169771434,0.7162343766831025,10000.0,0.00016440878600552412,LQDB
2220,LYB INTERNATIONAL FINANCE BV,Basic Industry,4.88,2044-03-15,8535000,0.00020975605431331794,0.7366284412286899,,,
2221,MITSUBISHI UFJ FINANCIAL GROUP INC,Banking,5.41,2034-04-19,7001000,0.00020975605431331794,0.7117824033813805,277000.0,0.0002071624717963813,QLTA
2222,SANTANDER HOLDINGS USA INC,Banking,6.34,2035-05-31,6828000,0.00020965530692892149,0.7086445573586295,25000.0,0.00041102196501381036,LQDB
2223,ABBVIE INC,Consumer Non-Cyclical,4.75,2045-03-15,8052000,0.00020965530692892149,0.7293228439805535,360000.0,0.00026923642543934034,QLTA
2224,RIO TINTO ALCAN INC,Basic Industry,6.13,2033-12-15,6764000,0.00020965530692892149,0.7074635476637017,205000.0,0.00015331518670851324,QLTA
2225,HCA INC,Consumer Non-Cyclical,4.6,2032-11-15,7383000,0.0002095545595445251,0.7184449378031511,,,
2226,PACIFIC GAS AND ELECTRIC COMPANY,Electric,6.1,2055-10-15,7468000,0.0002093530647757323,0.7198804986830135,,,
2227,PUBLIC STORAGE OPERATING CO,Reits,5.35,2053-08-01,7558000,0.00020915157000693947,0.7213828031669751,305000.0,0.00022810308266388556,QLTA
2228,CVS HEALTH CORP,Consumer Non-Cyclical,6.0,2063-06-01,7534000,0.00020915157000693947,0.7209839450301252,25000.0,0.00041102196501381036,LQDB
2229,ING GROEP NV,Banking,4.25,2033-03-28,7382000,0.00020915157000693947,0.7184279506659565,290000.0,0.00021688489827057972,QLTA
2230,JBS USA LUX SA,Consumer Non-Cyclical,3.63,2032-01-15,7781000,0.00020905082262254307,0.7250294361886582,20000.0,0.00032881757201104825,LQDB
2231,ELEVANCE HEALTH INC,Insurance,4.65,2043-01-15,8274000,0.00020895007523814667,0.7327336231109796,,,
2232,BERKSHIRE HATHAWAY ENERGY CO,Electric,4.6,2053-05-01,8782000,0.00020884932785375024,0.7402061698531633,315000.0,0.0002355818722594228,QLTA
2233,DUKE ENERGY PROGRESS LLC,Electric,5.05,2035-03-15,7127000,0.00020884932785375024,0.7140193469005428,220000.0,0.0001645333711018191,QLTA
2234,SHELL FINANCE US INC,Energy,4.55,2043-08-12,8132000,0.00020884932785375024,0.7305626715791406,393000.0,0.0002939164311046132,QLTA
2235,BARCLAYS PLC,Banking,3.33,2042-11-24,9731000,0.00020874858046935385,0.7530745502765073,,,
2236,DIAGEO INVESTMENT CORPORATION,Consumer Non-Cyclical,5.63,2035-04-15,6891000,0.00020864783308495742,0.7097963513037518,220000.0,0.0001645333711018191,QLTA
2237,MERCK & CO INC,Consumer Non-Cyclical,4.15,2030-09-15,7173000,0.00020854708570056102,0.7148261674242693,365000.0,0.00027297582023710893,QLTA
2238,AMAZON.COM INC,Consumer Cyclical,4.1,2062-04-13,10093000,0.00020844633831616462,0.7576551169152462,445000.0,0.0003328061370014068,QLTA
2239,DH EUROPE FINANCE II SARL,Consumer Non-Cyclical,3.25,2039-11-15,9043000,0.00020844633831616462,0.7438789561045928,265000.0,0.00019818792428173663,QLTA
2240,LOCKHEED MARTIN CORPORATION,Capital Goods,5.25,2033-01-15,6969000,0.00020844633831616462,0.7112078796443035,365000.0,0.00027297582023710893,QLTA
2241,PLAINS ALL AMERICAN PIPELINE LP,Energy,5.95,2035-06-15,6946000,0.00020804334877857903,0.7107933088861077,35000.0,0.0005754307510193344,LQDB
2242,PUBLIC SERVICE COMPANY OF COLORADO,Electric,5.25,2053-04-01,7831000,0.00020784185400978618,0.7258327155181542,240000.0,0.00017949095029289356,QLTA
2243,CIGNA GROUP,Consumer Non-Cyclical,5.13,2031-05-15,6980000,0.00020784185400978618,0.711405669195895,,,
2244,SOUTHERN CALIFORNIA EDISON COMPANY,Electric,3.65,2050-02-01,10336000,0.00020784185400978618,0.7606386667326849,382000.0,0.0002856897625495222,QLTA
2245,CANADIAN PACIFIC RAILWAY COMPANY,Transportation,6.13,2115-09-15,6973000,0.00020753961185659698,0.7112798392160082,10000.0,0.00016440878600552412,LQDB
2246,GENERAL MOTORS FINANCIAL COMPANY I,Consumer Cyclical,5.45,2034-09-06,7045000,0.00020743886447220056,0.71256810035072,,,
2247,GILEAD SCIENCES INC,Consumer Non-Cyclical,2.6,2040-10-01,9904000,0.00020743886447220056,0.7552844882322014,290000.0,0.00021688489827057972,QLTA
2248,3M CO,Capital Goods,3.25,2049-08-26,10568000,0.00020743886447220056,0.7634224156765561,360000.0,0.00026923642543934034,QLTA
2249,PROLOGIS LP,Reits,4.75,2033-06-15,7211000,0.00020743886447220056,0.7154887783269569,190000.0,0.0001420970023152074,QLTA
2250,FIFTH THIRD BANCORP,Banking,4.89,2030-09-06,6983000,0.00020733811708780416,0.7114595577049876,,,
2251,REALTY INCOME CORPORATION,Reits,5.13,2034-02-15,6996000,0.00020723736970340776,0.711692807364033,260000.0,0.00019444852948396802,QLTA
2252,BOSTON PROPERTIES LP,Reits,2.55,2032-04-01,8119000,0.00020703587493461494,0.7303620318191663,,,
2253,AMERICAN TOWER CORPORATION,Communications,5.65,2033-03-15,6816000,0.00020703587493461494,0.7084239635635847,15000.0,0.0002466131790082862,LQDB
2254,JOHNSON & JOHNSON,Consumer Non-Cyclical,3.4,2038-01-15,8333000,0.00020703587493461494,0.7336247022943011,295000.0,0.00022062429306834834,QLTA
2255,NOVARTIS CAPITAL CORP,Consumer Non-Cyclical,4.3,2032-11-05,7241000,0.00020693512755021854,0.7160094303624359,375000.0,0.0002804546098326462,QLTA
2256,PROCTER & GAMBLE CO,Consumer Non-Cyclical,4.1,2032-11-03,7235000,0.00020673363278142572,0.7159054727382342,285000.0,0.0002131455034728111,QLTA
2257,JACOBS SOLUTIONS INC,Industrial Other,4.75,2031-03-03,7070000,0.00020673363278142572,0.7130123358139976,30000.0,0.0004932263580165724,LQDB
2258,UNITEDHEALTH GROUP INC,Insurance,2.9,2050-05-15,11356000,0.00020663288539702932,0.7724411831237097,490000.0,0.00036646069018132435,QLTA
2259,BAT CAPITAL CORP,Consumer Non-Cyclical,4.76,2049-09-06,8489000,0.00020653213801263292,0.735950720259896,45000.0,0.0007398395370248586,LQDB
2260,BROOKFIELD ASSET MANAGEMENT LTD,Brokerage/Asset Managers/Exchanges,5.3,2036-01-15,7334000,0.00020653213801263292,0.7176098501937241,245000.0,0.00018323034509066217,QLTA
2261,SIMON PROPERTY GROUP LP,Reits,4.3,2031-01-15,7224000,0.00020633064324384012,0.7157146596518855,265000.0,0.00019818792428173663,QLTA
2262,CONAGRA BRANDS INC,Consumer Non-Cyclical,5.4,2048-11-01,8200000,0.00020633064324384012,0.7316069725843116,20000.0,0.00032881757201104825,LQDB
2263,INGERSOLL RAND INC,Capital Goods,5.45,2034-06-15,6955000,0.00020622989585944367,0.7109556954797381,,,
2264,EBAY INC,Consumer Cyclical,2.7,2030-03-11,7552000,0.00020622989585944367,0.7212832074978245,50000.0,0.0008220439300276207,LQDB
2265,GEORGIA POWER COMPANY,Electric,5.25,2034-03-15,6905000,0.00020622989585944367,0.7100508752476099,295000.0,0.00022062429306834834,QLTA
2266,CITIGROUP INC,Banking,5.3,2044-05-06,7610000,0.00020622989585944367,0.7222426683615658,25000.0,0.00041102196501381036,LQDB
2267,ENTERPRISE PRODUCTS OPERATING LLC,Energy,4.2,2050-01-31,8770000,0.00020622989585944367,0.7400346918772925,450000.0,0.00033654553179917544,QLTA
2268,GENERAL MOTORS FINANCIAL COMPANY I,Consumer Cyclical,6.15,2035-07-15,6859000,0.00020612914847504727,0.7092126351539507,,,
2269,ONEOK INC,Energy,3.1,2030-03-15,7430000,0.00020612914847504727,0.7192407488024493,,,
2270,MARVELL TECHNOLOGY INC,Technology,2.95,2031-04-15,7660000,0.00020602840109065087,0.7230639387501873,57000.0,0.0009371300802314876,LQDB
2271,AUTOMATIC DATA PROCESSING INC,Technology,5.0,2036-05-07,7126000,0.00020592765370625447,0.7140017495469535,300000.0,0.00022436368786611695,QLTA
2272,ORACLE CORPORATION,Technology,6.13,2065-08-03,8720000,0.00020572615893746168,0.7393176656806981,25000.0,0.00041102196501381036,LQDB
2273,BERKSHIRE HATHAWAY ENERGY CO,Electric,3.7,2030-07-15,7321000,0.00020552466416866885,0.7173873597877825,475000.0,0.0003552425057880185,QLTA
2274,MPLX LP,Energy,4.95,2032-09-01,6999000,0.00020542391678427243,0.7117465726553803,,,
2275,FLORIDA POWER & LIGHT CO,Electric,5.6,2054-06-15,7345000,0.00020542391678427243,0.7177978034875235,295000.0,0.00022062429306834834,QLTA
2276,PACIFIC GAS AND ELECTRIC COMPANY,Electric,6.15,2033-01-15,6775000,0.00020542391678427243,0.7076673268564272,,,
2277,BANK OF MONTREAL MTN,Banking,4.44,2032-01-14,7195000,0.00020542391678427243,0.7152102108595962,250000.0,0.0001869697398884308,QLTA
2278,MASSACHUSETTS INSTITUTE OF TECHNOL,Industrial Other,5.62,2055-06-01,7020000,0.00020542391678427243,0.7121222856610037,60000.0,4.487273757322339e-05,QLTA
2279,EBAY INC,Consumer Cyclical,2.6,2031-05-10,7809000,0.00020532316939987603,0.7254799063489813,10000.0,0.00016440878600552412,LQDB
2280,MARSH & MCLENNAN COMPANIES INC,Insurance,4.65,2030-03-15,6950000,0.00020532316939987603,0.7108655066659643,415000.0,0.0003103697682147951,QLTA
2281,BP CAPITAL MARKETS AMERICA INC,Energy,3.0,2052-03-17,11155000,0.00020532316939987603,0.7702016037635919,540000.0,0.0004038546381590105,QLTA
2282,ROPER TECHNOLOGIES INC,Technology,1.75,2031-02-15,8045000,0.00020522242201547963,0.729213773615098,58000.0,0.00095357095883204,LQDB
2283,CISCO SYSTEMS INC,Technology,5.35,2064-02-26,7632000,0.0002051216746310832,0.7226046901171366,430000.0,0.00032158795260810093,QLTA
2284,TOYOTA MOTOR CREDIT CORP,Consumer Cyclical,2.15,2030-02-13,7587000,0.0002050209272466868,0.7218630703322627,510000.0,0.0003814182693723988,QLTA
2285,ONCOR ELECTRIC DELIVERY COMPANY LL 144A,Electric,5.9,2056-03-15,6991000,0.000204819432477894,0.7116031472900434,310000.0,0.00023184247746165418,QLTA
2286,DEUTSCHE BANK AG (NEW YORK BRANCH),Banking,5.0,2030-09-11,6900000,0.000204819432477894,0.7099600331283553,,,
2287,NORTHROP GRUMMAN CORP,Capital Goods,4.9,2034-06-01,7092000,0.000204819432477894,0.7134019655418002,25000.0,0.00041102196501381036,LQDB
2288,SUMITOMO MITSUI FINANCIAL GROUP IN,Banking,6.18,2043-07-13,6758000,0.000204819432477894,0.7073522556521256,,,
2289,KEYCORP MTN,Banking,2.55,2029-10-01,7455000,0.00020461793770910121,0.7196620039521529,80000.0,0.001315270288044193,LQDB
2290,AERCAP FUNDING DAC,Finance Companies,4.88,2031-07-07,7072000,0.00020451719032470476,0.7130478067632221,,,
2291,CATERPILLAR INC,Capital Goods,3.25,2049-09-19,10107000,0.00020451719032470476,0.7578289491769469,300000.0,0.00022436368786611695,QLTA
2292,SOUTHERN COMPANY (THE),Electric,4.85,2035-03-15,7139000,0.00020451719032470476,0.7142303227643724,,,
2293,AUTOMATIC DATA PROCESSING INC,Technology,1.25,2030-09-01,7944000,0.00020441644294030836,0.7276293930998144,386000.0,0.0002886812783877371,QLTA
2294,SUNCOR ENERGY INC.,Energy,6.85,2039-06-01,6374000,0.00020421494817151557,0.700015943109184,15000.0,0.0002466131790082862,LQDB
2295,T-MOBILE USA INC,Communications,5.8,2062-09-15,7515000,0.00020411420078711917,0.7206672801980644,,,
2296,ASTRAZENECA FINANCE LLC,Consumer Non-Cyclical,2.25,2031-05-28,7810000,0.00020391270601832634,0.7254959646805413,270000.0,0.00020192731907950524,QLTA
2297,PUBLIC SERVICE COMPANY OF OKLAHOMA,Electric,5.45,2036-01-15,7019000,0.00020391270601832634,0.712104420066537,,,
2298,AUTOZONE INC,Consumer Cyclical,4.0,2030-04-15,7119000,0.00020391270601832634,0.7138784988833256,,,
2299,VISA INC,Technology,3.65,2047-09-15,9167000,0.00020381195863392995,0.7455868940877736,244000.0,0.00018248246613110846,QLTA
2300,MIZUHO FINANCIAL GROUP INC,Banking,4.71,2031-07-08,7040000,0.00020381195863392995,0.7124790641097437,399000.0,0.00029840370486193557,QLTA
2301,VERIZON COMMUNICATIONS INC,Communications,4.0,2050-03-22,9421000,0.00020371121124953352,0.7490144277690518,,,
2302,APPLIED MATERIALS INC,Technology,1.75,2030-06-01,7761000,0.00020361046386513712,0.7247066782183323,285000.0,0.0002131455034728111,QLTA
2303,ACCENTURE CAPITAL INC,Technology,4.25,2031-10-04,7126000,0.00020350971648074072,0.7140017495469535,400000.0,0.00029915158382148925,QLTA
2304,GENERAL MOTORS FINANCIAL COMPANY I,Consumer Cyclical,4.6,2031-01-08,7089000,0.00020350971648074072,0.7133489054436332,,,
2305,DELL INTERNATIONAL LLC,Technology,6.2,2030-07-15,6670000,0.00020350971648074072,0.7057085229255297,,,
2306,ANHEUSER-BUSCH INBEV WORLDWIDE INC,Consumer Non-Cyclical,4.9,2031-01-23,6757000,0.0002034089690963443,0.7073336973775601,325000.0,0.00024306066185496002,QLTA
2307,VIRGINIA ELECTRIC AND POWER COMPAN,Electric,5.6,2055-09-15,7270000,0.0002033082217119479,0.716510680931801,340000.0,0.0002542788462482659,QLTA
2308,WALMART INC,Consumer Cyclical,2.5,2041-09-22,9844000,0.0002033082217119479,0.7545224388538228,334000.0,0.0002497915724909435,QLTA
2309,UNITED PARCEL SERVICE INC,Transportation,3.75,2047-11-15,9413000,0.0002032074743275515,0.7489078906148078,228000.0,0.00017051640277824888,QLTA
2310,TAKEDA PHARMACEUTICAL CO LTD,Consumer Non-Cyclical,5.3,2034-07-05,6935000,0.0002032074743275515,0.710594550406116,,,
2311,FLORIDA POWER & LIGHT CO,Electric,5.7,2055-03-15,7066000,0.0002032074743275515,0.7129413638029649,355000.0,0.0002654970306415717,QLTA
2312,SOUTHERN COMPANY (THE),Electric,3.7,2030-04-30,7174000,0.0002031067269431551,0.7148436494818912,,,
2313,ENERGY TRANSFER PARTNERS LP,Energy,5.15,2045-03-15,7834000,0.0002031067269431551,0.7258807490483223,45000.0,0.0007398395370248586,LQDB
2314,MCDONALDS CORPORATION MTN,Consumer Cyclical,4.6,2032-09-09,6907000,0.0002031067269431551,0.710087193678257,,,
2315,WILLIAMS COMPANIES INC,Energy,5.8,2054-11-15,7253000,0.0002029052321743623,0.7162170874378629,45000.0,0.0007398395370248586,LQDB
2316,ENTERGY LOUISIANA LLC,Electric,5.65,2056-04-15,7183000,0.0002029052321743623,0.7150008784307202,237000.0,0.0001772473134142324,QLTA
2317,GILEAD SCIENCES INC,Consumer Non-Cyclical,5.25,2033-10-15,6752000,0.00020280448478996585,0.7072408647875282,110000.0,8.226668555090955e-05,QLTA
2318,INTERCONTINENTAL EXCHANGE INC,Brokerage/Asset Managers/Exchanges,3.0,2050-06-15,10941000,0.00020260299002117306,0.7677723810315207,465000.0,0.00034776371619248125,QLTA
2319,ZOETIS INC,Consumer Non-Cyclical,2.0,2030-05-15,7646000,0.00020230074786798386,0.722834524657454,17000.0,0.000279494936209391,LQDB
2320,BERKSHIRE HATHAWAY ENERGY CO,Electric,5.15,2043-11-15,7458000,0.00020230074786798386,0.7197124596117139,210000.0,0.00015705458150628185,QLTA
2321,APPLE INC,Technology,2.55,2060-08-20,13131000,0.00020220000048358744,0.7906540710529307,690000.0,0.000516036482092069,QLTA
2322,THERMO FISHER SCIENTIFIC INC,Consumer Non-Cyclical,4.79,2035-10-07,7053000,0.00020209925309919104,0.7127104269827054,340000.0,0.0002542788462482659,QLTA
2323,ALEXANDRIA REAL ESTATE EQUITIES IN,Reits,2.95,2034-03-15,8161000,0.00020209925309919104,0.731009099186682,,,
2324,PEPSICO INC,Consumer Non-Cyclical,1.4,2031-02-25,7919000,0.0002018977583303982,0.7272341095974036,310000.0,0.00023184247746165418,QLTA
2325,NORTHROP GRUMMAN CORP,Capital Goods,4.95,2053-03-15,7847000,0.00020179701094600182,0.726088682011196,,,
2326,CENCORA INC,Consumer Non-Cyclical,4.9,2036-02-13,7027000,0.00020179701094600182,0.7122472736091345,10000.0,0.00016440878600552412,LQDB
2327,RAYTHEON TECHNOLOGIES CORPORATION,Capital Goods,4.45,2038-11-16,7522000,0.000201595516177209,0.7207840392383573,45000.0,0.0007398395370248586,LQDB
2328,PLAINS ALL AMERICAN PIPELINE LP,Energy,3.55,2029-12-15,7162000,0.000201595516177209,0.7146337037741288,25000.0,0.00041102196501381036,LQDB
2329,EXELON GENERATION CO LLC,Electric,5.6,2042-06-15,7142000,0.000201595516177209,0.7142830113192323,20000.0,0.00032881757201104825,LQDB
2330,ELI LILLY AND COMPANY,Consumer Non-Cyclical,4.7,2033-02-27,6835000,0.000201595516177209,0.7087730581063189,350000.0,0.0002617576358438031,QLTA
2331,THERMO FISHER SCIENTIFIC INC,Consumer Non-Cyclical,5.55,2046-02-12,6997000,0.0002014947687928126,0.7117107316891041,150000.0,0.00011218184393305848,QLTA
2332,WEYERHAEUSER COMPANY,Basic Industry,4.0,2030-04-15,7045000,0.0002014947687928126,0.71256810035072,,,
2333,PFIZER INC,Consumer Non-Cyclical,4.2,2048-09-15,8581000,0.0002013940214084162,0.7373025193702943,335000.0,0.00025053945145049725,QLTA
2334,PFIZER INC,Consumer Non-Cyclical,4.4,2044-05-15,8047000,0.0002012932740240198,0.729244946257602,324000.0,0.0002423127828954063,QLTA
2335,PACIFIC GAS AND ELECTRIC COMPANY,Electric,6.95,2034-03-15,6237000,0.0002012932740240198,0.6972910983037018,,,
2336,GEORGIA POWER COMPANY,Electric,4.3,2042-03-15,7980000,0.00020099103187083055,0.7281964213762189,305000.0,0.00022810308266388556,QLTA
2337,JOHNSON & JOHNSON,Consumer Non-Cyclical,2.1,2040-09-01,9938000,0.00020099103187083055,0.7557142695584999,270000.0,0.00020192731907950524,QLTA
2338,CRH AMERICA FINANCE INC,Capital Goods,5.4,2034-05-21,6785000,0.00020089028448643415,0.7078522937633325,,,
2339,MERCK & CO INC,Consumer Non-Cyclical,2.35,2040-06-24,9854000,0.00020089028448643415,0.7546497690913297,436000.0,0.0003260752263654233,QLTA
2340,HALLIBURTON COMPANY,Energy,6.7,2038-09-15,6216000,0.00020089028448643415,0.6968681382395426,15000.0,0.0002466131790082862,LQDB
2341,DIAGEO CAPITAL PLC,Consumer Non-Cyclical,5.63,2033-10-05,6578000,0.00020078953710203775,0.7039667235346296,425000.0,0.00031784855781033234,QLTA
2342,BANK OF MONTREAL MTN,Banking,5.3,2037-06-02,6943000,0.00020078953710203775,0.7107391332613264,200000.0,0.00014957579191074462,QLTA
2343,ENTERPRISE PRODUCTS OPERATING LLC,Energy,3.7,2051-01-31,9375000,0.00020048729494884853,0.7484005994689912,350000.0,0.0002617576358438031,QLTA
2344,PAYPAL HOLDINGS INC,Technology,2.85,2029-10-01,7200000,0.0002002858001800557,0.7152973296822365,655000.0,0.0004898607185076886,QLTA
2345,HEWLETT PACKARD ENTERPRISE CO,Technology,6.2,2035-10-15,6369000,0.0002001850527956593,0.6999175302185122,45000.0,0.0007398395370248586,LQDB
2346,STRYKER CORPORATION,Consumer Non-Cyclical,1.95,2030-06-15,7593000,0.0002000843054112629,0.7219622067327988,,,
2347,DH EUROPE FINANCE II SARL,Consumer Non-Cyclical,2.6,2029-11-15,7286000,0.0002000843054112629,0.7167863777510484,365000.0,0.00027297582023710893,QLTA
2348,KENVUE INC,Consumer Non-Cyclical,5.1,2043-03-22,7261000,0.00019998355802686648,0.7163553347057118,220000.0,0.0001645333711018191,QLTA
2349,KEYCORP MTN,Banking,5.3,2037-01-28,6852000,0.00019988281064247008,0.7090845842667359,25000.0,0.00041102196501381036,LQDB
2350,NATIONAL GRID PLC,Electric,5.81,2033-06-12,6604000,0.00019978206325807368,0.7044614284765327,,,
2351,NOVARTIS CAPITAL CORP,Consumer Non-Cyclical,4.6,2035-11-05,7039000,0.00019968131587367729,0.7124612492734119,305000.0,0.00022810308266388556,QLTA
2352,MIZUHO FINANCIAL GROUP INC,Banking,1.98,2031-09-08,7645000,0.00019968131587367729,0.7228181218662271,250000.0,0.0001869697398884308,QLTA
2353,ELEVANCE HEALTH INC,Insurance,3.6,2051-03-15,9865000,0.00019968131587367729,0.7547896831929287,75000.0,0.001233065895041431,LQDB
2354,LOCKHEED MARTIN CORPORATION,Capital Goods,3.9,2032-06-15,7126000,0.0001995805684892809,0.7140017495469535,335000.0,0.00025053945145049725,QLTA
2355,ORACLE CORPORATION,Technology,4.65,2030-05-06,7001000,0.0001994798211048845,0.7117824033813805,25000.0,0.00041102196501381036,LQDB
2356,AMGEN INC,Consumer Non-Cyclical,3.38,2050-02-21,9808000,0.00019937907372048804,0.7540629765603793,50000.0,0.0008220439300276207,LQDB
2357,APPLE INC,Technology,4.1,2062-08-08,9067000,0.00019937907372048804,0.7442113451410934,465000.0,0.00034776371619248125,QLTA
2358,LOCKHEED MARTIN CORP,Capital Goods,3.8,2045-03-01,8665000,0.00019917757895169524,0.7385241727017463,280000.0,0.0002094061086750425,QLTA
2359,STRYKER CORPORATION,Consumer Non-Cyclical,5.2,2035-02-10,6684000,0.00019917757895169524,0.7059714712863638,45000.0,0.0007398395370248586,LQDB
2360,COREBRIDGE FINANCIAL INC,Insurance,5.75,2034-01-15,6703000,0.00019917757895169524,0.7063274502006412,25000.0,0.00041102196501381036,LQDB
2361,BUNGE FINANCE LTD CORP,Consumer Non-Cyclical,2.75,2031-05-14,7470000,0.00019907683156729884,0.7199140794946073,38000.0,0.0006247533868209917,LQDB
2362,JOHNSON & JOHNSON,Consumer Non-Cyclical,4.38,2033-12-05,6909000,0.00019897608418290244,0.7101235015940136,229000.0,0.0001712642817378026,QLTA
2363,SMURFIT KAPPA TREASURY UNLIMITED C,Basic Industry,5.2,2030-01-15,6738000,0.00019897608418290244,0.70698056735352,,,
2364,STRYKER CORPORATION,Consumer Non-Cyclical,4.63,2046-03-15,7818000,0.00019887533679850605,0.7256243573614743,30000.0,0.0004932263580165724,LQDB
2365,PACIFIC GAS AND ELECTRIC COMPANY,Electric,5.2,2036-05-01,6952000,0.00019887533679850605,0.710901589975132,,,
2366,NATIONAL GRID PLC,Electric,5.41,2036-06-09,6888000,0.00019877458941410965,0.7097417431861255,20000.0,0.00032881757201104825,LQDB
2367,BARRICK PD AUSTRALIA FINANCE PTY L,Basic Industry,5.95,2039-10-15,6606000,0.00019877458941410965,0.7044994019939,,,
2368,ELI LILLY AND COMPANY,Consumer Non-Cyclical,3.95,2049-03-15,8672000,0.00019877458941410965,0.7386254419904047,356000.0,0.00026624490960112544,QLTA
2369,MONDELEZ INTERNATIONAL INC,Consumer Non-Cyclical,2.75,2030-04-13,7249000,0.0001985730946453168,0.7161479066113133,15000.0,0.0002466131790082862,LQDB
2370,PFIZER INC,Consumer Non-Cyclical,1.7,2030-05-28,7585000,0.0001985730946453168,0.7218300074424989,345000.0,0.0002580182410460345,QLTA
2371,MARSH & MCLENNAN COMPANIES INC,Insurance,5.7,2053-09-15,6958000,0.0001985730946453168,0.7110097776512715,315000.0,0.0002355818722594228,QLTA
2372,GENERAL MOTORS CO,Consumer Cyclical,6.75,2046-04-01,6469000,0.0001985730946453168,0.7018712625223096,35000.0,0.0005754307510193344,LQDB
2373,CHARTER COMMUNICATIONS OPERATING L,Communications,2.3,2032-02-01,7995000,0.000198371599876524,0.7284319285630789,10000.0,0.00016440878600552412,LQDB
2374,DELTA AIR LINES INC,Transportation,5.25,2030-07-10,6737000,0.0001982708524921276,0.7069619539894566,20000.0,0.00032881757201104825,LQDB
2375,NIKE INC,Consumer Cyclical,3.25,2040-03-27,8574000,0.00019806935772333478,0.7372001757002562,424000.0,0.0003171006788507786,QLTA
2376,COMCAST CORPORATION,Communications,4.8,2033-05-15,6937000,0.00019796861033893838,0.7106307117501229,335000.0,0.00025053945145049725,QLTA
2377,PPL CAPITAL FUNDING INC,Electric,5.25,2034-09-01,6687000,0.00019776711557014558,0.7060277457051441,25000.0,0.00041102196501381036,LQDB
2378,UNITED PARCEL SERVICE INC,Transportation,4.45,2030-04-01,6708000,0.00019776711557014558,0.7064209611587786,206000.0,0.00015406306566806698,QLTA
2379,PFIZER INC,Consumer Non-Cyclical,2.55,2040-05-28,9512000,0.00019776711557014558,0.7502199603348524,359000.0,0.0002684885464797866,QLTA
2380,CONOCOPHILLIPS CO,Energy,3.8,2052-03-15,9351000,0.00019766636818574913,0.7480791445281071,273000.0,0.00020417095595816643,QLTA
2381,GLP CAPITAL LP,Consumer Cyclical,5.63,2036-03-01,6852000,0.00019766636818574913,0.7090845842667359,25000.0,0.00041102196501381036,LQDB
2382,HCA INC,Consumer Non-Cyclical,2.38,2031-07-15,7683000,0.00019766636818574913,0.7234399246178724,65000.0,0.0010686571090359068,LQDB
2383,ORACLE CORPORATION,Technology,4.38,2055-05-15,10808000,0.00019756562080135273,0.7662385715914666,,,
2384,APPLE INC,Technology,2.85,2061-08-05,11954000,0.00019746487341695633,0.7788770619405324,445000.0,0.0003328061370014068,QLTA
2385,MARTIN MARIETTA MATERIALS INC,Capital Goods,5.15,2034-12-01,6810000,0.00019736412603255993,0.7083135209847624,25000.0,0.00041102196501381036,LQDB
2386,NORTHROP GRUMMAN CORP,Capital Goods,4.75,2043-06-01,7572000,0.00019736412603255993,0.7216148859248264,,,
2387,VIRGINIA ELECTRIC AND POWER COMPAN,Electric,5.0,2033-04-01,6694000,0.00019716263126376714,0.7061589545626451,205000.0,0.00015331518670851324,QLTA
2388,TEXAS INSTRUMENTS INC,Technology,1.75,2030-05-04,7476000,0.00019716263126376714,0.7200147680107728,124000.0,9.273699098466167e-05,QLTA
2389,UNILEVER CAPITAL CORP,Consumer Non-Cyclical,5.0,2033-12-08,6680000,0.00019716263126376714,0.7058963994253089,235000.0,0.00017575155549512495,QLTA
2390,ASTRAZENECA PLC,Consumer Non-Cyclical,4.0,2042-09-18,8051000,0.00019706188387937074,0.7293072683064171,305000.0,0.00022810308266388556,QLTA
2391,ONEOK INC,Energy,4.95,2032-10-15,6762000,0.0001969611364949743,0.7074264612993482,,,
2392,COCA-COLA CO,Consumer Non-Cyclical,4.65,2034-08-14,6670000,0.0001969611364949743,0.7057085229255297,255000.0,0.0001907091346861994,QLTA
2393,HOME DEPOT INC,Consumer Cyclical,4.2,2043-04-01,7963000,0.0001967596417261815,0.7279289774835385,271000.0,0.00020267519803905898,QLTA
2394,MARVELL TECHNOLOGY INC,Technology,5.3,2036-04-15,6790000,0.0001967596417261815,0.707944675012554,20000.0,0.00032881757201104825,LQDB
2395,ENTERGY LOUISIANA LLC,Electric,4.2,2048-09-01,8450000,0.0001966588943417851,0.7353732478343807,348000.0,0.00026026187792469564,QLTA
2396,TRAVELERS COMPANIES INC,Insurance,5.7,2055-07-24,6742000,0.0001965581469573887,0.7070549931955544,265000.0,0.00019818792428173663,QLTA
2397,FORD MOTOR COMPANY,Consumer Cyclical,5.29,2046-12-08,8302000,0.0001965581469573887,0.7331572976360646,30000.0,0.0004932263580165724,LQDB
2398,METLIFE INC,Insurance,5.25,2054-01-15,7430000,0.00019645739957299227,0.7192407488024493,170000.0,0.00012713942312413294,QLTA
2399,3M CO MTN,Capital Goods,4.0,2048-09-14,8697000,0.00019635665218859587,0.7389864519125373,400000.0,0.00029915158382148925,QLTA
2400,WELLS FARGO & COMPANY,Banking,5.5,2035-08-01,6566000,0.00019625590480419947,0.7037377383094504,435000.0,0.00032532734740586957,QLTA
2401,DEVON ENERGY CORP,Energy,4.75,2042-05-15,7655000,0.00019615515741980307,0.7229820533145993,,,
2402,NEWMONT CORPORATION,Basic Industry,5.35,2034-03-15,6510000,0.00019605441003540667,0.7026635772228431,150000.0,0.00011218184393305848,QLTA
2403,HOME DEPOT INC,Consumer Cyclical,3.13,2049-12-15,10335000,0.00019605441003540667,0.7606265330632691,387000.0,0.00028942915734729086,QLTA
2404,PACIFIC GAS AND ELECTRIC COMPANY,Electric,5.05,2032-10-15,6723000,0.00019595366265101022,0.7067010763973022,,,
2405,ARCH CAPITAL GROUP LTD,Insurance,3.63,2050-06-30,9502000,0.00019585291526661382,0.7500880495830803,350000.0,0.0002617576358438031,QLTA
2406,CISCO SYSTEMS INC,Technology,5.5,2055-02-24,6957000,0.00019575216788221742,0.7109917528520817,215000.0,0.00016079397630405047,QLTA
2407,PHILIP MORRIS INTERNATIONAL INC,Consumer Non-Cyclical,2.1,2030-05-01,7337000,0.00019555067311342463,0.7176611381257924,281000.0,0.0002101539876345962,QLTA
2408,THERMO FISHER SCIENTIFIC INC,Consumer Non-Cyclical,5.09,2033-08-10,6533000,0.00019544992572902823,0.7031058644900544,325000.0,0.00024306066185496002,QLTA
2409,DUKE ENERGY CORP,Electric,5.8,2054-06-15,7048000,0.00019534917834463183,0.7126214917686049,40000.0,0.0006576351440220965,LQDB
2410,AMGEN INC,Consumer Non-Cyclical,4.88,2053-03-01,7777000,0.00019534917834463183,0.7249649510142601,,,
2411,CHARTER COMMUNICATIONS OPERATING L,Communications,5.5,2063-04-01,8910000,0.0001952484309602354,0.7420208256552547,35000.0,0.0005754307510193344,LQDB
2412,WILLIAMS COMPANIES INC,Energy,5.3,2035-09-30,6673000,0.00019514768357583898,0.7057649154349775,10000.0,0.00016440878600552412,LQDB
2413,APPLE INC,Technology,3.75,2047-11-13,8860000,0.00019514768357583898,0.7413150976242874,542000.0,0.00040535039607811796,QLTA
2414,BANCO SANTANDER SA,Banking,3.49,2030-05-28,6997000,0.00019494618880704618,0.7117107316891041,414000.0,0.0003096218892552414,QLTA
2415,SIMON PROPERTY GROUP LP,Reits,2.45,2029-09-13,7084000,0.00019494618880704618,0.7132604220277368,340000.0,0.0002542788462482659,QLTA
2416,SHELL FINANCE US INC,Energy,4.13,2030-11-06,6771000,0.00019494618880704618,0.7075932636384781,390000.0,0.000291672794225952,QLTA
2417,MCDONALDS CORPORATION MTN,Consumer Cyclical,3.6,2030-07-01,6920000,0.00019494618880704618,0.7103230074487475,45000.0,0.0007398395370248586,LQDB
2418,MERCK & CO INC,Consumer Non-Cyclical,5.5,2046-03-15,6831000,0.00019494618880704618,0.708699645231313,170000.0,0.00012713942312413294,QLTA
2419,CHARTER COMMUNICATIONS OPERATING L,Communications,3.95,2062-06-30,11766000,0.00019484544142264978,0.7768891098960559,45000.0,0.0007398395370248586,LQDB
2420,PHILIP MORRIS INTERNATIONAL INC,Consumer Non-Cyclical,4.38,2041-11-15,7702000,0.00019464394665385696,0.7237496736557857,235000.0,0.00017575155549512495,QLTA
2421,AIRBNB INC,Consumer Cyclical,4.65,2031-03-16,6631000,0.00019454319926946056,0.7049731033206978,15000.0,0.0002466131790082862,LQDB
2422,CIGNA GROUP,Consumer Non-Cyclical,3.2,2040-03-15,8600000,0.00019454319926946056,0.7375798890500719,,,
2423,TRUIST FINANCIAL CORP MTN,Banking,1.95,2030-06-05,7387000,0.00019434170450066777,0.7185128633512694,203000.0,0.0001518194287894058,QLTA
2424,GENERAL DYNAMICS CORPORATION,Capital Goods,4.25,2040-04-01,7443000,0.0001942409571162713,0.7194599780685145,404000.0,0.00030214309965970415,QLTA
2425,AMERICAN TOWER CORPORATION,Communications,2.9,2030-01-15,7096000,0.00019414020973187491,0.7134726774354964,,,
2426,THERMO FISHER SCIENTIFIC INC,Consumer Non-Cyclical,4.1,2047-08-15,8152000,0.00019414020973187491,0.7308707226801117,210000.0,0.00015705458150628185,QLTA
2427,PACIFIC GAS AND ELECTRIC COMPANY,Electric,6.0,2035-08-15,6349000,0.00019393871496308212,0.6995231045430139,,,
2428,HOME DEPOT INC,Consumer Cyclical,4.65,2035-09-15,6806000,0.00019393871496308212,0.7082398385266219,200000.0,0.00014957579191074462,QLTA
2429,STANLEY BLACK & DECKER INC,Capital Goods,2.3,2030-03-15,7210000,0.00019383796757868572,0.7154713859768635,,,
2430,MARATHON PETROLEUM CORP,Energy,5.7,2035-03-01,6398000,0.00019383796757868572,0.700487252928494,25000.0,0.00041102196501381036,LQDB
2431,DUKE ENERGY CORP,Electric,5.7,2055-09-15,6990000,0.00019383796757868572,0.7115852075803858,,,
2432,SERVICENOW INC,Technology,6.3,2056-05-15,6711000,0.00019373722019428932,0.7064770342829622,55000.0,4.1133342775454777e-05,QLTA
2433,KKR & CO INC,Brokerage/Asset Managers/Exchanges,5.1,2035-08-07,6757000,0.00019373722019428932,0.7073336973775601,365000.0,0.00027297582023710893,QLTA
2434,LYB INTERNATIONAL FINANCE III LLC,Basic Industry,4.2,2049-10-15,9140000,0.00019333423065670367,0.7452169802800467,25000.0,0.00041102196501381036,LQDB
2435,BANK OF MONTREAL MTN,Banking,4.35,2031-09-22,6664000,0.00019323348327230727,0.7055956617748368,470000.0,0.0003515031109902499,QLTA
2436,CITIZENS FINANCIAL GROUP INC,Banking,3.25,2030-04-30,6967000,0.00019313273588791088,0.7111718843684687,35000.0,0.0005754307510193344,LQDB
2437,ROPER TECHNOLOGIES INC,Technology,4.9,2034-10-15,6829000,0.00019303198850351445,0.7086629226717102,45000.0,0.0007398395370248586,LQDB
2438,ELEVANCE HEALTH INC,Insurance,4.63,2042-05-15,7563000,0.00019293124111911805,0.7214657391796184,,,
2439,FLORIDA POWER & LIGHT CO,Electric,5.3,2053-04-01,7094000,0.00019272974635032526,0.713437326472571,245000.0,0.00018323034509066217,QLTA
2440,MARATHON PETROLEUM CORP,Energy,4.75,2044-09-15,7600000,0.00019262899896592886,0.7220777669043447,25000.0,0.00041102196501381036,LQDB
2441,BUNGE FINANCE LTD CORP,Consumer Non-Cyclical,4.65,2034-09-17,6771000,0.00019262899896592886,0.7075932636384781,20000.0,0.00032881757201104825,LQDB
2442,COMCAST CORPORATION,Communications,2.45,2052-08-15,13224000,0.0001925282515815324,0.7915391364783125,466000.0,0.000348511595152035,QLTA
2443,CHARLES SCHWAB CORPORATION (THE),Brokerage/Asset Managers/Exchanges,1.65,2031-03-11,7534000,0.000192427504197136,0.7209839450301252,104000.0,7.777941179358721e-05,QLTA
2444,CONSOLIDATED EDISON COMPANY OF NEW,Electric,5.75,2055-11-15,6822000,0.000192427504197136,0.7085343089645862,200000.0,0.00014957579191074462,QLTA
2445,HOME DEPOT INC,Consumer Cyclical,1.88,2031-09-15,7517000,0.0001923267568127396,0.7207006510178853,287000.0,0.00021464126139191853,QLTA
2446,RELX CAPITAL INC,Technology,4.75,2030-03-27,6509000,0.0001922260094283432,0.7026443119120829,240000.0,0.00017949095029289356,QLTA
2447,WALMART INC,Consumer Cyclical,4.5,2052-09-09,7700000,0.0001921252620439468,0.7237171044983121,340000.0,0.0002542788462482659,QLTA
2448,PFIZER INC,Consumer Non-Cyclical,2.63,2030-04-01,7019000,0.0001921252620439468,0.712104420066537,380000.0,0.0002841940046304148,QLTA
2449,AMERICAN INTERNATIONAL GROUP INC,Insurance,4.75,2048-04-01,7569000,0.0001920245146595504,0.7215651900493406,95000.0,7.10485011576037e-05,QLTA
2450,WESTPAC BANKING CORP,Banking,4.35,2030-07-01,6611000,0.0001920245146595504,0.7045942855121945,345000.0,0.0002580182410460345,QLTA
2451,COMCAST CORPORATION,Communications,5.65,2035-06-15,6525000,0.00019192376727515401,0.7029522022987998,161000.0,0.00012040851248814943,QLTA
2452,PHILIP MORRIS INTERNATIONAL INC,Consumer Non-Cyclical,4.0,2030-10-29,6725000,0.00019192376727515401,0.7067383778669847,285000.0,0.0002131455034728111,QLTA
2453,PACIFIC GAS AND ELECTRIC COMPANY,Electric,6.7,2053-04-01,6329000,0.0001918230198907576,0.6991274344241368,,,
2454,VERIZON COMMUNICATIONS INC,Communications,4.13,2046-08-15,8418000,0.0001918230198907576,0.734897430179776,,,
2455,CBRE SERVICES INC,Consumer Cyclical,5.25,2036-06-01,6677000,0.0001918230198907576,0.7058400660230827,10000.0,0.00016440878600552412,LQDB
2456,MIZUHO FINANCIAL GROUP INC,Banking,5.58,2035-05-26,6449000,0.0001918230198907576,0.7014829434625528,230000.0,0.00017201216069735633,QLTA
2457,CROWN CASTLE INC,Communications,2.1,2031-04-01,7454000,0.00019162152512196477,0.7196451808868453,45000.0,0.0007398395370248586,LQDB
2458,NORFOLK SOUTHERN CORPORATION,Transportation,4.55,2053-06-01,8053000,0.00019152077773756837,0.729338417720424,,,
2459,DOMINION ENERGY INC,Electric,2.25,2031-08-15,7375000,0.00019152077773756837,0.7183089762339077,,,
2460,M&T BANK CORPORATION,Banking,5.18,2031-07-08,6525000,0.00019152077773756837,0.7029522022987998,,,
2461,DTE ENERGY COMPANY,Electric,5.85,2034-06-01,6303000,0.00019152077773756837,0.6986111898629751,30000.0,0.0004932263580165724,LQDB
2462,ASCENSION HEALTH,Consumer Non-Cyclical,2.53,2029-11-15,6979000,0.00019152077773756837,0.7113877012124631,452000.0,0.00033804128971828286,QLTA
2463,ENTERGY LOUISIANA LLC,Electric,4.9,2036-04-15,6680000,0.00019142003035317197,0.7058963994253089,293000.0,0.0002191285351492409,QLTA
2464,BAKER HUGHES HOLDINGS LLC,Energy,4.65,2033-06-15,6733000,0.00019131928296877557,0.7068874728943809,232000.0,0.00017350791861646378,QLTA
2465,GILEAD SCIENCES INC,Consumer Non-Cyclical,2.8,2050-10-01,10626000,0.00019121853558437914,0.7641088038511636,625000.0,0.000467424349721077,QLTA
2466,ORACLE CORPORATION,Technology,6.15,2029-11-09,6369000,0.00019111778819998275,0.6999175302185122,,,
2467,ENBRIDGE INC,Energy,5.5,2046-12-01,6919000,0.00019111778819998275,0.7103048836622939,,,
2468,LOCKHEED MARTIN CORPORATION,Capital Goods,5.0,2035-08-15,6462000,0.00019111778819998275,0.7017354875835142,300000.0,0.00022436368786611695,QLTA
2469,IBM INTERNATIONAL CAPITAL PTE LTD,Technology,5.25,2044-02-05,7164000,0.00019101704081558635,0.7146687191422602,305000.0,0.00022810308266388556,QLTA
2470,FIFTH THIRD BANCORP,Banking,5.14,2037-01-29,6590000,0.00019081554604679352,0.7041952914110509,10000.0,0.00016440878600552412,LQDB
2471,CORNING INC,Technology,4.38,2057-11-15,8406000,0.0001905133038936043,0.7347185320893134,25000.0,0.00041102196501381036,LQDB
2472,GENERAL ELECTRIC CO MTN,Capital Goods,5.88,2038-01-14,6224000,0.0001905133038936043,0.6970294341333501,325000.0,0.00024306066185496002,QLTA
2473,WOODSIDE FINANCE LTD,Energy,5.7,2054-09-12,6830000,0.0001903118091248115,0.7086812852956755,25000.0,0.00041102196501381036,LQDB
2474,ALEXANDRIA REAL ESTATE EQUITIES IN,Reits,2.0,2032-05-18,7762000,0.0001903118091248115,0.724722835860582,55000.0,0.0009042483230303828,LQDB
2475,INTEL CORPORATION,Technology,5.05,2062-08-05,7944000,0.00019000956697162226,0.7276293930998144,,,
2476,MANULIFE FINANCIAL CORP,Insurance,5.38,2046-03-04,6771000,0.00019000956697162226,0.7075932636384781,222000.0,0.00016602912902092653,QLTA
2477,BRISTOL-MYERS SQUIBB CO,Consumer Non-Cyclical,5.9,2033-11-15,6138000,0.00019000956697162226,0.6952845348539266,239000.0,0.00017874307133333982,QLTA
2478,CIGNA GROUP,Consumer Non-Cyclical,3.88,2047-10-15,8676000,0.00018990881958722586,0.7386832734602546,,,
2479,HEALTHPEAK OP LLC,Reits,3.0,2030-01-15,6909000,0.00018960657743403666,0.7101235015940136,17000.0,0.000279494936209391,LQDB
2480,LEIDOS INC,Technology,2.3,2031-02-15,7247000,0.00018940508266524384,0.7161133018814726,,,
2481,UNION PACIFIC CORPORATION,Transportation,3.2,2041-05-20,8459000,0.00018920358789645104,0.7355067469139136,310000.0,0.00023184247746165418,QLTA
2482,VERIZON COMMUNICATIONS INC,Communications,2.85,2041-09-03,9223000,0.00018910284051205462,0.7463506617827743,10000.0,0.00016440878600552412,LQDB
2483,DEVON ENERGY CORPORATION 144A,Energy,5.4,2035-02-15,6366000,0.00018910284051205462,0.6998584453928506,,,
2484,PACIFIC GAS AND ELECTRIC COMPANY,Electric,6.0,2056-05-01,6758000,0.0001890020931276582,0.7073522556521256,10000.0,0.00016440878600552412,LQDB
2485,BP CAPITAL MARKETS AMERICA INC,Energy,2.77,2050-11-10,10739000,0.0001890020931276582,0.7654353832266048,605000.0,0.0004524667705300025,QLTA
2486,BERKSHIRE HATHAWAY ENERGY CO,Electric,4.25,2050-10-15,8261000,0.0001889013457432618,0.7325364294783425,310000.0,0.00023184247746165418,QLTA
2487,ELEVANCE HEALTH INC,Insurance,5.85,2064-11-01,6749000,0.0001888005983588654,0.7071851322304384,10000.0,0.00016440878600552412,LQDB
2488,DIAGEO CAPITAL PLC,Consumer Non-Cyclical,5.5,2033-01-24,6165000,0.000188699850974469,0.6958349711735068,240000.0,0.00017949095029289356,QLTA
2489,CIGNA GROUP,Consumer Non-Cyclical,5.4,2033-03-15,6252000,0.000188699850974469,0.6975923416389148,55000.0,0.0009042483230303828,LQDB
2490,ARES CAPITAL CORPORATION,Finance Companies,5.55,2030-01-15,6435000,0.0001885991035900726,0.7012104029078998,,,
2491,LOCKHEED MARTIN CORPORATION,Capital Goods,5.2,2064-02-15,7098000,0.0001883976088212798,0.7135080184361946,423000.0,0.0003163527998912249,QLTA
2492,GENERAL MOTORS CO,Consumer Cyclical,5.63,2030-04-15,6226000,0.00018829686143688335,0.6970697257128603,,,
2493,HUMANA INC,Insurance,2.15,2032-02-03,7398000,0.00018829686143688335,0.718699469126873,40000.0,0.0006576351440220965,LQDB
2494,BOEING CO,Capital Goods,3.75,2050-02-01,8886000,0.00018819611405248695,0.7416825718017777,,,
2495,SOUTHERN CALIFORNIA EDISON COMPANY,Electric,5.2,2034-06-01,6524000,0.00018819611405248695,0.7029329812795045,265000.0,0.00019818792428173663,QLTA
2496,AMERICAN HONDA FINANCE CORPORATION MTN,Consumer Cyclical,4.9,2034-01-10,6630000,0.00018809536666809055,0.7049541895826111,370000.0,0.00027671521503487757,QLTA
2497,DELL INTERNATIONAL LLC,Technology,5.3,2032-04-01,6288000,0.00018809536666809055,0.6983123869097322,80000.0,0.001315270288044193,LQDB
2498,DUKE ENERGY CAROLINAS LLC,Electric,5.3,2040-02-15,6469000,0.00018799461928369415,0.7018712625223096,256000.0,0.00019145701364575314,QLTA
2499,T-MOBILE USA INC,Communications,4.95,2035-11-15,6645000,0.00018799461928369415,0.7052375965736161,,,
2500,ROYAL BANK OF CANADA (FXD-FRN) MTN,Banking,4.3,2031-11-03,6540000,0.00018799461928369415,0.7032401646300266,385000.0,0.00028793339942818344,QLTA
2501,PEPSICO INC,Consumer Non-Cyclical,3.45,2046-10-06,8763000,0.00018779312451490133,0.7399345546700065,336000.0,0.000251287330410051,QLTA
2502,ELEVANCE HEALTH INC,Insurance,4.65,2044-08-15,7417000,0.00018769237713050493,0.7190211356228775,,,
2503,CANADIAN IMPERIAL BANK (FXD-FRN),Banking,4.58,2031-09-08,6407000,0.00018759162974610853,0.7006635384493343,335000.0,0.00025053945145049725,QLTA
2504,ENERGY TRANSFER PARTNERS LP,Energy,5.3,2047-04-15,7255000,0.00018749088236171213,0.7162516635450981,25000.0,0.00041102196501381036,LQDB
2505,APPLE INC,Technology,3.75,2047-09-12,8466000,0.0001873901349773157,0.7356104813695812,320000.0,0.0002393212670571914,QLTA
2506,ENTERGY LOUISIANA LLC,Electric,5.8,2055-03-15,6495000,0.00018728938759291928,0.7023742863445068,185000.0,0.00013835760751743878,QLTA
2507,STARBUCKS CORPORATION,Consumer Cyclical,3.5,2050-11-15,9411000,0.00018728938759291928,0.7488812421786369,51000.0,0.0008384848086281731,LQDB
2508,ONCOR ELECTRIC DELIVERY COMPANY LL,Electric,5.55,2054-06-15,6788000,0.00018718864020852288,0.7079077306787628,230000.0,0.00017201216069735633,QLTA
2509,SANTANDER UK GROUP HOLDINGS PLC,Banking,5.14,2036-09-22,6570000,0.00018718864020852288,0.7038141131840078,,,
2510,JEFFERIES GROUP LLC MTN,Brokerage/Asset Managers/Exchanges,2.63,2031-10-15,7306000,0.0001869871454397301,0.7171301486355796,35000.0,0.0005754307510193344,LQDB
2511,JOHN DEERE CAPITAL CORP MTN,Capital Goods,5.05,2034-06-12,6377000,0.0001869871454397301,0.7000749537949944,305000.0,0.00022810308266388556,QLTA
2512,T-MOBILE USA INC,Communications,4.63,2033-01-15,6605000,0.0001869871454397301,0.7044804166725184,,,
2513,UNITEDHEALTH GROUP INC,Insurance,4.95,2062-05-15,7655000,0.0001867856506709373,0.7229820533145993,95000.0,7.10485011576037e-05,QLTA
2514,PARKER HANNIFIN CORPORATION,Capital Goods,4.5,2029-09-15,6336000,0.0001867856506709373,0.6992660610124386,365000.0,0.00027297582023710893,QLTA
2515,T-MOBILE USA INC,Communications,5.25,2055-06-15,7435000,0.0001866849032865409,0.7193251131111453,20000.0,0.00032881757201104825,LQDB
2516,LYONDELLBASELL INDUSTRIES NV,Basic Industry,4.63,2055-02-26,8362000,0.00018648340851774804,0.73406038032031,30000.0,0.0004932263580165724,LQDB
2517,ASTRAZENECA FINANCE LLC,Consumer Non-Cyclical,4.6,2036-03-02,6565000,0.00018628191374895524,0.7037186373208904,205000.0,0.00015331518670851324,QLTA
2518,NETFLIX INC,Communications,5.25,2036-08-15,6445000,0.00018628191374895524,0.7014051351522254,255000.0,0.0001907091346861994,QLTA
2519,ONEOK INC,Energy,5.2,2048-07-15,7383000,0.00018608041898016242,0.7184449378031511,15000.0,0.0002466131790082862,LQDB
2520,CHENIERE CORPUS CHRISTI HOLDINGS L,Energy,3.7,2029-11-15,6552000,0.00018608041898016242,0.7034700593601224,25000.0,0.00041102196501381036,LQDB
2521,NORTHERN TRUST CORPORATION,Banking,6.13,2032-11-02,5926000,0.0001856774294425768,0.6908765216378742,360000.0,0.00026923642543934034,QLTA
2522,VIRGINIA ELECTRIC AND POWER COMPAN,Electric,2.95,2051-11-15,10434000,0.0001856774294425768,0.761822107285246,360000.0,0.00026923642543934034,QLTA
2523,ROYALTY PHARMA PLC,Consumer Non-Cyclical,3.55,2050-09-02,9235000,0.00018547593467378398,0.7465137228613082,35000.0,0.0005754307510193344,LQDB
2524,TARGET CORPORATION,Consumer Cyclical,2.95,2052-01-15,10274000,0.00018547593467378398,0.7598841503868807,340000.0,0.0002542788462482659,QLTA
2525,MERCK & CO INC,Consumer Non-Cyclical,4.55,2032-09-15,6349000,0.00018537518728938758,0.6995231045430139,405000.0,0.0003028909786192579,QLTA
2526,RIO TINTO FINANCE (USA) LTD,Basic Industry,2.75,2051-11-02,10564000,0.00018537518728938758,0.7633749397948052,402000.0,0.00030064734174059673,QLTA
2527,DEUTSCHE BANK AG (NEW YORK BRANCH),Banking,3.04,2032-05-28,6989000,0.00018537518728938758,0.7115672653040626,,,
2528,ASCENSION HEALTH,Consumer Non-Cyclical,4.92,2035-11-15,6444000,0.00018527443990499118,0.7013856755292293,25000.0,1.8696973988843078e-05,QLTA
2529,VISA INC,Technology,2.0,2050-08-15,12064000,0.00018507294513619838,0.7800257775595207,473000.0,0.00035374674786891106,QLTA
2530,HESS CORP,Energy,6.0,2040-01-15,6123000,0.00018477070298300913,0.6949776897286205,100000.0,7.478789595537231e-05,QLTA
2531,SOUTHERN COMPANY (THE),Electric,5.2,2033-06-15,6303000,0.00018477070298300913,0.6986111898629751,,,
2532,SANTANDER HOLDINGS USA INC,Banking,5.7,2037-06-05,6396000,0.00018477070298300913,0.7004480446930184,30000.0,0.0004932263580165724,LQDB
2533,KLA CORP,Technology,3.3,2050-03-01,9279000,0.00018466995559861273,0.7471098060583684,200000.0,0.00014957579191074462,QLTA
2534,KINDER MORGAN INC,Energy,5.95,2054-08-01,6302000,0.00018466995559861273,0.6985912918002366,,,
2535,PACIFIC GAS AND ELECTRIC COMPANY,Electric,3.25,2031-06-01,6857000,0.00018466995559861273,0.7091760625260604,100000.0,0.0016440878600552415,LQDB
2536,VERIZON COMMUNICATIONS INC,Communications,5.01,2054-08-21,7430000,0.00018456920821421634,0.7192407488024493,,,
2537,ABBVIE INC,Consumer Non-Cyclical,5.6,2055-03-15,6481000,0.00018456920821421634,0.7021036781072517,300000.0,0.00022436368786611695,QLTA
2538,PACIFIC GAS AND ELECTRIC COMPANY,Electric,6.15,2055-03-01,6504000,0.00018456920821421634,0.702547940939733,50000.0,0.0008220439300276207,LQDB
2539,TORONTO-DOMINION BANK/THE MTN,Banking,2.0,2031-09-10,7148000,0.00018456920821421634,0.7143883220659225,250000.0,0.0001869697398884308,QLTA
2540,MARSH & MCLENNAN COMPANIES INC,Insurance,2.25,2030-11-15,6981000,0.00018446846082981994,0.7114236346053014,240000.0,0.00017949095029289356,QLTA
2541,CHUBB INA HOLDINGS LLC,Insurance,1.38,2030-09-15,7204000,0.00018446846082981994,0.7153669811920232,355000.0,0.0002654970306415717,QLTA
2542,BANCO SANTANDER SA,Banking,2.96,2031-03-25,6862000,0.0001843677134454235,0.7092674741054029,450000.0,0.00033654553179917544,QLTA
2543,RAYTHEON TECHNOLOGIES CORPORATION,Capital Goods,4.15,2045-05-15,7805000,0.0001843677134454235,0.7254156524522778,50000.0,0.0008220439300276207,LQDB
2544,CRH AMERICA FINANCE INC,Capital Goods,4.4,2031-02-09,6316000,0.00018426696606102711,0.698869577785736,60000.0,0.0009864527160331447,LQDB
2545,HSBC HOLDINGS PLC,Banking,6.1,2042-01-14,6062000,0.00018426696606102711,0.6937220600436255,190000.0,0.0001420970023152074,QLTA
2546,RAYMOND JAMES FINANCIAL INC.,Brokerage/Asset Managers/Exchanges,4.95,2046-07-15,7299000,0.00018426696606102711,0.717009935989465,300000.0,0.00022436368786611695,QLTA
2547,CANADIAN IMPERIAL BANK OF COMMERCE,Banking,4.63,2030-09-11,6247000,0.00018416621867663072,0.6974920075747201,290000.0,0.00021688489827057972,QLTA
2548,CHENIERE ENERGY PARTNERS LP 144A,Energy,5.35,2036-11-30,6411000,0.00018416621867663072,0.7007418080977774,,,
2549,TARGA RESOURCES CORP,Energy,4.95,2052-04-15,7469000,0.00018406547129223432,0.7198972902128167,25000.0,0.00041102196501381036,LQDB
2550,TORONTO-DOMINION BANK/THE MTN,Banking,4.41,2031-01-13,6411000,0.00018406547129223432,0.7007418080977774,130000.0,9.722426474198401e-05,QLTA
2551,NATIONAL GRID PLC,Electric,5.42,2034-01-11,6271000,0.00018406547129223432,0.6979728806616886,25000.0,0.00041102196501381036,LQDB
2552,WESTPAC BANKING CORP,Banking,4.42,2039-07-24,6965000,0.0001839647239078379,0.711135878758073,270000.0,0.00020192731907950524,QLTA
2553,AT&T INC,Communications,5.65,2047-02-15,6629000,0.00018386397652344147,0.7049352729915582,,,
2554,CHARTER COMMUNICATIONS OPERATING L,Communications,5.38,2038-04-01,7088000,0.00018366248175464867,0.713331213754227,,,
2555,GILEAD SCIENCES INC,Consumer Non-Cyclical,4.8,2029-11-15,6196000,0.00018356173437025227,0.6964639885499364,285000.0,0.0002131455034728111,QLTA
2556,INTEL CORPORATION,Technology,4.6,2040-03-25,7035000,0.00018356173437025227,0.7123899646103314,10000.0,0.00016440878600552412,LQDB
2557,INTEL CORPORATION,Technology,4.95,2060-03-25,7727000,0.00018346098698585587,0.7241560760470557,,,
2558,UNITEDHEALTH GROUP INC,Insurance,3.13,2060-05-15,10714000,0.00018325949221706308,0.7651430987048226,380000.0,0.0002841940046304148,QLTA
2559,EXPAND ENERGY CORP,Energy,5.7,2035-01-15,6272000,0.00018325949221706308,0.6979928770804741,30000.0,0.0004932263580165724,LQDB
2560,MERCK & CO INC,Consumer Non-Cyclical,2.9,2061-12-10,11282000,0.00018315874483266668,0.7716213058355286,479000.0,0.0003582340216262334,QLTA
2561,ALTRIA GROUP INC,Consumer Non-Cyclical,4.25,2042-08-09,7636000,0.00018305799744827023,0.7226704001213371,,,
2562,JOHNSON & JOHNSON,Consumer Non-Cyclical,3.75,2047-03-03,7996000,0.00018305799744827023,0.7284476133282981,343000.0,0.00025652248312692705,QLTA
2563,T-MOBILE USA INC,Communications,2.7,2032-03-15,7033000,0.00018305799744827023,0.7123543070780619,,,
2564,KINDER MORGAN INC,Energy,5.45,2052-08-01,6707000,0.00018275575529508103,0.7064022645444841,15000.0,0.0002466131790082862,LQDB
2565,ATLAS WAREHOUSE LENDING COMPANY LP 144A,Financial Other,5.25,2033-01-15,6435000,0.00018275575529508103,0.7012104029078998,,,
2566,APPLE INC,Technology,2.38,2041-02-08,8924000,0.00018265500791068463,0.7422177198935316,400000.0,0.00029915158382148925,QLTA
2567,WALMART INC,Consumer Cyclical,6.2,2038-04-15,5648000,0.0001824535131418918,0.6848509465496205,325000.0,0.00024306066185496002,QLTA
2568,BRISTOL-MYERS SQUIBB CO,Consumer Non-Cyclical,2.35,2040-11-13,9053000,0.0001824535131418918,0.7440175586166542,177000.0,0.000132374575841009,QLTA
2569,AMEREN CORPORATION,Electric,3.5,2031-01-15,6625000,0.0001824535131418918,0.7048595780804643,30000.0,0.0004932263580165724,LQDB
2570,APPLE INC,Technology,2.2,2029-09-11,6600000,0.0001823527657574954,0.7043854469291327,547000.0,0.00040908979087588655,QLTA
2571,CDW LLC,Technology,3.57,2031-12-01,6827000,0.0001823527657574954,0.7086261893556457,,,
2572,MERCK & CO INC,Consumer Non-Cyclical,4.3,2030-05-17,6256000,0.00018205052360430616,0.6976725511332686,260000.0,0.00019444852948396802,QLTA
2573,ROYALTY PHARMA PLC,Consumer Non-Cyclical,3.3,2040-09-02,8092000,0.00018194977621990976,0.729944289950692,35000.0,0.0005754307510193344,LQDB
2574,MIDAMERICAN ENERGY COMPANY,Electric,4.25,2049-07-15,7922000,0.00018194977621990976,0.7272816094553596,237000.0,0.0001772473134142324,QLTA
2575,SANOFI SA MTN,Consumer Non-Cyclical,4.2,2032-11-03,6361000,0.00018184902883551336,0.6997599087804521,285000.0,0.0002131455034728111,QLTA
2576,ELI LILLY AND COMPANY,Consumer Non-Cyclical,5.2,2064-08-14,6800000,0.00018164753406672057,0.7081292336038439,275000.0,0.00020566671387727386,QLTA
2577,EOG RESOURCES INC,Energy,5.95,2055-07-15,6268000,0.00018164753406672057,0.6979128722674593,300000.0,0.00022436368786611695,QLTA
2578,JBS NV,Consumer Non-Cyclical,6.38,2055-02-25,6330000,0.00018164753406672057,0.6991472476069173,20000.0,0.00032881757201104825,LQDB
2579,BURLINGTON NORTHERN SANTA FE LLC,Transportation,5.55,2056-03-15,6430000,0.00018134529191353132,0.7011129232759826,374000.0,0.00027970673087309247,QLTA
2580,PROLOGIS LP,Reits,5.13,2034-01-15,6239000,0.00018134529191353132,0.6973313059155075,229000.0,0.0001712642817378026,QLTA
2581,UNITEDHEALTH GROUP INC,Insurance,3.88,2059-08-15,8808000,0.00018124454452913492,0.7405769030445716,450000.0,0.00033654553179917544,QLTA
2582,SHERWIN-WILLIAMS COMPANY (THE),Basic Industry,2.95,2029-08-15,6449000,0.00018114379714473852,0.7014829434625528,,,
2583,DUPONT DE NEMOURS INC,Basic Industry,5.32,2038-11-15,6337000,0.00018104304976034212,0.6992858523073819,28000.0,0.0004603446008154676,LQDB
2584,ENTERPRISE PRODUCTS OPERATING LLC,Energy,4.85,2042-08-15,6700000,0.00018104304976034212,0.7062713101384575,325000.0,0.00024306066185496002,QLTA
2585,MICRON TECHNOLOGY INC,Technology,2.7,2032-04-15,6927000,0.00018094230237594572,0.7104498006683346,,,
2586,BOEING CO,Capital Goods,2.95,2030-02-01,6510000,0.00018094230237594572,0.7026635772228431,,,
2587,ENTERPRISE PRODUCTS OPERATING LLC,Energy,3.2,2052-02-15,9448000,0.0001807408076071529,0.7493733239368359,395000.0,0.00029541218902372066,QLTA
2588,UNITEDHEALTH GROUP INC,Insurance,2.75,2040-05-15,8496000,0.0001807408076071529,0.73605408827058,312000.0,0.00023333823538076163,QLTA
2589,MCDONALDS CORPORATION MTN,Consumer Cyclical,4.7,2035-12-09,6367000,0.00018023707068517085,0.6998781434279412,,,
2590,RIO TINTO FINANCE (USA) PLC,Basic Industry,4.13,2042-08-21,7234000,0.00018023707068517085,0.7158881380861717,226000.0,0.00016902064485914143,QLTA
2591,ELEVANCE HEALTH INC,Insurance,4.75,2030-02-15,6067000,0.00018023707068517085,0.6938254548389516,,,
2592,CIGNA GROUP,Consumer Non-Cyclical,6.0,2056-01-15,6272000,0.00018013632330077446,0.6979928770804741,10000.0,0.00016440878600552412,LQDB
2593,WILLIAMS COMPANIES INC,Energy,5.3,2052-08-15,6816000,0.00018013632330077446,0.7084239635635847,,,
2594,THERMO FISHER SCIENTIFIC INC,Consumer Non-Cyclical,2.8,2041-10-15,8585000,0.00018013632330077446,0.7373609639898525,466000.0,0.000348511595152035,QLTA
2595,ECOLAB INC,Basic Industry,2.7,2051-12-15,10464000,0.00018013632330077446,0.7621821636340647,315000.0,0.0002355818722594228,QLTA
2596,CHEVRON USA INC,Energy,4.98,2035-04-15,6112000,0.00018003557591637806,0.6947521918433235,255000.0,0.0001907091346861994,QLTA
2597,INTEL CORPORATION,Technology,4.1,2047-05-11,8294000,0.00018003557591637806,0.7330363937557457,,,
2598,AMPHENOL CORPORATION,Capital Goods,5.0,2035-01-15,6260000,0.00018003557591637806,0.6977527093591664,330000.0,0.00024680005665272866,QLTA
2599,MICROCHIP TECHNOLOGY INCORPORATED,Technology,5.05,2030-02-15,6027000,0.00017993482853198166,0.6929958997046332,30000.0,0.0004932263580165724,LQDB
2600,APPLE INC,Technology,4.45,2044-05-06,7058000,0.00017983408114758526,0.7127992991713494,304000.0,0.00022735520370433183,QLTA
2601,CATERPILLAR INC,Capital Goods,2.6,2030-04-09,6549000,0.0001796325863787924,0.7034126251754008,331000.0,0.00024754793561228234,QLTA
2602,WALT DISNEY CO,Communications,4.63,2040-03-23,6595000,0.0001796325863787924,0.704290405211702,457000.0,0.0003417806845160515,QLTA
2603,BURLINGTON NORTHERN SANTA FE LLC,Transportation,4.55,2044-09-01,7024000,0.0001794310916099996,0.7121937225983653,350000.0,0.0002617576358438031,QLTA
2604,MERCK & CO INC,Consumer Non-Cyclical,2.45,2050-06-24,10881000,0.0001794310916099996,0.7670827585065293,445000.0,0.0003328061370014068,QLTA
2605,TOTALENERGIES CAPITAL SA,Energy,4.72,2034-09-10,6174000,0.0001794310916099996,0.6960179143717371,545000.0,0.0004075940329567791,QLTA
2606,MCDONALDS CORPORATION MTN,Consumer Cyclical,4.45,2048-09-01,7416000,0.00017933034422560321,0.7190042263610509,25000.0,0.00041102196501381036,LQDB
2607,ACCENTURE CAPITAL INC,Technology,4.05,2029-10-04,6178000,0.0001791288494568104,0.6960991368746718,335000.0,0.00025053945145049725,QLTA
2608,DUKE ENERGY CORP,Electric,2.45,2030-06-01,6677000,0.0001791288494568104,0.7058400660230827,110000.0,0.0018084966460607656,LQDB
2609,PHILIP MORRIS INTERNATIONAL INC,Consumer Non-Cyclical,4.38,2030-04-30,6168000,0.0001791288494568104,0.6958959818972338,295000.0,0.00022062429306834834,QLTA
2610,ENBRIDGE INC,Energy,2.5,2033-08-01,7160000,0.000179028102072414,0.7145986786265341,90000.0,0.0014796790740497171,LQDB
2611,AMGEN INC,Consumer Non-Cyclical,4.2,2052-02-22,7911000,0.000179028102072414,0.7271073552819786,,,
2612,SANTANDER HOLDINGS USA INC,Banking,5.35,2030-09-06,5970000,0.000179028102072414,0.6918042211888937,,,
2613,CISCO SYSTEMS INC,Technology,4.75,2030-02-24,5993000,0.000179028102072414,0.6922864375187945,205000.0,0.00015331518670851324,QLTA
2614,HONDA MOTOR CO LTD,Consumer Cyclical,2.97,2032-03-10,6787000,0.0001789273546880176,0.7078892544297205,25000.0,0.00041102196501381036,LQDB
2615,NOVARTIS CAPITAL CORP,Consumer Non-Cyclical,4.7,2054-09-18,7088000,0.0001789273546880176,0.713331213754227,312000.0,0.00023333823538076163,QLTA
2616,DOW CHEMICAL CO,Basic Industry,4.8,2031-01-15,6231000,0.0001789273546880176,0.6971703980632514,,,
2617,L3HARRIS TECHNOLOGIES INC,Capital Goods,5.35,2034-06-01,6046000,0.00017872585991922477,0.6933906226781993,40000.0,0.0006576351440220965,LQDB
2618,ONCOR ELECTRIC DELIVERY COMPANY LL,Electric,4.95,2052-09-15,6971000,0.00017872585991922477,0.711243864591508,306000.0,0.00022885096162343928,QLTA
2619,DOW CHEMICAL CO,Basic Industry,5.55,2048-11-30,6944000,0.00017872585991922477,0.7107571944034541,,,
2620,APPLE INC,Technology,4.2,2030-05-12,6113000,0.00017872585991922477,0.6947727084143545,385000.0,0.00028793339942818344,QLTA
2621,CF INDUSTRIES INC,Basic Industry,5.3,2035-11-26,6175000,0.00017872585991922477,0.6960382249297453,,,
2622,BROADCOM INC,Technology,5.05,2030-04-15,5979000,0.00017852436515043195,0.6919931354201702,100000.0,7.478789595537231e-05,QLTA
2623,TARGET CORPORATION,Consumer Cyclical,4.8,2053-01-15,7076000,0.00017842361776603555,0.713118718577465,355000.0,0.0002654970306415717,QLTA
2624,BERKSHIRE HATHAWAY ENERGY CO,Electric,4.5,2045-02-01,7165000,0.00017832287038163915,0.7146862231607332,217000.0,0.00016228973422315792,QLTA
2625,BLUE OWL CREDIT INCOME CORP,Finance Companies,6.65,2031-03-15,5981000,0.00017822212299724275,0.6920350777416808,,,
2626,CME GROUP INC,Brokerage/Asset Managers/Exchanges,2.65,2032-03-15,6731000,0.00017812137561284635,0.7068502157520549,465000.0,0.00034776371619248125,QLTA
2627,ELI LILLY AND COMPANY,Consumer Non-Cyclical,4.55,2032-10-15,6117000,0.00017802062822844995,0.6948547411500007,420000.0,0.0003141091630125637,QLTA
2628,COCA-COLA CO,Consumer Non-Cyclical,2.88,2041-05-05,8120000,0.0001779198808440535,0.73037747704859,335000.0,0.00025053945145049725,QLTA
2629,WALMART INC,Consumer Cyclical,2.65,2051-09-22,10075000,0.0001779198808440535,0.7574312636504682,530000.0,0.00039637584856347326,QLTA
2630,EQUINIX INC,Technology,2.5,2031-05-15,6811000,0.0001778191334596571,0.7083319348369572,,,
2631,KINDER MORGAN INC,Energy,3.6,2051-02-15,8728000,0.0001778191334596571,0.7394326657255723,75000.0,0.001233065895041431,LQDB
2632,VIATRIS INC,Consumer Non-Cyclical,3.85,2040-06-22,7843000,0.0001777183860752607,0.7260247393507171,,,
2633,CANADIAN NATURAL RESOURCES LTD,Energy,5.4,2034-12-15,6047000,0.00017741614392207148,0.6934113631959256,,,
2634,WILLIAMS COMPANIES INC,Energy,4.63,2030-06-30,6124000,0.00017741614392207148,0.6949981694445387,,,
2635,KINDER MORGAN INC,Energy,5.2,2048-03-01,6713000,0.00017731539653767508,0.7065144024418045,,,
2636,STARBUCKS CORPORATION,Consumer Cyclical,4.5,2048-11-15,7439000,0.00017701315438448586,0.719392563719278,10000.0,0.00016440878600552412,LQDB
2637,ANHEUSER-BUSCH INBEV WORLDWIDE INC,Consumer Non-Cyclical,4.5,2050-06-01,6908000,0.00017701315438448586,0.7101053489501159,105000.0,7.852729075314093e-05,QLTA
2638,SANTANDER UK GROUP HOLDINGS PLC,Banking,4.86,2030-09-11,5979000,0.00017691240700008944,0.6919931354201702,,,
2639,ARES CAPITAL CORPORATION,Finance Companies,5.8,2032-03-08,6012000,0.00017691240700008944,0.6926833963280038,55000.0,0.0009042483230303828,LQDB
2640,TELEDYNE TECHNOLOGIES INCORPORATED,Technology,2.75,2031-04-01,6613000,0.00017681165961569304,0.7046322188277128,30000.0,0.0004932263580165724,LQDB
2641,ASTRAZENECA PLC,Consumer Non-Cyclical,4.38,2048-08-17,7104000,0.00017671091223129664,0.7136139817210347,205000.0,0.00015331518670851324,QLTA
2642,ROGERS COMMUNICATIONS INC,Communications,4.5,2042-03-15,7167000,0.00017661016484690024,0.7147212238699047,,,
2643,GLOBAL PAYMENTS INC,Technology,5.95,2052-08-15,6380000,0.00017640867007810744,0.7001339367263071,,,
2644,GENERAL MOTORS CO,Consumer Cyclical,5.0,2035-04-01,6225000,0.00017640867007810744,0.6970495815412409,40000.0,0.0006576351440220965,LQDB
2645,FIDELITY NATIONAL INFORMATION SERV,Technology,5.1,2032-07-15,6075000,0.00017630792269371105,0.6939907094043206,45000.0,0.0007398395370248586,LQDB
2646,FLORIDA POWER & LIGHT CO,Electric,2.88,2051-12-04,9898000,0.00017630792269371105,0.7552084913365433,441000.0,0.0003298146211631919,QLTA
2647,GLAXOSMITHKLINE CAPITAL INC,Consumer Non-Cyclical,4.5,2030-04-15,5988000,0.0001762071753093146,0.6921817654985726,345000.0,0.0002580182410460345,QLTA
2648,SUMISHO AIR LEASE CORP,Finance Companies,3.13,2030-12-01,6509000,0.0001762071753093146,0.7026443119120829,,,
2649,PEPSICO INC,Consumer Non-Cyclical,2.75,2051-10-21,9949000,0.0001761064279249182,0.7558530017033485,415000.0,0.0003103697682147951,QLTA
2650,JOHNSON & JOHNSON,Consumer Non-Cyclical,2.45,2060-09-01,11387000,0.0001760056805405218,0.7727830585273252,525000.0,0.00039263645376570467,QLTA
2651,ROGERS COMMUNICATIONS INC,Communications,5.0,2044-03-15,6821000,0.0001760056805405218,0.7085159248056224,40000.0,0.0006576351440220965,LQDB
2652,WESTERN MIDSTREAM OPERATING LP,Energy,5.25,2050-02-01,6921000,0.00017560269100293618,0.710341128616346,25000.0,0.00041102196501381036,LQDB
2653,GENERAL MILLS INC,Consumer Non-Cyclical,2.88,2030-04-15,6391000,0.00017550194361853978,0.7003499704406223,,,
2654,NEXTERA ENERGY CAPITAL HOLDINGS IN,Electric,5.55,2054-03-15,6416000,0.00017550194361853978,0.7008395765132286,,,
2655,MIZUHO FINANCIAL GROUP INC,Banking,5.67,2033-09-13,5750000,0.00017540119623414335,0.6870955351749889,252000.0,0.00018846549780753824,QLTA
2656,NEXTERA ENERGY CAPITAL HOLDINGS IN,Electric,5.05,2030-03-15,5844000,0.00017509895408095413,0.6891290985838279,,,
2657,WILLIAMS COMPANIES INC,Energy,4.85,2048-03-01,6969000,0.00017509895408095413,0.7112078796443035,,,
2658,NEXTERA ENERGY CAPITAL HOLDINGS IN,Electric,5.45,2035-03-15,5864000,0.00017499820669655773,0.689557549769786,30000.0,0.0004932263580165724,LQDB
2659,SIMON PROPERTY GROUP LP,Reits,2.65,2030-07-15,6476000,0.00017489745931216133,0.7020068906206636,202000.0,0.00015107154982985208,QLTA
2660,BERRY GLOBAL INC,Capital Goods,5.8,2031-06-15,5766000,0.00017479671192776493,0.6874440106757629,15000.0,0.0002466131790082862,LQDB
2661,TEXAS INSTRUMENTS INC,Technology,4.9,2033-03-14,5867000,0.00017469596454336854,0.6896216913823754,315000.0,0.0002355818722594228,QLTA
2662,LLOYDS BANKING GROUP PLC,Banking,5.3,2045-12-01,6496000,0.0001742929750057829,0.7023935931785295,,,
2663,APOLLO GLOBAL MANAGEMENT INC,Brokerage/Asset Managers/Exchanges,5.7,2036-03-30,5906000,0.0001741922276213865,0.6904525606521186,260000.0,0.00019444852948396802,QLTA
2664,CHARLES SCHWAB CORPORATION (THE),Brokerage/Asset Managers/Exchanges,2.9,2032-03-03,6544000,0.0001741922276213865,0.7033168430427776,315000.0,0.0002355818722594228,QLTA
2665,SOUTHERN CALIFORNIA EDISON COMPANY,Electric,5.45,2035-03-01,5899000,0.0001741922276213865,0.6903038350470495,295000.0,0.00022062429306834834,QLTA
2666,APPLOVIN CORP,Communications,5.5,2034-12-01,5982000,0.0001741922276213865,0.6920560436432838,30000.0,0.0004932263580165724,LQDB
2667,DIAGEO CAPITAL PLC,Consumer Non-Cyclical,2.13,2032-04-29,6901000,0.0001740914802369901,0.7099782068172718,190000.0,0.0001420970023152074,QLTA
2668,PRUDENTIAL FINANCIAL INC MTN,Insurance,5.7,2036-12-14,5822000,0.0001740914802369901,0.6886561054149883,419000.0,0.00031336128405301,QLTA
2669,TWDC ENTERPRISES 18 CORP MTN,Communications,4.13,2044-06-01,7326000,0.0001739907328525937,0.7174729797406865,272000.0,0.0002034230769986127,QLTA
2670,AMGEN INC,Consumer Non-Cyclical,5.65,2056-02-19,6187000,0.0001739907328525937,0.6962816953964094,,,
2671,JOHNSON & JOHNSON,Consumer Non-Cyclical,4.95,2034-06-01,5829000,0.00017388998546819727,0.6888067968383267,379000.0,0.00028344612567086106,QLTA
2672,PHILIP MORRIS INTERNATIONAL INC,Consumer Non-Cyclical,4.88,2036-04-29,6107000,0.00017388998546819727,0.6946495586105328,260000.0,0.00019444852948396802,QLTA
2673,COMCAST CORPORATION,Communications,4.0,2048-03-01,8431000,0.00017388998546819727,0.7350909488865744,254000.0,0.0001899612557266457,QLTA
2674,GLP CAPITAL LP,Consumer Cyclical,5.63,2034-09-15,5954000,0.00017378923808380087,0.6914676693863755,30000.0,0.0004932263580165724,LQDB
2675,BRIXMOR OPERATING PARTNERSHIP LP,Reits,4.05,2030-07-01,6142000,0.00017378923808380087,0.6953662335800391,15000.0,0.0002466131790082862,LQDB
2676,AMCOR FLEXIBLES NORTH AMERICA INC,Capital Goods,5.13,2036-03-12,6016000,0.00017368849069940444,0.692766806733571,,,
2677,PUBLIC SERVICE COMPANY OF COLORADO,Electric,5.35,2034-05-15,5874000,0.00017368849069940444,0.6897712276884898,230000.0,0.00017201216069735633,QLTA
2678,CONSTELLATION ENERGY GENERATION LL,Electric,5.88,2066-01-15,6276000,0.00017308400639302603,0.6980728308862727,10000.0,0.00016440878600552412,LQDB
2679,AETNA INC,Insurance,6.63,2036-06-15,5474000,0.00017298325900862963,0.6809267076517763,39000.0,0.0006411942654215441,LQDB
2680,FAIRFAX FINANCIAL HOLDINGS LTD,Insurance,6.35,2054-03-22,5876000,0.00017298325900862963,0.689813919617463,,,
2681,EQUIFAX INC,Technology,2.35,2031-09-15,6727000,0.00017298325900862963,0.7067756682449422,28000.0,0.0004603446008154676,LQDB
2682,ENTERPRISE PRODUCTS OPERATING LLC,Energy,3.3,2053-02-15,8919000,0.00017288251162423323,0.7421474360043707,400000.0,0.00029915158382148925,QLTA
2683,ORACLE CORPORATION,Technology,4.5,2044-07-08,8460000,0.00017258026947104398,0.7355215713763872,10000.0,0.00016440878600552412,LQDB
2684,PFIZER INC,Consumer Non-Cyclical,1.75,2031-08-18,6762000,0.00017258026947104398,0.7074264612993482,410000.0,0.0003066303734170265,QLTA
2685,NEXTERA ENERGY CAPITAL HOLDINGS IN,Electric,2.75,2029-11-01,6237000,0.00017258026947104398,0.6972910983037018,,,
2686,EVEREST REINSURANCE HOLDINGS INC,Insurance,3.5,2050-10-15,8903000,0.00017258026947104398,0.7419222624905749,10000.0,0.00016440878600552412,LQDB
2687,AUTODESK INC,Technology,2.4,2031-12-15,6757000,0.00017258026947104398,0.7073336973775601,56000.0,0.0009206892016309352,LQDB
2688,UNION PACIFIC CORPORATION,Transportation,2.95,2052-03-10,9452000,0.00017227802731785479,0.7494264064943047,235000.0,0.00017575155549512495,QLTA
2689,PNC FINANCIAL SERVICES GROUP INC (,Banking,5.94,2034-08-18,5533000,0.00017197578516466554,0.6822711458698328,215000.0,0.00016079397630405047,QLTA
2690,BROADCOM INC,Technology,4.3,2031-01-15,6033000,0.00017197578516466554,0.6931206833369657,248000.0,0.00018547398196932334,QLTA
2691,KENVUE INC,Consumer Non-Cyclical,4.85,2032-05-22,5859000,0.00017187503778026914,0.6894505741255383,241000.0,0.00018023882925244727,QLTA
2692,HUMANA INC,Insurance,4.95,2044-10-01,6824000,0.00017167354301147631,0.7085710691993936,10000.0,0.00016440878600552412,LQDB
2693,NUTRIEN LTD,Basic Industry,5.8,2053-03-27,5983000,0.00017137130085828712,0.6920770060403487,,,
2694,AEP TEXAS INC,Electric,5.85,2055-10-15,6093000,0.00017127055347389072,0.694361737900249,,,
2695,AMERICAN TOWER CORPORATION,Communications,1.88,2030-10-15,6606000,0.00017116980608949432,0.7044994019939,,,
2696,BANK OF AMERICA CORP,Banking,3.48,2052-03-13,8388000,0.00017096831132070147,0.7344497055337521,185000.0,0.00013835760751743878,QLTA
2697,MCDONALDS CORPORATION MTN,Consumer Cyclical,4.2,2050-04-01,7435000,0.00017086756393630507,0.7193251131111453,,,
2698,WASTE MANAGEMENT INC,Capital Goods,4.15,2032-04-15,5960000,0.00017076681655190867,0.691593982178804,210000.0,0.00015705458150628185,QLTA
2699,COOPERATIEVE RABOBANK UA (NEW YORK MTN,Banking,4.49,2029-10-17,5786000,0.00017056532178311588,0.6878782477444841,250000.0,0.0001869697398884308,QLTA
2700,MASTERCARD INC,Technology,2.0,2031-11-18,6630000,0.00017046457439871945,0.7049541895826111,210000.0,0.00015705458150628185,QLTA
2701,AIRBNB INC,Consumer Cyclical,5.25,2036-03-16,5845000,0.00017046457439871945,0.6891505559438167,30000.0,0.0004932263580165724,LQDB
2702,AMPHENOL CORPORATION,Capital Goods,2.2,2031-09-15,6558000,0.00017026307962992663,0.7035848488785693,215000.0,0.00016079397630405047,QLTA
2703,CSX CORP,Transportation,4.3,2048-03-01,7118000,0.00017026307962992663,0.7138608817532626,315000.0,0.0002355818722594228,QLTA
2704,PEPSICO INC,Consumer Non-Cyclical,3.63,2050-03-19,7939000,0.00017016233224553023,0.7275504360109206,259000.0,0.0001937006505244143,QLTA
2705,REGIONS FINANCIAL CORP,Banking,5.5,2035-09-06,5734000,0.00017016233224553023,0.6867460886510144,30000.0,0.0004932263580165724,LQDB
2706,ENBRIDGE INC,Energy,3.13,2029-11-15,6098000,0.00017006158486113383,0.6944646068586439,60000.0,0.0009864527160331447,LQDB
2707,REPUBLIC SERVICES INC,Capital Goods,5.0,2034-04-01,5775000,0.00017006158486113383,0.6876396034476405,520000.0,0.00038889705896793603,QLTA
2708,DIAGEO CAPITAL PLC,Consumer Non-Cyclical,2.38,2029-10-24,6220000,0.0001699608374767374,0.6969488121182638,463000.0,0.00034626795827337383,QLTA
2709,BURLINGTON NORTHERN SANTA FE LLC,Transportation,4.15,2048-12-15,7385000,0.000169860090092341,0.7184789051760965,335000.0,0.00025053945145049725,QLTA
2710,HCA INC,Consumer Non-Cyclical,5.7,2055-11-15,6298000,0.0001697593427079446,0.6985116679625474,25000.0,0.00041102196501381036,LQDB
2711,LYB INTERNATIONAL FINANCE III LLC,Basic Industry,4.2,2050-05-01,8038000,0.0001697593427079446,0.7291046083055831,45000.0,0.0007398395370248586,LQDB
2712,MITSUBISHI UFJ FINANCIAL GROUP INC,Banking,5.47,2033-09-13,5625000,0.0001696585953235482,0.6843392145482591,309000.0,0.00023109459850210047,QLTA
2713,ENERGY TRANSFER LP,Energy,5.35,2045-05-15,6504000,0.0001696585953235482,0.702547940939733,60000.0,0.0009864527160331447,LQDB
2714,DOW CHEMICAL CO,Basic Industry,3.6,2050-11-15,8811000,0.0001696585953235482,0.7406196095119167,50000.0,0.0008220439300276207,LQDB
2715,ARES CAPITAL CORPORATION,Finance Companies,5.25,2031-04-12,5900000,0.0001695578479391518,0.6903250923638471,,,
2716,NASDAQ INC,Brokerage/Asset Managers/Exchanges,6.1,2063-06-28,5902000,0.0001695578479391518,0.6903675961907741,,,
2717,RELX CAPITAL INC,Technology,3.0,2030-05-22,6178000,0.00016945710055475541,0.6960991368746718,170000.0,0.00012713942312413294,QLTA
2718,EASTMAN CHEMICAL CO,Basic Industry,4.65,2044-10-15,6864000,0.00016935635317035896,0.7093040200885108,35000.0,0.0005754307510193344,LQDB
2719,DUKE ENERGY CORP,Electric,5.45,2034-06-15,5699000,0.00016915485840156616,0.6859782626006741,,,
2720,BUNGE FINANCE LTD CORP,Consumer Non-Cyclical,4.2,2029-09-17,5801000,0.00016915485840156616,0.6882029416519747,,,
2721,RAYTHEON TECHNOLOGIES CORPORATION,Capital Goods,4.35,2047-04-15,7054000,0.00016905411101716977,0.7127282064596115,,,
2722,XCEL ENERGY INC,Electric,5.6,2035-04-15,5667000,0.00016895336363277337,0.6852721123476443,35000.0,0.0005754307510193344,LQDB
2723,PLAINS ALL AMERICAN PIPELINE LP,Energy,3.8,2030-09-15,5963000,0.00016885261624837697,0.6916570908978145,,,
2724,LYB INTERNATIONAL FINANCE BV,Basic Industry,5.25,2043-07-15,6658000,0.00016865112147958415,0.7054826989626826,,,
2725,LPL HOLDINGS INC,Brokerage/Asset Managers/Exchanges,5.2,2030-03-15,5660000,0.00016855037409518772,0.6851171105125976,,,
2726,UTAH ACQUISITION SUB INC,Consumer Non-Cyclical,5.25,2046-06-15,6945000,0.00016844962671079132,0.7107752529447984,,,
2727,TARGA RESOURCES CORP,Energy,6.05,2056-05-15,5855000,0.00016844962671079132,0.6893649278595169,,,
2728,CME GROUP INC,Brokerage/Asset Managers/Exchanges,5.3,2043-09-15,5868000,0.00016834887932639492,0.6896430646317067,277000.0,0.0002071624717963813,QLTA
2729,TRANSCANADA PIPELINES LTD,Energy,6.1,2040-06-01,5569000,0.0001682481319419985,0.6830844564929787,15000.0,0.0002466131790082862,LQDB
2730,ELEVANCE HEALTH INC,Insurance,3.13,2050-05-15,9093000,0.0001681473845576021,0.7445704418670526,40000.0,0.0006576351440220965,LQDB
2731,TAKEDA US FINANCING INC,Consumer Non-Cyclical,5.9,2055-07-07,5869000,0.0001680466371732057,0.6896644342390087,,,
2732,INTERNATIONAL BUSINESS MACHINES CO,Technology,5.8,2056-02-03,6141000,0.0001679458897888093,0.6953458138877125,275000.0,0.00020566671387727386,QLTA
2733,KRAFT HEINZ FOODS CO,Consumer Non-Cyclical,5.5,2050-06-01,6417000,0.0001678451424044129,0.7008591210531492,25000.0,0.00041102196501381036,LQDB
2734,SALESFORCE INC,Technology,3.05,2061-07-15,10825000,0.0001678451424044129,0.7664356712652387,520000.0,0.00038889705896793603,QLTA
2735,OWENS CORNING,Capital Goods,5.7,2034-06-15,5615000,0.0001678451424044129,0.6841160694001536,20000.0,0.00032881757201104825,LQDB
2736,SAN DIEGO GAS & ELECTRIC CO,Electric,1.7,2030-10-01,6480000,0.0001677443950200165,0.7020843265849316,331000.0,0.00024754793561228234,QLTA
2737,ARES STRATEGIC INCOME FUND,Finance Companies,5.6,2030-02-15,5689000,0.00016754290025122365,0.6857580174788249,10000.0,0.00016440878600552412,LQDB
2738,LYB INTERNATIONAL FINANCE III LLC,Basic Industry,5.5,2034-03-01,5683000,0.00016754290025122365,0.6856256845012123,30000.0,0.0004932263580165724,LQDB
2739,BROOKFIELD FINANCE INC,Brokerage/Asset Managers/Exchanges,4.35,2030-04-15,5794000,0.00016754290025122365,0.6880515224389208,141000.0,0.00010545093329707496,QLTA
2740,BLACKSTONE PRIVATE CREDIT FUND,Finance Companies,5.95,2031-05-15,5764000,0.00016734140548243086,0.6874005041566285,,,
2741,CATERPILLAR INC,Capital Goods,3.25,2050-04-09,8260000,0.00016724065809803446,0.7325212478863928,399000.0,0.00029840370486193557,QLTA
2742,BLUE OWL CREDIT INCOME CORP,Finance Companies,6.6,2029-09-15,5571000,0.00016724065809803446,0.6831294861308582,,,
2743,SOUTHERN CALIFORNIA EDISON CO,Electric,4.65,2043-10-01,6818000,0.00016703916332924166,0.7084607561530072,304000.0,0.00022735520370433183,QLTA
2744,DEVON ENERGY CORPORATION,Energy,5.0,2045-06-15,6518000,0.00016703916332924166,0.70281759325712,40000.0,0.0006576351440220965,LQDB
2745,CATERPILLAR FINANCIAL SERVICES COR MTN,Capital Goods,4.7,2029-11-15,5644000,0.00016703916332924166,0.6847620995461542,360000.0,0.00026923642543934034,QLTA
2746,TARGA RESOURCES CORP,Energy,5.65,2036-02-15,5556000,0.00016703916332924166,0.6827913690747377,,,
2747,COMCAST CORPORATION,Communications,3.2,2036-07-15,7013000,0.00016693841594484524,0.7119971730188256,308000.0,0.00023034671954254673,QLTA
2748,AMERICAN TOWER CORPORATION,Communications,3.1,2050-06-15,9083000,0.0001668376685604488,0.7444324494013824,40000.0,0.0006576351440220965,LQDB
2749,NIKE INC,Consumer Cyclical,3.88,2045-11-01,7326000,0.0001667369211760524,0.7174729797406865,360000.0,0.00026923642543934034,QLTA
2750,AMERICAN ELECTRIC POWER COMPANY IN,Electric,5.63,2033-03-01,5446000,0.0001667369211760524,0.6802835906518577,45000.0,0.0007398395370248586,LQDB
2751,HALEON US CAPITAL LLC,Consumer Non-Cyclical,4.0,2052-03-24,7450000,0.00016663617379165602,0.7195778660488643,,,
2752,US BANCORP MTN,Banking,5.03,2037-01-26,5730000,0.0001663339316384668,0.6866585746627125,250000.0,0.0001869697398884308,QLTA
2753,LOCKHEED MARTIN CORPORATION,Capital Goods,2.8,2050-06-15,9318000,0.0001662331842540704,0.7476357942538434,209000.0,0.00015630670254672814,QLTA
2754,OREILLY AUTOMOTIVE INC,Consumer Cyclical,5.1,2036-03-12,5752000,0.0001660316894852776,0.6871391476046225,,,
2755,ARTHUR J GALLAGHER & CO,Insurance,3.5,2051-05-20,8435000,0.0001660316894852776,0.7351504330760675,,,
2756,KINDER MORGAN INC,Energy,2.0,2031-02-15,6389000,0.00016593094210088115,0.7003107192540271,,,
2757,WEYERHAEUSER COMPANY,Basic Industry,4.0,2029-11-15,5786000,0.00016593094210088115,0.6878782477444841,10000.0,0.00016440878600552412,LQDB
2758,NASDAQ INC,Brokerage/Asset Managers/Exchanges,5.95,2053-08-15,5658000,0.00016593094210088115,0.685072789063065,30000.0,0.0004932263580165724,LQDB
2759,DUKE ENERGY CORP,Electric,6.1,2053-09-15,5648000,0.00016583019471648475,0.6848509465496205,,,
2760,AMERICAN HONDA FINANCE CORPORATION MTN,Consumer Cyclical,4.4,2029-09-05,5657000,0.00016583019471648475,0.6850506224628929,35000.0,2.6175763584380312e-05,QLTA
2761,STRYKER CORPORATION,Consumer Non-Cyclical,4.25,2029-09-11,5650000,0.00016552795256329555,0.6848953464580849,10000.0,0.00016440878600552412,LQDB
2762,ENTERPRISE PRODUCTS OPERATING LLC,Energy,3.95,2060-01-31,7812000,0.00016552795256329555,0.7255280751762097,325000.0,0.00024306066185496002,QLTA
2763,REALTY INCOME CORPORATION,Reits,4.75,2033-04-15,5713000,0.00016532645779450275,0.6862859573856082,275000.0,0.00020566671387727386,QLTA
2764,MOTOROLA SOLUTIONS INC,Technology,2.75,2031-05-24,6250000,0.00016532645779450275,0.6975522176455642,45000.0,0.0007398395370248586,LQDB
2765,RAYMOND JAMES FINANCIAL INC.,Brokerage/Asset Managers/Exchanges,5.65,2055-09-11,5927000,0.00016522571041010633,0.6908976821104034,260000.0,0.00019444852948396802,QLTA
2766,ROYALTY PHARMA PLC,Consumer Non-Cyclical,2.2,2030-09-02,6239000,0.00016522571041010633,0.6973313059155075,,,
2767,AT&T INC,Communications,3.3,2052-02-01,9076000,0.0001651249630257099,0.7443357642508219,,,
2768,APOLLO GLOBAL MANAGEMENT INC,Brokerage/Asset Managers/Exchanges,5.8,2054-05-21,6027000,0.0001651249630257099,0.6929958997046332,295000.0,0.00022062429306834834,QLTA
2769,NORTHERN STATES POWER COMPANY (MIN,Electric,5.1,2053-05-15,6338000,0.0001650242156413135,0.6993056404794383,225000.0,0.00016827276589958772,QLTA
2770,AMERICAN TOWER CORPORATION,Communications,2.1,2030-06-15,6271000,0.0001650242156413135,0.6979728806616886,,,
2771,KENVUE INC,Consumer Non-Cyclical,5.2,2063-03-22,6335000,0.0001650242156413135,0.6992462665936229,295000.0,0.00022062429306834834,QLTA
2772,BANK OF NOVA SCOTIA MTN,Banking,2.45,2032-02-02,6356000,0.0001650242156413135,0.699661294683881,265000.0,0.00019818792428173663,QLTA
2773,LOCKHEED MARTIN CORPORATION,Capital Goods,5.9,2063-11-15,5624000,0.0001644197313349351,0.6843169178924714,450000.0,0.00033654553179917544,QLTA
2774,LAM RESEARCH CORPORATION,Technology,1.9,2030-06-15,6249000,0.0001644197313349351,0.697532150833753,195000.0,0.000145836397112976,QLTA
2775,PFIZER INC,Consumer Non-Cyclical,2.7,2050-05-28,9356000,0.0001643189839505387,0.748146182291048,458000.0,0.0003425285634756052,QLTA
2776,COMMONWEALTH EDISON COMPANY,Electric,4.0,2048-03-01,7256000,0.00016421823656614224,0.7162689480245062,255000.0,0.0001907091346861994,QLTA
2777,PHILLIPS 66,Energy,3.3,2052-03-15,8665000,0.00016421823656614224,0.7385241727017463,35000.0,0.0005754307510193344,LQDB
2778,STATE STREET CORP,Banking,2.2,2031-03-03,6284000,0.00016421823656614224,0.6982325857360898,347000.0,0.00025951399896514195,QLTA
2779,UNITEDHEALTH GROUP INC,Insurance,4.63,2035-07-15,5886000,0.00016411748918174584,0.6900271615327215,307000.0,0.00022959884058299302,QLTA
2780,SEMPRA,Natural Gas,4.0,2048-02-01,7469000,0.00016401674179734944,0.7198972902128167,25000.0,0.00041102196501381036,LQDB
2781,GENERAL MILLS INC,Consumer Non-Cyclical,5.25,2035-01-30,5539000,0.00016401674179734944,0.6824070644598869,30000.0,0.0004932263580165724,LQDB
2782,PRUDENTIAL FINANCIAL INC MTN,Insurance,4.6,2044-05-15,6529000,0.00016401674179734944,0.703029056929762,228000.0,0.00017051640277824888,QLTA
2783,CROWN CASTLE INC,Communications,2.5,2031-07-15,6359000,0.00016391599441295304,0.6997204724467475,30000.0,0.0004932263580165724,LQDB
2784,JOHNSON & JOHNSON,Consumer Non-Cyclical,3.5,2048-01-15,7659000,0.00016391599441295304,0.723047565939909,319000.0,0.0002385733880976377,QLTA
2785,SYSCO CORPORATION,Consumer Non-Cyclical,5.95,2030-04-01,5345000,0.00016381524702855664,0.6779359803397023,60000.0,0.0009864527160331447,LQDB
2786,PACIFIC GAS AND ELECTRIC CO,Electric,3.95,2047-12-01,7810000,0.00016381524702855664,0.7254959646805413,,,
2787,HOST HOTELS & RESORTS LP,Reits,3.5,2030-09-15,5883000,0.00016351300487536742,0.6899632270219574,,,
2788,CHENIERE ENERGY INC 144A,Energy,6.0,2056-07-30,5647000,0.00016351300487536742,0.6848287406991602,15000.0,0.0002466131790082862,LQDB
2789,TOYOTA MOTOR CREDIT CORP MTN,Consumer Cyclical,4.6,2031-10-10,5573000,0.00016290852056898898,0.6831744996059099,240000.0,0.00017949095029289356,QLTA
2790,ELEVANCE HEALTH INC,Insurance,4.55,2048-03-01,6701000,0.00016290852056898898,0.7062900262850703,,,
2791,JBS USA LUX SA,Consumer Non-Cyclical,4.38,2052-02-02,7512000,0.00016290852056898898,0.7206172073125329,,,
2792,UNITEDHEALTH GROUP INC,Insurance,4.2,2047-01-15,7063000,0.00016280777318459258,0.712888108423802,327000.0,0.0002445564197740675,QLTA
2793,GOLDMAN SACHS PRIVATE CREDIT CORP 144A,Finance Companies,6.15,2031-06-16,5525000,0.00016260627841579978,0.6820896916292447,,,
2794,BHP BILLITON FINANCE (USA) LTD,Basic Industry,5.13,2032-02-21,5396000,0.00016260627841579978,0.6791268997350214,210000.0,0.00015705458150628185,QLTA
2795,EQT CORP,Energy,5.75,2034-02-01,5331000,0.00016240478364700693,0.6776070731519049,30000.0,0.0004932263580165724,LQDB
2796,ELI LILLY AND COMPANY,Consumer Non-Cyclical,2.25,2050-05-15,10044000,0.00016230403626261053,0.7570447994304574,369000.0,0.00027596733607532383,QLTA
2797,AUGUSTA SPINCO CORP,Consumer Non-Cyclical,4.66,2031-03-23,5553000,0.00016220328887821413,0.6827236361321529,,,
2798,METLIFE INC,Insurance,4.05,2045-03-01,6861000,0.00016200179410942134,0.7092491971192674,400000.0,0.00029915158382148925,QLTA
2799,PROGRESSIVE CORPORATION (THE),Insurance,4.13,2047-04-15,6956000,0.0001616995519562321,0.7109737254618189,323000.0,0.00024156490393585257,QLTA
2800,AES CORPORATION (THE),Electric,5.8,2032-03-15,5374000,0.0001615988045718357,0.6786145562400039,,,
2801,CONSOLIDATED EDISON COMPANY OF NEW,Electric,4.63,2054-12-01,6822000,0.0001615988045718357,0.7085343089645862,263000.0,0.00019669216636262918,QLTA
2802,GENERAL MOTORS CO,Consumer Cyclical,5.4,2029-10-15,5371000,0.0001614980571874393,0.678544528761136,,,
2803,Kaiser Permanente,Consumer Non-Cyclical,2.81,2041-06-01,7634000,0.0001614980571874393,0.7226375494230097,625000.0,0.000467424349721077,QLTA
2804,CSX CORP,Transportation,4.5,2052-11-15,6701000,0.00016119581503425007,0.7062900262850703,280000.0,0.0002094061086750425,QLTA
2805,RAYTHEON TECHNOLOGIES CORPORATION,Capital Goods,2.82,2051-09-01,9054000,0.00016109506764985367,0.7440314104463636,50000.0,0.0008220439300276207,LQDB
2806,UBS AG (STAMFORD BRANCH) MTN,Banking,4.68,2030-11-29,5510000,0.00016109506764985367,0.6817487556508475,30000.0,2.2436368786611695e-05,QLTA
2807,EQUINOR ASA,Owned No Guarantee,5.13,2035-06-03,5500000,0.00016109506764985367,0.6815209489757663,,,
2808,CITIZENS FINANCIAL GROUP INC,Banking,6.64,2035-04-25,5107000,0.00016099432026545727,0.6722237425303759,,,
2809,CITIGROUP INC,Banking,4.65,2048-07-23,6371000,0.00016089357288106087,0.699956904642744,440000.0,0.0003290667422036382,QLTA
2810,INTERNATIONAL BUSINESS MACHINES CO,Technology,4.9,2052-07-27,6657000,0.00016089357288106087,0.7054638619307061,255000.0,0.0001907091346861994,QLTA
2811,BECTON DICKINSON AND COMPANY,Consumer Non-Cyclical,2.82,2030-05-20,5897000,0.00016079282549666442,0.6902613096006781,25000.0,0.00041102196501381036,LQDB
2812,SHELL FINANCE US INC,Energy,5.5,2040-03-25,5462000,0.00016079282549666442,0.6806514898233642,438000.0,0.00032757098428453073,QLTA
2813,UNITEDHEALTH GROUP INC,Insurance,4.25,2043-03-15,6526000,0.00016069207811226802,0.702971420372571,295000.0,0.00022062429306834834,QLTA
2814,AUGUSTA SPINCO CORP,Consumer Non-Cyclical,4.95,2033-03-23,5488000,0.00016049058334347523,0.6812470335989818,,,
2815,KEURIG DR PEPPER INC,Consumer Non-Cyclical,3.8,2050-05-01,7836000,0.00016028908857468243,0.725912761183824,,,
2816,EXXON MOBIL CORP,Energy,3.0,2039-08-16,6965000,0.00016028908857468243,0.711135878758073,232000.0,0.00017350791861646378,QLTA
2817,DH EUROPE FINANCE II SARL,Consumer Non-Cyclical,3.4,2049-11-15,7960000,0.00015978535165270038,0.727881722239565,260000.0,0.00019444852948396802,QLTA
2818,FLORIDA POWER & LIGHT CO,Electric,3.95,2048-03-01,7053000,0.00015978535165270038,0.7127104269827054,268000.0,0.00020043156116039782,QLTA
2819,AMERICAN TOWER CORPORATION,Communications,2.95,2051-01-15,9060000,0.00015978535165270038,0.7441144893100494,20000.0,0.00032881757201104825,LQDB
2820,COMCAST CORPORATION,Communications,4.05,2052-11-01,8046000,0.00015968460426830398,0.7292293609049258,343000.0,0.00025652248312692705,QLTA
2821,WESTINGHOUSE AIR BRAKE TECHNOLOGIE,Capital Goods,5.5,2035-05-29,5391000,0.00015968460426830398,0.6790106416937413,30000.0,0.0004932263580165724,LQDB
2822,APPLE INC,Technology,2.4,2050-08-20,9651000,0.00015968460426830398,0.7520392948656961,575000.0,0.0004300304017433908,QLTA
2823,EASTMAN CHEMICAL COMPANY,Basic Industry,5.0,2029-08-01,5323000,0.00015958385688390759,0.6774187381585246,,,
2824,VICI PROPERTIES LP,Consumer Cyclical,5.63,2052-05-15,6057000,0.00015958385688390759,0.6936185799320131,27000.0,0.00044390372221491515,LQDB
2825,PFIZER INC,Consumer Non-Cyclical,4.3,2043-06-15,6494000,0.00015948310949951116,0.7023549765376865,44000.0,3.290667422036382e-05,QLTA
2826,Kaiser Permanente,Consumer Non-Cyclical,3.0,2051-06-01,8616000,0.00015928161473071836,0.7378129886341858,480000.0,0.0003589819005857871,QLTA
2827,FIDELITY NATIONAL INFORMATION SERV,Technology,3.1,2041-03-01,7540000,0.00015918086734632197,0.7210837785554829,20000.0,0.00032881757201104825,LQDB
2828,GLP CAPITAL LP,Consumer Cyclical,3.25,2032-01-15,6127000,0.00015918086734632197,0.6950595885332601,10000.0,0.00016440878600552412,LQDB
2829,LOCKHEED MARTIN CORPORATION,Capital Goods,4.15,2053-06-15,7096000,0.00015918086734632197,0.7134726774354964,425000.0,0.00031784855781033234,QLTA
2830,PHILIP MORRIS INTERNATIONAL INC,Consumer Non-Cyclical,4.88,2043-11-15,6067000,0.00015918086734632197,0.6938254548389516,304000.0,0.00022735520370433183,QLTA
2831,SIXTH STREET LENDING PARTNERS,Finance Companies,6.13,2030-07-15,5427000,0.00015908011996192554,0.6798453039438473,25000.0,0.00041102196501381036,LQDB
2832,METLIFE INC,Insurance,4.6,2046-05-13,6372000,0.00015908011996192554,0.6999765872199085,265000.0,0.00019818792428173663,QLTA
2833,CARDINAL HEALTH INC,Consumer Non-Cyclical,5.0,2029-11-15,5359000,0.00015887862519313272,0.6782640271564441,,,
2834,COMCAST CORPORATION,Communications,4.0,2047-08-15,7605000,0.00015877787780873632,0.7221602447370759,261000.0,0.00019519640844352175,QLTA
2835,ARES STRATEGIC INCOME FUND,Finance Companies,6.2,2032-03-21,5372000,0.00015857638303994352,0.6785678755991719,35000.0,0.0005754307510193344,LQDB
2836,BLACKSTONE PRIVATE CREDIT FUND,Finance Companies,6.0,2034-11-22,5622000,0.00015827414088675427,0.684272312684764,,,
2837,RAYTHEON TECHNOLOGIES CORPORATION,Capital Goods,3.75,2046-11-01,7222000,0.00015827414088675427,0.7156799351493385,45000.0,0.0007398395370248586,LQDB
2838,VERIZON COMMUNICATIONS INC,Communications,3.88,2052-03-01,7540000,0.00015827414088675427,0.7210837785554829,,,
2839,TEXAS INSTRUMENTS INC,Technology,2.25,2029-09-04,5752000,0.00015817339350235787,0.6871391476046225,205000.0,0.00015331518670851324,QLTA
2840,TOTALENERGIES CAPITAL INTERNATIONA,Energy,3.46,2049-07-12,7856000,0.00015807264611796148,0.7262324339038166,311000.0,0.0002325903564212079,QLTA
2841,PHILIP MORRIS INTERNATIONAL INC,Consumer Non-Cyclical,4.13,2043-03-04,6475000,0.00015756890919597946,0.7019875241562366,229000.0,0.0001712642817378026,QLTA
2842,PNC BANK NA,Banking,2.7,2029-10-22,5726000,0.00015746816181158306,0.6865709995612853,250000.0,0.0001869697398884308,QLTA
2843,BOSTON PROPERTIES LP,Reits,5.75,2035-01-15,5376000,0.0001571659196583938,0.6786612195112948,40000.0,0.0006576351440220965,LQDB
2844,CSX CORP,Transportation,3.8,2046-11-01,7062000,0.0001571659196583938,0.7128703516039285,295000.0,0.00022062429306834834,QLTA
2845,AGILENT TECHNOLOGIES INC,Consumer Non-Cyclical,2.3,2031-03-12,5976000,0.0001571659196583938,0.6919301956245467,44000.0,0.0007233986584243062,LQDB
2846,AMERICAN WATER CAPITAL CORP,Utility Other,4.45,2032-06-01,5470000,0.0001568636775052046,0.6808350354692241,,,
2847,UNIVERSAL HEALTH SERVICES INC,Consumer Non-Cyclical,2.65,2030-10-15,5946000,0.0001567629301208082,0.6912990541809437,40000.0,0.0006576351440220965,LQDB
2848,PUBLIC SERVICE COMPANY OF COLORADO,Electric,5.75,2054-05-15,5539000,0.0001566621827364118,0.6824070644598869,345000.0,0.0002580182410460345,QLTA
2849,NUTRIEN LTD,Basic Industry,5.0,2049-04-01,6108000,0.0001563599405832226,0.6946700919777742,,,
2850,ALTRIA GROUP INC,Consumer Non-Cyclical,4.0,2061-02-04,7800000,0.0001563599405832226,0.7253352887583085,25000.0,0.00041102196501381036,LQDB
2851,MASTERCARD INC,Technology,3.65,2049-06-01,7325000,0.00015595695104563695,0.7174558604259171,320000.0,0.0002393212670571914,QLTA
2852,HOME DEPOT INC,Consumer Cyclical,2.38,2051-03-15,9624000,0.00015555396150805133,0.7516879583366555,455000.0,0.000340284926596944,QLTA
2853,QUALCOMM INCORPORATED,Technology,3.25,2050-05-20,8083000,0.00015555396150805133,0.7298047328591553,268000.0,0.00020043156116039782,QLTA
2854,WILLIS NORTH AMERICA INC,Insurance,5.9,2054-03-05,5423000,0.00015555396150805133,0.6797528375506094,,,
2855,LABORATORY CORPORATION OF AMERICA,Consumer Non-Cyclical,4.7,2045-02-01,5966000,0.0001554532141236549,0.6917201678746563,40000.0,0.0006576351440220965,LQDB
2856,PRUDENTIAL FINANCIAL INC,Insurance,3.9,2047-12-07,7112000,0.0001554532141236549,0.7137551269696398,208000.0,0.00015555882358717443,QLTA
2857,AMERIPRISE FINANCIAL INC,Brokerage/Asset Managers/Exchanges,5.2,2035-04-15,5319000,0.0001553524667392585,0.6773244644911289,340000.0,0.0002542788462482659,QLTA
2858,UNION PACIFIC CORPORATION,Transportation,2.4,2030-02-05,5672000,0.0001553524667392585,0.6853827107675011,365000.0,0.00027297582023710893,QLTA
2859,MONDELEZ INTERNATIONAL INC,Consumer Non-Cyclical,3.0,2032-03-17,5828000,0.0001552517193548621,0.6887852805750591,35000.0,0.0005754307510193344,LQDB
2860,ELEVANCE HEALTH INC,Insurance,6.1,2052-10-15,5290000,0.00015494947720167288,0.6766388527044138,25000.0,0.00041102196501381036,LQDB
2861,WELLTOWER OP LLC,Reits,3.1,2030-01-15,5591000,0.00015464723504848369,0.6835788954637936,213000.0,0.00015929821838494304,QLTA
2862,COCA-COLA CO,Consumer Non-Cyclical,2.13,2029-09-06,5613000,0.00015434499289529444,0.6840713926842742,373000.0,0.00027895885191353873,QLTA
2863,TOYOTA MOTOR CREDIT CORP MTN,Consumer Cyclical,4.2,2031-01-10,5407000,0.00015434499289529444,0.6793822886859371,170000.0,0.00012713942312413294,QLTA
2864,BLACKSTONE REG FINANCE CO LLC,Brokerage/Asset Managers/Exchanges,5.0,2034-12-06,5397000,0.00015424424551089804,0.6791501384157415,320000.0,0.0002393212670571914,QLTA
2865,UNION PACIFIC CORPORATION,Transportation,3.8,2051-10-01,7161000,0.00015414349812650164,0.7146161924231059,370000.0,0.00027671521503487757,QLTA
2866,VIRGINIA ELECTRIC AND POWER COMPAN,Electric,5.45,2053-04-01,5636000,0.00015404275074210521,0.6845842164806596,245000.0,0.00018323034509066217,QLTA
2867,MICROSOFT CORPORATION,Technology,4.45,2045-11-03,6159000,0.00015394200335770882,0.6957128606087006,275000.0,0.00020566671387727386,QLTA
2868,VODAFONE GROUP PLC,Communications,4.25,2050-09-17,6937000,0.00015394200335770882,0.7106307117501229,35000.0,0.0005754307510193344,LQDB
2869,LEIDOS INC,Technology,5.0,2036-03-15,5425000,0.00015384125597331242,0.6797990792694767,,,
2870,NISOURCE INC,Natural Gas,3.95,2048-03-30,6978000,0.000153740508588916,0.7113697306542685,,,
2871,WASTE MANAGEMENT INC,Capital Goods,1.5,2031-03-15,6039000,0.0001534382664357268,0.6932453429298819,277000.0,0.0002071624717963813,QLTA
2872,AUGUSTA SPINCO CORP,Consumer Non-Cyclical,5.25,2036-03-23,5231000,0.00015333751905133037,0.6752323091379593,35000.0,0.0005754307510193344,LQDB
2873,HUMANA INC,Insurance,5.5,2053-03-15,5848000,0.00015303527689814118,0.6892149060043139,40000.0,0.0006576351440220965,LQDB
2874,HUNTINGTON NATIONAL BANK (THE),Banking,5.65,2030-01-10,5113000,0.00015303527689814118,0.6723709921051962,55000.0,4.1133342775454777e-05,QLTA
2875,SOUTHWEST AIRLINES CO,Transportation,5.25,2035-11-15,5451000,0.00015253153997615913,0.6803986751236832,10000.0,0.00016440878600552412,LQDB
2876,BANK OF AMERICA CORP MTN,Banking,2.83,2051-10-24,8512000,0.00015243079259176273,0.7362900385568298,185000.0,0.00013835760751743878,QLTA
2877,CSX CORP,Transportation,4.1,2044-03-15,6339000,0.0001523300452073663,0.6993254255295933,310000.0,0.00023184247746165418,QLTA
2878,CF INDUSTRIES INC,Basic Industry,4.95,2043-06-01,5868000,0.0001521285504385735,0.6896430646317067,,,
2879,SOUTH BOW USA INFRASTRUCTURE HOLDI,Energy,5.03,2029-10-01,5124000,0.00015202780305417708,0.6726405014287381,,,
2880,CUMMINS INC,Consumer Cyclical,1.5,2030-09-01,5867000,0.00015202780305417708,0.6896216913823754,323000.0,0.00024156490393585257,QLTA
2881,ERP OPERATING LP,Reits,4.5,2044-07-01,6085000,0.0001517255609009879,0.6941969718523765,277000.0,0.0002071624717963813,QLTA
2882,CF INDUSTRIES INC,Basic Industry,5.38,2044-03-15,5532000,0.0001517255609009879,0.6822484784427223,35000.0,0.0005754307510193344,LQDB
2883,COMMONWEALTH BANK OF AUSTRALIA (NE MTN,Banking,4.15,2030-10-01,5207000,0.00015142331874779867,0.6746556112518644,250000.0,0.0001869697398884308,QLTA
2884,KRAFT HEINZ FOODS CO,Consumer Non-Cyclical,4.38,2046-06-01,6617000,0.00015122182397900587,0.7047080510538466,19000.0,0.00031237669341049586,LQDB
2885,MARTIN MARIETTA MATERIALS INC,Capital Goods,5.5,2054-12-01,5577000,0.00015091958182581665,0.6832644781139116,15000.0,0.0002466131790082862,LQDB
2886,CONSOLIDATED EDISON COMPANY OF NEW,Electric,2.4,2031-06-15,5760000,0.00015071808705702382,0.6873134458121761,250000.0,0.0001869697398884308,QLTA
2887,GENERAL MOTORS CO,Consumer Cyclical,5.4,2048-04-01,5792000,0.00015071808705702382,0.6880082262050546,15000.0,0.0002466131790082862,LQDB
2888,AMGEN INC,Consumer Non-Cyclical,2.77,2053-09-01,8874000,0.00015021435013504178,0.7415131021271402,45000.0,0.0007398395370248586,LQDB
2889,EXXON MOBIL CORP,Energy,2.44,2029-08-16,5393000,0.00015001285536624898,0.6790571578441809,509000.0,0.00038067039041284506,QLTA
2890,RAYMOND JAMES FINANCIAL INC.,Brokerage/Asset Managers/Exchanges,3.75,2051-04-01,7148000,0.00014971061321305976,0.7143883220659225,310000.0,0.00023184247746165418,QLTA
2891,BURLINGTON NORTHERN SANTA FE LLC,Transportation,4.45,2043-03-15,5823000,0.00014960986582866336,0.6886776438504466,332000.0,0.0002482958145718361,QLTA
2892,CROWN CASTLE INC,Communications,3.25,2051-01-15,8063000,0.00014940837105987054,0.7294940488401092,45000.0,0.0007398395370248586,LQDB
2893,WESTPAC BANKING CORP,Banking,2.65,2030-01-16,5442000,0.00014930762367547414,0.6801914469738347,305000.0,0.00022810308266388556,QLTA
2894,ASTRAZENECA PLC,Consumer Non-Cyclical,3.0,2051-05-28,7853000,0.00014900538152228492,0.7261845349127903,285000.0,0.0002131455034728111,QLTA
2895,PAYPAL HOLDINGS INC,Technology,3.25,2050-06-01,7419000,0.0001489046341378885,0.7190549473082124,320000.0,0.0002393212670571914,QLTA
2896,COMCAST CORPORATION,Communications,4.6,2045-08-15,6304000,0.0001488038867534921,0.6986310847690448,222000.0,0.00016602912902092653,QLTA
2897,CONSTELLATION BRANDS INC,Consumer Non-Cyclical,4.9,2033-05-01,5149000,0.0001488038867534921,0.6732508771111697,,,
2898,GEORGIA POWER COMPANY,Electric,3.25,2051-03-15,7661000,0.0001487031393690957,0.7230803094231623,200000.0,0.00014957579191074462,QLTA
2899,QUEST DIAGNOSTICS INCORPORATED,Consumer Non-Cyclical,2.95,2030-06-30,5447000,0.0001487031393690957,0.6803066159966662,,,
2900,CAPITAL ONE FINANCIAL CORPORATION,Banking,6.7,2032-11-29,4682000,0.00014830014983151007,0.6613274853552247,25000.0,0.00041102196501381036,LQDB
2901,EOG RESOURCES INC,Energy,4.95,2050-04-15,5772000,0.00014819940244711367,0.6875744397464355,295000.0,0.00022062429306834834,QLTA
2902,GENERAL MOTORS FINANCIAL COMPANY I,Consumer Cyclical,4.9,2029-10-06,4998000,0.00014809865506271725,0.6695181607241655,90000.0,0.0014796790740497171,LQDB
2903,HORMEL FOODS CORPORATION,Consumer Non-Cyclical,1.8,2030-06-11,5649000,0.00014809865506271725,0.6848731484687983,386000.0,0.0002886812783877371,QLTA
2904,ARCHER DANIELS MIDLAND CO,Consumer Non-Cyclical,2.9,2032-03-01,5518000,0.0001473934233719424,0.6819307035103263,340000.0,0.0002542788462482659,QLTA
2905,ALEXANDRIA REAL ESTATE EQUITIES IN,Reits,1.88,2033-02-01,6188000,0.0001473934233719424,0.6963019632817299,,,
2906,ONEOK INC,Energy,3.95,2050-03-01,7032000,0.000147292675987546,0.7123364745092232,45000.0,0.0007398395370248586,LQDB
2907,GILEAD SCIENCES INC,Consumer Non-Cyclical,5.6,2064-11-15,5303000,0.000147292675987546,0.6769466595278576,285000.0,0.0002131455034728111,QLTA
2908,SUMITOMO MITSUI FINANCIAL(FXD-FRN),Banking,4.93,2032-07-07,5072000,0.00014699043383435679,0.6713613235887713,200000.0,0.00014957579191074462,QLTA
2909,RAYTHEON TECHNOLOGIES CORPORATION,Capital Goods,3.13,2050-07-01,7781000,0.00014699043383435679,0.7250294361886582,,,
2910,AMERICAN WATER CAPITAL CORP,Utility Other,3.75,2047-09-01,6709000,0.00014678893906556396,0.7064396549860693,,,
2911,CHUBB INA HOLDINGS LLC,Insurance,3.05,2061-12-15,8517000,0.00014648669691237477,0.7363636820730382,255000.0,0.0001907091346861994,QLTA
2912,PHILIP MORRIS INTERNATIONAL INC,Consumer Non-Cyclical,3.38,2029-08-15,5098000,0.0001455799704528071,0.672002543480117,359000.0,0.0002684885464797866,QLTA
2913,TOTALENERGIES CAPITAL INTERNATIONA,Energy,2.99,2041-06-29,6782000,0.00014527772829961788,0.7077968323309487,252000.0,0.00018846549780753824,QLTA
2914,INTEL CORPORATION,Technology,2.8,2041-08-12,7164000,0.00014507623353082505,0.7146687191422602,25000.0,0.00041102196501381036,LQDB
2915,KINDER MORGAN INC,Energy,5.05,2046-02-15,5541000,0.00014497548614642866,0.6824523379405761,35000.0,0.0005754307510193344,LQDB
2916,PIONEER NATURAL RESOURCES COMPANY,Energy,2.15,2031-01-15,5545000,0.00014477399137763586,0.6825428358987862,,,
2917,DEERE & CO,Capital Goods,3.75,2050-04-15,6566000,0.00014477399137763586,0.7037377383094504,319000.0,0.0002385733880976377,QLTA
2918,LYB INTERNATIONAL FINANCE III LLC,Basic Industry,3.63,2051-04-01,7497000,0.00014467324399323943,0.7203665425475922,,,
2919,PROLOGIS LP,Reits,1.25,2030-10-15,5699000,0.00014457249660884303,0.6859782626006741,380000.0,0.0002841940046304148,QLTA
2920,CADENCE DESIGN SYSTEMS INC,Technology,4.7,2034-09-10,5012000,0.0001442702544556538,0.6698689512749815,390000.0,0.000291672794225952,QLTA
2921,AMEREN CORPORATION,Electric,5.38,2035-03-15,4865000,0.0001442702544556538,0.6661357793144117,10000.0,0.00016440878600552412,LQDB
2922,KAISER FOUNDATION HOSPITALS,Consumer Non-Cyclical,3.27,2049-11-01,7268000,0.00014406875968686102,0.7164761761743548,330000.0,0.00024680005665272866,QLTA
2923,NISOURCE INC,Natural Gas,4.8,2044-02-15,5557000,0.0001437665175336718,0.6828139385952068,10000.0,0.00016440878600552412,LQDB
2924,UNILEVER CAPITAL CORP,Consumer Non-Cyclical,2.13,2029-09-06,5242000,0.0001437665175336718,0.6754957452973959,280000.0,0.0002094061086750425,QLTA
2925,LYB INTERNATIONAL FINANCE III LLC,Basic Industry,3.38,2040-10-01,6688000,0.00014366577014927537,0.7060464982345468,30000.0,0.0004932263580165724,LQDB
2926,MARTIN MARIETTA MATERIALS INC,Capital Goods,3.2,2051-07-15,7747000,0.00014356502276487897,0.7244802523685754,40000.0,0.0006576351440220965,LQDB
2927,MIZUHO FINANCIAL GROUP INC,Banking,3.15,2030-07-16,5152000,0.00014336352799608615,0.6733239229574136,200000.0,0.00014957579191074462,QLTA
2928,S&P GLOBAL INC,Technology,3.7,2052-03-01,6698000,0.00014316203322729335,0.7062338694634077,325000.0,0.00024306066185496002,QLTA
2929,COCA-COLA CO,Consumer Non-Cyclical,2.75,2060-06-01,8721000,0.00014275904368970773,0.739332046454769,357000.0,0.0002669927885606792,QLTA
2930,VULCAN MATERIALS COMPANY,Capital Goods,5.7,2054-12-01,5059000,0.00014215455938332928,0.6710394799570034,15000.0,0.0002466131790082862,LQDB
2931,BRISTOL-MYERS SQUIBB CO,Consumer Non-Cyclical,3.9,2062-03-15,6888000,0.00014205381199893289,0.7097417431861255,325000.0,0.00024306066185496002,QLTA
2932,DUKE ENERGY CORP,Electric,3.5,2051-06-15,7327000,0.00014175156984574366,0.7174900967188264,45000.0,0.0007398395370248586,LQDB
2933,WESTPAC BANKING CORP,Banking,2.96,2040-11-16,6634000,0.00014175156984574366,0.7050298274257648,260000.0,0.00019444852948396802,QLTA
2934,NOVARTIS CAPITAL CORP,Consumer Non-Cyclical,2.75,2050-08-14,7792000,0.00014165082246134724,0.7252065996344995,549000.0,0.000410585548794994,QLTA
2935,AIR PRODUCTS AND CHEMICALS INC,Basic Industry,2.7,2040-05-15,6628000,0.00014155007507695084,0.7049163535466784,232000.0,0.00017350791861646378,QLTA
2936,CANADIAN NATURAL RESOURCES LTD MTN,Energy,4.95,2047-06-01,5587000,0.00014155007507695084,0.6834891423448097,30000.0,0.0004932263580165724,LQDB
2937,TRANSCANADA PIPELINES LTD,Energy,5.1,2049-03-15,5193000,0.00014114708553936522,0.6743179753629054,25000.0,0.00041102196501381036,LQDB
2938,AUTOZONE INC,Consumer Cyclical,4.75,2032-08-01,4802000,0.0001407440960017796,0.6645011901174895,33000.0,0.0005425489938182297,LQDB
2939,T-MOBILE USA INC,Communications,5.5,2055-01-15,5433000,0.00014044185384859038,0.6799838758255127,35000.0,0.0005754307510193344,LQDB
2940,MCDONALDS CORPORATION MTN,Consumer Cyclical,2.63,2029-09-01,5034000,0.00014013961169540115,0.6704182187035533,20000.0,0.00032881757201104825,LQDB
2941,COMCAST CORPORATION,Communications,2.65,2062-08-15,10124000,0.00014003886431100476,0.7580397077834704,385000.0,0.00028793339942818344,QLTA
2942,ELEVANCE HEALTH INC,Insurance,3.7,2049-09-15,6732000,0.00013993811692660833,0.7068688457068015,,,
2943,PRESIDENT AND FELLOWS OF HARVARD C,Industrial Other,4.61,2035-02-15,4809000,0.00013993811692660833,0.6646838668288111,293000.0,0.0002191285351492409,QLTA
2944,NISOURCE INC,Natural Gas,1.7,2031-02-15,5473000,0.00013993811692660833,0.6809037958877323,,,
2945,TARGA RESOURCES PARTNERS LP,Energy,5.5,2030-03-01,4640000,0.00013963587477341913,0.6601974376559839,45000.0,0.0007398395370248586,LQDB
2946,ELEVANCE HEALTH INC,Insurance,4.6,2032-09-15,4835000,0.0001395351273890227,0.6653600600978943,55000.0,0.0009042483230303828,LQDB
2947,THERMO FISHER SCIENTIFIC INC,Consumer Non-Cyclical,2.6,2029-10-01,5035000,0.0001393336326202299,0.6704431283352068,395000.0,0.00029541218902372066,QLTA
2948,TRUIST FINANCIAL CORP MTN,Banking,4.96,2030-07-23,4775000,0.0001393336326202299,0.6637940767093461,190000.0,0.0001420970023152074,QLTA
2949,OTIS WORLDWIDE CORP,Capital Goods,3.11,2040-02-15,6202000,0.00013923288523583351,0.6965853702727347,25000.0,0.00041102196501381036,LQDB
2950,ATMOS ENERGY CORPORATION,Natural Gas,4.13,2044-10-15,5755000,0.0001388298956982479,0.687204537824309,239000.0,0.00017874307133333982,QLTA
2951,PEPSICO INC,Consumer Non-Cyclical,2.88,2049-10-15,7412000,0.00013852765354505867,0.7189365665050005,350000.0,0.0002617576358438031,QLTA
2952,MIZUHO FINANCIAL GROUP INC,Banking,5.38,2030-07-10,4653000,0.00013802391662307662,0.6605483037025512,215000.0,0.00016079397630405047,QLTA
2953,CHEVRON USA INC,Energy,2.34,2050-08-12,8363000,0.00013802391662307662,0.734075376737685,212000.0,0.0001585503394253893,QLTA
2954,CARLISLE COMPANIES INCORPORATED,Capital Goods,2.75,2030-03-01,5017000,0.00013792316923868023,0.6699939961952504,,,
2955,SOUTHERN CALIFORNIA EDISON COMPANY,Electric,2.95,2051-02-01,7867000,0.0001377216744698874,0.7264079071807593,320000.0,0.0002393212670571914,QLTA
2956,NOVARTIS CAPITAL CORP,Consumer Non-Cyclical,3.8,2029-09-18,4754000,0.0001375201797010946,0.6632413298090207,420000.0,0.0003141091630125637,QLTA
2957,APOLLO DEBT SOLUTIONS BDC,Finance Companies,6.55,2032-03-15,4584000,0.00013741943231669818,0.658674690792652,,,
2958,PUBLIC SERVICE ENTERPRISE GROUP IN,Electric,2.45,2031-11-15,5300000,0.00013711719016350899,0.6768756942104039,37000.0,0.0006083125082204393,LQDB
2959,ZIMMER BIOMET HOLDINGS INC,Consumer Non-Cyclical,2.6,2031-11-24,5242000,0.00013691569539471616,0.6754957452973959,23000.0,0.00037814020781270553,LQDB
2960,SYSCO CORPORATION,Consumer Non-Cyclical,3.15,2051-12-14,7532000,0.00013651270585713054,0.7209506495194696,25000.0,0.00041102196501381036,LQDB
2961,STARBUCKS CORPORATION,Consumer Cyclical,3.55,2029-08-15,4738000,0.00013621046370394132,0.6628185479837427,,,
2962,APPLIED MATERIALS INC,Technology,2.75,2050-06-01,7543000,0.0001361097163195449,0.7211336655309393,241000.0,0.00018023882925244727,QLTA
2963,CANADIAN NATURAL RESOURCES LTD,Energy,5.0,2029-12-15,4588000,0.00013560597939756287,0.6587840737390959,,,
2964,VIRGINIA ELECTRIC AND POWER COMPAN,Electric,2.45,2050-12-15,8412000,0.00013550523201316648,0.7348080130350627,333000.0,0.0002490436935313898,QLTA
2965,MICROSOFT CORPORATION,Technology,4.5,2057-02-06,5591000,0.00013550523201316648,0.6835788954637936,195000.0,0.000145836397112976,QLTA
2966,PFIZER INC,Consumer Non-Cyclical,3.9,2039-03-15,5351000,0.00013540448462877008,0.6780766769215661,248000.0,0.00018547398196932334,QLTA
2967,CONOCOPHILLIPS CO,Energy,3.76,2042-03-15,5760000,0.00013500149509118443,0.6873134458121761,359000.0,0.0002684885464797866,QLTA
2968,CANADIAN NATIONAL RAILWAY COMPANY,Transportation,4.38,2034-09-18,4774000,0.00013500149509118443,0.6637678105996788,283000.0,0.00021164974555370366,QLTA
2969,CONSOLIDATED EDISON COMPANY OF NEW,Electric,4.45,2044-03-15,5411000,0.00013490074770678803,0.679475028597834,298000.0,0.0002228679299470095,QLTA
2970,STEEL DYNAMICS INC,Basic Industry,5.25,2035-05-15,4631000,0.00013480000032239163,0.6599539540585563,35000.0,0.0005754307510193344,LQDB
2971,UNION PACIFIC CORPORATION,Transportation,3.8,2071-04-06,6859000,0.0001346992529379952,0.7092126351539507,305000.0,0.00022810308266388556,QLTA
2972,BOEING CO,Capital Goods,3.9,2049-05-01,6280000,0.0001345985055535988,0.6981527337498534,,,
2973,HEALTHPEAK OP LLC,Reits,5.25,2032-12-15,4584000,0.0001344977581692024,0.658674690792652,,,
2974,GLOBAL PAYMENTS INC,Technology,4.15,2049-08-15,6284000,0.0001341955160160132,0.6982325857360898,30000.0,0.0004932263580165724,LQDB
2975,LAM RESEARCH CORPORATION,Technology,4.88,2049-03-15,5133000,0.0001341955160160132,0.6728605790637163,262000.0,0.00019594428740307547,QLTA
2976,UNITED PARCEL SERVICE INC,Transportation,4.25,2049-03-15,5732000,0.00013399402124722036,0.6867023392906728,288000.0,0.00021538914035147227,QLTA
2977,SHELL FINANCE US INC,Energy,3.0,2051-11-26,7243000,0.00013389327386282397,0.7160440637623102,415000.0,0.0003103697682147951,QLTA
2978,FIFTH THIRD BANCORP,Banking,8.25,2038-03-01,3711000,0.00013379252647842757,0.6321797648755353,10000.0,0.00016440878600552412,LQDB
2979,PHILIP MORRIS INTERNATIONAL INC,Consumer Non-Cyclical,1.75,2030-11-01,5166000,0.00013379252647842757,0.673664242135454,252000.0,0.00018846549780753824,QLTA
2980,ANALOG DEVICES INC,Technology,2.95,2051-10-01,7303000,0.00013369177909403117,0.7170786430396139,355000.0,0.0002654970306415717,QLTA
2981,PACIFICORP,Electric,2.9,2052-06-15,7942000,0.00013359103170963474,0.7275978162294103,50000.0,0.0008220439300276207,LQDB
2982,TRAVELERS COMPANIES INC,Insurance,3.05,2051-06-08,7145000,0.0001327850526344635,0.7143356777468898,270000.0,0.00020192731907950524,QLTA
2983,HARTFORD INSURANCE GROUP INC,Insurance,3.6,2049-08-19,6322000,0.00013258355786567068,0.6989886544272009,280000.0,0.0002094061086750425,QLTA
2984,DANAHER CORPORATION,Consumer Non-Cyclical,2.8,2051-12-10,7515000,0.00013207982094368866,0.7206672801980644,385000.0,0.00028793339942818344,QLTA
2985,SUMITOMO MITSUI FINANCIAL GROUP IN,Banking,2.93,2041-09-17,6278000,0.00013187832617489584,0.6981127886817826,,,
2986,SUMISHO AIR LEASE CORP MTN,Finance Companies,2.88,2032-01-15,5087000,0.00013187832617489584,0.671731658162889,25000.0,0.00041102196501381036,LQDB
2987,CHARLES SCHWAB CORPORATION (THE),Brokerage/Asset Managers/Exchanges,1.95,2031-12-01,5176000,0.000131173094484121,0.6739067630776912,230000.0,0.00017201216069735633,QLTA
2988,HONEYWELL INTERNATIONAL INC,Capital Goods,2.7,2029-08-15,4699000,0.000131173094484121,0.6617820063052814,370000.0,0.00027671521503487757,QLTA
2989,ANALOG DEVICES INC,Technology,2.8,2041-10-01,6270000,0.0001310723470997246,0.6979528810539358,300000.0,0.00022436368786611695,QLTA
2990,PHILIP MORRIS INTERNATIONAL INC,Consumer Non-Cyclical,3.88,2042-08-21,5529000,0.0001310723470997246,0.6821804515681781,220000.0,0.0001645333711018191,QLTA
2991,SIMON PROPERTY GROUP LP,Reits,3.8,2050-07-15,6144000,0.00013097159971532817,0.6954070629927871,298000.0,0.0002228679299470095,QLTA
2992,MONDELEZ INTERNATIONAL INC,Consumer Non-Cyclical,2.63,2050-09-04,7530000,0.00013077010494653537,0.7209173451665593,35000.0,0.0005754307510193344,LQDB
2993,KLA CORP,Technology,5.25,2062-07-15,5025000,0.00013077010494653537,0.6701938090877859,360000.0,0.00026923642543934034,QLTA
2994,APPLIED MATERIALS INC,Technology,4.35,2047-04-01,5318000,0.00013066935756213897,0.6773008849968134,324000.0,0.0002423127828954063,QLTA
2995,RELX CAPITAL INC,Technology,5.25,2035-03-27,4425000,0.00013046786279334615,0.6542475913131758,370000.0,0.00027671521503487757,QLTA
2996,DANAHER CORPORATION,Consumer Non-Cyclical,2.6,2050-10-01,7586000,0.00013036711540894975,0.7218465399769832,330000.0,0.00024680005665272866,QLTA
2997,DUKE ENERGY CORP,Electric,3.3,2041-06-15,5967000,0.00013026636802455335,0.691741186485306,,,
2998,EVEREST REINSURANCE HOLDINGS INC,Insurance,3.13,2052-10-15,7324000,0.00013026636802455335,0.7174387387738806,35000.0,0.0005754307510193344,LQDB
2999,FLORIDA POWER & LIGHT CO,Electric,3.15,2049-10-01,6756000,0.00013026636802455335,0.7073151363562655,319000.0,0.0002385733880976377,QLTA
3000,LEIDOS INC,Technology,4.38,2030-05-15,4523000,0.00013006487325576053,0.6569946700709934,26000.0,0.00042746284361436276,LQDB
3001,STATE STREET BANK AND TRUST COMPAN,Banking,4.78,2029-11-23,4374000,0.00012946038894938208,0.6527938224369549,270000.0,0.00020192731907950524,QLTA
3002,CHARLES SCHWAB CORPORATION (THE),Brokerage/Asset Managers/Exchanges,2.3,2031-05-13,4922000,0.00012875515725860724,0.6675965559797243,767000.0,0.0005736231619777057,QLTA
3003,MYLAN INC,Consumer Non-Cyclical,5.2,2048-04-15,5345000,0.00012875515725860724,0.6779359803397023,40000.0,0.0006576351440220965,LQDB
3004,GLOBAL PAYMENTS INC,Technology,2.9,2031-11-15,4989000,0.00012855366248981445,0.6692921332550835,20000.0,0.00032881757201104825,LQDB
3005,BURLINGTON NORTHERN SANTA FE LLC,Transportation,4.13,2047-06-15,5526000,0.000127949178183436,0.6821123877726687,290000.0,0.00021688489827057972,QLTA
3006,BURLINGTON NORTHERN SANTA FE LLC,Transportation,4.05,2048-06-15,5636000,0.0001278484307990396,0.6845842164806596,308000.0,0.00023034671954254673,QLTA
3007,KROGER CO,Consumer Non-Cyclical,3.95,2050-01-15,5962000,0.00012774768341464318,0.6916360581866294,55000.0,0.0009042483230303828,LQDB
3008,TARGET CORPORATION,Consumer Cyclical,2.35,2030-02-15,4622000,0.0001262364726486971,0.6597099968085278,205000.0,0.00015331518670851324,QLTA
3009,BANK OF MONTREAL MTN,Banking,4.64,2030-09-10,4277000,0.0001262364726486971,0.6499814212774796,160000.0,0.0001196606335285957,QLTA
3010,NORFOLK SOUTHERN CORPORATION,Transportation,3.15,2055-05-15,6946000,0.0001261357252643007,0.7107933088861077,40000.0,0.0006576351440220965,LQDB
3011,KIMBERLY-CLARK CORPORATION,Consumer Non-Cyclical,3.1,2030-03-26,4516000,0.0001261357252643007,0.6568004333287601,330000.0,0.00024680005665272866,QLTA
3012,SCHLUMBERGER INVESTMENT SA,Energy,5.15,2036-05-07,4345000,0.00012603497787990427,0.6519595909710942,,,
3013,TAKEDA PHARMACEUTICAL CO LTD,Consumer Non-Cyclical,3.38,2060-07-09,6955000,0.00012603497787990427,0.7109556954797381,,,
3014,CONOCOPHILLIPS CO,Energy,4.3,2044-11-15,5228000,0.00012583348311111145,0.6751603667666503,283000.0,0.00021164974555370366,QLTA
3015,NETFLIX INC,Communications,5.4,2054-08-15,4552000,0.00012563198834231865,0.6577961755352028,580000.0,0.00043376979654115945,QLTA
3016,DOLLAR TREE INC,Consumer Cyclical,2.65,2031-12-01,4815000,0.00012512825142033663,0.6648402353529945,10000.0,0.00016440878600552412,LQDB
3017,FIRSTENERGY CORPORATION,Electric,3.4,2050-03-01,6333000,0.000124725261882751,0.6992066683804277,40000.0,0.0006576351440220965,LQDB
3018,FISERV INC,Technology,3.5,2029-07-01,4436000,0.00012452376711395818,0.6545589520287256,60000.0,0.0009864527160331447,LQDB
3019,BURLINGTON NORTHERN SANTA FE LLC,Transportation,3.9,2046-08-01,5405000,0.00012371778803878692,0.6793358929990789,308000.0,0.00023034671954254673,QLTA
3020,CHEVRON CORP,Energy,3.08,2050-05-11,6459000,0.00012361704065439052,0.7016772532940317,472000.0,0.0003529988689093573,QLTA
3021,ENBRIDGE INC,Energy,3.4,2051-08-01,6265000,0.0001231133037324085,0.697852835145042,,,
3022,JACKSON FINANCIAL INC,Insurance,6.15,2037-01-15,4290000,0.0001231133037324085,0.6503620210844729,,,
3023,BERKSHIRE HATHAWAY FINANCE CORP,Insurance,2.5,2051-01-15,7400000,0.00012281106157921928,0.7187333676377289,290000.0,0.00021688489827057972,QLTA
3024,PPL ELECTRIC UTILITIES CORPORATION,Electric,5.25,2053-05-15,4582000,0.00012260956681042645,0.6586199635213722,285000.0,0.0002131455034728111,QLTA
3025,BP CAPITAL MARKETS AMERICA INC,Energy,4.97,2029-10-17,4088000,0.00012200508250404802,0.6443135050596996,200000.0,0.00014957579191074462,QLTA
3026,VALERO ENERGY CORPORATION,Energy,3.65,2051-12-01,6092000,0.00012180358773525521,0.694341153978964,35000.0,0.0005754307510193344,LQDB
3027,AIR PRODUCTS AND CHEMICALS INC,Basic Industry,2.8,2050-05-15,6706000,0.00012170284035085881,0.7063835651423549,353000.0,0.0002640012727224643,QLTA
3028,DEVON ENERGY CORPORATION 144A,Energy,5.9,2055-02-15,4259000,0.00012160209296646241,0.6494525227140898,25000.0,0.00041102196501381036,LQDB
3029,FIFTH THIRD BANCORP,Banking,4.77,2030-07-28,4087000,0.00012150134558206599,0.6442828243157797,85000.0,0.001397474681046955,LQDB
3030,SUNCOR ENERGY INC,Energy,4.0,2047-11-15,5534000,0.00012140059819766959,0.6822938092005436,,,
3031,AUTOZONE INC,Consumer Cyclical,4.95,2031-07-15,4165000,0.00012140059819766959,0.646653662770799,,,
3032,FAIRFAX FINANCIAL HOLDINGS LTD,Insurance,6.0,2033-12-07,3953000,0.0001200908822005163,0.6401021858527025,,,
3033,METLIFE INC,Insurance,4.13,2042-08-13,4897000,0.00011968789266293068,0.6669579583061573,235000.0,0.00017575155549512495,QLTA
3034,INTERNATIONAL BUSINESS MACHINES CO,Technology,2.95,2050-05-15,6921000,0.00011928490312534505,0.710341128616346,255000.0,0.0001907091346861994,QLTA
3035,ELI LILLY AND COMPANY,Consumer Non-Cyclical,4.2,2029-08-14,4033000,0.00011898266097215583,0.6426148176647871,445000.0,0.0003328061370014068,QLTA
3036,JOHNSON & JOHNSON,Consumer Non-Cyclical,2.25,2050-09-01,7185000,0.00011888191358775943,0.7150357914432361,80000.0,5.983031676429785e-05,QLTA
3037,HASBRO INC,Consumer Non-Cyclical,3.9,2029-11-19,4169000,0.00011868041881896662,0.6467740443880557,,,
3038,INTEL CORPORATION,Technology,3.1,2060-02-15,7240000,0.00011787443974379538,0.7159921100751152,10000.0,0.00016440878600552412,LQDB
3039,SUMITOMO MITSUI FINANCIAL(FXD-FRN),Banking,5.3,2037-07-07,4108000,0.00011767294497500255,0.6449255489302097,200000.0,0.00014957579191074462,QLTA
3040,SYNCHRONY FINANCIAL,Banking,2.88,2031-10-28,4559000,0.00011747145020620974,0.6579888773140986,27000.0,0.00044390372221491515,LQDB
3041,CHENIERE ENERGY PARTNERS LP 144A,Energy,6.05,2056-11-30,4048000,0.00011656472374664209,0.6430803826351307,,,
3042,PEPSICO INC,Consumer Non-Cyclical,2.63,2041-10-21,5633000,0.00011646397636224569,0.6845174452268963,230000.0,0.00017201216069735633,QLTA
3043,CHARLES SCHWAB CORPORATION (THE),Brokerage/Asset Managers/Exchanges,5.49,2037-05-21,3950000,0.00011636322897784927,0.6400069757708314,300000.0,0.00022436368786611695,QLTA
3044,HA SUSTAINABLE INFRASTRUCTURE CAPI 144A,Financial Other,5.95,2033-07-15,3986000,0.00011636322897784927,0.6411447535967434,,,
3045,WALT DISNEY CO,Communications,2.0,2029-09-01,4250000,0.00011606098682466006,0.6491872345998061,848000.0,0.0006342013577015572,QLTA
3046,AES CORPORATION (THE),Electric,2.45,2031-01-15,4483000,0.00011596023944026364,0.655880671716244,45000.0,0.0007398395370248586,LQDB
3047,UNION PACIFIC CORPORATION,Transportation,2.97,2062-09-16,6858000,0.00011434828128992115,0.709194350173216,294000.0,0.0002198764141087946,QLTA
3048,INTEL CORPORATION,Technology,3.05,2051-08-12,6390000,0.00011434828128992115,0.7003303463829738,65000.0,0.0010686571090359068,LQDB
3049,HA SUSTAINABLE INFRASTRUCTURE CAPI,Financial Other,6.38,2034-07-01,3858000,0.00011424753390552474,0.6370515383552507,25000.0,0.00041102196501381036,LQDB
3050,UNITEDHEALTH GROUP INC,Insurance,2.88,2029-08-15,4032000,0.00011334080744595708,0.6425837184606232,260000.0,0.00019444852948396802,QLTA
3051,SUNCOR ENERGY INC,Energy,3.75,2051-03-04,5419000,0.00011303856529276787,0.679660302929073,30000.0,0.0004932263580165724,LQDB
3052,NISOURCE INC,Natural Gas,5.3,2036-05-18,3891000,0.00011283707052397505,0.6381196694284608,,,
3053,EQUINOR ASA,Owned No Guarantee,4.75,2035-11-14,3975000,0.00011263557575518224,0.6407981931597324,,,
3054,CADENCE DESIGN SYSTEMS INC,Technology,4.3,2029-09-10,3803000,0.00011152735452682176,0.6352508509222541,350000.0,0.0002617576358438031,QLTA
3055,GENERAL DYNAMICS CORPORATION,Capital Goods,4.25,2050-04-01,4626000,0.00011152735452682176,0.6598184808465622,257000.0,0.00019220489260530685,QLTA
3056,ASCENSION HEALTH ALLIANCE,Consumer Non-Cyclical,3.94,2046-11-15,4833000,0.00011112436498923614,0.6653081744785577,587000.0,0.0004390049492580355,QLTA
3057,EXTRA SPACE STORAGE LP,Reits,4.95,2033-01-15,3865000,0.00011082212283604692,0.6372788730752885,25000.0,0.00041102196501381036,LQDB
3058,MASSACHUSETTS INSTITUTE OF TECHNOL,Industrial Other,5.6,2111-07-01,3956000,0.00011072137545165052,0.6401973237053983,418000.0,0.0003126134050934563,QLTA
3059,SBA COMMUNICATIONS CORP,Communications,5.45,2033-07-15,3792000,0.00011021763852966849,0.6348875898541375,,,
3060,ELI LILLY AND COMPANY,Consumer Non-Cyclical,2.5,2060-09-15,7147000,0.00011001614376087567,0.7143707764149463,363000.0,0.0002714800623180015,QLTA
3061,EMERSON ELECTRIC CO,Capital Goods,2.8,2051-12-21,6179000,0.00010971390160768646,0.6961194342834962,363000.0,0.0002714800623180015,QLTA
3062,BRISTOL-MYERS SQUIBB CO,Consumer Non-Cyclical,3.4,2029-07-26,3819000,0.00010971390160768646,0.6357773593425284,388000.0,0.0002901770363068446,QLTA
3063,PROCTER & GAMBLE CO,Consumer Non-Cyclical,4.55,2034-01-29,3698000,0.0001088071751481188,0.6317396785764435,234000.0,0.0001750036765355712,QLTA
3064,BAXTER INTERNATIONAL INC,Consumer Non-Cyclical,3.13,2051-12-01,6410000,0.00010860568037932598,0.7007222452648625,30000.0,0.0004932263580165724,LQDB
3065,NATIONAL AUSTRALIA BANK LTD (NEW Y MTN,Banking,4.53,2030-06-13,3692000,0.00010820269084174036,0.6315360397655585,250000.0,0.0001869697398884308,QLTA
3066,NATIONAL AUSTRALIA BANK LTD (NEW Y MTN,Banking,4.9,2030-01-14,3631000,0.00010749745915096553,0.6294467220292785,250000.0,0.0001869697398884308,QLTA
3067,APPLE INC,Technology,3.25,2029-08-08,3728000,0.00010689297484458707,0.6327529418868985,295000.0,0.00022062429306834834,QLTA
3068,CENOVUS ENERGY INC,Energy,3.75,2052-02-15,5142000,0.00010628849053820864,0.6730802711610347,30000.0,0.0004932263580165724,LQDB
3069,TOYOTA MOTOR CREDIT CORP MTN,Consumer Cyclical,4.55,2029-08-09,3563000,0.00010588550100062302,0.6270758666728552,350000.0,0.0002617576358438031,QLTA
3070,ELEVANCE HEALTH INC,Insurance,2.88,2029-09-15,3774000,0.00010518026930984816,0.6342908835412993,,,
3071,UNION PACIFIC CORPORATION,Transportation,3.75,2070-02-05,5321000,0.00010437429023467692,0.6773716101834688,281000.0,0.0002101539876345962,QLTA
3072,EQUINOR ASA,Owned No Guarantee,3.13,2030-04-06,3707000,0.00010356831115950567,0.6320445181219065,,,
3073,LEIDOS INC,Technology,5.75,2033-03-15,3409000,0.00010336681639071286,0.6215348732789089,,,
3074,SHELL FINANCE US INC,Energy,3.13,2049-11-07,5289000,0.00010225859516235238,0.67661514393411,427000.0,0.00031934431572943977,QLTA
3075,STANLEY BLACK & DECKER INC,Capital Goods,2.75,2050-11-15,6062000,0.00010205710039355958,0.6937220600436255,,,
3076,FAIRFAX FINANCIAL HOLDINGS LTD,Insurance,5.63,2032-08-16,3343000,0.00010165411085597395,0.6190831074971069,,,
3077,DUKE ENERGY CAROLINAS LLC,Electric,3.2,2049-08-15,5206000,0.00010125112131838833,0.6746315245255544,285000.0,0.0002131455034728111,QLTA
3078,NORFOLK SOUTHERN CORPORATION,Transportation,3.05,2050-05-15,5399000,0.00010054588962761347,0.6791966028624188,60000.0,0.0009864527160331447,LQDB
3079,INTEL CORPORATION,Technology,3.2,2061-08-12,6035000,0.00010024364747442426,0.693162250304581,40000.0,0.0006576351440220965,LQDB
3080,WASTE CONNECTIONS INC,Capital Goods,2.95,2052-01-15,5514000,0.00010004215270563145,0.6818397625780253,270000.0,0.00020192731907950524,QLTA
3081,BROOKFIELD FINANCE INC,Brokerage/Asset Managers/Exchanges,3.5,2051-03-30,5051000,9.92361736304602e-05,0.6708410110093128,315000.0,0.0002355818722594228,QLTA
3082,ADOBE INC,Technology,4.95,2034-04-04,3350000,9.76242154801177e-05,0.6193454272643591,260000.0,0.00019444852948396802,QLTA
3083,REGENERON PHARMACEUTICALS INC.,Consumer Non-Cyclical,2.8,2050-09-15,5609000,9.76242154801177e-05,0.6839819914756066,25000.0,0.00041102196501381036,LQDB
3084,TOTALENERGIES CAPITAL INTERNATIONA,Energy,3.39,2060-06-29,5284000,9.752346809572129e-05,0.6764965328024579,256000.0,0.00019145701364575314,QLTA
3085,EBAY INC,Consumer Cyclical,4.0,2042-07-15,4274000,9.691898378934286e-05,0.6498934262743505,,,
3086,AERCAP IRELAND CAPITAL DAC,Finance Companies,4.63,2029-09-10,3280000,9.661674163615364e-05,0.6166972058401529,,,
3087,NATIONAL BANK OF CANADA MTN,Banking,4.5,2029-10-10,3245000,9.510553087020755e-05,0.6153518246900115,429000.0,0.00032084007364854725,QLTA
3088,CONSOLIDATED EDISON COMPANY OF NEW,Electric,3.6,2061-06-15,4881000,9.389656225745066e-05,0.666547542590628,400000.0,0.00029915158382148925,QLTA
3089,HOME DEPOT INC,Consumer Cyclical,3.5,2056-09-15,4653000,9.218385672271176e-05,0.6605483037025512,323000.0,0.00024156490393585257,QLTA
3090,OTIS WORLDWIDE CORP,Capital Goods,3.36,2050-02-15,4543000,9.198236195391895e-05,0.657547980212557,25000.0,0.00041102196501381036,LQDB
3091,CONNECTICUT LIGHT AND POWER COMPAN,Electric,4.0,2048-04-01,3984000,9.097488810995488e-05,0.6410818138011198,275000.0,0.00020566671387727386,QLTA
3092,FAIRFAX FINANCIAL HOLDINGS LTD 144A,Insurance,6.2,2056-06-08,3200000,9.057189857236926e-05,0.6136005660353828,,,
3093,OMNICOM GROUP INC,Communications,2.6,2031-08-01,3390000,8.95644247284052e-05,0.6208339615373529,52000.0,0.0008549256872287255,LQDB
3094,EXPAND ENERGY CORP,Energy,5.38,2030-03-15,2994000,8.95644247284052e-05,0.6052558826244743,25000.0,0.00041102196501381036,LQDB
3095,PUBLIC SERVICE COMPANY OF COLORADO,Electric,1.88,2031-06-15,3505000,8.906068780642318e-05,0.6250176322075981,295000.0,0.00022062429306834834,QLTA
3096,PARKER HANNIFIN CORPORATION,Capital Goods,4.0,2049-06-14,3883000,8.825470873125192e-05,0.6378615627458453,300000.0,0.00022436368786611695,QLTA
3097,INTEL CORPORATION,Technology,4.0,2029-08-05,2997000,8.724723488728784e-05,0.6053814785690205,,,
3098,CONSTELLATION BRANDS INC,Consumer Non-Cyclical,3.15,2029-08-01,3057000,8.654200319651301e-05,0.6078673387553419,20000.0,0.00032881757201104825,LQDB
3099,SAN DIEGO GAS & ELECTRIC CO,Electric,2.95,2051-08-15,4709000,8.634050842772019e-05,0.6620486040675609,290000.0,0.00021688489827057972,QLTA
3100,LAM RESEARCH CORPORATION,Technology,2.88,2050-06-15,4647000,8.452705550858488e-05,0.6603864874992651,176000.0,0.00013162669688145527,QLTA
3101,ARCHER DANIELS MIDLAND CO,Consumer Non-Cyclical,2.7,2051-09-15,4547000,7.959043367316098e-05,0.657658349891978,205000.0,0.00015331518670851324,QLTA
3102,AUSTRALIA AND NEW ZEALAND BANKING MTN,Banking,4.62,2029-12-16,2673000,7.868370721359332e-05,0.5910335578604243,,,
3103,AMGEN INC,Consumer Non-Cyclical,4.05,2029-08-18,2641000,7.707174906325082e-05,0.5895231740466085,,,
3104,COMMONSPIRIT HEALTH,Consumer Non-Cyclical,3.35,2029-10-01,2660000,7.495605399092629e-05,0.5904221566786935,400000.0,0.00029915158382148925,QLTA
3105,COMMONSPIRIT HEALTH,Consumer Non-Cyclical,5.21,2031-12-01,2500000,7.384783276256581e-05,0.5826424509014054,305000.0,0.00022810308266388556,QLTA
3106,GOLDMAN SACHS PRIVATE CREDIT CORP,Finance Companies,5.88,2031-01-31,2469000,7.384783276256581e-05,0.5810776756215609,10000.0,0.00016440878600552412,LQDB
3107,COMMONSPIRIT HEALTH,Consumer Non-Cyclical,4.19,2049-10-01,3259000,7.344484322498018e-05,0.6158917103830216,385000.0,0.00028793339942818344,QLTA
3108,EQUINOR ASA,Owned No Guarantee,3.25,2049-11-18,3712000,7.324334845618738e-05,0.6322135537859234,,,
3109,XILINX INC,Technology,2.38,2030-06-01,2712000,7.294110630299816e-05,0.5928500776672924,283000.0,0.00021164974555370366,QLTA
3110,TAPESTRY INC,Consumer Cyclical,5.5,2035-03-11,2402000,7.102690599946644e-05,0.5776275277480589,,,
3111,EQUINOR ASA,Owned No Guarantee,5.1,2040-08-17,2411000,6.88104635427455e-05,0.5780965363401431,,,
3112,BECTON DICKINSON AND COMPANY,Consumer Non-Cyclical,4.67,2047-06-06,2695000,6.740000016119582e-05,0.5920614942726607,,,
3113,EQUINOR ASA,Owned No Guarantee,3.95,2043-05-15,2649000,6.286636786335752e-05,0.5899024788050219,,,
3114,PEPSICO INC,Consumer Non-Cyclical,4.5,2029-07-17,2116000,6.185889401939346e-05,0.5617290859602548,260000.0,0.00019444852948396802,QLTA
3115,FORD MOTOR CREDIT COMPANY LLC,Consumer Cyclical,5.3,2029-09-06,2018000,5.984394633146534e-05,0.5557821861570975,,,
3116,DIGITAL REALTY TRUST LP,Reits,3.6,2029-07-01,2021000,5.712376695276237e-05,0.5559684811259652,10000.0,0.00016440878600552412,LQDB
3117,CENTERPOINT ENERGY HOUSTON ELECTRI,Electric,4.85,2036-04-01,1975000,5.672077741517674e-05,0.5530810928967331,170000.0,0.00012713942312413294,QLTA
3118,EQUINOR ASA,Owned No Guarantee,3.7,2050-04-06,2609000,5.6620030030780336e-05,0.5879943774815689,,,
3119,EQUINOR ASA,Owned No Guarantee,4.8,2043-11-08,2104000,5.60155457244019e-05,0.5610158658000627,,,
3120,META PLATFORMS INC,Communications,4.3,2029-08-15,1831000,5.420209280526659e-05,0.5435869730256838,580000.0,0.00043376979654115945,QLTA
3121,SUTTER HEALTH,Consumer Non-Cyclical,5.54,2035-08-15,1750000,5.3194618961302527e-05,0.5379127235498525,,,
3122,CITIBANK NA,Banking,4.84,2029-08-06,1730000,5.1884902964149246e-05,0.5364712417005508,380000.0,0.0002841940046304148,QLTA
3123,BROADRIDGE FINANCIAL SOLUTIONS INC,Technology,2.9,2029-12-01,1867000,5.11796712733744e-05,0.5460287329348168,,,
3124,GLOBAL PAYMENTS INC,Technology,3.2,2029-08-15,1677000,4.694828112872533e-05,0.5325691954105818,45000.0,0.0007398395370248586,LQDB
3125,NISOURCE INC,Natural Gas,2.95,2029-09-01,1575000,4.412735436562596e-05,0.5246997204525476,,,
3126,PUBLIC SERVICE COMPANY OF NEW HAMP,Electric,5.35,2033-10-01,1468000,4.402660698122955e-05,0.5158767554729478,280000.0,0.0002094061086750425,QLTA
3127,CONSUMERS ENERGY COMPANY,Electric,5.13,2036-05-01,1500000,4.362361744364392e-05,0.5185810659806734,200000.0,0.00014957579191074462,QLTA
3128,AFLAC INCORPORATED,Insurance,3.6,2030-04-01,1475000,4.191091190890501e-05,0.5164733266156504,449000.0,0.0003357976528396217,QLTA
3129,PROVIDENCE ST. JOSEPH HEALTH,Consumer Non-Cyclical,2.7,2051-10-01,2422000,4.100418544933736e-05,0.5786673972230963,270000.0,0.00020192731907950524,QLTA
3130,EQUINOR ASA,Owned No Guarantee,2.38,2030-05-22,1449000,3.8989237761409237e-05,0.5142430379819724,,,
3131,NOMURA HOLDINGS INC,Brokerage/Asset Managers/Exchanges,6.18,2033-01-18,1160000,3.5463079307535015e-05,0.48634567190778716,,,
3132,TAPESTRY INC,Consumer Cyclical,5.1,2030-03-11,950000,2.8310015015390168e-05,0.46130011828204953,,,
3133,APTIV SWISS HOLDINGS LTD,Consumer Cyclical,4.15,2052-05-01,1287000,2.7604783324615325e-05,0.49937475328964265,36000.0,0.0005918716296198869,LQDB
3134,GE HEALTHCARE TECHNOLOGIES INC,Consumer Non-Cyclical,4.8,2029-08-14,846000,2.5287593483497983e-05,0.44676003888403143,,,
3135,FEDEX CORP,Transportation,4.55,2046-04-01,1000000,2.5186846099101574e-05,0.4677326841572464,,,
3136,BELL TELEPHONE COMPANY OF CANADA O,Communications,4.46,2048-04-01,1000000,2.39778774863447e-05,0.4677326841572464,,,
3137,FISERV INC,Technology,4.4,2049-07-01,1000000,2.23659193360022e-05,0.4677326841572464,,,
3138,AMERICAN TOWER CORPORATION,Communications,3.8,2029-08-15,712000,2.0552466416866886e-05,0.42513458104654306,150000.0,0.002466131790082862,LQDB
3139,PEPSICO INC,Consumer Non-Cyclical,2.63,2029-07-29,422000,1.1787443974379537e-05,0.3595373332911347,133000.0,9.946790162064518e-05,QLTA
3140,SUMITOMO MITSUI FINANCIAL GROUP IN,Banking,5.32,2029-07-09,343000,1.0175485824037036e-05,0.33354350210258826,260000.0,0.00019444852948396802,QLTA
3141,3M CO,Capital Goods,2.38,2029-08-26,352000,9.671748902055005e-06,0.3367916487432898,325000.0,0.00024306066185496002,QLTA
3142,GENERAL MOTORS FINANCIAL COMPANY I,Consumer Cyclical,5.55,2029-07-15,24000,7.05231690774844e-07,0.0,,,
